{"type":"FeatureCollection","name":"Afton OpenStreetMap extract","features":[{"type":"Feature","id":"way/18277889","properties":{"access":"private","highway":"service","service":"driveway","osm_type":"way","osm_id":18277889},"geometry":{"type":"LineString","coordinates":[[-92.7927695,44.902429],[-92.7927165,44.9023416],[-92.7926888,44.9023037],[-92.7926648,44.9022777],[-92.7926226,44.9022413],[-92.7925914,44.902221],[-92.7924986,44.9021744],[-92.7923098,44.9020878],[-92.7922474,44.9020631],[-92.7921828,44.9020413]]}},{"type":"Feature","id":"way/18277894","properties":{"access":"private","highway":"service","service":"driveway","osm_type":"way","osm_id":18277894},"geometry":{"type":"LineString","coordinates":[[-92.7807645,44.907067],[-92.7807465,44.9070793],[-92.7807344,44.9070906],[-92.7807234,44.9071048],[-92.7807064,44.9071356],[-92.7806979,44.9071646],[-92.7806772,44.9072688],[-92.7806633,44.9073014],[-92.7806433,44.9073337],[-92.780628,44.9073506],[-92.7805946,44.9073737],[-92.7805496,44.9073984],[-92.7804918,44.9074266],[-92.7804686,44.9074403],[-92.7804475,44.9074586],[-92.780438,44.9074694],[-92.7804213,44.9074942],[-92.7804143,44.9075081],[-92.7804033,44.9075392],[-92.7803533,44.9077677],[-92.7803242,44.9078868]]}},{"type":"Feature","id":"way/18277907","properties":{"access":"private","highway":"service","service":"driveway","osm_type":"way","osm_id":18277907},"geometry":{"type":"LineString","coordinates":[[-92.7979138,44.9077817],[-92.7978265,44.907764],[-92.7977052,44.9077408],[-92.7976045,44.9077255],[-92.797546,44.9077203],[-92.7975219,44.9077201],[-92.7975002,44.9077219],[-92.7974793,44.9077258],[-92.7974591,44.9077312],[-92.7974218,44.907746],[-92.7973895,44.9077637],[-92.7973529,44.9077904],[-92.7973356,44.9078067],[-92.7973149,44.9078313],[-92.7972947,44.9078634],[-92.7972838,44.9078865],[-92.79728,44.9079017],[-92.7972797,44.9079169],[-92.7972835,44.9079323],[-92.7972919,44.9079481],[-92.7973136,44.9079763],[-92.7973414,44.9080079],[-92.7973678,44.9080352],[-92.7973905,44.9080554],[-92.7974206,44.9080782],[-92.7974558,44.9081018],[-92.7975243,44.9081409],[-92.7975603,44.9081588],[-92.7976005,44.9081762],[-92.797666,44.9081984]]}},{"type":"Feature","id":"way/18278266","properties":{"access":"private","highway":"service","service":"driveway","osm_type":"way","osm_id":18278266},"geometry":{"type":"LineString","coordinates":[[-92.8007403,44.8988155],[-92.8006741,44.898777],[-92.8006456,44.8987584],[-92.8006002,44.8987223],[-92.8005396,44.8986677],[-92.8004841,44.8986143],[-92.8004368,44.8985607],[-92.8004186,44.898534],[-92.8004051,44.8985068],[-92.8003959,44.8984752],[-92.8003906,44.8984406],[-92.80039,44.8983871],[-92.8003945,44.8983536],[-92.8004041,44.8983252],[-92.8004184,44.8983037],[-92.8004265,44.8982953],[-92.8004428,44.898283],[-92.8004629,44.8982747]]}},{"type":"Feature","id":"way/18279551","properties":{"highway":"service","service":"driveway","surface":"unpaved","osm_type":"way","osm_id":18279551},"geometry":{"type":"LineString","coordinates":[[-92.7886239,44.9029474],[-92.7886306,44.902985],[-92.7886381,44.9030447],[-92.7886424,44.9031057],[-92.7886446,44.9032575],[-92.788654,44.9034121],[-92.7886604,44.9035844],[-92.7886624,44.9036998],[-92.7886561,44.9039308],[-92.7886558,44.9040821],[-92.7886592,44.9041622],[-92.7886707,44.9042818],[-92.7886687,44.9043083],[-92.7886592,44.9043315],[-92.7886485,44.904344],[-92.788634,44.9043536],[-92.7886162,44.9043617],[-92.7885963,44.9043685],[-92.7885653,44.9043762],[-92.7885458,44.9043795],[-92.7884615,44.9043874],[-92.7884101,44.90439],[-92.7883617,44.9043907],[-92.7883173,44.9043899],[-92.7882714,44.9043852],[-92.7882495,44.9043782],[-92.7882293,44.9043681],[-92.788217,44.90436],[-92.7881969,44.904341],[-92.7881906,44.904329],[-92.7881846,44.9043017],[-92.7881837,44.9042821],[-92.7881967,44.9039332],[-92.7881959,44.9039017],[-92.7881881,44.9038232],[-92.7881793,44.9037783],[-92.7881717,44.9037511],[-92.7881625,44.9037257],[-92.7881511,44.9037021],[-92.7881282,44.9036701],[-92.7881186,44.9036603],[-92.7880802,44.9036292],[-92.7879397,44.903525]]}},{"type":"Feature","id":"way/18279552","properties":{"highway":"service","service":"driveway","osm_type":"way","osm_id":18279552},"geometry":{"type":"LineString","coordinates":[[-92.7786125,44.9053112],[-92.7784419,44.9053869],[-92.7782121,44.9051548],[-92.7780311,44.9049773],[-92.7779447,44.9049003],[-92.7777028,44.9046956],[-92.7779038,44.9045776],[-92.7782049,44.9048402],[-92.7782229,44.9048586],[-92.7782387,44.9048801],[-92.7782524,44.9049036],[-92.7782645,44.9049282],[-92.7783019,44.9050167],[-92.7783101,44.9050315],[-92.7783184,44.9050413],[-92.7784259,44.9051363],[-92.7786125,44.9053112],[-92.778844,44.905541],[-92.7789144,44.9056023],[-92.7789562,44.9056315],[-92.7790415,44.9056798],[-92.7791086,44.9057127],[-92.779184,44.9057448],[-92.7792413,44.9057648],[-92.7793039,44.9057812],[-92.7793702,44.9057948],[-92.7794384,44.9058054],[-92.7795401,44.9058159],[-92.7796058,44.9058193],[-92.7796729,44.905819],[-92.7797053,44.9058168],[-92.7797391,44.9058132],[-92.7797709,44.9058076],[-92.7798013,44.9057997],[-92.7798298,44.9057894],[-92.779856,44.9057764],[-92.7798795,44.9057603],[-92.7800406,44.905636],[-92.7801658,44.9055409],[-92.7801973,44.9055146],[-92.7802252,44.9054864],[-92.7802496,44.905457],[-92.7802709,44.9054267],[-92.780289,44.9053961],[-92.7803167,44.905336],[-92.7803342,44.9052807],[-92.780445,44.9047332],[-92.7805089,44.9043771],[-92.7805313,44.9042882],[-92.7805703,44.9041565],[-92.7805741,44.9041317],[-92.7805751,44.9041088],[-92.7805734,44.9040877],[-92.7805639,44.904051],[-92.7805486,44.9040213],[-92.7805396,44.9040091],[-92.7805128,44.9039811],[-92.7804505,44.9039189],[-92.7804284,44.9038908],[-92.7804145,44.9038609],[-92.7804074,44.9038289],[-92.7804056,44.9037945],[-92.7804075,44.9037577],[-92.7804164,44.9036753],[-92.7804318,44.9035775],[-92.7804626,44.9034215],[-92.780493,44.9032676],[-92.78056,44.9029283],[-92.7806354,44.9025155],[-92.7806824,44.9022621],[-92.7807071,44.9021275]]}},{"type":"Feature","id":"way/18280217","properties":{"access":"private","highway":"service","service":"driveway","osm_type":"way","osm_id":18280217},"geometry":{"type":"LineString","coordinates":[[-92.795919,44.901696],[-92.7959402,44.9017733],[-92.7959471,44.9018142],[-92.7959495,44.9018491],[-92.7959525,44.9020736],[-92.7959524,44.9025807],[-92.7959609,44.9028649],[-92.7959581,44.9029757],[-92.7959508,44.9031294],[-92.7959528,44.9031691],[-92.7959575,44.90321],[-92.795974,44.9033071],[-92.7959768,44.903346],[-92.7959777,44.9034202],[-92.7959759,44.9034699],[-92.795972,44.9035118]]}},{"type":"Feature","id":"way/18280236","properties":{"access":"private","highway":"service","service":"driveway","osm_type":"way","osm_id":18280236},"geometry":{"type":"LineString","coordinates":[[-92.7976244,44.9015209],[-92.7977164,44.9016083],[-92.7977849,44.9016753],[-92.7978319,44.9017261],[-92.7978492,44.9017522],[-92.7978696,44.9017963],[-92.7978893,44.9018584],[-92.7978974,44.9018968],[-92.7979009,44.9019228],[-92.7979029,44.9019626],[-92.7979045,44.9021745],[-92.7979115,44.9022217],[-92.7979272,44.9022653],[-92.7979776,44.9023754],[-92.7980009,44.9024118],[-92.7980778,44.9025216],[-92.7980904,44.9025455],[-92.7981001,44.9025738],[-92.7981071,44.9026041],[-92.7981142,44.90266]]}},{"type":"Feature","id":"way/18281385","properties":{"access":"private","highway":"service","service":"driveway","osm_type":"way","osm_id":18281385},"geometry":{"type":"LineString","coordinates":[[-92.7972331,44.9095014],[-92.7971044,44.9095043],[-92.7969191,44.9095041],[-92.7966745,44.9094997],[-92.7965824,44.9095017],[-92.7964882,44.9095079],[-92.7964309,44.9095143],[-92.7963714,44.9095235],[-92.7962684,44.909542],[-92.796135,44.9095696],[-92.7960079,44.9096015],[-92.7958526,44.9096449],[-92.7957345,44.9096806],[-92.7956178,44.9097138],[-92.7946673,44.9099679],[-92.7946382,44.9099764],[-92.7945939,44.9099924],[-92.7945252,44.910022],[-92.7944233,44.9100719],[-92.7944097,44.9100768],[-92.7943949,44.9100801],[-92.7943792,44.9100817],[-92.7943629,44.9100818],[-92.7943299,44.9100776],[-92.7943138,44.9100734],[-92.7942841,44.9100612],[-92.794271,44.9100533],[-92.7942513,44.9100353],[-92.7942401,44.9100156],[-92.7942364,44.909996],[-92.7942368,44.9099867],[-92.7942416,44.9099701],[-92.794251,44.9099567],[-92.7942583,44.9099505],[-92.7942673,44.9099446],[-92.7942896,44.9099347],[-92.7943167,44.9099289],[-92.7943315,44.909928],[-92.794347,44.9099287],[-92.7943629,44.9099313],[-92.7944155,44.9099436],[-92.7945466,44.9099766],[-92.7945939,44.9099924]]}},{"type":"Feature","id":"way/18281688","properties":{"access":"private","highway":"service","service":"driveway","osm_type":"way","osm_id":18281688},"geometry":{"type":"LineString","coordinates":[[-92.8023878,44.8975964],[-92.8022935,44.8975109],[-92.8020593,44.8972824],[-92.8020205,44.8972501],[-92.8019816,44.8972219],[-92.8019443,44.8971977],[-92.8019101,44.8971778],[-92.8018787,44.8971615],[-92.8018217,44.8971378],[-92.8017104,44.8971006],[-92.8015979,44.8970695],[-92.8015269,44.8970531],[-92.8014513,44.8970378],[-92.8011653,44.8969866],[-92.8010373,44.8969666],[-92.8008883,44.8969458],[-92.8008107,44.8969361],[-92.8007352,44.8969294],[-92.8006612,44.896926],[-92.8005917,44.8969257],[-92.8005442,44.8969298],[-92.8004932,44.8969392],[-92.8004191,44.8969585],[-92.8003603,44.8969784],[-92.8003238,44.8969949],[-92.8002791,44.8970182],[-92.8002069,44.8970593],[-92.8001424,44.8970986]]}},{"type":"Feature","id":"way/18281838","properties":{"highway":"residential","name":"Itasca Avenue South","osm_type":"way","osm_id":18281838},"geometry":{"type":"LineString","coordinates":[[-92.7715935,44.9187208],[-92.7715934,44.918586],[-92.77159,44.9179152],[-92.7715868,44.917287],[-92.77159,44.9166002],[-92.771591,44.9163852],[-92.7715913,44.9161115],[-92.7715905,44.9159733],[-92.7715905,44.9159388],[-92.7715861,44.915736],[-92.7715831,44.9152781],[-92.7715824,44.9151457],[-92.7715798,44.9147375],[-92.7715796,44.914705],[-92.7715791,44.9146104],[-92.771578,44.914415],[-92.7715761,44.9143147],[-92.771575,44.9142541],[-92.7715744,44.9141699],[-92.7715749,44.9139553],[-92.7715784,44.9133092],[-92.7715779,44.9132267],[-92.7715769,44.9130029],[-92.7715777,44.912889],[-92.7715776,44.9128464],[-92.7715802,44.9124349],[-92.7715798,44.9122539],[-92.7715791,44.9119528],[-92.7715791,44.9119311],[-92.7715768,44.9116393],[-92.7715772,44.9114832],[-92.7715781,44.9110613],[-92.7715782,44.9110067],[-92.7715748,44.9105565],[-92.7715671,44.910154],[-92.7715594,44.9098522],[-92.7715553,44.9097346],[-92.7715527,44.9096435],[-92.7715409,44.9094436],[-92.7715366,44.9093742],[-92.7715313,44.9093134],[-92.7715292,44.9092934],[-92.7715031,44.909015],[-92.7714959,44.9089165],[-92.7714941,44.908889],[-92.7714862,44.908765],[-92.7714804,44.9086476],[-92.7714757,44.9085139],[-92.7714737,44.9084144],[-92.7714738,44.908385],[-92.7714738,44.9083096],[-92.7714753,44.9082698],[-92.7714769,44.9082522],[-92.7714823,44.9082205],[-92.7714864,44.9082058],[-92.7714917,44.9081917],[-92.7715043,44.9081623],[-92.7715194,44.9081307],[-92.7715383,44.9080979],[-92.7715494,44.9080814],[-92.771562,44.908065],[-92.771576,44.9080489],[-92.7715916,44.9080331],[-92.7716563,44.9079732],[-92.77169,44.9079442],[-92.7717078,44.9079298],[-92.7717462,44.9079009],[-92.7717673,44.9078863],[-92.7720496,44.9077007],[-92.7720948,44.9076691],[-92.7721431,44.9076333],[-92.7722179,44.9075753],[-92.7723176,44.9074949],[-92.7724337,44.9073967],[-92.7725961,44.9072567],[-92.7726611,44.9071996],[-92.7726901,44.9071722],[-92.7727176,44.9071447],[-92.7728006,44.907057],[-92.7730427,44.906796],[-92.7731001,44.9067374],[-92.7731607,44.9066785],[-92.7733966,44.9064602],[-92.7734858,44.9063809],[-92.7735376,44.9063379],[-92.7735806,44.9063051],[-92.7736139,44.9062818],[-92.7736368,44.906267],[-92.7736502,44.9062593]]}},{"type":"Feature","id":"way/18281938","properties":{"access":"private","highway":"service","service":"driveway","osm_type":"way","osm_id":18281938},"geometry":{"type":"LineString","coordinates":[[-92.7970962,44.901662],[-92.7970895,44.9016384],[-92.7970813,44.9015934],[-92.7970755,44.9015212],[-92.7970637,44.9011355],[-92.797066,44.9008625],[-92.7970792,44.9001735],[-92.7970834,44.9000977],[-92.7970907,44.9000241],[-92.7971053,44.8999204],[-92.7971367,44.8997276],[-92.7971411,44.8996601],[-92.7971394,44.8996187],[-92.7971349,44.899593],[-92.7971198,44.899555],[-92.7971023,44.8995285],[-92.7970906,44.8995153],[-92.797062,44.899492],[-92.7970297,44.8994727],[-92.7969977,44.8994577],[-92.796959,44.8994434],[-92.7969356,44.8994376],[-92.7969058,44.8994328],[-92.7968535,44.8994279],[-92.7967656,44.8994262],[-92.7961096,44.899428],[-92.7954256,44.8994434],[-92.7953377,44.8994402],[-92.7952714,44.8994336],[-92.7952046,44.8994221],[-92.7951724,44.8994142],[-92.7951419,44.8994047],[-92.7951136,44.8993935],[-92.7950878,44.8993803],[-92.7950643,44.8993654],[-92.7950429,44.8993492],[-92.7950236,44.8993322],[-92.794991,44.8992975],[-92.7949657,44.8992651],[-92.7949402,44.8992265],[-92.7949342,44.8992123],[-92.7949251,44.8991798],[-92.7949173,44.8991268],[-92.7949142,44.8990651],[-92.7949145,44.8989403]]}},{"type":"Feature","id":"way/18282687","properties":{"access":"private","highway":"service","service":"driveway","tiger:cfcc":"A74","tiger:county":"Washington, MN","tiger:reviewed":"no","osm_type":"way","osm_id":18282687},"geometry":{"type":"LineString","coordinates":[[-92.7790917,44.9128619],[-92.7790267,44.912829],[-92.7789748,44.9128052],[-92.7789262,44.9127862],[-92.7788603,44.9127638],[-92.7787909,44.912745],[-92.7784209,44.9126515],[-92.7782851,44.9126216],[-92.7780022,44.912563],[-92.7779681,44.9125553],[-92.7778998,44.9125366],[-92.7778013,44.9125038],[-92.7776605,44.9124503],[-92.7775885,44.9124196],[-92.777501,44.9123799],[-92.7773582,44.9123103],[-92.7772667,44.912262],[-92.7772228,44.9122355],[-92.7771782,44.9122048],[-92.7771335,44.9121709],[-92.7770469,44.9120978],[-92.7769344,44.911991],[-92.7766965,44.9117444],[-92.7766229,44.9116635],[-92.7765778,44.9116],[-92.7765392,44.9115331],[-92.7765228,44.9115002],[-92.7764966,44.9114394],[-92.7764807,44.9113899],[-92.7764732,44.9113405],[-92.7764704,44.9112793],[-92.7764721,44.9111783],[-92.7764829,44.9109536],[-92.7764951,44.9107803],[-92.7765076,44.9106653],[-92.7765168,44.9106156],[-92.7765231,44.9105919],[-92.7765404,44.9105454],[-92.776552,44.9105221],[-92.7765799,44.9104751],[-92.7766022,44.9104307],[-92.776618,44.910388],[-92.7766335,44.9103236],[-92.7766526,44.9101915],[-92.7766846,44.9099259],[-92.7766915,44.9098202],[-92.7766972,44.9096039],[-92.7767014,44.9095456],[-92.7767059,44.9095189],[-92.77672,44.9094698],[-92.7767406,44.9094256],[-92.7767678,44.909385],[-92.776802,44.9093469],[-92.7768542,44.9093009],[-92.7768928,44.9092624],[-92.7769297,44.9092202],[-92.776955,44.9091831],[-92.7769646,44.9091597],[-92.7769671,44.909148],[-92.7769667,44.9091251],[-92.7769633,44.9091157],[-92.7769512,44.9091015],[-92.7769433,44.9090965],[-92.7769253,44.9090899],[-92.776907,44.9090873],[-92.7768895,44.9090876],[-92.7768663,44.9090913],[-92.7768535,44.9090948],[-92.7768286,44.909106],[-92.7768177,44.909114],[-92.7768087,44.9091238],[-92.7768023,44.9091356],[-92.7767976,44.9091648],[-92.7767913,44.9092853],[-92.7767878,44.9093191],[-92.7767799,44.9093579],[-92.7767744,44.9093733],[-92.7767678,44.909385]]}},{"type":"Feature","id":"way/18282907","properties":{"access":"private","highway":"service","service":"driveway","osm_type":"way","osm_id":18282907},"geometry":{"type":"LineString","coordinates":[[-92.7977112,44.9081224],[-92.797769,44.90814],[-92.7978421,44.9081643],[-92.7982159,44.9083019]]}},{"type":"Feature","id":"way/18282934","properties":{"access":"private","highway":"service","service":"driveway","osm_type":"way","osm_id":18282934},"geometry":{"type":"LineString","coordinates":[[-92.7972613,44.908648],[-92.7972115,44.9086003],[-92.7971884,44.9085799],[-92.7971621,44.9085601],[-92.7970807,44.9085085],[-92.7970086,44.9084703],[-92.796923,44.9084298],[-92.7968089,44.9083809],[-92.796668,44.9083264],[-92.7965878,44.9082981],[-92.7965045,44.9082735],[-92.7964214,44.9082557],[-92.7963389,44.9082431],[-92.7962572,44.908234],[-92.7960982,44.9082201],[-92.7960216,44.908212],[-92.7959473,44.9082011],[-92.7958757,44.9081857],[-92.7957402,44.908143],[-92.7956316,44.9081148],[-92.7955557,44.9080997],[-92.7955172,44.9080937],[-92.7954785,44.9080889],[-92.7953672,44.908079],[-92.7952738,44.9080665],[-92.7951957,44.9080491],[-92.7951001,44.9080184],[-92.7950386,44.9080056],[-92.7950043,44.9080008],[-92.7949298,44.9079956],[-92.7948903,44.9079955],[-92.7948497,44.9079975],[-92.7948082,44.9080018],[-92.7944358,44.9080521],[-92.7943696,44.9080597],[-92.794313,44.9080635],[-92.7942505,44.9080651],[-92.7941833,44.9080648],[-92.794041,44.9080606],[-92.7938804,44.9080534],[-92.7937719,44.9080531],[-92.7936302,44.908059],[-92.7934442,44.9080739]]}},{"type":"Feature","id":"way/18283570","properties":{"access":"private","highway":"service","service":"driveway","osm_type":"way","osm_id":18283570},"geometry":{"type":"LineString","coordinates":[[-92.8005397,44.9067138],[-92.8005387,44.9066875],[-92.8005319,44.9066226],[-92.8005077,44.9064401],[-92.8005042,44.9063828],[-92.8005043,44.9063182]]}},{"type":"Feature","id":"way/18283600","properties":{"access":"private","highway":"service","service":"driveway","osm_type":"way","osm_id":18283600},"geometry":{"type":"LineString","coordinates":[[-92.7987561,44.9070555],[-92.7987539,44.9070513],[-92.7987345,44.9069983],[-92.7987297,44.9069776],[-92.7987266,44.9069452],[-92.7987255,44.9068361],[-92.7987234,44.9068228],[-92.7987147,44.9067984],[-92.7986997,44.9067768],[-92.7986779,44.9067576],[-92.7986644,44.906749],[-92.7986072,44.906719],[-92.7985864,44.9067034],[-92.7985704,44.9066842],[-92.798564,44.9066723],[-92.7985539,44.9066425],[-92.7985311,44.906552],[-92.7984989,44.9064278],[-92.7984671,44.90632],[-92.7984547,44.9063022],[-92.7984401,44.9062905],[-92.7984204,44.9062827],[-92.7984086,44.9062813],[-92.7983956,44.9062821]]}},{"type":"Feature","id":"way/18283602","properties":{"access":"private","highway":"service","service":"driveway","osm_type":"way","osm_id":18283602},"geometry":{"type":"LineString","coordinates":[[-92.7822333,44.9071253],[-92.7821587,44.9070961],[-92.7821287,44.9070878],[-92.7820893,44.9070816],[-92.782005,44.9070754],[-92.781054,44.9070626],[-92.7807645,44.907067],[-92.7805516,44.9070713],[-92.7804743,44.9070754],[-92.7803904,44.907081],[-92.7801754,44.9070999],[-92.7801001,44.9071],[-92.7800439,44.9070956]]}},{"type":"Feature","id":"way/18284587","properties":{"access":"private","highway":"service","service":"driveway","osm_type":"way","osm_id":18284587},"geometry":{"type":"LineString","coordinates":[[-92.7806484,44.9059952],[-92.7806202,44.9061082],[-92.7806119,44.9061319],[-92.7806,44.9061534],[-92.7805843,44.9061722],[-92.7805645,44.9061876],[-92.7805405,44.9061991],[-92.7804996,44.9062105],[-92.7804429,44.9062173],[-92.7803864,44.9062197],[-92.7803082,44.9062207],[-92.7802108,44.9062188],[-92.7801053,44.9062135],[-92.7799989,44.9062061],[-92.7798107,44.9061913],[-92.7797746,44.9061869],[-92.7797448,44.90618],[-92.7797207,44.906171],[-92.7797017,44.9061604],[-92.7796872,44.9061487],[-92.7796767,44.9061362],[-92.7796696,44.9061234],[-92.7796653,44.9061107],[-92.7796633,44.9060987],[-92.7796635,44.9060755],[-92.7796745,44.905976],[-92.7796851,44.90591],[-92.7797053,44.9058168]]}},{"type":"Feature","id":"way/18285183","properties":{"access":"private","highway":"service","service":"driveway","osm_type":"way","osm_id":18285183},"geometry":{"type":"LineString","coordinates":[[-92.7944024,44.9019657],[-92.7944498,44.9020367],[-92.7944639,44.9020608],[-92.7944898,44.9021184],[-92.794506,44.9021699],[-92.7945098,44.9021934],[-92.794514,44.9022506],[-92.7945143,44.9022906],[-92.7944993,44.9024659],[-92.7944851,44.9026151],[-92.7944818,44.9026872],[-92.7944822,44.9027506],[-92.7944868,44.9029573],[-92.7944983,44.9031738],[-92.7945205,44.9036941],[-92.7945254,44.9039663],[-92.7945612,44.9049883],[-92.7945632,44.9052757],[-92.7945612,44.9053167],[-92.7945464,44.9054079],[-92.7945283,44.9055013],[-92.7945102,44.9055781],[-92.7944961,44.9056157],[-92.7944765,44.905652],[-92.794453,44.9056871],[-92.7944273,44.905721],[-92.7943239,44.9058446],[-92.7941436,44.9060497],[-92.7940765,44.9061199],[-92.7940064,44.9061869],[-92.7939652,44.9062228],[-92.7939193,44.9062589],[-92.7938176,44.9063308],[-92.7936332,44.906452],[-92.7935264,44.9065273],[-92.7934622,44.9065753],[-92.7931531,44.906825],[-92.7929984,44.9069477],[-92.7929403,44.9069982],[-92.7928718,44.9070631],[-92.7928062,44.9071241],[-92.7927673,44.907155],[-92.7927337,44.9071771],[-92.7927174,44.9071857],[-92.7926818,44.9071999],[-92.7926369,44.9072129],[-92.7925762,44.9072282]]}},{"type":"Feature","id":"way/18286451","properties":{"access":"private","highway":"service","service":"driveway","osm_type":"way","osm_id":18286451},"geometry":{"type":"LineString","coordinates":[[-92.7945987,44.9019105],[-92.7945627,44.9018505],[-92.7945548,44.9018332],[-92.7945506,44.9018151],[-92.7945488,44.9017882],[-92.7945507,44.9017542],[-92.7945764,44.9016036],[-92.7946222,44.9013939],[-92.7946255,44.9013613],[-92.7946241,44.9013321],[-92.7946204,44.9013154],[-92.7946107,44.9012939],[-92.7946013,44.9012816],[-92.794589,44.9012705],[-92.7945705,44.9012606],[-92.794547,44.9012517],[-92.7944805,44.9012338]]}},{"type":"Feature","id":"way/18287166","properties":{"access":"private","highway":"service","service":"driveway","osm_type":"way","osm_id":18287166},"geometry":{"type":"LineString","coordinates":[[-92.7714941,44.908889],[-92.7714591,44.9088864],[-92.7714278,44.9088815],[-92.7713954,44.9088717],[-92.77128,44.9088213],[-92.7711603,44.9087718],[-92.7710998,44.9087493],[-92.7710319,44.9087269],[-92.7707351,44.9086375],[-92.7703732,44.9085393]]}},{"type":"Feature","id":"way/18287185","properties":{"access":"private","highway":"service","service":"driveway","osm_type":"way","osm_id":18287185},"geometry":{"type":"LineString","coordinates":[[-92.7903508,44.9083669],[-92.7902727,44.9084493],[-92.7902306,44.9084966],[-92.7901923,44.9085433],[-92.7901644,44.9085807],[-92.7901383,44.9086216],[-92.7901133,44.9086677],[-92.790099,44.9087042],[-92.7900937,44.9087238],[-92.7900799,44.9087995],[-92.7900708,44.9088303],[-92.7900546,44.9088686],[-92.7900354,44.9089002],[-92.7900166,44.908923],[-92.7899939,44.9089466],[-92.7899583,44.9089783],[-92.7899269,44.9089994],[-92.789886,44.909019],[-92.7898339,44.9090378],[-92.789775,44.9090518],[-92.7897304,44.9090577],[-92.7896516,44.9090636],[-92.7895934,44.9090657],[-92.789502,44.9090665]]}},{"type":"Feature","id":"way/18287187","properties":{"access":"private","highway":"service","service":"driveway","osm_type":"way","osm_id":18287187},"geometry":{"type":"LineString","coordinates":[[-92.7809587,44.9090413],[-92.7810312,44.9090562],[-92.7811366,44.9090739],[-92.781203,44.9090822],[-92.7812442,44.909086],[-92.7813049,44.9090882],[-92.7816838,44.9090782],[-92.7819706,44.9090757],[-92.7820618,44.9090723],[-92.7821501,44.9090655],[-92.7821907,44.9090591],[-92.7822422,44.9090481],[-92.7822983,44.9090339],[-92.7823529,44.9090179],[-92.7823996,44.9090014],[-92.7824441,44.9089831],[-92.7826481,44.9088946],[-92.7826932,44.9088794],[-92.7827727,44.9088581],[-92.7828267,44.9088469],[-92.7828763,44.9088395],[-92.7830982,44.9088173],[-92.7831755,44.9088108],[-92.783256,44.9088069],[-92.7833075,44.9088095],[-92.7833616,44.9088156],[-92.7834131,44.9088243],[-92.7834563,44.9088348],[-92.7834731,44.9088404],[-92.7835265,44.9088661],[-92.7835678,44.9088909],[-92.7836093,44.9089199],[-92.7836289,44.9089355],[-92.7836635,44.9089677]]}},{"type":"Feature","id":"way/18289772","properties":{"access":"private","highway":"service","service":"driveway","osm_type":"way","osm_id":18289772},"geometry":{"type":"LineString","coordinates":[[-92.7861632,44.896538],[-92.786171,44.8965764],[-92.7861835,44.8966533],[-92.7861902,44.896711],[-92.7861962,44.8969036],[-92.7862007,44.8969457],[-92.786208,44.8969816],[-92.7862163,44.8970084],[-92.7862236,44.897024],[-92.7862408,44.8970511],[-92.7862652,44.8970798],[-92.7862969,44.8971067],[-92.7863235,44.8971222],[-92.7863543,44.8971349],[-92.7863711,44.8971401],[-92.7863888,44.8971444],[-92.7864265,44.8971501],[-92.7865505,44.8971556],[-92.7865992,44.8971594]]}},{"type":"Feature","id":"way/18289821","properties":{"access":"private","highway":"service","service":"driveway","osm_type":"way","osm_id":18289821},"geometry":{"type":"LineString","coordinates":[[-92.7991676,44.9002802],[-92.7990688,44.9002283],[-92.7990082,44.9002003],[-92.7989663,44.9001848],[-92.7989241,44.9001716],[-92.7988821,44.9001604],[-92.7988402,44.9001512],[-92.7988179,44.9001479],[-92.7987715,44.9001441],[-92.7987249,44.9001434],[-92.79866,44.9001472],[-92.798579,44.9001586],[-92.7983842,44.90019],[-92.7983104,44.900198],[-92.7982599,44.9002009],[-92.7981845,44.9002011],[-92.7981335,44.9001982],[-92.7980736,44.9001908],[-92.797978,44.9001746],[-92.7978952,44.9001571],[-92.7978121,44.9001352],[-92.7977202,44.9001072],[-92.7976571,44.9000845],[-92.7976195,44.9000677],[-92.7975835,44.9000485],[-92.797535,44.9000167],[-92.7974968,44.8999839],[-92.7974765,44.89996],[-92.7974575,44.8999319],[-92.7974307,44.899882],[-92.7972232,44.8993942],[-92.7971862,44.8993128],[-92.7971652,44.8992562],[-92.7971567,44.8992248],[-92.7971501,44.8991903],[-92.7971456,44.8991519],[-92.7971435,44.8991088],[-92.7971435,44.8989465],[-92.7971484,44.8988001]]}},{"type":"Feature","id":"way/18290405","properties":{"access":"private","highway":"service","service":"driveway","osm_type":"way","osm_id":18290405},"geometry":{"type":"LineString","coordinates":[[-92.7957534,44.9000978],[-92.7958277,44.9001396],[-92.7958591,44.9001597],[-92.7958874,44.9001811],[-92.7959234,44.9002157],[-92.7959471,44.9002436],[-92.7959582,44.9002594],[-92.7959774,44.9002955],[-92.795985,44.9003161],[-92.7959944,44.9003627],[-92.7959964,44.9004108],[-92.7959953,44.9004335],[-92.7959894,44.9004768],[-92.7959796,44.9005192],[-92.7959669,44.9005622],[-92.7958994,44.9007669],[-92.7958736,44.9008333],[-92.7958391,44.9009055],[-92.7958138,44.9009506],[-92.7957803,44.9010027],[-92.7956479,44.9011779],[-92.7955652,44.9012957],[-92.7955249,44.9013653],[-92.7954888,44.9014411],[-92.7954798,44.9014655],[-92.7954716,44.9014971],[-92.7954669,44.9015329],[-92.7954651,44.9015721],[-92.7954655,44.9016094],[-92.7954684,44.9016443],[-92.7954846,44.901721]]}},{"type":"Feature","id":"way/18291389","properties":{"access":"private","highway":"service","service":"driveway","osm_type":"way","osm_id":18291389},"geometry":{"type":"LineString","coordinates":[[-92.7715313,44.9093134],[-92.7715988,44.9093114],[-92.7716741,44.9093108],[-92.7724042,44.9093194],[-92.7725199,44.9093195],[-92.7725809,44.909316],[-92.772673,44.909306],[-92.7727298,44.9092975],[-92.7728822,44.9092699],[-92.7729402,44.909262],[-92.7729984,44.9092571],[-92.7730537,44.9092566],[-92.7732371,44.9092659],[-92.7733046,44.9092667]]}},{"type":"Feature","id":"way/18291407","properties":{"access":"private","highway":"service","service":"driveway","osm_type":"way","osm_id":18291407},"geometry":{"type":"LineString","coordinates":[[-92.7715409,44.9094436],[-92.771415,44.9094423],[-92.7707331,44.9094263],[-92.7705649,44.909421],[-92.7704767,44.9094163],[-92.7704499,44.9094112],[-92.7704239,44.9094033],[-92.7703982,44.9093922],[-92.7703725,44.9093776],[-92.7702841,44.9093226],[-92.7702306,44.9092923],[-92.7701873,44.9092735],[-92.7701432,44.9092589],[-92.7700857,44.909244],[-92.7700174,44.9092305],[-92.7698815,44.9092071],[-92.7696577,44.9091714]]}},{"type":"Feature","id":"way/18291418","properties":{"access":"private","highway":"service","service":"driveway","osm_type":"way","osm_id":18291418},"geometry":{"type":"LineString","coordinates":[[-92.784698,44.9094345],[-92.7847847,44.9094194],[-92.7848724,44.9094073],[-92.7849388,44.9094012],[-92.7850439,44.9093945],[-92.7850838,44.90939],[-92.785125,44.9093833],[-92.785183,44.9093685],[-92.7853728,44.9093073]]}},{"type":"Feature","id":"way/18291425","properties":{"access":"private","highway":"service","service":"driveway","osm_type":"way","osm_id":18291425},"geometry":{"type":"LineString","coordinates":[[-92.7905589,44.9084868],[-92.7905273,44.9085189],[-92.7904796,44.9085749],[-92.7904221,44.9086483],[-92.7903794,44.9087169],[-92.790353,44.9087701],[-92.7903452,44.908803],[-92.7903447,44.9088403],[-92.7903508,44.9088829],[-92.7903639,44.9089301],[-92.7903912,44.9089924],[-92.7904318,44.9090648],[-92.790501,44.9091649],[-92.7905921,44.9092875],[-92.7906127,44.9093047],[-92.7906361,44.9093171],[-92.7906486,44.9093218],[-92.7906749,44.9093285],[-92.7907287,44.9093373],[-92.7907537,44.9093462],[-92.7907791,44.9093594],[-92.7908391,44.9093999],[-92.7908996,44.9094452],[-92.7909427,44.9094826],[-92.790965,44.9095071],[-92.7909747,44.9095231],[-92.7909802,44.9095396],[-92.7909804,44.9095657],[-92.7909559,44.9096439],[-92.790941,44.909701]]}},{"type":"Feature","id":"way/18291437","properties":{"access":"private","highway":"service","service":"driveway","osm_type":"way","osm_id":18291437},"geometry":{"type":"LineString","coordinates":[[-92.7993156,44.9097846],[-92.7991321,44.9097368],[-92.7990532,44.9097113],[-92.7989861,44.909683],[-92.7989499,44.9096629],[-92.7989347,44.9096525],[-92.798921,44.9096419],[-92.7988847,44.9096076],[-92.7988567,44.9095696],[-92.7988432,44.9095423],[-92.7987839,44.9093457]]}},{"type":"Feature","id":"way/18291439","properties":{"access":"private","highway":"service","service":"driveway","osm_type":"way","osm_id":18291439},"geometry":{"type":"LineString","coordinates":[[-92.7715553,44.9097346],[-92.7714522,44.9097364],[-92.7713476,44.9097398],[-92.7711033,44.9097514],[-92.7710346,44.909753],[-92.7709407,44.9097517],[-92.770777,44.9097443],[-92.7706924,44.9097419],[-92.7706241,44.9097415],[-92.770573,44.9097448],[-92.7705176,44.9097514],[-92.7704808,44.9097574],[-92.7704446,44.9097649],[-92.770403,44.9097757],[-92.7702825,44.9098138],[-92.7701128,44.9098755],[-92.7700771,44.9098859],[-92.7700188,44.9098979],[-92.769907,44.9099137],[-92.7698398,44.90992],[-92.7697982,44.9099222],[-92.7697589,44.909923],[-92.7697029,44.9099218],[-92.7696309,44.9099175],[-92.7695729,44.9099119],[-92.7695128,44.9099026],[-92.7694764,44.9098945],[-92.7694465,44.9098847],[-92.7694233,44.9098735],[-92.7693967,44.9098545],[-92.769383,44.9098409],[-92.7693202,44.9097608],[-92.7692896,44.9097261],[-92.769282,44.9097199],[-92.7692581,44.9097068],[-92.7692251,44.9096938],[-92.7691856,44.9096825],[-92.7691422,44.9096741],[-92.7691199,44.9096715],[-92.7690793,44.9096697],[-92.769046,44.9096718],[-92.7690317,44.9096741],[-92.7689961,44.9096847],[-92.7689771,44.9096938],[-92.7689613,44.9097066],[-92.7689506,44.9097243],[-92.7689478,44.9097345],[-92.7689486,44.9097567],[-92.7689527,44.9097682],[-92.7689597,44.9097798],[-92.7689697,44.9097912],[-92.7689834,44.9098022],[-92.7690203,44.9098228],[-92.7690421,44.9098322],[-92.7690888,44.9098487],[-92.7691557,44.9098666],[-92.7691932,44.9098739],[-92.7692406,44.9098809],[-92.7693563,44.9098938],[-92.7694425,44.9098999],[-92.7695729,44.9099119]]}},{"type":"Feature","id":"way/18292747","properties":{"access":"private","highway":"service","service":"driveway","osm_type":"way","osm_id":18292747},"geometry":{"type":"LineString","coordinates":[[-92.786802,44.906777],[-92.7868038,44.9068377],[-92.7868084,44.9068754],[-92.7868206,44.9069039],[-92.786831,44.9069183],[-92.7868451,44.9069322],[-92.7868633,44.9069454],[-92.7868862,44.9069576],[-92.7869765,44.9069895],[-92.7870368,44.9070136],[-92.7870921,44.9070418],[-92.787117,44.9070577],[-92.7871396,44.907075],[-92.7871593,44.9070937],[-92.7871759,44.9071141],[-92.7871895,44.9071351],[-92.78721,44.9071755],[-92.7872228,44.907214],[-92.7872315,44.9072683],[-92.7872324,44.9073183],[-92.7872304,44.9073335],[-92.787222,44.9073617],[-92.7872077,44.9073874],[-92.7871875,44.9074114],[-92.7871454,44.9074461],[-92.7870491,44.9075131],[-92.7869828,44.9075549]]}},{"type":"Feature","id":"way/18292752","properties":{"access":"private","highway":"service","service":"driveway","osm_type":"way","osm_id":18292752},"geometry":{"type":"LineString","coordinates":[[-92.7980313,44.9076033],[-92.797905,44.9075516],[-92.7978547,44.9075323],[-92.797761,44.9074993],[-92.7974942,44.9074124],[-92.7974084,44.9073798],[-92.797365,44.9073591],[-92.7973502,44.9073497],[-92.7973272,44.9073297],[-92.7973074,44.907306],[-92.7972991,44.9072931],[-92.7972863,44.9072655],[-92.7972821,44.9072511],[-92.7972791,44.9072215]]}},{"type":"Feature","id":"way/18294499","properties":{"access":"private","highway":"service","service":"driveway","osm_type":"way","osm_id":18294499},"geometry":{"type":"LineString","coordinates":[[-92.7904018,44.9027884],[-92.7903881,44.9026922],[-92.7903805,44.9025756],[-92.7903791,44.9025101],[-92.7903574,44.9022546],[-92.7903519,44.9021487],[-92.7903548,44.9021223],[-92.790364,44.9020975],[-92.790382,44.9020713],[-92.790395,44.9020566]]}},{"type":"Feature","id":"way/18294502","properties":{"access":"private","highway":"service","service":"driveway","osm_type":"way","osm_id":18294502},"geometry":{"type":"LineString","coordinates":[[-92.7896619,44.9028542],[-92.7896736,44.9024288],[-92.7896773,44.9021728],[-92.7896784,44.9018508],[-92.7896819,44.9016279],[-92.7896862,44.9015686],[-92.7896955,44.9014875],[-92.7897064,44.901417],[-92.7897169,44.9013655]]}},{"type":"Feature","id":"way/18295665","properties":{"access":"private","highway":"service","service":"driveway","osm_type":"way","osm_id":18295665},"geometry":{"type":"LineString","coordinates":[[-92.779184,44.9057448],[-92.7791038,44.905803],[-92.7789309,44.9059336],[-92.778901,44.9059599],[-92.7788723,44.9059888],[-92.778831,44.9060361],[-92.7787745,44.9061084],[-92.7787091,44.9062009],[-92.7786602,44.9062772]]}},{"type":"Feature","id":"way/18296950","properties":{"highway":"residential","name":"Afton Coulee Ridge Road","osm_type":"way","osm_id":18296950},"geometry":{"type":"LineString","coordinates":[[-92.7861177,44.8987604],[-92.7861644,44.8987572],[-92.7861931,44.8987537],[-92.7862253,44.8987479],[-92.7862766,44.8987363],[-92.7863465,44.8987185],[-92.7864028,44.8987062],[-92.7866988,44.8986485],[-92.7867616,44.8986329],[-92.7867964,44.8986215],[-92.7868271,44.8986089],[-92.7868803,44.8985803],[-92.7869042,44.8985644],[-92.7869274,44.8985462],[-92.7869627,44.8985122],[-92.7870791,44.8983876],[-92.7871506,44.8983178],[-92.7871959,44.8982793],[-92.7872439,44.8982415],[-92.7873151,44.8981886],[-92.7873864,44.8981379],[-92.7874176,44.8981202],[-92.7874587,44.8981018],[-92.7875039,44.8980844],[-92.7875473,44.8980694],[-92.7875829,44.8980586],[-92.787617,44.8980502],[-92.7877003,44.898034],[-92.7877801,44.898022],[-92.787823,44.8980179],[-92.7878794,44.8980144],[-92.7880073,44.8980109],[-92.788095,44.8980127],[-92.7881915,44.8980191],[-92.788288,44.8980282],[-92.7883419,44.8980346],[-92.7884609,44.8980521],[-92.7885525,44.8980642],[-92.7886823,44.8980783],[-92.7888123,44.8980873],[-92.7889303,44.8980905],[-92.7890103,44.898089],[-92.7891007,44.8980844],[-92.7891897,44.8980779],[-92.7894098,44.8980579],[-92.7894925,44.898052],[-92.7895739,44.8980481],[-92.7897358,44.898046],[-92.7898438,44.8980469],[-92.7902664,44.8980608],[-92.7903203,44.8980589],[-92.7903759,44.8980532],[-92.7904036,44.8980487],[-92.7904571,44.8980359],[-92.7904823,44.8980275],[-92.7905059,44.8980177],[-92.7905279,44.8980067],[-92.7905675,44.8979818],[-92.790585,44.8979683],[-92.7906152,44.8979399],[-92.7906277,44.8979253],[-92.7906385,44.8979107],[-92.7906547,44.8978819],[-92.7906645,44.8978518],[-92.7906696,44.8978197],[-92.7906717,44.8977884],[-92.7906728,44.8977059],[-92.7906777,44.8976475],[-92.7906842,44.8976203],[-92.7906944,44.8975981],[-92.7907073,44.8975769],[-92.790723,44.8975565],[-92.7907423,44.897537],[-92.7907533,44.8975279],[-92.7907655,44.8975192],[-92.7907935,44.8975027],[-92.7908273,44.8974852],[-92.7908651,44.8974675],[-92.7909252,44.8974431],[-92.7909852,44.8974246],[-92.7910624,44.8974086],[-92.7911216,44.8973988],[-92.7912121,44.8973861],[-92.791348,44.8973706],[-92.7915901,44.8973451],[-92.7916875,44.8973398],[-92.7917477,44.897338]]}},{"type":"Feature","id":"way/18297576","properties":{"highway":"residential","name":"36th Street South","oneway":"no","osm_type":"way","osm_id":18297576},"geometry":{"type":"LineString","coordinates":[[-92.7832532,44.8965743],[-92.7833521,44.8965736],[-92.7861632,44.896538],[-92.7861801,44.8965377],[-92.7863049,44.8965326],[-92.7863739,44.896531],[-92.7866472,44.8965324],[-92.7866874,44.8965348],[-92.7867507,44.8965417],[-92.7868145,44.8965512],[-92.786856,44.8965589],[-92.7868771,44.896564],[-92.78692,44.896577],[-92.786963,44.8965927],[-92.7870052,44.8966102],[-92.7871073,44.8966572],[-92.7873099,44.8967545],[-92.7873889,44.8967887],[-92.7874545,44.8968152],[-92.7875041,44.8968321],[-92.7875607,44.8968473],[-92.7876024,44.8968559],[-92.7876476,44.8968629],[-92.7876957,44.8968671],[-92.7877671,44.896869],[-92.7878094,44.8968677],[-92.7878438,44.8968649],[-92.7878793,44.8968594],[-92.7879243,44.8968502],[-92.7879742,44.8968382],[-92.7880486,44.8968172],[-92.7881282,44.8967886],[-92.7881877,44.8967623]]}},{"type":"Feature","id":"way/18297631","properties":{"highway":"secondary","maxspeed":"50 mph","name":"Afton Boulevard","name:etymology:wikidata":"Q692740","ref":"CH 18","osm_type":"way","osm_id":18297631},"geometry":{"type":"LineString","coordinates":[[-92.813352,44.8905481],[-92.8133306,44.8905511],[-92.8132704,44.8905602],[-92.8131981,44.8905729],[-92.8131441,44.8905835],[-92.813089,44.8905958],[-92.8130321,44.8906106],[-92.8129556,44.8906327],[-92.81288,44.8906564],[-92.8128259,44.8906746],[-92.8127758,44.8906929],[-92.8127253,44.8907129],[-92.8126699,44.8907362],[-92.8126104,44.8907633],[-92.8125514,44.8907921],[-92.8124973,44.8908202],[-92.8124608,44.8908414],[-92.8124202,44.8908674],[-92.8122863,44.8909583],[-92.812165,44.8910439],[-92.811781,44.891319],[-92.8113758,44.8916079],[-92.8109857,44.8918882],[-92.8108565,44.8919803],[-92.8106477,44.8921291],[-92.8101496,44.8924861],[-92.8099294,44.8926424],[-92.8096047,44.8928728],[-92.8091689,44.8931804],[-92.8090991,44.8932292],[-92.8088953,44.8933717],[-92.8087638,44.8934636],[-92.8087258,44.8934902],[-92.8083277,44.8937738],[-92.8080658,44.893957],[-92.8079641,44.8940285],[-92.8076728,44.8942335],[-92.8075088,44.8943499],[-92.8073241,44.8944809],[-92.8072628,44.8945244],[-92.8069978,44.8947091],[-92.806862,44.8948045],[-92.8067947,44.8948517],[-92.8066369,44.8949625],[-92.8062745,44.8952154],[-92.8060791,44.8953494],[-92.805867,44.8954925],[-92.8057435,44.8955733],[-92.8055034,44.895726],[-92.8053968,44.8957938],[-92.8052587,44.895879],[-92.8051956,44.8959171],[-92.8048592,44.8961204],[-92.8041719,44.8965319],[-92.8038571,44.8967224],[-92.8035857,44.8968825],[-92.8031914,44.8971184],[-92.8030447,44.8972049],[-92.8029803,44.8972429],[-92.8025837,44.8974803],[-92.8024149,44.89758],[-92.8023878,44.8975964],[-92.8021305,44.8977519],[-92.802035,44.8978086],[-92.8019988,44.8978311],[-92.8019123,44.8978868],[-92.8017722,44.8979798],[-92.8016914,44.8980348],[-92.8016302,44.8980777],[-92.8015244,44.8981545],[-92.8014468,44.8982122],[-92.80137,44.8982704],[-92.8012998,44.8983251],[-92.8012351,44.8983769],[-92.8011727,44.8984282],[-92.8011141,44.8984773],[-92.8010373,44.8985433],[-92.8009325,44.8986377],[-92.8007403,44.8988155],[-92.800719,44.8988352],[-92.80001,44.8995],[-92.7991676,44.9002802],[-92.7986148,44.9007914]]}},{"type":"Feature","id":"way/18297887","properties":{"highway":"residential","name":"Afton Hills Drive South","osm_type":"way","osm_id":18297887},"geometry":{"type":"LineString","coordinates":[[-92.7963945,44.9090315],[-92.7964554,44.9090005],[-92.7965047,44.908978],[-92.7970233,44.9087668],[-92.7970797,44.9087428],[-92.7971363,44.9087171],[-92.7971901,44.9086902],[-92.7972151,44.9086765],[-92.7972613,44.908648],[-92.7973375,44.9085921],[-92.7973898,44.9085488],[-92.7974393,44.9085037],[-92.7974823,44.9084596],[-92.7975017,44.9084373],[-92.7975593,44.908362],[-92.7975967,44.9083075],[-92.797666,44.9081984],[-92.7977112,44.9081224],[-92.7979138,44.9077817],[-92.7979678,44.9076931],[-92.7979905,44.9076586],[-92.7980313,44.9076033],[-92.7980932,44.9075293],[-92.7981716,44.9074475],[-92.7982186,44.9074034],[-92.7982432,44.9073822],[-92.7983064,44.9073332],[-92.7984187,44.9072538],[-92.7984918,44.9072052],[-92.7985525,44.9071669],[-92.79862,44.9071281],[-92.7987561,44.9070555],[-92.798896,44.9069841],[-92.7989629,44.9069522],[-92.7990283,44.9069257],[-92.79907,44.9069104],[-92.7991642,44.9068786],[-92.7992638,44.9068486],[-92.7993575,44.9068247],[-92.7993988,44.9068164],[-92.7994525,44.9068074],[-92.7995222,44.9067966],[-92.7996143,44.9067843],[-92.7997039,44.906774],[-92.7998278,44.9067617],[-92.8000267,44.9067458],[-92.8002624,44.9067296],[-92.8005397,44.9067138],[-92.800633,44.9067104],[-92.8008334,44.9067056],[-92.8009734,44.906705],[-92.8010443,44.9067071],[-92.801142,44.9067154],[-92.8012129,44.9067238],[-92.8012816,44.9067334],[-92.8013675,44.9067489],[-92.8014211,44.9067623],[-92.8014838,44.9067806],[-92.8015489,44.9068014],[-92.8016358,44.9068327],[-92.8016793,44.9068514],[-92.8017221,44.9068732],[-92.8017405,44.9068839],[-92.8017651,44.9068982],[-92.8018069,44.9069256],[-92.8018458,44.9069545],[-92.8018809,44.9069845],[-92.8019138,44.9070172],[-92.8019433,44.9070529],[-92.8019562,44.9070717],[-92.801977,44.9071114],[-92.8019845,44.9071322],[-92.8019898,44.9071536],[-92.8019942,44.9071966],[-92.8019921,44.9072387],[-92.8019841,44.9072796],[-92.801971,44.9073188],[-92.8019536,44.9073559],[-92.8019299,44.907393],[-92.8019151,44.907412],[-92.8018907,44.9074396],[-92.8018617,44.9074687],[-92.8018209,44.9075037],[-92.8017995,44.9075197],[-92.8017492,44.9075525],[-92.8016597,44.907609],[-92.801309,44.9078275],[-92.8011615,44.9079252],[-92.8011088,44.9079616],[-92.8010376,44.9080141],[-92.80085,44.9081623],[-92.8007338,44.9082562],[-92.8005656,44.9083949],[-92.8004677,44.9084786],[-92.8002886,44.9086392],[-92.8000607,44.90885],[-92.7999648,44.9089411],[-92.7998376,44.9090698],[-92.799771,44.9091403],[-92.7997117,44.9092058],[-92.7996537,44.9092756],[-92.799587,44.9093599],[-92.7995357,44.9094282],[-92.7994687,44.9095246],[-92.7993733,44.9096839],[-92.7993156,44.9097846],[-92.7992678,44.9098705],[-92.799202,44.9099988],[-92.7991592,44.9100903],[-92.7991332,44.9101517],[-92.7990972,44.9102484],[-92.7990612,44.9103626],[-92.7990499,44.9104035],[-92.7990298,44.9104865],[-92.7990216,44.9105277],[-92.7990098,44.9106071],[-92.7989967,44.910758],[-92.7989919,44.9108628],[-92.7989915,44.9109249],[-92.7990097,44.9113352],[-92.799009,44.9114775],[-92.7990076,44.9115179],[-92.7989968,44.9117457],[-92.7989906,44.9118126],[-92.7989809,44.9118817],[-92.798967,44.9119524],[-92.7989478,44.9120291],[-92.7989302,44.9120832],[-92.7989196,44.9121107],[-92.7988951,44.9121648],[-92.7988661,44.9122157],[-92.79885,44.9122391],[-92.7988328,44.9122606],[-92.7988131,44.9122818],[-92.7987896,44.912304],[-92.7987625,44.9123268],[-92.7987323,44.9123498],[-92.798699,44.9123727],[-92.7986632,44.912395],[-92.7986249,44.9124163],[-92.7985846,44.9124363],[-92.7985556,44.9124488],[-92.7984989,44.9124705],[-92.7984541,44.9124841],[-92.7984083,44.9124954],[-92.7983478,44.9125061],[-92.7983134,44.9125108],[-92.7982643,44.9125149],[-92.7982142,44.9125167],[-92.798163,44.9125162],[-92.7981107,44.9125134],[-92.7980572,44.9125083],[-92.7980027,44.9125009],[-92.7979478,44.9124912],[-92.7978939,44.9124793],[-92.7978411,44.9124655],[-92.79779,44.9124504],[-92.7977408,44.9124341],[-92.7976498,44.9123995],[-92.7976087,44.9123819],[-92.7975373,44.9123479],[-92.797505,44.9123302],[-92.7974722,44.9123101],[-92.7974075,44.9122653],[-92.7973483,44.9122183],[-92.7973,44.9121739],[-92.7972815,44.9121543],[-92.7972677,44.9121371],[-92.7972565,44.9121201],[-92.7972456,44.9121008],[-92.797225,44.9120574],[-92.7971997,44.9119883],[-92.7971849,44.9119272],[-92.797181,44.9118865],[-92.7971798,44.911776],[-92.7971825,44.911606],[-92.7971911,44.9113085],[-92.7971972,44.9108044],[-92.7972008,44.9106344],[-92.7972029,44.910535],[-92.7972069,44.9103453],[-92.7972331,44.9095014],[-92.7972348,44.9094516],[-92.7972347,44.9093804],[-92.7972331,44.9093539],[-92.7972302,44.9093353],[-92.7972151,44.9092924],[-92.7971998,44.9092632],[-92.7971799,44.9092333],[-92.7971403,44.9091862],[-92.7971241,44.9091707],[-92.7971063,44.9091567],[-92.7970872,44.9091442],[-92.797047,44.9091234],[-92.7970266,44.909115],[-92.7969873,44.9091021],[-92.7969366,44.9090913],[-92.796901,44.9090859],[-92.7968266,44.9090769],[-92.7965702,44.9090509],[-92.7963945,44.9090315],[-92.7949567,44.9088686],[-92.7948616,44.9088608],[-92.7948225,44.9088588],[-92.7947877,44.9088578],[-92.794727,44.9088581],[-92.7946715,44.9088606],[-92.7946139,44.9088647],[-92.7945545,44.9088729],[-92.7944967,44.9088841],[-92.7944437,44.9088968],[-92.7943988,44.9089091],[-92.7940027,44.9090307],[-92.7938908,44.9090627],[-92.7938288,44.9090771],[-92.7937513,44.909092],[-92.7936647,44.9091062],[-92.793575,44.9091184],[-92.7934885,44.9091273],[-92.7933925,44.9091347],[-92.7930977,44.9091541],[-92.7927412,44.9091721],[-92.7925267,44.9091811],[-92.7923701,44.9091844],[-92.7923077,44.9091836],[-92.7922484,44.9091814],[-92.7921923,44.9091778],[-92.7920891,44.9091678],[-92.7919565,44.9091489],[-92.7918802,44.9091356],[-92.7918012,44.9091185],[-92.7917217,44.9090981],[-92.7916832,44.909087],[-92.7916115,44.909064],[-92.7915794,44.9090524],[-92.7915506,44.9090408],[-92.7914725,44.909006],[-92.7914213,44.9089808],[-92.7913406,44.908937],[-92.791118,44.9088075],[-92.7905589,44.9084868],[-92.7903508,44.9083669],[-92.7900248,44.9081787],[-92.7887416,44.907433],[-92.7883247,44.9071901],[-92.7881072,44.9070603],[-92.787934,44.906951],[-92.7878518,44.9069113],[-92.7877865,44.9068762],[-92.7877206,44.906846],[-92.787688,44.906833],[-92.7876561,44.9068213],[-92.787595,44.9068021],[-92.7875664,44.9067947],[-92.7875137,44.9067841],[-92.7874641,44.906777],[-92.7874148,44.9067724],[-92.787363,44.9067699],[-92.7873063,44.906769],[-92.7871711,44.90677],[-92.786802,44.906777],[-92.7865085,44.9067831],[-92.7863726,44.9067874],[-92.7862352,44.9067928],[-92.7860865,44.9068004],[-92.785989,44.9068111],[-92.7858953,44.9068263],[-92.7858093,44.9068439],[-92.7857391,44.9068621],[-92.7856847,44.9068781],[-92.7855782,44.9069127],[-92.7854295,44.906964],[-92.7851294,44.9070729],[-92.7849673,44.9071336],[-92.7848746,44.9071706],[-92.7848407,44.9071857],[-92.7848047,44.9072026],[-92.78473,44.9072407],[-92.784693,44.907261],[-92.7846238,44.9073024],[-92.7845933,44.9073227],[-92.7845666,44.9073422],[-92.7845446,44.9073606],[-92.7845258,44.9073789],[-92.7844911,44.9074186],[-92.7844608,44.9074612],[-92.7844358,44.907505],[-92.7844165,44.9075485],[-92.7844033,44.9075915],[-92.7843986,44.9076156],[-92.7843949,44.9076413],[-92.7843903,44.9076963],[-92.7843886,44.9077534],[-92.7843904,44.9078365],[-92.7843969,44.9079047],[-92.7844095,44.9079949],[-92.7844255,44.9080925],[-92.7844495,44.9082208],[-92.7844626,44.9082783],[-92.7844777,44.9083322],[-92.7845312,44.9084919],[-92.7845355,44.9085089],[-92.7845368,44.9085273],[-92.7845348,44.9085465],[-92.7845292,44.9085659],[-92.7845196,44.908585],[-92.7845057,44.9086032],[-92.7844872,44.9086201],[-92.7844636,44.908635],[-92.7844347,44.9086475],[-92.7844002,44.9086569]]}},{"type":"Feature","id":"way/18297962","properties":{"highway":"residential","name":"Pennington Avenue South","osm_type":"way","osm_id":18297962},"geometry":{"type":"LineString","coordinates":[[-92.7860026,44.9031333],[-92.7860063,44.9031085],[-92.7860115,44.9030628],[-92.7860155,44.9029328],[-92.7860196,44.9028913],[-92.7860259,44.9028535],[-92.7860438,44.9027833],[-92.7860834,44.9026466],[-92.7861112,44.9025587],[-92.7861424,44.902468],[-92.7861561,44.902422],[-92.7861677,44.9023683],[-92.7861706,44.9023446],[-92.7861718,44.902317],[-92.7861709,44.9022708],[-92.7861676,44.9022257],[-92.786134,44.9020001],[-92.7861266,44.9019268],[-92.7861234,44.9018691],[-92.786127,44.9016061],[-92.7861428,44.9012076],[-92.7861569,44.9009432],[-92.7861593,44.9008762],[-92.7861594,44.9007642],[-92.7861498,44.9001182],[-92.7861479,44.8998134],[-92.7861415,44.899673],[-92.7861295,44.8993888],[-92.7861261,44.8992799],[-92.7861246,44.8991625],[-92.7861207,44.8988477],[-92.7861177,44.8987604],[-92.7861121,44.8985994],[-92.7861122,44.8985201],[-92.7861151,44.8984243]]}},{"type":"Feature","id":"way/18298995","properties":{"highway":"residential","name":"33rd Street South","osm_type":"way","osm_id":18298995},"geometry":{"type":"LineString","coordinates":[[-92.7823399,44.9007552],[-92.7827308,44.9007525],[-92.783121,44.9007462],[-92.7832326,44.9007503],[-92.7833467,44.9007553],[-92.7841107,44.9007562]]}},{"type":"Feature","id":"way/18299811","properties":{"access":"private","highway":"service","service":"driveway","osm_type":"way","osm_id":18299811},"geometry":{"type":"LineString","coordinates":[[-92.7849698,44.9044279],[-92.7849129,44.9044155],[-92.7848575,44.9044009],[-92.7848077,44.904386],[-92.7847526,44.904367],[-92.784732,44.9043579],[-92.7846996,44.9043397],[-92.7846675,44.9043171],[-92.7846502,44.9043013],[-92.7846194,44.9042602],[-92.7845903,44.9042138],[-92.784536,44.9041017],[-92.7845083,44.9040377],[-92.7844903,44.9039893],[-92.7844672,44.9038993]]}},{"type":"Feature","id":"way/18299815","properties":{"highway":"residential","name":"Perrot Avenue South","osm_type":"way","osm_id":18299815},"geometry":{"type":"LineString","coordinates":[[-92.7844672,44.9038993],[-92.7845016,44.9038984],[-92.784532,44.9038935],[-92.7845572,44.9038857],[-92.7845783,44.9038756],[-92.7845957,44.9038636],[-92.7846095,44.9038502],[-92.7846199,44.9038359],[-92.784627,44.9038211],[-92.7846312,44.9038063],[-92.7846325,44.903792],[-92.7846345,44.9031071],[-92.7846382,44.9030755],[-92.7846484,44.9030323],[-92.7846619,44.902994],[-92.7846935,44.9029172],[-92.7847202,44.9028502],[-92.7847291,44.9028201],[-92.7847344,44.9027923],[-92.7847368,44.9027649],[-92.7847332,44.9025555],[-92.7847336,44.9022362],[-92.7847322,44.9022038],[-92.7847246,44.9021384],[-92.7847067,44.9020739],[-92.7846886,44.9020294],[-92.7846719,44.901997],[-92.7846415,44.9019499],[-92.7846122,44.9019122],[-92.7845937,44.9018919],[-92.7845674,44.9018674],[-92.784549,44.9018536]]}},{"type":"Feature","id":"way/18300994","properties":{"highway":"residential","name":"Afton Boulevard South","surface":"asphalt","osm_type":"way","osm_id":18300994},"geometry":{"type":"LineString","coordinates":[[-92.7832321,44.9028423],[-92.7830831,44.9028416],[-92.7819039,44.9028471],[-92.7818705,44.9028473]]}},{"type":"Feature","id":"way/18302752","properties":{"highway":"residential","name":"35th Street South","osm_type":"way","osm_id":18302752},"geometry":{"type":"LineString","coordinates":[[-92.7846251,44.8976081],[-92.7833444,44.8976067],[-92.7832463,44.8976065]]}},{"type":"Feature","id":"way/18304433","properties":{"highway":"residential","name":"31st Street South","surface":"asphalt","osm_type":"way","osm_id":18304433},"geometry":{"type":"LineString","coordinates":[[-92.7844672,44.9038993],[-92.7842926,44.903898],[-92.7835758,44.9038945],[-92.7833545,44.9038957],[-92.7832194,44.9038956],[-92.7831181,44.9038949],[-92.783079,44.9038948],[-92.7825885,44.9038932],[-92.7821347,44.9038925],[-92.7820579,44.903895],[-92.7819877,44.9038996],[-92.7818408,44.9039143],[-92.7817951,44.9039198],[-92.7816738,44.9039334],[-92.7816267,44.9039363],[-92.7815568,44.9039379],[-92.7814869,44.9039372],[-92.7814299,44.903935],[-92.7811584,44.90392]]}},{"type":"Feature","id":"way/18305366","properties":{"highway":"tertiary","name":"Stagecoach Trail South","ref":"CH 21","osm_type":"way","osm_id":18305366},"geometry":{"type":"LineString","coordinates":[[-92.7827967,44.9060688],[-92.7829065,44.9060949],[-92.7829336,44.9061016],[-92.7829868,44.906117],[-92.7830374,44.9061346],[-92.7830592,44.9061435],[-92.7830836,44.9061535],[-92.7831239,44.9061731],[-92.783186,44.9062096],[-92.7832295,44.9062373],[-92.7832821,44.906274],[-92.7833254,44.9063062],[-92.7833851,44.9063547],[-92.78342,44.9063859],[-92.7834832,44.9064454],[-92.7835122,44.906476],[-92.7835533,44.9065255],[-92.7835989,44.9065869],[-92.7836167,44.9066131],[-92.7836461,44.906665],[-92.7836759,44.9067263],[-92.7837011,44.9067864],[-92.78397,44.9075008],[-92.7840976,44.9078418],[-92.7843415,44.9085037],[-92.7844002,44.9086569],[-92.784698,44.9094345],[-92.7847767,44.9096406],[-92.7848437,44.9098259],[-92.7849124,44.9100229],[-92.7850046,44.9102856],[-92.7851003,44.910552],[-92.7852489,44.9109511],[-92.7854021,44.9113259],[-92.7855089,44.9115742],[-92.7855389,44.9116331],[-92.7855654,44.911679],[-92.7855956,44.9117255],[-92.7856283,44.9117686],[-92.7856659,44.9118121],[-92.7857107,44.9118603],[-92.785786,44.9119353],[-92.7858643,44.9120051],[-92.7862231,44.9123042],[-92.7868182,44.9127925],[-92.7870237,44.9129636],[-92.7873725,44.9132593],[-92.7874124,44.9132908],[-92.7874559,44.9133237],[-92.7875197,44.9133694],[-92.7875565,44.9133938],[-92.7875896,44.9134143],[-92.7876602,44.9134541],[-92.7877233,44.9134866],[-92.7877683,44.9135073],[-92.7878573,44.9135442],[-92.788306,44.9137171],[-92.7889002,44.9139437],[-92.7889905,44.9139772],[-92.7890426,44.9139949],[-92.7891175,44.914017],[-92.7891853,44.9140346],[-92.7892506,44.9140483],[-92.7893106,44.9140573],[-92.7893884,44.9140657],[-92.7894628,44.9140702],[-92.7895461,44.9140719],[-92.7896242,44.9140716],[-92.7900347,44.9140631],[-92.7901789,44.9140627],[-92.7902236,44.9140642],[-92.7903277,44.9140708],[-92.7904243,44.9140789],[-92.790483,44.9140854],[-92.7906052,44.9141033],[-92.7907021,44.9141202],[-92.7907842,44.9141375],[-92.7908605,44.9141574],[-92.7909431,44.9141813],[-92.7910199,44.9142059],[-92.7911221,44.9142436],[-92.7912483,44.9142928],[-92.7913465,44.9143332],[-92.7917738,44.9145203],[-92.7920534,44.91464],[-92.7921815,44.9146915],[-92.7928194,44.9149429],[-92.7929396,44.9149923],[-92.793068,44.9150474],[-92.7932008,44.915107],[-92.7932779,44.9151445],[-92.793364,44.9151889],[-92.7934456,44.9152334],[-92.7935153,44.9152745],[-92.793611,44.9153343],[-92.7937118,44.9154007],[-92.7938298,44.9154828],[-92.7942635,44.9157936],[-92.7946122,44.9160372],[-92.7946904,44.9160893],[-92.7948921,44.9162188],[-92.7951181,44.9163558],[-92.7951881,44.9163968],[-92.7953252,44.91647],[-92.7958872,44.9167577],[-92.7964357,44.9170305],[-92.7966182,44.9171244],[-92.7968368,44.9172395],[-92.7969056,44.9172775],[-92.7975691,44.917657],[-92.7976323,44.9176918],[-92.7976963,44.9177247],[-92.7977588,44.9177544],[-92.7978174,44.9177795],[-92.7978444,44.9177898],[-92.7979034,44.9178094],[-92.797972,44.917829],[-92.7980445,44.9178473],[-92.7981152,44.9178627],[-92.7981783,44.9178739],[-92.7982764,44.9178858],[-92.7983492,44.9178923],[-92.7984557,44.9178986],[-92.798517,44.9179],[-92.7986381,44.9178986],[-92.7987819,44.9178948],[-92.7988772,44.9178905],[-92.7989496,44.9178847],[-92.7990982,44.9178699],[-92.7991837,44.9178595],[-92.7993076,44.9178423],[-92.7995135,44.9178117],[-92.8001239,44.9177166],[-92.8001956,44.9177078],[-92.8002709,44.9177014],[-92.8003498,44.917698],[-92.8003907,44.9176975],[-92.800475,44.9176991],[-92.8005177,44.9177017],[-92.8005598,44.9177059],[-92.8006012,44.9177117],[-92.8006418,44.9177189],[-92.8007201,44.9177371],[-92.8007941,44.9177596],[-92.8008632,44.9177856],[-92.8009267,44.9178144],[-92.8009841,44.9178454],[-92.801035,44.9178774],[-92.8010579,44.9178935],[-92.8010981,44.9179251],[-92.8011477,44.9179714],[-92.8011936,44.9180205],[-92.8012331,44.9180701],[-92.8012632,44.9181177],[-92.8012878,44.9181692],[-92.8013067,44.9182209],[-92.8013179,44.9182656],[-92.8013215,44.9182935],[-92.8013248,44.918356],[-92.8013239,44.9184168]]}},{"type":"Feature","id":"way/18305820","properties":{"highway":"secondary","maxspeed":"30 mph","name":"Saint Croix Trail South","name:etymology:wikidata":"Q1507416","ref":"CH 21","osm_type":"way","osm_id":18305820},"geometry":{"type":"LineString","coordinates":[[-92.7832321,44.9028423],[-92.7832338,44.9027133],[-92.7832277,44.9018069],[-92.7832289,44.9017074],[-92.7832321,44.9008488],[-92.7832326,44.9007503],[-92.7832338,44.900653],[-92.7832342,44.9003721],[-92.7832375,44.8996872],[-92.7832392,44.899194],[-92.7832432,44.898697],[-92.7832441,44.8983319],[-92.7832463,44.8976065],[-92.7832532,44.8965743],[-92.7832568,44.8964813],[-92.7832726,44.8960576],[-92.7832842,44.8956357],[-92.783286,44.8955573],[-92.7832915,44.8952726],[-92.7832975,44.8950558],[-92.7833065,44.894933],[-92.783313,44.8948843],[-92.78332,44.8948473],[-92.783341,44.8947656],[-92.7833564,44.8947143],[-92.7833668,44.8946848],[-92.7833804,44.8946545],[-92.7834088,44.8946],[-92.7834376,44.8945494],[-92.7834777,44.8944872],[-92.7835107,44.8944398],[-92.7835318,44.8944123],[-92.7835654,44.8943728],[-92.7836453,44.8942865],[-92.7836733,44.8942592],[-92.7837475,44.8941925],[-92.7839381,44.8940285],[-92.7841554,44.8938376],[-92.7841826,44.8938107],[-92.7842362,44.8937526],[-92.7842723,44.8937101],[-92.7843067,44.8936664],[-92.7843817,44.8935591],[-92.7844144,44.8935071],[-92.7847196,44.8929994],[-92.7847496,44.8929521],[-92.784804,44.8928725],[-92.7848362,44.8928301],[-92.7848679,44.8927917],[-92.7849023,44.8927546],[-92.7849504,44.8927058],[-92.7849896,44.8926695],[-92.785039,44.892628],[-92.7851001,44.8925811],[-92.785147,44.8925475],[-92.785209,44.892507]]}},{"type":"Feature","id":"way/18306148","properties":{"highway":"residential","name":"34th Street South","osm_type":"way","osm_id":18306148},"geometry":{"type":"LineString","coordinates":[[-92.7832375,44.8996872],[-92.7833509,44.8996872],[-92.7843208,44.899689]]}},{"type":"Feature","id":"way/18306505","properties":{"highway":"residential","name":"32nd Street South","osm_type":"way","osm_id":18306505},"geometry":{"type":"LineString","coordinates":[[-92.7813904,44.9017511],[-92.7817249,44.9017673],[-92.7818419,44.9017729],[-92.7820281,44.901782],[-92.7821391,44.9017864],[-92.7825669,44.9018014],[-92.7829462,44.9018067],[-92.7830886,44.9018069],[-92.7832277,44.9018069],[-92.7833549,44.9018069],[-92.7843348,44.9018038],[-92.7843817,44.9018047],[-92.7844101,44.9018066],[-92.7844575,44.9018131],[-92.784486,44.9018211],[-92.7845069,44.9018298],[-92.7845284,44.9018408],[-92.784549,44.9018536]]}},{"type":"Feature","id":"way/18307108","properties":{"highway":"residential","name":"Pike Avenue South","oneway":"yes","osm_type":"way","osm_id":18307108},"geometry":{"type":"LineString","coordinates":[[-92.7819093,44.9048743],[-92.781897,44.9048672],[-92.7818751,44.9048511],[-92.7818575,44.9048314],[-92.781845,44.9048068],[-92.7818384,44.9047757],[-92.7818381,44.9044766],[-92.7818405,44.9039686],[-92.7818408,44.9039143],[-92.7818492,44.9035494],[-92.7818705,44.9028473]]}},{"type":"Feature","id":"way/18307153","properties":{"railway":"abandoned","osm_type":"way","osm_id":18307153},"geometry":{"type":"LineString","coordinates":[[-92.769455,44.8705836],[-92.7691717,44.8714003],[-92.7691462,44.8714739],[-92.7689982,44.8719698],[-92.768936,44.8722726],[-92.7689103,44.8723977],[-92.7688503,44.8728653],[-92.7688498,44.8729035],[-92.7688383,44.8737863],[-92.7688983,44.8744437],[-92.7690342,44.8749538],[-92.7692821,44.8755772],[-92.7695461,44.8760759],[-92.769882,44.8765633],[-92.7711536,44.8780765],[-92.7724227,44.8794884],[-92.7726806,44.8798265],[-92.7728984,44.8801663],[-92.7730357,44.8805763],[-92.7732096,44.8813524],[-92.7734415,44.8823502],[-92.7736111,44.8828831],[-92.773864,44.883316],[-92.7743463,44.883985],[-92.7750305,44.8847343],[-92.7754716,44.8854475],[-92.7757092,44.8861006],[-92.7762407,44.8868979],[-92.7770607,44.8877954],[-92.77809,44.8888611],[-92.7789326,44.8897346],[-92.7797639,44.8904677],[-92.7802163,44.8910086],[-92.78068,44.8915695],[-92.7813982,44.8925751],[-92.7817715,44.893144],[-92.7820918,44.8939806],[-92.7822234,44.8943787],[-92.7824614,44.8956598],[-92.7826763,44.8965772],[-92.7825638,44.8976695],[-92.7810198,44.9055247],[-92.7808565,44.906441],[-92.7805978,44.907759],[-92.7804692,44.9084486],[-92.7803566,44.9089987],[-92.7802235,44.9095282],[-92.7800816,44.9099063],[-92.7800386,44.9100213],[-92.7799783,44.9101888],[-92.7799177,44.9103414],[-92.7798792,44.9104359],[-92.7797553,44.9107326],[-92.779666,44.9109443],[-92.7795065,44.9113221],[-92.7793844,44.9115932],[-92.7793363,44.9116907],[-92.779286,44.9117893],[-92.7792328,44.9118909],[-92.7791868,44.9119754],[-92.7791696,44.9120048],[-92.7791346,44.9120617],[-92.7790843,44.9121399],[-92.7788087,44.912568],[-92.7784675,44.9129435],[-92.7776065,44.9137956],[-92.7770773,44.9143484],[-92.776298,44.915142]]}},{"type":"Feature","id":"way/59941994","properties":{"name":"Valley Branch","source":"NHD","waterway":"stream","osm_type":"way","osm_id":59941994},"geometry":{"type":"LineString","coordinates":[[-92.7776739,44.9098082],[-92.7776593,44.9097859],[-92.7776398,44.9097419],[-92.7776339,44.909682],[-92.7776739,44.9095243],[-92.7776784,44.9094771],[-92.7776565,44.9093703],[-92.7776003,44.9092631],[-92.7775834,44.9092055],[-92.777582,44.9091392],[-92.7776155,44.9089914],[-92.7776223,44.9089308],[-92.777615,44.9088616],[-92.7775877,44.9088004],[-92.7775386,44.9087533],[-92.7774931,44.9087322],[-92.7774141,44.9087128],[-92.777238,44.9086846],[-92.7771744,44.9086702],[-92.7770894,44.9086392],[-92.7770469,44.9086127],[-92.7770212,44.9085821],[-92.777017,44.9085479],[-92.7770413,44.9084856],[-92.7771094,44.9084019],[-92.7771144,44.9083883],[-92.7771125,44.9083583],[-92.7770948,44.9083278],[-92.7770619,44.9083008],[-92.7770399,44.9082897],[-92.7768241,44.9082147],[-92.7766941,44.9081615],[-92.7765636,44.9081015],[-92.7764497,44.9080397],[-92.776352,44.9079696],[-92.7763048,44.9079279],[-92.776214,44.907832],[-92.7760879,44.90766],[-92.77598,44.9074677],[-92.7759043,44.9072949],[-92.775852,44.9071374],[-92.775809,44.9069494],[-92.7757834,44.9067768],[-92.7757716,44.9065894],[-92.7757788,44.9064759],[-92.7758764,44.9060651],[-92.7759227,44.9058066],[-92.7759539,44.9055048],[-92.7759645,44.9051619],[-92.7759528,44.9050313],[-92.7759374,44.9049533],[-92.7759134,44.9048681],[-92.775879,44.9047766],[-92.7758325,44.9046797],[-92.7757722,44.9045784],[-92.7756963,44.9044737],[-92.7756031,44.9043664],[-92.7754909,44.9042574],[-92.7753615,44.904143],[-92.7745798,44.9034679],[-92.7742535,44.9031787],[-92.7740981,44.9030362],[-92.7739299,44.9028668],[-92.7735164,44.9024746]]}},{"type":"Feature","id":"way/59952350","properties":{"natural":"water","source":"NHD","osm_type":"way","osm_id":59952350},"geometry":{"type":"Polygon","coordinates":[[[-92.7978752,44.8991198],[-92.7982681,44.8989095],[-92.7985062,44.8987269],[-92.7987543,44.8986992],[-92.7989705,44.8987389],[-92.7990241,44.8988381],[-92.7990182,44.8989353],[-92.7989507,44.8993222],[-92.798782,44.8995484],[-92.7986273,44.8996635],[-92.7983038,44.8997092],[-92.7981173,44.8997249],[-92.7978712,44.8996476],[-92.7977304,44.8995881],[-92.797653,44.8994452],[-92.7976688,44.89934],[-92.7977602,44.8992627],[-92.7978752,44.8991198]]]}},{"type":"Feature","id":"way/59954626","properties":{"name":"Kelle's Coulee","source":"NHD","waterway":"stream","osm_type":"way","osm_id":59954626},"geometry":{"type":"LineString","coordinates":[[-92.8100041,44.8801055],[-92.810196,44.8804393],[-92.8102842,44.8806079],[-92.810403,44.8808694],[-92.810438,44.8809585],[-92.8104627,44.8810473],[-92.8104605,44.8812212],[-92.8103861,44.8813893],[-92.8102207,44.881639],[-92.8101711,44.8817234],[-92.8101324,44.8818092],[-92.8100794,44.8819846],[-92.8100273,44.8822532],[-92.810002,44.8825232],[-92.8099997,44.8827028],[-92.8100083,44.8828827],[-92.8100445,44.8833329],[-92.8100547,44.8836938],[-92.8101011,44.8839607],[-92.8101848,44.8842239],[-92.8103451,44.8846603],[-92.8105024,44.8850077],[-92.810551,44.8851817],[-92.8105161,44.8853599],[-92.8104199,44.8855401],[-92.8104143,44.8857076],[-92.8105323,44.8858594],[-92.8106127,44.8859322],[-92.8108784,44.8861475],[-92.8109583,44.8862206],[-92.8110745,44.8863731],[-92.8110933,44.88654],[-92.8110674,44.8866286],[-92.8109484,44.8869009],[-92.8109222,44.8869902],[-92.8108698,44.8873607],[-92.8108493,44.8874502],[-92.8107723,44.8876141],[-92.8106249,44.8877479],[-92.8102019,44.8879614],[-92.8100976,44.8880168],[-92.8100035,44.8880777],[-92.8097513,44.8882787],[-92.8093562,44.8886317],[-92.8088705,44.8890492],[-92.8086933,44.8891897],[-92.8085703,44.8893399],[-92.8085508,44.8895181],[-92.8085721,44.8896131],[-92.8086125,44.889703],[-92.8087511,44.8898466],[-92.8088509,44.8899052],[-92.8091802,44.8900681],[-92.8093381,44.8901957],[-92.809398,44.8903793],[-92.8093929,44.8904811],[-92.8093637,44.8905737],[-92.8092265,44.8906976],[-92.8089886,44.8907715],[-92.8088524,44.8907944],[-92.8087168,44.8908086],[-92.80859,44.8908152],[-92.8083396,44.8908168],[-92.8079596,44.8907999],[-92.8075785,44.8907677],[-92.8072011,44.8907293],[-92.8069505,44.8906941],[-92.8068274,44.8906693],[-92.8067079,44.8906388],[-92.8064852,44.8905577],[-92.8062799,44.8904516],[-92.8060826,44.890336],[-92.8059874,44.890275],[-92.8059038,44.8902],[-92.805678,44.8901352],[-92.8055384,44.8901283],[-92.805406,44.8901382],[-92.8052258,44.8902312],[-92.8050801,44.8904945],[-92.8050273,44.8905786],[-92.8048947,44.8907411],[-92.8048373,44.8908226],[-92.804804,44.8909883],[-92.8048485,44.8910757],[-92.8049187,44.8911579],[-92.8050001,44.8912269],[-92.8050997,44.8912847],[-92.8053201,44.8913891],[-92.8054899,44.8915128],[-92.8055556,44.8916808],[-92.8055632,44.8917745],[-92.8055616,44.8920526],[-92.8055482,44.8921449],[-92.8054559,44.8923103],[-92.8053766,44.8923928],[-92.8052835,44.8924646],[-92.8050752,44.8925143],[-92.8049565,44.8924768],[-92.8048326,44.8924229],[-92.8047111,44.8923785],[-92.8045052,44.8924157],[-92.8043308,44.8925696],[-92.8041032,44.8926269],[-92.8039751,44.8926332],[-92.8038439,44.8926312],[-92.8035881,44.8926128],[-92.803467,44.8925858],[-92.8033475,44.8925503],[-92.8032272,44.8925206],[-92.8028455,44.8925053],[-92.8027154,44.8925103],[-92.8025881,44.8925222],[-92.802351,44.8925729],[-92.8022347,44.8926134],[-92.8021192,44.8926626],[-92.80201,44.8927193],[-92.8019129,44.892782],[-92.8017785,44.892921],[-92.8017834,44.8930961],[-92.8018091,44.8931921],[-92.8018224,44.8932866],[-92.8017681,44.8934602],[-92.8015668,44.8937954],[-92.8015034,44.8939674],[-92.80151,44.8941495],[-92.8015424,44.8943345],[-92.8015345,44.8945103],[-92.8014235,44.8946634],[-92.8012442,44.894801],[-92.8011602,44.8948718],[-92.8010602,44.8950328],[-92.8010424,44.8951235],[-92.8010174,44.8954031],[-92.8009424,44.8955663],[-92.8007852,44.8957077],[-92.8006864,44.8957712],[-92.8005794,44.8958277],[-92.8004681,44.8958757],[-92.8002404,44.8959366],[-92.7999853,44.8959432],[-92.7995973,44.8959167],[-92.7992224,44.8958532],[-92.7989793,44.8958655],[-92.7987448,44.8959503],[-92.7985005,44.8959482],[-92.7981292,44.8958931],[-92.7977556,44.8958257],[-92.7975059,44.8957908],[-92.7971812,44.8957472],[-92.7969884,44.8957391],[-92.7969346,44.8957193],[-92.796892,44.8956731],[-92.7968634,44.8956641],[-92.7968375,44.8956645],[-92.7967846,44.8956829],[-92.7967333,44.8957121],[-92.7967139,44.8957287],[-92.7966999,44.8957692],[-92.796705,44.8958348],[-92.7966993,44.895846],[-92.7966816,44.8958572],[-92.7966328,44.8958658],[-92.7965898,44.8958618],[-92.7965421,44.8958474],[-92.7964791,44.8958147],[-92.7964425,44.8958092],[-92.7964053,44.8958117],[-92.7963544,44.8958226],[-92.7962981,44.8958514],[-92.7962756,44.8958857],[-92.7962742,44.8959072],[-92.7962868,44.8959345],[-92.7963119,44.8959566],[-92.7963517,44.8959785],[-92.7964704,44.8960232],[-92.7964858,44.8960371],[-92.796481,44.896049],[-92.7964316,44.8960765],[-92.7963682,44.8961286],[-92.7963334,44.8961451],[-92.7962464,44.8961627],[-92.7961195,44.8962061],[-92.7960719,44.8962095],[-92.7960209,44.8962052],[-92.7959765,44.8962126],[-92.7959226,44.8962346],[-92.795852,44.8962786],[-92.7957672,44.8963237],[-92.7957384,44.896352],[-92.7957155,44.8964319],[-92.7955777,44.8966319],[-92.7955395,44.8967046],[-92.7955163,44.8967291],[-92.7954869,44.8967452],[-92.795442,44.896756],[-92.7953804,44.8967593],[-92.7952978,44.896757],[-92.7952462,44.8967489],[-92.7951805,44.8967274],[-92.7951396,44.8967077],[-92.7951024,44.8966798],[-92.7950621,44.89664],[-92.7950381,44.8966248],[-92.7950057,44.896616],[-92.7949779,44.8966148],[-92.7948487,44.8966211],[-92.7947895,44.8966308],[-92.794727,44.8966504],[-92.7945793,44.8967115],[-92.7944254,44.8967529],[-92.7943749,44.8967536],[-92.7942787,44.8967324],[-92.7942308,44.8967329],[-92.7941945,44.896744],[-92.794127,44.8967745],[-92.794096,44.896796],[-92.7940806,44.8968188],[-92.7940851,44.8968479],[-92.794102,44.8968726],[-92.7941965,44.8969335],[-92.7941986,44.8969447],[-92.7941854,44.8969724],[-92.7941732,44.8969779],[-92.7941452,44.8969765],[-92.7941194,44.8969827],[-92.794051,44.8970227],[-92.7939658,44.8970599],[-92.793871,44.8971279],[-92.7938241,44.8971725],[-92.7938097,44.897177],[-92.7937905,44.8971744],[-92.7937438,44.8971404],[-92.7936699,44.8971192],[-92.7936006,44.8970921],[-92.793573,44.8970887],[-92.7935542,44.8970959],[-92.793546,44.8971083],[-92.793566,44.8971438],[-92.7935632,44.8971643],[-92.7935504,44.8971786],[-92.7935222,44.8971918],[-92.7934853,44.8971963],[-92.7933866,44.8971841],[-92.7932638,44.8971813],[-92.7932511,44.8971772],[-92.7932416,44.8971656],[-92.7932506,44.8971214],[-92.7932292,44.8970645],[-92.7932143,44.8969738],[-92.7931997,44.8969399],[-92.7931625,44.8969161],[-92.7930975,44.8968987],[-92.793062,44.8968657],[-92.7930357,44.8968509],[-92.7930025,44.8968431],[-92.7929082,44.8968345],[-92.7928739,44.8968177],[-92.7928646,44.8968036],[-92.7928532,44.8967599],[-92.7927738,44.8966143],[-92.7927681,44.8965836],[-92.7927752,44.8965468],[-92.7927724,44.8965266],[-92.7927239,44.8964617],[-92.7926954,44.8964336],[-92.7926744,44.8964205],[-92.7924601,44.8963147],[-92.7924339,44.8962907],[-92.7923614,44.896205],[-92.7923235,44.8961851],[-92.7922855,44.8961789],[-92.7922414,44.8961813],[-92.7921687,44.896206],[-92.7921164,44.8962175],[-92.7921089,44.8962268],[-92.7921045,44.8962716],[-92.7920368,44.8963656],[-92.7919918,44.8964551],[-92.7919616,44.8964768],[-92.7918898,44.8964919],[-92.7917745,44.8964873],[-92.7917255,44.8964713],[-92.7916857,44.8964447],[-92.7916458,44.8963928],[-92.7916048,44.8963523],[-92.7915522,44.89632],[-92.7915167,44.8963107],[-92.7913957,44.8962973],[-92.7913206,44.8962788],[-92.7911972,44.896276],[-92.791115,44.896284],[-92.7910461,44.896301],[-92.7909359,44.8963374],[-92.7908463,44.8963445],[-92.7907823,44.8963816],[-92.7907651,44.8963871],[-92.7907321,44.8963851],[-92.7906869,44.8963717],[-92.7906383,44.8963706],[-92.7906118,44.8963595],[-92.790578,44.8963307],[-92.7905448,44.8962896],[-92.7905273,44.8962463],[-92.7905173,44.8961769],[-92.7904576,44.8961058],[-92.7904272,44.8960832],[-92.7903744,44.896071],[-92.7903193,44.8960423],[-92.7902572,44.8959949],[-92.7902472,44.8959753],[-92.7902496,44.895935],[-92.7902449,44.8959168],[-92.7901443,44.8957693],[-92.7900912,44.8956586],[-92.7900724,44.8955939],[-92.7900789,44.89555],[-92.7900955,44.8955263],[-92.7901822,44.8954624],[-92.7902098,44.8954347],[-92.7902174,44.8954012],[-92.7902013,44.8953666],[-92.7901793,44.8953436],[-92.7900944,44.8952929],[-92.7899976,44.895219],[-92.789937,44.8951913],[-92.7897869,44.8951427],[-92.7897,44.8951018],[-92.7896502,44.8950646],[-92.789606,44.8950039],[-92.7895939,44.894944],[-92.7895973,44.8949225],[-92.7896067,44.8949081],[-92.7896299,44.8948959],[-92.7897413,44.8948718],[-92.7898031,44.8948404],[-92.7898541,44.8947987],[-92.7898766,44.8947689],[-92.7898849,44.8947397],[-92.7898747,44.894712],[-92.7898453,44.8946885],[-92.7897857,44.8946675],[-92.7897287,44.8946589],[-92.7895928,44.8946525],[-92.7894385,44.8946028],[-92.7893482,44.8945945],[-92.7893154,44.8946005],[-92.7892873,44.8946126],[-92.7891753,44.8946922],[-92.7890891,44.8947579],[-92.7890546,44.8947987],[-92.7890217,44.8948269],[-92.7890063,44.894851],[-92.7890011,44.8948908],[-92.7890137,44.894929],[-92.7890364,44.8949505],[-92.7891036,44.8949859],[-92.7891583,44.8950364],[-92.7891782,44.8950634],[-92.789187,44.8950855],[-92.7891834,44.8951173],[-92.7891563,44.8951635],[-92.7891172,44.8951989],[-92.7891036,44.8952391],[-92.7890861,44.8952524],[-92.7890376,44.8952741],[-92.7890252,44.8952854],[-92.7890227,44.8952952],[-92.7890322,44.8953181],[-92.7889947,44.8953492],[-92.7889743,44.895381],[-92.788969,44.8954011],[-92.7889704,44.8954397],[-92.7889593,44.8954666],[-92.7889228,44.8955125],[-92.7888341,44.8956041],[-92.7888191,44.8956506],[-92.7888306,44.8957127],[-92.7888274,44.8957286],[-92.7888107,44.8957368],[-92.7887467,44.8957356],[-92.7887286,44.895752],[-92.7887234,44.8957763],[-92.7887292,44.8958074],[-92.7887599,44.8958613],[-92.7887672,44.8959218],[-92.7887984,44.8959852],[-92.788804,44.8960432],[-92.7888624,44.8961171],[-92.7888812,44.8961845],[-92.7889383,44.8962797],[-92.7889439,44.8963135],[-92.7889388,44.8963455],[-92.788917,44.8963896],[-92.7888337,44.8964927],[-92.7887752,44.8965411],[-92.7887579,44.8965821],[-92.7887284,44.8966122],[-92.7887251,44.8966258],[-92.7887317,44.8966652],[-92.7887233,44.8966837],[-92.788711,44.8966934],[-92.7886345,44.8967259],[-92.7885867,44.8967542],[-92.7885088,44.8968203],[-92.7884587,44.8968807],[-92.7884329,44.8969338],[-92.7884218,44.8969831],[-92.7884296,44.8971471],[-92.7884157,44.8971803],[-92.7883909,44.8972079],[-92.7883584,44.8972237],[-92.7883292,44.8972301],[-92.7882957,44.8972297],[-92.7882708,44.8972238],[-92.7882059,44.8971882],[-92.7881322,44.897121],[-92.7880862,44.8970888],[-92.7880376,44.8970667],[-92.7880055,44.8970663],[-92.7879804,44.8970772],[-92.7879596,44.8971029],[-92.7879103,44.8972665],[-92.787875,44.8973045],[-92.787836,44.8973314],[-92.7877697,44.8973552],[-92.7876747,44.8973731],[-92.7875795,44.8973778],[-92.7874756,44.8973702],[-92.7874249,44.8973536],[-92.7874022,44.8973295],[-92.787395,44.89729],[-92.7874006,44.8972364],[-92.7873912,44.897217],[-92.7873663,44.8972045],[-92.7873008,44.8971967],[-92.787256,44.8971674],[-92.7872152,44.8971487],[-92.7871623,44.8971393],[-92.7871221,44.8971433],[-92.7870771,44.8971593],[-92.7870056,44.8971966],[-92.7869685,44.897209],[-92.7869459,44.8972112],[-92.7869086,44.8972047],[-92.786895,44.8971982],[-92.7868861,44.8971895],[-92.7868804,44.8971675],[-92.7868685,44.8971557],[-92.7867935,44.8971412],[-92.7867486,44.8971155],[-92.7866923,44.8970694],[-92.7866676,44.8970426],[-92.7866608,44.8970277],[-92.7866628,44.8969928],[-92.7866985,44.8969262],[-92.7867025,44.8968986],[-92.786691,44.8968385],[-92.7866895,44.8967765],[-92.786669,44.89674],[-92.7866444,44.8967215],[-92.7866048,44.8967147],[-92.7865366,44.8967313],[-92.7864962,44.8967542],[-92.7864598,44.8967919],[-92.7864436,44.8967994],[-92.786415,44.8967999],[-92.7863598,44.896782],[-92.7863325,44.8967805],[-92.7863081,44.8967884],[-92.7862871,44.8968054],[-92.7862501,44.8968253],[-92.7862137,44.8968355]]}},{"type":"Feature","id":"way/60862184","properties":{"amenity":"grave_yard","landuse":"cemetery","name":"Evergreen Community Cemetery","osm_type":"way","osm_id":60862184},"geometry":{"type":"Polygon","coordinates":[[[-92.788,44.9030898],[-92.7880107,44.9035457],[-92.7873786,44.9035993],[-92.7873771,44.9035146],[-92.7868205,44.9035609],[-92.7868198,44.9040682],[-92.787823,44.9039838],[-92.7880184,44.9041662],[-92.7880214,44.9044177],[-92.7888167,44.9044139],[-92.7888087,44.9030219],[-92.788,44.9030898]]]}},{"type":"Feature","id":"way/60862185","properties":{"amenity":"grave_yard","denomination":"lutheran","landuse":"cemetery","name":"Memorial Lutheran Church Cemetery","religion":"christian","osm_type":"way","osm_id":60862185},"geometry":{"type":"Polygon","coordinates":[[[-92.7871919,44.9034588],[-92.7871866,44.9032222],[-92.7866816,44.9032645],[-92.7866857,44.9034996],[-92.7871919,44.9034588]]]}},{"type":"Feature","id":"way/193315375","properties":{"highway":"residential","name":"Upper 34th Street South","surface":"asphalt","osm_type":"way","osm_id":193315375},"geometry":{"type":"LineString","coordinates":[[-92.7861415,44.899673],[-92.7861989,44.8996726],[-92.7862557,44.8996703],[-92.7863727,44.8996618],[-92.7867213,44.8996308],[-92.7867627,44.8996248],[-92.7867831,44.8996201],[-92.7868025,44.8996142],[-92.7868207,44.899607],[-92.786837,44.8995984],[-92.786851,44.8995884],[-92.7868623,44.8995768],[-92.7868704,44.8995636],[-92.7868748,44.8995486],[-92.7868877,44.8994605],[-92.7868938,44.8994345],[-92.7869078,44.899399],[-92.7869304,44.8993654],[-92.7869617,44.8993324],[-92.7869873,44.8993101],[-92.7870324,44.8992759],[-92.7870834,44.8992411],[-92.7872368,44.899142],[-92.7872715,44.8991171],[-92.7873139,44.8990841],[-92.7873427,44.8990576],[-92.7873785,44.8990166],[-92.7874162,44.8989651],[-92.7874837,44.8988642],[-92.7875014,44.8988416]]}},{"type":"Feature","id":"way/193315379","properties":{"highway":"residential","name":"35th Street South","tiger:cfcc":"A41","tiger:county":"Washington, MN","tiger:name_base":"35th","tiger:name_direction_suffix":"S","tiger:name_type":"St","tiger:reviewed":"no","osm_type":"way","osm_id":193315379},"geometry":{"type":"LineString","coordinates":[[-92.7832463,44.8976065],[-92.7831495,44.8976062],[-92.7819955,44.8976047]]}},{"type":"Feature","id":"way/238014235","properties":{"highway":"service","service":"driveway","osm_type":"way","osm_id":238014235},"geometry":{"type":"LineString","coordinates":[[-92.7689885,44.8949212],[-92.7690384,44.895263],[-92.7691466,44.895481],[-92.7692214,44.8956755],[-92.7692297,44.895867],[-92.7693046,44.8959996],[-92.7693837,44.8961087],[-92.7695084,44.8962206],[-92.7695001,44.8963238],[-92.7695875,44.896421],[-92.7696291,44.8964976]]}},{"type":"Feature","id":"way/246085344","properties":{"leisure":"park","name":"Town Square Park","osm_type":"way","osm_id":246085344},"geometry":{"type":"Polygon","coordinates":[[[-92.7833015,44.899143],[-92.7833036,44.8991335],[-92.7833192,44.8991054],[-92.7833212,44.8990974],[-92.7833238,44.8987756],[-92.7833248,44.8987675],[-92.7833275,44.8987597],[-92.783332,44.8987524],[-92.7833374,44.8987463],[-92.783338,44.8987456],[-92.7833454,44.8987396],[-92.7833541,44.8987343],[-92.7833594,44.898732],[-92.783364,44.89873],[-92.7833749,44.8987267],[-92.7833867,44.8987247],[-92.7833993,44.8987239],[-92.7838775,44.8987218],[-92.7838892,44.8987218],[-92.784396,44.8987196],[-92.784546,44.8987189],[-92.7845967,44.8987187],[-92.7845993,44.8996593],[-92.784548,44.8996592],[-92.7840354,44.8996583],[-92.7834225,44.8996572],[-92.7833624,44.8996571],[-92.7833618,44.8996571],[-92.7833527,44.8996564],[-92.7833439,44.8996545],[-92.7833391,44.8996528],[-92.7833356,44.8996515],[-92.7833279,44.8996474],[-92.7833211,44.8996425],[-92.7833151,44.8996369],[-92.7833103,44.8996305],[-92.7833066,44.8996237],[-92.7833043,44.8996164],[-92.7833035,44.8996087],[-92.7833041,44.8995699],[-92.783307,44.8995609],[-92.7833176,44.8995381],[-92.7833192,44.8995282],[-92.7833202,44.899256],[-92.7833183,44.8992475],[-92.7833052,44.8992246],[-92.7833015,44.8992159],[-92.783301,44.8992119],[-92.7833013,44.8991748],[-92.7833015,44.899143]]]}},{"type":"Feature","id":"way/246085345","properties":{"natural":"water","water":"pond","osm_type":"way","osm_id":246085345},"geometry":{"type":"Polygon","coordinates":[[[-92.780301,44.8997043],[-92.7802033,44.8996971],[-92.7801254,44.8996824],[-92.7800211,44.8996417],[-92.7799627,44.899604],[-92.7799424,44.8995838],[-92.779916,44.8995411],[-92.7799015,44.8994724],[-92.7799028,44.8993986],[-92.7799335,44.8993114],[-92.7800625,44.899087],[-92.7801011,44.8990094],[-92.7801872,44.8987999],[-92.7802167,44.8987029],[-92.7802379,44.8986068],[-92.7802751,44.8983589],[-92.7803047,44.8982836],[-92.780325,44.898257],[-92.7803672,44.8982275],[-92.7805161,44.8981571],[-92.7806236,44.8981228],[-92.7806799,44.8981129],[-92.7807342,44.8981119],[-92.7807825,44.8981235],[-92.780803,44.8981351],[-92.780918,44.8982474],[-92.7809668,44.8982824],[-92.7810869,44.8983549],[-92.7811475,44.8984179],[-92.7811731,44.8984742],[-92.7812253,44.8986568],[-92.7813094,44.8988821],[-92.7813198,44.8989416],[-92.781317,44.8990222],[-92.7812931,44.8990939],[-92.7811366,44.8994389],[-92.7810672,44.8995508],[-92.7810311,44.8995954],[-92.7809961,44.8996284],[-92.7809279,44.8996634],[-92.7808675,44.8996812],[-92.7808002,44.8996941],[-92.7806957,44.899703],[-92.780301,44.8997043]]]}},{"type":"Feature","id":"way/246085346","properties":{"addr:city":"Afton","addr:housenumber":"3419","addr:postcode":"55001","addr:street":"Saint Croix Trail South","amenity":"cafe","building":"retail","name":"Selma's","osm_type":"way","osm_id":246085346},"geometry":{"type":"Polygon","coordinates":[[[-92.7829742,44.8992097],[-92.7828337,44.8992094],[-92.7828338,44.8991824],[-92.7828751,44.8991825],[-92.7828752,44.8991466],[-92.7827662,44.8991464],[-92.7827665,44.8990676],[-92.7829736,44.899068],[-92.7829735,44.8990714],[-92.7830027,44.8990714],[-92.7830025,44.8991173],[-92.7830024,44.8991454],[-92.7829744,44.8991453],[-92.7829742,44.8992097]]]}},{"type":"Feature","id":"way/246085454","properties":{"building":"yes","osm_type":"way","osm_id":246085454},"geometry":{"type":"Polygon","coordinates":[[[-92.7826466,44.8992901],[-92.7826462,44.8992502],[-92.7828623,44.8992491],[-92.7828627,44.8992889],[-92.7826466,44.8992901]]]}},{"type":"Feature","id":"way/246085678","properties":{"addr:city":"Afton","addr:housenumber":"3411","addr:postcode":"55001","addr:street":"St Croix Trail South","building":"yes","osm_type":"way","osm_id":246085678},"geometry":{"type":"Polygon","coordinates":[[[-92.7829012,44.8995578],[-92.7828834,44.8995706],[-92.7828579,44.8995708],[-92.7828398,44.8995581],[-92.7828396,44.8995427],[-92.7826661,44.8995433],[-92.7826653,44.8994255],[-92.7827967,44.8994251],[-92.7827964,44.8993702],[-92.7829548,44.8993697],[-92.7829555,44.8994658],[-92.7829209,44.899466],[-92.7829007,44.899479],[-92.7829012,44.8995578]]]}},{"type":"Feature","id":"way/246087078","properties":{"addr:city":"Afton","addr:housenumber":"3390","addr:postcode":"55001","addr:street":"St Croix Trail South","building":"yes","building:levels":"2","osm_type":"way","osm_id":246087078},"geometry":{"type":"Polygon","coordinates":[[[-92.7835012,44.8999671],[-92.7835014,44.8998641],[-92.7836085,44.8998642],[-92.7836084,44.8998936],[-92.7838182,44.8998939],[-92.783818,44.8999747],[-92.7836377,44.8999745],[-92.7836377,44.8999673],[-92.7836148,44.8999673],[-92.7836148,44.8999705],[-92.7835291,44.8999704],[-92.7835291,44.8999671],[-92.7835012,44.8999671]]]}},{"type":"Feature","id":"way/246087646","properties":{"building":"yes","osm_type":"way","osm_id":246087646},"geometry":{"type":"Polygon","coordinates":[[[-92.7841502,44.8999369],[-92.7840366,44.8999376],[-92.784035,44.8998191],[-92.7841487,44.8998183],[-92.7841502,44.8999369]]]}},{"type":"Feature","id":"way/246087647","properties":{"building":"yes","osm_type":"way","osm_id":246087647},"geometry":{"type":"Polygon","coordinates":[[[-92.7842713,44.899956],[-92.784273,44.8998787],[-92.7843288,44.8998794],[-92.7843283,44.8999014],[-92.7843694,44.8999018],[-92.7843706,44.8998466],[-92.7845238,44.8998483],[-92.7845216,44.8999481],[-92.7844657,44.8999475],[-92.7844651,44.8999725],[-92.7843718,44.8999715],[-92.7843723,44.8999485],[-92.784329,44.899948],[-92.7843288,44.8999566],[-92.7842713,44.899956]]]}},{"type":"Feature","id":"way/246087649","properties":{"building":"yes","osm_type":"way","osm_id":246087649},"geometry":{"type":"Polygon","coordinates":[[[-92.7830565,44.900632],[-92.7827541,44.9006323],[-92.7827539,44.9005146],[-92.782932,44.9005145],[-92.7829321,44.9005676],[-92.7830564,44.9005675],[-92.7830565,44.900632]]]}},{"type":"Feature","id":"way/246087650","properties":{"building":"yes","osm_type":"way","osm_id":246087650},"geometry":{"type":"Polygon","coordinates":[[[-92.7830578,44.9003575],[-92.782746,44.9003562],[-92.7827469,44.9002432],[-92.7830587,44.9002445],[-92.7830578,44.9003575]]]}},{"type":"Feature","id":"way/246088152","properties":{"building":"yes","osm_type":"way","osm_id":246088152},"geometry":{"type":"Polygon","coordinates":[[[-92.7836768,44.9010504],[-92.7834731,44.9010493],[-92.7834747,44.9008881],[-92.7835515,44.9008885],[-92.7835517,44.9008678],[-92.7836786,44.9008685],[-92.7836768,44.9010504]]]}},{"type":"Feature","id":"way/246088153","properties":{"building":"yes","osm_type":"way","osm_id":246088153},"geometry":{"type":"Polygon","coordinates":[[[-92.7840678,44.9009963],[-92.7839072,44.9009961],[-92.7839074,44.900933],[-92.7839451,44.9009331],[-92.7839452,44.9009203],[-92.7840681,44.9009205],[-92.7840678,44.9009963]]]}},{"type":"Feature","id":"way/246088154","properties":{"building":"yes","osm_type":"way","osm_id":246088154},"geometry":{"type":"Polygon","coordinates":[[[-92.7827942,44.8984878],[-92.782643,44.8984879],[-92.782643,44.8984531],[-92.7825897,44.8984532],[-92.7825897,44.8983966],[-92.7826453,44.8983966],[-92.7826453,44.8983316],[-92.7828123,44.8983315],[-92.7828123,44.8984258],[-92.7827942,44.8984258],[-92.7827942,44.8984878]]]}},{"type":"Feature","id":"way/246088155","properties":{"building":"yes","osm_type":"way","osm_id":246088155},"geometry":{"type":"Polygon","coordinates":[[[-92.784165,44.8985465],[-92.7839551,44.8985484],[-92.7839541,44.8984921],[-92.784164,44.8984902],[-92.784165,44.8985465]]]}},{"type":"Feature","id":"way/246088156","properties":{"building":"yes","osm_type":"way","osm_id":246088156},"geometry":{"type":"Polygon","coordinates":[[[-92.7840411,44.8983688],[-92.7839519,44.8983688],[-92.7839519,44.8983019],[-92.7840411,44.8983019],[-92.7840411,44.8983688]]]}},{"type":"Feature","id":"way/246088157","properties":{"building":"yes","osm_type":"way","osm_id":246088157},"geometry":{"type":"Polygon","coordinates":[[[-92.783913,44.8985115],[-92.7838245,44.8985115],[-92.7838245,44.8984441],[-92.783913,44.8984441],[-92.783913,44.8985115]]]}},{"type":"Feature","id":"way/246088158","properties":{"building":"yes","osm_type":"way","osm_id":246088158},"geometry":{"type":"Polygon","coordinates":[[[-92.7837147,44.8984761],[-92.7835846,44.8984753],[-92.7835857,44.8983815],[-92.7835616,44.8983813],[-92.7835623,44.898323],[-92.7837165,44.8983239],[-92.7837147,44.8984761]]]}},{"type":"Feature","id":"way/246088159","properties":{"building":"yes","osm_type":"way","osm_id":246088159},"geometry":{"type":"Polygon","coordinates":[[[-92.7844861,44.8982444],[-92.7842746,44.8982468],[-92.784273,44.898175],[-92.7844845,44.8981726],[-92.7844861,44.8982444]]]}},{"type":"Feature","id":"way/246088160","properties":{"building":"yes","osm_type":"way","osm_id":246088160},"geometry":{"type":"Polygon","coordinates":[[[-92.7844293,44.8978901],[-92.7844287,44.8979093],[-92.7843955,44.8979087],[-92.7843948,44.8979282],[-92.7843208,44.8979268],[-92.7843219,44.8978952],[-92.7842577,44.8978941],[-92.7842617,44.8977849],[-92.7844313,44.897788],[-92.78443,44.8978218],[-92.7844607,44.8978223],[-92.784461,44.8978144],[-92.7845672,44.8978164],[-92.7845644,44.8978925],[-92.7844293,44.8978901]]]}},{"type":"Feature","id":"way/246088161","properties":{"building":"yes","osm_type":"way","osm_id":246088161},"geometry":{"type":"Polygon","coordinates":[[[-92.7841567,44.897864],[-92.7840581,44.8978639],[-92.7840583,44.8977743],[-92.7841569,44.8977744],[-92.7841567,44.897864]]]}},{"type":"Feature","id":"way/246088162","properties":{"building":"yes","osm_type":"way","osm_id":246088162},"geometry":{"type":"Polygon","coordinates":[[[-92.7834391,44.8977535],[-92.7834395,44.8978319],[-92.7834986,44.8978318],[-92.7834987,44.8978537],[-92.783632,44.8978534],[-92.783632,44.8978592],[-92.7837543,44.8978589],[-92.7837539,44.8977802],[-92.783656,44.8977805],[-92.7836558,44.8977529],[-92.7834391,44.8977535]]]}},{"type":"Feature","id":"way/246088163","properties":{"building":"yes","osm_type":"way","osm_id":246088163},"geometry":{"type":"Polygon","coordinates":[[[-92.7838483,44.8974128],[-92.783743,44.8974127],[-92.7837431,44.8973837],[-92.7837168,44.8973836],[-92.7837169,44.8973403],[-92.7836671,44.8973403],[-92.7836673,44.8972746],[-92.7837618,44.8972747],[-92.7837618,44.8972482],[-92.7837247,44.8972481],[-92.7837248,44.8971949],[-92.783765,44.8971949],[-92.783765,44.8971635],[-92.7838246,44.8971636],[-92.7838245,44.8971949],[-92.7838483,44.8971949],[-92.7838482,44.8972485],[-92.7838294,44.8972485],[-92.7838293,44.897275],[-92.7838452,44.897275],[-92.783845,44.8973303],[-92.7838243,44.8973303],[-92.7838243,44.8973547],[-92.7838484,44.8973547],[-92.7838483,44.8974128]]]}},{"type":"Feature","id":"way/246088164","properties":{"building":"yes","osm_type":"way","osm_id":246088164},"geometry":{"type":"Polygon","coordinates":[[[-92.7841931,44.8974152],[-92.7840503,44.8974154],[-92.78405,44.897293],[-92.7841403,44.8972929],[-92.7841404,44.897321],[-92.7841929,44.8973209],[-92.7841931,44.8974152]]]}},{"type":"Feature","id":"way/246088165","properties":{"building":"yes","osm_type":"way","osm_id":246088165},"geometry":{"type":"Polygon","coordinates":[[[-92.7839884,44.8971724],[-92.7839888,44.8972115],[-92.7839255,44.8972119],[-92.7839243,44.8971119],[-92.7840156,44.8971114],[-92.7840163,44.8971722],[-92.7839884,44.8971724]]]}},{"type":"Feature","id":"way/246088166","properties":{"building":"yes","osm_type":"way","osm_id":246088166},"geometry":{"type":"Polygon","coordinates":[[[-92.7827957,44.897421],[-92.7826854,44.8974188],[-92.7826894,44.897317],[-92.7827177,44.8973175],[-92.7827303,44.8973083],[-92.7827317,44.8972723],[-92.7827826,44.8972732],[-92.7827827,44.8972707],[-92.7829038,44.8972731],[-92.7829005,44.8973606],[-92.7827981,44.8973586],[-92.7827957,44.897421]]]}},{"type":"Feature","id":"way/246088167","properties":{"building":"yes","osm_type":"way","osm_id":246088167},"geometry":{"type":"Polygon","coordinates":[[[-92.7836547,44.8967516],[-92.7834908,44.8967495],[-92.7834923,44.8966873],[-92.7836563,44.8966893],[-92.7836547,44.8967516]]]}},{"type":"Feature","id":"way/246088168","properties":{"building":"yes","osm_type":"way","osm_id":246088168},"geometry":{"type":"Polygon","coordinates":[[[-92.7841467,44.8968333],[-92.7841488,44.8967243],[-92.7842342,44.8967251],[-92.7842341,44.8967324],[-92.7843161,44.8967332],[-92.7843157,44.8967541],[-92.7844016,44.896755],[-92.7844,44.8968358],[-92.7841467,44.8968333]]]}},{"type":"Feature","id":"way/246088170","properties":{"building":"yes","osm_type":"way","osm_id":246088170},"geometry":{"type":"Polygon","coordinates":[[[-92.7840978,44.8964332],[-92.7839911,44.8964328],[-92.7839913,44.8964025],[-92.7839549,44.8964024],[-92.7839549,44.8963923],[-92.7838838,44.8963921],[-92.7838846,44.8962892],[-92.7839505,44.8962894],[-92.7839507,44.8962698],[-92.7840458,44.8962702],[-92.7840451,44.8963661],[-92.7840983,44.8963663],[-92.7840978,44.8964332]]]}},{"type":"Feature","id":"way/246088171","properties":{"building":"yes","osm_type":"way","osm_id":246088171},"geometry":{"type":"Polygon","coordinates":[[[-92.7843136,44.8962572],[-92.7843131,44.8963873],[-92.7844355,44.8963875],[-92.7844353,44.8964198],[-92.7845445,44.8964201],[-92.7845448,44.8963419],[-92.7844528,44.8963416],[-92.7844534,44.8962103],[-92.7843748,44.8962101],[-92.7843746,44.8962573],[-92.7843136,44.8962572]]]}},{"type":"Feature","id":"way/246088172","properties":{"building":"yes","osm_type":"way","osm_id":246088172},"geometry":{"type":"Polygon","coordinates":[[[-92.7850468,44.8964387],[-92.7848847,44.8964381],[-92.7848852,44.8963692],[-92.7849281,44.8963693],[-92.7849283,44.8963315],[-92.7849382,44.8963315],[-92.7849384,44.896294],[-92.7850185,44.8962942],[-92.7850184,44.8963097],[-92.7850477,44.8963098],[-92.7850468,44.8964387]]]}},{"type":"Feature","id":"way/246088174","properties":{"building":"yes","osm_type":"way","osm_id":246088174},"geometry":{"type":"Polygon","coordinates":[[[-92.785388,44.8964287],[-92.7852569,44.8964306],[-92.7852547,44.896358],[-92.7853858,44.896356],[-92.785388,44.8964287]]]}},{"type":"Feature","id":"way/246088175","properties":{"building":"yes","osm_type":"way","osm_id":246088175},"geometry":{"type":"Polygon","coordinates":[[[-92.7861138,44.8967543],[-92.7860896,44.8967543],[-92.7860896,44.8967787],[-92.7860319,44.8967787],[-92.7860319,44.8967543],[-92.7859844,44.8967543],[-92.7859844,44.896708],[-92.7859702,44.896708],[-92.7859702,44.8966761],[-92.7859844,44.8966761],[-92.7859844,44.8966401],[-92.7860728,44.8966401],[-92.7860728,44.8966683],[-92.7861138,44.8966683],[-92.7861138,44.8967543]]]}},{"type":"Feature","id":"way/246088177","properties":{"building":"yes","osm_type":"way","osm_id":246088177},"geometry":{"type":"Polygon","coordinates":[[[-92.7863568,44.8964678],[-92.7862867,44.896468],[-92.7862862,44.8963937],[-92.7863563,44.8963934],[-92.7863568,44.8964678]]]}},{"type":"Feature","id":"way/246088179","properties":{"building":"yes","osm_type":"way","osm_id":246088179},"geometry":{"type":"Polygon","coordinates":[[[-92.7865563,44.8972117],[-92.7864289,44.8972076],[-92.786421,44.8973303],[-92.7865477,44.8973344],[-92.7865483,44.8973248],[-92.7866016,44.8973265],[-92.7866076,44.8972343],[-92.7865549,44.8972326],[-92.7865563,44.8972117]]]}},{"type":"Feature","id":"way/246088181","properties":{"building":"yes","osm_type":"way","osm_id":246088181},"geometry":{"type":"Polygon","coordinates":[[[-92.7867856,44.8972405],[-92.7867001,44.8972945],[-92.7866214,44.8972319],[-92.786707,44.8971779],[-92.7867856,44.8972405]]]}},{"type":"Feature","id":"way/246088182","properties":{"building":"yes","osm_type":"way","osm_id":246088182},"geometry":{"type":"Polygon","coordinates":[[[-92.7889444,44.8967263],[-92.7888966,44.8967015],[-92.7889576,44.8966424],[-92.7890072,44.8966681],[-92.7890252,44.8966507],[-92.7890849,44.8966816],[-92.7889977,44.896766],[-92.7889362,44.8967342],[-92.7889444,44.8967263]]]}},{"type":"Feature","id":"way/246088183","properties":{"building":"yes","osm_type":"way","osm_id":246088183},"geometry":{"type":"Polygon","coordinates":[[[-92.789423,44.8965112],[-92.7894149,44.8964694],[-92.7893565,44.896475],[-92.7893646,44.8965168],[-92.789423,44.8965112]]]}},{"type":"Feature","id":"way/246088185","properties":{"building":"yes","osm_type":"way","osm_id":246088185},"geometry":{"type":"Polygon","coordinates":[[[-92.7877407,44.8962076],[-92.7876876,44.8961416],[-92.7876117,44.8961723],[-92.7876272,44.8961915],[-92.7876082,44.8961992],[-92.787602,44.8961915],[-92.7875279,44.8962215],[-92.7875778,44.8962834],[-92.7876523,44.8962533],[-92.7876385,44.8962362],[-92.7876574,44.8962286],[-92.7876651,44.8962381],[-92.7877407,44.8962076]]]}},{"type":"Feature","id":"way/283720810","properties":{"highway":"service","oneway":"no","service":"driveway","osm_type":"way","osm_id":283720810},"geometry":{"type":"LineString","coordinates":[[-92.7810159,44.9089156],[-92.7807141,44.9088404]]}},{"type":"Feature","id":"way/295578851","properties":{"highway":"secondary","lanes":"2","maxspeed":"50 mph","name":"Saint Croix Trail South","name:etymology:wikidata":"Q1507416","ref":"CH 18","surface":"asphalt","osm_type":"way","osm_id":295578851},"geometry":{"type":"LineString","coordinates":[[-92.7801076,44.9110853],[-92.7802874,44.9106428],[-92.7804528,44.9102442],[-92.7808352,44.9093301],[-92.7809587,44.9090413],[-92.7810159,44.9089156],[-92.7811188,44.9087018],[-92.7811608,44.9086233],[-92.781238,44.9084856],[-92.7812851,44.9084059],[-92.7814021,44.9082183],[-92.7814769,44.9081015],[-92.7815497,44.9079974],[-92.7816747,44.9078246],[-92.7817334,44.9077472],[-92.7818017,44.9076606],[-92.7822007,44.9071675],[-92.7822333,44.9071253],[-92.7822855,44.9070543]]}},{"type":"Feature","id":"way/474016813","properties":{"boat":"yes","canoe":"yes","intermittent":"no","name":"Saint Croix River","name:en":"Saint Croix River","name:fr":"Rivi\u00e8re Sainte-Croix","name:oj":"Jiibayaatigo-ziibi","name:win":"N\u0105\u0105h\u0173 n\u012f\u012f\u0161\u0105n\u0105k","rapids":"no","ship":"yes","source":"NHD","tidal":"no","waterway":"river","osm_type":"way","osm_id":474016813},"geometry":{"type":"LineString","coordinates":[[-92.7565472,44.9185903],[-92.7568638,44.916911],[-92.7571874,44.9154656],[-92.7579299,44.91278],[-92.7585984,44.9110734],[-92.7594137,44.9098881],[-92.7606368,44.9087331],[-92.7621603,44.9076541],[-92.7639051,44.9067494],[-92.7672428,44.9053401],[-92.7702376,44.9041587],[-92.7712047,44.9037255],[-92.7720416,44.9033075],[-92.7735164,44.9024746],[-92.7738118,44.9021752],[-92.7741551,44.9017041],[-92.7743483,44.9012253],[-92.7745501,44.9003867],[-92.7748418,44.8986566],[-92.7752235,44.8964361],[-92.7753249,44.8956118],[-92.7753568,44.8946286],[-92.7753139,44.8935949],[-92.7750778,44.8925156],[-92.7733285,44.8890186],[-92.7679351,44.8808287],[-92.7642163,44.875889],[-92.7647255,44.872545],[-92.7686835,44.8643577],[-92.7690756,44.8621155]]}},{"type":"Feature","id":"way/731544959","properties":{"access":"private","highway":"service","service":"driveway","osm_type":"way","osm_id":731544959},"geometry":{"type":"LineString","coordinates":[[-92.7905704,44.8991179],[-92.7905734,44.8994524],[-92.7905739,44.8995067],[-92.7905713,44.8995414],[-92.7905626,44.8995758],[-92.7905474,44.8996105],[-92.7905246,44.8996477],[-92.7904859,44.8997022],[-92.7904386,44.8997626],[-92.7903985,44.8998036],[-92.7903601,44.8998337],[-92.7903122,44.8998612],[-92.7902737,44.8998778],[-92.7902362,44.8998892],[-92.7901733,44.8999016],[-92.7901254,44.8999083],[-92.7900872,44.8999111],[-92.7898293,44.8999167],[-92.7898024,44.8999207],[-92.7897805,44.8999282],[-92.7897594,44.8999406],[-92.7897386,44.8999598],[-92.7897173,44.899988],[-92.7896848,44.9000387],[-92.7896658,44.9000707],[-92.7896567,44.9000904],[-92.7896501,44.9001172],[-92.7896496,44.900139]]}},{"type":"Feature","id":"way/732566068","properties":{"access":"private","highway":"service","service":"driveway","osm_type":"way","osm_id":732566068},"geometry":{"type":"LineString","coordinates":[[-92.7888,44.9057254],[-92.7888038,44.9057415],[-92.7888121,44.9057571],[-92.7888245,44.9057723],[-92.7888404,44.905787],[-92.7888593,44.9058012],[-92.7889045,44.9058278],[-92.788956,44.9058518],[-92.7890094,44.9058726],[-92.7891413,44.9059161],[-92.7891799,44.9059307],[-92.7892357,44.9059575],[-92.7892868,44.9059869],[-92.789352,44.906032],[-92.7893838,44.9060574],[-92.7893962,44.9060698],[-92.7894135,44.9060935],[-92.789419,44.906105],[-92.789425,44.906127],[-92.7894256,44.9061586],[-92.7894161,44.9062773],[-92.7894055,44.9063253],[-92.7893773,44.9064283],[-92.7893729,44.9064602],[-92.7893731,44.9064933],[-92.7893803,44.9065438],[-92.7893889,44.9065772],[-92.7894158,44.9066624],[-92.7894229,44.9066998],[-92.7894243,44.9067394],[-92.7894221,44.90676],[-92.7894176,44.9067812],[-92.7894035,44.9068252],[-92.7893945,44.906848],[-92.7893714,44.9068958],[-92.7893403,44.9069473],[-92.7892997,44.9070031],[-92.7892478,44.9070632],[-92.7892173,44.9070929],[-92.7891517,44.907149],[-92.7890871,44.9071979],[-92.788994,44.9072624],[-92.7888364,44.9073661],[-92.7887416,44.907433]]}},{"type":"Feature","id":"way/732954003","properties":{"access":"private","highway":"service","service":"driveway","osm_type":"way","osm_id":732954003},"geometry":{"type":"LineString","coordinates":[[-92.7997039,44.906774],[-92.799718,44.9068329],[-92.7997793,44.9070518],[-92.7997913,44.9070818],[-92.7998049,44.9071093],[-92.799836,44.9071593]]}},{"type":"Feature","id":"way/732954004","properties":{"access":"private","highway":"service","service":"driveway","osm_type":"way","osm_id":732954004},"geometry":{"type":"LineString","coordinates":[[-92.80085,44.9081623],[-92.8008116,44.9081393],[-92.8007655,44.9081154],[-92.8006785,44.9080817],[-92.800489,44.9080161],[-92.8003362,44.9079657]]}},{"type":"Feature","id":"way/732974610","properties":{"highway":"service","service":"driveway","osm_type":"way","osm_id":732974610},"geometry":{"type":"LineString","coordinates":[[-92.7790674,44.9041359],[-92.7790699,44.9041461],[-92.7790856,44.904184],[-92.779105,44.9042131],[-92.779118,44.9042282],[-92.7794765,44.9045615],[-92.7795376,44.9046253],[-92.7796236,44.9047245],[-92.77972,44.9048468],[-92.7798679,44.9050465],[-92.7799601,44.9051802],[-92.7800179,44.9052769],[-92.780034,44.9052979],[-92.7800503,44.9053141],[-92.7800668,44.9053262],[-92.7800832,44.9053349],[-92.7800993,44.9053406],[-92.7801297,44.9053456],[-92.7802113,44.9053441],[-92.7803167,44.905336],[-92.780423,44.9053233],[-92.7805522,44.9053044],[-92.7806131,44.9052925],[-92.7806451,44.9052845],[-92.7807113,44.9052654],[-92.7808118,44.9052313],[-92.7808768,44.9052069],[-92.7809062,44.9051939],[-92.7809312,44.9051796],[-92.780952,44.9051644],[-92.7809689,44.9051486],[-92.7809822,44.9051326],[-92.780992,44.9051166],[-92.7810024,44.905086],[-92.7810019,44.9050595],[-92.7809755,44.9049356],[-92.7814987,44.9048775]]}},{"type":"Feature","id":"way/732974611","properties":{"highway":"secondary","maxspeed":"30 mph","name":"Saint Croix Trail South","name:etymology:wikidata":"Q1507416","oneway":"yes","ref":"CH 18;CH 21","surface":"asphalt","osm_type":"way","osm_id":732974611},"geometry":{"type":"LineString","coordinates":[[-92.7829065,44.9060949],[-92.7829501,44.9059995],[-92.7829979,44.9058794],[-92.7830258,44.9058014],[-92.7830561,44.9057136],[-92.7831101,44.9055393],[-92.7831385,44.9054334],[-92.7831667,44.9053161],[-92.7831895,44.9052116],[-92.7832108,44.9050983],[-92.7832347,44.9049243],[-92.7832444,44.904852],[-92.7832552,44.9047305],[-92.7832602,44.9046089],[-92.7832221,44.9045106]]}},{"type":"Feature","id":"way/732974613","properties":{"highway":"secondary","maxspeed":"30 mph","name":"Saint Croix Trail South","name:etymology:wikidata":"Q1507416","oneway":"yes","ref":"CH 18;CH 21","surface":"asphalt","osm_type":"way","osm_id":732974613},"geometry":{"type":"LineString","coordinates":[[-92.7832221,44.9045106],[-92.7831684,44.9046058],[-92.7831451,44.9047806],[-92.7831241,44.904916],[-92.78311,44.9050015],[-92.783054,44.9052928],[-92.7830183,44.9054514],[-92.7829769,44.9055972],[-92.782937,44.9057164],[-92.7828696,44.9058955],[-92.7827967,44.9060688]]}},{"type":"Feature","id":"way/732974614","properties":{"highway":"secondary","maxspeed":"30 mph","name":"Saint Croix Trail South","name:etymology:wikidata":"Q1507416","oneway":"yes","ref":"CH 18","surface":"asphalt","osm_type":"way","osm_id":732974614},"geometry":{"type":"LineString","coordinates":[[-92.7825248,44.9067853],[-92.7825806,44.9066967],[-92.78264,44.9066027],[-92.7827435,44.906424],[-92.7828597,44.9062003],[-92.7829065,44.9060949]]}},{"type":"Feature","id":"way/732974615","properties":{"highway":"secondary","maxspeed":"50 mph","name":"Saint Croix Trail South","name:etymology:wikidata":"Q1507416","oneway":"yes","ref":"CH 18","osm_type":"way","osm_id":732974615},"geometry":{"type":"LineString","coordinates":[[-92.7822855,44.9070543],[-92.7823619,44.9070141],[-92.7824539,44.9068895],[-92.7825248,44.9067853]]}},{"type":"Feature","id":"way/732974616","properties":{"highway":"secondary","maxspeed":"30 mph","name":"Saint Croix Trail South","name:etymology:wikidata":"Q1507416","oneway":"yes","ref":"CH 18","surface":"asphalt","osm_type":"way","osm_id":732974616},"geometry":{"type":"LineString","coordinates":[[-92.7827967,44.9060688],[-92.7827486,44.9061699],[-92.7826875,44.9062915],[-92.7824931,44.9066544],[-92.7824237,44.9067746],[-92.78236,44.9068781],[-92.782289,44.9069869],[-92.7822855,44.9070543]]}},{"type":"Feature","id":"way/732974620","properties":{"highway":"secondary","maxspeed":"30 mph","name":"Saint Croix Trail South","name:etymology:wikidata":"Q1507416","ref":"CH 18;CH 21","surface":"asphalt","osm_type":"way","osm_id":732974620},"geometry":{"type":"LineString","coordinates":[[-92.7832221,44.9045106],[-92.783225,44.9043999],[-92.7832243,44.9042303],[-92.7832193,44.9039777],[-92.7832194,44.9038956],[-92.7832222,44.9034234],[-92.7832321,44.9028423]]}},{"type":"Feature","id":"way/732974621","properties":{"highway":"service","service":"driveway","osm_type":"way","osm_id":732974621},"geometry":{"type":"LineString","coordinates":[[-92.7831101,44.9055393],[-92.7831423,44.9055449],[-92.7831841,44.9055538],[-92.7832124,44.9055612],[-92.7832411,44.9055709],[-92.7832588,44.905579],[-92.7832823,44.9055956],[-92.7832945,44.9056087],[-92.783308,44.9056283],[-92.783322,44.9056559],[-92.783386,44.905836],[-92.7835036,44.9061769],[-92.7835138,44.9062095],[-92.7835187,44.9062336],[-92.78352,44.9062591],[-92.7835156,44.9062846],[-92.7835031,44.9063083],[-92.7834932,44.9063191],[-92.78342,44.9063859]]}},{"type":"Feature","id":"way/742800904","properties":{"access":"private","highway":"service","service":"driveway","osm_type":"way","osm_id":742800904},"geometry":{"type":"LineString","coordinates":[[-92.7893796,44.9028793],[-92.7893911,44.9029529],[-92.7894326,44.9032719],[-92.789444,44.9034641]]}},{"type":"Feature","id":"way/750725723","properties":{"access":"private","highway":"service","service":"driveway","osm_type":"way","osm_id":750725723},"geometry":{"type":"LineString","coordinates":[[-92.8003556,44.9094051],[-92.8003203,44.9094135],[-92.8002828,44.9094202],[-92.8002424,44.9094253],[-92.8001983,44.9094285],[-92.8001498,44.9094298],[-92.8000771,44.9094291],[-92.8000342,44.9094269],[-92.7999968,44.9094225],[-92.799966,44.9094155],[-92.7999533,44.9094108],[-92.799808,44.9093441],[-92.7996537,44.9092756]]}},{"type":"Feature","id":"way/752296004","properties":{"access":"private","highway":"service","service":"driveway","osm_type":"way","osm_id":752296004},"geometry":{"type":"LineString","coordinates":[[-92.7905704,44.8991179],[-92.7905332,44.8991293],[-92.7904826,44.8991434],[-92.7904228,44.8991571],[-92.7903469,44.8991701],[-92.7903061,44.8991747],[-92.7902641,44.8991755],[-92.7902037,44.8991709],[-92.7901503,44.8991633],[-92.7901189,44.8991558],[-92.7900934,44.899147],[-92.790077,44.899138],[-92.7900604,44.899124],[-92.790052,44.8991145],[-92.7900345,44.8990888],[-92.789958,44.8989611]]}},{"type":"Feature","id":"way/752952226","properties":{"access":"private","highway":"service","service":"driveway","osm_type":"way","osm_id":752952226},"geometry":{"type":"LineString","coordinates":[[-92.7919565,44.9091489],[-92.7919662,44.9091071],[-92.7919731,44.9090656],[-92.7919726,44.9090453],[-92.7919689,44.9090213],[-92.7918342,44.9085085],[-92.7918211,44.9084417],[-92.7917984,44.9083],[-92.7917814,44.9082299],[-92.7917611,44.9081708]]}},{"type":"Feature","id":"way/756240420","properties":{"access":"private","highway":"service","service":"driveway","osm_type":"way","osm_id":756240420},"geometry":{"type":"LineString","coordinates":[[-92.7889121,44.8991163],[-92.7889388,44.8991581],[-92.7890178,44.8992926],[-92.7890485,44.8993516],[-92.789062,44.8993711],[-92.7890866,44.8993987],[-92.7891094,44.8994202],[-92.7891266,44.8994329],[-92.7891748,44.8994597],[-92.789222,44.8994785],[-92.7892769,44.8994922],[-92.7892969,44.8994953],[-92.7893398,44.8994988],[-92.7894979,44.8995047],[-92.7895906,44.8995067],[-92.7900271,44.8995035],[-92.7904217,44.8995056],[-92.7904418,44.8995048],[-92.7904812,44.8994995],[-92.7905172,44.8994898],[-92.790547,44.8994767],[-92.7905586,44.8994691],[-92.7905675,44.899461],[-92.7905734,44.8994524]]}},{"type":"Feature","id":"way/769049575","properties":{"building":"yes","osm_type":"way","osm_id":769049575},"geometry":{"type":"Polygon","coordinates":[[[-92.7836231,44.8992031],[-92.7835031,44.8992033],[-92.783503,44.8991905],[-92.7835029,44.8991503],[-92.783623,44.8991501],[-92.7836231,44.8992031]]]}},{"type":"Feature","id":"way/769050586","properties":{"bicycle":"designated","foot":"designated","highway":"cycleway","motor_vehicle":"no","name":"Afton-Lakeland Bike Trail","oneway":"no","segregated":"no","surface":"asphalt","osm_type":"way","osm_id":769050586},"geometry":{"type":"LineString","coordinates":[[-92.7818235,44.9028778],[-92.7818138,44.903187],[-92.7818037,44.9035281],[-92.7817951,44.9039198],[-92.7817946,44.9039686],[-92.781792,44.9042036],[-92.781791,44.904754],[-92.781793,44.9048665],[-92.7817989,44.9050066],[-92.7818042,44.9050636],[-92.7818112,44.9050984],[-92.7818279,44.9051388],[-92.7818383,44.9051575],[-92.7818517,44.905177],[-92.7818685,44.9051965],[-92.7818899,44.9052155],[-92.7819038,44.9052254],[-92.7819366,44.9052452],[-92.7819739,44.9052638],[-92.7820127,44.9052799],[-92.7820501,44.9052918],[-92.7820879,44.9052995],[-92.7821081,44.9053022],[-92.78215,44.9053055],[-92.7822129,44.9053055],[-92.7822521,44.9053028],[-92.7823069,44.9052962],[-92.7824351,44.9052771],[-92.7824742,44.9052736],[-92.7825317,44.9052745],[-92.7825678,44.9052774],[-92.7826301,44.9052845],[-92.782644,44.9052872],[-92.7826708,44.9052945],[-92.7826953,44.9053034],[-92.7827269,44.9053174],[-92.782856,44.9053837],[-92.7828887,44.9054039],[-92.7829058,44.9054168],[-92.7829164,44.905428],[-92.7829208,44.905436],[-92.7829227,44.9054451],[-92.782922,44.9054562],[-92.7829028,44.9055278],[-92.7828817,44.9055982],[-92.782851,44.9056865],[-92.7827747,44.9058909],[-92.7827167,44.9060318],[-92.7826642,44.9061466],[-92.7826128,44.9062553],[-92.7824413,44.9065814],[-92.7824023,44.9066506],[-92.7823607,44.9067131],[-92.782306,44.9067884],[-92.782169,44.906959],[-92.7821513,44.9069783],[-92.7821229,44.9070049],[-92.7820911,44.9070291],[-92.782005,44.9070754],[-92.7819597,44.9070994],[-92.7819446,44.9071092],[-92.7819199,44.9071288],[-92.7818953,44.9071511],[-92.7818713,44.9071749],[-92.7818031,44.9072485],[-92.7817098,44.9073513],[-92.7815946,44.9074913],[-92.7815436,44.9075557],[-92.7814002,44.9077476],[-92.7811716,44.9080397],[-92.7810487,44.9082153],[-92.780958,44.9083521],[-92.7809098,44.9084449],[-92.7808554,44.9085618],[-92.7807713,44.9087333],[-92.7807141,44.9088404],[-92.7806789,44.908905],[-92.7806533,44.9089613],[-92.7806245,44.9090342],[-92.7806029,44.9090949],[-92.7805455,44.9092664],[-92.7805162,44.9093716],[-92.780499,44.9094429],[-92.7804675,44.9095907],[-92.7804556,44.9096573],[-92.7804484,44.9096783],[-92.7804335,44.9096996],[-92.7804236,44.9097097],[-92.7804001,44.909728],[-92.7803868,44.9097356],[-92.7803729,44.9097418],[-92.7802938,44.909765],[-92.7802357,44.9097856],[-92.7801903,44.9098051],[-92.7801474,44.9098287],[-92.7801285,44.9098422],[-92.7801135,44.909857],[-92.7800915,44.9098873],[-92.7800816,44.9099063],[-92.7800386,44.9100213],[-92.7799783,44.9101888],[-92.7799177,44.9103414],[-92.7798792,44.9104359],[-92.7797553,44.9107326],[-92.779666,44.9109443]]}},{"type":"Feature","id":"way/795655617","properties":{"access":"private","highway":"service","service":"driveway","osm_type":"way","osm_id":795655617},"geometry":{"type":"LineString","coordinates":[[-92.786746,44.9031132],[-92.7867377,44.9030565],[-92.7867232,44.9029748],[-92.786705,44.9028979],[-92.7866388,44.9027048]]}},{"type":"Feature","id":"way/862476304","properties":{"access":"private","highway":"service","service":"driveway","osm_type":"way","osm_id":862476304},"geometry":{"type":"LineString","coordinates":[[-92.772584,44.9086365],[-92.7725001,44.9086381],[-92.7724518,44.908637],[-92.7724048,44.9086321],[-92.772383,44.9086278],[-92.7723632,44.9086218],[-92.7723007,44.9085978],[-92.7722667,44.9085825],[-92.7722203,44.9085564],[-92.7721956,44.9085444],[-92.772153,44.9085273],[-92.7721236,44.9085179],[-92.7720615,44.9085041],[-92.7719671,44.9084892],[-92.7718916,44.9084812],[-92.7717687,44.9084732],[-92.7717355,44.9084687],[-92.7717163,44.9084631],[-92.7716988,44.9084548],[-92.7716834,44.9084431],[-92.771655,44.9084114],[-92.7716353,44.9083993],[-92.7716236,44.9083947],[-92.7715967,44.9083882],[-92.771565,44.9083851],[-92.7714738,44.908385]]}},{"type":"Feature","id":"way/862518166","properties":{"highway":"service","service":"driveway","osm_type":"way","osm_id":862518166},"geometry":{"type":"LineString","coordinates":[[-92.7814645,44.901488],[-92.7814031,44.9014828],[-92.780997,44.9014441],[-92.780801,44.9014238],[-92.7804206,44.9013762],[-92.7803279,44.9013658],[-92.7799337,44.9013388],[-92.7798474,44.901335],[-92.7798006,44.9013377],[-92.7797782,44.9013415],[-92.7797569,44.9013472],[-92.7797373,44.901355],[-92.7797196,44.9013653],[-92.7797045,44.9013783],[-92.7796922,44.9013943],[-92.7796831,44.9014134],[-92.7796614,44.9014835],[-92.7796413,44.9015619],[-92.7796207,44.9016611],[-92.7797283,44.9016848],[-92.7798139,44.9016974],[-92.7798601,44.9017014],[-92.7805055,44.90172],[-92.7811671,44.9017429],[-92.7813904,44.9017511]]}},{"type":"Feature","id":"way/862518167","properties":{"highway":"service","service":"driveway","osm_type":"way","osm_id":862518167},"geometry":{"type":"LineString","coordinates":[[-92.7817249,44.9017673],[-92.7817129,44.9018951],[-92.7816977,44.9020445],[-92.7816832,44.9021511],[-92.7816248,44.9024583],[-92.7815541,44.9029189],[-92.7815475,44.9029419],[-92.7815421,44.9029515],[-92.7815271,44.902967],[-92.781507,44.902978],[-92.781495,44.9029819],[-92.7814673,44.9029865],[-92.7813902,44.9029913],[-92.7812797,44.9029941],[-92.7811779,44.9029933],[-92.7811461,44.9029907],[-92.7811172,44.9029864],[-92.7810913,44.9029802],[-92.7810687,44.9029722],[-92.7810495,44.9029621],[-92.781034,44.9029501],[-92.7810223,44.9029358],[-92.7810147,44.9029194],[-92.7810113,44.9029006],[-92.7810111,44.9028718],[-92.7810204,44.9027077],[-92.7810447,44.9024386],[-92.7810567,44.9023461],[-92.7810638,44.9023083],[-92.7811375,44.9019807],[-92.7811544,44.901898],[-92.7811577,44.9018737],[-92.7811671,44.9017429]]}},{"type":"Feature","id":"way/862908125","properties":{"highway":"service","osm_type":"way","osm_id":862908125},"geometry":{"type":"LineString","coordinates":[[-92.7832532,44.8965743],[-92.783154,44.8965745],[-92.7830996,44.8965747],[-92.7830435,44.896574],[-92.7829913,44.89657],[-92.7829431,44.8965599],[-92.7829129,44.8965485],[-92.7828824,44.896533],[-92.7828534,44.8965126],[-92.7828282,44.8964866],[-92.7828091,44.8964543],[-92.7828026,44.8964355],[-92.7827794,44.8963448],[-92.7827577,44.896246],[-92.7827423,44.8961553],[-92.7827114,44.8959391],[-92.782707,44.8958861],[-92.7827062,44.895836],[-92.7827084,44.8957899],[-92.7827187,44.8957135],[-92.7827228,44.8956978],[-92.7827355,44.8956682],[-92.7827525,44.8956418],[-92.7827721,44.8956196],[-92.7827922,44.8956025],[-92.7828122,44.8955907],[-92.7828507,44.8955758],[-92.7828795,44.8955677],[-92.7829214,44.8955597],[-92.7829575,44.8955568],[-92.7830118,44.8955553],[-92.7831859,44.8955564],[-92.783286,44.8955573]]}},{"type":"Feature","id":"way/862920719","properties":{"highway":"service","service":"driveway","osm_type":"way","osm_id":862920719},"geometry":{"type":"LineString","coordinates":[[-92.7878316,44.9030173],[-92.7878444,44.9030803],[-92.7878494,44.9031173],[-92.7878521,44.9031572],[-92.7878592,44.903383],[-92.7878557,44.9033997],[-92.787845,44.903415],[-92.7878276,44.9034288],[-92.787804,44.9034411],[-92.787775,44.9034519],[-92.787741,44.9034611],[-92.7877026,44.9034686],[-92.7876605,44.9034744],[-92.7876153,44.9034785],[-92.7873631,44.9034873],[-92.7872564,44.9034927],[-92.7866857,44.9035322],[-92.7866894,44.9036328],[-92.7866951,44.9037863],[-92.7862934,44.9037929],[-92.7862892,44.9036376],[-92.7862897,44.9036265],[-92.7863,44.9035972],[-92.7863565,44.9034809],[-92.786565,44.9034785],[-92.7865887,44.9034802],[-92.7866034,44.9034834],[-92.786624,44.9034916],[-92.7866857,44.9035322]]}},{"type":"Feature","id":"way/862964589","properties":{"access":"private","highway":"service","service":"driveway","osm_type":"way","osm_id":862964589},"geometry":{"type":"LineString","coordinates":[[-92.7861594,44.9007642],[-92.7861791,44.9007639],[-92.7863276,44.9007608],[-92.7864259,44.9007568],[-92.7866192,44.9007461],[-92.78674,44.9007375]]}},{"type":"Feature","id":"way/892211438","properties":{"highway":"service","service":"parking_aisle","osm_type":"way","osm_id":892211438},"geometry":{"type":"LineString","coordinates":[[-92.7806354,44.9025155],[-92.7796901,44.9025151]]}},{"type":"Feature","id":"way/892211439","properties":{"highway":"service","service":"driveway","osm_type":"way","osm_id":892211439},"geometry":{"type":"LineString","coordinates":[[-92.7821391,44.9017864],[-92.7821528,44.9016979],[-92.7822172,44.9013626],[-92.7822243,44.9013407],[-92.7822535,44.9012887],[-92.7822594,44.9012666],[-92.7822947,44.9010055],[-92.7823171,44.9008163],[-92.7823221,44.9007974],[-92.7823399,44.9007552],[-92.7823611,44.9007088],[-92.7823676,44.9006902],[-92.7823724,44.9006706],[-92.7823748,44.9006497],[-92.7823864,44.9003695],[-92.7831223,44.9003722],[-92.7832342,44.9003721]]}},{"type":"Feature","id":"way/892237628","properties":{"highway":"service","service":"driveway","osm_type":"way","osm_id":892237628},"geometry":{"type":"LineString","coordinates":[[-92.7778572,44.9035091],[-92.7778559,44.9035003],[-92.7778451,44.9034696],[-92.7778319,44.903446],[-92.7778135,44.9034204],[-92.7777775,44.9033782],[-92.7777679,44.9033617],[-92.7777557,44.9033255],[-92.777753,44.9033066],[-92.7777538,44.9032695],[-92.7777622,44.9032358],[-92.777769,44.9032213],[-92.7779076,44.9029691]]}},{"type":"Feature","id":"way/892242427","properties":{"access":"private","highway":"service","service":"driveway","osm_type":"way","osm_id":892242427},"geometry":{"type":"LineString","coordinates":[[-92.7928102,44.9024175],[-92.7929062,44.9026076],[-92.7929728,44.9027418],[-92.7929894,44.9027637],[-92.7929996,44.9027735],[-92.7930236,44.90279],[-92.7930523,44.9028009],[-92.7930684,44.9028039],[-92.7930855,44.9028049],[-92.7932895,44.9028036]]}},{"type":"Feature","id":"way/892242428","properties":{"access":"private","highway":"service","service":"driveway","osm_type":"way","osm_id":892242428},"geometry":{"type":"LineString","coordinates":[[-92.791457,44.9026924],[-92.791472,44.9026251],[-92.7914859,44.9025851],[-92.7915037,44.9025537],[-92.7916462,44.9023654],[-92.7916951,44.9022923],[-92.7917293,44.9022359],[-92.791757,44.9021843],[-92.7917782,44.9021357],[-92.791794,44.902089],[-92.7918053,44.9020434],[-92.7918169,44.9019715],[-92.7918284,44.9018552],[-92.7918422,44.9016818],[-92.7918438,44.9016137],[-92.7918388,44.9015433],[-92.7918321,44.9014936],[-92.7917986,44.901298],[-92.7917784,44.9011646]]}},{"type":"Feature","id":"way/892269741","properties":{"access":"private","highway":"service","service":"parking_aisle","osm_type":"way","osm_id":892269741},"geometry":{"type":"LineString","coordinates":[[-92.7824441,44.9089831],[-92.7824619,44.9090342],[-92.7824686,44.9090731],[-92.782474,44.9091529],[-92.7824711,44.909508]]}},{"type":"Feature","id":"way/892370536","properties":{"access":"private","highway":"service","service":"driveway","osm_type":"way","osm_id":892370536},"geometry":{"type":"LineString","coordinates":[[-92.7857391,44.9068621],[-92.7857693,44.9069051],[-92.7857852,44.9069328],[-92.785793,44.9069543],[-92.7857972,44.9069877],[-92.7857932,44.9070087],[-92.7857829,44.9070307],[-92.7857679,44.9070558],[-92.785706,44.907149],[-92.7856662,44.9072236],[-92.7856362,44.9072949],[-92.785625,44.9073326],[-92.7856162,44.9073725]]}},{"type":"Feature","id":"way/892378207","properties":{"access":"private","highway":"service","service":"driveway","osm_type":"way","osm_id":892378207},"geometry":{"type":"LineString","coordinates":[[-92.7985311,44.906552],[-92.7984671,44.9065379],[-92.7984368,44.9065322],[-92.7984208,44.9065307],[-92.7984041,44.9065302],[-92.7983701,44.9065324],[-92.7983536,44.906535],[-92.7983231,44.9065437],[-92.7982984,44.9065571],[-92.7982887,44.9065652],[-92.7982735,44.9065829],[-92.798268,44.9065923],[-92.7982608,44.9066119],[-92.7982591,44.9066418],[-92.7982641,44.9066612],[-92.7982692,44.9066706],[-92.7982844,44.9066883],[-92.7982941,44.9066963],[-92.7983168,44.90671],[-92.7983293,44.9067154],[-92.798356,44.9067228],[-92.7983858,44.9067253],[-92.798419,44.9067233],[-92.7984364,44.9067207],[-92.7984717,44.9067124],[-92.798506,44.9067003],[-92.798564,44.9066723]]}},{"type":"Feature","id":"way/893599913","properties":{"bicycle":"designated","foot":"designated","highway":"cycleway","motor_vehicle":"no","name":"Afton-Lakeland Bike Trail","oneway":"no","segregated":"no","surface":"asphalt","osm_type":"way","osm_id":893599913},"geometry":{"type":"LineString","coordinates":[[-92.7826561,44.8986944],[-92.7826487,44.8986944],[-92.7826346,44.898693],[-92.7826171,44.8986852],[-92.7826044,44.8986817],[-92.7825677,44.8986805],[-92.7823855,44.8986844],[-92.7823514,44.89869],[-92.782338,44.8986934],[-92.7823441,44.8987018],[-92.7823499,44.8987158],[-92.7823527,44.8987336],[-92.7823503,44.8988338],[-92.7823475,44.8988605],[-92.7823426,44.8988803],[-92.7822996,44.8989994],[-92.7822789,44.8990518],[-92.7822321,44.899154],[-92.7821646,44.8992867],[-92.7821494,44.8993216],[-92.7821423,44.8993447]]}},{"type":"Feature","id":"way/893599915","properties":{"bicycle":"designated","foot":"designated","highway":"cycleway","motor_vehicle":"no","oneway":"no","segregated":"no","surface":"asphalt","osm_type":"way","osm_id":893599915},"geometry":{"type":"LineString","coordinates":[[-92.7823399,44.9007552],[-92.7823358,44.9007552],[-92.7822504,44.9007586],[-92.7821354,44.9007599],[-92.7820945,44.9007589],[-92.7820465,44.9007612],[-92.7820034,44.9007636],[-92.7819886,44.9007631],[-92.7818761,44.900751],[-92.7816894,44.9007293]]}},{"type":"Feature","id":"way/893599917","properties":{"footway":"sidewalk","highway":"footway","surface":"concrete","osm_type":"way","osm_id":893599917},"geometry":{"type":"LineString","coordinates":[[-92.7831097,44.9060422],[-92.7830988,44.9060321],[-92.7830732,44.9059933],[-92.7830667,44.9059775],[-92.7830619,44.9059474],[-92.7830647,44.9059086],[-92.7830702,44.9058873],[-92.7831277,44.905732],[-92.7831841,44.9055538],[-92.7832364,44.9053545],[-92.7832633,44.9052297],[-92.7832931,44.9050701],[-92.7833104,44.9049297],[-92.7833275,44.9047782],[-92.7833412,44.9045584],[-92.7833545,44.9038957],[-92.7833685,44.9029477],[-92.7833639,44.9028416],[-92.7833605,44.9027119],[-92.7833651,44.9018603],[-92.7833549,44.9018069],[-92.7833438,44.9017556],[-92.7833435,44.9017079],[-92.7833462,44.9008471],[-92.7833467,44.9007553],[-92.7833467,44.9006547],[-92.7833509,44.8996872],[-92.7833526,44.8995815],[-92.7833698,44.8995423],[-92.7833709,44.8995282],[-92.7833739,44.8991937],[-92.7833742,44.8991285],[-92.7833753,44.8988174],[-92.783372,44.8988014],[-92.7833516,44.8987605],[-92.7833448,44.8986968],[-92.7833412,44.8986454],[-92.7833409,44.8985232],[-92.7833366,44.8985048],[-92.7833209,44.8984699],[-92.7833186,44.8984562],[-92.7833194,44.8983993],[-92.7833372,44.8983654],[-92.7833421,44.8983417],[-92.7833444,44.8976067],[-92.7833521,44.8965736],[-92.7833545,44.8964817],[-92.7833742,44.8960132],[-92.783383,44.8956362],[-92.7832842,44.8956357]]}},{"type":"Feature","id":"way/893599922","properties":{"footway":"sidewalk","highway":"footway","surface":"concrete","osm_type":"way","osm_id":893599922},"geometry":{"type":"LineString","coordinates":[[-92.7832573,44.8946768],[-92.7832465,44.8947015],[-92.7832269,44.8947637],[-92.7832055,44.8949162],[-92.7831968,44.8950095],[-92.7831851,44.8954691],[-92.7831859,44.8955564],[-92.7831784,44.8959692],[-92.7831565,44.8964811],[-92.783154,44.8965745],[-92.7831495,44.8976062],[-92.7831434,44.8986481],[-92.7831364,44.8986974],[-92.7831279,44.8987526],[-92.7831298,44.8988302],[-92.7831274,44.899118],[-92.7831268,44.8991931],[-92.7831223,44.9003722],[-92.7831202,44.9006519],[-92.783121,44.9007462],[-92.7831213,44.9007973],[-92.7831255,44.9008218],[-92.783121,44.9008496],[-92.7830973,44.9008921],[-92.7830921,44.9009202],[-92.7830883,44.9017064],[-92.7830886,44.9018069],[-92.7830897,44.9023043],[-92.7830869,44.9027147],[-92.7830831,44.9028416],[-92.7830831,44.9028875],[-92.7830899,44.9029114],[-92.7831063,44.9029433],[-92.7831115,44.902966],[-92.7831254,44.9033571],[-92.7831244,44.9034233],[-92.7831181,44.9038949],[-92.7831175,44.9039817],[-92.783112,44.9043677],[-92.7831005,44.9045468],[-92.7830859,44.9046707],[-92.783046,44.9049104],[-92.7830165,44.9051117],[-92.7829747,44.9053272],[-92.7829637,44.9053549],[-92.7829423,44.9053882],[-92.7829285,44.905403],[-92.7829058,44.9054168]]}},{"type":"Feature","id":"way/893599925","properties":{"footway":"sidewalk","highway":"footway","surface":"paved","osm_type":"way","osm_id":893599925},"geometry":{"type":"LineString","coordinates":[[-92.7833545,44.8964817],[-92.7832568,44.8964813],[-92.7831565,44.8964811]]}},{"type":"Feature","id":"way/893599926","properties":{"footway":"sidewalk","highway":"footway","surface":"paved","osm_type":"way","osm_id":893599926},"geometry":{"type":"LineString","coordinates":[[-92.7831268,44.8991931],[-92.7832392,44.899194],[-92.7833739,44.8991937]]}},{"type":"Feature","id":"way/893599927","properties":{"footway":"sidewalk","highway":"footway","surface":"concrete","osm_type":"way","osm_id":893599927},"geometry":{"type":"LineString","coordinates":[[-92.7833467,44.9006547],[-92.7833038,44.9006546],[-92.7832338,44.900653],[-92.7831202,44.9006519],[-92.7827878,44.9006522],[-92.7827335,44.9006658],[-92.7824362,44.9006651],[-92.7824358,44.9006905],[-92.7823676,44.9006902]]}},{"type":"Feature","id":"way/893599928","properties":{"footway":"sidewalk","highway":"footway","surface":"concrete","osm_type":"way","osm_id":893599928},"geometry":{"type":"LineString","coordinates":[[-92.7833462,44.9008471],[-92.7833018,44.900847],[-92.7832321,44.9008488],[-92.783121,44.9008496],[-92.7830795,44.9008432],[-92.7827311,44.9008423],[-92.7827308,44.9007525]]}},{"type":"Feature","id":"way/893599929","properties":{"footway":"sidewalk","highway":"footway","osm_type":"way","osm_id":893599929},"geometry":{"type":"LineString","coordinates":[[-92.7833435,44.9017079],[-92.7832289,44.9017074],[-92.7830883,44.9017064]]}},{"type":"Feature","id":"way/893599930","properties":{"footway":"sidewalk","highway":"footway","osm_type":"way","osm_id":893599930},"geometry":{"type":"LineString","coordinates":[[-92.7833605,44.9027119],[-92.7832338,44.9027133],[-92.7830869,44.9027147]]}},{"type":"Feature","id":"way/893599931","properties":{"footway":"sidewalk","highway":"footway","surface":"concrete","osm_type":"way","osm_id":893599931},"geometry":{"type":"LineString","coordinates":[[-92.7831175,44.9039817],[-92.7831136,44.9039779],[-92.7831017,44.9039699],[-92.7830804,44.9039622],[-92.7830593,44.9039586],[-92.7830317,44.9039573],[-92.7819902,44.903955],[-92.7819698,44.9039566],[-92.7819028,44.9039679],[-92.7818405,44.9039686],[-92.7817946,44.9039686]]}},{"type":"Feature","id":"way/893599932","properties":{"footway":"crossing","highway":"footway","surface":"asphalt","osm_type":"way","osm_id":893599932},"geometry":{"type":"LineString","coordinates":[[-92.7831097,44.9060422],[-92.7830592,44.9061435],[-92.7830103,44.9062416],[-92.7828597,44.9062003],[-92.7827486,44.9061699],[-92.7826642,44.9061466]]}},{"type":"Feature","id":"way/898542213","properties":{"building":"house","osm_type":"way","osm_id":898542213},"geometry":{"type":"Polygon","coordinates":[[[-92.7859141,44.9021271],[-92.7857733,44.9021298],[-92.7857659,44.9019415],[-92.7859385,44.9019381],[-92.7859415,44.9020139],[-92.7859097,44.9020145],[-92.7859141,44.9021271]]]}},{"type":"Feature","id":"way/898544175","properties":{"building":"house","osm_type":"way","osm_id":898544175},"geometry":{"type":"Polygon","coordinates":[[[-92.7857937,44.9016107],[-92.7857872,44.9014606],[-92.7856386,44.9014638],[-92.7856452,44.901614],[-92.7857937,44.9016107]]]}},{"type":"Feature","id":"way/898544176","properties":{"building":"house","osm_type":"way","osm_id":898544176},"geometry":{"type":"Polygon","coordinates":[[[-92.7859483,44.9012054],[-92.7859477,44.9010223],[-92.785865,44.9010224],[-92.7858649,44.9010014],[-92.7858547,44.9010014],[-92.7858545,44.900942],[-92.7857311,44.9009422],[-92.7857312,44.9009759],[-92.785709,44.900976],[-92.7857092,44.9010398],[-92.7857314,44.9010398],[-92.7857316,44.9011067],[-92.7858055,44.9011065],[-92.7858059,44.9012056],[-92.7859483,44.9012054]]]}},{"type":"Feature","id":"way/898544177","properties":{"building":"house","osm_type":"way","osm_id":898544177},"geometry":{"type":"Polygon","coordinates":[[[-92.7867359,44.901546],[-92.7867356,44.9013512],[-92.7865958,44.9013513],[-92.7865959,44.9014847],[-92.786623,44.9014847],[-92.7866231,44.9015461],[-92.7867359,44.901546]]]}},{"type":"Feature","id":"way/898544178","properties":{"building":"house","osm_type":"way","osm_id":898544178},"geometry":{"type":"Polygon","coordinates":[[[-92.7867237,44.9011272],[-92.7867213,44.9009782],[-92.7865977,44.9009792],[-92.7866001,44.9011282],[-92.7867237,44.9011272]]]}},{"type":"Feature","id":"way/898544179","properties":{"building":"house","osm_type":"way","osm_id":898544179},"geometry":{"type":"Polygon","coordinates":[[[-92.786701,44.900633],[-92.7866895,44.9005476],[-92.7866951,44.9005472],[-92.7866847,44.9004697],[-92.7865282,44.9004803],[-92.7865388,44.9005591],[-92.7865514,44.9005582],[-92.7865645,44.9006551],[-92.7866678,44.9006481],[-92.7866661,44.9006354],[-92.786701,44.900633]]]}},{"type":"Feature","id":"way/898544180","properties":{"building":"house","osm_type":"way","osm_id":898544180},"geometry":{"type":"Polygon","coordinates":[[[-92.7858714,44.9005925],[-92.7858714,44.9005005],[-92.7858512,44.9005005],[-92.7858513,44.900381],[-92.7857113,44.900381],[-92.7857112,44.9005268],[-92.785746,44.9005268],[-92.785746,44.9005732],[-92.7857641,44.9005732],[-92.7857641,44.9005925],[-92.7858714,44.9005925]]]}},{"type":"Feature","id":"way/913010034","properties":{"highway":"service","service":"parking_aisle","osm_type":"way","osm_id":913010034},"geometry":{"type":"LineString","coordinates":[[-92.780493,44.9032676],[-92.7801052,44.9032376],[-92.7800814,44.903392],[-92.7804626,44.9034215]]}},{"type":"Feature","id":"way/913034179","properties":{"access":"customers","highway":"service","osm_type":"way","osm_id":913034179},"geometry":{"type":"LineString","coordinates":[[-92.7832222,44.9034234],[-92.7831244,44.9034233],[-92.7827096,44.9034257],[-92.7826904,44.9034268],[-92.7826722,44.9034298],[-92.7826553,44.9034346],[-92.78264,44.9034412],[-92.7826265,44.9034494],[-92.7826149,44.9034591],[-92.7826055,44.9034703],[-92.7825985,44.9034829],[-92.7825942,44.9034968],[-92.7825926,44.903512],[-92.7825885,44.9038932]]}},{"type":"Feature","id":"way/969327966","properties":{"power":"minor_line","voltage":"13800","osm_type":"way","osm_id":969327966},"geometry":{"type":"LineString","coordinates":[[-92.7640476,44.8848623],[-92.7649309,44.8863339],[-92.7678659,44.8911134],[-92.7681951,44.8930159],[-92.769178,44.8932844],[-92.7694348,44.8941155],[-92.7698611,44.8955334],[-92.7674948,44.8996747]]}},{"type":"Feature","id":"way/981092224","properties":{"access":"private","highway":"service","service":"driveway","osm_type":"way","osm_id":981092224},"geometry":{"type":"LineString","coordinates":[[-92.784532,44.9038935],[-92.7846135,44.9039344],[-92.7846502,44.9039505],[-92.7846769,44.9039591],[-92.784706,44.9039656],[-92.784738,44.9039696],[-92.7849915,44.9039747],[-92.7851188,44.9039831],[-92.7852287,44.9039936],[-92.7853201,44.9040072],[-92.7854432,44.904028],[-92.7857287,44.9040817],[-92.7859924,44.904133],[-92.78601,44.9041377],[-92.7860242,44.9041438],[-92.7860352,44.9041509],[-92.7860491,44.9041666],[-92.7860527,44.9041746],[-92.7860551,44.9041891],[-92.786051,44.9042039],[-92.7860327,44.9042215],[-92.7860117,44.9042326],[-92.7859987,44.9042366],[-92.7859842,44.9042391],[-92.7859682,44.9042395],[-92.7859508,44.9042375],[-92.7859198,44.9042293],[-92.7858975,44.904219],[-92.7858814,44.9042068],[-92.7858308,44.904149],[-92.785804,44.9041243],[-92.7857884,44.9041122],[-92.785754,44.9040913],[-92.7857287,44.9040817]]}},{"type":"Feature","id":"way/981092225","properties":{"highway":"service","service":"driveway","osm_type":"way","osm_id":981092225},"geometry":{"type":"LineString","coordinates":[[-92.7873631,44.9034873],[-92.7873344,44.903262]]}},{"type":"Feature","id":"way/1052844783","properties":{"landuse":"residential","osm_type":"way","osm_id":1052844783},"geometry":{"type":"Polygon","coordinates":[[[-92.7806403,44.9096611],[-92.7807833,44.9093191],[-92.7808874,44.9090748],[-92.7809329,44.9089696],[-92.7810033,44.908821],[-92.7810679,44.9086887],[-92.7811103,44.9086094],[-92.7811879,44.9084711],[-92.7812354,44.9083908],[-92.7813527,44.9082026],[-92.781428,44.9080851],[-92.7815014,44.9079802],[-92.7816268,44.9078068],[-92.7816859,44.9077288],[-92.7817678,44.9076245],[-92.7817821,44.9076049],[-92.7818812,44.9074589],[-92.782085,44.9071991],[-92.7821415,44.9071248],[-92.7821831,44.9070675],[-92.7822645,44.9069513],[-92.7823124,44.9068797],[-92.7823686,44.9067886],[-92.7824302,44.9066843],[-92.7824841,44.9065902],[-92.7825444,44.9064798],[-92.7826415,44.9062957],[-92.7826969,44.9061874],[-92.7827237,44.9061287],[-92.7827798,44.9059968],[-92.7828301,44.9058733],[-92.7828731,44.9057633],[-92.7828991,44.9056913],[-92.7829142,44.9056457],[-92.7829302,44.9055918],[-92.7829528,44.9055095],[-92.7829693,44.9054446],[-92.7809987,44.9054327],[-92.7808002,44.9065558],[-92.7804887,44.9065563],[-92.7804851,44.906577],[-92.7804776,44.9065964],[-92.7804677,44.9066136],[-92.7804554,44.9066286],[-92.7804408,44.9066413],[-92.7804236,44.9066517],[-92.7804039,44.9066597],[-92.7803816,44.9066653],[-92.7803567,44.9066684],[-92.7803291,44.9066691],[-92.7802987,44.9066672],[-92.7801017,44.9066483],[-92.7799785,44.9066377],[-92.7798637,44.9066296],[-92.7798152,44.9066272],[-92.7797757,44.9066264],[-92.7797403,44.9066286],[-92.7797033,44.906635],[-92.7796657,44.9066449],[-92.7796285,44.9066578],[-92.7795928,44.9066732],[-92.7795595,44.9066904],[-92.7795297,44.9067089],[-92.7795043,44.9067283],[-92.7794845,44.9067478],[-92.7794713,44.906767],[-92.7794608,44.9067892],[-92.779449,44.9068174],[-92.7794231,44.9068859],[-92.7793971,44.906961],[-92.7793744,44.9070316],[-92.7793586,44.9070861],[-92.7793557,44.9071085],[-92.7793644,44.9071577],[-92.7793888,44.9072085],[-92.7794241,44.907256],[-92.7794656,44.9072953],[-92.7795106,44.9073252],[-92.7795635,44.9073644],[-92.7796184,44.9074131],[-92.7796679,44.9074675],[-92.7797044,44.9075238],[-92.7797228,44.9075797],[-92.7797341,44.9076406],[-92.7797401,44.9077054],[-92.7797404,44.9077721],[-92.7797343,44.9078383],[-92.7797175,44.9079478],[-92.7797105,44.9080437],[-92.7797098,44.9081467],[-92.7797171,44.9082449],[-92.7797341,44.9083266],[-92.7797611,44.9084012],[-92.7798089,44.9085225],[-92.7798237,44.9085622],[-92.7798472,44.9086361],[-92.7798575,44.908697],[-92.7798555,44.9087644],[-92.7798471,44.9088549],[-92.7798339,44.9089585],[-92.7798172,44.909065],[-92.7797985,44.9091643],[-92.779788,44.9092103],[-92.779776,44.9092558],[-92.7797624,44.9093009],[-92.7797473,44.9093453],[-92.7797308,44.909389],[-92.7797127,44.9094318],[-92.7796933,44.9094739],[-92.7796725,44.9095149],[-92.7796503,44.9095548],[-92.7796268,44.9095936],[-92.7795977,44.9096259],[-92.7795602,44.9096465],[-92.779517,44.9096553],[-92.7794709,44.9096523],[-92.7794243,44.9096376],[-92.77938,44.909611],[-92.7793406,44.9095727],[-92.7793088,44.9095225],[-92.7792871,44.9094605],[-92.7792782,44.9093866],[-92.7792742,44.9093068],[-92.7792659,44.9092275],[-92.7792535,44.9091493],[-92.7792376,44.9090729],[-92.7792185,44.9089991],[-92.7791967,44.9089284],[-92.7791725,44.9088616],[-92.7791465,44.9087994],[-92.779119,44.9087424],[-92.7790904,44.9086913],[-92.7790593,44.9086415],[-92.7790242,44.9085884],[-92.7789858,44.9085326],[-92.7789447,44.908475],[-92.7789013,44.9084164],[-92.7788564,44.9083573],[-92.7788104,44.9082987],[-92.7787639,44.9082413],[-92.7787176,44.9081857],[-92.778672,44.9081328],[-92.7786219,44.9080848],[-92.7785627,44.9080432],[-92.778496,44.9080082],[-92.7784233,44.90798],[-92.7783461,44.9079585],[-92.7782661,44.9079441],[-92.7781847,44.9079367],[-92.7781035,44.9079365],[-92.778024,44.9079436],[-92.7779478,44.9079581],[-92.7778705,44.9079745],[-92.777787,44.907987],[-92.7776978,44.9079951],[-92.7776034,44.9079983],[-92.7775046,44.9079961],[-92.7774017,44.9079879],[-92.7772953,44.9079733],[-92.777186,44.9079518],[-92.7770743,44.9079228],[-92.7769607,44.9078859],[-92.776852,44.9078446],[-92.7767535,44.907803],[-92.7766638,44.9077617],[-92.7765814,44.9077209],[-92.7765051,44.9076812],[-92.7763647,44.9076066],[-92.7762979,44.9075727],[-92.7762315,44.9075415],[-92.7761641,44.9075135],[-92.7760899,44.9074847],[-92.7759157,44.9074146],[-92.7757266,44.9073362],[-92.7755461,44.9072588],[-92.775398,44.9071922],[-92.7752955,44.9071455],[-92.7751955,44.9071215],[-92.7750952,44.9071167],[-92.7750014,44.9071277],[-92.7749207,44.9071509],[-92.7748224,44.9071886],[-92.7747536,44.9071949],[-92.7746871,44.9071882],[-92.7746287,44.9071717],[-92.7745843,44.9071488],[-92.7745525,44.9071176],[-92.7745285,44.9070776],[-92.7745128,44.9070342],[-92.7745062,44.9069928],[-92.7745092,44.9069588],[-92.7745236,44.9069302],[-92.774549,44.9069028],[-92.7745831,44.9068787],[-92.7746234,44.9068599],[-92.7746674,44.9068486],[-92.7747241,44.9068444],[-92.7747989,44.906846],[-92.7748843,44.906854],[-92.7749726,44.9068692],[-92.7750563,44.9068923],[-92.7752645,44.9069655],[-92.7754345,44.9070272],[-92.7754864,44.9070372],[-92.7755404,44.9070321],[-92.7755892,44.9070142],[-92.7756252,44.9069859],[-92.7756411,44.9069493],[-92.7756333,44.90691],[-92.7756047,44.9068734],[-92.7755569,44.9068415],[-92.7754915,44.9068167],[-92.7754528,44.9068077],[-92.7753601,44.9067931],[-92.7752995,44.9067796],[-92.7752309,44.9067615],[-92.775157,44.9067394],[-92.7750801,44.9067142],[-92.7750029,44.9066867],[-92.7749278,44.9066575],[-92.7748572,44.9066274],[-92.7747937,44.9065971],[-92.7747398,44.9065675],[-92.7746935,44.9065359],[-92.7746507,44.9064999],[-92.7746115,44.9064603],[-92.7745756,44.9064182],[-92.7745427,44.9063744],[-92.7745127,44.9063299],[-92.7744855,44.9062856],[-92.7744607,44.9062423],[-92.774418,44.9061629],[-92.7744005,44.9061225],[-92.7743858,44.9060754],[-92.7743726,44.906023],[-92.7743461,44.9059079],[-92.7743302,44.9058482],[-92.774311,44.9057889],[-92.7742872,44.9057315],[-92.7742575,44.9056774],[-92.7742208,44.9056281],[-92.7741688,44.9055731],[-92.77415,44.9055515],[-92.7741352,44.9055332],[-92.7741238,44.9055177],[-92.7741151,44.9055045],[-92.7741037,44.9054833],[-92.7740961,44.9054657],[-92.774093,44.9054569],[-92.7740913,44.9054477],[-92.7740911,44.9054384],[-92.7740926,44.9054293],[-92.7740963,44.9054204],[-92.7741022,44.9054121],[-92.7741106,44.9054046],[-92.7741219,44.905398],[-92.7741362,44.9053926],[-92.7741538,44.9053887],[-92.7741839,44.9053848],[-92.7743006,44.9053728],[-92.7745764,44.9053473],[-92.7751216,44.905299],[-92.7752946,44.905285],[-92.7754295,44.9052754],[-92.7755325,44.9052693],[-92.7756411,44.9052643],[-92.7756673,44.905262],[-92.7756884,44.9052575],[-92.7757048,44.9052512],[-92.7757169,44.9052436],[-92.7757254,44.9052348],[-92.7757306,44.9052254],[-92.775733,44.9052157],[-92.7757331,44.905206],[-92.7757313,44.9051968],[-92.7757282,44.9051883],[-92.7757236,44.9051799],[-92.7757169,44.9051712],[-92.7757089,44.905162],[-92.7756967,44.9051541],[-92.7756825,44.9051473],[-92.7756657,44.9051419],[-92.7756459,44.9051384],[-92.775623,44.9051376],[-92.7755969,44.9051398],[-92.7755673,44.9051455],[-92.7754877,44.9051654],[-92.7754618,44.9051719],[-92.77542,44.9051815],[-92.7753738,44.905191],[-92.7753228,44.9052003],[-92.7752663,44.9052091],[-92.7752036,44.9052172],[-92.7751343,44.9052243],[-92.7750577,44.9052301],[-92.7746104,44.905258],[-92.77442,44.9052711],[-92.7742331,44.9052857],[-92.774143,44.9052937],[-92.7740535,44.9053024],[-92.7739626,44.9053121],[-92.7738713,44.905323],[-92.7737805,44.905335],[-92.7736913,44.9053485],[-92.7736044,44.9053634],[-92.773521,44.90538],[-92.773442,44.9053984],[-92.7733683,44.9054187],[-92.7733008,44.905441],[-92.7732405,44.9054651],[-92.7731873,44.9054905],[-92.7731404,44.9055167],[-92.7730994,44.9055433],[-92.7730638,44.9055698],[-92.7730329,44.9055957],[-92.7730061,44.9056207],[-92.772983,44.9056442],[-92.7729454,44.9056851],[-92.77283,44.9058108],[-92.7727809,44.9058633],[-92.7727268,44.9059191],[-92.7726683,44.905977],[-92.7726056,44.9060359],[-92.772539,44.9060946],[-92.7724689,44.9061519],[-92.7723956,44.9062065],[-92.7723071,44.9062707],[-92.7721951,44.9063538],[-92.7720656,44.9064513],[-92.771489,44.9068888],[-92.7713595,44.9069863],[-92.7712476,44.9070695],[-92.7711591,44.9071336],[-92.7710685,44.9071966],[-92.7708143,44.9073692],[-92.7702111,44.9077744],[-92.7699752,44.9079347],[-92.7695696,44.9082199],[-92.7693727,44.9083599],[-92.7692764,44.9084298],[-92.7691857,44.9084972],[-92.7691034,44.9085605],[-92.7690324,44.9086178],[-92.7688505,44.9087721],[-92.7686926,44.9089134],[-92.7685329,44.909059],[-92.7683773,44.9092017],[-92.7682275,44.909329],[-92.7678825,44.9096388],[-92.7676046,44.9098855],[-92.7674415,44.9100392],[-92.7672904,44.9101825],[-92.7671858,44.9102761],[-92.7670905,44.9103544],[-92.766995,44.9104282],[-92.7668871,44.9105091],[-92.7663403,44.9109448],[-92.7661782,44.9110682],[-92.766011,44.9111834],[-92.7656724,44.9114032],[-92.7655015,44.9115065],[-92.7653825,44.9115743],[-92.7652704,44.9116302],[-92.7651482,44.9116819],[-92.7650149,44.9117335],[-92.7648084,44.9118105],[-92.7645628,44.9119151],[-92.7644361,44.9119739],[-92.7643039,44.9120387],[-92.7641821,44.912104],[-92.7640698,44.9121736],[-92.763965,44.9122369],[-92.7638578,44.9123171],[-92.7638105,44.9123579],[-92.7637742,44.9123987],[-92.763747,44.9124328],[-92.7637253,44.9124739],[-92.7637072,44.9125199],[-92.7636948,44.9125647],[-92.763682,44.9126296],[-92.7636665,44.9127499],[-92.7636316,44.9129412],[-92.7641342,44.9129448],[-92.7641132,44.9142874],[-92.764112,44.9143318],[-92.7641087,44.914972],[-92.7636437,44.9149708],[-92.7633931,44.9149701],[-92.7634025,44.9150226],[-92.7634156,44.9151127],[-92.7634218,44.9151682],[-92.7634242,44.9152223],[-92.763423,44.9155165],[-92.7634242,44.9155871],[-92.763427,44.9156599],[-92.7634314,44.9157253],[-92.7634364,44.9157762],[-92.7634434,44.915824],[-92.763453,44.9158784],[-92.7634649,44.9159303],[-92.7635003,44.9160647],[-92.7635379,44.9161927],[-92.76361,44.9164565],[-92.7636195,44.9164961],[-92.7636265,44.9165432],[-92.7636286,44.9165804],[-92.7636288,44.9166171],[-92.7636269,44.9166616],[-92.7636216,44.9167183],[-92.7636088,44.91695],[-92.7636063,44.9169947],[-92.7636047,44.9170308],[-92.7636054,44.9170684],[-92.7636087,44.9171015],[-92.7636209,44.9171677],[-92.763627,44.9172033],[-92.7636326,44.9172412],[-92.763637,44.9172882],[-92.7636398,44.9173394],[-92.7636443,44.9174275],[-92.7636514,44.9175051],[-92.7636552,44.9175322],[-92.7636611,44.9175537],[-92.7636694,44.9175728],[-92.7636815,44.9175918],[-92.7636949,44.91761],[-92.7637085,44.9176282],[-92.7637202,44.9176446],[-92.7637286,44.9176584],[-92.7637337,44.9176695],[-92.7637379,44.9176826],[-92.7637615,44.91779],[-92.7637836,44.9179005],[-92.7638007,44.9180234],[-92.7638178,44.918159],[-92.7638311,44.9182783],[-92.7638433,44.9184037],[-92.7638563,44.9185583],[-92.7640628,44.9185554],[-92.7652358,44.9185391],[-92.7652338,44.9182658],[-92.7652324,44.9181206],[-92.7687283,44.9181268],[-92.7687206,44.9187791],[-92.7696853,44.918767],[-92.7720845,44.9187171],[-92.7720801,44.9176084],[-92.7726975,44.9176053],[-92.7726755,44.9172836],[-92.7720801,44.9172836],[-92.7720706,44.9159364],[-92.7760207,44.9159365],[-92.7762359,44.9157202],[-92.7765205,44.9154352],[-92.7767477,44.9152034],[-92.7767638,44.9151856],[-92.7767786,44.9151665],[-92.7767925,44.9151466],[-92.7768057,44.915126],[-92.7768187,44.9151051],[-92.7768317,44.9150842],[-92.7768449,44.9150636],[-92.7768588,44.9150436],[-92.7768736,44.9150245],[-92.7768896,44.9150066],[-92.7770025,44.914892],[-92.7771197,44.914772],[-92.7771608,44.9147312],[-92.7772044,44.9146904],[-92.77725,44.9146495],[-92.7772971,44.9146084],[-92.7773449,44.9145672],[-92.7773929,44.9145256],[-92.7774406,44.9144838],[-92.7774873,44.9144415],[-92.7775325,44.9143989],[-92.7775755,44.9143558],[-92.777871,44.9140515],[-92.7781668,44.9137501],[-92.7781964,44.9137199],[-92.7786879,44.9132191],[-92.7788395,44.913063],[-92.7789375,44.9129602],[-92.7789799,44.9129149],[-92.7790156,44.9128752],[-92.7790458,44.9128416],[-92.7790781,44.9128043],[-92.7790989,44.9127804],[-92.7791448,44.9127254],[-92.7791791,44.9126827],[-92.7792122,44.912638],[-92.7792442,44.9125918],[-92.7792752,44.9125448],[-92.7793051,44.9124976],[-92.779334,44.9124506],[-92.7793619,44.9124045],[-92.7793888,44.9123599],[-92.7794148,44.9123174],[-92.77944,44.9122775],[-92.7794809,44.9122134],[-92.7795214,44.9121458],[-92.7795966,44.9120166],[-92.7796698,44.9118866],[-92.7797081,44.9118146],[-92.779722,44.9117884],[-92.7797623,44.9117056],[-92.7798103,44.9115997],[-92.7798627,44.911476],[-92.7800295,44.9110694],[-92.7800722,44.9109643],[-92.7800979,44.9109028],[-92.7801297,44.9108298],[-92.7801662,44.9107482],[-92.7802058,44.910661],[-92.7802469,44.910571],[-92.7802881,44.9104811],[-92.7803278,44.9103942],[-92.7803645,44.9103133],[-92.7803967,44.9102412],[-92.7804228,44.9101809],[-92.7806403,44.9096611]]]}},{"type":"Feature","id":"way/1128250597","properties":{"floating":"yes","man_made":"pier","surface":"wood","osm_type":"way","osm_id":1128250597},"geometry":{"type":"LineString","coordinates":[[-92.7792331,44.9014582],[-92.7793889,44.9013092],[-92.7795352,44.9011712]]}},{"type":"Feature","id":"way/1128250598","properties":{"floating":"yes","man_made":"pier","mooring":"yes","surface":"wood","osm_type":"way","osm_id":1128250598},"geometry":{"type":"LineString","coordinates":[[-92.7796158,44.9011669],[-92.7805601,44.9012075],[-92.7814288,44.9012392]]}},{"type":"Feature","id":"way/1128250599","properties":{"floating":"yes","man_made":"pier","mooring":"no","surface":"wood","osm_type":"way","osm_id":1128250599},"geometry":{"type":"LineString","coordinates":[[-92.7805582,44.9012346],[-92.7805601,44.9012075]]}},{"type":"Feature","id":"way/1128250600","properties":{"floating":"yes","man_made":"pier","mooring":"yes","surface":"wood","osm_type":"way","osm_id":1128250600},"geometry":{"type":"LineString","coordinates":[[-92.7791195,44.9008487],[-92.7796199,44.9008713],[-92.7800171,44.9008871],[-92.7804915,44.9008958],[-92.7811198,44.9009032],[-92.781458,44.9009083]]}},{"type":"Feature","id":"way/1128250601","properties":{"floating":"yes","man_made":"pier","mooring":"no","surface":"wood","osm_type":"way","osm_id":1128250601},"geometry":{"type":"LineString","coordinates":[[-92.7796217,44.9008516],[-92.7796199,44.9008713]]}},{"type":"Feature","id":"way/1128250602","properties":{"floating":"yes","man_made":"pier","mooring":"no","osm_type":"way","osm_id":1128250602},"geometry":{"type":"LineString","coordinates":[[-92.7804914,44.900874],[-92.7804915,44.9008958]]}},{"type":"Feature","id":"way/1128250603","properties":{"floating":"yes","man_made":"pier","mooring":"no","osm_type":"way","osm_id":1128250603},"geometry":{"type":"LineString","coordinates":[[-92.7811204,44.9008783],[-92.7811198,44.9009032]]}},{"type":"Feature","id":"way/1128250604","properties":{"floating":"yes","man_made":"pier","mooring":"yes","surface":"wood","osm_type":"way","osm_id":1128250604},"geometry":{"type":"LineString","coordinates":[[-92.7790959,44.9004578],[-92.7794845,44.9004585],[-92.7803623,44.9004572],[-92.7811001,44.9004573],[-92.7814998,44.9004555]]}},{"type":"Feature","id":"way/1128250605","properties":{"floating":"yes","man_made":"pier","mooring":"no","osm_type":"way","osm_id":1128250605},"geometry":{"type":"LineString","coordinates":[[-92.7794843,44.9004811],[-92.7794845,44.9004585]]}},{"type":"Feature","id":"way/1128250606","properties":{"floating":"yes","man_made":"pier","mooring":"no","osm_type":"way","osm_id":1128250606},"geometry":{"type":"LineString","coordinates":[[-92.7803617,44.9004828],[-92.7803623,44.9004572]]}},{"type":"Feature","id":"way/1128250607","properties":{"floating":"yes","man_made":"pier","mooring":"no","osm_type":"way","osm_id":1128250607},"geometry":{"type":"LineString","coordinates":[[-92.7811,44.9004811],[-92.7811001,44.9004573]]}},{"type":"Feature","id":"way/1128250608","properties":{"floating":"yes","man_made":"pier","mooring":"yes","surface":"wood","osm_type":"way","osm_id":1128250608},"geometry":{"type":"LineString","coordinates":[[-92.7815229,44.8999879],[-92.7812149,44.8999888],[-92.780566,44.8999881],[-92.7797485,44.899988],[-92.7796,44.8999866],[-92.779174,44.8999967],[-92.7790634,44.9000722],[-92.7790814,44.9001076],[-92.7789777,44.900134]]}},{"type":"Feature","id":"way/1128250609","properties":{"floating":"yes","man_made":"pier","mooring":"no","osm_type":"way","osm_id":1128250609},"geometry":{"type":"LineString","coordinates":[[-92.7812145,44.89996],[-92.7812149,44.8999888]]}},{"type":"Feature","id":"way/1128250610","properties":{"floating":"yes","man_made":"pier","mooring":"no","osm_type":"way","osm_id":1128250610},"geometry":{"type":"LineString","coordinates":[[-92.7805654,44.8999578],[-92.780566,44.8999881]]}},{"type":"Feature","id":"way/1128250611","properties":{"floating":"yes","man_made":"pier","mooring":"no","osm_type":"way","osm_id":1128250611},"geometry":{"type":"LineString","coordinates":[[-92.7797472,44.8999684],[-92.7797485,44.899988]]}},{"type":"Feature","id":"way/1128250612","properties":{"floating":"yes","man_made":"pier","mooring":"yes","surface":"wood","osm_type":"way","osm_id":1128250612},"geometry":{"type":"LineString","coordinates":[[-92.7786984,44.9008984],[-92.7787268,44.9006364],[-92.778754,44.9004062]]}},{"type":"Feature","id":"way/1128250613","properties":{"floating":"yes","man_made":"pier","mooring":"no","osm_type":"way","osm_id":1128250613},"geometry":{"type":"LineString","coordinates":[[-92.7788529,44.9006425],[-92.7787268,44.9006364]]}},{"type":"Feature","id":"way/1128250614","properties":{"floating":"yes","man_made":"pier","mooring":"no","osm_type":"way","osm_id":1128250614},"geometry":{"type":"LineString","coordinates":[[-92.7788644,44.9004705],[-92.778754,44.9004062]]}},{"type":"Feature","id":"way/1128256142","properties":{"floating":"yes","man_made":"pier","mooring":"yes","surface":"wood","osm_type":"way","osm_id":1128256142},"geometry":{"type":"LineString","coordinates":[[-92.777958,44.9058661],[-92.7781612,44.9058685],[-92.7781625,44.9058119],[-92.778164,44.9057505],[-92.7779567,44.9057481]]}},{"type":"Feature","id":"way/1128256143","properties":{"floating":"yes","man_made":"pier","mooring":"yes","surface":"wood","osm_type":"way","osm_id":1128256143},"geometry":{"type":"LineString","coordinates":[[-92.7782384,44.9058117],[-92.7781625,44.9058119],[-92.7779563,44.9058095]]}},{"type":"Feature","id":"way/1128256144","properties":{"floating":"yes","man_made":"pier","mooring":"yes","surface":"wood","osm_type":"way","osm_id":1128256144},"geometry":{"type":"LineString","coordinates":[[-92.7782182,44.9055688],[-92.7779576,44.9053471],[-92.7774535,44.9049072],[-92.7772141,44.9047021],[-92.7770633,44.9045725]]}},{"type":"Feature","id":"way/1128256145","properties":{"floating":"yes","man_made":"pier","mooring":"yes","surface":"wood","osm_type":"way","osm_id":1128256145},"geometry":{"type":"LineString","coordinates":[[-92.7772141,44.9047021],[-92.7775604,44.9044931],[-92.777944,44.9042616],[-92.7780294,44.9042089]]}},{"type":"Feature","id":"way/1128256146","properties":{"floating":"yes","man_made":"pier","mooring":"yes","surface":"wood","osm_type":"way","osm_id":1128256146},"geometry":{"type":"LineString","coordinates":[[-92.777944,44.9042616],[-92.7782237,44.9045166],[-92.778832,44.9050713],[-92.779086,44.905303]]}},{"type":"Feature","id":"way/1128256147","properties":{"floating":"yes","man_made":"pier","mooring":"yes","surface":"wood","osm_type":"way","osm_id":1128256147},"geometry":{"type":"LineString","coordinates":[[-92.7796028,44.9053398],[-92.7795018,44.9052635],[-92.7794018,44.9051897]]}},{"type":"Feature","id":"way/1128256148","properties":{"floating":"yes","man_made":"pier","mooring":"yes","surface":"wood","osm_type":"way","osm_id":1128256148},"geometry":{"type":"LineString","coordinates":[[-92.7795018,44.9052635],[-92.7794205,44.9053188],[-92.7793421,44.9052609]]}},{"type":"Feature","id":"way/1128256149","properties":{"floating":"yes","man_made":"pier","mooring":"yes","osm_type":"way","osm_id":1128256149},"geometry":{"type":"LineString","coordinates":[[-92.7796636,44.9052676],[-92.7797161,44.9052436],[-92.7797637,44.9052218],[-92.7797193,44.9051732],[-92.7796732,44.9051227],[-92.7795716,44.9051693]]}},{"type":"Feature","id":"way/1128256150","properties":{"floating":"yes","man_made":"pier","mooring":"yes","osm_type":"way","osm_id":1128256150},"geometry":{"type":"LineString","coordinates":[[-92.7797193,44.9051732],[-92.7796187,44.9052192]]}},{"type":"Feature","id":"way/1128256151","properties":{"floating":"yes","man_made":"pier","mooring":"yes","osm_type":"way","osm_id":1128256151},"geometry":{"type":"LineString","coordinates":[[-92.7795922,44.9050412],[-92.7793901,44.9048752],[-92.7787496,44.9043463],[-92.7782412,44.9039259],[-92.7779556,44.9036901]]}},{"type":"Feature","id":"way/1128256152","properties":{"floating":"yes","man_made":"pier","mooring":"yes","osm_type":"way","osm_id":1128256152},"geometry":{"type":"LineString","coordinates":[[-92.7777848,44.903706],[-92.7774614,44.9038854],[-92.7770997,44.9040862],[-92.7767242,44.9042945],[-92.7764472,44.904058],[-92.7764854,44.9040365]]}},{"type":"Feature","id":"way/1128256153","properties":{"floating":"yes","man_made":"pier","mooring":"yes","osm_type":"way","osm_id":1128256153},"geometry":{"type":"LineString","coordinates":[[-92.7767242,44.9042945],[-92.776911,44.9044522]]}},{"type":"Feature","id":"way/1128256154","properties":{"floating":"yes","man_made":"pier","mooring":"no","osm_type":"way","osm_id":1128256154},"geometry":{"type":"LineString","coordinates":[[-92.7794319,44.9048501],[-92.7793901,44.9048752]]}},{"type":"Feature","id":"way/1128256155","properties":{"floating":"yes","man_made":"pier","mooring":"no","osm_type":"way","osm_id":1128256155},"geometry":{"type":"LineString","coordinates":[[-92.7788227,44.9043023],[-92.7787496,44.9043463]]}},{"type":"Feature","id":"way/1128256156","properties":{"floating":"yes","man_made":"pier","mooring":"no","osm_type":"way","osm_id":1128256156},"geometry":{"type":"LineString","coordinates":[[-92.7783022,44.9038876],[-92.7782412,44.9039259]]}},{"type":"Feature","id":"way/1128256157","properties":{"floating":"yes","man_made":"pier","mooring":"no","osm_type":"way","osm_id":1128256157},"geometry":{"type":"LineString","coordinates":[[-92.7780123,44.9053162],[-92.7779576,44.9053471]]}},{"type":"Feature","id":"way/1128256158","properties":{"floating":"yes","man_made":"pier","mooring":"no","osm_type":"way","osm_id":1128256158},"geometry":{"type":"LineString","coordinates":[[-92.7775254,44.904866],[-92.7774535,44.9049072]]}},{"type":"Feature","id":"way/1128256159","properties":{"floating":"yes","man_made":"pier","mooring":"yes","osm_type":"way","osm_id":1128256159},"geometry":{"type":"LineString","coordinates":[[-92.7795271,44.9038471],[-92.7793042,44.9038682],[-92.779043,44.9038928]]}},{"type":"Feature","id":"way/1128256160","properties":{"floating":"yes","man_made":"pier","mooring":"yes","osm_type":"way","osm_id":1128256160},"geometry":{"type":"LineString","coordinates":[[-92.7798465,44.9033097],[-92.7789092,44.9032677],[-92.7788936,44.9034314]]}},{"type":"Feature","id":"way/1128256161","properties":{"floating":"yes","man_made":"pier","mooring":"yes","osm_type":"way","osm_id":1128256161},"geometry":{"type":"LineString","coordinates":[[-92.7789092,44.9032677],[-92.7789216,44.903099]]}},{"type":"Feature","id":"way/1128256162","properties":{"floating":"yes","man_made":"pier","mooring":"yes","osm_type":"way","osm_id":1128256162},"geometry":{"type":"LineString","coordinates":[[-92.7798759,44.9028019],[-92.7796937,44.9027838],[-92.7789598,44.9027109]]}},{"type":"Feature","id":"way/1128256164","properties":{"floating":"yes","man_made":"pier","mooring":"yes","osm_type":"way","osm_id":1128256164},"geometry":{"type":"LineString","coordinates":[[-92.7784149,44.9027131],[-92.778231,44.9030179],[-92.7780411,44.9033353]]}},{"type":"Feature","id":"way/1128256165","properties":{"floating":"yes","man_made":"pier","mooring":"yes","osm_type":"way","osm_id":1128256165},"geometry":{"type":"LineString","coordinates":[[-92.7795078,44.9023073],[-92.779436,44.9023085],[-92.7790812,44.9023151]]}},{"type":"Feature","id":"way/1128256166","properties":{"floating":"yes","man_made":"pier","mooring":"yes","osm_type":"way","osm_id":1128256166},"geometry":{"type":"LineString","coordinates":[[-92.779436,44.9023085],[-92.779429,44.9021196],[-92.7794234,44.9019943]]}},{"type":"Feature","id":"way/1128256167","properties":{"floating":"yes","man_made":"pier","mooring":"no","osm_type":"way","osm_id":1128256167},"geometry":{"type":"LineString","coordinates":[[-92.7793167,44.9039507],[-92.7793042,44.9038682]]}},{"type":"Feature","id":"way/1128256168","properties":{"floating":"yes","man_made":"pier","mooring":"no","osm_type":"way","osm_id":1128256168},"geometry":{"type":"LineString","coordinates":[[-92.7781623,44.9029972],[-92.778231,44.9030179]]}},{"type":"Feature","id":"way/1128256169","properties":{"floating":"yes","man_made":"pier","mooring":"no","osm_type":"way","osm_id":1128256169},"geometry":{"type":"LineString","coordinates":[[-92.779515,44.902118],[-92.779429,44.9021196],[-92.7788815,44.9021261]]}},{"type":"Feature","id":"way/1194994715","properties":{"hoops":"2","leisure":"pitch","sport":"basketball","osm_type":"way","osm_id":1194994715},"geometry":{"type":"Polygon","coordinates":[[[-92.7836738,44.8991341],[-92.7836761,44.8988819],[-92.7834591,44.8988809],[-92.7834569,44.8991203],[-92.7834568,44.8991331],[-92.7836307,44.8991339],[-92.7836738,44.8991341]]]}},{"type":"Feature","id":"way/1194994716","properties":{"leisure":"playground","osm_type":"way","osm_id":1194994716},"geometry":{"type":"Polygon","coordinates":[[[-92.7837214,44.8991484],[-92.7837207,44.8990326],[-92.7837495,44.899006],[-92.7837613,44.8989074],[-92.7840218,44.8989357],[-92.7840518,44.8989649],[-92.7840391,44.8990279],[-92.7839737,44.8990562],[-92.7839737,44.899072],[-92.7840032,44.8990934],[-92.7840032,44.8991387],[-92.7839602,44.8991619],[-92.7838444,44.8991603],[-92.7838268,44.8991704],[-92.783756,44.8991702],[-92.7837214,44.8991484]]]}},{"type":"Feature","id":"way/1211655904","properties":{"highway":"secondary","maxspeed":"45 mph","name":"Afton Boulevard","name:etymology:wikidata":"Q692740","ref":"CH 18","osm_type":"way","osm_id":1211655904},"geometry":{"type":"LineString","coordinates":[[-92.7986148,44.9007914],[-92.7984589,44.9009359],[-92.7982848,44.9010987],[-92.7981861,44.9011885],[-92.7981333,44.9012329],[-92.7980902,44.9012668],[-92.7980433,44.9013009],[-92.7979946,44.9013328],[-92.7979107,44.9013834],[-92.7978387,44.9014229],[-92.7977359,44.9014718],[-92.7976244,44.9015209],[-92.7975543,44.9015487],[-92.797497,44.9015679],[-92.7973988,44.9015963],[-92.7972987,44.9016213],[-92.7971788,44.9016468],[-92.7970962,44.901662],[-92.7970646,44.9016673],[-92.7969793,44.901678],[-92.7968776,44.9016863],[-92.7968176,44.9016895],[-92.796753,44.9016912],[-92.7964286,44.9016941],[-92.795919,44.901696],[-92.7958393,44.9016976],[-92.7956719,44.9017046],[-92.7956238,44.9017077],[-92.7955167,44.9017174],[-92.7954846,44.901721],[-92.7954016,44.9017303],[-92.795269,44.9017499],[-92.795157,44.9017688],[-92.7950711,44.9017856],[-92.7949833,44.9018057],[-92.7948869,44.9018305],[-92.7945987,44.9019105],[-92.7944024,44.9019657],[-92.7940836,44.9020563],[-92.7928102,44.9024175],[-92.7927695,44.902429],[-92.7925354,44.9024948],[-92.7923744,44.9025386],[-92.7922852,44.9025605],[-92.7921794,44.9025846],[-92.7920314,44.9026147],[-92.7919566,44.9026277],[-92.7918279,44.9026473],[-92.7916548,44.9026697],[-92.791457,44.9026924],[-92.7914014,44.9026974],[-92.7904018,44.9027884],[-92.7896619,44.9028542],[-92.7893796,44.9028793],[-92.7886239,44.9029474]]}},{"type":"Feature","id":"way/1211655905","properties":{"highway":"secondary","maxspeed":"35 mph","name":"Afton Boulevard","name:etymology:wikidata":"Q692740","ref":"CH 18","osm_type":"way","osm_id":1211655905},"geometry":{"type":"LineString","coordinates":[[-92.7886239,44.9029474],[-92.7885742,44.9029519],[-92.7878316,44.9030173],[-92.7876102,44.9030369],[-92.7874681,44.9030494],[-92.786746,44.9031132],[-92.7865431,44.9031298],[-92.786438,44.9031365],[-92.7863191,44.9031415],[-92.7862078,44.903142],[-92.7861269,44.9031404],[-92.7860026,44.9031333],[-92.7859038,44.9031247],[-92.7858011,44.9031135],[-92.785736,44.9031052],[-92.7856373,44.9030901],[-92.785519,44.9030696],[-92.7846935,44.9029172],[-92.7845691,44.9028942],[-92.7844284,44.9028728],[-92.7843084,44.9028586],[-92.7842195,44.9028501],[-92.7841238,44.9028436],[-92.7840253,44.9028395],[-92.7839278,44.9028374],[-92.7837919,44.902837],[-92.7833639,44.9028416],[-92.7832321,44.9028423]]}},{"type":"Feature","id":"way/1225235573","properties":{"addr:city":"Afton","addr:housenumber":"3291","addr:postcode":"55001","building":"yes","name":"Afton House Inn","phone":"+1 651-436-8883","tourism":"hotel","website":"https://aftonhouseinn.com/","osm_type":"way","osm_id":1225235573},"geometry":{"type":"Polygon","coordinates":[[[-92.7825008,44.9010352],[-92.7825002,44.9008581],[-92.78275,44.9008577],[-92.7827501,44.9008767],[-92.7829131,44.9008764],[-92.782913,44.9008597],[-92.7829551,44.9008596],[-92.7829551,44.9008766],[-92.7830459,44.9008764],[-92.7830462,44.900952],[-92.7829628,44.9009521],[-92.7826799,44.9009526],[-92.7826801,44.9010137],[-92.7826801,44.901024],[-92.7826139,44.9010241],[-92.7826139,44.901035],[-92.7825008,44.9010352]]]}},{"type":"Feature","id":"way/1307291970","properties":{"highway":"footway","surface":"concrete","osm_type":"way","osm_id":1307291970},"geometry":{"type":"LineString","coordinates":[[-92.7831274,44.899118],[-92.7830025,44.8991173]]}},{"type":"Feature","id":"way/1307291971","properties":{"access":"private","leisure":"swimming_pool","osm_type":"way","osm_id":1307291971},"geometry":{"type":"Polygon","coordinates":[[[-92.7856693,44.9005976],[-92.7856114,44.9005978],[-92.7856105,44.9005028],[-92.7856685,44.9005026],[-92.7856693,44.9005976]]]}},{"type":"Feature","id":"way/1307291973","properties":{"building":"shed","osm_type":"way","osm_id":1307291973},"geometry":{"type":"Polygon","coordinates":[[[-92.7838406,44.9003162],[-92.7837744,44.9003156],[-92.7837757,44.9002476],[-92.783842,44.9002483],[-92.7838406,44.9003162]]]}},{"type":"Feature","id":"way/1307291974","properties":{"building":"yes","osm_type":"way","osm_id":1307291974},"geometry":{"type":"Polygon","coordinates":[[[-92.7830363,44.9015131],[-92.7829798,44.9015132],[-92.78298,44.9015665],[-92.7828528,44.9015667],[-92.7828524,44.9014555],[-92.782898,44.9014554],[-92.7828976,44.9013497],[-92.782876,44.9013498],[-92.7828753,44.9011552],[-92.7828323,44.9011553],[-92.7828321,44.901114],[-92.7826864,44.9011143],[-92.782686,44.9010137],[-92.7826801,44.9010137],[-92.7826799,44.9009526],[-92.7829628,44.9009521],[-92.7829629,44.9009811],[-92.7829405,44.9009812],[-92.7829409,44.9011019],[-92.7830348,44.9011017],[-92.7830363,44.9015131]]]}},{"type":"Feature","id":"way/1307291975","properties":{"building":"yes","osm_type":"way","osm_id":1307291975},"geometry":{"type":"Polygon","coordinates":[[[-92.7826399,44.9033668],[-92.782541,44.9033667],[-92.7825411,44.9033026],[-92.7826401,44.9033027],[-92.7826399,44.9033668]]]}},{"type":"Feature","id":"way/1307291978","properties":{"building":"yes","osm_type":"way","osm_id":1307291978},"geometry":{"type":"Polygon","coordinates":[[[-92.7826008,44.9027209],[-92.7824886,44.9027207],[-92.7824889,44.9026509],[-92.7826011,44.9026511],[-92.7826008,44.9027209]]]}},{"type":"Feature","id":"way/1307291983","properties":{"access":"private","leisure":"swimming_pool","osm_type":"way","osm_id":1307291983},"geometry":{"type":"Polygon","coordinates":[[[-92.7827546,44.9042889],[-92.782644,44.9042893],[-92.7826436,44.9042424],[-92.7827542,44.9042419],[-92.7827546,44.9042889]]]}},{"type":"Feature","id":"way/1307291984","properties":{"building":"yes","osm_type":"way","osm_id":1307291984},"geometry":{"type":"Polygon","coordinates":[[[-92.7839038,44.9060295],[-92.7837224,44.9060312],[-92.7837206,44.9059385],[-92.7839008,44.9059368],[-92.783901,44.9059486],[-92.7839345,44.9059483],[-92.7839358,44.906014],[-92.7839035,44.9060144],[-92.7839038,44.9060295]]]}},{"type":"Feature","id":"way/1307291985","properties":{"building":"yes","osm_type":"way","osm_id":1307291985},"geometry":{"type":"Polygon","coordinates":[[[-92.7875303,44.9063306],[-92.7873432,44.9063507],[-92.787323,44.9062564],[-92.7875101,44.9062363],[-92.7875303,44.9063306]]]}},{"type":"Feature","id":"way/1307291986","properties":{"building":"yes","osm_type":"way","osm_id":1307291986},"geometry":{"type":"Polygon","coordinates":[[[-92.7840311,44.9045852],[-92.7839062,44.9045846],[-92.7839069,44.904516],[-92.7839607,44.9045163],[-92.7839605,44.9045378],[-92.7840316,44.9045382],[-92.7840311,44.9045852]]]}},{"type":"Feature","id":"way/1307291987","properties":{"highway":"service","service":"driveway","osm_type":"way","osm_id":1307291987},"geometry":{"type":"LineString","coordinates":[[-92.7835758,44.9038945],[-92.783576,44.9041024],[-92.7835751,44.9042446],[-92.7836307,44.9042446],[-92.7836406,44.9042434],[-92.7836578,44.9042354],[-92.7836651,44.9042292],[-92.7836768,44.9042136],[-92.7836842,44.9041957],[-92.783687,44.9041776],[-92.7836848,44.9041586],[-92.7836776,44.9041384],[-92.7836655,44.9041201],[-92.7836578,44.9041127],[-92.7836489,44.904107],[-92.783639,44.9041033],[-92.783628,44.9041021],[-92.783576,44.9041024]]}},{"type":"Feature","id":"way/1307291988","properties":{"highway":"service","service":"driveway","osm_type":"way","osm_id":1307291988},"geometry":{"type":"LineString","coordinates":[[-92.7842926,44.903898],[-92.7842919,44.9039625],[-92.7843046,44.9040964],[-92.7843192,44.9041999],[-92.7843294,44.9042555]]}},{"type":"Feature","id":"way/1307291989","properties":{"access":"private","leisure":"swimming_pool","osm_type":"way","osm_id":1307291989},"geometry":{"type":"Polygon","coordinates":[[[-92.7887122,44.9052562],[-92.7885781,44.9053028],[-92.7885447,44.9052546],[-92.7886788,44.905208],[-92.7887122,44.9052562]]]}},{"type":"Feature","id":"way/1307291990","properties":{"amenity":"parking","parking":"surface","osm_type":"way","osm_id":1307291990},"geometry":{"type":"Polygon","coordinates":[[[-92.7863375,44.9034031],[-92.7863595,44.903403],[-92.7863946,44.9034025],[-92.7864297,44.903402],[-92.7864649,44.9034015],[-92.7865,44.903401],[-92.7865351,44.9034005],[-92.7865703,44.9034],[-92.7866054,44.9033995],[-92.7866405,44.903399],[-92.7866757,44.9033985],[-92.786677,44.9034462],[-92.7866789,44.9034964],[-92.7866816,44.903502],[-92.7866873,44.9035057],[-92.7866928,44.9035068],[-92.7866961,44.9035068],[-92.7868081,44.9034997],[-92.7872344,44.9034694],[-92.787231,44.9034451],[-92.7872276,44.9034207],[-92.7872242,44.9033964],[-92.7872208,44.903372],[-92.7872174,44.9033477],[-92.787214,44.9033233],[-92.7872106,44.903299],[-92.7872072,44.9032746],[-92.7872038,44.9032503],[-92.7872777,44.9032451],[-92.7873821,44.9032379],[-92.7874053,44.9034229],[-92.7874067,44.9034284],[-92.7874092,44.9034339],[-92.7874128,44.9034391],[-92.7874175,44.903444],[-92.7874231,44.9034484],[-92.7874297,44.9034522],[-92.7874372,44.9034554],[-92.7874454,44.9034577],[-92.7874545,44.9034591],[-92.7874642,44.9034595],[-92.7875655,44.9034563],[-92.7875926,44.9034543],[-92.7876187,44.9034507],[-92.7876434,44.9034457],[-92.7876662,44.9034395],[-92.7876868,44.9034321],[-92.7877045,44.9034237],[-92.7877191,44.9034145],[-92.78773,44.9034047],[-92.7877367,44.9033944],[-92.7877389,44.9033838],[-92.7877379,44.9033591],[-92.787737,44.9033344],[-92.787736,44.9033096],[-92.787735,44.9032849],[-92.7877341,44.9032602],[-92.7877331,44.9032355],[-92.7877322,44.9032108],[-92.7877312,44.9031861],[-92.7877303,44.9031613],[-92.787768,44.9031606],[-92.787775,44.90316],[-92.7877816,44.9031586],[-92.7877876,44.9031564],[-92.7877977,44.9031503],[-92.787805,44.9031427],[-92.787809,44.9031345],[-92.7878096,44.9031306],[-92.7879009,44.9031292],[-92.7879733,44.9031278],[-92.7879743,44.9031525],[-92.7879752,44.9031772],[-92.7879762,44.9032019],[-92.7879772,44.9032266],[-92.7879781,44.9032513],[-92.7879791,44.9032761],[-92.78798,44.9033008],[-92.787981,44.9033255],[-92.7879819,44.9033502],[-92.7879829,44.9033749],[-92.7879839,44.9033996],[-92.7879848,44.9034243],[-92.7879858,44.9034491],[-92.7879893,44.9035398],[-92.7878863,44.9035422],[-92.7878513,44.9035429],[-92.7878164,44.9035437],[-92.7877814,44.9035444],[-92.7877464,44.9035452],[-92.7877115,44.903546],[-92.7876765,44.9035467],[-92.7876415,44.9035475],[-92.7876066,44.9035482],[-92.7875716,44.903549],[-92.7875706,44.9035269],[-92.7875701,44.9035235],[-92.787567,44.9035175],[-92.7875613,44.9035127],[-92.787553,44.9035093],[-92.7875422,44.9035076],[-92.7873651,44.9035119],[-92.7872594,44.9035172],[-92.7868478,44.9035464],[-92.7868397,44.9035477],[-92.7868322,44.9035502],[-92.7868255,44.9035538],[-92.7868195,44.9035584],[-92.7868143,44.9035636],[-92.7868065,44.9035751],[-92.7868039,44.9035811],[-92.7868019,44.9035925],[-92.7868028,44.9036172],[-92.7868037,44.9036419],[-92.7868046,44.9036666],[-92.7868055,44.9036912],[-92.7868063,44.9037159],[-92.7868072,44.9037406],[-92.7868081,44.9037653],[-92.786809,44.90379],[-92.7867544,44.903791],[-92.7867463,44.9037917],[-92.7867378,44.9037934],[-92.7867292,44.903796],[-92.7867209,44.9037994],[-92.786713,44.9038034],[-92.786706,44.903808],[-92.7867,44.903813],[-92.7866955,44.9038183],[-92.7866926,44.9038238],[-92.7866917,44.9038293],[-92.7866929,44.9038688],[-92.7866585,44.9038693],[-92.7866241,44.9038698],[-92.7865897,44.9038704],[-92.7865553,44.9038709],[-92.7865209,44.9038714],[-92.7864865,44.903872],[-92.786452,44.9038725],[-92.7864176,44.903873],[-92.7863832,44.9038736],[-92.7863488,44.9038741],[-92.7863144,44.9038746],[-92.78628,44.9038752],[-92.7862455,44.9038757],[-92.7862443,44.9038354],[-92.7862431,44.9038295],[-92.78624,44.9038238],[-92.7862349,44.903819],[-92.7862276,44.9038156],[-92.786218,44.9038143],[-92.7861764,44.9038143],[-92.7861764,44.9037776],[-92.7861758,44.9037493],[-92.7861753,44.9037211],[-92.7861747,44.9036928],[-92.7861741,44.9036646],[-92.7862187,44.9036641],[-92.7862246,44.9036633],[-92.7862297,44.9036614],[-92.7862337,44.9036587],[-92.7862363,44.9036555],[-92.7862373,44.9036522],[-92.7862374,44.9036344],[-92.7862399,44.9036254],[-92.7863375,44.9034031]]]}},{"type":"Feature","id":"way/1307291991","properties":{"building":"yes","osm_type":"way","osm_id":1307291991},"geometry":{"type":"Polygon","coordinates":[[[-92.7840778,44.9036531],[-92.7840393,44.9036114],[-92.7840898,44.903588],[-92.7841282,44.9036297],[-92.7840778,44.9036531]]]}},{"type":"Feature","id":"way/1307291992","properties":{"leisure":"swimming_pool","osm_type":"way","osm_id":1307291992},"geometry":{"type":"Polygon","coordinates":[[[-92.7840606,44.9035775],[-92.7839903,44.9036121],[-92.7838984,44.9035183],[-92.7839686,44.9034838],[-92.7840606,44.9035775]]]}},{"type":"Feature","id":"way/1307291993","properties":{"amenity":"parking","parking":"surface","osm_type":"way","osm_id":1307291993},"geometry":{"type":"Polygon","coordinates":[[[-92.7830369,44.898616],[-92.7830373,44.8986526],[-92.7830381,44.8987233],[-92.7826205,44.8987255],[-92.7826203,44.8987034],[-92.7826199,44.898671],[-92.7826194,44.8986182],[-92.7830369,44.898616]]]}},{"type":"Feature","id":"way/1307291994","properties":{"amenity":"parking","parking":"surface","osm_type":"way","osm_id":1307291994},"geometry":{"type":"Polygon","coordinates":[[[-92.7824095,44.9006639],[-92.7824082,44.9007223],[-92.7822395,44.9007204],[-92.7822411,44.9006475],[-92.7822785,44.9006479],[-92.7822859,44.9003206],[-92.7824821,44.9003228],[-92.7824746,44.9006573],[-92.7824192,44.9006568],[-92.7824158,44.9006574],[-92.7824118,44.9006595],[-92.7824101,44.9006615],[-92.7824095,44.9006639]]]}},{"type":"Feature","id":"way/1307291995","properties":{"amenity":"parking","parking":"surface","osm_type":"way","osm_id":1307291995},"geometry":{"type":"Polygon","coordinates":[[[-92.7821842,44.901701],[-92.7820597,44.9016907],[-92.7821356,44.9012863],[-92.7821484,44.9012091],[-92.7821574,44.9011464],[-92.7821664,44.9010712],[-92.7821705,44.901024],[-92.7821756,44.900832],[-92.7824532,44.9008325],[-92.7824556,44.9010247],[-92.7824544,44.9010284],[-92.7824522,44.9010319],[-92.782397,44.9010984],[-92.782394,44.9011023],[-92.7823919,44.9011067],[-92.7823912,44.9011105],[-92.7823851,44.9012659],[-92.7823855,44.9012686],[-92.7823874,44.9012717],[-92.7823893,44.9012731],[-92.7823928,44.901274],[-92.7824653,44.9012742],[-92.7824633,44.9014105],[-92.7823462,44.9014103],[-92.7823328,44.9014106],[-92.7823184,44.9014117],[-92.7823036,44.9014137],[-92.7822889,44.9014166],[-92.7822748,44.9014205],[-92.7822618,44.9014256],[-92.7822504,44.9014318],[-92.7822411,44.9014392],[-92.7822343,44.9014479],[-92.7822306,44.901458],[-92.7821842,44.901701]]]}},{"type":"Feature","id":"way/1307291996","properties":{"building":"yes","osm_type":"way","osm_id":1307291996},"geometry":{"type":"Polygon","coordinates":[[[-92.7837046,44.9013786],[-92.783602,44.9013783],[-92.7836025,44.9012992],[-92.7837051,44.9012995],[-92.7837046,44.9013786]]]}},{"type":"Feature","id":"way/1307291998","properties":{"building":"yes","osm_type":"way","osm_id":1307291998},"geometry":{"type":"Polygon","coordinates":[[[-92.7845047,44.9020679],[-92.7843839,44.9020678],[-92.784384,44.9020083],[-92.7843983,44.9020083],[-92.7843984,44.9019512],[-92.7844964,44.9019512],[-92.7844964,44.9019666],[-92.7845048,44.9019666],[-92.7845047,44.9020679]]]}},{"type":"Feature","id":"way/1307291999","properties":{"building":"yes","osm_type":"way","osm_id":1307291999},"geometry":{"type":"Polygon","coordinates":[[[-92.7881815,44.9019531],[-92.7880933,44.902],[-92.7880703,44.9019782],[-92.7880042,44.9020134],[-92.788028,44.9020358],[-92.7879389,44.9020831],[-92.7879305,44.9020752],[-92.7879183,44.9020816],[-92.7878547,44.9020216],[-92.7878696,44.9020136],[-92.7877903,44.9019388],[-92.7878668,44.9018981],[-92.7878968,44.9019265],[-92.7879828,44.9018807],[-92.7879514,44.9018511],[-92.7880293,44.9018096],[-92.7881815,44.9019531]]]}},{"type":"Feature","id":"way/1307292000","properties":{"building":"yes","osm_type":"way","osm_id":1307292000},"geometry":{"type":"Polygon","coordinates":[[[-92.7899745,44.8989324],[-92.7898971,44.8989553],[-92.7898826,44.8989307],[-92.7898242,44.8989479],[-92.789784,44.8988797],[-92.7896437,44.8989212],[-92.7895653,44.8987883],[-92.7897451,44.8987351],[-92.7898224,44.8988661],[-92.7898439,44.8988597],[-92.7898625,44.8988913],[-92.7899372,44.8988692],[-92.7899745,44.8989324]]]}},{"type":"Feature","id":"way/1307292001","properties":{"building":"yes","osm_type":"way","osm_id":1307292001},"geometry":{"type":"Polygon","coordinates":[[[-92.7880925,44.8983093],[-92.7880987,44.8981684],[-92.7882381,44.8981715],[-92.7882393,44.8981449],[-92.788351,44.8981474],[-92.7883481,44.8982123],[-92.788367,44.8982127],[-92.7883642,44.8982761],[-92.7882107,44.8982727],[-92.788209,44.8983119],[-92.7880925,44.8983093]]]}},{"type":"Feature","id":"way/1307292003","properties":{"amenity":"parking","parking":"surface","osm_type":"way","osm_id":1307292003},"geometry":{"type":"Polygon","coordinates":[[[-92.7825237,44.9049464],[-92.7825236,44.9049886],[-92.7823912,44.9049884],[-92.7823914,44.9049455],[-92.7823908,44.9049426],[-92.7823891,44.9049405],[-92.7823866,44.9049389],[-92.7823802,44.9049378],[-92.7823739,44.9049391],[-92.7823714,44.9049406],[-92.7823697,44.9049427],[-92.7823691,44.9049454],[-92.782369,44.9049883],[-92.7822771,44.9049882],[-92.7822771,44.9049441],[-92.7822744,44.9049393],[-92.7822696,44.9049368],[-92.782264,44.9049361],[-92.782044,44.9049357],[-92.7820442,44.9048598],[-92.7820444,44.9048246],[-92.7828726,44.9048258],[-92.7828725,44.9048659],[-92.7828721,44.9049893],[-92.782546,44.9049888],[-92.7825462,44.9049464],[-92.7825455,44.904944],[-92.7825438,44.9049421],[-92.7825413,44.9049407],[-92.7825382,44.9049399],[-92.7825316,44.90494],[-92.7825261,44.9049421],[-92.7825244,44.904944],[-92.7825237,44.9049464]]]}},{"type":"Feature","id":"way/1307292005","properties":{"building":"yes","osm_type":"way","osm_id":1307292005},"geometry":{"type":"Polygon","coordinates":[[[-92.7798288,44.901437],[-92.7798339,44.9013862],[-92.779907,44.9013898],[-92.779902,44.9014406],[-92.7798288,44.901437]]]}},{"type":"Feature","id":"way/1307292006","properties":{"building":"yes","source":"microsoft/BuildingFootprints","osm_type":"way","osm_id":1307292006},"geometry":{"type":"Polygon","coordinates":[[[-92.7900083,44.901612],[-92.789978,44.901472],[-92.7899478,44.9014752],[-92.7899354,44.9014178],[-92.7898211,44.9014302],[-92.789848,44.9015548],[-92.7898272,44.901557],[-92.789843,44.90163],[-92.7900083,44.901612]]]}},{"type":"Feature","id":"way/1307292007","properties":{"building":"yes","source":"microsoft/BuildingFootprints","osm_type":"way","osm_id":1307292007},"geometry":{"type":"Polygon","coordinates":[[[-92.7866436,44.8999352],[-92.7866432,44.899846],[-92.7865506,44.8998462],[-92.7865507,44.8998595],[-92.786436,44.8998598],[-92.7864363,44.8999186],[-92.7864058,44.8999186],[-92.7864066,44.9000961],[-92.7865305,44.9000958],[-92.78653,44.8999889],[-92.78654,44.8999888],[-92.7865398,44.8999445],[-92.7865288,44.8999446],[-92.7865288,44.8999355],[-92.7866436,44.8999352]]]}},{"type":"Feature","id":"way/1307292008","properties":{"building":"yes","source":"microsoft/BuildingFootprints","osm_type":"way","osm_id":1307292008},"geometry":{"type":"Polygon","coordinates":[[[-92.7872547,44.8996787],[-92.787219,44.8996796],[-92.787217,44.8996414],[-92.7871765,44.8996425],[-92.7871757,44.8996273],[-92.7871066,44.8996292],[-92.7871095,44.8996832],[-92.7870999,44.8996834],[-92.7871023,44.8997273],[-92.7871228,44.8997267],[-92.7871248,44.8997632],[-92.7872591,44.8997596],[-92.7872547,44.8996787]]]}},{"type":"Feature","id":"way/1307292009","properties":{"building":"yes","source":"microsoft/BuildingFootprints","osm_type":"way","osm_id":1307292009},"geometry":{"type":"Polygon","coordinates":[[[-92.7873613,44.9017506],[-92.7873691,44.9017991],[-92.7876036,44.9017804],[-92.7875916,44.9017047],[-92.7874214,44.9017183],[-92.7874257,44.9017454],[-92.7873613,44.9017506]]]}},{"type":"Feature","id":"way/1307292012","properties":{"building":"yes","source":"microsoft/BuildingFootprints","osm_type":"way","osm_id":1307292012},"geometry":{"type":"Polygon","coordinates":[[[-92.7803393,44.9056531],[-92.780287,44.9059354],[-92.7806218,44.9059664],[-92.7806433,44.9058503],[-92.780367,44.9058247],[-92.7803781,44.9057652],[-92.7806459,44.90579],[-92.7806657,44.9056834],[-92.7803393,44.9056531]]]}},{"type":"Feature","id":"way/1307292013","properties":{"building":"yes","source":"microsoft/BuildingFootprints","osm_type":"way","osm_id":1307292013},"geometry":{"type":"Polygon","coordinates":[[[-92.7822878,44.9042372],[-92.7821755,44.9042275],[-92.7821666,44.9042799],[-92.7821556,44.904279],[-92.7821443,44.9043449],[-92.7821641,44.9043466],[-92.7821546,44.9044016],[-92.7822581,44.9044105],[-92.7822878,44.9042372]]]}},{"type":"Feature","id":"way/1307292014","properties":{"building":"yes","source":"microsoft/BuildingFootprints","osm_type":"way","osm_id":1307292014},"geometry":{"type":"Polygon","coordinates":[[[-92.789888,44.9012509],[-92.7897458,44.9012483],[-92.7897433,44.9013171],[-92.7898855,44.9013197],[-92.789888,44.9012509]]]}},{"type":"Feature","id":"way/1307292015","properties":{"building":"yes","source":"microsoft/BuildingFootprints","osm_type":"way","osm_id":1307292015},"geometry":{"type":"Polygon","coordinates":[[[-92.7844785,44.8971784],[-92.7844031,44.8971783],[-92.784403,44.8972012],[-92.7843892,44.8972012],[-92.784389,44.8972489],[-92.7844782,44.8972491],[-92.7844785,44.8971784]]]}},{"type":"Feature","id":"way/1307292016","properties":{"building":"yes","source":"microsoft/BuildingFootprints","osm_type":"way","osm_id":1307292016},"geometry":{"type":"Polygon","coordinates":[[[-92.7871613,44.8987924],[-92.7871657,44.899023],[-92.7872871,44.8990219],[-92.7872826,44.8987912],[-92.7871613,44.8987924]]]}},{"type":"Feature","id":"way/1307292017","properties":{"building":"yes","source":"microsoft/BuildingFootprints","osm_type":"way","osm_id":1307292017},"geometry":{"type":"Polygon","coordinates":[[[-92.7822097,44.9030684],[-92.7822098,44.9031021],[-92.7822145,44.9031021],[-92.7822146,44.9031397],[-92.7822092,44.9031397],[-92.7822093,44.9031935],[-92.7823573,44.9031933],[-92.7823572,44.9031399],[-92.7823309,44.90314],[-92.7823308,44.9030872],[-92.782348,44.9030872],[-92.7823479,44.9030598],[-92.7823319,44.9030598],[-92.7823318,44.9030162],[-92.7822862,44.9030162],[-92.7822861,44.9029992],[-92.7821755,44.9029993],[-92.7821756,44.903016],[-92.782152,44.903016],[-92.7821521,44.9030684],[-92.7822097,44.9030684]]]}},{"type":"Feature","id":"way/1307292019","properties":{"building":"yes","source":"microsoft/BuildingFootprints","osm_type":"way","osm_id":1307292019},"geometry":{"type":"Polygon","coordinates":[[[-92.7860874,44.904226],[-92.7860683,44.9042989],[-92.786148,44.9043094],[-92.7861344,44.9043614],[-92.7861133,44.9043586],[-92.7860945,44.9044305],[-92.7862942,44.9044566],[-92.7862973,44.9044446],[-92.7863261,44.9044484],[-92.7863365,44.9044088],[-92.7862954,44.9044034],[-92.7863155,44.9043265],[-92.7863522,44.9043313],[-92.786362,44.9042936],[-92.7863392,44.9042906],[-92.7863472,44.9042599],[-92.7862778,44.9042508],[-92.7862808,44.9042392],[-92.7861642,44.9042239],[-92.7861611,44.9042356],[-92.7860874,44.904226]]]}},{"type":"Feature","id":"way/1307292020","properties":{"building":"yes","source":"microsoft/BuildingFootprints","osm_type":"way","osm_id":1307292020},"geometry":{"type":"Polygon","coordinates":[[[-92.7869031,44.8982072],[-92.7870268,44.8982073],[-92.7870271,44.8981566],[-92.7870636,44.8981303],[-92.7870858,44.8981457],[-92.7871629,44.8980902],[-92.7870696,44.8980251],[-92.7870245,44.8980576],[-92.7869895,44.8980332],[-92.7869483,44.8980325],[-92.7869092,44.8980606],[-92.7869095,44.8980803],[-92.7869191,44.898087],[-92.7868813,44.8981142],[-92.7868812,44.8981583],[-92.7869031,44.8981728],[-92.7869031,44.8982072]]]}},{"type":"Feature","id":"way/1307292022","properties":{"building":"yes","source":"microsoft/BuildingFootprints","osm_type":"way","osm_id":1307292022},"geometry":{"type":"Polygon","coordinates":[[[-92.7842489,44.9043834],[-92.7844153,44.9043841],[-92.7844159,44.9043098],[-92.7842494,44.9043092],[-92.7842489,44.9043834]]]}},{"type":"Feature","id":"way/1307292024","properties":{"building":"yes","source":"microsoft/BuildingFootprints","osm_type":"way","osm_id":1307292024},"geometry":{"type":"Polygon","coordinates":[[[-92.7799576,44.9014639],[-92.7798198,44.9014553],[-92.7797963,44.9016436],[-92.7799341,44.9016522],[-92.7799576,44.9014639]]]}},{"type":"Feature","id":"way/1307292025","properties":{"amenity":"place_of_worship","building":"church","denomination":"lutheran","name":"Memorial Lutheran Church","religion":"christian","source":"microsoft/BuildingFootprints","osm_type":"way","osm_id":1307292025},"geometry":{"type":"Polygon","coordinates":[[[-92.785866,44.9037636],[-92.7861407,44.9037612],[-92.7861388,44.9036547],[-92.7860254,44.9036557],[-92.7860242,44.9035869],[-92.7860458,44.9035867],[-92.7860452,44.9035558],[-92.7860232,44.903556],[-92.7860229,44.9035407],[-92.786213,44.903539],[-92.7862124,44.9035055],[-92.7862309,44.9035053],[-92.7862303,44.9034727],[-92.7862137,44.9034729],[-92.7862123,44.9033905],[-92.7861913,44.9033907],[-92.7861908,44.9033588],[-92.7858781,44.9033616],[-92.7858787,44.903396],[-92.7858489,44.9033962],[-92.7858505,44.9034916],[-92.7858612,44.9034915],[-92.785866,44.9037636]]]}},{"type":"Feature","id":"way/1307292026","properties":{"building":"yes","source":"microsoft/BuildingFootprints","osm_type":"way","osm_id":1307292026},"geometry":{"type":"Polygon","coordinates":[[[-92.7812091,44.9023162],[-92.7811891,44.9024373],[-92.781323,44.9024484],[-92.781343,44.9023273],[-92.7812091,44.9023162]]]}},{"type":"Feature","id":"way/1307292027","properties":{"building":"yes","source":"microsoft/BuildingFootprints","osm_type":"way","osm_id":1307292027},"geometry":{"type":"Polygon","coordinates":[[[-92.7828379,44.9026054],[-92.782637,44.9026067],[-92.782638,44.9026893],[-92.7826605,44.9026891],[-92.7826608,44.9027136],[-92.7827615,44.902713],[-92.7827612,44.90269],[-92.7827803,44.9026899],[-92.7827798,44.9026459],[-92.7828384,44.9026455],[-92.7828379,44.9026054]]]}},{"type":"Feature","id":"way/1307292028","properties":{"building":"yes","source":"microsoft/BuildingFootprints","osm_type":"way","osm_id":1307292028},"geometry":{"type":"Polygon","coordinates":[[[-92.785047,44.9020853],[-92.7849344,44.9020874],[-92.7849368,44.902151],[-92.7850494,44.9021488],[-92.785047,44.9020853]]]}},{"type":"Feature","id":"way/1307292029","properties":{"building":"yes","source":"microsoft/BuildingFootprints","osm_type":"way","osm_id":1307292029},"geometry":{"type":"Polygon","coordinates":[[[-92.7844757,44.8983557],[-92.7844052,44.8983562],[-92.7844055,44.8983753],[-92.7842415,44.8983765],[-92.7842429,44.8984777],[-92.784328,44.8984771],[-92.7843278,44.8984653],[-92.7843914,44.8984648],[-92.7843915,44.8984746],[-92.7844774,44.898474],[-92.7844757,44.8983557]]]}},{"type":"Feature","id":"way/1307292030","properties":{"building":"yes","source":"microsoft/BuildingFootprints","osm_type":"way","osm_id":1307292030},"geometry":{"type":"Polygon","coordinates":[[[-92.7823582,44.8974598],[-92.7824717,44.897466],[-92.7824887,44.8973107],[-92.7823915,44.8973053],[-92.782385,44.8973649],[-92.7823687,44.897364],[-92.7823582,44.8974598]]]}},{"type":"Feature","id":"way/1307292031","properties":{"building":"yes","source":"microsoft/BuildingFootprints","osm_type":"way","osm_id":1307292031},"geometry":{"type":"Polygon","coordinates":[[[-92.7838147,44.9008768],[-92.7837494,44.9008753],[-92.7837472,44.9009241],[-92.7838126,44.9009256],[-92.7838147,44.9008768]]]}},{"type":"Feature","id":"way/1307292032","properties":{"building":"yes","source":"microsoft/BuildingFootprints","osm_type":"way","osm_id":1307292032},"geometry":{"type":"Polygon","coordinates":[[[-92.7820145,44.9032778],[-92.7821445,44.9032816],[-92.7821483,44.9032162],[-92.7820184,44.9032124],[-92.7820145,44.9032778]]]}},{"type":"Feature","id":"way/1307292033","properties":{"building":"yes","source":"microsoft/BuildingFootprints","osm_type":"way","osm_id":1307292033},"geometry":{"type":"Polygon","coordinates":[[[-92.7827166,44.9037625],[-92.7829599,44.9037619],[-92.7829594,44.9036631],[-92.7830124,44.903663],[-92.7830121,44.903604],[-92.7829588,44.9036041],[-92.7829582,44.9034709],[-92.7829206,44.903471],[-92.7829206,44.9034843],[-92.782843,44.9034845],[-92.7828431,44.9035083],[-92.7827141,44.9035086],[-92.7827144,44.9035743],[-92.7826974,44.9035743],[-92.7826975,44.9036057],[-92.7827159,44.9036056],[-92.7827166,44.9037625]]]}},{"type":"Feature","id":"way/1307292034","properties":{"building":"yes","source":"microsoft/BuildingFootprints","osm_type":"way","osm_id":1307292034},"geometry":{"type":"Polygon","coordinates":[[[-92.7840012,44.9063835],[-92.7839978,44.9063032],[-92.7839279,44.9063046],[-92.783927,44.9062836],[-92.7838741,44.9062847],[-92.783875,44.9063065],[-92.7838196,44.9063077],[-92.7838229,44.9063873],[-92.7840012,44.9063835]]]}},{"type":"Feature","id":"way/1307292035","properties":{"building":"yes","source":"microsoft/BuildingFootprints","osm_type":"way","osm_id":1307292035},"geometry":{"type":"Polygon","coordinates":[[[-92.7828234,44.9042666],[-92.7828734,44.9042663],[-92.7828739,44.9043082],[-92.7829302,44.9043079],[-92.7829294,44.9042514],[-92.7829661,44.9042511],[-92.782966,44.9042468],[-92.7829892,44.9042466],[-92.7829883,44.9041792],[-92.7829658,44.9041794],[-92.7829657,44.9041727],[-92.7828926,44.9041732],[-92.7828927,44.9041798],[-92.7828223,44.9041803],[-92.7828234,44.9042666]]]}},{"type":"Feature","id":"way/1307292037","properties":{"building":"yes","source":"microsoft/BuildingFootprints","osm_type":"way","osm_id":1307292037},"geometry":{"type":"Polygon","coordinates":[[[-92.7865125,44.8993907],[-92.786511,44.8993738],[-92.7863898,44.8993792],[-92.7864015,44.8995109],[-92.7865215,44.8995055],[-92.7865193,44.8994798],[-92.7866383,44.8994745],[-92.7866305,44.8993854],[-92.7865125,44.8993907]]]}},{"type":"Feature","id":"way/1307292038","properties":{"building":"yes","source":"microsoft/BuildingFootprints","osm_type":"way","osm_id":1307292038},"geometry":{"type":"Polygon","coordinates":[[[-92.7868661,44.90755],[-92.7867796,44.9075578],[-92.7867738,44.9075257],[-92.7867059,44.9075318],[-92.7867119,44.9075653],[-92.7867284,44.9075638],[-92.7867362,44.907607],[-92.7867606,44.9076048],[-92.7867713,44.9076642],[-92.7868098,44.9076607],[-92.7868155,44.9076923],[-92.7868952,44.9076851],[-92.7869015,44.9077198],[-92.7870379,44.9077075],[-92.7870246,44.9076339],[-92.7868835,44.9076466],[-92.7868661,44.90755]]]}},{"type":"Feature","id":"way/1307292039","properties":{"building":"yes","source":"microsoft/BuildingFootprints","osm_type":"way","osm_id":1307292039},"geometry":{"type":"Polygon","coordinates":[[[-92.7844641,44.9026103],[-92.7844609,44.9025806],[-92.7844673,44.9025802],[-92.784459,44.9025037],[-92.7844972,44.9025017],[-92.7844864,44.9024019],[-92.784467,44.9024029],[-92.7844641,44.9023757],[-92.7843349,44.9023826],[-92.7843391,44.9024211],[-92.7843309,44.9024215],[-92.7843359,44.9024682],[-92.7843163,44.9024693],[-92.7843211,44.9025146],[-92.7843384,44.9025136],[-92.7843407,44.9025344],[-92.7843549,44.9025336],[-92.7843637,44.9026157],[-92.7844641,44.9026103]]]}},{"type":"Feature","id":"way/1307292040","properties":{"building":"yes","source":"microsoft/BuildingFootprints","osm_type":"way","osm_id":1307292040},"geometry":{"type":"Polygon","coordinates":[[[-92.789401,44.9001303],[-92.7892925,44.9002228],[-92.7894214,44.9002987],[-92.7894275,44.9002934],[-92.7894564,44.9003104],[-92.7894457,44.9003196],[-92.7895148,44.9003602],[-92.7895783,44.900306],[-92.7895589,44.9002946],[-92.7895787,44.9002777],[-92.7896407,44.9003141],[-92.7897222,44.9002446],[-92.7896258,44.9001879],[-92.7895467,44.9002553],[-92.789559,44.9002626],[-92.7895381,44.9002805],[-92.7895133,44.9002658],[-92.7895047,44.9002731],[-92.7894672,44.9002511],[-92.789524,44.9002027],[-92.789401,44.9001303]]]}},{"type":"Feature","id":"way/1307292041","properties":{"building":"yes","source":"microsoft/BuildingFootprints","osm_type":"way","osm_id":1307292041},"geometry":{"type":"Polygon","coordinates":[[[-92.7867946,44.902705],[-92.7867883,44.902658],[-92.7867943,44.9026576],[-92.7867856,44.9025925],[-92.7866808,44.9025996],[-92.7866959,44.9027117],[-92.7867946,44.902705]]]}},{"type":"Feature","id":"way/1307292042","properties":{"building":"yes","source":"microsoft/BuildingFootprints","osm_type":"way","osm_id":1307292042},"geometry":{"type":"Polygon","coordinates":[[[-92.7843622,44.9070267],[-92.7844216,44.9069643],[-92.7843088,44.9069104],[-92.7841914,44.9070336],[-92.7843175,44.9070939],[-92.7843056,44.9071063],[-92.7843975,44.9071502],[-92.7844673,44.9070769],[-92.7843622,44.9070267]]]}},{"type":"Feature","id":"way/1307292043","properties":{"building":"yes","osm_type":"way","osm_id":1307292043},"geometry":{"type":"Polygon","coordinates":[[[-92.782829,44.9031136],[-92.7829548,44.9031132],[-92.7829541,44.903011],[-92.7828284,44.9030114],[-92.782829,44.9031136]]]}},{"type":"Feature","id":"way/1307292044","properties":{"building":"yes","source":"microsoft/BuildingFootprints","osm_type":"way","osm_id":1307292044},"geometry":{"type":"Polygon","coordinates":[[[-92.7850319,44.8973493],[-92.7850289,44.897214],[-92.7849023,44.8972154],[-92.7849053,44.8973507],[-92.7850319,44.8973493]]]}},{"type":"Feature","id":"way/1307292045","properties":{"building":"yes","source":"microsoft/BuildingFootprints","osm_type":"way","osm_id":1307292045},"geometry":{"type":"Polygon","coordinates":[[[-92.7821584,44.8978559],[-92.7822399,44.8978577],[-92.7822401,44.8978518],[-92.7823141,44.8978534],[-92.7823152,44.8978277],[-92.7823576,44.8978286],[-92.7823602,44.8977675],[-92.7823368,44.897767],[-92.7823389,44.8977165],[-92.7822073,44.8977136],[-92.7822041,44.8977877],[-92.7822137,44.8977879],[-92.7822126,44.8978143],[-92.7821603,44.8978132],[-92.7821584,44.8978559]]]}},{"type":"Feature","id":"way/1307292046","properties":{"building":"yes","source":"microsoft/BuildingFootprints","osm_type":"way","osm_id":1307292046},"geometry":{"type":"Polygon","coordinates":[[[-92.7877049,44.9004776],[-92.7877667,44.9005911],[-92.7879174,44.9005499],[-92.787846,44.9004189],[-92.7877678,44.9004403],[-92.7877774,44.9004578],[-92.7877049,44.9004776]]]}},{"type":"Feature","id":"way/1307292047","properties":{"building":"yes","source":"microsoft/BuildingFootprints","osm_type":"way","osm_id":1307292047},"geometry":{"type":"Polygon","coordinates":[[[-92.7848404,44.9040782],[-92.7848324,44.904122],[-92.7848197,44.9041209],[-92.7848132,44.9041569],[-92.7848263,44.9041581],[-92.7848157,44.9042165],[-92.7849716,44.9042307],[-92.7849878,44.9041409],[-92.7849559,44.904138],[-92.7849617,44.9041057],[-92.7849105,44.9041011],[-92.7849135,44.9040848],[-92.7848404,44.9040782]]]}},{"type":"Feature","id":"way/1307292048","properties":{"building":"yes","source":"microsoft/BuildingFootprints","osm_type":"way","osm_id":1307292048},"geometry":{"type":"Polygon","coordinates":[[[-92.7841425,44.9040776],[-92.7837523,44.9040758],[-92.7837515,44.9041544],[-92.7838014,44.9041547],[-92.7838011,44.9041839],[-92.7837522,44.9041837],[-92.7837519,44.9042158],[-92.7837997,44.904216],[-92.7837994,44.9042473],[-92.7837503,44.9042471],[-92.7837496,44.9043251],[-92.7841402,44.904327],[-92.7841425,44.9040776]]]}},{"type":"Feature","id":"way/1307292049","properties":{"building":"yes","source":"microsoft/BuildingFootprints","osm_type":"way","osm_id":1307292049},"geometry":{"type":"Polygon","coordinates":[[[-92.7838361,44.9031379],[-92.7838386,44.9032618],[-92.7839261,44.9032609],[-92.7839236,44.903137],[-92.7838361,44.9031379]]]}},{"type":"Feature","id":"way/1307292050","properties":{"building":"yes","source":"microsoft/BuildingFootprints","osm_type":"way","osm_id":1307292050},"geometry":{"type":"Polygon","coordinates":[[[-92.784398,44.9013107],[-92.7843966,44.9014259],[-92.7845387,44.9014267],[-92.7845395,44.9013638],[-92.7845312,44.9013637],[-92.7845318,44.9013115],[-92.784398,44.9013107]]]}},{"type":"Feature","id":"way/1307292051","properties":{"building":"yes","source":"microsoft/BuildingFootprints","osm_type":"way","osm_id":1307292051},"geometry":{"type":"Polygon","coordinates":[[[-92.7858621,44.9000784],[-92.7858623,44.9000132],[-92.7858706,44.9000132],[-92.7858708,44.8999236],[-92.7858863,44.8999236],[-92.7858865,44.8998338],[-92.7857542,44.8998336],[-92.7857539,44.8999567],[-92.7857229,44.8999566],[-92.7857227,44.9000139],[-92.7857523,44.9000139],[-92.7857523,44.900035],[-92.7857262,44.900035],[-92.7857261,44.9000712],[-92.7857525,44.9000712],[-92.7857525,44.9000782],[-92.7858621,44.9000784]]]}},{"type":"Feature","id":"way/1307292053","properties":{"building":"yes","source":"microsoft/BuildingFootprints","osm_type":"way","osm_id":1307292053},"geometry":{"type":"Polygon","coordinates":[[[-92.7859399,44.8983007],[-92.7857709,44.8983001],[-92.7857698,44.8984802],[-92.7858795,44.8984805],[-92.7858801,44.8983904],[-92.7859394,44.8983906],[-92.7859399,44.8983007]]]}},{"type":"Feature","id":"way/1307292055","properties":{"building":"yes","source":"microsoft/BuildingFootprints","osm_type":"way","osm_id":1307292055},"geometry":{"type":"Polygon","coordinates":[[[-92.7837487,44.904537],[-92.7836956,44.9045349],[-92.7836952,44.9045398],[-92.7836135,44.9045366],[-92.783605,44.9046456],[-92.7837082,44.9046497],[-92.7837118,44.9046037],[-92.7837434,44.9046049],[-92.7837487,44.904537]]]}},{"type":"Feature","id":"way/1307292057","properties":{"building":"yes","source":"microsoft/BuildingFootprints","osm_type":"way","osm_id":1307292057},"geometry":{"type":"Polygon","coordinates":[[[-92.7828027,44.8999558],[-92.7828029,44.9000034],[-92.7828766,44.9000032],[-92.7828767,44.9000189],[-92.7828816,44.9000189],[-92.7828817,44.9000449],[-92.7828189,44.900045],[-92.7828193,44.9001246],[-92.7828219,44.9001246],[-92.7828221,44.9001629],[-92.7829275,44.9001627],[-92.7829274,44.9001249],[-92.7829402,44.9001249],[-92.7829398,44.9000302],[-92.7829703,44.9000302],[-92.7829701,44.8999828],[-92.7829104,44.8999829],[-92.7829102,44.8999466],[-92.7829183,44.8999465],[-92.7829182,44.8999148],[-92.7829099,44.8999148],[-92.7829099,44.8998956],[-92.7828883,44.8998957],[-92.7828881,44.8998562],[-92.7828962,44.8998562],[-92.782896,44.8998122],[-92.7827899,44.8998125],[-92.7827901,44.8998562],[-92.7827978,44.8998562],[-92.782798,44.8999005],[-92.7828113,44.8999005],[-92.7828116,44.8999557],[-92.7828027,44.8999558]]]}},{"type":"Feature","id":"way/1307292059","properties":{"building":"yes","source":"microsoft/BuildingFootprints","osm_type":"way","osm_id":1307292059},"geometry":{"type":"Polygon","coordinates":[[[-92.7848496,44.9020558],[-92.7848845,44.9020552],[-92.7848855,44.9020862],[-92.7849512,44.9020851],[-92.7849469,44.901953],[-92.7848463,44.9019546],[-92.7848496,44.9020558]]]}},{"type":"Feature","id":"way/1307292060","properties":{"building":"yes","ele":"708","name":"Afton Historical Museum","tourism":"museum","website":"https://aftonhistoricalmuseum.com/","osm_type":"way","osm_id":1307292060},"geometry":{"type":"Polygon","coordinates":[[[-92.7827711,44.9024798],[-92.7827706,44.9025714],[-92.7830066,44.902572],[-92.7830067,44.9025447],[-92.783032,44.9025448],[-92.7830323,44.9024807],[-92.7828909,44.9024804],[-92.7828909,44.9024693],[-92.782841,44.9024692],[-92.7828409,44.90248],[-92.7827711,44.9024798]]]}},{"type":"Feature","id":"way/1307292061","properties":{"building":"yes","source":"microsoft/BuildingFootprints","osm_type":"way","osm_id":1307292061},"geometry":{"type":"Polygon","coordinates":[[[-92.7895222,44.8978795],[-92.7894741,44.8978037],[-92.7893408,44.8978461],[-92.7893534,44.897866],[-92.7893402,44.8978702],[-92.7892886,44.8977889],[-92.7892189,44.8978111],[-92.7892338,44.8978346],[-92.7891893,44.8978487],[-92.7891922,44.8978532],[-92.7891106,44.8978792],[-92.789175,44.8979808],[-92.7893031,44.89794],[-92.7893175,44.8979629],[-92.7893887,44.8979402],[-92.7893692,44.8979094],[-92.78938,44.897906],[-92.7893899,44.8979216],[-92.7895222,44.8978795]]]}},{"type":"Feature","id":"way/1307292062","properties":{"building":"house","source":"microsoft/BuildingFootprints","osm_type":"way","osm_id":1307292062},"geometry":{"type":"Polygon","coordinates":[[[-92.7836714,44.9023941],[-92.7836712,44.9024009],[-92.7836356,44.9024003],[-92.7836322,44.9025029],[-92.7836667,44.9025034],[-92.7836655,44.9025404],[-92.7836714,44.9025405],[-92.783669,44.9026119],[-92.783822,44.9026144],[-92.7838242,44.9025476],[-92.7838012,44.9025472],[-92.7838028,44.9024963],[-92.7837866,44.902496],[-92.7837899,44.9023961],[-92.7836714,44.9023941]]]}},{"type":"Feature","id":"way/1307292063","properties":{"building":"yes","source":"microsoft/BuildingFootprints","osm_type":"way","osm_id":1307292063},"geometry":{"type":"Polygon","coordinates":[[[-92.7851408,44.906509],[-92.7850895,44.9065949],[-92.7852843,44.9066533],[-92.7853227,44.9065891],[-92.7852367,44.9065633],[-92.7852497,44.9065416],[-92.7851408,44.906509]]]}},{"type":"Feature","id":"way/1307292064","properties":{"building":"yes","source":"microsoft/BuildingFootprints","osm_type":"way","osm_id":1307292064},"geometry":{"type":"Polygon","coordinates":[[[-92.7802344,44.9023444],[-92.7802328,44.9021791],[-92.7799151,44.9021807],[-92.7799152,44.9021873],[-92.7797811,44.902188],[-92.7797813,44.9022033],[-92.7797574,44.9022035],[-92.7797592,44.9023916],[-92.779785,44.9023915],[-92.7797851,44.9024082],[-92.7800368,44.902407],[-92.7800362,44.9023454],[-92.7802344,44.9023444]]]}},{"type":"Feature","id":"way/1307292065","properties":{"building":"yes","source":"microsoft/BuildingFootprints","osm_type":"way","osm_id":1307292065},"geometry":{"type":"Polygon","coordinates":[[[-92.785808,44.8994002],[-92.7858142,44.899543],[-92.7858405,44.8995424],[-92.7858423,44.8995832],[-92.7859563,44.8995807],[-92.7859492,44.8994171],[-92.7859118,44.8994179],[-92.7859109,44.8993979],[-92.785808,44.8994002]]]}},{"type":"Feature","id":"way/1307292066","properties":{"building":"yes","source":"microsoft/BuildingFootprints","osm_type":"way","osm_id":1307292066},"geometry":{"type":"Polygon","coordinates":[[[-92.7815777,44.9052403],[-92.7815295,44.9050316],[-92.7815369,44.9050305],[-92.7815107,44.9049331],[-92.7811429,44.904979],[-92.7811638,44.9050759],[-92.7811748,44.9050748],[-92.781223,44.9052816],[-92.7815777,44.9052403]]]}},{"type":"Feature","id":"way/1307292067","properties":{"building":"yes","source":"microsoft/BuildingFootprints","osm_type":"way","osm_id":1307292067},"geometry":{"type":"Polygon","coordinates":[[[-92.7834648,44.9015894],[-92.7834872,44.9015893],[-92.7834878,44.9016742],[-92.7835808,44.9016739],[-92.7835807,44.9016613],[-92.7836533,44.901661],[-92.7836532,44.9016402],[-92.7836923,44.9016401],[-92.7836918,44.9015781],[-92.7836515,44.9015783],[-92.7836512,44.9015442],[-92.7835803,44.9015444],[-92.7835801,44.9015221],[-92.7834643,44.9015225],[-92.7834648,44.9015894]]]}},{"type":"Feature","id":"way/1307292068","properties":{"building":"yes","source":"microsoft/BuildingFootprints","osm_type":"way","osm_id":1307292068},"geometry":{"type":"Polygon","coordinates":[[[-92.7819777,44.9019688],[-92.7819777,44.9020404],[-92.7820823,44.9020404],[-92.7820822,44.9020918],[-92.7822892,44.9020919],[-92.7822892,44.9020238],[-92.782207,44.9020237],[-92.782207,44.9019981],[-92.7821177,44.901998],[-92.7821177,44.9019689],[-92.7819777,44.9019688]]]}},{"type":"Feature","id":"way/1307292069","properties":{"building":"yes","source":"microsoft/BuildingFootprints","osm_type":"way","osm_id":1307292069},"geometry":{"type":"Polygon","coordinates":[[[-92.7892947,44.9036545],[-92.78948,44.9036521],[-92.7894766,44.9035242],[-92.7893632,44.9035257],[-92.7893626,44.9035033],[-92.7892907,44.9035043],[-92.7892947,44.9036545]]]}},{"type":"Feature","id":"way/1307292070","properties":{"building":"yes","source":"microsoft/BuildingFootprints","osm_type":"way","osm_id":1307292070},"geometry":{"type":"Polygon","coordinates":[[[-92.784323,44.9009017],[-92.7842492,44.900902],[-92.7842497,44.9009752],[-92.7843235,44.900975],[-92.784323,44.9009017]]]}},{"type":"Feature","id":"way/1307292071","properties":{"building":"yes","source":"microsoft/BuildingFootprints","osm_type":"way","osm_id":1307292071},"geometry":{"type":"Polygon","coordinates":[[[-92.7879333,44.8988286],[-92.7877961,44.8988395],[-92.7878088,44.8989203],[-92.7878385,44.8989179],[-92.787845,44.8989588],[-92.7879525,44.8989503],[-92.7879333,44.8988286]]]}},{"type":"Feature","id":"way/1307292072","properties":{"building":"yes","source":"microsoft/BuildingFootprints","osm_type":"way","osm_id":1307292072},"geometry":{"type":"Polygon","coordinates":[[[-92.7829292,44.897986],[-92.7827699,44.897987],[-92.7827709,44.8980702],[-92.7829302,44.8980692],[-92.7829292,44.897986]]]}},{"type":"Feature","id":"way/1307292074","properties":{"building":"yes","source":"microsoft/BuildingFootprints","osm_type":"way","osm_id":1307292074},"geometry":{"type":"Polygon","coordinates":[[[-92.7865032,44.8989867],[-92.7865048,44.8990667],[-92.7866538,44.8990652],[-92.7866529,44.8990194],[-92.7866425,44.8990195],[-92.7866418,44.8989861],[-92.7866531,44.898986],[-92.7866523,44.8989486],[-92.7865204,44.8989499],[-92.7865211,44.8989865],[-92.7865032,44.8989867]]]}},{"type":"Feature","id":"way/1307292076","properties":{"building":"yes","source":"microsoft/BuildingFootprints","osm_type":"way","osm_id":1307292076},"geometry":{"type":"Polygon","coordinates":[[[-92.7809367,44.9037465],[-92.7810363,44.9037568],[-92.7810446,44.903716],[-92.7810354,44.903715],[-92.7810551,44.903619],[-92.7809463,44.9036077],[-92.7809276,44.9036988],[-92.7809461,44.9037007],[-92.7809367,44.9037465]]]}},{"type":"Feature","id":"way/1307292077","properties":{"building":"yes","source":"microsoft/BuildingFootprints","osm_type":"way","osm_id":1307292077},"geometry":{"type":"Polygon","coordinates":[[[-92.7823437,44.90157],[-92.7823149,44.9015698],[-92.7823144,44.9016049],[-92.7823431,44.9016051],[-92.7823423,44.9016522],[-92.7823806,44.9016525],[-92.7823804,44.9016631],[-92.7824154,44.9016634],[-92.7824156,44.9016529],[-92.7824469,44.9016531],[-92.7824485,44.9015407],[-92.7823441,44.9015399],[-92.7823437,44.90157]]]}},{"type":"Feature","id":"way/1307292078","properties":{"building":"yes","source":"microsoft/BuildingFootprints","osm_type":"way","osm_id":1307292078},"geometry":{"type":"Polygon","coordinates":[[[-92.7834923,44.9053115],[-92.7835929,44.9053108],[-92.7835926,44.9052918],[-92.7836128,44.9052916],[-92.7836117,44.9052208],[-92.7835363,44.9052213],[-92.783536,44.9052045],[-92.7834907,44.9052048],[-92.7834923,44.9053115]]]}},{"type":"Feature","id":"way/1307292079","properties":{"building":"yes","source":"microsoft/BuildingFootprints","osm_type":"way","osm_id":1307292079},"geometry":{"type":"Polygon","coordinates":[[[-92.7862898,44.9065097],[-92.7863631,44.9065708],[-92.7865068,44.9064843],[-92.7865172,44.906493],[-92.7864928,44.9065077],[-92.786568,44.9065704],[-92.7866547,44.9065182],[-92.7865805,44.9064564],[-92.7865472,44.9064764],[-92.7865358,44.906467],[-92.7865897,44.9064345],[-92.7865155,44.9063726],[-92.7864362,44.9064203],[-92.7864057,44.906395],[-92.7863408,44.9064341],[-92.7863721,44.9064602],[-92.7862898,44.9065097]]]}},{"type":"Feature","id":"way/1307292080","properties":{"building":"yes","source":"microsoft/BuildingFootprints","osm_type":"way","osm_id":1307292080},"geometry":{"type":"Polygon","coordinates":[[[-92.7823358,44.9036963],[-92.7823106,44.9035095],[-92.7821689,44.9035191],[-92.782194,44.9037059],[-92.7823358,44.9036963]]]}},{"type":"Feature","id":"way/1307292081","properties":{"building":"yes","source":"microsoft/BuildingFootprints","osm_type":"way","osm_id":1307292081},"geometry":{"type":"Polygon","coordinates":[[[-92.7825351,44.9040793],[-92.7825343,44.904173],[-92.7826376,44.9041734],[-92.7826383,44.9040798],[-92.7825351,44.9040793]]]}},{"type":"Feature","id":"way/1307292082","properties":{"building":"yes","source":"microsoft/BuildingFootprints","osm_type":"way","osm_id":1307292082},"geometry":{"type":"Polygon","coordinates":[[[-92.7871026,44.8995341],[-92.7872092,44.8995297],[-92.7872007,44.8994274],[-92.7870941,44.8994318],[-92.7871026,44.8995341]]]}},{"type":"Feature","id":"way/1307292083","properties":{"building":"yes","source":"microsoft/BuildingFootprints","osm_type":"way","osm_id":1307292083},"geometry":{"type":"Polygon","coordinates":[[[-92.7809076,44.904335],[-92.780782,44.9044637],[-92.7809137,44.9045282],[-92.7810392,44.9043995],[-92.7810513,44.9043815],[-92.7810536,44.904364],[-92.7810477,44.9043477],[-92.7810352,44.9043335],[-92.7810176,44.904322],[-92.7809964,44.9043142],[-92.7809733,44.9043107],[-92.7809498,44.9043125],[-92.7809273,44.9043204],[-92.7809076,44.904335]]]}},{"type":"Feature","id":"way/1307292084","properties":{"building":"yes","source":"microsoft/BuildingFootprints","osm_type":"way","osm_id":1307292084},"geometry":{"type":"Polygon","coordinates":[[[-92.7864945,44.9028401],[-92.7864977,44.9027658],[-92.7864318,44.9027643],[-92.7864331,44.9027349],[-92.7864058,44.9027343],[-92.7864085,44.9026726],[-92.7863444,44.9026712],[-92.7863412,44.9027431],[-92.786331,44.9027429],[-92.7863289,44.9027894],[-92.7864205,44.9027915],[-92.7864185,44.9028384],[-92.7864945,44.9028401]]]}},{"type":"Feature","id":"way/1307292085","properties":{"building":"garage","source":"microsoft/BuildingFootprints","osm_type":"way","osm_id":1307292085},"geometry":{"type":"Polygon","coordinates":[[[-92.7843025,44.9034652],[-92.7844309,44.9034661],[-92.7844319,44.903394],[-92.7843035,44.9033931],[-92.7843025,44.9034652]]]}},{"type":"Feature","id":"way/1307292086","properties":{"building":"yes","source":"microsoft/BuildingFootprints","osm_type":"way","osm_id":1307292086},"geometry":{"type":"Polygon","coordinates":[[[-92.7873032,44.9027014],[-92.7871818,44.9027029],[-92.7871814,44.9026855],[-92.7871254,44.9026861],[-92.7871258,44.9027035],[-92.7870187,44.9027048],[-92.7870116,44.9027442],[-92.7870206,44.9027833],[-92.7871108,44.9027822],[-92.787111,44.9027902],[-92.7871605,44.902795],[-92.7872095,44.902789],[-92.7872093,44.9027811],[-92.787305,44.9027799],[-92.787314,44.9027409],[-92.7873032,44.9027014]]]}},{"type":"Feature","id":"way/1307292087","properties":{"building":"yes","source":"microsoft/BuildingFootprints","osm_type":"way","osm_id":1307292087},"geometry":{"type":"Polygon","coordinates":[[[-92.7889183,44.9054895],[-92.7888361,44.9053735],[-92.7887209,44.9054144],[-92.7887543,44.9054616],[-92.7887388,44.9054671],[-92.7887171,44.9054364],[-92.7886397,44.9054639],[-92.7886432,44.9054688],[-92.7885221,44.9055118],[-92.7885517,44.9055536],[-92.7886324,44.905525],[-92.7886619,44.9055667],[-92.7886949,44.905555],[-92.7887434,44.9056235],[-92.78884,44.9055892],[-92.7887993,44.9055318],[-92.7889183,44.9054895]]]}},{"type":"Feature","id":"way/1307292088","properties":{"building":"house","osm_type":"way","osm_id":1307292088},"geometry":{"type":"Polygon","coordinates":[[[-92.7797556,44.9071163],[-92.7798531,44.907132],[-92.7798823,44.9070412],[-92.7798284,44.9070326],[-92.7798368,44.9070065],[-92.7798849,44.9070143],[-92.7799299,44.9068739],[-92.7798014,44.9068532],[-92.7797914,44.9068842],[-92.7797447,44.9068767],[-92.7797095,44.9069862],[-92.7797793,44.9069975],[-92.7797663,44.907038],[-92.77978,44.9070402],[-92.7797556,44.9071163]]]}},{"type":"Feature","id":"way/1307292089","properties":{"building":"yes","source":"microsoft/BuildingFootprints","osm_type":"way","osm_id":1307292089},"geometry":{"type":"Polygon","coordinates":[[[-92.7890416,44.8989381],[-92.7890823,44.8990045],[-92.7889985,44.8990303],[-92.7890382,44.8990951],[-92.7891389,44.8990642],[-92.7891292,44.8990483],[-92.7892807,44.8990018],[-92.7892101,44.8988863],[-92.7890416,44.8989381]]]}},{"type":"Feature","id":"way/1307292090","properties":{"building":"yes","source":"microsoft/BuildingFootprints","osm_type":"way","osm_id":1307292090},"geometry":{"type":"Polygon","coordinates":[[[-92.7826787,44.9032336],[-92.7828264,44.9032338],[-92.7828266,44.9031214],[-92.7827249,44.9031213],[-92.7827248,44.903139],[-92.7826789,44.903139],[-92.7826787,44.9032336]]]}},{"type":"Feature","id":"way/1307292091","properties":{"building":"yes","source":"microsoft/BuildingFootprints","osm_type":"way","osm_id":1307292091},"geometry":{"type":"Polygon","coordinates":[[[-92.7853185,44.904693],[-92.7853187,44.904688],[-92.785361,44.9046887],[-92.7853639,44.9046011],[-92.7853215,44.9046004],[-92.7853217,44.9045942],[-92.7852087,44.9045923],[-92.7852054,44.9046912],[-92.7853185,44.904693]]]}},{"type":"Feature","id":"way/1307292092","properties":{"building":"yes","source":"microsoft/BuildingFootprints","osm_type":"way","osm_id":1307292092},"geometry":{"type":"Polygon","coordinates":[[[-92.7858938,44.9026923],[-92.785891,44.902645],[-92.785908,44.9026445],[-92.7859061,44.902613],[-92.7858892,44.9026135],[-92.7858819,44.9024869],[-92.785755,44.9024906],[-92.7857596,44.9025702],[-92.7857263,44.9025711],[-92.7857309,44.9026508],[-92.7857674,44.9026497],[-92.78577,44.9026959],[-92.7858938,44.9026923]]]}},{"type":"Feature","id":"way/1307292093","properties":{"building":"yes","osm_type":"way","osm_id":1307292093},"geometry":{"type":"Polygon","coordinates":[[[-92.778493,44.9062719],[-92.7784258,44.9064157],[-92.7785249,44.906439],[-92.7785521,44.9063808],[-92.7786464,44.9064029],[-92.7786864,44.9063172],[-92.778493,44.9062719]]]}},{"type":"Feature","id":"way/1307292094","properties":{"building":"yes","source":"microsoft/BuildingFootprints","osm_type":"way","osm_id":1307292094},"geometry":{"type":"Polygon","coordinates":[[[-92.7836335,44.901934],[-92.7834987,44.9019322],[-92.7834954,44.9020563],[-92.7836301,44.9020582],[-92.7836335,44.901934]]]}},{"type":"Feature","id":"way/1307292095","properties":{"building":"yes","source":"microsoft/BuildingFootprints","osm_type":"way","osm_id":1307292095},"geometry":{"type":"Polygon","coordinates":[[[-92.7850497,44.9024635],[-92.7850488,44.902354],[-92.7849346,44.9023544],[-92.784935,44.9023983],[-92.784962,44.9023982],[-92.7849624,44.9024474],[-92.7849072,44.9024476],[-92.7849079,44.9025422],[-92.7850474,44.9025417],[-92.785047,44.9024899],[-92.7850122,44.9024901],[-92.785012,44.9024636],[-92.7850497,44.9024635]]]}},{"type":"Feature","id":"way/1307292096","properties":{"building":"yes","source":"microsoft/BuildingFootprints","osm_type":"way","osm_id":1307292096},"geometry":{"type":"Polygon","coordinates":[[[-92.7822105,44.8978885],[-92.7822066,44.8979617],[-92.7823058,44.8979644],[-92.7823097,44.8978912],[-92.7822105,44.8978885]]]}},{"type":"Feature","id":"way/1307292097","properties":{"building":"yes","source":"microsoft/BuildingFootprints","osm_type":"way","osm_id":1307292097},"geometry":{"type":"Polygon","coordinates":[[[-92.7852764,44.9042406],[-92.7851656,44.9042278],[-92.7851331,44.9043689],[-92.7853175,44.9043902],[-92.7853444,44.9042734],[-92.7852708,44.9042649],[-92.7852764,44.9042406]]]}},{"type":"Feature","id":"way/1307292098","properties":{"building":"yes","source":"microsoft/BuildingFootprints","osm_type":"way","osm_id":1307292098},"geometry":{"type":"Polygon","coordinates":[[[-92.7857063,44.9072909],[-92.7857006,44.9073162],[-92.7857261,44.907319],[-92.7857026,44.9074244],[-92.785817,44.9074372],[-92.7858334,44.9073639],[-92.7858601,44.9073669],[-92.7858689,44.9073273],[-92.7858407,44.9073241],[-92.7858446,44.9073064],[-92.7857063,44.9072909]]]}},{"type":"Feature","id":"way/1307292099","properties":{"building":"yes","source":"microsoft/BuildingFootprints","osm_type":"way","osm_id":1307292099},"geometry":{"type":"Polygon","coordinates":[[[-92.7891431,44.9033085],[-92.7891451,44.903378],[-92.7891891,44.9033774],[-92.7891903,44.9034181],[-92.7892559,44.9034171],[-92.7892547,44.903376],[-92.7893286,44.9033749],[-92.7893254,44.9032706],[-92.789317,44.9032708],[-92.7893165,44.9032531],[-92.7892178,44.9032546],[-92.7892183,44.9032721],[-92.7892085,44.9032722],[-92.7892095,44.9033075],[-92.7891431,44.9033085]]]}},{"type":"Feature","id":"way/1307292100","properties":{"building":"yes","source":"microsoft/BuildingFootprints","osm_type":"way","osm_id":1307292100},"geometry":{"type":"Polygon","coordinates":[[[-92.7849187,44.9046906],[-92.7850502,44.9046929],[-92.7850556,44.9045416],[-92.7849241,44.9045392],[-92.7849187,44.9046906]]]}},{"type":"Feature","id":"way/1307292101","properties":{"amenity":"townhall","building":"yes","ele":"709","name":"Afton City Hall","osm_type":"way","osm_id":1307292101},"geometry":{"type":"Polygon","coordinates":[[[-92.7825314,44.9050826],[-92.7822986,44.9050723],[-92.7822909,44.9051589],[-92.7825237,44.9051692],[-92.7825314,44.9050826]]]}},{"type":"Feature","id":"way/1307292102","properties":{"building":"yes","source":"microsoft/BuildingFootprints","osm_type":"way","osm_id":1307292102},"geometry":{"type":"Polygon","coordinates":[[[-92.7822793,44.9051515],[-92.7820297,44.9051419],[-92.7820235,44.9052231],[-92.7822731,44.9052327],[-92.7822793,44.9051515]]]}},{"type":"Feature","id":"way/1307292104","properties":{"building":"yes","source":"microsoft/BuildingFootprints","osm_type":"way","osm_id":1307292104},"geometry":{"type":"Polygon","coordinates":[[[-92.7839564,44.9036464],[-92.7837437,44.9036449],[-92.7837422,44.9037497],[-92.7839541,44.9037511],[-92.7839544,44.9037285],[-92.7840024,44.9037288],[-92.7840016,44.9037816],[-92.7840912,44.9037822],[-92.7840924,44.9036963],[-92.7839558,44.9036954],[-92.7839564,44.9036464]]]}},{"type":"Feature","id":"way/1307292105","properties":{"building":"yes","source":"microsoft/BuildingFootprints","osm_type":"way","osm_id":1307292105},"geometry":{"type":"Polygon","coordinates":[[[-92.7802551,44.901447],[-92.7799994,44.901428],[-92.7799782,44.9015708],[-92.7802339,44.9015898],[-92.7802551,44.901447]]]}},{"type":"Feature","id":"way/1307292106","properties":{"building":"yes","source":"microsoft/BuildingFootprints","osm_type":"way","osm_id":1307292106},"geometry":{"type":"Polygon","coordinates":[[[-92.7835237,44.89614],[-92.7835234,44.8962335],[-92.7836735,44.8962338],[-92.7836739,44.8961403],[-92.7835237,44.89614]]]}},{"type":"Feature","id":"way/1307292107","properties":{"building":"yes","source":"microsoft/BuildingFootprints","osm_type":"way","osm_id":1307292107},"geometry":{"type":"Polygon","coordinates":[[[-92.783923,44.9029864],[-92.7838553,44.9029869],[-92.7838555,44.9030017],[-92.7837916,44.9030021],[-92.7837927,44.9030752],[-92.7838546,44.9030747],[-92.7838551,44.9031087],[-92.7839248,44.9031082],[-92.783923,44.9029864]]]}},{"type":"Feature","id":"way/1344637119","properties":{"barrier":"retaining_wall","osm_type":"way","osm_id":1344637119},"geometry":{"type":"LineString","coordinates":[[-92.7874106,44.9030976],[-92.7866926,44.9031604],[-92.7865997,44.9031678],[-92.7864942,44.9031749]]}},{"type":"Feature","id":"way/1344637120","properties":{"leisure":"garden","osm_type":"way","osm_id":1344637120},"geometry":{"type":"Polygon","coordinates":[[[-92.7831992,44.9046331],[-92.7832233,44.9046331],[-92.7832263,44.9046632],[-92.7832243,44.9047139],[-92.7832188,44.9047753],[-92.7832159,44.9047873],[-92.7832122,44.9047987],[-92.7832035,44.9048186],[-92.7831828,44.9048174],[-92.7831806,44.9047854],[-92.7831815,44.9047471],[-92.7831847,44.9047167],[-92.7831901,44.9046775],[-92.7831992,44.9046331]]]}},{"type":"Feature","id":"way/1344637121","properties":{"landuse":"grass","osm_type":"way","osm_id":1344637121},"geometry":{"type":"Polygon","coordinates":[[[-92.7833315,44.9044035],[-92.7833091,44.9044035],[-92.783309,44.9045061],[-92.7833077,44.9045674],[-92.7833001,44.9047244],[-92.7832907,44.9048421],[-92.7832908,44.9048468],[-92.7832912,44.9048514],[-92.783292,44.9048557],[-92.7832932,44.9048598],[-92.7832946,44.9048637],[-92.7832962,44.9048674],[-92.783298,44.9048708],[-92.7833,44.9048741],[-92.783302,44.9048771],[-92.7833041,44.9048798],[-92.7833159,44.9047776],[-92.7833217,44.9047044],[-92.7833297,44.9045582],[-92.7833315,44.9044035]]]}},{"type":"Feature","id":"way/1344637122","properties":{"natural":"wood","osm_type":"way","osm_id":1344637122},"geometry":{"type":"Polygon","coordinates":[[[-92.7916004,44.9074792],[-92.7890977,44.9046355],[-92.787754,44.9046184],[-92.786791,44.9042726],[-92.7867883,44.9043629],[-92.7868039,44.9043827],[-92.7868152,44.9044279],[-92.7868125,44.9044516],[-92.7867947,44.9044968],[-92.7867812,44.9045166],[-92.786749,44.9045464],[-92.7866802,44.9045681],[-92.7866219,44.9045723],[-92.7865762,44.9045688],[-92.7863379,44.9045244],[-92.7861822,44.9045037],[-92.7857777,44.904485],[-92.78558,44.9044844],[-92.7855354,44.9044978],[-92.7855087,44.9045196],[-92.7854975,44.9045479],[-92.7854905,44.9046036],[-92.7854762,44.9046401],[-92.7854505,44.9046733],[-92.7854105,44.9046959],[-92.7850214,44.904749],[-92.7848925,44.9047548],[-92.7847574,44.9047467],[-92.7846849,44.9047318],[-92.7846586,44.904721],[-92.7846391,44.9047054],[-92.7846242,44.9046837],[-92.7845783,44.9045351],[-92.7845527,44.9044847],[-92.7845115,44.9044546],[-92.7844601,44.9044359],[-92.7844003,44.9044245],[-92.784296,44.9044168],[-92.7833547,44.9044037],[-92.7833449,44.9047052],[-92.7833257,44.9048943],[-92.7833547,44.9049041],[-92.7836183,44.9049188],[-92.7838069,44.9049198],[-92.7838383,44.9049167],[-92.7838543,44.9049109],[-92.7838616,44.9048689],[-92.7838599,44.9047997],[-92.7838526,44.904757],[-92.7838374,44.9047381],[-92.7838071,44.9047251],[-92.7837672,44.9047176],[-92.7837229,44.9047154],[-92.7836387,44.904721],[-92.7835801,44.9047157],[-92.7835294,44.9046972],[-92.783492,44.9046638],[-92.7834666,44.9046109],[-92.7834597,44.9045519],[-92.7834725,44.9045209],[-92.7835087,44.9044929],[-92.783544,44.9044809],[-92.7835871,44.9044778],[-92.783932,44.904488],[-92.7839848,44.9044952],[-92.7840318,44.9045093],[-92.7840681,44.9045294],[-92.7840806,44.9045414],[-92.7840914,44.904569],[-92.7840842,44.9045969],[-92.7840028,44.9046896],[-92.7839855,44.9047329],[-92.783967,44.9048244],[-92.7839635,44.9048944],[-92.7839719,44.9049801],[-92.7839909,44.9050252],[-92.7840188,44.9050625],[-92.7843676,44.9050667],[-92.7843623,44.9053745],[-92.7840188,44.9053712],[-92.7840107,44.9054214],[-92.7839987,44.9054309],[-92.7839748,44.9054369],[-92.7834788,44.9054448],[-92.7834247,44.9054537],[-92.7833198,44.9054798],[-92.7832547,44.9054853],[-92.7832159,44.9054837],[-92.7832025,44.9055324],[-92.783258,44.9055493],[-92.7832928,44.9055671],[-92.7833248,44.9055965],[-92.7833399,44.9056184],[-92.7833626,44.9056668],[-92.7834131,44.9058108],[-92.7834546,44.9058111],[-92.7835342,44.9057994],[-92.7835294,44.9057625],[-92.783533,44.9057238],[-92.7835489,44.9056924],[-92.7835691,44.9056789],[-92.7836018,44.9056677],[-92.7836677,44.9056544],[-92.7837423,44.9056476],[-92.783794,44.9056478],[-92.7839408,44.9056656],[-92.7840182,44.9056828],[-92.7840838,44.9057052],[-92.7841088,44.9057183],[-92.7841494,44.9057543],[-92.7841834,44.9058022],[-92.7842093,44.9058535],[-92.7842256,44.9059002],[-92.7842296,44.9059472],[-92.7842145,44.9059946],[-92.7841789,44.9060401],[-92.7841415,44.9060611],[-92.7841182,44.9060669],[-92.7840109,44.9060769],[-92.7839204,44.9060797],[-92.7837969,44.906074],[-92.7837672,44.9060687],[-92.7837321,44.9060518],[-92.7837067,44.9060281],[-92.7836789,44.9059795],[-92.7836617,44.9058901],[-92.7836214,44.9058757],[-92.7835713,44.9058361],[-92.7835513,44.9058284],[-92.7835339,44.9058275],[-92.7834604,44.9058389],[-92.7834273,44.9058517],[-92.7835313,44.9061531],[-92.7837101,44.9061512],[-92.7838867,44.9061565],[-92.7839349,44.9061657],[-92.7839787,44.9061855],[-92.7840094,44.9061698],[-92.7840468,44.9061585],[-92.7841061,44.906149],[-92.7841557,44.9061467],[-92.7841828,44.9061518],[-92.7842088,44.9061645],[-92.7842398,44.9061931],[-92.7842508,44.9062153],[-92.7842512,44.9062376],[-92.7842427,44.9062588],[-92.7842143,44.9062852],[-92.7841855,44.9062964],[-92.7841118,44.9063062],[-92.7840689,44.9063296],[-92.7840441,44.9063591],[-92.7840264,44.9064136],[-92.7840086,44.9064349],[-92.7839815,44.9064529],[-92.7839438,44.906464],[-92.7836387,44.9064967],[-92.7836645,44.90655],[-92.7836884,44.9066032],[-92.7837118,44.9066596],[-92.7837367,44.9067246],[-92.7838312,44.9069785],[-92.7840122,44.9074817],[-92.7841905,44.9079592],[-92.7843809,44.9084775],[-92.784395,44.9085145],[-92.784413,44.9085342],[-92.7844411,44.9085404],[-92.7844561,44.9085391],[-92.7844819,44.9085288],[-92.7844947,44.9085097],[-92.7844246,44.9082831],[-92.7843711,44.9079978],[-92.7843518,44.9078374],[-92.7843564,44.9076391],[-92.7843714,44.9075638],[-92.7844118,44.9074727],[-92.7844573,44.9074053],[-92.7845278,44.9073323],[-92.7845194,44.9073128],[-92.7845031,44.9072977],[-92.7844115,44.9072549],[-92.7843573,44.9072568],[-92.7843137,44.9072511],[-92.784287,44.9072424],[-92.7842469,44.9072168],[-92.7841739,44.9071549],[-92.7841271,44.9071024],[-92.7841036,44.9070511],[-92.7841002,44.9070117],[-92.7841102,44.9069724],[-92.7841214,44.9069542],[-92.7841584,44.9069236],[-92.7842163,44.9069042],[-92.7842496,44.906899],[-92.7843208,44.9068965],[-92.7843949,44.9069026],[-92.7844677,44.9069149],[-92.7845353,44.9069313],[-92.7846003,44.9069538],[-92.7846686,44.9069855],[-92.7847403,44.9070259],[-92.7848955,44.9071304],[-92.7850956,44.9070546],[-92.7850966,44.9070236],[-92.7850902,44.9070023],[-92.7850287,44.9069116],[-92.7850093,44.9068706],[-92.7850049,44.9068437],[-92.7850158,44.9068014],[-92.7849094,44.906653],[-92.7848695,44.9066314],[-92.784727,44.9065979],[-92.7846704,44.9065763],[-92.7845922,44.9065342],[-92.7845649,44.9065137],[-92.7845512,44.9064949],[-92.784544,44.9064671],[-92.784544,44.9064321],[-92.7845536,44.9063945],[-92.7845754,44.9063584],[-92.7845916,44.9063424],[-92.7846335,44.9063154],[-92.7847089,44.9062862],[-92.7848223,44.9062635],[-92.7848569,44.9062635],[-92.7848921,44.9062709],[-92.7849377,44.9062973],[-92.7849577,44.9063262],[-92.784976,44.906379],[-92.7849982,44.9064056],[-92.7850262,44.9064244],[-92.7850719,44.9064383],[-92.7851847,44.9064418],[-92.7852322,44.9064478],[-92.785279,44.9064593],[-92.7853372,44.9064881],[-92.7853704,44.9065234],[-92.7853813,44.9065495],[-92.7853855,44.9065912],[-92.7853687,44.906663],[-92.7853293,44.9067229],[-92.7852861,44.9067576],[-92.7852586,44.9067718],[-92.7852598,44.9068142],[-92.7852508,44.9068436],[-92.7851551,44.9069909],[-92.7851456,44.9070135],[-92.7851526,44.9070332],[-92.7855617,44.906888],[-92.7857682,44.9068248],[-92.7859819,44.9067842],[-92.7860823,44.9067732],[-92.7862328,44.9067655],[-92.786232,44.9067087],[-92.7862139,44.9066537],[-92.7861927,44.906623],[-92.7861373,44.9065816],[-92.7861174,44.9065591],[-92.7861047,44.9065347],[-92.7860981,44.906497],[-92.7861083,44.9064596],[-92.7861297,44.9064329],[-92.7861842,44.9063939],[-92.7862354,44.9063711],[-92.7862999,44.9063536],[-92.7864312,44.9063444],[-92.7865728,44.9063498],[-92.7867136,44.9063641],[-92.7868004,44.9063593],[-92.7868537,44.9063486],[-92.7869164,44.9063276],[-92.7870562,44.9062559],[-92.7871397,44.9062208],[-92.7872997,44.9061873],[-92.7873637,44.9061801],[-92.78742,44.906179],[-92.7874869,44.9061927],[-92.7875366,44.9062208],[-92.7875672,44.9062567],[-92.7875804,44.9063055],[-92.7875728,44.906345],[-92.7875541,44.9063633],[-92.7874589,44.9063934],[-92.7872916,44.9064301],[-92.7874052,44.906595],[-92.787436,44.9066493],[-92.7874517,44.9067482],[-92.7875499,44.9067625],[-92.7876406,44.9067859],[-92.7877403,44.9068225],[-92.7878087,44.9068537],[-92.788724,44.9073874],[-92.7887741,44.9073783],[-92.788814,44.9073619],[-92.7890441,44.907209],[-92.7891373,44.9071399],[-92.7892319,44.9070555],[-92.7893041,44.9069683],[-92.7893655,44.9068671],[-92.7893985,44.9067788],[-92.789405,44.9067388],[-92.7894036,44.9067009],[-92.7893612,44.9065459],[-92.7893532,44.9064767],[-92.7893582,44.9064263],[-92.7893968,44.906276],[-92.7894063,44.9061581],[-92.7894037,44.9061187],[-92.7893887,44.9060881],[-92.7893541,44.9060537],[-92.7892765,44.9060576],[-92.7891323,44.9060562],[-92.7890071,44.9060457],[-92.788906,44.9060298],[-92.7887701,44.9059927],[-92.7886582,44.9059801],[-92.7885975,44.9059662],[-92.7885614,44.9059461],[-92.7885152,44.9059015],[-92.7884964,44.9058695],[-92.7884929,44.9058414],[-92.7885211,44.9057923],[-92.7885381,44.9057413],[-92.7885439,44.9056848],[-92.7885357,44.9056459],[-92.7884753,44.9055704],[-92.7883132,44.9054087],[-92.7882743,44.9053387],[-92.7882675,44.9052715],[-92.7882833,44.905234],[-92.7882979,44.9052188],[-92.7883412,44.9051956],[-92.7883997,44.9051752],[-92.7884982,44.9051504],[-92.7885844,44.905137],[-92.7886243,44.9051368],[-92.7886819,44.9051482],[-92.7887195,44.9051631],[-92.7887544,44.9051838],[-92.7887852,44.9052101],[-92.7888293,44.9052678],[-92.7889413,44.9054477],[-92.7890026,44.9055052],[-92.7891339,44.9056062],[-92.7891588,44.9056328],[-92.7891747,44.9056606],[-92.7891828,44.9057089],[-92.7891768,44.905724],[-92.7891551,44.9057423],[-92.789093,44.9057693],[-92.7890342,44.9057767],[-92.7889898,44.9057892],[-92.7889544,44.9058103],[-92.7889403,44.9058287],[-92.7890182,44.9058604],[-92.7891896,44.9059188],[-92.7892996,44.9059766],[-92.789366,44.9060225],[-92.7894125,44.9060624],[-92.7894376,44.9061012],[-92.7894454,44.9061374],[-92.7894353,44.9062785],[-92.7893923,44.9064608],[-92.7893994,44.9065418],[-92.7894348,44.9066599],[-92.7894438,44.9067189],[-92.7894366,44.9067836],[-92.7894021,44.9068759],[-92.7893385,44.9069809],[-92.7892919,44.9070401],[-92.7892327,44.9071012],[-92.7891009,44.9072075],[-92.7888415,44.9073817],[-92.788818,44.9074039],[-92.7888028,44.9074331],[-92.7900141,44.908137],[-92.7900452,44.9081293],[-92.7900716,44.9081056],[-92.7901128,44.9080278],[-92.7901341,44.9079701],[-92.7900562,44.9079469],[-92.7899922,44.9079143],[-92.7899206,44.9078549],[-92.7898756,44.9077928],[-92.7898635,44.9077452],[-92.7898683,44.9076852],[-92.789899,44.9075827],[-92.7899466,44.9074794],[-92.7899938,44.9074161],[-92.7900259,44.9073871],[-92.7901042,44.9073372],[-92.7901492,44.9073176],[-92.790248,44.907292],[-92.7903005,44.9072871],[-92.7903543,44.9072884],[-92.7904041,44.9072981],[-92.7904453,44.9073168],[-92.7904791,44.9073428],[-92.7905284,44.9074099],[-92.7906038,44.9076128],[-92.7906599,44.9077133],[-92.7907322,44.9078146],[-92.790781,44.9078673],[-92.7908223,44.9079024],[-92.7908351,44.9079208],[-92.7908459,44.9079609],[-92.7908335,44.9080207],[-92.7908009,44.9080663],[-92.7907667,44.9080926],[-92.7907139,44.9081218],[-92.7906427,44.9081462],[-92.7905532,44.9081578],[-92.7905016,44.9081564],[-92.7904455,44.908149],[-92.7903431,44.908128],[-92.7902351,44.9080998],[-92.7901366,44.9080643],[-92.7900963,44.9081345],[-92.7900803,44.9081756],[-92.7914439,44.9089585],[-92.7915703,44.9090173],[-92.7916622,44.9090507],[-92.7917745,44.9090829],[-92.7919096,44.9091125],[-92.7919323,44.9090972],[-92.7919479,44.9090766],[-92.7919539,44.9090537],[-92.7919498,44.9090232],[-92.7918151,44.9085107],[-92.7917611,44.9084257],[-92.7917223,44.9083411],[-92.791689,44.908229],[-92.7916807,44.9081537],[-92.7916929,44.9081043],[-92.791712,44.9080733],[-92.79174,44.9080459],[-92.7917769,44.9080237],[-92.7918526,44.9080029],[-92.7919158,44.9079982],[-92.7919786,44.9080019],[-92.7920309,44.9080154],[-92.7920629,44.9080397],[-92.7920842,44.9080998],[-92.7920948,44.9082],[-92.792088,44.908279],[-92.7920523,44.9083214],[-92.7919399,44.9083891],[-92.7918804,44.9084829],[-92.7918533,44.9085063],[-92.7919807,44.9089886],[-92.7920093,44.9091289],[-92.7921444,44.9091461],[-92.7922512,44.9091541],[-92.7922064,44.9077415],[-92.7916004,44.9074792]]]}},{"type":"Feature","id":"way/1344637123","properties":{"natural":"wood","osm_type":"way","osm_id":1344637123},"geometry":{"type":"Polygon","coordinates":[[[-92.787754,44.9046184],[-92.786791,44.9042726],[-92.7866754,44.9040289],[-92.7866935,44.9040338],[-92.7867948,44.9040494],[-92.786913,44.904056],[-92.7877169,44.9039847],[-92.7877939,44.9039818],[-92.7878433,44.9039857],[-92.7878915,44.904005],[-92.7879357,44.9040363],[-92.7879728,44.9040733],[-92.7879999,44.9041103],[-92.7880312,44.9041964],[-92.7880443,44.904321],[-92.7880542,44.904349],[-92.7880691,44.90437],[-92.787754,44.9046184]]]}},{"type":"Feature","id":"way/1344637124","properties":{"natural":"wood","osm_type":"way","osm_id":1344637124},"geometry":{"type":"Polygon","coordinates":[[[-92.787754,44.9046184],[-92.7890977,44.9046355],[-92.7890977,44.9043553],[-92.7890863,44.9043491],[-92.7890621,44.904328],[-92.7890387,44.9042965],[-92.7890132,44.9042338],[-92.7889958,44.9040854],[-92.7889435,44.9038575],[-92.7889354,44.9029637],[-92.7888385,44.902972],[-92.7887983,44.9029755],[-92.7888071,44.9037914],[-92.7887995,44.9042456],[-92.7887935,44.9043313],[-92.7887723,44.9043575],[-92.7887479,44.9043759],[-92.7887165,44.9043907],[-92.7886793,44.904398],[-92.7883389,44.904409],[-92.78821,44.9044083],[-92.7881227,44.9043955],[-92.7880914,44.9043843],[-92.7880691,44.90437],[-92.787754,44.9046184]]]}},{"type":"Feature","id":"way/1344637125","properties":{"highway":"service","service":"parking_aisle","osm_type":"way","osm_id":1344637125},"geometry":{"type":"LineString","coordinates":[[-92.7866894,44.9036328],[-92.7862892,44.9036376]]}},{"type":"Feature","id":"way/1344637126","properties":{"amenity":"parking_space","osm_type":"way","osm_id":1344637126},"geometry":{"type":"Polygon","coordinates":[[[-92.7876045,44.9035011],[-92.7876066,44.9035482],[-92.7875716,44.903549],[-92.7875706,44.9035269],[-92.7875696,44.9035019],[-92.7876045,44.9035011]]]}},{"type":"Feature","id":"way/1344637127","properties":{"amenity":"parking_space","osm_type":"way","osm_id":1344637127},"geometry":{"type":"Polygon","coordinates":[[[-92.7876395,44.9035004],[-92.7876415,44.9035475],[-92.7876066,44.9035482],[-92.7876045,44.9035011],[-92.7876395,44.9035004]]]}},{"type":"Feature","id":"way/1344637128","properties":{"amenity":"parking_space","osm_type":"way","osm_id":1344637128},"geometry":{"type":"Polygon","coordinates":[[[-92.7876745,44.9034996],[-92.7876765,44.9035467],[-92.7876415,44.9035475],[-92.7876395,44.9035004],[-92.7876745,44.9034996]]]}},{"type":"Feature","id":"way/1344637129","properties":{"amenity":"parking_space","osm_type":"way","osm_id":1344637129},"geometry":{"type":"Polygon","coordinates":[[[-92.7877094,44.9034988],[-92.7877115,44.903546],[-92.7876765,44.9035467],[-92.7876745,44.9034996],[-92.7877094,44.9034988]]]}},{"type":"Feature","id":"way/1344637130","properties":{"amenity":"parking_space","osm_type":"way","osm_id":1344637130},"geometry":{"type":"Polygon","coordinates":[[[-92.7877444,44.9034981],[-92.7877464,44.9035452],[-92.7877115,44.903546],[-92.7877094,44.9034988],[-92.7877444,44.9034981]]]}},{"type":"Feature","id":"way/1344637131","properties":{"amenity":"parking_space","osm_type":"way","osm_id":1344637131},"geometry":{"type":"Polygon","coordinates":[[[-92.7877794,44.9034973],[-92.7877814,44.9035444],[-92.7877464,44.9035452],[-92.7877444,44.9034981],[-92.7877794,44.9034973]]]}},{"type":"Feature","id":"way/1344637132","properties":{"amenity":"parking_space","osm_type":"way","osm_id":1344637132},"geometry":{"type":"Polygon","coordinates":[[[-92.7878143,44.9034966],[-92.7878164,44.9035437],[-92.7877814,44.9035444],[-92.7877794,44.9034973],[-92.7878143,44.9034966]]]}},{"type":"Feature","id":"way/1344637133","properties":{"amenity":"parking_space","osm_type":"way","osm_id":1344637133},"geometry":{"type":"Polygon","coordinates":[[[-92.7878493,44.9034958],[-92.7878513,44.9035429],[-92.7878164,44.9035437],[-92.7878143,44.9034966],[-92.7878493,44.9034958]]]}},{"type":"Feature","id":"way/1344637134","properties":{"amenity":"parking_space","osm_type":"way","osm_id":1344637134},"geometry":{"type":"Polygon","coordinates":[[[-92.7878843,44.903495],[-92.7878863,44.9035422],[-92.7878513,44.9035429],[-92.7878493,44.9034958],[-92.7878843,44.903495]]]}},{"type":"Feature","id":"way/1344637135","properties":{"amenity":"parking_space","osm_type":"way","osm_id":1344637135},"geometry":{"type":"Polygon","coordinates":[[[-92.7877379,44.9033591],[-92.7878103,44.9033577],[-92.7878113,44.9033824],[-92.7877389,44.9033838],[-92.7877379,44.9033591]]]}},{"type":"Feature","id":"way/1344637136","properties":{"amenity":"parking_space","osm_type":"way","osm_id":1344637136},"geometry":{"type":"Polygon","coordinates":[[[-92.787737,44.9033344],[-92.7878094,44.9033329],[-92.7878103,44.9033577],[-92.7877379,44.9033591],[-92.787737,44.9033344]]]}},{"type":"Feature","id":"way/1344637137","properties":{"amenity":"parking_space","osm_type":"way","osm_id":1344637137},"geometry":{"type":"Polygon","coordinates":[[[-92.787736,44.9033096],[-92.7878084,44.9033082],[-92.7878094,44.9033329],[-92.787737,44.9033344],[-92.787736,44.9033096]]]}},{"type":"Feature","id":"way/1344637138","properties":{"amenity":"parking_space","osm_type":"way","osm_id":1344637138},"geometry":{"type":"Polygon","coordinates":[[[-92.787735,44.9032849],[-92.7878075,44.9032835],[-92.7878084,44.9033082],[-92.787736,44.9033096],[-92.787735,44.9032849]]]}},{"type":"Feature","id":"way/1344637139","properties":{"amenity":"parking_space","osm_type":"way","osm_id":1344637139},"geometry":{"type":"Polygon","coordinates":[[[-92.7877341,44.9032602],[-92.7878065,44.9032588],[-92.7878075,44.9032835],[-92.787735,44.9032849],[-92.7877341,44.9032602]]]}},{"type":"Feature","id":"way/1344637140","properties":{"amenity":"parking_space","osm_type":"way","osm_id":1344637140},"geometry":{"type":"Polygon","coordinates":[[[-92.7877331,44.9032355],[-92.7878055,44.9032341],[-92.7878065,44.9032588],[-92.7877341,44.9032602],[-92.7877331,44.9032355]]]}},{"type":"Feature","id":"way/1344637141","properties":{"amenity":"parking_space","osm_type":"way","osm_id":1344637141},"geometry":{"type":"Polygon","coordinates":[[[-92.7877322,44.9032108],[-92.7878046,44.9032094],[-92.7878055,44.9032341],[-92.7877331,44.9032355],[-92.7877322,44.9032108]]]}},{"type":"Feature","id":"way/1344637142","properties":{"amenity":"parking_space","osm_type":"way","osm_id":1344637142},"geometry":{"type":"Polygon","coordinates":[[[-92.7877312,44.9031861],[-92.7878036,44.9031846],[-92.7878046,44.9032094],[-92.7877322,44.9032108],[-92.7877312,44.9031861]]]}},{"type":"Feature","id":"way/1344637143","properties":{"amenity":"parking_space","osm_type":"way","osm_id":1344637143},"geometry":{"type":"Polygon","coordinates":[[[-92.7877303,44.9031613],[-92.787768,44.9031606],[-92.7878027,44.9031599],[-92.7878036,44.9031846],[-92.7877312,44.9031861],[-92.7877303,44.9031613]]]}},{"type":"Feature","id":"way/1344637144","properties":{"amenity":"parking_space","osm_type":"way","osm_id":1344637144},"geometry":{"type":"Polygon","coordinates":[[[-92.7879124,44.9034258],[-92.7879848,44.9034243],[-92.7879858,44.9034491],[-92.7879134,44.9034505],[-92.7879124,44.9034258]]]}},{"type":"Feature","id":"way/1344637145","properties":{"amenity":"parking_space","osm_type":"way","osm_id":1344637145},"geometry":{"type":"Polygon","coordinates":[[[-92.7879114,44.903401],[-92.7879839,44.9033996],[-92.7879848,44.9034243],[-92.7879124,44.9034258],[-92.7879114,44.903401]]]}},{"type":"Feature","id":"way/1344637146","properties":{"amenity":"parking_space","osm_type":"way","osm_id":1344637146},"geometry":{"type":"Polygon","coordinates":[[[-92.7879105,44.9033763],[-92.7879829,44.9033749],[-92.7879839,44.9033996],[-92.7879114,44.903401],[-92.7879105,44.9033763]]]}},{"type":"Feature","id":"way/1344637147","properties":{"amenity":"parking_space","osm_type":"way","osm_id":1344637147},"geometry":{"type":"Polygon","coordinates":[[[-92.7879095,44.9033516],[-92.7879819,44.9033502],[-92.7879829,44.9033749],[-92.7879105,44.9033763],[-92.7879095,44.9033516]]]}},{"type":"Feature","id":"way/1344637148","properties":{"amenity":"parking_space","osm_type":"way","osm_id":1344637148},"geometry":{"type":"Polygon","coordinates":[[[-92.7879086,44.9033269],[-92.787981,44.9033255],[-92.7879819,44.9033502],[-92.7879095,44.9033516],[-92.7879086,44.9033269]]]}},{"type":"Feature","id":"way/1344637149","properties":{"amenity":"parking_space","osm_type":"way","osm_id":1344637149},"geometry":{"type":"Polygon","coordinates":[[[-92.7879076,44.9033022],[-92.78798,44.9033008],[-92.787981,44.9033255],[-92.7879086,44.9033269],[-92.7879076,44.9033022]]]}},{"type":"Feature","id":"way/1344637150","properties":{"amenity":"parking_space","osm_type":"way","osm_id":1344637150},"geometry":{"type":"Polygon","coordinates":[[[-92.7879067,44.9032775],[-92.7879791,44.9032761],[-92.78798,44.9033008],[-92.7879076,44.9033022],[-92.7879067,44.9032775]]]}},{"type":"Feature","id":"way/1344637151","properties":{"amenity":"parking_space","osm_type":"way","osm_id":1344637151},"geometry":{"type":"Polygon","coordinates":[[[-92.7879057,44.9032527],[-92.7879781,44.9032513],[-92.7879791,44.9032761],[-92.7879067,44.9032775],[-92.7879057,44.9032527]]]}},{"type":"Feature","id":"way/1344637152","properties":{"amenity":"parking_space","osm_type":"way","osm_id":1344637152},"geometry":{"type":"Polygon","coordinates":[[[-92.7879047,44.903228],[-92.7879772,44.9032266],[-92.7879781,44.9032513],[-92.7879057,44.9032527],[-92.7879047,44.903228]]]}},{"type":"Feature","id":"way/1344637153","properties":{"amenity":"parking_space","osm_type":"way","osm_id":1344637153},"geometry":{"type":"Polygon","coordinates":[[[-92.7879038,44.9032033],[-92.7879762,44.9032019],[-92.7879772,44.9032266],[-92.7879047,44.903228],[-92.7879038,44.9032033]]]}},{"type":"Feature","id":"way/1344637154","properties":{"amenity":"parking_space","osm_type":"way","osm_id":1344637154},"geometry":{"type":"Polygon","coordinates":[[[-92.7879028,44.9031786],[-92.7879752,44.9031772],[-92.7879762,44.9032019],[-92.7879038,44.9032033],[-92.7879028,44.9031786]]]}},{"type":"Feature","id":"way/1344637155","properties":{"amenity":"parking_space","osm_type":"way","osm_id":1344637155},"geometry":{"type":"Polygon","coordinates":[[[-92.7879019,44.9031539],[-92.7879743,44.9031525],[-92.7879752,44.9031772],[-92.7879028,44.9031786],[-92.7879019,44.9031539]]]}},{"type":"Feature","id":"way/1344637156","properties":{"amenity":"parking_space","osm_type":"way","osm_id":1344637156},"geometry":{"type":"Polygon","coordinates":[[[-92.7879009,44.9031292],[-92.7879733,44.9031278],[-92.7879743,44.9031525],[-92.7879019,44.9031539],[-92.7879009,44.9031292]]]}},{"type":"Feature","id":"way/1344637157","properties":{"amenity":"parking_space","osm_type":"way","osm_id":1344637157},"geometry":{"type":"Polygon","coordinates":[[[-92.787231,44.9034451],[-92.7873049,44.9034399],[-92.7873083,44.9034642],[-92.7872344,44.9034694],[-92.787231,44.9034451]]]}},{"type":"Feature","id":"way/1344637158","properties":{"amenity":"parking_space","osm_type":"way","osm_id":1344637158},"geometry":{"type":"Polygon","coordinates":[[[-92.7872276,44.9034207],[-92.7873015,44.9034155],[-92.7873049,44.9034399],[-92.787231,44.9034451],[-92.7872276,44.9034207]]]}},{"type":"Feature","id":"way/1344637159","properties":{"amenity":"parking_space","osm_type":"way","osm_id":1344637159},"geometry":{"type":"Polygon","coordinates":[[[-92.7872242,44.9033964],[-92.7872981,44.9033912],[-92.7873015,44.9034155],[-92.7872276,44.9034207],[-92.7872242,44.9033964]]]}},{"type":"Feature","id":"way/1344637160","properties":{"amenity":"parking_space","osm_type":"way","osm_id":1344637160},"geometry":{"type":"Polygon","coordinates":[[[-92.7872208,44.903372],[-92.7872947,44.9033669],[-92.7872981,44.9033912],[-92.7872242,44.9033964],[-92.7872208,44.903372]]]}},{"type":"Feature","id":"way/1344637161","properties":{"amenity":"parking_space","osm_type":"way","osm_id":1344637161},"geometry":{"type":"Polygon","coordinates":[[[-92.7872174,44.9033477],[-92.7872913,44.9033425],[-92.7872947,44.9033669],[-92.7872208,44.903372],[-92.7872174,44.9033477]]]}},{"type":"Feature","id":"way/1344637162","properties":{"amenity":"parking_space","osm_type":"way","osm_id":1344637162},"geometry":{"type":"Polygon","coordinates":[[[-92.787214,44.9033233],[-92.7872879,44.9033182],[-92.7872913,44.9033425],[-92.7872174,44.9033477],[-92.787214,44.9033233]]]}},{"type":"Feature","id":"way/1344637163","properties":{"amenity":"parking_space","osm_type":"way","osm_id":1344637163},"geometry":{"type":"Polygon","coordinates":[[[-92.7872106,44.903299],[-92.7872845,44.9032938],[-92.7872879,44.9033182],[-92.787214,44.9033233],[-92.7872106,44.903299]]]}},{"type":"Feature","id":"way/1344637164","properties":{"amenity":"parking_space","osm_type":"way","osm_id":1344637164},"geometry":{"type":"Polygon","coordinates":[[[-92.7872072,44.9032746],[-92.7872811,44.9032695],[-92.7872845,44.9032938],[-92.7872106,44.903299],[-92.7872072,44.9032746]]]}},{"type":"Feature","id":"way/1344637165","properties":{"amenity":"parking_space","osm_type":"way","osm_id":1344637165},"geometry":{"type":"Polygon","coordinates":[[[-92.7872038,44.9032503],[-92.7872777,44.9032451],[-92.7872811,44.9032695],[-92.7872072,44.9032746],[-92.7872038,44.9032503]]]}},{"type":"Feature","id":"way/1344637166","properties":{"amenity":"parking_space","osm_type":"way","osm_id":1344637166},"geometry":{"type":"Polygon","coordinates":[[[-92.7868028,44.9036172],[-92.7867333,44.9036184],[-92.7867325,44.9035938],[-92.7868019,44.9035925],[-92.7868028,44.9036172]]]}},{"type":"Feature","id":"way/1344637167","properties":{"amenity":"parking_space","osm_type":"way","osm_id":1344637167},"geometry":{"type":"Polygon","coordinates":[[[-92.7868037,44.9036419],[-92.7867342,44.9036431],[-92.7867333,44.9036184],[-92.7868028,44.9036172],[-92.7868037,44.9036419]]]}},{"type":"Feature","id":"way/1344637168","properties":{"amenity":"parking_space","osm_type":"way","osm_id":1344637168},"geometry":{"type":"Polygon","coordinates":[[[-92.7868046,44.9036666],[-92.7867351,44.9036678],[-92.7867342,44.9036431],[-92.7868037,44.9036419],[-92.7868046,44.9036666]]]}},{"type":"Feature","id":"way/1344637169","properties":{"amenity":"parking_space","osm_type":"way","osm_id":1344637169},"geometry":{"type":"Polygon","coordinates":[[[-92.7868055,44.9036912],[-92.786736,44.9036925],[-92.7867351,44.9036678],[-92.7868046,44.9036666],[-92.7868055,44.9036912]]]}},{"type":"Feature","id":"way/1344637170","properties":{"amenity":"parking_space","osm_type":"way","osm_id":1344637170},"geometry":{"type":"Polygon","coordinates":[[[-92.7868063,44.9037159],[-92.7867369,44.9037172],[-92.786736,44.9036925],[-92.7868055,44.9036912],[-92.7868063,44.9037159]]]}},{"type":"Feature","id":"way/1344637171","properties":{"amenity":"parking_space","osm_type":"way","osm_id":1344637171},"geometry":{"type":"Polygon","coordinates":[[[-92.7868072,44.9037406],[-92.7867377,44.9037419],[-92.7867369,44.9037172],[-92.7868063,44.9037159],[-92.7868072,44.9037406]]]}},{"type":"Feature","id":"way/1344637172","properties":{"amenity":"parking_space","osm_type":"way","osm_id":1344637172},"geometry":{"type":"Polygon","coordinates":[[[-92.7868081,44.9037653],[-92.7867386,44.9037665],[-92.7867377,44.9037419],[-92.7868072,44.9037406],[-92.7868081,44.9037653]]]}},{"type":"Feature","id":"way/1344637173","properties":{"amenity":"parking_space","osm_type":"way","osm_id":1344637173},"geometry":{"type":"Polygon","coordinates":[[[-92.786809,44.90379],[-92.7867544,44.903791],[-92.7867395,44.9037912],[-92.7867386,44.9037665],[-92.7868081,44.9037653],[-92.786809,44.90379]]]}},{"type":"Feature","id":"way/1344637174","properties":{"amenity":"parking_space","osm_type":"way","osm_id":1344637174},"geometry":{"type":"Polygon","coordinates":[[[-92.78628,44.9038752],[-92.7862455,44.9038757],[-92.7862443,44.9038354],[-92.786244,44.9038251],[-92.7862784,44.9038246],[-92.78628,44.9038752]]]}},{"type":"Feature","id":"way/1344637175","properties":{"amenity":"parking_space","osm_type":"way","osm_id":1344637175},"geometry":{"type":"Polygon","coordinates":[[[-92.7863144,44.9038746],[-92.78628,44.9038752],[-92.7862784,44.9038246],[-92.7863128,44.9038241],[-92.7863144,44.9038746]]]}},{"type":"Feature","id":"way/1344637176","properties":{"amenity":"parking_space","osm_type":"way","osm_id":1344637176},"geometry":{"type":"Polygon","coordinates":[[[-92.7863488,44.9038741],[-92.7863144,44.9038746],[-92.7863128,44.9038241],[-92.7863472,44.9038235],[-92.7863488,44.9038741]]]}},{"type":"Feature","id":"way/1344637177","properties":{"amenity":"parking_space","osm_type":"way","osm_id":1344637177},"geometry":{"type":"Polygon","coordinates":[[[-92.7863832,44.9038736],[-92.7863488,44.9038741],[-92.7863472,44.9038235],[-92.7863816,44.903823],[-92.7863832,44.9038736]]]}},{"type":"Feature","id":"way/1344637178","properties":{"amenity":"parking_space","osm_type":"way","osm_id":1344637178},"geometry":{"type":"Polygon","coordinates":[[[-92.7864176,44.903873],[-92.7863832,44.9038736],[-92.7863816,44.903823],[-92.7864161,44.9038225],[-92.7864176,44.903873]]]}},{"type":"Feature","id":"way/1344637179","properties":{"amenity":"parking_space","osm_type":"way","osm_id":1344637179},"geometry":{"type":"Polygon","coordinates":[[[-92.786452,44.9038725],[-92.7864176,44.903873],[-92.7864161,44.9038225],[-92.7864505,44.9038219],[-92.786452,44.9038725]]]}},{"type":"Feature","id":"way/1344637180","properties":{"amenity":"parking_space","osm_type":"way","osm_id":1344637180},"geometry":{"type":"Polygon","coordinates":[[[-92.7864865,44.903872],[-92.786452,44.9038725],[-92.7864505,44.9038219],[-92.7864849,44.9038214],[-92.7864865,44.903872]]]}},{"type":"Feature","id":"way/1344637181","properties":{"amenity":"parking_space","osm_type":"way","osm_id":1344637181},"geometry":{"type":"Polygon","coordinates":[[[-92.7865209,44.9038714],[-92.7864865,44.903872],[-92.7864849,44.9038214],[-92.7865193,44.9038209],[-92.7865209,44.9038714]]]}},{"type":"Feature","id":"way/1344637182","properties":{"amenity":"parking_space","osm_type":"way","osm_id":1344637182},"geometry":{"type":"Polygon","coordinates":[[[-92.7865553,44.9038709],[-92.7865209,44.9038714],[-92.7865193,44.9038209],[-92.7865537,44.9038203],[-92.7865553,44.9038709]]]}},{"type":"Feature","id":"way/1344637183","properties":{"amenity":"parking_space","osm_type":"way","osm_id":1344637183},"geometry":{"type":"Polygon","coordinates":[[[-92.7865897,44.9038704],[-92.7865553,44.9038709],[-92.7865537,44.9038203],[-92.7865881,44.9038198],[-92.7865897,44.9038704]]]}},{"type":"Feature","id":"way/1344637184","properties":{"amenity":"parking_space","osm_type":"way","osm_id":1344637184},"geometry":{"type":"Polygon","coordinates":[[[-92.7866241,44.9038698],[-92.7865897,44.9038704],[-92.7865881,44.9038198],[-92.7866226,44.9038193],[-92.7866241,44.9038698]]]}},{"type":"Feature","id":"way/1344637185","properties":{"amenity":"parking_space","osm_type":"way","osm_id":1344637185},"geometry":{"type":"Polygon","coordinates":[[[-92.7866585,44.9038693],[-92.7866241,44.9038698],[-92.7866226,44.9038193],[-92.786657,44.9038187],[-92.7866585,44.9038693]]]}},{"type":"Feature","id":"way/1344637186","properties":{"amenity":"parking_space","osm_type":"way","osm_id":1344637186},"geometry":{"type":"Polygon","coordinates":[[[-92.7866929,44.9038688],[-92.7866585,44.9038693],[-92.786657,44.9038187],[-92.7866914,44.9038182],[-92.7866917,44.9038293],[-92.7866929,44.9038688]]]}},{"type":"Feature","id":"way/1344637187","properties":{"building":"shed","osm_type":"way","osm_id":1344637187},"geometry":{"type":"Polygon","coordinates":[[[-92.786639,44.9039634],[-92.7866432,44.9039338],[-92.7865911,44.9039301],[-92.7865869,44.9039597],[-92.786639,44.9039634]]]}},{"type":"Feature","id":"way/1344637188","properties":{"amenity":"parking_space","osm_type":"way","osm_id":1344637188},"geometry":{"type":"Polygon","coordinates":[[[-92.7862458,44.9036921],[-92.7861747,44.9036928],[-92.7861741,44.9036646],[-92.7862187,44.9036641],[-92.7862452,44.9036638],[-92.7862458,44.9036921]]]}},{"type":"Feature","id":"way/1344637189","properties":{"amenity":"parking_space","osm_type":"way","osm_id":1344637189},"geometry":{"type":"Polygon","coordinates":[[[-92.7862463,44.9037204],[-92.7861753,44.9037211],[-92.7861747,44.9036928],[-92.7862458,44.9036921],[-92.7862463,44.9037204]]]}},{"type":"Feature","id":"way/1344637190","properties":{"amenity":"parking_space","osm_type":"way","osm_id":1344637190},"geometry":{"type":"Polygon","coordinates":[[[-92.7862469,44.9037486],[-92.7861758,44.9037493],[-92.7861753,44.9037211],[-92.7862463,44.9037204],[-92.7862469,44.9037486]]]}},{"type":"Feature","id":"way/1344637191","properties":{"amenity":"parking_space","osm_type":"way","osm_id":1344637191},"geometry":{"type":"Polygon","coordinates":[[[-92.7862475,44.9037769],[-92.7861764,44.9037776],[-92.7861758,44.9037493],[-92.7862469,44.9037486],[-92.7862475,44.9037769]]]}},{"type":"Feature","id":"way/1344637192","properties":{"amenity":"parking_space","osm_type":"way","osm_id":1344637192},"geometry":{"type":"Polygon","coordinates":[[[-92.7863729,44.9037163],[-92.786338,44.9037169],[-92.7863366,44.9036702],[-92.7863715,44.9036696],[-92.7863729,44.9037163]]]}},{"type":"Feature","id":"way/1344637193","properties":{"amenity":"parking_space","osm_type":"way","osm_id":1344637193},"geometry":{"type":"Polygon","coordinates":[[[-92.7863744,44.903763],[-92.7863395,44.9037635],[-92.786338,44.9037169],[-92.7863729,44.9037163],[-92.7863744,44.903763]]]}},{"type":"Feature","id":"way/1344637194","properties":{"amenity":"parking_space","osm_type":"way","osm_id":1344637194},"geometry":{"type":"Polygon","coordinates":[[[-92.7864078,44.9037158],[-92.7863729,44.9037163],[-92.7863715,44.9036696],[-92.7864063,44.9036691],[-92.7864078,44.9037158]]]}},{"type":"Feature","id":"way/1344637195","properties":{"amenity":"parking_space","osm_type":"way","osm_id":1344637195},"geometry":{"type":"Polygon","coordinates":[[[-92.7864092,44.9037624],[-92.7863744,44.903763],[-92.7863729,44.9037163],[-92.7864078,44.9037158],[-92.7864092,44.9037624]]]}},{"type":"Feature","id":"way/1344637196","properties":{"amenity":"parking_space","osm_type":"way","osm_id":1344637196},"geometry":{"type":"Polygon","coordinates":[[[-92.7864426,44.9037152],[-92.7864078,44.9037158],[-92.7864063,44.9036691],[-92.7864412,44.9036686],[-92.7864426,44.9037152]]]}},{"type":"Feature","id":"way/1344637197","properties":{"amenity":"parking_space","osm_type":"way","osm_id":1344637197},"geometry":{"type":"Polygon","coordinates":[[[-92.7864441,44.9037619],[-92.7864092,44.9037624],[-92.7864078,44.9037158],[-92.7864426,44.9037152],[-92.7864441,44.9037619]]]}},{"type":"Feature","id":"way/1344637198","properties":{"amenity":"parking_space","osm_type":"way","osm_id":1344637198},"geometry":{"type":"Polygon","coordinates":[[[-92.7864775,44.9037147],[-92.7864426,44.9037152],[-92.7864412,44.9036686],[-92.7864761,44.903668],[-92.7864775,44.9037147]]]}},{"type":"Feature","id":"way/1344637199","properties":{"amenity":"parking_space","osm_type":"way","osm_id":1344637199},"geometry":{"type":"Polygon","coordinates":[[[-92.786479,44.9037614],[-92.7864441,44.9037619],[-92.7864426,44.9037152],[-92.7864775,44.9037147],[-92.786479,44.9037614]]]}},{"type":"Feature","id":"way/1344637200","properties":{"amenity":"parking_space","osm_type":"way","osm_id":1344637200},"geometry":{"type":"Polygon","coordinates":[[[-92.7865124,44.9037142],[-92.7864775,44.9037147],[-92.7864761,44.903668],[-92.7865109,44.9036675],[-92.7865124,44.9037142]]]}},{"type":"Feature","id":"way/1344637201","properties":{"amenity":"parking_space","osm_type":"way","osm_id":1344637201},"geometry":{"type":"Polygon","coordinates":[[[-92.7865138,44.9037608],[-92.786479,44.9037614],[-92.7864775,44.9037147],[-92.7865124,44.9037142],[-92.7865138,44.9037608]]]}},{"type":"Feature","id":"way/1344637202","properties":{"amenity":"parking_space","osm_type":"way","osm_id":1344637202},"geometry":{"type":"Polygon","coordinates":[[[-92.7865473,44.9037136],[-92.7865124,44.9037142],[-92.7865109,44.9036675],[-92.7865458,44.903667],[-92.7865473,44.9037136]]]}},{"type":"Feature","id":"way/1344637203","properties":{"amenity":"parking_space","osm_type":"way","osm_id":1344637203},"geometry":{"type":"Polygon","coordinates":[[[-92.7865487,44.9037603],[-92.7865138,44.9037608],[-92.7865124,44.9037142],[-92.7865473,44.9037136],[-92.7865487,44.9037603]]]}},{"type":"Feature","id":"way/1344637204","properties":{"amenity":"parking_space","osm_type":"way","osm_id":1344637204},"geometry":{"type":"Polygon","coordinates":[[[-92.7865821,44.9037131],[-92.7865473,44.9037136],[-92.7865458,44.903667],[-92.7865807,44.9036664],[-92.7865821,44.9037131]]]}},{"type":"Feature","id":"way/1344637205","properties":{"amenity":"parking_space","osm_type":"way","osm_id":1344637205},"geometry":{"type":"Polygon","coordinates":[[[-92.7865836,44.9037597],[-92.7865487,44.9037603],[-92.7865473,44.9037136],[-92.7865821,44.9037131],[-92.7865836,44.9037597]]]}},{"type":"Feature","id":"way/1344637206","properties":{"amenity":"parking_space","osm_type":"way","osm_id":1344637206},"geometry":{"type":"Polygon","coordinates":[[[-92.786617,44.9037125],[-92.7865821,44.9037131],[-92.7865807,44.9036664],[-92.7866155,44.9036659],[-92.786617,44.9037125]]]}},{"type":"Feature","id":"way/1344637207","properties":{"amenity":"parking_space","osm_type":"way","osm_id":1344637207},"geometry":{"type":"Polygon","coordinates":[[[-92.7866184,44.9037592],[-92.7865836,44.9037597],[-92.7865821,44.9037131],[-92.786617,44.9037125],[-92.7866184,44.9037592]]]}},{"type":"Feature","id":"way/1344637208","properties":{"amenity":"parking_space","osm_type":"way","osm_id":1344637208},"geometry":{"type":"Polygon","coordinates":[[[-92.7866519,44.903712],[-92.786617,44.9037125],[-92.7866155,44.9036659],[-92.7866504,44.9036653],[-92.7866519,44.903712]]]}},{"type":"Feature","id":"way/1344637209","properties":{"amenity":"parking_space","osm_type":"way","osm_id":1344637209},"geometry":{"type":"Polygon","coordinates":[[[-92.7866533,44.9037587],[-92.7866184,44.9037592],[-92.786617,44.9037125],[-92.7866519,44.903712],[-92.7866533,44.9037587]]]}},{"type":"Feature","id":"way/1344637210","properties":{"amenity":"parking_space","osm_type":"way","osm_id":1344637210},"geometry":{"type":"Polygon","coordinates":[[[-92.7864017,44.9036069],[-92.7863671,44.9036073],[-92.7863659,44.9035602],[-92.7864005,44.9035598],[-92.7864017,44.9036069]]]}},{"type":"Feature","id":"way/1344637211","properties":{"amenity":"parking_space","osm_type":"way","osm_id":1344637211},"geometry":{"type":"Polygon","coordinates":[[[-92.7864351,44.9035594],[-92.7864005,44.9035598],[-92.7863993,44.9035127],[-92.7864339,44.9035123],[-92.7864351,44.9035594]]]}},{"type":"Feature","id":"way/1344637212","properties":{"amenity":"parking_space","osm_type":"way","osm_id":1344637212},"geometry":{"type":"Polygon","coordinates":[[[-92.7864363,44.9036064],[-92.7864017,44.9036069],[-92.7864005,44.9035598],[-92.7864351,44.9035594],[-92.7864363,44.9036064]]]}},{"type":"Feature","id":"way/1344637213","properties":{"amenity":"parking_space","osm_type":"way","osm_id":1344637213},"geometry":{"type":"Polygon","coordinates":[[[-92.7864698,44.9035589],[-92.7864351,44.9035594],[-92.7864339,44.9035123],[-92.7864686,44.9035118],[-92.7864698,44.9035589]]]}},{"type":"Feature","id":"way/1344637214","properties":{"amenity":"parking_space","osm_type":"way","osm_id":1344637214},"geometry":{"type":"Polygon","coordinates":[[[-92.786471,44.903606],[-92.7864363,44.9036064],[-92.7864351,44.9035594],[-92.7864698,44.9035589],[-92.786471,44.903606]]]}},{"type":"Feature","id":"way/1344637215","properties":{"amenity":"parking_space","osm_type":"way","osm_id":1344637215},"geometry":{"type":"Polygon","coordinates":[[[-92.7865044,44.9035585],[-92.7864698,44.9035589],[-92.7864686,44.9035118],[-92.7865032,44.9035114],[-92.7865044,44.9035585]]]}},{"type":"Feature","id":"way/1344637216","properties":{"amenity":"parking_space","osm_type":"way","osm_id":1344637216},"geometry":{"type":"Polygon","coordinates":[[[-92.7865056,44.9036055],[-92.786471,44.903606],[-92.7864698,44.9035589],[-92.7865044,44.9035585],[-92.7865056,44.9036055]]]}},{"type":"Feature","id":"way/1344637217","properties":{"amenity":"parking_space","osm_type":"way","osm_id":1344637217},"geometry":{"type":"Polygon","coordinates":[[[-92.7865391,44.903558],[-92.7865044,44.9035585],[-92.7865032,44.9035114],[-92.7865379,44.9035109],[-92.7865391,44.903558]]]}},{"type":"Feature","id":"way/1344637218","properties":{"amenity":"parking_space","osm_type":"way","osm_id":1344637218},"geometry":{"type":"Polygon","coordinates":[[[-92.7865403,44.9036051],[-92.7865056,44.9036055],[-92.7865044,44.9035585],[-92.7865391,44.903558],[-92.7865403,44.9036051]]]}},{"type":"Feature","id":"way/1344637219","properties":{"amenity":"parking_space","osm_type":"way","osm_id":1344637219},"geometry":{"type":"Polygon","coordinates":[[[-92.7865737,44.9035576],[-92.7865391,44.903558],[-92.7865379,44.9035109],[-92.7865725,44.9035105],[-92.7865737,44.9035576]]]}},{"type":"Feature","id":"way/1344637220","properties":{"amenity":"parking_space","osm_type":"way","osm_id":1344637220},"geometry":{"type":"Polygon","coordinates":[[[-92.7865749,44.9036047],[-92.7865403,44.9036051],[-92.7865391,44.903558],[-92.7865737,44.9035576],[-92.7865749,44.9036047]]]}},{"type":"Feature","id":"way/1344637221","properties":{"amenity":"parking_space","osm_type":"way","osm_id":1344637221},"geometry":{"type":"Polygon","coordinates":[[[-92.7866095,44.9036042],[-92.7865749,44.9036047],[-92.7865737,44.9035576],[-92.7866083,44.9035571],[-92.7866095,44.9036042]]]}},{"type":"Feature","id":"way/1344637222","properties":{"amenity":"parking_space","osm_type":"way","osm_id":1344637222},"geometry":{"type":"Polygon","coordinates":[[[-92.7866442,44.9036038],[-92.7866095,44.9036042],[-92.7866083,44.9035571],[-92.786643,44.9035567],[-92.7866442,44.9036038]]]}},{"type":"Feature","id":"way/1344637223","properties":{"amenity":"parking_space","osm_type":"way","osm_id":1344637223},"geometry":{"type":"Polygon","coordinates":[[[-92.7866405,44.903399],[-92.7866757,44.9033985],[-92.786677,44.9034462],[-92.7866419,44.9034467],[-92.7866405,44.903399]]]}},{"type":"Feature","id":"way/1344637224","properties":{"amenity":"parking_space","osm_type":"way","osm_id":1344637224},"geometry":{"type":"Polygon","coordinates":[[[-92.7866054,44.9033995],[-92.7866405,44.903399],[-92.7866419,44.9034467],[-92.7866068,44.9034472],[-92.7866054,44.9033995]]]}},{"type":"Feature","id":"way/1344637225","properties":{"amenity":"parking_space","osm_type":"way","osm_id":1344637225},"geometry":{"type":"Polygon","coordinates":[[[-92.7865703,44.9034],[-92.7866054,44.9033995],[-92.7866068,44.9034472],[-92.7865716,44.9034477],[-92.7865703,44.9034]]]}},{"type":"Feature","id":"way/1344637226","properties":{"amenity":"parking_space","osm_type":"way","osm_id":1344637226},"geometry":{"type":"Polygon","coordinates":[[[-92.7865351,44.9034005],[-92.7865703,44.9034],[-92.7865716,44.9034477],[-92.7865365,44.9034482],[-92.7865351,44.9034005]]]}},{"type":"Feature","id":"way/1344637227","properties":{"amenity":"parking_space","osm_type":"way","osm_id":1344637227},"geometry":{"type":"Polygon","coordinates":[[[-92.7865,44.903401],[-92.7865351,44.9034005],[-92.7865365,44.9034482],[-92.7865014,44.9034487],[-92.7865,44.903401]]]}},{"type":"Feature","id":"way/1344637228","properties":{"amenity":"parking_space","osm_type":"way","osm_id":1344637228},"geometry":{"type":"Polygon","coordinates":[[[-92.7864649,44.9034015],[-92.7865,44.903401],[-92.7865014,44.9034487],[-92.7864662,44.9034492],[-92.7864649,44.9034015]]]}},{"type":"Feature","id":"way/1344637229","properties":{"amenity":"parking_space","osm_type":"way","osm_id":1344637229},"geometry":{"type":"Polygon","coordinates":[[[-92.7864297,44.903402],[-92.7864649,44.9034015],[-92.7864662,44.9034492],[-92.7864311,44.9034497],[-92.7864297,44.903402]]]}},{"type":"Feature","id":"way/1344637230","properties":{"amenity":"parking_space","osm_type":"way","osm_id":1344637230},"geometry":{"type":"Polygon","coordinates":[[[-92.7863946,44.9034025],[-92.7864297,44.903402],[-92.7864311,44.9034497],[-92.786396,44.9034502],[-92.7863946,44.9034025]]]}},{"type":"Feature","id":"way/1344637231","properties":{"amenity":"parking_space","osm_type":"way","osm_id":1344637231},"geometry":{"type":"Polygon","coordinates":[[[-92.7863595,44.903403],[-92.7863946,44.9034025],[-92.786396,44.9034502],[-92.7863608,44.9034507],[-92.7863595,44.903403]]]}},{"type":"Feature","id":"way/1344637232","properties":{"highway":"service","service":"driveway","surface":"unpaved","osm_type":"way","osm_id":1344637232},"geometry":{"type":"LineString","coordinates":[[-92.7886604,44.9035844],[-92.7886135,44.9035853],[-92.7883774,44.9035915],[-92.7882368,44.9035975],[-92.7881806,44.9036036],[-92.788143,44.90361],[-92.7881086,44.9036185],[-92.7880802,44.9036292]]}},{"type":"Feature","id":"way/1344637233","properties":{"landuse":"religious","osm_type":"way","osm_id":1344637233},"geometry":{"type":"Polygon","coordinates":[[[-92.7876788,44.9045538],[-92.7888483,44.9045557],[-92.7888385,44.902972],[-92.7887983,44.9029755],[-92.7874106,44.9030976],[-92.7866926,44.9031604],[-92.7865997,44.9031678],[-92.7864942,44.9031749],[-92.7863535,44.9031819],[-92.7862979,44.9031829],[-92.7861831,44.9031821],[-92.7860588,44.9031783],[-92.785952,44.9031708],[-92.7858012,44.9031566],[-92.7856439,44.9031352],[-92.7855231,44.9031149],[-92.784912,44.9030025],[-92.7848196,44.9029846],[-92.7848094,44.902983],[-92.7847989,44.9029826],[-92.7847883,44.9029832],[-92.7847779,44.9029847],[-92.7847676,44.9029869],[-92.7847485,44.9029931],[-92.7847323,44.9030009],[-92.7847198,44.9030093],[-92.7847085,44.9030194],[-92.7846987,44.9030309],[-92.7846908,44.9030435],[-92.7846856,44.9030569],[-92.7846842,44.9030639],[-92.7846824,44.9030857],[-92.7846809,44.9031373],[-92.7846801,44.9032182],[-92.7846781,44.9038399],[-92.7846772,44.903856],[-92.7846733,44.9038787],[-92.7846697,44.9038916],[-92.784664,44.903905],[-92.7860132,44.9039098],[-92.7876788,44.9045538]]]}},{"type":"Feature","id":"way/1344637234","properties":{"building":"shed","osm_type":"way","osm_id":1344637234},"geometry":{"type":"Polygon","coordinates":[[[-92.7866457,44.9045159],[-92.7866874,44.9045186],[-92.7866821,44.9045591],[-92.7866405,44.9045564],[-92.7866457,44.9045159]]]}},{"type":"Feature","id":"way/1344637236","properties":{"highway":"residential","name":"30th Street South","osm_type":"way","osm_id":1344637236},"geometry":{"type":"LineString","coordinates":[[-92.7819093,44.9048743],[-92.7819218,44.9048807],[-92.7819466,44.9048906],[-92.7819596,44.9048942],[-92.7819881,44.9048991],[-92.782022,44.9049015],[-92.7820926,44.9049019],[-92.7822245,44.9049026],[-92.7829695,44.9049067],[-92.783046,44.9049104],[-92.7831241,44.904916],[-92.7832347,44.9049243],[-92.7833104,44.9049297],[-92.7833618,44.9049328],[-92.7836187,44.9049426],[-92.7837133,44.9049448],[-92.7837956,44.9049451]]}},{"type":"Feature","id":"way/1344637238","properties":{"building":"shed","osm_type":"way","osm_id":1344637238},"geometry":{"type":"Polygon","coordinates":[[[-92.7854168,44.9046206],[-92.7854146,44.9046775],[-92.785365,44.9046765],[-92.7853672,44.9046197],[-92.7854168,44.9046206]]]}},{"type":"Feature","id":"way/1344637239","properties":{"natural":"grassland","osm_type":"way","osm_id":1344637239},"geometry":{"type":"Polygon","coordinates":[[[-92.7857561,44.9034472],[-92.7857112,44.9035619],[-92.7857036,44.9036121],[-92.7857072,44.9036501],[-92.7857267,44.9037122],[-92.7857509,44.9037545],[-92.7857858,44.9037868],[-92.7858076,44.9037963],[-92.7856873,44.9037614],[-92.7856405,44.903749],[-92.7855355,44.9037237],[-92.7854292,44.9037003],[-92.7853383,44.9036821],[-92.7853039,44.903676],[-92.7852579,44.9036704],[-92.7851995,44.9036691],[-92.7851302,44.9036711],[-92.7850611,44.9036765],[-92.7850032,44.9036855],[-92.7849608,44.9036993],[-92.7849346,44.9037103],[-92.7848715,44.9037391],[-92.7848016,44.9037733],[-92.7847669,44.903791],[-92.7847041,44.9038249],[-92.7846781,44.9038399],[-92.7846801,44.9032182],[-92.7847301,44.9032288],[-92.7847563,44.9032383],[-92.7848074,44.9032638],[-92.7848512,44.9032953],[-92.7848813,44.9033299],[-92.7849027,44.9033852],[-92.7849211,44.9034257],[-92.7849436,44.9034644],[-92.7849691,44.9034966],[-92.7849966,44.9035175],[-92.7850303,44.9035295],[-92.7850744,44.9035383],[-92.785128,44.9035441],[-92.7852247,44.9035478],[-92.7853408,44.9035458],[-92.7854689,44.9035387],[-92.7855799,44.9035293],[-92.7856475,44.9035192],[-92.7856816,44.9035057],[-92.7857121,44.9034873],[-92.7857561,44.9034472]]]}},{"type":"Feature","id":"way/1344637240","properties":{"natural":"wood","osm_type":"way","osm_id":1344637240},"geometry":{"type":"Polygon","coordinates":[[[-92.7866754,44.9040289],[-92.786791,44.9042726],[-92.7867883,44.9043629],[-92.7867635,44.9043425],[-92.7866915,44.9042981],[-92.7865564,44.9042324],[-92.7864356,44.9041845],[-92.7863425,44.9041608],[-92.7861503,44.9041286],[-92.7859694,44.9041113],[-92.7854488,44.9040121],[-92.7852329,44.9039775],[-92.7849929,44.9039583],[-92.784775,44.9039546],[-92.7847119,44.9039497],[-92.7846805,44.9039341],[-92.784664,44.903905],[-92.7846697,44.9038916],[-92.7846733,44.9038787],[-92.7846772,44.903856],[-92.7846781,44.9038399],[-92.7847041,44.9038249],[-92.7847669,44.903791],[-92.7848016,44.9037733],[-92.7848715,44.9037391],[-92.7849346,44.9037103],[-92.7849608,44.9036993],[-92.7850032,44.9036855],[-92.7850611,44.9036765],[-92.7851302,44.9036711],[-92.7851995,44.9036691],[-92.7852579,44.9036704],[-92.7853039,44.903676],[-92.7853383,44.9036821],[-92.7854292,44.9037003],[-92.7855355,44.9037237],[-92.7856405,44.903749],[-92.7856873,44.9037614],[-92.7858076,44.9037963],[-92.7863154,44.9039188],[-92.7866754,44.9040289]]]}},{"type":"Feature","id":"way/1344637241","properties":{"landuse":"residential","osm_type":"way","osm_id":1344637241},"geometry":{"type":"Polygon","coordinates":[[[-92.8124838,44.9055645],[-92.8124399,44.9056104],[-92.8124049,44.9056492],[-92.8123701,44.9056901],[-92.8123273,44.9057443],[-92.8123045,44.9057762],[-92.8122816,44.9058111],[-92.8122591,44.9058489],[-92.8122379,44.9058897],[-92.8122183,44.9059332],[-92.8122012,44.9059791],[-92.8121866,44.9060255],[-92.8121738,44.9060705],[-92.8121627,44.9061141],[-92.8121453,44.9061948],[-92.8121328,44.9062649],[-92.8121175,44.9063634],[-92.8121048,44.9064123],[-92.8120961,44.9064395],[-92.8120859,44.9064676],[-92.8120748,44.9064956],[-92.8120627,44.9065226],[-92.8120499,44.9065481],[-92.8120368,44.9065711],[-92.8120236,44.9065909],[-92.8120083,44.9066109],[-92.8119693,44.906659],[-92.8119007,44.9067377],[-92.8118555,44.9067866],[-92.8118351,44.9068077],[-92.8114866,44.9071432],[-92.8113909,44.9072383],[-92.8113449,44.9072865],[-92.8112674,44.9073712],[-92.8111841,44.9074597],[-92.8109664,44.9076885],[-92.8109115,44.9077448],[-92.8108508,44.9078007],[-92.8107821,44.9078596],[-92.8107122,44.9079171],[-92.8105865,44.9080187],[-92.8104489,44.9081349],[-92.8102944,44.908268],[-92.8101813,44.9083678],[-92.8101312,44.9084143],[-92.8101056,44.908439],[-92.810056,44.9084896],[-92.8100324,44.9085157],[-92.8100102,44.9085419],[-92.8099899,44.908568],[-92.8099718,44.908594],[-92.8099567,44.9086194],[-92.8099413,44.9086487],[-92.8099015,44.9087289],[-92.8098546,44.9088268],[-92.8096021,44.909367],[-92.8094034,44.9097947],[-92.809371,44.9098629],[-92.8093505,44.9099036],[-92.8093265,44.9099439],[-92.8093144,44.9099619],[-92.8092864,44.9099985],[-92.8092522,44.910039],[-92.8091206,44.9101884],[-92.8090901,44.9102246],[-92.8090698,44.9102524],[-92.8090492,44.9102855],[-92.8090299,44.9103215],[-92.8090136,44.9103576],[-92.8090069,44.9103756],[-92.8089986,44.910407],[-92.8089931,44.9104383],[-92.8089895,44.9104702],[-92.8089864,44.9105177],[-92.8089827,44.9106868],[-92.8089803,44.9107281],[-92.8089761,44.9107605],[-92.8089699,44.9107971],[-92.8089619,44.910833],[-92.8089529,44.9108631],[-92.8089432,44.9108851],[-92.808924,44.9109208],[-92.8089008,44.9109597],[-92.8088649,44.911017],[-92.8088196,44.9110819],[-92.8087248,44.9112112],[-92.8087042,44.9112378],[-92.8086818,44.9112637],[-92.8086576,44.9112884],[-92.8086457,44.9112993],[-92.8086198,44.91132],[-92.8086073,44.9113286],[-92.8085797,44.9113459],[-92.8085517,44.9113621],[-92.8085229,44.9113773],[-92.808493,44.9113918],[-92.8084618,44.9114055],[-92.8084259,44.9114191],[-92.8083814,44.9114336],[-92.8082951,44.9114587],[-92.8082275,44.9114777],[-92.8081809,44.911493],[-92.8081315,44.9115107],[-92.8080853,44.9115283],[-92.8080478,44.9115436],[-92.8080218,44.9115556],[-92.8079693,44.9115815],[-92.8079282,44.911603],[-92.8078887,44.9116251],[-92.8078706,44.9116362],[-92.8078553,44.9116466],[-92.8078267,44.9116675],[-92.8077785,44.9117044],[-92.8077318,44.9117431],[-92.8077057,44.9117673],[-92.807672,44.9118032],[-92.8076388,44.9118418],[-92.8076099,44.9118788],[-92.8075912,44.9119059],[-92.8074263,44.9121716],[-92.8072176,44.9125055],[-92.8071309,44.9126362],[-92.8071109,44.9126699],[-92.8070997,44.9126908],[-92.8070762,44.9127377],[-92.8070526,44.9127894],[-92.8070413,44.9128161],[-92.8070216,44.9128677],[-92.8070063,44.9129162],[-92.8069851,44.9129979],[-92.8069732,44.9130546],[-92.8069683,44.9130823],[-92.8069616,44.9131325],[-92.8069598,44.9131754],[-92.8069595,44.9132484],[-92.806961,44.9133268],[-92.8069643,44.9133975],[-92.8069688,44.913446],[-92.8069739,44.9135],[-92.8070025,44.9137676],[-92.8070369,44.9141046],[-92.8070456,44.9141501],[-92.8070513,44.9141733],[-92.8070645,44.9142176],[-92.8070867,44.9142784],[-92.8071032,44.914316],[-92.8071146,44.9143384],[-92.8071421,44.9143872],[-92.8071737,44.9144385],[-92.8072057,44.9144863],[-92.8072213,44.9145078],[-92.8072496,44.9145429],[-92.8072998,44.914597],[-92.8073199,44.9146175],[-92.8073625,44.9146575],[-92.8074093,44.9146981],[-92.8074619,44.91474],[-92.8075268,44.9147881],[-92.8076398,44.9148676],[-92.8078239,44.9149931],[-92.8078543,44.9150145],[-92.8079083,44.9150537],[-92.8079525,44.9150878],[-92.807987,44.9151167],[-92.8080121,44.9151399],[-92.8080332,44.915163],[-92.8080681,44.9152062],[-92.8081053,44.9152562],[-92.8082946,44.9155167],[-92.8083941,44.9156562],[-92.8084627,44.915762],[-92.8085695,44.9159317],[-92.8086013,44.9159823],[-92.8086957,44.9161324],[-92.8088705,44.916402],[-92.8088773,44.9164161],[-92.8088825,44.9164306],[-92.8088857,44.9164454],[-92.8088865,44.9164603],[-92.8088849,44.916475],[-92.8088803,44.9164893],[-92.8088726,44.9165031],[-92.8088615,44.916516],[-92.8088466,44.9165279],[-92.8087993,44.9165592],[-92.8087553,44.9165893],[-92.8086452,44.9166689],[-92.8085762,44.9167169],[-92.8084831,44.9167795],[-92.8083911,44.91684],[-92.8083364,44.9168737],[-92.8082398,44.9169308],[-92.8081794,44.9169649],[-92.8081328,44.9169896],[-92.808082,44.9170139],[-92.8079727,44.9170645],[-92.8078621,44.917114],[-92.8078089,44.9171367],[-92.8077522,44.9171589],[-92.8076715,44.9171893],[-92.8075375,44.9172373],[-92.807461,44.9172627],[-92.8074324,44.9172712],[-92.8070696,44.9173725],[-92.8069072,44.9174179],[-92.8065976,44.9175044],[-92.8062249,44.9176076],[-92.8060419,44.9176545],[-92.8057742,44.9177214],[-92.8056937,44.9177415],[-92.8056765,44.9177458],[-92.8052388,44.9178518],[-92.8051949,44.9178627],[-92.804955,44.9179218],[-92.804333,44.918074],[-92.8035826,44.9182641],[-92.8030948,44.9183892],[-92.8026081,44.9185161],[-92.8025041,44.9185439],[-92.8024125,44.9185692],[-92.8022547,44.9186139],[-92.8021042,44.9186576],[-92.8019233,44.9187128],[-92.8017382,44.9187693],[-92.8017004,44.9187795],[-92.8016564,44.91879],[-92.8016092,44.9188],[-92.8015619,44.9188088],[-92.8015317,44.9188126],[-92.8015023,44.9188126],[-92.8014743,44.9188091],[-92.8014482,44.9188024],[-92.8014246,44.9187927],[-92.8014041,44.9187803],[-92.8013872,44.9187655],[-92.8013747,44.9187484],[-92.8013669,44.9187293],[-92.8013645,44.9187086],[-92.8013691,44.9185758],[-92.8013712,44.9183558],[-92.8013701,44.918323],[-92.8013678,44.9182911],[-92.801364,44.9182618],[-92.8013609,44.9182465],[-92.801352,44.9182138],[-92.8013397,44.9181783],[-92.8013322,44.9181596],[-92.8013158,44.9181236],[-92.8013065,44.9181058],[-92.8012967,44.9180886],[-92.8012746,44.9180554],[-92.8012614,44.9180378],[-92.8012333,44.9180035],[-92.8012177,44.917986],[-92.8011856,44.9179524],[-92.8011521,44.9179203],[-92.8011337,44.9179041],[-92.8011134,44.9178875],[-92.8010912,44.9178707],[-92.8010671,44.9178537],[-92.8010413,44.9178368],[-92.8010137,44.91782],[-92.8009844,44.9178035],[-92.8008511,44.9177432],[-92.8006959,44.9176962],[-92.8006541,44.9176872],[-92.8006113,44.9176796],[-92.8005676,44.9176735],[-92.800523,44.917669],[-92.8004779,44.9176663],[-92.8004336,44.917665],[-92.8003905,44.9176647],[-92.8003484,44.9176652],[-92.8003071,44.9176666],[-92.8002667,44.9176687],[-92.8002273,44.9176716],[-92.8001885,44.9176753],[-92.8001148,44.9176844],[-92.7998321,44.9177289],[-92.7995394,44.9177741],[-92.7994558,44.9177868],[-92.7992983,44.9178101],[-92.7991753,44.9178272],[-92.7990908,44.9178375],[-92.7990196,44.917845],[-92.7989439,44.9178521],[-92.7988728,44.9178578],[-92.7988147,44.917861],[-92.7986368,44.9178658],[-92.7985173,44.9178671],[-92.7984582,44.9178658],[-92.7983898,44.9178622],[-92.7983544,44.9178596],[-92.798283,44.9178533],[-92.7982168,44.9178457],[-92.7981832,44.9178406],[-92.7981592,44.917837],[-92.798128,44.9178311],[-92.7980591,44.9178161],[-92.7979885,44.9177983],[-92.7979216,44.9177792],[-92.7978921,44.9177698],[-92.7978657,44.9177606],[-92.7978401,44.9177508],[-92.7978127,44.9177395],[-92.797784,44.9177268],[-92.7977229,44.9176978],[-92.7976602,44.9176655],[-92.797598,44.9176313],[-92.7974011,44.9175178],[-92.7969786,44.9172769],[-92.7968882,44.9172262],[-92.7966457,44.917098],[-92.7964513,44.9169981],[-92.7954864,44.9165125],[-92.7954816,44.9152702],[-92.7970169,44.9152678],[-92.7970276,44.9135887],[-92.7927415,44.9128365],[-92.7920924,44.9119361],[-92.7920924,44.9116398],[-92.7919529,44.9116402],[-92.7919529,44.9115752],[-92.7894209,44.911579],[-92.7879886,44.9116968],[-92.7878491,44.9122552],[-92.7871792,44.9130261],[-92.7871601,44.91301],[-92.7871031,44.9129623],[-92.7870876,44.912951],[-92.7870193,44.9129071],[-92.7870021,44.9128946],[-92.7868318,44.9127532],[-92.7862584,44.9122828],[-92.7858998,44.911984],[-92.7858745,44.9119624],[-92.7858231,44.9119156],[-92.7857051,44.9117945],[-92.7856683,44.911752],[-92.7856526,44.9117322],[-92.7856373,44.9117109],[-92.7856081,44.9116661],[-92.7855823,44.9116213],[-92.785553,44.9115638],[-92.7854941,44.9114282],[-92.7854466,44.9113166],[-92.7853079,44.9109772],[-92.7851328,44.9105092],[-92.7850496,44.9102775],[-92.7849466,44.9099831],[-92.7848635,44.9097483],[-92.7848215,44.9096323],[-92.7847609,44.9094728],[-92.7845157,44.9088299],[-92.784395,44.9085145],[-92.7843809,44.9084775],[-92.7841905,44.9079592],[-92.7840122,44.9074817],[-92.7838312,44.9069785],[-92.7837367,44.9067246],[-92.7837118,44.9066596],[-92.7836884,44.9066032],[-92.7836645,44.90655],[-92.7836387,44.9064967],[-92.7836127,44.9064569],[-92.7835636,44.9063998],[-92.7834267,44.906277],[-92.7833817,44.9062424],[-92.7833208,44.9061988],[-92.7832761,44.9061687],[-92.7832325,44.9061413],[-92.7832123,44.9061296],[-92.7831252,44.9060826],[-92.7831043,44.9060699],[-92.7830688,44.9060413],[-92.7830558,44.9060246],[-92.7830458,44.9060085],[-92.7830417,44.9060004],[-92.7830353,44.9059839],[-92.7830308,44.9059662],[-92.7830282,44.9059471],[-92.7830284,44.9059285],[-92.7830328,44.9059021],[-92.7830426,44.9058703],[-92.7830834,44.9057627],[-92.7831023,44.9057093],[-92.7831387,44.9055923],[-92.7831691,44.9054895],[-92.783172,44.9054784],[-92.7832412,44.9051761],[-92.7832907,44.9048421],[-92.7833001,44.9047244],[-92.7833077,44.9045674],[-92.783309,44.9045061],[-92.7833091,44.9044035],[-92.7832891,44.9040238],[-92.7832871,44.9036682],[-92.7833115,44.9034685],[-92.7833162,44.9032092],[-92.7833283,44.9030036],[-92.7833354,44.9029774],[-92.7833568,44.9029474],[-92.7833837,44.9029265],[-92.7834204,44.9029103],[-92.7834658,44.9028998],[-92.7836767,44.9028867],[-92.7839006,44.9028797],[-92.7841584,44.9028905],[-92.7842256,44.9028958],[-92.7843083,44.9029039],[-92.784384,44.9029123],[-92.7844556,44.9029218],[-92.7845016,44.902929],[-92.7848196,44.9029846],[-92.784912,44.9030025],[-92.7855231,44.9031149],[-92.7856439,44.9031352],[-92.7858012,44.9031566],[-92.785952,44.9031708],[-92.7860588,44.9031783],[-92.7861831,44.9031821],[-92.7862979,44.9031829],[-92.7863535,44.9031819],[-92.7864942,44.9031749],[-92.7865997,44.9031678],[-92.7866926,44.9031604],[-92.7874106,44.9030976],[-92.7887983,44.9029755],[-92.7888385,44.902972],[-92.7889354,44.9029637],[-92.7894131,44.9029205],[-92.7894412,44.902918],[-92.7896696,44.9028977],[-92.7904094,44.9028319],[-92.7904247,44.9028306],[-92.7913638,44.902745],[-92.7914648,44.9027359],[-92.7914957,44.902733],[-92.7916654,44.9027129],[-92.7917902,44.9026968],[-92.7918968,44.9026819],[-92.7919707,44.9026704],[-92.7920468,44.9026571],[-92.7920851,44.9026499],[-92.7921976,44.9026265],[-92.7923048,44.9026021],[-92.7923955,44.9025798],[-92.7925094,44.9025492],[-92.7932859,44.9023301],[-92.7935956,44.9022421],[-92.794068,44.9021079],[-92.794143,44.9020866],[-92.7943699,44.9020221],[-92.7944491,44.9021528],[-92.7944504,44.9023929],[-92.7944866,44.9023939],[-92.79448,44.9024649],[-92.7944701,44.9025569],[-92.7944658,44.9026145],[-92.7944515,44.9026188],[-92.7944658,44.905402],[-92.7915903,44.9054191],[-92.7916147,44.9074709],[-92.7952684,44.9074491],[-92.795244,44.905394],[-92.7946329,44.9053976],[-92.7946207,44.9048722],[-92.7945762,44.9048493],[-92.7945604,44.9044387],[-92.7945447,44.9039661],[-92.7945998,44.9039715],[-92.7945567,44.9021095],[-92.7944882,44.9019887],[-92.7946215,44.9019512],[-92.7947649,44.901911],[-92.7950034,44.9018471],[-92.7951724,44.9018112],[-92.7953552,44.9017814],[-92.7954733,44.9017666],[-92.795571,44.9017566],[-92.7956305,44.9017513],[-92.7956768,44.9017483],[-92.7957569,44.9017443],[-92.7958417,44.9017414],[-92.7958837,44.9017405],[-92.7959894,44.9017395],[-92.7964292,44.9017379],[-92.7967545,44.901735],[-92.7968831,44.9017299],[-92.7969877,44.9017214],[-92.7970775,44.9017102],[-92.7971366,44.9017003],[-92.7971958,44.9016889],[-92.7973176,44.901663],[-92.797489,44.901618],[-92.797582,44.9015879],[-92.7977021,44.9015389],[-92.7977695,44.9015086],[-92.7978343,44.9014783],[-92.7978748,44.9014585],[-92.7979126,44.9014384],[-92.7979501,44.9014172],[-92.7980353,44.9013658],[-92.7985677,44.9016965],[-92.7986635,44.9052932],[-92.800227,44.9052932],[-92.8022302,44.9053105],[-92.8022628,44.9017634],[-92.8071975,44.901798],[-92.8072138,44.8979016],[-92.8072057,44.8964393],[-92.8059093,44.8955245],[-92.8063177,44.8952467],[-92.8066804,44.8949937],[-92.8068118,44.8949014],[-92.8068647,44.8948643],[-92.8069055,44.8948356],[-92.8070413,44.8947403],[-92.8073064,44.8945555],[-92.8073398,44.8945318],[-92.8074048,44.8944857],[-92.8074764,44.8944349],[-92.8075594,44.8944899],[-92.8089993,44.8944964],[-92.8089705,44.8965835],[-92.8123242,44.8966068],[-92.812354,44.8944488],[-92.8152789,44.8944822],[-92.8154008,44.8947414],[-92.8155385,44.8950375],[-92.8156046,44.8951748],[-92.8156577,44.8952775],[-92.8157503,44.895442],[-92.8157906,44.8955155],[-92.8158285,44.8955879],[-92.8158612,44.8956549],[-92.8158821,44.8957014],[-92.8159041,44.895752],[-92.8159231,44.8957965],[-92.8159535,44.8958724],[-92.8159675,44.8959094],[-92.8159917,44.89598],[-92.8160014,44.896012],[-92.8160261,44.8961008],[-92.8160403,44.896156],[-92.8160526,44.8962096],[-92.8160627,44.896263],[-92.8160708,44.8963189],[-92.816078,44.8963817],[-92.8160839,44.8964483],[-92.8160877,44.8965151],[-92.8160888,44.8965783],[-92.8160881,44.8966072],[-92.8160823,44.896711],[-92.8160728,44.8968161],[-92.8160298,44.8971843],[-92.81602,44.8972683],[-92.8159898,44.8975272],[-92.8159557,44.8977813],[-92.815929,44.8979879],[-92.8159124,44.8981129],[-92.8159044,44.8981733],[-92.8158829,44.8983353],[-92.8158592,44.8985134],[-92.8158103,44.8988934],[-92.8157807,44.8991371],[-92.8157602,44.899288],[-92.8156995,44.8996647],[-92.815691,44.8997209],[-92.8156781,44.8998055],[-92.815644,44.9000303],[-92.815614,44.900222],[-92.8156013,44.9002962],[-92.8155919,44.9003494],[-92.8155291,44.9006983],[-92.8154926,44.9009231],[-92.8154532,44.9011522],[-92.815438,44.9012327],[-92.8154245,44.901294],[-92.815414,44.901335],[-92.8153995,44.9013873],[-92.8153904,44.901417],[-92.815371,44.901473],[-92.8153612,44.9014976],[-92.8153405,44.9015422],[-92.8153161,44.9015882],[-92.8153027,44.9016114],[-92.8152733,44.9016586],[-92.815258,44.9016812],[-92.8152257,44.9017251],[-92.8152095,44.901745],[-92.815173,44.9017866],[-92.815153,44.9018084],[-92.8151089,44.9018541],[-92.8150356,44.9019257],[-92.8149211,44.9020321],[-92.8148755,44.9020761],[-92.8148471,44.9021035],[-92.8147678,44.9021831],[-92.8146897,44.9022652],[-92.814653,44.9023058],[-92.8146191,44.9023449],[-92.8145869,44.902384],[-92.8145551,44.9024247],[-92.8144644,44.9025504],[-92.8144106,44.9026322],[-92.8143646,44.9027075],[-92.8143258,44.9027772],[-92.8142791,44.9028649],[-92.8142272,44.9029644],[-92.8141529,44.9031101],[-92.8138582,44.9037094],[-92.8138187,44.9037878],[-92.8137698,44.9038815],[-92.8137177,44.9039787],[-92.8136685,44.9040674],[-92.8136283,44.9041356],[-92.8136081,44.9041668],[-92.8135502,44.9042514],[-92.8134799,44.9043507],[-92.8133788,44.9044907],[-92.8133111,44.9045823],[-92.8131609,44.904778],[-92.8130363,44.9049372],[-92.812978,44.90501],[-92.8128491,44.9051658],[-92.8127691,44.905261],[-92.812704,44.9053363],[-92.8126521,44.9053939],[-92.8126379,44.9054087],[-92.8124838,44.9055645]]]}},{"type":"Feature","id":"way/1344637242","properties":{"natural":"wood","osm_type":"way","osm_id":1344637242},"geometry":{"type":"Polygon","coordinates":[[[-92.7846801,44.9032182],[-92.7847301,44.9032288],[-92.7847563,44.9032383],[-92.7848074,44.9032638],[-92.7848512,44.9032953],[-92.7848813,44.9033299],[-92.7849027,44.9033852],[-92.7849211,44.9034257],[-92.7849436,44.9034644],[-92.7849691,44.9034966],[-92.7849966,44.9035175],[-92.7850303,44.9035295],[-92.7850744,44.9035383],[-92.785128,44.9035441],[-92.7852247,44.9035478],[-92.7853408,44.9035458],[-92.7854689,44.9035387],[-92.7855799,44.9035293],[-92.7856475,44.9035192],[-92.7856816,44.9035057],[-92.7857121,44.9034873],[-92.7857561,44.9034472],[-92.7857692,44.9034292],[-92.7858061,44.9033904],[-92.7858424,44.903363],[-92.7858861,44.9033413],[-92.7859102,44.9033345],[-92.7863962,44.9032912],[-92.7868168,44.9032371],[-92.7871493,44.9032067],[-92.7872737,44.9031907],[-92.7873382,44.9031767],[-92.78737,44.9031622],[-92.7874035,44.9031279],[-92.7874106,44.9030976],[-92.7866926,44.9031604],[-92.7865997,44.9031678],[-92.7864942,44.9031749],[-92.7863535,44.9031819],[-92.7862979,44.9031829],[-92.7861831,44.9031821],[-92.7860588,44.9031783],[-92.785952,44.9031708],[-92.7858012,44.9031566],[-92.7856439,44.9031352],[-92.7855231,44.9031149],[-92.784912,44.9030025],[-92.7848196,44.9029846],[-92.7848094,44.902983],[-92.7847989,44.9029826],[-92.7847883,44.9029832],[-92.7847779,44.9029847],[-92.7847676,44.9029869],[-92.7847485,44.9029931],[-92.7847323,44.9030009],[-92.7847198,44.9030093],[-92.7847085,44.9030194],[-92.7846987,44.9030309],[-92.7846908,44.9030435],[-92.7846856,44.9030569],[-92.7846842,44.9030639],[-92.7846824,44.9030857],[-92.7846809,44.9031373],[-92.7846801,44.9032182]]]}},{"type":"Feature","id":"way/1344637243","properties":{"amenity":"parking","osm_type":"way","osm_id":1344637243},"geometry":{"type":"Polygon","coordinates":[[[-92.783426,44.9042809],[-92.7835229,44.9042795],[-92.783522,44.9042492],[-92.7835211,44.9042189],[-92.7835202,44.9041887],[-92.7835193,44.9041584],[-92.7834224,44.9041598],[-92.7834233,44.9041901],[-92.7834242,44.9042204],[-92.7834251,44.9042507],[-92.783426,44.9042809]]]}},{"type":"Feature","id":"way/1344637244","properties":{"amenity":"parking_space","osm_type":"way","osm_id":1344637244},"geometry":{"type":"Polygon","coordinates":[[[-92.7834233,44.9041901],[-92.7834224,44.9041598],[-92.7835193,44.9041584],[-92.7835202,44.9041887],[-92.7834233,44.9041901]]]}},{"type":"Feature","id":"way/1344637245","properties":{"amenity":"parking_space","osm_type":"way","osm_id":1344637245},"geometry":{"type":"Polygon","coordinates":[[[-92.7834242,44.9042204],[-92.7834233,44.9041901],[-92.7835202,44.9041887],[-92.7835211,44.9042189],[-92.7834242,44.9042204]]]}},{"type":"Feature","id":"way/1344637246","properties":{"amenity":"parking_space","osm_type":"way","osm_id":1344637246},"geometry":{"type":"Polygon","coordinates":[[[-92.7834251,44.9042507],[-92.7834242,44.9042204],[-92.7835211,44.9042189],[-92.783522,44.9042492],[-92.7834251,44.9042507]]]}},{"type":"Feature","id":"way/1344637247","properties":{"amenity":"parking_space","osm_type":"way","osm_id":1344637247},"geometry":{"type":"Polygon","coordinates":[[[-92.783426,44.9042809],[-92.7834251,44.9042507],[-92.783522,44.9042492],[-92.7835229,44.9042795],[-92.783426,44.9042809]]]}},{"type":"Feature","id":"way/1344637248","properties":{"natural":"wood","osm_type":"way","osm_id":1344637248},"geometry":{"type":"Polygon","coordinates":[[[-92.7841584,44.9028905],[-92.7842256,44.9028958],[-92.7843083,44.9029039],[-92.784384,44.9029123],[-92.7844556,44.9029218],[-92.7845016,44.902929],[-92.7845487,44.9029375],[-92.7845847,44.9029522],[-92.7846068,44.9029823],[-92.7845931,44.9030876],[-92.7845909,44.9032211],[-92.784415,44.9032269],[-92.7842728,44.903226],[-92.7842137,44.9032168],[-92.7841712,44.9032021],[-92.7841519,44.9031838],[-92.7841339,44.9031491],[-92.784131,44.9031149],[-92.784144,44.9029677],[-92.7841584,44.9028905]]]}},{"type":"Feature","id":"way/1344637249","properties":{"building":"shed","osm_type":"way","osm_id":1344637249},"geometry":{"type":"Polygon","coordinates":[[[-92.7840901,44.9032848],[-92.7840907,44.9033309],[-92.7840521,44.9033312],[-92.7840515,44.9032851],[-92.7840901,44.9032848]]]}},{"type":"Feature","id":"way/1344637250","properties":{"building":"shed","osm_type":"way","osm_id":1344637250},"geometry":{"type":"Polygon","coordinates":[[[-92.7842487,44.9037032],[-92.784304,44.9037036],[-92.7843045,44.9036608],[-92.7842492,44.9036605],[-92.7842487,44.9037032]]]}},{"type":"Feature","id":"way/1344666212","properties":{"natural":"wood","osm_type":"way","osm_id":1344666212},"geometry":{"type":"Polygon","coordinates":[[[-92.7840188,44.9050625],[-92.7840241,44.9050672],[-92.7840582,44.9050774],[-92.7842458,44.9050835],[-92.7842957,44.9050891],[-92.7843287,44.9050975],[-92.7843354,44.9051028],[-92.7843401,44.9051308],[-92.7843447,44.9052665],[-92.7843406,44.9053287],[-92.7843352,44.9053394],[-92.7843245,44.905346],[-92.7840729,44.9053501],[-92.7840355,44.9053571],[-92.7840188,44.9053712],[-92.7843623,44.9053745],[-92.7843676,44.9050667],[-92.7840188,44.9050625]]]}},{"type":"Feature","id":"way/1344666213","properties":{"amenity":"grave_yard","landuse":"cemetery","name":"St. Paulus Cemetery","osm_type":"way","osm_id":1344666213},"geometry":{"type":"Polygon","coordinates":[[[-92.7840433,44.9050733],[-92.7840429,44.9053582],[-92.784352,44.9053584],[-92.7843524,44.9050735],[-92.7840433,44.9050733]]]}},{"type":"Feature","id":"way/1344666214","properties":{"landuse":"grass","osm_type":"way","osm_id":1344666214},"geometry":{"type":"Polygon","coordinates":[[[-92.783089,44.9060366],[-92.7830772,44.9060215],[-92.7830623,44.905996],[-92.7830553,44.9059793],[-92.7830519,44.9059645],[-92.7830503,44.9059476],[-92.7830505,44.9059284],[-92.7830532,44.9059075],[-92.7830588,44.9058855],[-92.7830937,44.9057948],[-92.7831164,44.9057301],[-92.783165,44.9055768],[-92.7831579,44.9055769],[-92.7831545,44.9055776],[-92.7831484,44.9055804],[-92.7831414,44.9055869],[-92.7831387,44.9055923],[-92.7831023,44.9057093],[-92.7830834,44.9057627],[-92.7830426,44.9058703],[-92.7830328,44.9059021],[-92.7830284,44.9059285],[-92.7830282,44.9059471],[-92.7830308,44.9059662],[-92.7830353,44.9059839],[-92.7830417,44.9060004],[-92.7830458,44.9060085],[-92.7830558,44.9060246],[-92.7830688,44.9060413],[-92.783089,44.9060366]]]}},{"type":"Feature","id":"way/1344666215","properties":{"landuse":"grass","osm_type":"way","osm_id":1344666215},"geometry":{"type":"Polygon","coordinates":[[[-92.7831874,44.905581],[-92.783139,44.9057339],[-92.7831161,44.9057989],[-92.7830815,44.9058891],[-92.7830762,44.9059097],[-92.7830737,44.9059292],[-92.7830735,44.9059471],[-92.783075,44.9059626],[-92.783078,44.9059757],[-92.7830842,44.9059906],[-92.7830981,44.9060144],[-92.7831085,44.9060276],[-92.7831258,44.9060427],[-92.7831123,44.9060512],[-92.7831043,44.9060699],[-92.7831252,44.9060826],[-92.7832123,44.9061296],[-92.7832325,44.9061413],[-92.7832761,44.9061687],[-92.7833208,44.9061988],[-92.7833817,44.9062424],[-92.7834267,44.906277],[-92.7834441,44.9062708],[-92.7834527,44.9062667],[-92.7834607,44.9062618],[-92.7834679,44.9062562],[-92.7834739,44.9062496],[-92.7834784,44.9062422],[-92.783481,44.9062338],[-92.7834815,44.9062244],[-92.7834795,44.9062139],[-92.7834697,44.9061825],[-92.7834372,44.906087],[-92.7833218,44.9057541],[-92.7832953,44.9056796],[-92.7832823,44.9056494],[-92.7832761,44.9056382],[-92.7832642,44.9056209],[-92.7832547,44.9056107],[-92.7832443,44.9056026],[-92.783238,44.9055988],[-92.7832241,44.9055925],[-92.7831988,44.9055839],[-92.7831874,44.905581]]]}},{"type":"Feature","id":"way/1344666216","properties":{"natural":"wood","osm_type":"way","osm_id":1344666216},"geometry":{"type":"Polygon","coordinates":[[[-92.7920671,44.9115559],[-92.792103,44.9115736],[-92.7921448,44.9115886],[-92.7922409,44.9116106],[-92.7923955,44.9116268],[-92.7924893,44.9116282],[-92.7925987,44.9116221],[-92.7926861,44.9116118],[-92.7927347,44.9115992],[-92.7927956,44.911566],[-92.7928288,44.9115315],[-92.7928547,44.9114889],[-92.7928776,44.911417],[-92.7928782,44.9113031],[-92.7928944,44.9112662],[-92.7929388,44.9112228],[-92.7929952,44.9111957],[-92.7930647,44.9111841],[-92.7931505,44.9111835],[-92.7933049,44.9111979],[-92.7933846,44.9111987],[-92.7935514,44.9111871],[-92.7936109,44.9111791],[-92.7936571,44.9111672],[-92.7937206,44.9111371],[-92.7937491,44.9111129],[-92.7937713,44.9110812],[-92.7937819,44.911045],[-92.7937804,44.9110095],[-92.7937557,44.9109515],[-92.7937298,44.9109286],[-92.7936699,44.9109222],[-92.7935604,44.9109317],[-92.7933951,44.9109581],[-92.7929591,44.9109874],[-92.7928013,44.9109728],[-92.792425,44.9109622],[-92.7922173,44.9109442],[-92.7921582,44.9109329],[-92.7921145,44.9109176],[-92.7918084,44.9107464],[-92.7914305,44.9105764],[-92.7913156,44.9105387],[-92.7912296,44.910523],[-92.7911518,44.9105165],[-92.7910521,44.910517],[-92.7908065,44.9105331],[-92.790555,44.9105421],[-92.7900465,44.9105259],[-92.7898031,44.91053],[-92.7890916,44.9106383],[-92.7889388,44.9106552],[-92.7884944,44.9106894],[-92.7884678,44.9106637],[-92.7884287,44.9106342],[-92.7883784,44.9106022],[-92.788318,44.9105688],[-92.7882486,44.9105354],[-92.7887677,44.9096108],[-92.7888646,44.909618],[-92.7889631,44.9096316],[-92.7890633,44.9096523],[-92.7891648,44.909681],[-92.7892645,44.9097074],[-92.789359,44.9097213],[-92.7894474,44.9097243],[-92.7895292,44.9097178],[-92.7896037,44.9097033],[-92.7896702,44.9096824],[-92.7897281,44.9096564],[-92.7897767,44.9096269],[-92.7898153,44.9095954],[-92.7898434,44.9095632],[-92.789867,44.9095277],[-92.7898922,44.9094859],[-92.7899182,44.9094398],[-92.7899441,44.909391],[-92.7899693,44.9093414],[-92.7899928,44.9092926],[-92.7900138,44.9092464],[-92.7900315,44.9092047],[-92.7900452,44.9091692],[-92.7900539,44.9091415],[-92.7900594,44.909119],[-92.7900637,44.9090973],[-92.7900668,44.9090761],[-92.7900687,44.909055],[-92.7900693,44.9090335],[-92.7900687,44.9090112],[-92.7900667,44.9089878],[-92.7900633,44.9089628],[-92.7900586,44.9089359],[-92.7900524,44.9089066],[-92.7900897,44.9088334],[-92.7901179,44.9087072],[-92.7901561,44.908627],[-92.7902092,44.9085499],[-92.7902889,44.9084568],[-92.7903564,44.9084054],[-92.7904965,44.9084862],[-92.7904709,44.9085555],[-92.7903793,44.9086814],[-92.7903343,44.9087665],[-92.7903249,44.9088146],[-92.7903317,44.9088849],[-92.790358,44.9089657],[-92.7903965,44.9090407],[-92.7904449,44.909116],[-92.7905761,44.9092952],[-92.7905077,44.9093506],[-92.7903876,44.9094351],[-92.7902717,44.9095069],[-92.790137,44.9095784],[-92.7900724,44.9096257],[-92.7900378,44.9096652],[-92.7900124,44.9097133],[-92.79,44.9097742],[-92.7900004,44.9098089],[-92.7900169,44.9098813],[-92.790034,44.9099168],[-92.7900577,44.9099504],[-92.7900885,44.909981],[-92.7901268,44.9100074],[-92.7901733,44.9100286],[-92.790275,44.9100599],[-92.7904222,44.9100898],[-92.7905875,44.9101062],[-92.7906886,44.9101049],[-92.7907686,44.9100939],[-92.7908519,44.9100747],[-92.7909658,44.9100309],[-92.7909967,44.9100125],[-92.7910523,44.9099655],[-92.791126,44.9098757],[-92.7911929,44.9097606],[-92.7912083,44.9097196],[-92.7912182,44.9096637],[-92.7912126,44.9096035],[-92.7912033,44.9095841],[-92.791179,44.9095601],[-92.7911498,44.9095447],[-92.7911047,44.909533],[-92.7909968,44.9095281],[-92.7909821,44.9095007],[-92.7909381,44.9094561],[-92.7907916,44.909349],[-92.7907356,44.9093244],[-92.7906568,44.9093093],[-92.7906167,44.9092879],[-92.7905182,44.9091587],[-92.7904324,44.9090305],[-92.7903776,44.9089115],[-92.790364,44.9088398],[-92.7903686,44.9087831],[-92.7904148,44.9086923],[-92.7904621,44.9086245],[-92.7905074,44.9085707],[-92.7905667,44.9085266],[-92.7913164,44.9089584],[-92.7914773,44.909041],[-92.7915944,44.9090886],[-92.7917481,44.9091344],[-92.7918702,44.909162],[-92.7920345,44.9091886],[-92.7920382,44.9092241],[-92.7920339,44.9092515],[-92.7920144,44.909306],[-92.7919707,44.909391],[-92.7919538,44.9094426],[-92.7918626,44.90945],[-92.791716,44.909477],[-92.7915953,44.9095088],[-92.7915141,44.9095422],[-92.7914437,44.9095852],[-92.7914115,44.9096171],[-92.7913877,44.9096707],[-92.791381,44.9097444],[-92.7913981,44.9098078],[-92.7914422,44.9098843],[-92.7915204,44.9099745],[-92.7916278,44.9100708],[-92.7917514,44.9101652],[-92.7919396,44.9102869],[-92.7920482,44.910344],[-92.792095,44.9103609],[-92.7921387,44.9103682],[-92.7921788,44.9103676],[-92.7922149,44.9103605],[-92.7922466,44.9103487],[-92.7922952,44.9103171],[-92.792321,44.9102855],[-92.7923403,44.910197],[-92.7923711,44.9101091],[-92.7924493,44.9099551],[-92.7924951,44.9098417],[-92.7925271,44.9097336],[-92.7925363,44.9096791],[-92.7925307,44.9096351],[-92.7925106,44.9095928],[-92.7924808,44.9095555],[-92.7924286,44.9095156],[-92.7922774,44.9094697],[-92.7920257,44.9094146],[-92.7920735,44.909319],[-92.7920993,44.9092496],[-92.7921339,44.9092004],[-92.7923064,44.909211],[-92.7925285,44.9092084],[-92.793101,44.9091813],[-92.7935817,44.9091454],[-92.7937608,44.9091186],[-92.7939042,44.9090884],[-92.7944133,44.9089344],[-92.794508,44.9089103],[-92.7946191,44.9088918],[-92.7947871,44.9088852],[-92.7949513,44.9088957],[-92.796893,44.9091155],[-92.7969887,44.9091353],[-92.7970422,44.9091574],[-92.797076,44.9091779],[-92.7971313,44.9092331],[-92.7971606,44.9092749],[-92.7971799,44.9093143],[-92.7971906,44.9093562],[-92.7971922,44.9094513],[-92.7971573,44.9094758],[-92.7971161,44.9094873],[-92.7968318,44.9094865],[-92.7968272,44.9093906],[-92.796839,44.9092591],[-92.7968168,44.9092258],[-92.7967707,44.9092054],[-92.7967273,44.9092004],[-92.7964496,44.909201],[-92.7962378,44.9091863],[-92.7961347,44.9091832],[-92.7959998,44.9091918],[-92.795904,44.909213],[-92.79578,44.9092782],[-92.7957003,44.9093132],[-92.7956014,44.9093478],[-92.795425,44.9093939],[-92.7953796,44.9094139],[-92.7953453,44.909437],[-92.7953208,44.9094624],[-92.7952958,44.9095156],[-92.7952942,44.9095655],[-92.7953057,44.9096041],[-92.7953292,44.9096329],[-92.7954417,44.9097108],[-92.7954653,44.9097373],[-92.7950978,44.9098358],[-92.7950625,44.909798],[-92.7950241,44.9097274],[-92.7950074,44.9096771],[-92.7949832,44.909565],[-92.7949539,44.9095249],[-92.794931,44.9095061],[-92.7948661,44.9094726],[-92.7948228,44.9094583],[-92.7947116,44.909436],[-92.7946519,44.9094319],[-92.7946005,44.9094365],[-92.7945558,44.9094479],[-92.7945159,44.9094647],[-92.7943717,44.9095533],[-92.794331,44.9095727],[-92.7941126,44.9096388],[-92.793983,44.9096862],[-92.793857,44.9097433],[-92.7937476,44.9098088],[-92.7936634,44.9098815],[-92.7935568,44.9099957],[-92.7934853,44.9101015],[-92.7934674,44.9101593],[-92.7934697,44.9101825],[-92.7934865,44.9102282],[-92.7935153,44.9102768],[-92.7935622,44.9103222],[-92.7935944,44.9103417],[-92.7936335,44.910358],[-92.7936802,44.9103704],[-92.7937353,44.9103782],[-92.7938535,44.910382],[-92.7939675,44.9103749],[-92.794074,44.9103593],[-92.7941694,44.910338],[-92.7942503,44.9103136],[-92.7942857,44.910299],[-92.7943519,44.9102589],[-92.79444,44.9101758],[-92.7944917,44.9101088],[-92.7945381,44.9100357],[-92.7946477,44.9099914],[-92.7950042,44.9098958],[-92.795002,44.9099608],[-92.7950134,44.910009],[-92.7950358,44.9100424],[-92.7950503,44.9100542],[-92.7950843,44.9100689],[-92.7951265,44.9100741],[-92.7951936,44.9100747],[-92.7954266,44.9100607],[-92.7955662,44.9100412],[-92.7956519,44.9100136],[-92.7957315,44.9099758],[-92.7958034,44.9099329],[-92.7958931,44.90987],[-92.7959384,44.9098271],[-92.7959722,44.9097768],[-92.7959956,44.9097228],[-92.7960161,44.9096169],[-92.7961421,44.9095852],[-92.7962744,44.9095579],[-92.7964352,44.9095305],[-92.7965213,44.9095217],[-92.7966746,44.9095161],[-92.7971049,44.9095207],[-92.7971386,44.909524],[-92.7971641,44.9095326],[-92.797189,44.909548],[-92.797161,44.9105045],[-92.7971329,44.9105156],[-92.7970967,44.9105205],[-92.7967,44.9105202],[-92.7966441,44.9104951],[-92.7965778,44.9104882],[-92.7965427,44.9104908],[-92.7964719,44.9105062],[-92.7964056,44.9105331],[-92.7963759,44.9105501],[-92.7962836,44.9106271],[-92.7962225,44.9106933],[-92.7961719,44.9107592],[-92.7961404,44.9108146],[-92.7961339,44.910853],[-92.7961507,44.9109122],[-92.7961804,44.9109539],[-92.7962274,44.9109952],[-92.7962582,44.9110152],[-92.7963327,44.9110512],[-92.7964091,44.9110738],[-92.796516,44.9110862],[-92.7966052,44.9110828],[-92.7966741,44.9110698],[-92.7967174,44.9110516],[-92.7967773,44.9110134],[-92.7968279,44.910968],[-92.7968573,44.9109248],[-92.7968974,44.9108328],[-92.7969378,44.9106982],[-92.7969445,44.9106344],[-92.7969392,44.9105506],[-92.7971099,44.9105516],[-92.7971388,44.9105576],[-92.7971597,44.9105672],[-92.7971376,44.9118555],[-92.797135,44.9118734],[-92.7971191,44.9118968],[-92.7970915,44.9119124],[-92.7970679,44.9119165],[-92.7968419,44.9119241],[-92.7968058,44.9119053],[-92.7967005,44.9117923],[-92.7967551,44.9117511],[-92.7967727,44.9117275],[-92.7967928,44.9116777],[-92.7967987,44.911629],[-92.7967932,44.9115542],[-92.7967804,44.9115183],[-92.7967556,44.9114786],[-92.796693,44.9114165],[-92.7966321,44.9113764],[-92.7965951,44.9113584],[-92.7965543,44.9113432],[-92.7964666,44.9113204],[-92.7963396,44.9113025],[-92.7962498,44.9113004],[-92.7962096,44.9113095],[-92.7961531,44.911344],[-92.7961248,44.9113786],[-92.7961092,44.9114205],[-92.7961107,44.911469],[-92.7961292,44.9115246],[-92.7961612,44.9115821],[-92.7962033,44.9116357],[-92.7962521,44.9116793],[-92.7964017,44.9117575],[-92.7964953,44.9117981],[-92.7965411,44.911811],[-92.7966094,44.9118166],[-92.7966618,44.9118104],[-92.7967442,44.9119034],[-92.7967439,44.9119154],[-92.7967333,44.9119255],[-92.7963339,44.9119271],[-92.79594,44.9119401],[-92.7959004,44.9119126],[-92.7958429,44.9118315],[-92.795885,44.9117814],[-92.7958962,44.9117559],[-92.7959026,44.9117056],[-92.7958827,44.9116383],[-92.7958582,44.9116034],[-92.7958404,44.911588],[-92.7957383,44.9115368],[-92.7955785,44.9114815],[-92.7953808,44.9114267],[-92.7952502,44.9114046],[-92.7951912,44.9114019],[-92.7950829,44.9114084],[-92.7948906,44.9114418],[-92.7947968,44.9114525],[-92.7945326,44.9114522],[-92.7944235,44.9114629],[-92.79437,44.9114749],[-92.7942598,44.9115186],[-92.7941744,44.9115688],[-92.7941292,44.9116078],[-92.7941128,44.9116284],[-92.7940969,44.9116712],[-92.7920362,44.9119843],[-92.7920359,44.9119088],[-92.7920348,44.9118762],[-92.7920326,44.9118425],[-92.792029,44.9118091],[-92.7920236,44.9117774],[-92.7920161,44.9117491],[-92.7920062,44.9117255],[-92.7919934,44.9117083],[-92.7919787,44.9116947],[-92.7919626,44.9116812],[-92.7919449,44.9116682],[-92.7919251,44.9116558],[-92.7920671,44.9115559]]]}},{"type":"Feature","id":"way/1344666217","properties":{"natural":"wood","osm_type":"way","osm_id":1344666217},"geometry":{"type":"Polygon","coordinates":[[[-92.7902934,44.9083691],[-92.7902608,44.9084364],[-92.790147,44.9085747],[-92.790069,44.9085185],[-92.7899794,44.9084655],[-92.7898806,44.9084164],[-92.7897749,44.9083714],[-92.7896648,44.9083312],[-92.7895526,44.9082961],[-92.7894406,44.9082666],[-92.7893313,44.9082432],[-92.7892269,44.9082263],[-92.7891299,44.9082164],[-92.7890359,44.9082081],[-92.7889405,44.9081958],[-92.7888456,44.9081795],[-92.7887532,44.9081593],[-92.7886655,44.9081352],[-92.7885844,44.9081075],[-92.788512,44.908076],[-92.7884503,44.9080409],[-92.7884015,44.9080023],[-92.7883674,44.9079602],[-92.7882927,44.9078363],[-92.788219,44.9077169],[-92.7881487,44.9076068],[-92.7880844,44.9075105],[-92.7880289,44.9074329],[-92.7879846,44.9073787],[-92.7879411,44.9073366],[-92.7878878,44.9072931],[-92.7878271,44.9072493],[-92.7877616,44.907206],[-92.7876937,44.9071642],[-92.7876259,44.9071251],[-92.7875605,44.9070895],[-92.7875001,44.9070584],[-92.787447,44.9070329],[-92.7874039,44.9070139],[-92.7873665,44.9070011],[-92.7873293,44.9069931],[-92.787293,44.9069894],[-92.7872581,44.9069892],[-92.7872249,44.9069921],[-92.7871941,44.9069974],[-92.7871662,44.9070046],[-92.7871416,44.907013],[-92.7871209,44.9070221],[-92.7871045,44.9070313],[-92.7870166,44.9069892],[-92.7868966,44.906946],[-92.7868599,44.9069234],[-92.7868384,44.9068984],[-92.7868274,44.9068728],[-92.7868231,44.9068299],[-92.7868295,44.9068038],[-92.787306,44.9067963],[-92.787411,44.9067997],[-92.7875541,44.9068207],[-92.7876696,44.9068571],[-92.7877643,44.9068986],[-92.7878275,44.9069326],[-92.7885016,44.9073291],[-92.7902934,44.9083691]]]}},{"type":"Feature","id":"way/1344666218","properties":{"natural":"grassland","osm_type":"way","osm_id":1344666218},"geometry":{"type":"Polygon","coordinates":[[[-92.787051,44.9088745],[-92.7870044,44.9087996],[-92.7869561,44.9087344],[-92.7869061,44.9086781],[-92.7868543,44.9086298],[-92.7868007,44.9085888],[-92.7867453,44.9085542],[-92.7866879,44.9085252],[-92.7866286,44.9085009],[-92.7865673,44.9084806],[-92.786504,44.9084634],[-92.78644,44.9084412],[-92.7863772,44.908408],[-92.7863166,44.9083655],[-92.7862592,44.9083158],[-92.7862059,44.9082606],[-92.7861577,44.9082018],[-92.7861156,44.9081415],[-92.7860803,44.9080814],[-92.786053,44.9080234],[-92.7860346,44.9079695],[-92.7860264,44.9079127],[-92.7860282,44.9078467],[-92.7860386,44.9077742],[-92.7860562,44.9076979],[-92.7860795,44.9076204],[-92.7861072,44.9075444],[-92.7861378,44.9074725],[-92.78617,44.9074074],[-92.7862022,44.9073518],[-92.7862331,44.9073084],[-92.7862718,44.9072729],[-92.7863258,44.907239],[-92.7863917,44.9072062],[-92.7864656,44.9071741],[-92.7866232,44.9071101],[-92.7866996,44.9070772],[-92.7867696,44.907043],[-92.7868296,44.9070071],[-92.7868758,44.9069691],[-92.7869056,44.9069805],[-92.7869975,44.907013],[-92.787054,44.9070383],[-92.7871034,44.9070675],[-92.7871431,44.9071013],[-92.7871717,44.9071405],[-92.7871984,44.9071982],[-92.7872122,44.9072691],[-92.7872112,44.9073317],[-92.7871976,44.9073698],[-92.7871717,44.9074035],[-92.7870359,44.9075032],[-92.7869814,44.9074719],[-92.7869275,44.9074513],[-92.7868757,44.9074394],[-92.7868275,44.9074344],[-92.7867637,44.9074364],[-92.7867009,44.9074495],[-92.7866645,44.9074653],[-92.7866383,44.9074875],[-92.7866306,44.907501],[-92.7866139,44.9075966],[-92.7865832,44.9077131],[-92.7865168,44.9078837],[-92.7865117,44.907914],[-92.7865199,44.9079762],[-92.7865525,44.9080328],[-92.7865778,44.9080561],[-92.786609,44.9080745],[-92.7866461,44.9080868],[-92.7867331,44.9080921],[-92.7868458,44.9080794],[-92.7869072,44.9080588],[-92.7869602,44.9080275],[-92.7870069,44.9079846],[-92.7870757,44.9078975],[-92.7871403,44.9077997],[-92.787196,44.907695],[-92.7872106,44.9076295],[-92.7872063,44.9075522],[-92.7871896,44.9075011],[-92.7871594,44.9074555],[-92.787215,44.9074066],[-92.7872406,44.9073656],[-92.7872517,44.9073191],[-92.787246,44.9072309],[-92.7872285,44.9071717],[-92.7871931,44.9071078],[-92.7871544,44.9070662],[-92.7871045,44.9070313],[-92.7871209,44.9070221],[-92.7871416,44.907013],[-92.7871662,44.9070046],[-92.7871941,44.9069974],[-92.7872249,44.9069921],[-92.7872581,44.9069892],[-92.787293,44.9069894],[-92.7873293,44.9069931],[-92.7873665,44.9070011],[-92.7874039,44.9070139],[-92.787447,44.9070329],[-92.7875001,44.9070584],[-92.7875605,44.9070895],[-92.7876259,44.9071251],[-92.7876937,44.9071642],[-92.7877616,44.907206],[-92.7878271,44.9072493],[-92.7878878,44.9072931],[-92.7879411,44.9073366],[-92.7879846,44.9073787],[-92.7880289,44.9074329],[-92.7880844,44.9075105],[-92.7881487,44.9076068],[-92.788219,44.9077169],[-92.7882927,44.9078363],[-92.7883674,44.9079602],[-92.7884015,44.9080023],[-92.7884503,44.9080409],[-92.788512,44.908076],[-92.7885844,44.9081075],[-92.7886655,44.9081352],[-92.7887532,44.9081593],[-92.7888456,44.9081795],[-92.7889405,44.9081958],[-92.7890359,44.9082081],[-92.7891299,44.9082164],[-92.7892269,44.9082263],[-92.7893313,44.9082432],[-92.7894406,44.9082666],[-92.7895526,44.9082961],[-92.7896648,44.9083312],[-92.7897749,44.9083714],[-92.7898806,44.9084164],[-92.7899794,44.9084655],[-92.790069,44.9085185],[-92.790147,44.9085747],[-92.7900871,44.9086818],[-92.790052,44.9088271],[-92.7900248,44.9088842],[-92.7899549,44.90896],[-92.7899148,44.9089887],[-92.7898763,44.9090072],[-92.7898082,44.9090303],[-92.7897277,44.9090442],[-92.7896322,44.9089689],[-92.7895269,44.9088433],[-92.7895021,44.9088177],[-92.7894699,44.9087953],[-92.7894317,44.9087766],[-92.7893438,44.9087513],[-92.7892508,44.9087448],[-92.7892062,44.9087495],[-92.7891649,44.9087601],[-92.7891286,44.9087768],[-92.7890973,44.9087982],[-92.789047,44.9088478],[-92.7890116,44.9089023],[-92.7889893,44.908957],[-92.7889786,44.9090069],[-92.788979,44.9090486],[-92.7889961,44.9090876],[-92.7890273,44.9091233],[-92.7890688,44.9091537],[-92.789142,44.9091852],[-92.7891968,44.9091969],[-92.789289,44.9092056],[-92.7893522,44.9092062],[-92.7894411,44.9092004],[-92.7894991,44.9091895],[-92.7895925,44.9091572],[-92.7896821,44.9091096],[-92.7897332,44.9090713],[-92.7898215,44.909056],[-92.7899118,44.9090238],[-92.7899608,44.9089964],[-92.789985,44.9089772],[-92.7900524,44.9089066],[-92.7900586,44.9089359],[-92.7900633,44.9089628],[-92.7900667,44.9089878],[-92.7900687,44.9090112],[-92.7900693,44.9090335],[-92.7900687,44.909055],[-92.7900668,44.9090761],[-92.7900637,44.9090973],[-92.7900594,44.909119],[-92.7900539,44.9091415],[-92.7900452,44.9091692],[-92.7900315,44.9092047],[-92.7900138,44.9092464],[-92.7899928,44.9092926],[-92.7899693,44.9093414],[-92.7899441,44.909391],[-92.7899182,44.9094398],[-92.7898922,44.9094859],[-92.789867,44.9095277],[-92.7898434,44.9095632],[-92.7898153,44.9095954],[-92.7897767,44.9096269],[-92.7897281,44.9096564],[-92.7896702,44.9096824],[-92.7896037,44.9097033],[-92.7895292,44.9097178],[-92.7894474,44.9097243],[-92.789359,44.9097213],[-92.7892645,44.9097074],[-92.7891648,44.909681],[-92.7890633,44.9096523],[-92.7889631,44.9096316],[-92.7888646,44.909618],[-92.7887677,44.9096108],[-92.7886726,44.9096091],[-92.7885794,44.909612],[-92.7884883,44.9096186],[-92.7883994,44.9096281],[-92.7883128,44.9096397],[-92.7882287,44.9096525],[-92.788144,44.9096635],[-92.7880567,44.9096701],[-92.7879683,44.9096721],[-92.7878805,44.9096693],[-92.7877948,44.9096616],[-92.7877129,44.9096487],[-92.7876362,44.9096305],[-92.7875663,44.9096069],[-92.7875049,44.9095775],[-92.7874535,44.9095424],[-92.7874088,44.9094983],[-92.7873661,44.909444],[-92.787325,44.9093813],[-92.7872851,44.9093122],[-92.7872462,44.9092387],[-92.7871693,44.9090864],[-92.7871306,44.9090116],[-92.7870913,44.9089403],[-92.787051,44.9088745]]]}},{"type":"Feature","id":"way/1344666219","properties":{"building":"shed","osm_type":"way","osm_id":1344666219},"geometry":{"type":"Polygon","coordinates":[[[-92.7867611,44.9079756],[-92.7868017,44.9079771],[-92.7868059,44.9079216],[-92.7867653,44.90792],[-92.7867611,44.9079756]]]}},{"type":"Feature","id":"way/1344666220","properties":{"landuse":"grass","osm_type":"way","osm_id":1344666220},"geometry":{"type":"Polygon","coordinates":[[[-92.7831691,44.9054895],[-92.7831687,44.9054922],[-92.7831696,44.905502],[-92.783172,44.9055094],[-92.783176,44.9055167],[-92.7831815,44.9055234],[-92.7831931,44.9054807],[-92.783172,44.9054784],[-92.7831691,44.9054895]]]}},{"type":"Feature","id":"way/1344666221","properties":{"building":"shed","osm_type":"way","osm_id":1344666221},"geometry":{"type":"Polygon","coordinates":[[[-92.7839744,44.9053859],[-92.7839736,44.9054249],[-92.7839109,44.9054243],[-92.7839117,44.9053853],[-92.7839744,44.9053859]]]}},{"type":"Feature","id":"way/1344666222","properties":{"amenity":"parking","osm_type":"way","osm_id":1344666222},"geometry":{"type":"Polygon","coordinates":[[[-92.7835198,44.9049667],[-92.7836172,44.90497],[-92.7837126,44.9049722],[-92.7837574,44.9049724],[-92.7837554,44.9050396],[-92.7835187,44.9050354],[-92.7835198,44.9049667]]]}},{"type":"Feature","id":"way/1344666223","properties":{"building":"yes","osm_type":"way","osm_id":1344666223},"geometry":{"type":"Polygon","coordinates":[[[-92.783897,44.9050604],[-92.7839015,44.9051525],[-92.7837704,44.9051557],[-92.7837659,44.9050636],[-92.783897,44.9050604]]]}},{"type":"Feature","id":"way/1344666224","properties":{"building":"shed","osm_type":"way","osm_id":1344666224},"geometry":{"type":"Polygon","coordinates":[[[-92.7836233,44.9053082],[-92.7836076,44.9053213],[-92.7836294,44.9053344],[-92.7836451,44.9053213],[-92.7836233,44.9053082]]]}},{"type":"Feature","id":"way/1344666225","properties":{"access":"private","highway":"service","service":"driveway","osm_type":"way","osm_id":1344666225},"geometry":{"type":"LineString","coordinates":[[-92.783386,44.905836],[-92.7834143,44.9058315],[-92.7835381,44.9058128],[-92.7836844,44.905792],[-92.78371,44.9057897],[-92.7837271,44.9057935],[-92.783734,44.9057973],[-92.7837447,44.9058072],[-92.7837535,44.9058242],[-92.783754,44.9058403],[-92.7837481,44.905852],[-92.783743,44.9058577],[-92.7837282,44.9058679],[-92.7837183,44.905872],[-92.783693,44.9058774],[-92.7836791,44.905878],[-92.7836661,44.9058767],[-92.7836542,44.9058739],[-92.7836334,44.905865],[-92.7836168,44.9058536],[-92.7835952,44.9058332],[-92.783583,44.9058252],[-92.7835604,44.9058162],[-92.7835381,44.9058128]]}},{"type":"Feature","id":"way/1344666226","properties":{"building":"shed","osm_type":"way","osm_id":1344666226},"geometry":{"type":"Polygon","coordinates":[[[-92.7837762,44.9058154],[-92.783808,44.9058154],[-92.783808,44.9057948],[-92.7837762,44.9057948],[-92.7837762,44.9058154]]]}},{"type":"Feature","id":"way/1344666227","properties":{"access":"private","highway":"service","service":"driveway","osm_type":"way","osm_id":1344666227},"geometry":{"type":"LineString","coordinates":[[-92.7835036,44.9061769],[-92.7835269,44.9061732],[-92.7835973,44.9061665],[-92.783666,44.9061646],[-92.78381,44.906167],[-92.7838845,44.9061701],[-92.7839097,44.9061735],[-92.7839362,44.9061816],[-92.7839665,44.9061961],[-92.7839894,44.9062103]]}},{"type":"Feature","id":"way/1344666228","properties":{"building":"garage","osm_type":"way","osm_id":1344666228},"geometry":{"type":"Polygon","coordinates":[[[-92.7841717,44.9062651],[-92.7841699,44.9061754],[-92.7840653,44.9061765],[-92.7840671,44.9062662],[-92.7841717,44.9062651]]]}},{"type":"Feature","id":"way/1344666229","properties":{"access":"private","highway":"service","service":"driveway","osm_type":"way","osm_id":1344666229},"geometry":{"type":"LineString","coordinates":[[-92.7845933,44.9073227],[-92.7843428,44.9072067]]}},{"type":"Feature","id":"way/1344666230","properties":{"building":"shed","osm_type":"way","osm_id":1344666230},"geometry":{"type":"Polygon","coordinates":[[[-92.7848243,44.9063508],[-92.7848863,44.9063425],[-92.7848722,44.9062893],[-92.7848102,44.9062976],[-92.7848243,44.9063508]]]}},{"type":"Feature","id":"way/1344666231","properties":{"natural":"wood","osm_type":"way","osm_id":1344666231},"geometry":{"type":"Polygon","coordinates":[[[-92.7850714,44.9068986],[-92.7850514,44.9068451],[-92.7850605,44.9068102],[-92.785077,44.9067775],[-92.785096,44.9067569],[-92.7851382,44.9067415],[-92.7851636,44.9067375],[-92.7851924,44.906741],[-92.7852127,44.9067769],[-92.7852136,44.9068104],[-92.7852065,44.9068337],[-92.7851347,44.9069437],[-92.7851203,44.9069496],[-92.7851091,44.9069455],[-92.7850714,44.9068986]]]}},{"type":"Feature","id":"way/1344666232","properties":{"access":"private","highway":"service","service":"driveway","osm_type":"way","osm_id":1344666232},"geometry":{"type":"LineString","coordinates":[[-92.7851294,44.9070729],[-92.7851254,44.9070612],[-92.7851207,44.9070412],[-92.7851201,44.9070243],[-92.7851231,44.9070088],[-92.7851334,44.9069849],[-92.7852124,44.9068679],[-92.7852286,44.9068387],[-92.7852367,44.9068123],[-92.7852376,44.9067865],[-92.7852357,44.9067744],[-92.7852279,44.9067526],[-92.7852223,44.9067433],[-92.7852085,44.906729],[-92.7851995,44.9067244],[-92.7851883,44.9067217],[-92.7851611,44.9067211],[-92.7851312,44.9067258],[-92.7851029,44.9067341],[-92.7850804,44.9067446],[-92.7850716,44.9067514],[-92.7850559,44.9067705],[-92.7850381,44.9068058],[-92.7850309,44.9068279],[-92.7850284,44.906851],[-92.785032,44.9068671],[-92.7850393,44.9068856],[-92.7850565,44.9069148],[-92.7850819,44.9069466],[-92.7851009,44.9069758],[-92.7851164,44.9070072],[-92.7851201,44.9070243]]}},{"type":"Feature","id":"way/1344666233","properties":{"building":"garage","osm_type":"way","osm_id":1344666233},"geometry":{"type":"Polygon","coordinates":[[[-92.7850675,44.9067198],[-92.7851102,44.9066539],[-92.7850173,44.9066236],[-92.7849745,44.9066896],[-92.7850675,44.9067198]]]}},{"type":"Feature","id":"way/1344666234","properties":{"natural":"wood","osm_type":"way","osm_id":1344666234},"geometry":{"type":"Polygon","coordinates":[[[-92.7869204,44.9067471],[-92.7873825,44.9067434],[-92.7873983,44.9067096],[-92.7873915,44.9066587],[-92.7873632,44.9066089],[-92.787261,44.906463],[-92.7870578,44.9065288],[-92.7869671,44.9065647],[-92.7869183,44.9065901],[-92.7868898,44.9066324],[-92.7868832,44.9066697],[-92.7868919,44.9067094],[-92.7869204,44.9067471]]]}},{"type":"Feature","id":"way/1344666235","properties":{"access":"private","highway":"service","service":"driveway","osm_type":"way","osm_id":1344666235},"geometry":{"type":"LineString","coordinates":[[-92.7874148,44.9067724],[-92.7874169,44.9067613],[-92.7874208,44.9067288],[-92.7874216,44.9066918],[-92.7874195,44.906671],[-92.7874137,44.906654],[-92.7874023,44.9066313],[-92.7873842,44.906602],[-92.7873099,44.9064987],[-92.7872822,44.9064564],[-92.7872496,44.9063978],[-92.7872282,44.9063462]]}},{"type":"Feature","id":"way/1344666236","properties":{"building":"shed","osm_type":"way","osm_id":1344666236},"geometry":{"type":"Polygon","coordinates":[[[-92.7885645,44.9059079],[-92.7886399,44.9058835],[-92.7885993,44.9058206],[-92.7885239,44.905845],[-92.7885645,44.9059079]]]}},{"type":"Feature","id":"way/1344666237","properties":{"building":"shed","osm_type":"way","osm_id":1344666237},"geometry":{"type":"Polygon","coordinates":[[[-92.7884915,44.9052763],[-92.7885262,44.9053237],[-92.7884872,44.905338],[-92.7884525,44.9052906],[-92.7884915,44.9052763]]]}},{"type":"Feature","id":"way/1344666238","properties":{"leisure":"garden","osm_type":"way","osm_id":1344666238},"geometry":{"type":"Polygon","coordinates":[[[-92.7830577,44.9055464],[-92.7830761,44.9055495],[-92.7831154,44.9054027],[-92.7831349,44.9053187],[-92.7831526,44.9052372],[-92.783169,44.9051567],[-92.7831754,44.9051214],[-92.7831766,44.9051095],[-92.7831766,44.905095],[-92.783171,44.905043],[-92.7831472,44.9050423],[-92.7831363,44.9050614],[-92.7831298,44.9050747],[-92.7831223,44.9050944],[-92.7830939,44.9052486],[-92.7830873,44.9052911],[-92.7830806,44.9053454],[-92.783075,44.9054034],[-92.7830577,44.9055464]]]}},{"type":"Feature","id":"way/1346242956","properties":{"building":"shed","osm_type":"way","osm_id":1346242956},"geometry":{"type":"Polygon","coordinates":[[[-92.7858907,44.9096435],[-92.7859056,44.9096791],[-92.7859573,44.9096682],[-92.7859424,44.9096326],[-92.7858907,44.9096435]]]}},{"type":"Feature","id":"way/1346242957","properties":{"building":"garage","osm_type":"way","osm_id":1346242957},"geometry":{"type":"Polygon","coordinates":[[[-92.7854364,44.9093076],[-92.7855292,44.9092792],[-92.7854843,44.9092057],[-92.7853914,44.9092342],[-92.7854364,44.9093076]]]}},{"type":"Feature","id":"way/1346242958","properties":{"building":"shed","osm_type":"way","osm_id":1346242958},"geometry":{"type":"Polygon","coordinates":[[[-92.7855046,44.909379],[-92.7855194,44.9094043],[-92.7855572,44.9093932],[-92.7855424,44.9093679],[-92.7855046,44.909379]]]}},{"type":"Feature","id":"way/1346242959","properties":{"building":"house","osm_type":"way","osm_id":1346242959},"geometry":{"type":"Polygon","coordinates":[[[-92.7852566,44.9095065],[-92.785263,44.909517],[-92.7852534,44.9095199],[-92.7852684,44.9095446],[-92.7852781,44.9095416],[-92.7853213,44.9096125],[-92.7853893,44.9095917],[-92.785399,44.9096075],[-92.7855252,44.9095689],[-92.7855024,44.9095315],[-92.7855202,44.9095261],[-92.7855031,44.9094979],[-92.7854857,44.9095033],[-92.7854748,44.9094855],[-92.7854399,44.9094962],[-92.7854159,44.9094568],[-92.7854044,44.9094603],[-92.7853875,44.9094326],[-92.7853956,44.9094301],[-92.7853674,44.9093838],[-92.7852688,44.909414],[-92.7852973,44.9094606],[-92.7853055,44.9094581],[-92.7853227,44.9094863],[-92.7852566,44.9095065]]]}},{"type":"Feature","id":"way/1346242960","properties":{"building":"house","osm_type":"way","osm_id":1346242960},"geometry":{"type":"Polygon","coordinates":[[[-92.7891175,44.9089111],[-92.7892039,44.9089953],[-92.7891755,44.9090099],[-92.7892587,44.9090909],[-92.7892868,44.9090765],[-92.7894022,44.9091069],[-92.7894538,44.9090029],[-92.7893673,44.9089801],[-92.789346,44.9089593],[-92.7893524,44.908956],[-92.7893271,44.9089314],[-92.7893339,44.9089279],[-92.7893009,44.9088958],[-92.7892886,44.9089021],[-92.7892397,44.9088545],[-92.7891898,44.9088802],[-92.7891856,44.9088761],[-92.7891175,44.9089111]]]}},{"type":"Feature","id":"way/1346242961","properties":{"building":"house","osm_type":"way","osm_id":1346242961},"geometry":{"type":"Polygon","coordinates":[[[-92.7907808,44.909729],[-92.7907131,44.9097209],[-92.7907124,44.9097238],[-92.7906084,44.9097114],[-92.7906064,44.9097197],[-92.7905362,44.9097114],[-92.7905432,44.909682],[-92.7905072,44.9096778],[-92.7905277,44.9095913],[-92.7905945,44.9095993],[-92.7905969,44.909589],[-92.7906437,44.9095946],[-92.7906425,44.9095994],[-92.7906937,44.9096055],[-92.7906925,44.9096106],[-92.7907032,44.9096118],[-92.7907102,44.9095822],[-92.7908126,44.9095944],[-92.7907808,44.909729]]]}},{"type":"Feature","id":"way/1346242964","properties":{"building":"shed","osm_type":"way","osm_id":1346242964},"geometry":{"type":"Polygon","coordinates":[[[-92.7910701,44.9095516],[-92.7910628,44.9095803],[-92.7910967,44.9095846],[-92.791104,44.9095559],[-92.7910701,44.9095516]]]}},{"type":"Feature","id":"way/1346242965","properties":{"building":"roof","osm_type":"way","osm_id":1346242965},"geometry":{"type":"Polygon","coordinates":[[[-92.791542,44.9097094],[-92.7915411,44.9096839],[-92.7914435,44.9096857],[-92.7914445,44.9097111],[-92.791542,44.9097094]]]}},{"type":"Feature","id":"way/1346242966","properties":{"building":"house","osm_type":"way","osm_id":1346242966},"geometry":{"type":"Polygon","coordinates":[[[-92.7922447,44.9100574],[-92.792108,44.9100593],[-92.792099,44.9097275],[-92.7921305,44.9097271],[-92.7921301,44.9097096],[-92.7921779,44.909709],[-92.7921752,44.9096116],[-92.7922325,44.9096108],[-92.7922447,44.9100574]]]}},{"type":"Feature","id":"way/1346242967","properties":{"building":"garage","osm_type":"way","osm_id":1346242967},"geometry":{"type":"Polygon","coordinates":[[[-92.7919128,44.9096665],[-92.7920841,44.9096642],[-92.7920813,44.9095571],[-92.7919099,44.9095594],[-92.7919128,44.9096665]]]}},{"type":"Feature","id":"way/1346242968","properties":{"access":"private","highway":"service","service":"driveway","osm_type":"way","osm_id":1346242968},"geometry":{"type":"LineString","coordinates":[[-92.7920891,44.9091678],[-92.7920854,44.9091813],[-92.7920524,44.9092921],[-92.7920344,44.9093332],[-92.7920099,44.9093771],[-92.7919957,44.9094091],[-92.7919844,44.9094459],[-92.7919798,44.9094792]]}},{"type":"Feature","id":"way/1346242969","properties":{"building":"house","osm_type":"way","osm_id":1346242969},"geometry":{"type":"Polygon","coordinates":[[[-92.7919256,44.9082885],[-92.7919824,44.9082756],[-92.7919653,44.908238],[-92.7920366,44.9082217],[-92.7920146,44.9081732],[-92.792043,44.9081668],[-92.7920221,44.9081209],[-92.7918715,44.9081551],[-92.7918933,44.908203],[-92.7918748,44.9082072],[-92.7918944,44.9082504],[-92.791907,44.9082476],[-92.7919256,44.9082885]]]}},{"type":"Feature","id":"way/1346242970","properties":{"building":"house","osm_type":"way","osm_id":1346242970},"geometry":{"type":"Polygon","coordinates":[[[-92.7901872,44.9075971],[-92.7901638,44.9076183],[-92.790169,44.9076212],[-92.7901044,44.9076795],[-92.7900986,44.9076762],[-92.7900625,44.9077088],[-92.7899605,44.907652],[-92.7901463,44.9074845],[-92.7901946,44.9075114],[-92.7902073,44.9074999],[-92.7902295,44.9075122],[-92.7902627,44.9074823],[-92.7903644,44.9075388],[-92.7903421,44.9075589],[-92.7903788,44.9075793],[-92.7903909,44.9075684],[-92.7904548,44.9076039],[-92.7903476,44.9077006],[-92.7903353,44.9076937],[-92.7903218,44.907706],[-92.7902699,44.9076771],[-92.7902756,44.9076719],[-92.790207,44.9076338],[-92.7902246,44.9076179],[-92.7901872,44.9075971]]]}},{"type":"Feature","id":"way/1346242974","properties":{"access":"private","highway":"service","service":"driveway","osm_type":"way","osm_id":1346242974},"geometry":{"type":"LineString","coordinates":[[-92.7900248,44.9081787],[-92.7900342,44.9081703],[-92.7900713,44.9081335],[-92.7900968,44.9081002],[-92.7901183,44.9080599],[-92.790143,44.9080031],[-92.790153,44.9079728],[-92.7901609,44.9079403],[-92.7901806,44.9078262],[-92.7902068,44.9076907]]}},{"type":"Feature","id":"way/1346299182","properties":{"intermittent":"yes","waterway":"stream","osm_type":"way","osm_id":1346299182},"geometry":{"type":"LineString","coordinates":[[-92.7888828,44.9072892],[-92.7888522,44.9072778],[-92.7886731,44.9071956],[-92.7886073,44.9071572],[-92.7885566,44.9071196],[-92.7884549,44.9070179],[-92.7883179,44.9068639],[-92.7882448,44.9067669],[-92.7882114,44.9067028],[-92.7881984,44.9066445],[-92.7882011,44.906609],[-92.7882137,44.9065634],[-92.7882357,44.9065246],[-92.7882954,44.906453],[-92.788308,44.906416],[-92.7883164,44.9063471],[-92.7883314,44.9063032],[-92.7883503,44.9062694],[-92.7884121,44.9061942],[-92.7884222,44.9061737],[-92.7884271,44.9061531],[-92.7884248,44.9061129],[-92.7884118,44.9060776],[-92.7883866,44.9060422],[-92.7883601,44.906024],[-92.7883016,44.9059982],[-92.7882247,44.9059548],[-92.7881901,44.9059474],[-92.7881322,44.9059471],[-92.7880992,44.9059424],[-92.7880467,44.9059176],[-92.7880081,44.9058832],[-92.7879729,44.9058401],[-92.7878998,44.9057782],[-92.7878804,44.9057474],[-92.7878667,44.9057039],[-92.7878289,44.9056563],[-92.7878035,44.9056373],[-92.787777,44.9056256],[-92.7876622,44.905614],[-92.7876316,44.9056016],[-92.7876029,44.9055624],[-92.787591,44.9055072],[-92.7875632,44.9054786],[-92.7874662,44.9054451],[-92.787406,44.9054182],[-92.7873031,44.905354],[-92.7871664,44.905278],[-92.786986,44.9052245],[-92.7868413,44.9051548],[-92.7867405,44.9051302],[-92.7867049,44.905112],[-92.7865739,44.9050264],[-92.786448,44.9049705],[-92.7863801,44.904958],[-92.7863192,44.9049625],[-92.7861651,44.9050077],[-92.7860253,44.905026],[-92.7858035,44.9050808],[-92.7856322,44.9051148],[-92.7854904,44.9051214],[-92.7852861,44.9051212],[-92.7850627,44.9051087],[-92.7849894,44.9051174],[-92.7849112,44.9051437],[-92.7848039,44.9051992],[-92.7846349,44.905267],[-92.7845105,44.9053364],[-92.7844204,44.9054004],[-92.7843771,44.9054253],[-92.784321,44.9054481],[-92.784255,44.9054653],[-92.7841822,44.9054735],[-92.7840623,44.9054718],[-92.7839338,44.9054772],[-92.7837108,44.9054979],[-92.7835843,44.9055052],[-92.78333,44.9055056]]}},{"type":"Feature","id":"way/1346299183","properties":{"intermittent":"yes","waterway":"stream","osm_type":"way","osm_id":1346299183},"geometry":{"type":"LineString","coordinates":[[-92.7891531,44.9074099],[-92.7890661,44.9073608],[-92.7889737,44.9073224]]}},{"type":"Feature","id":"way/1346299184","properties":{"intermittent":"yes","layer":"-1","tunnel":"culvert","waterway":"stream","osm_type":"way","osm_id":1346299184},"geometry":{"type":"LineString","coordinates":[[-92.7889737,44.9073224],[-92.7888828,44.9072892]]}},{"type":"Feature","id":"way/1346299185","properties":{"intermittent":"yes","layer":"-1","tunnel":"culvert","waterway":"stream","osm_type":"way","osm_id":1346299185},"geometry":{"type":"LineString","coordinates":[[-92.78333,44.9055056],[-92.782813,44.9054799]]}},{"type":"Feature","id":"way/1346299188","properties":{"intermittent":"yes","waterway":"stream","osm_type":"way","osm_id":1346299188},"geometry":{"type":"LineString","coordinates":[[-92.7849961,44.9085218],[-92.7848758,44.9085849],[-92.78477,44.9086599],[-92.7847241,44.908687],[-92.7846253,44.9087273],[-92.7845344,44.9087507]]}},{"type":"Feature","id":"way/1346299189","properties":{"intermittent":"yes","layer":"-1","tunnel":"culvert","waterway":"stream","osm_type":"way","osm_id":1346299189},"geometry":{"type":"LineString","coordinates":[[-92.7845344,44.9087507],[-92.7843562,44.9087852]]}},{"type":"Feature","id":"way/1346428401","properties":{"access":"private","highway":"service","service":"driveway","osm_type":"way","osm_id":1346428401},"geometry":{"type":"LineString","coordinates":[[-92.7971799,44.9092333],[-92.7971935,44.9092288],[-92.7972363,44.909213],[-92.7972894,44.9091905],[-92.7975393,44.9090694],[-92.7975685,44.9090582],[-92.7976041,44.90905],[-92.7976436,44.9090457],[-92.7976849,44.9090463],[-92.7977257,44.9090527]]}},{"type":"Feature","id":"way/1346428402","properties":{"natural":"wood","osm_type":"way","osm_id":1346428402},"geometry":{"type":"Polygon","coordinates":[[[-92.7972367,44.9110553],[-92.7973639,44.9110499],[-92.7974765,44.9110378],[-92.7976117,44.9110133],[-92.7977393,44.9109787],[-92.7978032,44.9109725],[-92.797862,44.9109842],[-92.797894,44.911005],[-92.797916,44.9110372],[-92.7979291,44.9110996],[-92.7979279,44.9111451],[-92.7979027,44.9112885],[-92.7978723,44.9115592],[-92.797847,44.9116339],[-92.7978153,44.9116758],[-92.7977938,44.9116914],[-92.797768,44.9117022],[-92.7976123,44.9117359],[-92.7974402,44.9117593],[-92.7972223,44.9117762],[-92.7972235,44.9118851],[-92.7972413,44.9119819],[-92.7972854,44.9120902],[-92.7973055,44.9121233],[-92.7973348,44.9121566],[-92.7975323,44.9119719],[-92.7976516,44.9118714],[-92.7976887,44.9118505],[-92.7977242,44.9118403],[-92.7977634,44.9118384],[-92.7978093,44.9118448],[-92.7978967,44.9118693],[-92.7980147,44.9119146],[-92.7981398,44.9119729],[-92.7982325,44.9120282],[-92.7982614,44.9120581],[-92.7982879,44.912115],[-92.7982944,44.9121574],[-92.7982888,44.9121985],[-92.7982682,44.912234],[-92.7982178,44.9122785],[-92.7981573,44.9123149],[-92.7980925,44.9123388],[-92.7980272,44.9123484],[-92.7979581,44.9123486],[-92.7978867,44.9123378],[-92.7978163,44.9123163],[-92.7977762,44.9123127],[-92.7977265,44.9123279],[-92.7976712,44.9123734],[-92.7978072,44.9124228],[-92.7979075,44.9124507],[-92.7980118,44.9124715],[-92.7981649,44.9124861],[-92.7983069,44.912481],[-92.7983958,44.9124666],[-92.7984807,44.9124433],[-92.7985995,44.9123921],[-92.7987018,44.9123287],[-92.7987783,44.9122644],[-92.7988274,44.9122032],[-92.7988674,44.9121288],[-92.7989062,44.9120229],[-92.7989402,44.9118688],[-92.7989543,44.9117441],[-92.7989642,44.9115427],[-92.7989195,44.9115275],[-92.7987748,44.9115134],[-92.7987681,44.9115517],[-92.7987267,44.9116357],[-92.7986659,44.91172],[-92.7986249,44.9117591],[-92.7985703,44.9117867],[-92.7984913,44.9118068],[-92.7984461,44.9118109],[-92.798399,44.9118095],[-92.7983514,44.9118012],[-92.7983048,44.9117849],[-92.7982605,44.9117592],[-92.7982199,44.9117231],[-92.7981871,44.9116803],[-92.7981643,44.9116365],[-92.7981499,44.9115924],[-92.798141,44.9115073],[-92.7981557,44.9114005],[-92.7981735,44.9113364],[-92.7982101,44.9112861],[-92.7982453,44.9112561],[-92.7982848,44.9112314],[-92.7983459,44.9112083],[-92.7984277,44.9112009],[-92.7985171,44.9112038],[-92.7987647,44.9112338],[-92.7989643,44.9112487],[-92.798949,44.9109251],[-92.7987191,44.910925],[-92.7985699,44.9109329],[-92.798394,44.9109486],[-92.7983162,44.9109494],[-92.7982481,44.9109431],[-92.7981922,44.910931],[-92.7981511,44.9109147],[-92.7981266,44.9108925],[-92.798116,44.9108245],[-92.7981211,44.9107651],[-92.7981383,44.9106762],[-92.798179,44.9105193],[-92.798206,44.9104383],[-92.798266,44.9103209],[-92.798322,44.9102582],[-92.798388,44.9102175],[-92.7984566,44.9101949],[-92.7985208,44.910185],[-92.7986096,44.9101807],[-92.798642,44.9101669],[-92.7986825,44.910123],[-92.7987057,44.9100556],[-92.7987078,44.9100018],[-92.7987002,44.9099549],[-92.7986819,44.9099179],[-92.7986514,44.9098917],[-92.7986071,44.9098773],[-92.7984493,44.9098669],[-92.7983552,44.9098534],[-92.7982856,44.9098311],[-92.7982599,44.9098047],[-92.7982479,44.9097644],[-92.7982459,44.909714],[-92.7982629,44.9095647],[-92.7982967,44.9094424],[-92.7983473,44.9093076],[-92.7984023,44.9091909],[-92.7984214,44.9091612],[-92.7984673,44.9091169],[-92.798494,44.9091015],[-92.7985543,44.9090826],[-92.7985877,44.9090782],[-92.7986607,44.9090777],[-92.7987744,44.9090936],[-92.7988643,44.909128],[-92.7989112,44.9091579],[-92.798981,44.9092252],[-92.799026,44.9092591],[-92.7991097,44.9093044],[-92.7991927,44.9093365],[-92.7992416,44.9093474],[-92.7993441,44.9093541],[-92.7994588,44.9093527],[-92.7995496,44.9093455],[-92.7996505,44.9092193],[-92.7997354,44.9091238],[-92.800006,44.9088512],[-92.7999658,44.9088129],[-92.7997472,44.9086852],[-92.7997009,44.9087118],[-92.7996581,44.9087291],[-92.7995998,44.9087367],[-92.7995476,44.9087208],[-92.799483,44.9086754],[-92.7994116,44.9086038],[-92.7993775,44.9085477],[-92.7993685,44.9085184],[-92.7993666,44.908489],[-92.7993813,44.9084325],[-92.7993956,44.9084062],[-92.7994348,44.9083583],[-92.7994835,44.9083181],[-92.7995362,44.908287],[-92.79959,44.9082666],[-92.7996543,44.9082579],[-92.7997248,44.9082602],[-92.7997949,44.9082727],[-92.7998577,44.9082945],[-92.799908,44.9083242],[-92.7999503,44.9083584],[-92.799997,44.9084141],[-92.8000143,44.9084521],[-92.8000183,44.908489],[-92.8000007,44.9085456],[-92.799974,44.9085866],[-92.7999098,44.9086536],[-92.7998498,44.9087023],[-92.7999947,44.9087867],[-92.8000566,44.908804],[-92.8004348,44.9084596],[-92.8007939,44.9081619],[-92.8007773,44.9081432],[-92.8007584,44.9081315],[-92.8005237,44.9080463],[-92.8004683,44.9080759],[-92.8004199,44.9080932],[-92.800364,44.9081061],[-92.800302,44.9081126],[-92.8002349,44.9081114],[-92.8001273,44.9081],[-92.800025,44.9080779],[-92.7999679,44.9080574],[-92.7999232,44.908032],[-92.7998628,44.9079825],[-92.7998188,44.9079249],[-92.7998055,44.9078853],[-92.7998104,44.907847],[-92.7998217,44.9078285],[-92.7998594,44.9077935],[-92.7999116,44.9077625],[-92.7999721,44.907737],[-92.8000344,44.9077187],[-92.8001471,44.907706],[-92.8002364,44.9077061],[-92.8003705,44.9077167],[-92.8004475,44.9077292],[-92.8005119,44.9077477],[-92.8005668,44.9077734],[-92.8006104,44.9078039],[-92.8006406,44.9078371],[-92.8006554,44.9078707],[-92.800655,44.9079051],[-92.8006335,44.9079577],[-92.8006097,44.9079893],[-92.8005672,44.9080247],[-92.8007904,44.908106],[-92.800849,44.9081177],[-92.8010064,44.9079937],[-92.8011573,44.9078859],[-92.8015965,44.9076082],[-92.8015956,44.907588],[-92.8015855,44.9075638],[-92.8015004,44.9074651],[-92.8013823,44.907475],[-92.8012958,44.907477],[-92.8012073,44.9074717],[-92.8011206,44.907456],[-92.8010019,44.9074133],[-92.8009023,44.9073669],[-92.8008044,44.9073095],[-92.8007584,44.9072676],[-92.8007374,44.9072295],[-92.8007187,44.9071628],[-92.8007143,44.9071163],[-92.8007188,44.907065],[-92.8007479,44.9070102],[-92.800796,44.9069633],[-92.8008534,44.9069299],[-92.8008824,44.90692],[-92.8009101,44.9069154],[-92.8009352,44.9069169],[-92.8009975,44.9067772],[-92.8009927,44.9067557],[-92.8009727,44.9067351],[-92.8005423,44.9067439],[-92.7998931,44.9067864],[-92.7999287,44.9068855],[-92.799963,44.9069376],[-92.8000052,44.9069817],[-92.800055,44.9070204],[-92.8001421,44.9070739],[-92.8004245,44.9072162],[-92.8004647,44.9072588],[-92.8004824,44.9073089],[-92.8004763,44.9073589],[-92.8004638,44.9073816],[-92.8004449,44.9074015],[-92.8004193,44.9074176],[-92.8003054,44.9074673],[-92.8001641,44.9075215],[-92.8000354,44.9075638],[-92.7999707,44.9075777],[-92.7998996,44.9075799],[-92.799823,44.9075733],[-92.7997476,44.9075606],[-92.7996225,44.907531],[-92.799592,44.9075308],[-92.7995274,44.9075432],[-92.7994639,44.9075672],[-92.7994081,44.9075964],[-92.799349,44.9076368],[-92.7992842,44.9076624],[-92.7992367,44.9076686],[-92.7991915,44.9076642],[-92.7991533,44.9076475],[-92.7991258,44.907621],[-92.7991084,44.9075733],[-92.7991157,44.9075397],[-92.7991257,44.9075232],[-92.79916,44.9074926],[-92.7993524,44.9073759],[-92.7994216,44.9073274],[-92.7994546,44.9072906],[-92.7994916,44.9072187],[-92.799512,44.9071461],[-92.7995139,44.9070897],[-92.7994909,44.9069812],[-92.7994477,44.906839],[-92.7993702,44.9068534],[-92.7992794,44.9068766],[-92.7990891,44.9069373],[-92.7989857,44.9069776],[-92.7988316,44.9070535],[-92.7986463,44.9071518],[-92.7985205,44.9072274],[-92.7983043,44.9073789],[-92.7982061,44.9074652],[-92.7981029,44.9075754],[-92.7980287,44.9076717],[-92.7978167,44.9080225],[-92.7978972,44.9080653],[-92.7980089,44.908108],[-92.7980766,44.9081246],[-92.7981663,44.9081357],[-92.7982246,44.9081321],[-92.7983156,44.9081091],[-92.7983918,44.9080779],[-92.7984576,44.9080403],[-92.7984826,44.9080327],[-92.7985261,44.9080322],[-92.7985782,44.9080485],[-92.7987024,44.9081424],[-92.798789,44.9081744],[-92.7988466,44.9082032],[-92.7988921,44.9082403],[-92.7989193,44.9082821],[-92.7989219,44.9083249],[-92.7989119,44.9083456],[-92.7988621,44.9084102],[-92.798793,44.9084787],[-92.7986982,44.9085452],[-92.798618,44.908585],[-92.7985734,44.9086016],[-92.7984315,44.908638],[-92.7983376,44.9086518],[-92.7982514,44.9086578],[-92.7981715,44.9086565],[-92.7979995,44.9086416],[-92.7977052,44.9086013],[-92.7975655,44.9085641],[-92.7974736,44.9085215],[-92.7973161,44.9086521],[-92.7972154,44.9087144],[-92.7970447,44.9087928],[-92.7966652,44.9089471],[-92.7966324,44.9089643],[-92.79661,44.908984],[-92.796602,44.9090032],[-92.7966046,44.9090117],[-92.7966254,44.9090245],[-92.7969466,44.909062],[-92.7970468,44.9090885],[-92.7970924,44.9091088],[-92.7971365,44.9091355],[-92.7971755,44.9091692],[-92.7972049,44.9092028],[-92.7972729,44.9091818],[-92.797561,44.9090456],[-92.7975786,44.9090188],[-92.7976228,44.9089722],[-92.7977013,44.9089213],[-92.7977789,44.9088954],[-92.7978523,44.9088939],[-92.7979755,44.9089146],[-92.7980511,44.9089424],[-92.7980804,44.9089667],[-92.7981088,44.909002],[-92.7981478,44.9090658],[-92.7981654,44.9091068],[-92.7981716,44.9091396],[-92.7981611,44.9092205],[-92.7981358,44.9093031],[-92.7981071,44.9093601],[-92.7980686,44.9094121],[-92.7980307,44.9094493],[-92.7979814,44.9094816],[-92.7979283,44.9095011],[-92.7978884,44.9095056],[-92.7978541,44.9095044],[-92.7978174,44.9094981],[-92.7977814,44.9094854],[-92.7977499,44.9094664],[-92.7977242,44.9094438],[-92.7976523,44.9093517],[-92.7976162,44.9093307],[-92.7975866,44.9093208],[-92.7975534,44.9093154],[-92.79748,44.9093147],[-92.7972722,44.9093303],[-92.7972773,44.909452],[-92.7972575,44.9100893],[-92.7973671,44.9100886],[-92.7975523,44.9100765],[-92.7977235,44.9100559],[-92.7978742,44.9100286],[-92.7979342,44.9100265],[-92.7979837,44.9100346],[-92.7980183,44.9100538],[-92.7980335,44.9100847],[-92.7980349,44.9101595],[-92.7980233,44.9102896],[-92.7979972,44.9104037],[-92.7979652,44.9104816],[-92.7979286,44.9105506],[-92.7978967,44.9105966],[-92.7978746,44.910616],[-92.7978445,44.9106328],[-92.797808,44.910645],[-92.7977663,44.9106504],[-92.797721,44.910647],[-92.7976287,44.9106177],[-92.7975633,44.9105846],[-92.7975044,44.910548],[-92.7974444,44.9105903],[-92.7973859,44.9106217],[-92.7972428,44.9106612],[-92.7972367,44.9110553]]]}},{"type":"Feature","id":"way/1346428406","properties":{"access":"private","highway":"service","service":"driveway","osm_type":"way","osm_id":1346428406},"geometry":{"type":"LineString","coordinates":[[-92.8000607,44.90885],[-92.8000398,44.9088362],[-92.7999356,44.9087733],[-92.7996871,44.9086291]]}},{"type":"Feature","id":"way/1346428408","properties":{"building":"shed","osm_type":"way","osm_id":1346428408},"geometry":{"type":"Polygon","coordinates":[[[-92.7987247,44.9092119],[-92.7986926,44.9091661],[-92.7986214,44.9091911],[-92.7986535,44.9092369],[-92.7987247,44.9092119]]]}},{"type":"Feature","id":"way/1346428409","properties":{"building":"house","osm_type":"way","osm_id":1346428409},"geometry":{"type":"Polygon","coordinates":[[[-92.7986682,44.9092354],[-92.7987154,44.9093018],[-92.7988003,44.9092716],[-92.7988336,44.9093184],[-92.7989403,44.9092804],[-92.7988324,44.9091287],[-92.7987697,44.909151],[-92.7987936,44.9091847],[-92.7987491,44.9092006],[-92.7987525,44.9092053],[-92.7986682,44.9092354]]]}},{"type":"Feature","id":"way/1346428410","properties":{"building":"garage","osm_type":"way","osm_id":1346428410},"geometry":{"type":"Polygon","coordinates":[[[-92.7995429,44.9086387],[-92.7995033,44.908675],[-92.7995973,44.9087263],[-92.7996368,44.9086901],[-92.7995429,44.9086387]]]}},{"type":"Feature","id":"way/1346428411","properties":{"building":"house","osm_type":"way","osm_id":1346428411},"geometry":{"type":"Polygon","coordinates":[[[-92.7995831,44.9086152],[-92.7997728,44.9084524],[-92.799672,44.9083935],[-92.7994823,44.9085562],[-92.7995831,44.9086152]]]}},{"type":"Feature","id":"way/1346428412","properties":{"building":"house","osm_type":"way","osm_id":1346428412},"geometry":{"type":"Polygon","coordinates":[[[-92.8000283,44.9079274],[-92.8001414,44.9079515],[-92.8001679,44.9078893],[-92.8001877,44.9078935],[-92.8002445,44.90776],[-92.8001115,44.9077316],[-92.8000283,44.9079274]]]}},{"type":"Feature","id":"way/1346428414","properties":{"building":"garage","osm_type":"way","osm_id":1346428414},"geometry":{"type":"Polygon","coordinates":[[[-92.8008233,44.907028],[-92.8007762,44.9070905],[-92.800878,44.907129],[-92.8009252,44.9070665],[-92.8008233,44.907028]]]}},{"type":"Feature","id":"way/1346428415","properties":{"building":"house","osm_type":"way","osm_id":1346428415},"geometry":{"type":"Polygon","coordinates":[[[-92.7999185,44.9071622],[-92.7999918,44.9072287],[-92.7998473,44.9073086],[-92.7998948,44.9073517],[-92.7998389,44.9073826],[-92.7998046,44.9073514],[-92.7997644,44.9073736],[-92.7996867,44.907303],[-92.7997459,44.9072703],[-92.7997372,44.9072624],[-92.7999185,44.9071622]]]}},{"type":"Feature","id":"way/1346428416","properties":{"building":"shed","osm_type":"way","osm_id":1346428416},"geometry":{"type":"Polygon","coordinates":[[[-92.7985213,44.9080896],[-92.7985309,44.9080679],[-92.7984935,44.9080597],[-92.798484,44.9080814],[-92.7985213,44.9080896]]]}},{"type":"Feature","id":"way/1346428417","properties":{"leisure":"swimming_pool","osm_type":"way","osm_id":1346428417},"geometry":{"type":"Polygon","coordinates":[[[-92.7985075,44.9084],[-92.7985858,44.9084037],[-92.7985972,44.9082822],[-92.7985188,44.9082785],[-92.7985075,44.9084]]]}},{"type":"Feature","id":"way/1346428418","properties":{"building":"house","osm_type":"way","osm_id":1346428418},"geometry":{"type":"Polygon","coordinates":[[[-92.7983531,44.9083015],[-92.7982946,44.908392],[-92.7983257,44.9084021],[-92.7983074,44.9084304],[-92.7983162,44.9084332],[-92.7982892,44.908475],[-92.7983036,44.9084797],[-92.7982919,44.9084978],[-92.7983157,44.9085055],[-92.798293,44.9085406],[-92.7983624,44.9085631],[-92.7983848,44.9085286],[-92.7984036,44.9085347],[-92.7984223,44.9085058],[-92.7984456,44.9085134],[-92.7984883,44.9084472],[-92.7984291,44.908428],[-92.7984224,44.9084137],[-92.798406,44.9084083],[-92.7984539,44.9083342],[-92.7983531,44.9083015]]]}},{"type":"Feature","id":"way/1346428419","properties":{"building":"house","osm_type":"way","osm_id":1346428419},"geometry":{"type":"Polygon","coordinates":[[[-92.7977839,44.9091065],[-92.7978148,44.9090488],[-92.7978929,44.9090698],[-92.7978957,44.9090645],[-92.7979827,44.9090879],[-92.7979709,44.9091099],[-92.7979752,44.9091111],[-92.7979572,44.9091447],[-92.7980092,44.9091587],[-92.7979819,44.9092097],[-92.7979274,44.9091951],[-92.7979166,44.9092153],[-92.7978078,44.9091861],[-92.7978421,44.9091222],[-92.7977839,44.9091065]]]}},{"type":"Feature","id":"way/1346428420","properties":{"building":"shed","osm_type":"way","osm_id":1346428420},"geometry":{"type":"Polygon","coordinates":[[[-92.7979151,44.9094979],[-92.7979555,44.9094405],[-92.7978857,44.9094159],[-92.7978453,44.9094733],[-92.7979151,44.9094979]]]}},{"type":"Feature","id":"way/1346428431","properties":{"natural":"wood","osm_type":"way","osm_id":1346428431},"geometry":{"type":"Polygon","coordinates":[[[-92.7887677,44.9096108],[-92.7882486,44.9105354],[-92.7881715,44.910503],[-92.7880876,44.9104729],[-92.7879983,44.9104463],[-92.7879045,44.9104245],[-92.7877117,44.9103928],[-92.7876205,44.9103717],[-92.7875342,44.9103468],[-92.787453,44.9103197],[-92.7873771,44.910292],[-92.7872418,44.910241],[-92.7871829,44.910221],[-92.78713,44.9102066],[-92.7870834,44.9101996],[-92.7870366,44.9101948],[-92.7869843,44.9101862],[-92.7869278,44.9101741],[-92.7868686,44.910159],[-92.7868081,44.9101412],[-92.7867479,44.910121],[-92.7866895,44.9100987],[-92.7866342,44.9100747],[-92.7865835,44.9100493],[-92.7864986,44.9099985],[-92.7864589,44.9099784],[-92.7864182,44.9099627],[-92.7863748,44.9099509],[-92.7863273,44.9099429],[-92.7862741,44.9099386],[-92.7862137,44.9099376],[-92.7861443,44.9099397],[-92.7860646,44.9099448],[-92.7858731,44.9099609],[-92.7857705,44.9099676],[-92.7856658,44.9099728],[-92.78556,44.9099768],[-92.7854539,44.9099796],[-92.7853482,44.9099815],[-92.7852438,44.9099827],[-92.7849466,44.9099831],[-92.7848635,44.9097483],[-92.7848215,44.9096323],[-92.7847609,44.9094728],[-92.7847989,44.9094442],[-92.7848396,44.9094293],[-92.7850102,44.9094136],[-92.7850301,44.9095148],[-92.785033,44.9096131],[-92.7850407,44.9096482],[-92.7850563,44.9096777],[-92.7850778,44.9097003],[-92.7851028,44.909715],[-92.7851333,44.9097217],[-92.785221,44.9097274],[-92.7853647,44.9097284],[-92.7854444,44.9097228],[-92.7856048,44.9096969],[-92.7856785,44.9096899],[-92.785898,44.9096968],[-92.7859314,44.9096915],[-92.7859549,44.9096819],[-92.7859744,44.9096603],[-92.7859805,44.9096437],[-92.7859814,44.9095962],[-92.7859618,44.9095258],[-92.785915,44.9094332],[-92.7858813,44.9093887],[-92.785843,44.9093473],[-92.785759,44.909275],[-92.7856411,44.9091972],[-92.7855881,44.9091691],[-92.7855443,44.9091555],[-92.7853064,44.909133],[-92.7852442,44.90912],[-92.7851751,44.9090995],[-92.7850639,44.9090548],[-92.7848636,44.9089443],[-92.784763,44.9088994],[-92.7846163,44.9088489],[-92.7845157,44.9088299],[-92.7845107,44.9088028],[-92.7845132,44.908773],[-92.7845698,44.9085979],[-92.7845768,44.908523],[-92.7845007,44.9082734],[-92.7844638,44.9080891],[-92.7844313,44.9078652],[-92.7844289,44.9076974],[-92.7844415,44.907596],[-92.7844721,44.9075143],[-92.7845248,44.907432],[-92.7845953,44.9073606],[-92.7846497,44.9073227],[-92.7847534,44.9072625],[-92.7849336,44.907178],[-92.7854467,44.9069885],[-92.785721,44.9068971],[-92.7857472,44.9069125],[-92.785764,44.906931],[-92.7857764,44.9069671],[-92.7857768,44.9069966],[-92.7857648,44.9070259],[-92.7856882,44.9071436],[-92.7856479,44.9072192],[-92.7854538,44.9072719],[-92.785243,44.9073481],[-92.7851656,44.9073863],[-92.7851385,44.907405],[-92.7851179,44.9074244],[-92.7850931,44.9074644],[-92.7850857,44.9075228],[-92.785101,44.9075874],[-92.7851431,44.9076558],[-92.785196,44.9077076],[-92.7852407,44.9077377],[-92.7852963,44.9077592],[-92.7853621,44.9077694],[-92.7854662,44.9077647],[-92.7855296,44.9077491],[-92.7856109,44.9077097],[-92.785696,44.9076577],[-92.7857797,44.9075948],[-92.7858308,44.9075477],[-92.7858966,44.9074686],[-92.7859317,44.9074145],[-92.7859676,44.9073429],[-92.7859783,44.9073084],[-92.7859749,44.9072774],[-92.7859515,44.9072432],[-92.7859306,44.9072268],[-92.7858672,44.9071992],[-92.7858233,44.9071896],[-92.7857077,44.9071825],[-92.785812,44.9070122],[-92.7858147,44.9069637],[-92.7857989,44.9069136],[-92.7857941,44.9068764],[-92.7859656,44.9068425],[-92.7860906,44.9068277],[-92.7863745,44.9068148],[-92.7867755,44.9068049],[-92.7867894,44.906878],[-92.7868028,44.9069094],[-92.7868302,44.906941],[-92.7868758,44.9069691],[-92.7868296,44.9070071],[-92.7867696,44.907043],[-92.7866996,44.9070772],[-92.7866232,44.9071101],[-92.7864656,44.9071741],[-92.7863917,44.9072062],[-92.7863258,44.907239],[-92.7862718,44.9072729],[-92.7862331,44.9073084],[-92.7862022,44.9073518],[-92.78617,44.9074074],[-92.7861378,44.9074725],[-92.7861072,44.9075444],[-92.7860795,44.9076204],[-92.7860562,44.9076979],[-92.7860386,44.9077742],[-92.7860282,44.9078467],[-92.7860264,44.9079127],[-92.7860346,44.9079695],[-92.786053,44.9080234],[-92.7860803,44.9080814],[-92.7861156,44.9081415],[-92.7861577,44.9082018],[-92.7862059,44.9082606],[-92.7862592,44.9083158],[-92.7863166,44.9083655],[-92.7863772,44.908408],[-92.78644,44.9084412],[-92.786504,44.9084634],[-92.7865673,44.9084806],[-92.7866286,44.9085009],[-92.7866879,44.9085252],[-92.7867453,44.9085542],[-92.7868007,44.9085888],[-92.7868543,44.9086298],[-92.7869061,44.9086781],[-92.7869561,44.9087344],[-92.7870044,44.9087996],[-92.787051,44.9088745],[-92.7870913,44.9089403],[-92.7871306,44.9090116],[-92.7871693,44.9090864],[-92.7872462,44.9092387],[-92.7872851,44.9093122],[-92.787325,44.9093813],[-92.7873661,44.909444],[-92.7874088,44.9094983],[-92.7874535,44.9095424],[-92.7875049,44.9095775],[-92.7875663,44.9096069],[-92.7876362,44.9096305],[-92.7877129,44.9096487],[-92.7877948,44.9096616],[-92.7878805,44.9096693],[-92.7879683,44.9096721],[-92.7880567,44.9096701],[-92.788144,44.9096635],[-92.7882287,44.9096525],[-92.7883128,44.9096397],[-92.7883994,44.9096281],[-92.7884883,44.9096186],[-92.7885794,44.909612],[-92.7886726,44.9096091],[-92.7887677,44.9096108]]]}},{"type":"Feature","id":"way/1346428435","properties":{"building":"house","osm_type":"way","osm_id":1346428435},"geometry":{"type":"Polygon","coordinates":[[[-92.7946444,44.9097552],[-92.7946714,44.9097612],[-92.7946581,44.9097909],[-92.794836,44.9098306],[-92.794864,44.9097676],[-92.7948304,44.9097601],[-92.7948419,44.9097342],[-92.7948081,44.9097267],[-92.7948392,44.9096569],[-92.7947017,44.9096262],[-92.7946444,44.9097552]]]}},{"type":"Feature","id":"way/1346428436","properties":{"building":"house","osm_type":"way","osm_id":1346428436},"geometry":{"type":"Polygon","coordinates":[[[-92.795602,44.9096069],[-92.7954606,44.9095909],[-92.7954687,44.9095546],[-92.7954776,44.9095556],[-92.7954891,44.9095043],[-92.7955092,44.9095065],[-92.7955207,44.9094552],[-92.7955273,44.909456],[-92.7955338,44.909427],[-92.7956338,44.9094383],[-92.7956263,44.909472],[-92.7956322,44.9094726],[-92.795602,44.9096069]]]}},{"type":"Feature","id":"way/1346428437","properties":{"building":"house","osm_type":"way","osm_id":1346428437},"geometry":{"type":"Polygon","coordinates":[[[-92.796146,44.9094685],[-92.7960812,44.9094584],[-92.7960881,44.9094364],[-92.7960224,44.9094261],[-92.7960599,44.9093064],[-92.7961903,44.9093268],[-92.796146,44.9094685]]]}},{"type":"Feature","id":"way/1346428438","properties":{"building":"garage","osm_type":"way","osm_id":1346428438},"geometry":{"type":"Polygon","coordinates":[[[-92.7962829,44.9094801],[-92.7963034,44.9094148],[-92.7962108,44.9094002],[-92.7961902,44.9094654],[-92.7962829,44.9094801]]]}},{"type":"Feature","id":"way/1346688311","properties":{"natural":"wood","osm_type":"way","osm_id":1346688311},"geometry":{"type":"Polygon","coordinates":[[[-92.7996759,44.9093086],[-92.7995272,44.9095073],[-92.7993691,44.9097707],[-92.7992733,44.9099466],[-92.7991998,44.9100994],[-92.7991561,44.910207],[-92.7991642,44.910218],[-92.7991969,44.9102369],[-92.7992402,44.9102414],[-92.7997147,44.9101528],[-92.7997336,44.9100951],[-92.7997742,44.910016],[-92.7998072,44.9099694],[-92.7998618,44.9099111],[-92.7999038,44.9098804],[-92.7999524,44.9098559],[-92.8000032,44.909838],[-92.8000739,44.9098245],[-92.8001724,44.9098308],[-92.8002822,44.9098513],[-92.8004021,44.9098864],[-92.8004747,44.9099196],[-92.8005018,44.9099409],[-92.8005371,44.9099898],[-92.800551,44.9100415],[-92.8005479,44.9100893],[-92.8005323,44.9101265],[-92.8004949,44.9101708],[-92.8004459,44.9102125],[-92.8003874,44.9102481],[-92.8001472,44.9103502],[-92.8000169,44.9104122],[-92.7999435,44.9104373],[-92.7998625,44.9104543],[-92.7997805,44.910461],[-92.7997041,44.910455],[-92.79967,44.9104465],[-92.7996042,44.9104206],[-92.799539,44.9103855],[-92.7994799,44.9103432],[-92.7994318,44.9102955],[-92.7994,44.9102445],[-92.7991266,44.9102913],[-92.7990917,44.9104091],[-92.7990638,44.9105316],[-92.7990392,44.9107594],[-92.799034,44.9109246],[-92.7990525,44.9113598],[-92.8074263,44.9121716],[-92.8075912,44.9119059],[-92.8076099,44.9118788],[-92.8076388,44.9118418],[-92.807672,44.9118032],[-92.8077057,44.9117673],[-92.8077318,44.9117431],[-92.8077785,44.9117044],[-92.8078267,44.9116675],[-92.8078553,44.9116466],[-92.8078706,44.9116362],[-92.8078887,44.9116251],[-92.8079282,44.911603],[-92.8079693,44.9115815],[-92.8080218,44.9115556],[-92.8080478,44.9115436],[-92.8080853,44.9115283],[-92.8081315,44.9115107],[-92.8081809,44.911493],[-92.8082275,44.9114777],[-92.8082951,44.9114587],[-92.8082999,44.9114318],[-92.8082964,44.9114055],[-92.8082537,44.9113401],[-92.8082112,44.911303],[-92.808179,44.9112822],[-92.8081241,44.9112572],[-92.8080816,44.9112446],[-92.8078857,44.9113712],[-92.8078212,44.911398],[-92.8077539,44.9114073],[-92.8076512,44.9113979],[-92.8075711,44.9114041],[-92.8074974,44.9114256],[-92.807405,44.9114708],[-92.8073371,44.9114867],[-92.807267,44.9114866],[-92.8072358,44.9114779],[-92.8072096,44.9114619],[-92.8071904,44.9114377],[-92.8071799,44.911404],[-92.8071757,44.9113286],[-92.807191,44.9112251],[-92.8072237,44.9111387],[-92.807268,44.9110709],[-92.8073513,44.9109784],[-92.8074571,44.9108775],[-92.8075536,44.9108046],[-92.8076144,44.9107772],[-92.8076846,44.9107572],[-92.8077582,44.9107448],[-92.807862,44.9107412],[-92.8079617,44.9107549],[-92.8081398,44.9107889],[-92.8082523,44.910818],[-92.8082948,44.9108372],[-92.8083225,44.9108639],[-92.8083441,44.9109128],[-92.8083457,44.9109612],[-92.8083356,44.9109904],[-92.8082841,44.9110589],[-92.8082299,44.9111145],[-92.808165,44.9111701],[-92.8080938,44.9112186],[-92.8081633,44.9112411],[-92.808239,44.911284],[-92.8082983,44.911339],[-92.8083426,44.911408],[-92.8083641,44.9114259],[-92.8083814,44.9114336],[-92.8084259,44.9114191],[-92.8084618,44.9114055],[-92.808493,44.9113918],[-92.8085229,44.9113773],[-92.8085517,44.9113621],[-92.8085797,44.9113459],[-92.8086073,44.9113286],[-92.8086198,44.91132],[-92.8086457,44.9112993],[-92.8086576,44.9112884],[-92.8086818,44.9112637],[-92.8087042,44.9112378],[-92.8087248,44.9112112],[-92.8088196,44.9110819],[-92.8088649,44.911017],[-92.8089008,44.9109597],[-92.808924,44.9109208],[-92.8089432,44.9108851],[-92.8089529,44.9108631],[-92.8089619,44.910833],[-92.8089699,44.9107971],[-92.8089761,44.9107605],[-92.8089803,44.9107281],[-92.8089827,44.9106868],[-92.8089864,44.9105177],[-92.8089895,44.9104702],[-92.8089931,44.9104383],[-92.8089986,44.910407],[-92.8090069,44.9103756],[-92.8090136,44.9103576],[-92.8090299,44.9103215],[-92.8090492,44.9102855],[-92.8090698,44.9102524],[-92.8090901,44.9102246],[-92.8091206,44.9101884],[-92.8092522,44.910039],[-92.8092864,44.9099985],[-92.8093144,44.9099619],[-92.8093265,44.9099439],[-92.8093505,44.9099036],[-92.809371,44.9098629],[-92.8093169,44.9098312],[-92.8092545,44.9098075],[-92.8091442,44.9097824],[-92.8090608,44.9097761],[-92.8090091,44.9097833],[-92.8089474,44.9098017],[-92.8087887,44.9098694],[-92.8086972,44.9099019],[-92.8086123,44.9099169],[-92.8085495,44.9099228],[-92.8084162,44.9099238],[-92.8082598,44.9099079],[-92.8081229,44.9098813],[-92.8080071,44.9098484],[-92.8078946,44.9098086],[-92.8078218,44.9097904],[-92.8077462,44.9097849],[-92.8075137,44.9097898],[-92.8074283,44.9097761],[-92.8073765,44.9097572],[-92.8073419,44.9097332],[-92.8073025,44.9096822],[-92.8072882,44.9096464],[-92.8072605,44.909644],[-92.807219,44.9096329],[-92.8071926,44.9096151],[-92.8071774,44.9095925],[-92.8071641,44.9095378],[-92.8071627,44.909462],[-92.8071783,44.9093627],[-92.8072033,44.909295],[-92.8072435,44.9092325],[-92.8072979,44.9091717],[-92.8073631,44.9091158],[-92.8074352,44.9090695],[-92.8075108,44.9090373],[-92.8075862,44.9090222],[-92.8076937,44.9090173],[-92.8077585,44.9090255],[-92.8078151,44.909044],[-92.8078613,44.9090739],[-92.8078923,44.9091141],[-92.8079073,44.9091601],[-92.8079108,44.9092067],[-92.8079004,44.9092823],[-92.8078126,44.9094466],[-92.8077942,44.9094988],[-92.8077917,44.9095219],[-92.8077991,44.9095718],[-92.8078166,44.9096295],[-92.8078519,44.9097145],[-92.8078847,44.909776],[-92.8080656,44.9098369],[-92.8081857,44.9098664],[-92.8083225,44.9098887],[-92.808462,44.9098975],[-92.8085864,44.9098922],[-92.8086837,44.9098762],[-92.8087697,44.9098456],[-92.8089295,44.9097774],[-92.8089799,44.9097614],[-92.8090367,44.9097506],[-92.8090812,44.9097486],[-92.8091285,44.9097522],[-92.8093072,44.90979],[-92.8094034,44.9097947],[-92.8096021,44.909367],[-92.8098546,44.9088268],[-92.8099015,44.9087289],[-92.8099413,44.9086487],[-92.8099567,44.9086194],[-92.8099718,44.908594],[-92.8099899,44.908568],[-92.8100102,44.9085419],[-92.8099966,44.9085176],[-92.8099706,44.9084895],[-92.8099561,44.9084556],[-92.8099531,44.9084139],[-92.8099643,44.908127],[-92.8099439,44.9080342],[-92.8099252,44.9079909],[-92.809897,44.9079497],[-92.8098257,44.907879],[-92.8097505,44.9078279],[-92.8092058,44.9075319],[-92.8091374,44.907508],[-92.8090597,44.9075018],[-92.8088863,44.9075355],[-92.8087405,44.9075526],[-92.8083707,44.9075749],[-92.8082206,44.9075734],[-92.8080783,44.9075539],[-92.8075718,44.9074499],[-92.8074872,44.9074237],[-92.8073966,44.9073775],[-92.8073622,44.9073478],[-92.807326,44.9073023],[-92.8072895,44.9072303],[-92.8072677,44.9071442],[-92.8072208,44.9068524],[-92.8071488,44.9068149],[-92.8070983,44.9067713],[-92.8070656,44.9067239],[-92.8070472,44.9066752],[-92.8070383,44.9066036],[-92.8070476,44.9064969],[-92.8070746,44.9064043],[-92.8070946,44.9063742],[-92.8071097,44.9063612],[-92.807173,44.9063297],[-92.8072253,44.9063172],[-92.8072813,44.9063134],[-92.8073383,44.9063198],[-92.8074332,44.9063446],[-92.8074956,44.9063712],[-92.8075504,44.9064061],[-92.8075914,44.9064495],[-92.8076207,44.9065009],[-92.8076525,44.9065838],[-92.807665,44.9066357],[-92.8076696,44.906696],[-92.8076494,44.906749],[-92.8075756,44.9068699],[-92.8075618,44.906963],[-92.8075669,44.907047],[-92.8075886,44.9070866],[-92.8076288,44.907118],[-92.8076799,44.9071408],[-92.8077579,44.9071608],[-92.8078311,44.9071884],[-92.8078753,44.9072122],[-92.8079067,44.9072381],[-92.8079203,44.9072666],[-92.8079322,44.9073314],[-92.807936,44.9074918],[-92.80813,44.9075292],[-92.808226,44.9075407],[-92.8082908,44.9075438],[-92.8086483,44.9075266],[-92.8088761,44.9075034],[-92.8088613,44.9074556],[-92.8088363,44.907414],[-92.8087979,44.9073793],[-92.8087726,44.9073649],[-92.8087078,44.9073423],[-92.808531,44.9073082],[-92.8083975,44.9072741],[-92.8082917,44.9072384],[-92.8082288,44.9072024],[-92.8081909,44.9071594],[-92.808178,44.9071319],[-92.8081747,44.9071093],[-92.8081857,44.9070831],[-92.8082032,44.9070619],[-92.8082493,44.9070345],[-92.8082963,44.907026],[-92.8085714,44.9070334],[-92.8086545,44.90703],[-92.8087224,44.9070221],[-92.8087856,44.907005],[-92.8089704,44.9069375],[-92.8090416,44.9069185],[-92.8090741,44.906914],[-92.8092212,44.9069148],[-92.80937,44.9069284],[-92.8094469,44.9069423],[-92.8094908,44.9069642],[-92.8095294,44.9069976],[-92.8095571,44.9070398],[-92.8095685,44.9070882],[-92.8095591,44.9071399],[-92.8095345,44.9071921],[-92.8095007,44.9072415],[-92.8094444,44.907304],[-92.8093958,44.9073473],[-92.8093455,44.9074071],[-92.8093006,44.9074753],[-92.8092761,44.9075273],[-92.8097806,44.9078029],[-92.8098607,44.9078574],[-92.8099372,44.9079333],[-92.8099686,44.9079791],[-92.8099888,44.9080258],[-92.8100107,44.9081251],[-92.810002,44.9084505],[-92.810008,44.9084678],[-92.8100233,44.9084866],[-92.8100376,44.9084911],[-92.810056,44.9084896],[-92.8101056,44.908439],[-92.8101312,44.9084143],[-92.8101813,44.9083678],[-92.8102944,44.908268],[-92.8104489,44.9081349],[-92.8105865,44.9080187],[-92.8107122,44.9079171],[-92.8107821,44.9078596],[-92.8108508,44.9078007],[-92.8109115,44.9077448],[-92.8109664,44.9076885],[-92.8111841,44.9074597],[-92.8112674,44.9073712],[-92.8113449,44.9072865],[-92.8113909,44.9072383],[-92.8114866,44.9071432],[-92.8118351,44.9068077],[-92.8118555,44.9067866],[-92.8119007,44.9067377],[-92.8119693,44.906659],[-92.8120083,44.9066109],[-92.8120236,44.9065909],[-92.8120368,44.9065711],[-92.8120499,44.9065481],[-92.8120627,44.9065226],[-92.8120748,44.9064956],[-92.8120859,44.9064676],[-92.8120961,44.9064395],[-92.8121048,44.9064123],[-92.8121175,44.9063634],[-92.8121328,44.9062649],[-92.8121453,44.9061948],[-92.8121627,44.9061141],[-92.8121738,44.9060705],[-92.8121866,44.9060255],[-92.8122012,44.9059791],[-92.8122183,44.9059332],[-92.8122379,44.9058897],[-92.8122591,44.9058489],[-92.8122816,44.9058111],[-92.8123045,44.9057762],[-92.8123273,44.9057443],[-92.8123701,44.9056901],[-92.8124049,44.9056492],[-92.8124399,44.9056104],[-92.8124838,44.9055645],[-92.8046035,44.9059474],[-92.803064,44.9060222],[-92.8024773,44.9064725],[-92.8024989,44.9064766],[-92.802544,44.9064739],[-92.8026115,44.9064483],[-92.8026524,44.9064213],[-92.8027217,44.9063557],[-92.8027661,44.9063213],[-92.8028484,44.9062778],[-92.8029124,44.9062599],[-92.8029908,44.9062533],[-92.8030507,44.906251],[-92.8031233,44.906249],[-92.8032057,44.9062477],[-92.8032949,44.9062472],[-92.8033879,44.9062479],[-92.8034817,44.90625],[-92.8035734,44.9062539],[-92.8036599,44.9062597],[-92.8037382,44.9062678],[-92.8038142,44.9062791],[-92.8038944,44.9062941],[-92.8039766,44.9063122],[-92.8040588,44.9063332],[-92.8041391,44.9063565],[-92.8042153,44.9063818],[-92.8042855,44.9064087],[-92.8043476,44.9064367],[-92.8043995,44.9064654],[-92.8044392,44.9064945],[-92.8044689,44.9065251],[-92.8044924,44.9065584],[-92.8045104,44.9065937],[-92.8045237,44.9066301],[-92.804533,44.9066668],[-92.804539,44.9067032],[-92.8045424,44.9067385],[-92.8045439,44.9067719],[-92.8045443,44.9068301],[-92.8045429,44.9068566],[-92.8045385,44.9068845],[-92.8045308,44.9069129],[-92.8045194,44.9069408],[-92.804504,44.9069674],[-92.8044841,44.9069916],[-92.8044595,44.9070126],[-92.8044298,44.9070293],[-92.8043947,44.9070409],[-92.8043537,44.9070463],[-92.8041879,44.9070555],[-92.8040781,44.9070634],[-92.8039825,44.9070723],[-92.8039546,44.9070783],[-92.8039304,44.9070894],[-92.803911,44.9071045],[-92.8038977,44.9071227],[-92.8038915,44.9071428],[-92.8038937,44.9071638],[-92.8039054,44.9071848],[-92.8039278,44.9072046],[-92.803962,44.9072222],[-92.8040093,44.9072366],[-92.8041496,44.9072676],[-92.8043357,44.9073064],[-92.8045405,44.9073469],[-92.8046415,44.9073658],[-92.804737,44.9073828],[-92.8048238,44.9073971],[-92.8049618,44.9074166],[-92.8050176,44.9074253],[-92.8050665,44.9074343],[-92.8051094,44.9074442],[-92.805147,44.9074553],[-92.80518,44.9074679],[-92.8052093,44.9074826],[-92.8052355,44.9074998],[-92.8052595,44.9075197],[-92.8052819,44.9075429],[-92.8053015,44.9075704],[-92.8053161,44.9076029],[-92.8053261,44.9076394],[-92.8053316,44.9076791],[-92.8053326,44.9077215],[-92.8053294,44.9077656],[-92.8053221,44.9078106],[-92.8053109,44.907856],[-92.8052958,44.9079007],[-92.8052771,44.9079442],[-92.805257,44.9079849],[-92.8052375,44.9080219],[-92.805218,44.9080555],[-92.8051978,44.9080859],[-92.8051763,44.9081133],[-92.8051529,44.9081379],[-92.805127,44.9081599],[-92.8050979,44.9081795],[-92.8050651,44.9081969],[-92.8050279,44.9082123],[-92.8049881,44.9082276],[-92.8049481,44.9082442],[-92.8049087,44.9082622],[-92.8048705,44.9082815],[-92.804834,44.9083021],[-92.8048,44.9083238],[-92.804769,44.9083467],[-92.8047417,44.9083707],[-92.8047187,44.9083957],[-92.8047006,44.9084217],[-92.8046848,44.9084467],[-92.8046683,44.908469],[-92.804651,44.9084888],[-92.8046329,44.9085063],[-92.8046139,44.9085216],[-92.804594,44.9085349],[-92.8045732,44.9085464],[-92.8045515,44.9085564],[-92.8045289,44.9085649],[-92.8045052,44.9085722],[-92.8044785,44.9085778],[-92.8044473,44.9085814],[-92.804412,44.9085828],[-92.8043732,44.9085823],[-92.8043315,44.9085797],[-92.8042873,44.9085753],[-92.8042412,44.908569],[-92.8041939,44.9085608],[-92.8041457,44.9085509],[-92.8040498,44.908528],[-92.8040044,44.9085189],[-92.8039611,44.9085119],[-92.8039204,44.9085067],[-92.8038823,44.9085032],[-92.8038472,44.9085012],[-92.8038152,44.9085005],[-92.8037866,44.908501],[-92.8037617,44.9085025],[-92.8037406,44.9085047],[-92.8037224,44.9085093],[-92.8037062,44.9085175],[-92.8036926,44.9085286],[-92.8036821,44.9085419],[-92.8036753,44.9085568],[-92.8036728,44.9085726],[-92.8036826,44.9086041],[-92.8036962,44.9086184],[-92.8037631,44.9086606],[-92.8038072,44.908701],[-92.8038448,44.9087481],[-92.8038719,44.9087976],[-92.8038848,44.9088455],[-92.8038833,44.9088688],[-92.8038751,44.9088927],[-92.8038408,44.9089398],[-92.8037872,44.9089821],[-92.8037547,44.9090001],[-92.803682,44.9090266],[-92.8036051,44.9090413],[-92.8035706,44.9090522],[-92.8035119,44.9090826],[-92.8034502,44.9091408],[-92.8034037,44.9092351],[-92.8033691,44.9092636],[-92.8033446,44.9092737],[-92.8032804,44.9092819],[-92.8031941,44.9092695],[-92.8030899,44.9092341],[-92.8030015,44.9091931],[-92.8029343,44.9091521],[-92.8028723,44.9090971],[-92.8028564,44.9090687],[-92.802828,44.9089768],[-92.8028011,44.9089343],[-92.8027823,44.9089149],[-92.8027594,44.9088978],[-92.8026075,44.9088208],[-92.8025128,44.9087575],[-92.8024216,44.9086812],[-92.8023716,44.9086155],[-92.802337,44.9085355],[-92.8023157,44.9084519],[-92.8023052,44.9083752],[-92.8023057,44.9082929],[-92.8023206,44.9082477],[-92.8023462,44.9082053],[-92.8023794,44.9081672],[-92.8024371,44.9081209],[-92.8024418,44.9080465],[-92.8024185,44.9079904],[-92.8023554,44.9078995],[-92.8022563,44.907785],[-92.8021785,44.9077054],[-92.8021546,44.907729],[-92.802136,44.9077641],[-92.8021234,44.9078295],[-92.8021291,44.9078758],[-92.8021534,44.9079453],[-92.8021631,44.9079948],[-92.8021662,44.9080645],[-92.8021611,44.9081015],[-92.8021253,44.9081709],[-92.802091,44.9082155],[-92.8020387,44.9082692],[-92.8020171,44.9083049],[-92.8019923,44.9083957],[-92.8019907,44.908485],[-92.801969,44.9085248],[-92.8019253,44.9085587],[-92.8018648,44.9085829],[-92.8018298,44.9085902],[-92.8017536,44.9085929],[-92.8016144,44.908581],[-92.8015319,44.9085681],[-92.8014641,44.9085462],[-92.8014282,44.9085257],[-92.8014031,44.9085011],[-92.8013896,44.9084715],[-92.8013885,44.9084361],[-92.8014006,44.908394],[-92.8014275,44.9083483],[-92.8014657,44.9083045],[-92.8015299,44.9082478],[-92.8015826,44.9082098],[-92.8016053,44.9081855],[-92.8016197,44.9081497],[-92.8016241,44.9081065],[-92.8016085,44.9080369],[-92.8015966,44.9080145],[-92.8013641,44.9079891],[-92.8012346,44.9079636],[-92.8011655,44.9079645],[-92.8010688,44.9080345],[-92.8007659,44.9082759],[-92.800445,44.9085469],[-92.7999993,44.9089587],[-92.7998066,44.9091568],[-92.799715,44.9092606],[-92.7997525,44.9092918],[-92.7998097,44.9093281],[-92.7999631,44.909399],[-92.8000012,44.9094092],[-92.8000779,44.9094154],[-92.8001405,44.9092753],[-92.8001857,44.9091433],[-92.8002097,44.9091096],[-92.8002271,44.9090944],[-92.8002722,44.9090704],[-92.8003298,44.9090592],[-92.8003631,44.9090601],[-92.8006843,44.9091194],[-92.8009515,44.9091511],[-92.8010101,44.9091665],[-92.8010547,44.9091896],[-92.8010873,44.909222],[-92.8011099,44.909265],[-92.8011284,44.9093341],[-92.8011309,44.9093934],[-92.8011148,44.9094536],[-92.8010842,44.9094858],[-92.8010496,44.9094997],[-92.8010029,44.9095036],[-92.8009433,44.909494],[-92.8008719,44.9094731],[-92.800836,44.9094691],[-92.8007674,44.9094758],[-92.800679,44.9095087],[-92.8006014,44.909559],[-92.8005351,44.9095873],[-92.8004508,44.9096022],[-92.8003897,44.909601],[-92.8001948,44.9095706],[-92.8001105,44.9095465],[-92.8000761,44.9095286],[-92.80005,44.9095055],[-92.8000346,44.9094765],[-92.8000322,44.9094405],[-92.7999745,44.9094324],[-92.7999435,44.9094226],[-92.7997863,44.9093506],[-92.7996759,44.9093086]]]}},{"type":"Feature","id":"way/1346688330","properties":{"building":"house","osm_type":"way","osm_id":1346688330},"geometry":{"type":"Polygon","coordinates":[[[-92.8003038,44.9093754],[-92.800397,44.9093449],[-92.8003944,44.9093409],[-92.8004151,44.9093341],[-92.8004339,44.9093629],[-92.8005621,44.909321],[-92.8005168,44.9092515],[-92.800572,44.9092334],[-92.8005485,44.9091973],[-92.8004918,44.9092159],[-92.8004826,44.9092017],[-92.8004277,44.9092196],[-92.8004505,44.9092546],[-92.8002647,44.9093154],[-92.8003038,44.9093754]]]}},{"type":"Feature","id":"way/1346787826","properties":{"access":"private","highway":"service","service":"driveway","osm_type":"way","osm_id":1346787826},"geometry":{"type":"LineString","coordinates":[[-92.7978319,44.9017261],[-92.7978459,44.9017276],[-92.7979249,44.9017348],[-92.7979668,44.9017371],[-92.7983291,44.901736],[-92.7983657,44.9017388],[-92.7984087,44.9017486],[-92.7984299,44.9017568],[-92.7984496,44.9017674],[-92.7984666,44.9017808],[-92.7984799,44.9017972],[-92.7984884,44.9018169],[-92.7984911,44.9018401],[-92.7984911,44.9022182],[-92.7985011,44.9030427],[-92.7985077,44.9032906],[-92.7985067,44.9034097],[-92.798498,44.903455],[-92.7984867,44.9034834],[-92.7984791,44.9034966],[-92.7984701,44.903509],[-92.798425,44.9035561],[-92.7983924,44.9035932],[-92.7983612,44.9036322],[-92.7983512,44.9036493],[-92.7983377,44.9036854],[-92.798331,44.9037147],[-92.7983235,44.9037963],[-92.7983179,44.9038254],[-92.7983053,44.9038617],[-92.7982896,44.9038876]]}},{"type":"Feature","id":"way/1346787827","properties":{"access":"private","highway":"service","service":"driveway","osm_type":"way","osm_id":1346787827},"geometry":{"type":"LineString","coordinates":[[-92.7955167,44.9017174],[-92.7955206,44.9017362],[-92.7955339,44.9018188],[-92.7955361,44.901862],[-92.7955292,44.901915],[-92.7955158,44.9019857],[-92.7955082,44.9020138],[-92.7954927,44.9020561],[-92.7954542,44.9021455],[-92.7954072,44.9022347],[-92.7953466,44.9023361],[-92.795199,44.9025646],[-92.795181,44.9025977],[-92.7951687,44.9026326],[-92.7951638,44.9026722],[-92.7951681,44.9027192],[-92.7952092,44.9028897],[-92.7952232,44.9029601],[-92.7952277,44.9029924]]}},{"type":"Feature","id":"way/1346787828","properties":{"access":"private","highway":"service","service":"driveway","osm_type":"way","osm_id":1346787828},"geometry":{"type":"LineString","coordinates":[[-92.7940836,44.9020563],[-92.794093,44.9020716],[-92.7941244,44.9021299],[-92.7941339,44.9021527],[-92.7941371,44.9021673],[-92.7941369,44.9022],[-92.7941189,44.902318],[-92.794117,44.9023483],[-92.7941177,44.9023814],[-92.7941217,44.9024107],[-92.7941306,44.9024388],[-92.7941405,44.9024588],[-92.7941543,44.9024772],[-92.7941729,44.9024921],[-92.7941842,44.9024975],[-92.7942115,44.9025054],[-92.7942602,44.9025126],[-92.7942937,44.9025144],[-92.7943247,44.9025142],[-92.7943521,44.9025119],[-92.7943998,44.9025021],[-92.7944515,44.902486],[-92.7944993,44.9024659]]}},{"type":"Feature","id":"way/1346787829","properties":{"access":"private","highway":"service","service":"driveway","osm_type":"way","osm_id":1346787829},"geometry":{"type":"LineString","coordinates":[[-92.7914014,44.9026974],[-92.7914057,44.9027121],[-92.7914384,44.9028006],[-92.7914556,44.9028398],[-92.7914704,44.9028676],[-92.7915261,44.902952],[-92.7916062,44.9030565],[-92.7916371,44.9031051],[-92.7916584,44.9031446],[-92.7916964,44.9032254],[-92.7917259,44.903299],[-92.7917333,44.9033298],[-92.7917389,44.9033787],[-92.7917421,44.9034671],[-92.7917377,44.9035033],[-92.7917275,44.903548],[-92.791714,44.9035946],[-92.7916994,44.9036365],[-92.7916863,44.9036674],[-92.7916692,44.9036935],[-92.7916566,44.9037083],[-92.7916238,44.90374],[-92.791581,44.9037728],[-92.7915561,44.903789],[-92.7914993,44.9038196]]}},{"type":"Feature","id":"way/1346787830","properties":{"access":"private","highway":"service","service":"driveway","osm_type":"way","osm_id":1346787830},"geometry":{"type":"LineString","coordinates":[[-92.7918279,44.9026473],[-92.7918321,44.9026586],[-92.791887,44.902785],[-92.7919241,44.9028549],[-92.7919444,44.9028866],[-92.7919631,44.9029116],[-92.7919863,44.9029342],[-92.7920077,44.9029507],[-92.792033,44.9029663],[-92.7920611,44.902979],[-92.7920916,44.9029876],[-92.7921251,44.9029934],[-92.7921799,44.9029972],[-92.7922186,44.9029963],[-92.7922581,44.9029924],[-92.7922982,44.9029847],[-92.7923377,44.9029735],[-92.7923908,44.9029539],[-92.7924299,44.9029361],[-92.7924846,44.902905],[-92.7925283,44.9028752],[-92.792577,44.9028347],[-92.7926093,44.9028023],[-92.7926243,44.9027795],[-92.7926314,44.902759],[-92.7926347,44.9027259],[-92.7926322,44.9026918],[-92.792626,44.9026668],[-92.7925893,44.9025898],[-92.7925354,44.9024948]]}},{"type":"Feature","id":"way/1346787831","properties":{"access":"private","highway":"service","service":"driveway","osm_type":"way","osm_id":1346787831},"geometry":{"type":"LineString","coordinates":[[-92.7896784,44.9018508],[-92.7896778,44.901845],[-92.7896716,44.9018288],[-92.7896572,44.9018079],[-92.789633,44.9017836],[-92.7895976,44.9017572],[-92.7892463,44.9015566],[-92.789068,44.901458],[-92.7889229,44.9013858],[-92.7885936,44.9012306],[-92.7883602,44.9011241],[-92.7881883,44.9010499],[-92.788109,44.9010139],[-92.788037,44.900978],[-92.7880039,44.9009588],[-92.7879682,44.9009344],[-92.787932,44.9009056],[-92.7878972,44.9008728],[-92.7878657,44.9008366],[-92.7878397,44.9007993],[-92.7878193,44.9007636],[-92.7877978,44.9007161],[-92.7877854,44.9006801]]}},{"type":"Feature","id":"way/1346787832","properties":{"building":"yes","osm_type":"way","osm_id":1346787832},"geometry":{"type":"Polygon","coordinates":[[[-92.7924139,44.907364],[-92.7925214,44.9073372],[-92.79247,44.9072381],[-92.7923637,44.9072644],[-92.7924139,44.907364]]]}},{"type":"Feature","id":"way/1346986333","properties":{"natural":"grassland","osm_type":"way","osm_id":1346986333},"geometry":{"type":"Polygon","coordinates":[[[-92.7948005,44.9025669],[-92.7948212,44.9025531],[-92.7948812,44.9025358],[-92.7949594,44.9025308],[-92.7950477,44.9025361],[-92.7951813,44.9025591],[-92.7953892,44.9022296],[-92.7954359,44.9021411],[-92.7954741,44.9020525],[-92.7955038,44.9019491],[-92.7955168,44.901844],[-92.7955089,44.9018017],[-92.7954964,44.9017845],[-92.7954733,44.9017666],[-92.7953552,44.9017814],[-92.7951724,44.9018112],[-92.7950034,44.9018471],[-92.7947649,44.901911],[-92.7947727,44.9019383],[-92.7947773,44.9019637],[-92.7947794,44.9019877],[-92.7947796,44.9020104],[-92.7947746,44.9020952],[-92.7947752,44.9021164],[-92.7947778,44.9021383],[-92.7948228,44.9023741],[-92.7948331,44.9024311],[-92.7948379,44.9024656],[-92.794839,44.902493],[-92.7948346,44.9025179],[-92.7948225,44.902542],[-92.7948005,44.9025669]]]}},{"type":"Feature","id":"way/1346986335","properties":{"natural":"grassland","osm_type":"way","osm_id":1346986335},"geometry":{"type":"Polygon","coordinates":[[[-92.7959263,44.9018496],[-92.7959292,44.9025809],[-92.795753,44.902611],[-92.7956035,44.9026213],[-92.7954442,44.9026169],[-92.7953651,44.9026074],[-92.7952888,44.902592],[-92.7952167,44.9025701],[-92.7953936,44.902294],[-92.7954894,44.9021127],[-92.7955349,44.901988],[-92.7955554,44.9018626],[-92.7955541,44.901793],[-92.795571,44.9017566],[-92.7956305,44.9017513],[-92.7956768,44.9017483],[-92.7957569,44.9017443],[-92.7958417,44.9017414],[-92.7958837,44.9017405],[-92.7959156,44.9017803],[-92.7959263,44.9018496]]]}},{"type":"Feature","id":"way/1346986336","properties":{"building":"shed","osm_type":"way","osm_id":1346986336},"geometry":{"type":"Polygon","coordinates":[[[-92.794848,44.9041042],[-92.7949023,44.904125],[-92.7948803,44.9041537],[-92.794826,44.9041329],[-92.794848,44.9041042]]]}},{"type":"Feature","id":"way/1346986337","properties":{"building":"shed","osm_type":"way","osm_id":1346986337},"geometry":{"type":"Polygon","coordinates":[[[-92.7948291,44.9048097],[-92.7948192,44.9048547],[-92.7947702,44.9048493],[-92.7947801,44.9048043],[-92.7948291,44.9048097]]]}},{"type":"Feature","id":"way/1346986338","properties":{"building":"house","osm_type":"way","osm_id":1346986338},"geometry":{"type":"Polygon","coordinates":[[[-92.7948449,44.9046635],[-92.7949359,44.9046508],[-92.7949215,44.9046794],[-92.7950234,44.9047052],[-92.7950781,44.9045965],[-92.7950149,44.9045805],[-92.7950299,44.9045506],[-92.7949778,44.9045374],[-92.7949596,44.9045735],[-92.7949704,44.9045762],[-92.7949537,44.9046083],[-92.7949289,44.9046117],[-92.7949185,44.9045751],[-92.7948237,44.9045885],[-92.7948449,44.9046635]]]}},{"type":"Feature","id":"way/1346986339","properties":{"building":"shed","osm_type":"way","osm_id":1346986339},"geometry":{"type":"Polygon","coordinates":[[[-92.7948506,44.9028355],[-92.7948471,44.9028044],[-92.7947898,44.9028076],[-92.7947932,44.9028387],[-92.7948506,44.9028355]]]}},{"type":"Feature","id":"way/1346986340","properties":{"building":"house","osm_type":"way","osm_id":1346986340},"geometry":{"type":"Polygon","coordinates":[[[-92.7949771,44.9027673],[-92.7948712,44.9027718],[-92.794867,44.9027225],[-92.7948594,44.9027228],[-92.7948585,44.9027123],[-92.794835,44.9027133],[-92.7948301,44.9026551],[-92.7948525,44.9026542],[-92.7948518,44.9026456],[-92.7949887,44.9026398],[-92.7949913,44.9026705],[-92.7950257,44.9026691],[-92.7950291,44.9027094],[-92.7949724,44.9027118],[-92.7949771,44.9027673]]]}},{"type":"Feature","id":"way/1346986341","properties":{"building":"shed","osm_type":"way","osm_id":1346986341},"geometry":{"type":"Polygon","coordinates":[[[-92.7952493,44.9030463],[-92.7952458,44.9030217],[-92.7953049,44.9030175],[-92.7953084,44.9030421],[-92.7952493,44.9030463]]]}},{"type":"Feature","id":"way/1346986342","properties":{"building":"shed","osm_type":"way","osm_id":1346986342},"geometry":{"type":"Polygon","coordinates":[[[-92.795587,44.9028448],[-92.7954657,44.9028496],[-92.7954631,44.902816],[-92.7955843,44.9028111],[-92.795587,44.9028448]]]}},{"type":"Feature","id":"way/1346986343","properties":{"building":"shed","osm_type":"way","osm_id":1346986343},"geometry":{"type":"Polygon","coordinates":[[[-92.7953439,44.9029358],[-92.7953219,44.902847],[-92.7954114,44.9028359],[-92.7954334,44.9029246],[-92.7953439,44.9029358]]]}},{"type":"Feature","id":"way/1346986344","properties":{"building":"shed","osm_type":"way","osm_id":1346986344},"geometry":{"type":"Polygon","coordinates":[[[-92.7956425,44.9031413],[-92.7956594,44.9032952],[-92.7955036,44.9033038],[-92.7954866,44.9031499],[-92.7956425,44.9031413]]]}},{"type":"Feature","id":"way/1346986345","properties":{"building":"shed","osm_type":"way","osm_id":1346986345},"geometry":{"type":"Polygon","coordinates":[[[-92.7939461,44.9025398],[-92.7939579,44.9025989],[-92.7940103,44.9025936],[-92.7939984,44.9025345],[-92.7939461,44.9025398]]]}},{"type":"Feature","id":"way/1346986346","properties":{"building":"shed","osm_type":"way","osm_id":1346986346},"geometry":{"type":"Polygon","coordinates":[[[-92.7941951,44.9025287],[-92.7942131,44.9026],[-92.7941279,44.9026108],[-92.7941099,44.9025395],[-92.7941951,44.9025287]]]}},{"type":"Feature","id":"way/1346986347","properties":{"building":"shed","osm_type":"way","osm_id":1346986347},"geometry":{"type":"Polygon","coordinates":[[[-92.7942041,44.9024657],[-92.7942795,44.9024581],[-92.7942725,44.9024236],[-92.7941971,44.9024312],[-92.7942041,44.9024657]]]}},{"type":"Feature","id":"way/1346986348","properties":{"building":"house","osm_type":"way","osm_id":1346986348},"geometry":{"type":"Polygon","coordinates":[[[-92.794005,44.9024729],[-92.7941086,44.9024598],[-92.794078,44.9023381],[-92.7939744,44.9023512],[-92.794005,44.9024729]]]}},{"type":"Feature","id":"way/1346986349","properties":{"leisure":"swimming_pool","osm_type":"way","osm_id":1346986349},"geometry":{"type":"Polygon","coordinates":[[[-92.7977609,44.9027585],[-92.7977575,44.9027029],[-92.7975825,44.9027083],[-92.7975859,44.9027638],[-92.7977609,44.9027585]]]}},{"type":"Feature","id":"way/1346986350","properties":{"building":"house","osm_type":"way","osm_id":1346986350},"geometry":{"type":"Polygon","coordinates":[[[-92.7980119,44.9026802],[-92.7980063,44.9025747],[-92.7979079,44.9025773],[-92.7979077,44.9025738],[-92.7977247,44.9025787],[-92.7977302,44.9026837],[-92.7978093,44.9026816],[-92.7978102,44.9026995],[-92.7979212,44.9026965],[-92.7979205,44.9026826],[-92.7980119,44.9026802]]]}},{"type":"Feature","id":"way/1346986351","properties":{"building":"garage","osm_type":"way","osm_id":1346986351},"geometry":{"type":"Polygon","coordinates":[[[-92.7982051,44.9026964],[-92.7983477,44.9026921],[-92.7983395,44.902554],[-92.7981969,44.9025583],[-92.7982051,44.9026964]]]}},{"type":"Feature","id":"way/1346986352","properties":{"landuse":"meadow","osm_type":"way","osm_id":1346986352},"geometry":{"type":"Polygon","coordinates":[[[-92.7959894,44.9017395],[-92.7959855,44.9017448],[-92.7959789,44.9017563],[-92.7959741,44.9017694],[-92.7959711,44.9017847],[-92.79597,44.9018028],[-92.7959727,44.9018486],[-92.7959757,44.9020735],[-92.7959756,44.9025805],[-92.7959797,44.9027371],[-92.7959841,44.9028648],[-92.7959834,44.9029151],[-92.7959813,44.9029762],[-92.795974,44.9031294],[-92.795976,44.9031681],[-92.7959806,44.9032084],[-92.7959971,44.9033057],[-92.796,44.9033455],[-92.7960009,44.9034203],[-92.7961206,44.9034296],[-92.7962702,44.9034386],[-92.7963517,44.9034426],[-92.7965192,44.9034495],[-92.7966804,44.9034538],[-92.7968308,44.9034553],[-92.7972089,44.9034572],[-92.7974851,44.9034574],[-92.7976217,44.9034564],[-92.79759,44.9034549],[-92.7975566,44.9034514],[-92.7975221,44.9034463],[-92.7974872,44.9034396],[-92.7974523,44.9034316],[-92.7974182,44.9034225],[-92.7973854,44.9034125],[-92.7973545,44.9034018],[-92.7973261,44.9033905],[-92.7973008,44.903379],[-92.7972776,44.9033662],[-92.7972551,44.9033511],[-92.7972335,44.9033336],[-92.7972129,44.9033136],[-92.7971936,44.9032912],[-92.7971755,44.9032664],[-92.797159,44.903239],[-92.7971442,44.9032091],[-92.7971312,44.9031767],[-92.7971202,44.9031416],[-92.7971107,44.9031006],[-92.7971022,44.9030517],[-92.7970947,44.9029974],[-92.7970882,44.9029398],[-92.7970827,44.9028813],[-92.7970782,44.9028242],[-92.7970723,44.9027231],[-92.7970703,44.9026551],[-92.7970727,44.9026321],[-92.7970796,44.9026088],[-92.7970903,44.9025857],[-92.7971042,44.9025633],[-92.7971205,44.9025419],[-92.7971385,44.902522],[-92.7971577,44.9025041],[-92.7971773,44.9024886],[-92.7971967,44.9024759],[-92.7972321,44.9024585],[-92.7972472,44.9024496],[-92.7972604,44.90244],[-92.7972719,44.90243],[-92.7972815,44.9024196],[-92.7972893,44.9024091],[-92.7972954,44.9023986],[-92.7972997,44.9023883],[-92.7973023,44.9023783],[-92.7973032,44.9023689],[-92.7972941,44.9020874],[-92.7972919,44.9020441],[-92.7972879,44.9019966],[-92.7972817,44.9019461],[-92.7972727,44.9018938],[-92.7972602,44.9018407],[-92.7972436,44.9017881],[-92.7972223,44.9017371],[-92.7971958,44.9016889],[-92.7971366,44.9017003],[-92.7970775,44.9017102],[-92.7969877,44.9017214],[-92.7968831,44.9017299],[-92.7967545,44.901735],[-92.7964292,44.9017379],[-92.7959894,44.9017395]]]}},{"type":"Feature","id":"way/1346986353","properties":{"building":"shed","osm_type":"way","osm_id":1346986353},"geometry":{"type":"Polygon","coordinates":[[[-92.7979559,44.9037038],[-92.7980475,44.9037191],[-92.7980676,44.9036585],[-92.797976,44.9036433],[-92.7979559,44.9037038]]]}},{"type":"Feature","id":"way/1346986354","properties":{"building":"shed","osm_type":"way","osm_id":1346986354},"geometry":{"type":"Polygon","coordinates":[[[-92.7977901,44.9037751],[-92.7978478,44.9037108],[-92.7979925,44.9037758],[-92.7979348,44.9038401],[-92.7977901,44.9037751]]]}},{"type":"Feature","id":"way/1346986355","properties":{"leisure":"swimming_pool","osm_type":"way","osm_id":1346986355},"geometry":{"type":"Polygon","coordinates":[[[-92.7979107,44.9038801],[-92.7979945,44.9038783],[-92.7979994,44.9039951],[-92.7979156,44.9039969],[-92.7979107,44.9038801]]]}},{"type":"Feature","id":"way/1346986356","properties":{"building":"house","osm_type":"way","osm_id":1346986356},"geometry":{"type":"Polygon","coordinates":[[[-92.7980924,44.9040953],[-92.7982523,44.9040915],[-92.7982471,44.9039823],[-92.79816,44.9039844],[-92.7981595,44.9039741],[-92.7980868,44.9039758],[-92.7980924,44.9040953]]]}},{"type":"Feature","id":"way/1346986357","properties":{"natural":"wood","osm_type":"way","osm_id":1346986357},"geometry":{"type":"Polygon","coordinates":[[[-92.7945998,44.9039715],[-92.7946301,44.9039757],[-92.7947209,44.9039965],[-92.7948121,44.9040302],[-92.794905,44.9040776],[-92.7949529,44.9041189],[-92.794979,44.9041678],[-92.7950033,44.904248],[-92.7950268,44.9043014],[-92.7951319,44.904432],[-92.795185,44.9045187],[-92.7952066,44.9045798],[-92.7952122,44.9046441],[-92.795189,44.9047493],[-92.7951358,44.9048525],[-92.7950619,44.9049379],[-92.7950325,44.9049584],[-92.794999,44.9049724],[-92.7949616,44.9049802],[-92.7949207,44.9049819],[-92.7948297,44.9049676],[-92.7947287,44.9049306],[-92.7946207,44.9048722],[-92.7952725,44.9053885],[-92.7952814,44.9074602],[-92.7916004,44.9074792],[-92.7922064,44.9077415],[-92.7922512,44.9091541],[-92.7924777,44.9091551],[-92.7929863,44.9091328],[-92.7933885,44.9091075],[-92.7935683,44.9090914],[-92.7937419,44.9090654],[-92.7938775,44.909037],[-92.7943842,44.9088837],[-92.7944854,44.9088579],[-92.7946087,44.9088376],[-92.7947256,44.9088307],[-92.7948247,44.9088315],[-92.7949621,44.9088415],[-92.7962246,44.9089844],[-92.7963329,44.9089857],[-92.7964128,44.9089738],[-92.7964825,44.9089523],[-92.7970018,44.9087408],[-92.7971125,44.9086921],[-92.7971884,44.908653],[-92.7972103,44.9086401],[-92.7972031,44.9086183],[-92.7971872,44.9085963],[-92.79711,44.9085407],[-92.7970311,44.9084952],[-92.7969147,44.908439],[-92.7967343,44.9083637],[-92.7965814,44.9083081],[-92.7964993,44.9082838],[-92.7963361,44.9082539],[-92.7960189,44.9082228],[-92.7959435,44.9082117],[-92.7958703,44.908196],[-92.7956994,44.9081432],[-92.7955897,44.9081173],[-92.7955142,44.9081044],[-92.7952701,44.9080771],[-92.7951899,44.9080593],[-92.7950663,44.908022],[-92.7949664,44.9080083],[-92.7948514,44.9080084],[-92.7944385,44.9080629],[-92.7943139,44.9080744],[-92.794183,44.9080758],[-92.7938295,44.9080637],[-92.7936315,44.9080699],[-92.7936165,44.9081649],[-92.7935919,44.9082361],[-92.7935578,44.9082871],[-92.7935142,44.9083215],[-92.7934889,44.9083336],[-92.7934301,44.9083505],[-92.7933566,44.9083631],[-92.7932732,44.9083715],[-92.7931438,44.908374],[-92.7930638,44.9083677],[-92.7930291,44.9083608],[-92.7929757,44.9083368],[-92.7929563,44.9083203],[-92.7929311,44.9082799],[-92.7929221,44.9082316],[-92.7929327,44.9081151],[-92.7929271,44.9080416],[-92.7929044,44.9079298],[-92.7928559,44.907798],[-92.7928509,44.9077616],[-92.792861,44.9077308],[-92.7928893,44.9077052],[-92.7929391,44.9076842],[-92.7929703,44.9076781],[-92.7930025,44.9076777],[-92.7930712,44.9076892],[-92.7932344,44.9077282],[-92.7932824,44.9077343],[-92.7934283,44.9077406],[-92.7935289,44.9077585],[-92.7935906,44.9077859],[-92.7936158,44.9078066],[-92.7936379,44.9078384],[-92.7936826,44.9079421],[-92.793705,44.9080442],[-92.7938297,44.9080417],[-92.7941137,44.9080523],[-92.7943121,44.9080526],[-92.7944331,44.9080413],[-92.794848,44.9079866],[-92.7949694,44.9079865],[-92.7950751,44.908001],[-92.7952015,44.9080389],[-92.7952775,44.9080559],[-92.7955202,44.908083],[-92.7955981,44.9080963],[-92.7957104,44.9081228],[-92.7958811,44.9081754],[-92.7959511,44.9081905],[-92.7960243,44.9082012],[-92.7963417,44.9082323],[-92.7964253,44.9082451],[-92.7965097,44.9082632],[-92.7965942,44.9082881],[-92.7968774,44.9083968],[-92.7970495,44.9084776],[-92.7971306,44.9085243],[-92.7972139,44.9085821],[-92.7972649,44.9086028],[-92.797405,44.9084859],[-92.797465,44.9084221],[-92.7975213,44.9083485],[-92.7975978,44.9082333],[-92.7975862,44.908204],[-92.7975676,44.9081847],[-92.7974403,44.9081141],[-92.7973729,44.9080661],[-92.7972926,44.9080886],[-92.797213,44.9081002],[-92.7971364,44.9081011],[-92.7970649,44.9080918],[-92.7967903,44.9079989],[-92.7966015,44.9079423],[-92.796423,44.9078979],[-92.7962409,44.9078605],[-92.7961944,44.9078328],[-92.7961783,44.9078085],[-92.7961759,44.9077841],[-92.7961888,44.9077633],[-92.7962217,44.9077489],[-92.7964732,44.90771],[-92.7965994,44.9076783],[-92.796882,44.9075961],[-92.7970014,44.9075719],[-92.7971037,44.9075616],[-92.7972225,44.9075666],[-92.7972995,44.907588],[-92.797386,44.9076369],[-92.7974722,44.9077101],[-92.7975207,44.9077037],[-92.7975767,44.9077059],[-92.7978002,44.9077407],[-92.7978903,44.9077442],[-92.7979771,44.9076106],[-92.7979242,44.9075792],[-92.797844,44.9075469],[-92.7974839,44.9074271],[-92.7973717,44.9073828],[-92.7973337,44.9073613],[-92.7973081,44.9073391],[-92.7972699,44.9072846],[-92.7972222,44.9072629],[-92.7971496,44.9072196],[-92.7971235,44.9071985],[-92.7970881,44.9071585],[-92.7970706,44.9071227],[-92.7970677,44.907078],[-92.797137,44.906953],[-92.7971577,44.9068894],[-92.7971539,44.9068312],[-92.7971225,44.9067591],[-92.7971218,44.9067263],[-92.7971356,44.9067036],[-92.7971873,44.9066839],[-92.7972313,44.906679],[-92.7972818,44.9066847],[-92.7973344,44.9067064],[-92.7973877,44.9067428],[-92.7974405,44.9067866],[-92.7975105,44.9068577],[-92.7975578,44.9069234],[-92.7975746,44.9069663],[-92.7975823,44.9070138],[-92.7975799,44.9070621],[-92.7975665,44.9071072],[-92.7975409,44.9071451],[-92.7975051,44.9071745],[-92.7974388,44.9072046],[-92.7973875,44.9072161],[-92.7973023,44.907221],[-92.7973088,44.9072616],[-92.7973281,44.9072986],[-92.7973564,44.9073298],[-92.7973977,44.9073556],[-92.7975045,44.9073977],[-92.7977711,44.9074845],[-92.7979372,44.9075447],[-92.7980152,44.9075624],[-92.7980846,44.9074835],[-92.7981852,44.9073848],[-92.7982756,44.9073124],[-92.7983892,44.9072321],[-92.7979273,44.9068802],[-92.7977406,44.9066926],[-92.7975721,44.9065003],[-92.7975301,44.9064381],[-92.7974857,44.9063557],[-92.7974494,44.9062625],[-92.7974349,44.9062012],[-92.7974326,44.9061541],[-92.7974457,44.9061207],[-92.797459,44.9061083],[-92.7975008,44.9060902],[-92.7976443,44.9060705],[-92.7977781,44.9060633],[-92.7978864,44.9060657],[-92.7980172,44.9060768],[-92.7982397,44.9061082],[-92.7984148,44.906142],[-92.7985378,44.9061797],[-92.7985916,44.9062087],[-92.7986322,44.9062446],[-92.7986834,44.906313],[-92.7987209,44.9063911],[-92.7987371,44.9064442],[-92.7987421,44.9064973],[-92.7987238,44.9065783],[-92.7986969,44.9066317],[-92.7986384,44.9067087],[-92.7986998,44.9067421],[-92.7987258,44.906765],[-92.7987438,44.9067909],[-92.7987564,44.9068345],[-92.7987585,44.9069513],[-92.7987818,44.9070047],[-92.7989401,44.9069268],[-92.7990508,44.9068835],[-92.7992482,44.9068206],[-92.7994115,44.9067832],[-92.7994185,44.9067717],[-92.7994204,44.906753],[-92.7994078,44.9067232],[-92.7993497,44.9066323],[-92.7992455,44.9066484],[-92.7991704,44.9066552],[-92.799117,44.9066541],[-92.7990777,44.9066465],[-92.7990286,44.906625],[-92.7989949,44.9066011],[-92.798948,44.9065506],[-92.7989236,44.9065091],[-92.7989048,44.9064386],[-92.7989044,44.90637],[-92.7989206,44.9063038],[-92.798954,44.9062372],[-92.7989705,44.9062156],[-92.7990166,44.9061793],[-92.799076,44.9061522],[-92.7991439,44.906135],[-92.7992157,44.9061281],[-92.7992894,44.9061321],[-92.7996254,44.9061912],[-92.7998518,44.9062053],[-92.7999449,44.906217],[-92.800026,44.9062361],[-92.8000584,44.906249],[-92.8000834,44.9062643],[-92.8001093,44.9063028],[-92.8001197,44.90635],[-92.8001189,44.9064027],[-92.8000991,44.9064845],[-92.8000349,44.9066256],[-92.8000229,44.9066784],[-92.8000223,44.9067158],[-92.8002586,44.9066996],[-92.800227,44.9052932],[-92.7986635,44.9052932],[-92.7985677,44.9016965],[-92.7980353,44.9013658],[-92.7979501,44.9014172],[-92.7979126,44.9014384],[-92.7978748,44.9014585],[-92.7978343,44.9014783],[-92.7977695,44.9015086],[-92.7977021,44.9015389],[-92.7977078,44.9015604],[-92.7977237,44.9015861],[-92.7978039,44.9016659],[-92.7978418,44.9016947],[-92.7978807,44.9017124],[-92.7979108,44.9017196],[-92.7979676,44.9017234],[-92.7983296,44.9017223],[-92.7983928,44.9017296],[-92.7984404,44.9017453],[-92.7984823,44.9017727],[-92.7985075,44.9018143],[-92.7985104,44.9018396],[-92.7985104,44.9022181],[-92.798527,44.9032904],[-92.7985274,44.9033796],[-92.798521,44.9034421],[-92.7984967,44.9035023],[-92.7983786,44.9036382],[-92.7983606,44.9036756],[-92.7983502,44.9037164],[-92.798337,44.9038277],[-92.7983238,44.9038658],[-92.7983071,44.9038935],[-92.7983411,44.9039518],[-92.7983488,44.9039797],[-92.7983491,44.9040311],[-92.7983341,44.9040747],[-92.7983095,44.9041079],[-92.7982955,44.9041197],[-92.7982623,44.9041358],[-92.7981985,44.9041434],[-92.7981241,44.9041294],[-92.7980454,44.9040961],[-92.7979912,44.9040896],[-92.7979433,44.9041006],[-92.7979103,44.9041251],[-92.7979011,44.9041592],[-92.7979081,44.9041786],[-92.7979971,44.9043542],[-92.7980189,44.9044253],[-92.7980141,44.9044671],[-92.7980049,44.9044871],[-92.7979903,44.9045051],[-92.7979692,44.9045197],[-92.7979409,44.9045299],[-92.7979046,44.9045344],[-92.7978119,44.9045262],[-92.7976615,44.9045033],[-92.7975171,44.9044732],[-92.7974265,44.9044422],[-92.7973362,44.9043884],[-92.7972841,44.9043399],[-92.7972621,44.9043119],[-92.7972288,44.9042497],[-92.7972067,44.9041877],[-92.7971942,44.9041279],[-92.7971904,44.9040442],[-92.7972016,44.9039699],[-92.7972189,44.9039265],[-92.7972455,44.9038872],[-92.7973038,44.9038336],[-92.7973555,44.9037999],[-92.7974217,44.9037696],[-92.7975415,44.9037348],[-92.797773,44.9036902],[-92.7979689,44.9036277],[-92.7980555,44.9036222],[-92.7981346,44.9036319],[-92.7982224,44.9036599],[-92.7982673,44.9036829],[-92.7983118,44.903713],[-92.7983232,44.9036688],[-92.7983438,44.9036262],[-92.7984534,44.903502],[-92.7984685,44.9034787],[-92.7984828,44.9034381],[-92.7983862,44.9034276],[-92.7982961,44.9034266],[-92.7980314,44.9034496],[-92.7976217,44.9034564],[-92.7974851,44.9034574],[-92.7972089,44.9034572],[-92.7968308,44.9034553],[-92.7966804,44.9034538],[-92.7965192,44.9034495],[-92.7963517,44.9034426],[-92.7962702,44.9034386],[-92.7961206,44.9034296],[-92.7960009,44.9034203],[-92.7959951,44.9035131],[-92.7960229,44.9035706],[-92.7960303,44.9036243],[-92.79599,44.9039229],[-92.7959786,44.9040666],[-92.7959771,44.904254],[-92.7959882,44.9044578],[-92.7959735,44.9045085],[-92.79596,44.9045259],[-92.7959425,44.9045377],[-92.7959209,44.9045438],[-92.7958952,44.9045439],[-92.7958319,44.9045254],[-92.7956379,44.9044305],[-92.7955206,44.9043612],[-92.7954195,44.9042866],[-92.7953794,44.9042385],[-92.7953593,44.9041932],[-92.7953457,44.90406],[-92.7953337,44.9039977],[-92.7953082,44.9039299],[-92.7952805,44.903884],[-92.7952453,44.9038429],[-92.7951852,44.903795],[-92.7950505,44.9037263],[-92.7950027,44.9036955],[-92.7949573,44.9036509],[-92.7949368,44.9036224],[-92.7949034,44.9035512],[-92.7948915,44.9035076],[-92.7948415,44.9031568],[-92.7948352,44.9029981],[-92.7948148,44.9029471],[-92.7947326,44.9028338],[-92.7947126,44.9027887],[-92.7947046,44.9027522],[-92.7947108,44.9027031],[-92.7947319,44.9026485],[-92.7947547,44.9026117],[-92.7948005,44.9025669],[-92.7948225,44.902542],[-92.7948346,44.9025179],[-92.794839,44.902493],[-92.7948379,44.9024656],[-92.7948331,44.9024311],[-92.7948228,44.9023741],[-92.7947778,44.9021383],[-92.7947752,44.9021164],[-92.7947746,44.9020952],[-92.7947796,44.9020104],[-92.7947794,44.9019877],[-92.7947773,44.9019637],[-92.7947727,44.9019383],[-92.7947649,44.901911],[-92.7946215,44.9019512],[-92.7944882,44.9019887],[-92.7945567,44.9021095],[-92.7945998,44.9039715]]]}},{"type":"Feature","id":"way/1346986358","properties":{"building":"house","osm_type":"way","osm_id":1346986358},"geometry":{"type":"Polygon","coordinates":[[[-92.7990102,44.9063885],[-92.7990634,44.90639],[-92.7990628,44.9064002],[-92.7992493,44.9064054],[-92.7992549,44.9063048],[-92.7991082,44.9063007],[-92.7991077,44.9063093],[-92.7990148,44.9063067],[-92.7990102,44.9063885]]]}},{"type":"Feature","id":"way/1346986359","properties":{"building":"shed","osm_type":"way","osm_id":1346986359},"geometry":{"type":"Polygon","coordinates":[[[-92.7997469,44.9063171],[-92.7997528,44.9062525],[-92.7996561,44.9062481],[-92.7996502,44.9063128],[-92.7997469,44.9063171]]]}},{"type":"Feature","id":"way/1346986360","properties":{"access":"private","highway":"service","service":"driveway","osm_type":"way","osm_id":1346986360},"geometry":{"type":"LineString","coordinates":[[-92.7994525,44.9068074],[-92.7994504,44.9067971],[-92.7994385,44.9067566],[-92.7994223,44.9067192],[-92.7993637,44.9066277],[-92.799287,44.9065157],[-92.7992645,44.9064752],[-92.7992482,44.9064327]]}},{"type":"Feature","id":"way/1346986361","properties":{"building":"house","osm_type":"way","osm_id":1346986361},"geometry":{"type":"Polygon","coordinates":[[[-92.7983642,44.9063237],[-92.7983937,44.9064111],[-92.7982039,44.9064432],[-92.7982211,44.9064505],[-92.7981818,44.9064967],[-92.7982138,44.9065103],[-92.7981673,44.906565],[-92.798134,44.9065508],[-92.798094,44.906598],[-92.7980782,44.9065912],[-92.7980412,44.9066348],[-92.7979133,44.9065803],[-92.7979521,44.9065346],[-92.7979351,44.9065274],[-92.7979886,44.9064644],[-92.7979631,44.9064535],[-92.7980169,44.9063901],[-92.7980426,44.906401],[-92.7980682,44.9063738],[-92.7983642,44.9063237]]]}},{"type":"Feature","id":"way/1346986362","properties":{"building":"shed","osm_type":"way","osm_id":1346986362},"geometry":{"type":"Polygon","coordinates":[[[-92.7972018,44.9070838],[-92.7971302,44.9070461],[-92.7970857,44.9070885],[-92.7971573,44.9071262],[-92.7972018,44.9070838]]]}},{"type":"Feature","id":"way/1346986363","properties":{"building":"house","osm_type":"way","osm_id":1346986363},"geometry":{"type":"Polygon","coordinates":[[[-92.7973803,44.9071241],[-92.7974568,44.907054],[-92.7974842,44.907069],[-92.7975465,44.9070118],[-92.7974554,44.906962],[-92.7974322,44.9069833],[-92.7973156,44.9069196],[-92.7972001,44.9070255],[-92.7973803,44.9071241]]]}},{"type":"Feature","id":"way/1346986364","properties":{"building":"house","osm_type":"way","osm_id":1346986364},"geometry":{"type":"Polygon","coordinates":[[[-92.7971357,44.9078568],[-92.7971857,44.9078028],[-92.7971788,44.9077996],[-92.7972009,44.9077758],[-92.7972177,44.9077837],[-92.7972478,44.9077512],[-92.7972585,44.9077562],[-92.7972738,44.9077397],[-92.7972631,44.9077348],[-92.7972968,44.9076984],[-92.7972544,44.9076786],[-92.7972897,44.9076406],[-92.7972309,44.9076133],[-92.7971208,44.9077321],[-92.7971262,44.9077346],[-92.79705,44.9078169],[-92.7971357,44.9078568]]]}},{"type":"Feature","id":"way/1346986365","properties":{"building":"garage","osm_type":"way","osm_id":1346986365},"geometry":{"type":"Polygon","coordinates":[[[-92.7970377,44.9080125],[-92.7971181,44.9080507],[-92.7971911,44.9079736],[-92.7971107,44.9079354],[-92.7970377,44.9080125]]]}},{"type":"Feature","id":"way/1346986366","properties":{"building":"house","osm_type":"way","osm_id":1346986366},"geometry":{"type":"Polygon","coordinates":[[[-92.7929911,44.9078965],[-92.7929732,44.9078198],[-92.7930579,44.9077705],[-92.7931605,44.9077978],[-92.7931875,44.9079126],[-92.7931577,44.9079299],[-92.7931066,44.9079163],[-92.7930938,44.9079238],[-92.7931534,44.9081779],[-92.7931296,44.9081918],[-92.793008,44.9081595],[-92.7929517,44.9079194],[-92.7929911,44.9078965]]]}},{"type":"Feature","id":"way/1346986367","properties":{"leisure":"swimming_pool","osm_type":"way","osm_id":1346986367},"geometry":{"type":"Polygon","coordinates":[[[-92.7932311,44.9079408],[-92.7934634,44.9079157],[-92.7934566,44.9078843],[-92.7932244,44.9079094],[-92.7932311,44.9079408]]]}},{"type":"Feature","id":"way/1346986368","properties":{"building":"garage","osm_type":"way","osm_id":1346986368},"geometry":{"type":"Polygon","coordinates":[[[-92.7933403,44.9083136],[-92.7934793,44.9082991],[-92.7934623,44.9082179],[-92.7933233,44.9082324],[-92.7933403,44.9083136]]]}},{"type":"Feature","id":"way/1346986369","properties":{"natural":"grassland","osm_type":"way","osm_id":1346986369},"geometry":{"type":"Polygon","coordinates":[[[-92.794383,44.9022233],[-92.7943747,44.9021774],[-92.7943693,44.9021215],[-92.794368,44.9020814],[-92.7943681,44.9020612],[-92.7943699,44.9020221],[-92.794143,44.9020866],[-92.7941413,44.9020901],[-92.7941367,44.9021179],[-92.7941525,44.9021662],[-92.794249,44.9021514],[-92.7943013,44.9021542],[-92.7943398,44.9021693],[-92.7943636,44.9021865],[-92.794383,44.9022233]]]}},{"type":"Feature","id":"way/1346986370","properties":{"natural":"wood","osm_type":"way","osm_id":1346986370},"geometry":{"type":"Polygon","coordinates":[[[-92.7943699,44.9020221],[-92.7943943,44.9020152],[-92.7943978,44.9020164],[-92.7944256,44.9020339],[-92.7944458,44.9020657],[-92.7944869,44.902172],[-92.794495,44.9022903],[-92.7944866,44.9023939],[-92.7944352,44.9023953],[-92.7944132,44.9023861],[-92.7943994,44.9023711],[-92.7943899,44.9023322],[-92.794383,44.9022233],[-92.7943747,44.9021774],[-92.7943693,44.9021215],[-92.794368,44.9020814],[-92.7943681,44.9020612],[-92.7943699,44.9020221]]]}},{"type":"Feature","id":"way/1346986371","properties":{"natural":"grassland","osm_type":"way","osm_id":1346986371},"geometry":{"type":"Polygon","coordinates":[[[-92.7941217,44.9021684],[-92.7939164,44.9022099],[-92.793819,44.9022354],[-92.7937482,44.9022591],[-92.7936788,44.90229],[-92.7936444,44.9023147],[-92.7936288,44.9023422],[-92.7936305,44.902357],[-92.7936182,44.902319],[-92.7935956,44.9022421],[-92.794068,44.9021079],[-92.7940871,44.9021138],[-92.7941044,44.9021257],[-92.7941217,44.9021684]]]}},{"type":"Feature","id":"way/1346986372","properties":{"landuse":"farmyard","osm_type":"way","osm_id":1346986372},"geometry":{"type":"Polygon","coordinates":[[[-92.7944882,44.9019887],[-92.7944636,44.9019956],[-92.7944253,44.9020064],[-92.7943943,44.9020152],[-92.7943699,44.9020221],[-92.7944491,44.9021528],[-92.7944504,44.9023929],[-92.7944866,44.9023939],[-92.79448,44.9024649],[-92.7944701,44.9025569],[-92.7944658,44.9026145],[-92.7944515,44.9026188],[-92.7944658,44.905402],[-92.7915903,44.9054191],[-92.7916147,44.9074709],[-92.7952684,44.9074491],[-92.795244,44.905394],[-92.7946329,44.9053976],[-92.7946207,44.9048722],[-92.7945762,44.9048493],[-92.7945604,44.9044387],[-92.7945447,44.9039661],[-92.7945998,44.9039715],[-92.7945567,44.9021095],[-92.7944882,44.9019887]]]}},{"type":"Feature","id":"way/1346986373","properties":{"landuse":"vineyard","osm_type":"way","osm_id":1346986373},"geometry":{"type":"Polygon","coordinates":[[[-92.7931542,44.9068692],[-92.7935273,44.907125],[-92.7942805,44.9065741],[-92.7939074,44.9063182],[-92.7931542,44.9068692]]]}},{"type":"Feature","id":"way/1346986374","properties":{"natural":"wood","osm_type":"way","osm_id":1346986374},"geometry":{"type":"Polygon","coordinates":[[[-92.7945762,44.9048493],[-92.7945805,44.9049881],[-92.7945805,44.9053176],[-92.7945474,44.9055033],[-92.7945226,44.9056006],[-92.7944942,44.9056575],[-92.7944442,44.9057276],[-92.7942188,44.9059915],[-92.7943481,44.9060564],[-92.7945561,44.9061338],[-92.7946883,44.906171],[-92.7948902,44.9062112],[-92.7949244,44.9062233],[-92.7949744,44.9062572],[-92.7949997,44.9062991],[-92.7950001,44.9063435],[-92.7949753,44.906385],[-92.7948247,44.9065407],[-92.7947411,44.9066187],[-92.7946504,44.9066925],[-92.7945492,44.9067575],[-92.7944053,44.9068296],[-92.7942367,44.9069048],[-92.7936166,44.9071617],[-92.7935007,44.9072015],[-92.7933897,44.9072293],[-92.7933384,44.9072368],[-92.7932386,44.9072401],[-92.793138,44.90723],[-92.7930375,44.9072061],[-92.7929383,44.9071678],[-92.7928416,44.9071146],[-92.7927458,44.9071878],[-92.7927098,44.907205],[-92.7926436,44.9072257],[-92.7926534,44.907265],[-92.7926502,44.9073005],[-92.7926317,44.9073326],[-92.7925954,44.9073615],[-92.7925388,44.9073876],[-92.7924727,44.9074049],[-92.7924113,44.9074079],[-92.792383,44.9074044],[-92.7923324,44.9073885],[-92.7922917,44.9073618],[-92.7922757,44.9073447],[-92.79225,44.9073018],[-92.792231,44.9072482],[-92.7922195,44.9071874],[-92.792216,44.9071227],[-92.7922277,44.9070258],[-92.7922526,44.906961],[-92.7922741,44.9069285],[-92.7923423,44.9068631],[-92.7923921,44.9068304],[-92.7924541,44.9067978],[-92.7926211,44.9067329],[-92.7925672,44.9066492],[-92.7925345,44.9065788],[-92.7925223,44.9065345],[-92.7925185,44.9064956],[-92.7925244,44.9064478],[-92.7925383,44.9064131],[-92.7925649,44.9063805],[-92.7926357,44.906335],[-92.7929395,44.9062001],[-92.7931206,44.9061136],[-92.7930815,44.906083],[-92.7930593,44.9060492],[-92.7930516,44.9060137],[-92.7930558,44.9059776],[-92.7930696,44.9059421],[-92.7931157,44.9058785],[-92.7931431,44.9058529],[-92.7931944,44.9058202],[-92.7932456,44.9058063],[-92.7932756,44.9058031],[-92.7933414,44.9058069],[-92.7933756,44.9058149],[-92.7934435,44.905846],[-92.793506,44.9059005],[-92.7936039,44.905868],[-92.7938493,44.9057993],[-92.7939797,44.9057468],[-92.7942981,44.9055564],[-92.7944899,44.9054296],[-92.7945162,44.9053987],[-92.7945314,44.9053702],[-92.7945439,44.9052754],[-92.7945419,44.9049885],[-92.7945012,44.9036944],[-92.7944675,44.9029577],[-92.7944658,44.9026145],[-92.7944515,44.9026188],[-92.7944594,44.9053978],[-92.7915857,44.9054154],[-92.7916004,44.9074792],[-92.7952814,44.9074602],[-92.7952725,44.9053885],[-92.7946207,44.9048722],[-92.7945762,44.9048493]]]}},{"type":"Feature","id":"way/1346986375","properties":{"natural":"wood","osm_type":"way","osm_id":1346986375},"geometry":{"type":"Polygon","coordinates":[[[-92.7941268,44.9056977],[-92.7940022,44.905769],[-92.7939521,44.9057918],[-92.7938659,44.9058241],[-92.7935861,44.9059034],[-92.793472,44.9059463],[-92.7931439,44.9061355],[-92.7929606,44.9062231],[-92.7926581,44.9063573],[-92.7925954,44.9063974],[-92.7925698,44.9064319],[-92.7925572,44.9064955],[-92.7925651,44.9065508],[-92.7926034,44.9066397],[-92.7926703,44.9067383],[-92.7928157,44.9068784],[-92.7928583,44.9069287],[-92.7928768,44.9069671],[-92.7928904,44.9069768],[-92.7929178,44.9069794],[-92.7929531,44.9069648],[-92.7934479,44.9065661],[-92.7936197,44.9064422],[-92.7938561,44.9062853],[-92.7939505,44.9062139],[-92.7940274,44.9061446],[-92.794186,44.9059769],[-92.7944357,44.9056809],[-92.7944852,44.9055936],[-92.7945092,44.9054993],[-92.7945055,44.9054819],[-92.7944945,44.9054784],[-92.7944705,44.905484],[-92.7941268,44.9056977]]]}},{"type":"Feature","id":"way/1346986376","properties":{"access":"private","highway":"service","service":"driveway","osm_type":"way","osm_id":1346986376},"geometry":{"type":"LineString","coordinates":[[-92.7945464,44.9054079],[-92.794523,44.9054257],[-92.7944393,44.905484],[-92.7943109,44.9055666],[-92.7941143,44.9056873],[-92.7940312,44.905736],[-92.7939909,44.9057579],[-92.7939423,44.90578],[-92.7938576,44.9058117],[-92.7937979,44.9058304],[-92.7936779,44.9058617],[-92.7935781,44.9058909],[-92.793515,44.9059126],[-92.7934612,44.9059349],[-92.793417,44.9059588],[-92.7932042,44.9060846],[-92.7931323,44.9061245],[-92.79307,44.9061555],[-92.79295,44.9062116],[-92.7926469,44.9063461],[-92.7926074,44.9063684],[-92.7925802,44.9063889],[-92.7925624,44.9064085],[-92.7925513,44.9064279],[-92.7925434,44.9064505],[-92.7925385,44.9064791],[-92.7925388,44.9065135],[-92.7925414,44.9065327],[-92.7925532,44.9065754],[-92.7925628,44.9065987],[-92.7925853,44.9066445],[-92.7926099,44.9066867],[-92.792638,44.9067263],[-92.7926538,44.9067455],[-92.7926896,44.9067832],[-92.7927998,44.9068862],[-92.7928243,44.9069129],[-92.7928408,44.9069345],[-92.7928537,44.9069629],[-92.7928654,44.9070012],[-92.7928724,44.907041],[-92.7928718,44.9070631]]}},{"type":"Feature","id":"way/1346986377","properties":{"building":"house","osm_type":"way","osm_id":1346986377},"geometry":{"type":"Polygon","coordinates":[[[-92.793291,44.902738],[-92.7933906,44.9027344],[-92.7933916,44.9027481],[-92.7934384,44.9027464],[-92.7934373,44.9027322],[-92.7934839,44.9027305],[-92.7934764,44.9026266],[-92.7932835,44.9026335],[-92.793291,44.902738]]]}},{"type":"Feature","id":"way/1346986378","properties":{"building":"shed","osm_type":"way","osm_id":1346986378},"geometry":{"type":"Polygon","coordinates":[[[-92.7933534,44.9028587],[-92.7933961,44.9028562],[-92.7933924,44.9028243],[-92.7933496,44.9028269],[-92.7933534,44.9028587]]]}},{"type":"Feature","id":"way/1346986379","properties":{"building":"garage","osm_type":"way","osm_id":1346986379},"geometry":{"type":"Polygon","coordinates":[[[-92.7930013,44.9028982],[-92.7930251,44.9030072],[-92.7931551,44.902993],[-92.7931313,44.902884],[-92.7930013,44.9028982]]]}},{"type":"Feature","id":"way/1346986380","properties":{"building":"shed","osm_type":"way","osm_id":1346986380},"geometry":{"type":"Polygon","coordinates":[[[-92.7928152,44.9030887],[-92.7928199,44.9031434],[-92.7928626,44.9031415],[-92.7928579,44.9030868],[-92.7928152,44.9030887]]]}},{"type":"Feature","id":"way/1346986381","properties":{"building":"shed","osm_type":"way","osm_id":1346986381},"geometry":{"type":"Polygon","coordinates":[[[-92.7927876,44.9031437],[-92.7926553,44.9031472],[-92.7926503,44.9030527],[-92.792681,44.9030518],[-92.7926815,44.9030625],[-92.7927832,44.9030598],[-92.7927876,44.9031437]]]}},{"type":"Feature","id":"way/1346986382","properties":{"building":"house","osm_type":"way","osm_id":1346986382},"geometry":{"type":"Polygon","coordinates":[[[-92.7922308,44.9029223],[-92.7922094,44.9028752],[-92.7922385,44.9028686],[-92.7922225,44.9028333],[-92.7923467,44.902805],[-92.7923843,44.9028877],[-92.7923606,44.9028931],[-92.7923694,44.9029125],[-92.792322,44.9029232],[-92.7923131,44.9029035],[-92.7922308,44.9029223]]]}},{"type":"Feature","id":"way/1346986383","properties":{"building":"shed","osm_type":"way","osm_id":1346986383},"geometry":{"type":"Polygon","coordinates":[[[-92.7926804,44.9028655],[-92.7926926,44.9029428],[-92.7927573,44.9029377],[-92.7927451,44.9028604],[-92.7926804,44.9028655]]]}},{"type":"Feature","id":"way/1346986384","properties":{"natural":"grassland","osm_type":"way","osm_id":1346986384},"geometry":{"type":"Polygon","coordinates":[[[-92.7918968,44.9026819],[-92.7919707,44.9026704],[-92.7920468,44.9026571],[-92.7920851,44.9026499],[-92.7921976,44.9026265],[-92.7923048,44.9026021],[-92.7923955,44.9025798],[-92.7925094,44.9025492],[-92.7925183,44.9025521],[-92.7925497,44.9025676],[-92.7925671,44.9025824],[-92.7925986,44.9026408],[-92.7922302,44.902727],[-92.7920119,44.9027876],[-92.7919199,44.9028182],[-92.7918932,44.9027511],[-92.7918968,44.9026819]]]}},{"type":"Feature","id":"way/1346986385","properties":{"natural":"wood","osm_type":"way","osm_id":1346986385},"geometry":{"type":"Polygon","coordinates":[[[-92.7890977,44.9043553],[-92.7891139,44.9043612],[-92.789147,44.9043592],[-92.789178,44.904343],[-92.7892034,44.9043183],[-92.7892233,44.9042771],[-92.7892238,44.9041585],[-92.7891937,44.9040153],[-92.7891924,44.9039904],[-92.7892044,44.9039514],[-92.789217,44.9039364],[-92.7892541,44.9039137],[-92.789396,44.9038736],[-92.7894551,44.9038431],[-92.7895046,44.9038026],[-92.7895237,44.9037792],[-92.7895468,44.9037275],[-92.7895448,44.9036379],[-92.7895285,44.903532],[-92.7894926,44.9034194],[-92.7894536,44.9033459],[-92.7894065,44.9029518],[-92.7894131,44.9029205],[-92.7894412,44.902918],[-92.7896696,44.9028977],[-92.7904094,44.9028319],[-92.7904247,44.9028306],[-92.7913638,44.902745],[-92.7913902,44.9027656],[-92.7914126,44.9027916],[-92.7914525,44.9028728],[-92.791609,44.9030932],[-92.7916604,44.9031908],[-92.791712,44.9033197],[-92.7917196,44.9033795],[-92.7917215,44.9034827],[-92.7916951,44.9035916],[-92.7916681,44.9036628],[-92.7916403,44.9037009],[-92.7915894,44.9037471],[-92.7915435,44.9037786],[-92.791257,44.9038675],[-92.791096,44.9039314],[-92.7910212,44.9039756],[-92.7909622,44.9040392],[-92.7909342,44.9040917],[-92.7909186,44.904149],[-92.7909186,44.9042083],[-92.790935,44.9042611],[-92.7909648,44.9043014],[-92.7910054,44.9043307],[-92.7910542,44.9043505],[-92.7911387,44.9043651],[-92.7912076,44.9043654],[-92.7913188,44.9043516],[-92.7913873,44.9043331],[-92.7914427,44.9043074],[-92.7915206,44.9042412],[-92.7915998,44.9041483],[-92.7916563,44.9040556],[-92.7916722,44.9040033],[-92.7916838,44.9038764],[-92.7916729,44.9037157],[-92.7916967,44.9036855],[-92.791718,44.9036401],[-92.7917569,44.9035052],[-92.7917613,44.9034336],[-92.7917525,44.9033284],[-92.7917149,44.9032213],[-92.791655,44.9031],[-92.7915084,44.902895],[-92.7914739,44.9028353],[-92.791454,44.9027847],[-92.7914648,44.9027359],[-92.7914957,44.902733],[-92.7916654,44.9027129],[-92.7917902,44.9026968],[-92.7918187,44.9027178],[-92.7918539,44.9027586],[-92.7919099,44.9028592],[-92.7919498,44.9029173],[-92.7919746,44.9029413],[-92.7920237,44.902975],[-92.792054,44.9029887],[-92.7921042,44.9030014],[-92.7921598,44.9030075],[-92.7922197,44.9030072],[-92.7923032,44.9029951],[-92.7923987,44.9029633],[-92.7924211,44.9030736],[-92.7924372,44.9031227],[-92.7924561,44.9031582],[-92.7924928,44.9031968],[-92.792531,44.9032164],[-92.7925851,44.9032276],[-92.792651,44.9032286],[-92.7927246,44.9032175],[-92.792763,44.9032068],[-92.7928392,44.9031757],[-92.7931129,44.9030253],[-92.7934449,44.9028759],[-92.7934717,44.9028589],[-92.7934916,44.9028372],[-92.7935081,44.9027919],[-92.7935097,44.9027509],[-92.7934996,44.9026793],[-92.793482,44.9026214],[-92.7934298,44.9025249],[-92.7932859,44.9023301],[-92.7935956,44.9022421],[-92.7936182,44.902319],[-92.7936305,44.902357],[-92.7936691,44.9024642],[-92.7937184,44.9025772],[-92.7937993,44.9027021],[-92.7939164,44.9028422],[-92.7939728,44.9028744],[-92.7940067,44.9028861],[-92.7940809,44.9028975],[-92.7941193,44.9028963],[-92.7941572,44.9028897],[-92.7941937,44.9028771],[-92.7942278,44.9028582],[-92.7942802,44.9028069],[-92.7943705,44.9026656],[-92.7943954,44.9026436],[-92.7944266,44.9026262],[-92.7944515,44.9026188],[-92.7944594,44.9053978],[-92.7915857,44.9054154],[-92.7916004,44.9074792],[-92.7890977,44.9046355],[-92.7890977,44.9043553]]]}},{"type":"Feature","id":"way/1346986580","properties":{"natural":"wood","osm_type":"way","osm_id":1346986580},"geometry":{"type":"Polygon","coordinates":[[[-92.7945447,44.9039661],[-92.7945998,44.9039715],[-92.7945567,44.9021095],[-92.7944882,44.9019887],[-92.7944636,44.9019956],[-92.7944629,44.9019984],[-92.7944638,44.9020235],[-92.794496,44.9020848],[-92.7945185,44.9021434],[-92.7945291,44.9021922],[-92.7945333,44.9022503],[-92.7945308,44.9023343],[-92.7945044,44.9026157],[-92.7945015,44.9027505],[-92.7945398,44.9036938],[-92.7945447,44.9039661]]]}},{"type":"Feature","id":"way/1347027548","properties":{"natural":"wood","osm_type":"way","osm_id":1347027548},"geometry":{"type":"Polygon","coordinates":[[[-92.8009618,44.9064051],[-92.8009665,44.9064755],[-92.8009616,44.9066155],[-92.8009532,44.9066459],[-92.80093,44.9066746],[-92.8005857,44.906682],[-92.8005652,44.9066559],[-92.8005524,44.9066276],[-92.8005357,44.9065096],[-92.8005999,44.9064958],[-92.8007145,44.9064496],[-92.8007799,44.9064295],[-92.8008654,44.9064134],[-92.8009618,44.9064051]]]}},{"type":"Feature","id":"way/1347027549","properties":{"natural":"wood","osm_type":"way","osm_id":1347027549},"geometry":{"type":"Polygon","coordinates":[[[-92.8002586,44.9066996],[-92.800227,44.9052932],[-92.8022302,44.9053105],[-92.8045917,44.9052471],[-92.8046035,44.9059474],[-92.803064,44.9060222],[-92.8024773,44.9064725],[-92.8024435,44.9064671],[-92.8023935,44.9064654],[-92.8023053,44.9064771],[-92.8022546,44.9064717],[-92.8023321,44.9063603],[-92.8025454,44.9060297],[-92.8026226,44.9059539],[-92.8032225,44.9058753],[-92.8034959,44.9058477],[-92.8036877,44.9058405],[-92.8038764,44.90585],[-92.8039627,44.9058503],[-92.8040401,44.9058457],[-92.804105,44.9058348],[-92.8041557,44.9058157],[-92.8041997,44.9057835],[-92.8042479,44.905719],[-92.8042617,44.9056721],[-92.8042615,44.9056493],[-92.8042454,44.9056062],[-92.8042141,44.9055598],[-92.8041693,44.9055129],[-92.8041118,44.90547],[-92.8040785,44.9054515],[-92.8040034,44.905423],[-92.8038704,44.9053979],[-92.803688,44.9053838],[-92.803582,44.9053841],[-92.8035034,44.905394],[-92.8030423,44.9054832],[-92.8029612,44.9054849],[-92.8028697,44.9054803],[-92.8026106,44.9054506],[-92.8025541,44.9054544],[-92.8025127,44.9054674],[-92.8024886,44.9054934],[-92.8024772,44.9055597],[-92.8024849,44.9056128],[-92.8025077,44.9056536],[-92.8025376,44.9056781],[-92.8025897,44.9057047],[-92.8027968,44.9057781],[-92.802599,44.9059397],[-92.8025261,44.9060088],[-92.8022662,44.9064084],[-92.8021698,44.9065277],[-92.802086,44.9066047],[-92.8019279,44.9067342],[-92.8018151,44.9068165],[-92.801748,44.9068493],[-92.8016806,44.9068163],[-92.8015993,44.9067852],[-92.8015006,44.9067529],[-92.8013801,44.9067201],[-92.8012205,44.9066942],[-92.8010137,44.9066756],[-92.8010004,44.9066306],[-92.8010051,44.9064751],[-92.8009978,44.906386],[-92.8011053,44.9063153],[-92.8012103,44.9062333],[-92.8012448,44.9061851],[-92.8012622,44.906128],[-92.8012632,44.906056],[-92.8012447,44.9060089],[-92.8012006,44.9059688],[-92.8011548,44.9059517],[-92.8011264,44.9059474],[-92.8010549,44.9059486],[-92.8009523,44.9059597],[-92.8007747,44.9059874],[-92.8006682,44.9060087],[-92.8005934,44.9060286],[-92.8005436,44.9060486],[-92.8004998,44.9060724],[-92.8004636,44.9061005],[-92.800436,44.9061334],[-92.8004183,44.9061713],[-92.8004124,44.906239],[-92.8004218,44.906291],[-92.8004412,44.9063479],[-92.8004884,44.9064411],[-92.8005131,44.9066308],[-92.8005079,44.9066602],[-92.8004972,44.9066857],[-92.8002586,44.9066996]]]}},{"type":"Feature","id":"way/1347027553","properties":{"building":"garage","osm_type":"way","osm_id":1347027553},"geometry":{"type":"Polygon","coordinates":[[[-92.8006161,44.9063699],[-92.8007688,44.9063743],[-92.8007733,44.9062961],[-92.8006206,44.9062917],[-92.8006161,44.9063699]]]}},{"type":"Feature","id":"way/1347027569","properties":{"natural":"grassland","osm_type":"way","osm_id":1347027569},"geometry":{"type":"Polygon","coordinates":[[[-92.7998179,44.89975],[-92.799827,44.8997562],[-92.7998479,44.8997779],[-92.7998528,44.8997956],[-92.7998471,44.8998163],[-92.799828,44.8998404],[-92.799148,44.9005084],[-92.7988764,44.9007625],[-92.7986625,44.9009782],[-92.7986339,44.9010241],[-92.7986227,44.9010633],[-92.7986223,44.9011253],[-92.7986358,44.9011629],[-92.798596,44.9010841],[-92.7985813,44.9010566],[-92.7985655,44.9010299],[-92.7985481,44.9010048],[-92.7985291,44.900982],[-92.7985081,44.9009624],[-92.7986639,44.900818],[-92.7992167,44.9003068],[-92.7998179,44.89975]]]}},{"type":"Feature","id":"way/1347027570","properties":{"natural":"grassland","osm_type":"way","osm_id":1347027570},"geometry":{"type":"Polygon","coordinates":[[[-92.8010161,44.8988853],[-92.8009829,44.8989073],[-92.8006514,44.8991547],[-92.7999961,44.8997048],[-92.7999606,44.8997246],[-92.7999212,44.899734],[-92.7998758,44.899729],[-92.7998503,44.89972],[-92.8000592,44.8995265],[-92.8007682,44.8988617],[-92.8007943,44.8988771],[-92.8008221,44.8988892],[-92.8008509,44.8988982],[-92.8008803,44.8989039],[-92.8009097,44.8989065],[-92.8009385,44.8989059],[-92.8009662,44.8989022],[-92.8009923,44.8988953],[-92.8010161,44.8988853]]]}},{"type":"Feature","id":"way/1347027571","properties":{"natural":"wood","osm_type":"way","osm_id":1347027571},"geometry":{"type":"Polygon","coordinates":[[[-92.8041153,44.8985419],[-92.8043624,44.8984764],[-92.804663,44.8984121],[-92.8047726,44.8983965],[-92.805048,44.8983768],[-92.8051771,44.8983596],[-92.8056399,44.898267],[-92.8058982,44.8982231],[-92.8061038,44.8982028],[-92.8062471,44.8981992],[-92.8063311,44.8981638],[-92.8063928,44.8981479],[-92.8065122,44.8981385],[-92.8067274,44.8981453],[-92.8067808,44.8981406],[-92.8067997,44.8981342],[-92.8068266,44.8981158],[-92.8068457,44.8980783],[-92.8068441,44.8980392],[-92.8068183,44.897974],[-92.8061986,44.8980933],[-92.8021162,44.8988793],[-92.8021082,44.8978223],[-92.8020753,44.8978419],[-92.80204,44.8978638],[-92.8019542,44.897919],[-92.8018148,44.8980116],[-92.8017346,44.8980662],[-92.8016741,44.8981086],[-92.8015689,44.8981849],[-92.8014918,44.8982423],[-92.8014155,44.8983001],[-92.8012817,44.8984057],[-92.8011616,44.8985054],[-92.8009814,44.8986646],[-92.8007894,44.8988421],[-92.8007682,44.8988617],[-92.8007943,44.8988771],[-92.8008221,44.8988892],[-92.8008509,44.8988982],[-92.8008803,44.8989039],[-92.8009097,44.8989065],[-92.8009385,44.8989059],[-92.8009662,44.8989022],[-92.8009923,44.8988953],[-92.8010161,44.8988853],[-92.8011174,44.8988073],[-92.8012949,44.8986524],[-92.8017056,44.8982606],[-92.8017428,44.8982367],[-92.8018026,44.8982124],[-92.8018425,44.8982051],[-92.8018808,44.8982063],[-92.8019187,44.8982177],[-92.8019678,44.8982516],[-92.8019903,44.898283],[-92.8020002,44.8983198],[-92.8019926,44.8986172],[-92.8019603,44.8989696],[-92.8019574,44.8990552],[-92.8042334,44.898911],[-92.8041505,44.8987995],[-92.8040621,44.8987021],[-92.804042,44.8986631],[-92.8040372,44.8986219],[-92.8040512,44.8985835],[-92.8040876,44.8985528],[-92.8041153,44.8985419]]]}},{"type":"Feature","id":"way/1347027572","properties":{"natural":"wood","osm_type":"way","osm_id":1347027572},"geometry":{"type":"Polygon","coordinates":[[[-92.8023361,44.9016329],[-92.8023206,44.9016319],[-92.8022757,44.9016203],[-92.8022513,44.9016054],[-92.8022353,44.9015848],[-92.8022312,44.9015586],[-92.8022503,44.9014712],[-92.8022918,44.9013323],[-92.8023269,44.9012378],[-92.8023646,44.9011606],[-92.8024125,44.9010923],[-92.8024757,44.9010177],[-92.8026197,44.9008747],[-92.8026862,44.9008189],[-92.8027551,44.9007699],[-92.8028778,44.9007002],[-92.8029637,44.9006643],[-92.8030056,44.9006516],[-92.8030832,44.90064],[-92.8032154,44.9006455],[-92.8035493,44.9006763],[-92.8036402,44.9006743],[-92.8037044,44.9006658],[-92.8037943,44.9006398],[-92.8039823,44.9005427],[-92.8040625,44.9005098],[-92.8041464,44.9004843],[-92.8042351,44.9004688],[-92.8043475,44.9004554],[-92.8045343,44.9004385],[-92.8047616,44.9004242],[-92.8048219,44.9004111],[-92.8049013,44.9003744],[-92.8049436,44.9003414],[-92.8049744,44.9003041],[-92.8049983,44.9002606],[-92.805017,44.9002089],[-92.8050244,44.9001499],[-92.8050219,44.900118],[-92.8050008,44.90005],[-92.8049239,44.8999235],[-92.8048922,44.8998522],[-92.8048815,44.8998029],[-92.8048691,44.8996773],[-92.8048519,44.8996157],[-92.8048263,44.8995593],[-92.8047935,44.8995091],[-92.8047546,44.8994662],[-92.8045285,44.899283],[-92.8044683,44.8992262],[-92.8043817,44.8991159],[-92.8042334,44.898911],[-92.8019574,44.8990552],[-92.8019586,44.8992976],[-92.8019451,44.8994618],[-92.8019167,44.8995802],[-92.8018587,44.8996854],[-92.801808,44.8997555],[-92.8017423,44.8998259],[-92.8011919,44.9002781],[-92.8011476,44.9003205],[-92.801071,44.9004127],[-92.8009847,44.9005545],[-92.8009305,44.9006763],[-92.80091,44.9007395],[-92.800857,44.9009657],[-92.800817,44.9010713],[-92.8007897,44.9011239],[-92.8007172,44.9012257],[-92.8006278,44.9013281],[-92.8005311,44.9014276],[-92.8002876,44.9016592],[-92.8002464,44.9017191],[-92.8001879,44.9018558],[-92.8001582,44.9018996],[-92.8003165,44.9019714],[-92.8004351,44.9020181],[-92.8013708,44.9023419],[-92.8014383,44.9023747],[-92.8014993,44.9024115],[-92.8015477,44.902449],[-92.8015899,44.9024921],[-92.8016216,44.9025143],[-92.8017142,44.9025572],[-92.8018795,44.9026177],[-92.8019222,44.9026422],[-92.8019494,44.9026689],[-92.8019602,44.9026974],[-92.8019543,44.9027255],[-92.8019345,44.9027509],[-92.8019042,44.9027732],[-92.8018654,44.9027928],[-92.8017679,44.9028242],[-92.8014477,44.9029034],[-92.8011691,44.9029809],[-92.8010167,44.9030397],[-92.8009009,44.9031041],[-92.8008279,44.9031602],[-92.8007937,44.903193],[-92.800718,44.9032885],[-92.8006896,44.9033452],[-92.8006728,44.9033992],[-92.8006593,44.9034806],[-92.8006571,44.9035345],[-92.8006669,44.9035867],[-92.8006922,44.9036374],[-92.8007369,44.9036867],[-92.8008064,44.9037353],[-92.8009628,44.9036159],[-92.8010535,44.9035555],[-92.8011716,44.9035123],[-92.8013131,44.9034822],[-92.8014219,44.9034766],[-92.8015787,44.9034755],[-92.8017378,44.9034787],[-92.8018508,44.9034882],[-92.8019104,44.9035053],[-92.8019625,44.9035296],[-92.8020049,44.9035572],[-92.8020449,44.9035961],[-92.8020824,44.9036794],[-92.8020999,44.9037778],[-92.802106,44.9050654],[-92.8021014,44.9051137],[-92.802081,44.9051584],[-92.8020389,44.9051946],[-92.8020078,44.9052079],[-92.8019691,44.9052171],[-92.801922,44.9052218],[-92.8017942,44.9052167],[-92.8008988,44.905149],[-92.800761,44.9051304],[-92.8006697,44.9051041],[-92.8006287,44.9050851],[-92.8005879,44.905058],[-92.8005603,44.905028],[-92.8005478,44.9050028],[-92.8005364,44.9049328],[-92.8005701,44.9045104],[-92.800588,44.9040064],[-92.800608,44.903956],[-92.800644,44.9038986],[-92.8007184,44.9038111],[-92.8007754,44.9037597],[-92.8007352,44.9037342],[-92.8006728,44.9036799],[-92.8006336,44.9036232],[-92.8006143,44.9035652],[-92.8006105,44.9035069],[-92.800627,44.9033938],[-92.8006449,44.9033362],[-92.8006754,44.9032754],[-92.8007235,44.9032097],[-92.8007916,44.9031397],[-92.800869,44.9030802],[-92.8009913,44.9030123],[-92.8010724,44.9029783],[-92.8011921,44.9029378],[-92.8014319,44.9028725],[-92.8018001,44.90278],[-92.801841,44.9027648],[-92.8018968,44.9027312],[-92.8019096,44.9027148],[-92.8019129,44.9026993],[-92.8019068,44.9026832],[-92.8018882,44.902665],[-92.8018536,44.9026451],[-92.8016917,44.902586],[-92.8015919,44.9025395],[-92.8015544,44.9025133],[-92.8015104,44.9024686],[-92.8014673,44.9024353],[-92.8014101,44.9024009],[-92.8013469,44.9023701],[-92.8004143,44.9020474],[-92.8002922,44.9019994],[-92.8001329,44.9019271],[-92.8000944,44.9019574],[-92.8000077,44.9019978],[-92.7999112,44.9020243],[-92.7998555,44.9020301],[-92.7997818,44.9020287],[-92.7997005,44.9020184],[-92.7996012,44.9019907],[-92.7995225,44.9019589],[-92.799448,44.9019193],[-92.7993805,44.9018747],[-92.7993201,44.9018268],[-92.7992437,44.9017533],[-92.7992022,44.9017023],[-92.7991685,44.9016495],[-92.7991205,44.9015401],[-92.7991187,44.9014851],[-92.799146,44.9014113],[-92.7991908,44.9013495],[-92.7993099,44.9012269],[-92.7993174,44.9012134],[-92.7993105,44.9011978],[-92.7992884,44.9011941],[-92.7992691,44.9012017],[-92.7991096,44.9013058],[-92.799017,44.9013571],[-92.7989749,44.9013693],[-92.7989103,44.9013732],[-92.7988503,44.9013595],[-92.7987787,44.9013162],[-92.7986906,44.9012389],[-92.7986615,44.9012046],[-92.7986358,44.9011629],[-92.798596,44.9010841],[-92.7985813,44.9010566],[-92.7985655,44.9010299],[-92.7985481,44.9010048],[-92.7985291,44.900982],[-92.7985081,44.9009624],[-92.798334,44.9011253],[-92.7982339,44.9012163],[-92.7981799,44.9012617],[-92.7981353,44.9012968],[-92.7980611,44.9013495],[-92.7980353,44.9013658],[-92.7985677,44.9016965],[-92.7986635,44.9052932],[-92.800227,44.9052932],[-92.8022302,44.9053105],[-92.8022628,44.9017634],[-92.8023361,44.9016329]]]}},{"type":"Feature","id":"way/1347027573","properties":{"access":"private","highway":"track","surface":"unpaved","osm_type":"way","osm_id":1347027573},"geometry":{"type":"LineString","coordinates":[[-92.8007909,44.9037475],[-92.8007516,44.9037225],[-92.8007189,44.903697],[-92.8006923,44.903671],[-92.8006714,44.9036446],[-92.8006555,44.9036177],[-92.8006443,44.9035905],[-92.8006373,44.903563],[-92.8006339,44.9035353],[-92.8006337,44.9035074],[-92.8006399,44.9034514],[-92.8006499,44.9033965],[-92.8006573,44.9033688],[-92.8006672,44.9033407],[-92.8006802,44.9033118],[-92.8006967,44.903282],[-92.8007176,44.9032508],[-92.8007434,44.9032182],[-92.8007746,44.9031837],[-92.8008098,44.90315],[-92.8008467,44.9031195],[-92.8008849,44.9030922],[-92.8009241,44.9030676],[-92.8009639,44.9030456],[-92.801004,44.903026],[-92.8010439,44.9030085],[-92.8010834,44.9029928],[-92.8011594,44.902966],[-92.8012519,44.9029381],[-92.8014398,44.9028879],[-92.8017599,44.9028088],[-92.8018097,44.902795],[-92.8018532,44.9027788],[-92.8018889,44.9027607],[-92.8019156,44.902741],[-92.801932,44.9027201],[-92.8019366,44.9026983],[-92.8019281,44.902676],[-92.8019052,44.9026536],[-92.8018666,44.9026314],[-92.8018108,44.9026098],[-92.8017517,44.9025897],[-92.8017029,44.9025716],[-92.8016633,44.9025552],[-92.8016317,44.9025404],[-92.8016067,44.9025269],[-92.8015873,44.9025144],[-92.8015721,44.9025027],[-92.8015291,44.9024588],[-92.8015158,44.9024473],[-92.8014833,44.9024234],[-92.8014242,44.9023878],[-92.8013589,44.902356],[-92.8013318,44.9023452],[-92.8012504,44.9023161],[-92.800944,44.902212],[-92.8006768,44.9021176],[-92.8004247,44.9020327],[-92.8003428,44.9020018],[-92.8003043,44.9019854],[-92.8001456,44.9019133]]}},{"type":"Feature","id":"way/1347027574","properties":{"landuse":"farmland","osm_type":"way","osm_id":1347027574},"geometry":{"type":"Polygon","coordinates":[[[-92.800227,44.9052932],[-92.8022302,44.9053105],[-92.8022628,44.9017634],[-92.8071975,44.901798],[-92.8072138,44.8979016],[-92.8068558,44.8979668],[-92.8068183,44.897974],[-92.8061986,44.8980933],[-92.8021162,44.8988793],[-92.8021082,44.8978223],[-92.8020753,44.8978419],[-92.80204,44.8978638],[-92.8019542,44.897919],[-92.8018148,44.8980116],[-92.8017346,44.8980662],[-92.8016741,44.8981086],[-92.8015689,44.8981849],[-92.8014918,44.8982423],[-92.8014155,44.8983001],[-92.8012817,44.8984057],[-92.8011616,44.8985054],[-92.8009814,44.8986646],[-92.8007894,44.8988421],[-92.8007682,44.8988617],[-92.8000592,44.8995265],[-92.7998503,44.89972],[-92.7998179,44.89975],[-92.7992167,44.9003068],[-92.7986639,44.900818],[-92.7985081,44.9009624],[-92.798334,44.9011253],[-92.7982339,44.9012163],[-92.7981799,44.9012617],[-92.7981353,44.9012968],[-92.7980611,44.9013495],[-92.7980353,44.9013658],[-92.7985677,44.9016965],[-92.7986635,44.9052932],[-92.800227,44.9052932]]]}},{"type":"Feature","id":"way/1351151115","properties":{"intermittent":"yes","waterway":"stream","osm_type":"way","osm_id":1351151115},"geometry":{"type":"LineString","coordinates":[[-92.7843562,44.9087852],[-92.7843159,44.9087921],[-92.7841998,44.9088013],[-92.7840981,44.9087906],[-92.784043,44.9087703],[-92.7840203,44.9087559],[-92.7839593,44.9086967],[-92.7837656,44.9084694],[-92.7834899,44.9081129],[-92.7832648,44.9078541],[-92.7831811,44.9077473],[-92.7831088,44.9076298],[-92.7829649,44.9073024],[-92.7829142,44.9072159],[-92.7828524,44.9071337],[-92.7827768,44.9070587],[-92.7826848,44.9069938],[-92.7825739,44.9069422]]}},{"type":"Feature","id":"way/1351151116","properties":{"intermittent":"yes","layer":"-1","tunnel":"culvert","waterway":"stream","osm_type":"way","osm_id":1351151116},"geometry":{"type":"LineString","coordinates":[[-92.7825739,44.9069422],[-92.7822205,44.9068135]]}},{"type":"Feature","id":"way/1351151117","properties":{"landuse":"grass","osm_type":"way","osm_id":1351151117},"geometry":{"type":"Polygon","coordinates":[[[-92.7839048,44.9074566],[-92.7838511,44.9074535],[-92.7838191,44.9074523],[-92.7837452,44.9074511],[-92.7837034,44.9074512],[-92.7836104,44.9074533],[-92.7834489,44.9074611],[-92.7833909,44.9074623],[-92.7833318,44.9074622],[-92.783272,44.9074611],[-92.7832119,44.9074589],[-92.7830923,44.9074524],[-92.7830337,44.9074484],[-92.7829206,44.9074394],[-92.7828644,44.9074335],[-92.7828055,44.9074247],[-92.7827438,44.9074128],[-92.7826795,44.9073977],[-92.7826127,44.9073793],[-92.7825434,44.9073574],[-92.7824718,44.9073318],[-92.782398,44.9073025],[-92.7823219,44.9072692],[-92.7822438,44.9072318],[-92.782337,44.9071325],[-92.7823763,44.9070897],[-92.7824252,44.9070348],[-92.7824518,44.907002],[-92.7824996,44.9069367],[-92.7825585,44.906853],[-92.7826194,44.9067601],[-92.7826933,44.9066435],[-92.7827282,44.9065852],[-92.7827665,44.9065182],[-92.7828421,44.9063839],[-92.7828783,44.9063169],[-92.7828928,44.9062982],[-92.7829065,44.9062843],[-92.7829147,44.9062773],[-92.7829238,44.9062707],[-92.7829336,44.9062647],[-92.7829555,44.9062543],[-92.7829734,44.9062479],[-92.7829883,44.9062631],[-92.783047,44.9062543],[-92.7830519,44.9062372],[-92.7830681,44.9062386],[-92.7830852,44.9062417],[-92.7831033,44.9062467],[-92.7831219,44.906253],[-92.7831587,44.9062684],[-92.7831919,44.9062848],[-92.7832267,44.9063041],[-92.783245,44.9063162],[-92.7832807,44.9063427],[-92.7833291,44.9063818],[-92.7833494,44.9063997],[-92.7833909,44.9064396],[-92.7834366,44.9064857],[-92.7834718,44.9065236],[-92.7834994,44.9065573],[-92.7835194,44.9065835],[-92.7835393,44.9066111],[-92.7835579,44.9066384],[-92.783574,44.9066641],[-92.7835876,44.9066874],[-92.7836096,44.90673],[-92.7836291,44.9067724],[-92.7836476,44.9068177],[-92.7837283,44.9070287],[-92.7837644,44.9071038],[-92.7837903,44.9071602],[-92.7838192,44.9072287],[-92.7839048,44.9074566]]]}},{"type":"Feature","id":"way/1351151118","properties":{"natural":"grassland","osm_type":"way","osm_id":1351151118},"geometry":{"type":"Polygon","coordinates":[[[-92.7811033,44.9094061],[-92.7810537,44.9095266],[-92.7810255,44.9096186],[-92.7810248,44.9097077],[-92.7810334,44.9097297],[-92.7810474,44.90974],[-92.781085,44.9097509],[-92.7811691,44.909757],[-92.781566,44.9097521],[-92.781598,44.9097454],[-92.7816363,44.9097249],[-92.7816532,44.909705],[-92.7816613,44.9096806],[-92.7816591,44.9097146],[-92.7816586,44.9097465],[-92.7816599,44.9097752],[-92.7807061,44.9097736],[-92.7808723,44.9093762],[-92.7809127,44.9093712],[-92.7809577,44.9093722],[-92.7811033,44.9094061]]]}},{"type":"Feature","id":"way/1351151119","properties":{"natural":"grassland","osm_type":"way","osm_id":1351151119},"geometry":{"type":"Polygon","coordinates":[[[-92.7809035,44.9093022],[-92.7809092,44.9093096],[-92.7809312,44.9093293],[-92.7809684,44.9093487],[-92.7811139,44.9093855],[-92.7811677,44.9092565],[-92.7811672,44.9092222],[-92.7811446,44.9092013],[-92.7811187,44.9091959],[-92.7809547,44.9091821],[-92.7809035,44.9093022]]]}},{"type":"Feature","id":"way/1351151120","properties":{"access":"private","highway":"service","service":"driveway","osm_type":"way","osm_id":1351151120},"geometry":{"type":"LineString","coordinates":[[-92.7808352,44.9093301],[-92.7808642,44.9093367],[-92.7810432,44.9093794],[-92.7811986,44.9094188],[-92.7813421,44.9094469]]}},{"type":"Feature","id":"way/1351151121","properties":{"natural":"wood","osm_type":"way","osm_id":1351151121},"geometry":{"type":"Polygon","coordinates":[[[-92.7817551,44.9090908],[-92.7816844,44.9090919],[-92.7816836,44.90914],[-92.781686,44.9091828],[-92.781704,44.9092782],[-92.7817099,44.9093868],[-92.7817052,44.9094386],[-92.7816811,44.9095414],[-92.7816613,44.9096806],[-92.7816591,44.9097146],[-92.7816586,44.9097465],[-92.7816599,44.9097752],[-92.7817592,44.9097753],[-92.7817551,44.9090908]]]}},{"type":"Feature","id":"way/1351151122","properties":{"natural":"wood","osm_type":"way","osm_id":1351151122},"geometry":{"type":"Polygon","coordinates":[[[-92.7840643,44.9090735],[-92.7840352,44.9089801],[-92.7839885,44.9088758],[-92.7838986,44.9087139],[-92.783803,44.9085659],[-92.7836904,44.9084078],[-92.7836084,44.9083082],[-92.7835536,44.9082625],[-92.7835047,44.9082441],[-92.783414,44.9082472],[-92.7832972,44.9082656],[-92.7832235,44.9082845],[-92.783162,44.9083095],[-92.7831197,44.9083418],[-92.7831081,44.9083611],[-92.783104,44.9083825],[-92.7831073,44.9084301],[-92.7830881,44.9084512],[-92.7830529,44.90847],[-92.7830039,44.9084867],[-92.7828735,44.908515],[-92.7826301,44.9085485],[-92.7822208,44.9085903],[-92.7821049,44.9085972],[-92.7819664,44.9085981],[-92.7818261,44.908588],[-92.7816283,44.9085634],[-92.7814151,44.9085278],[-92.7812881,44.9085001],[-92.7813348,44.908421],[-92.7814515,44.9082339],[-92.7815258,44.9081179],[-92.781598,44.9080146],[-92.7817226,44.9078424],[-92.7817808,44.9077657],[-92.7818488,44.9076796],[-92.7818627,44.9076629],[-92.7818994,44.907622],[-92.7820168,44.9074969],[-92.7821991,44.9072813],[-92.7822438,44.9072318],[-92.7823219,44.9072692],[-92.782398,44.9073025],[-92.7824718,44.9073318],[-92.7825434,44.9073574],[-92.7826127,44.9073793],[-92.7826795,44.9073977],[-92.7827438,44.9074128],[-92.7828055,44.9074247],[-92.7828644,44.9074335],[-92.7829206,44.9074394],[-92.7830337,44.9074484],[-92.7830923,44.9074524],[-92.7832119,44.9074589],[-92.783272,44.9074611],[-92.7833318,44.9074622],[-92.7833909,44.9074623],[-92.7834489,44.9074611],[-92.7836104,44.9074533],[-92.7837034,44.9074512],[-92.7837452,44.9074511],[-92.7838191,44.9074523],[-92.7838511,44.9074535],[-92.7839048,44.9074566],[-92.7840527,44.9078502],[-92.7842967,44.9085122],[-92.7847318,44.909649],[-92.7847793,44.9097802],[-92.7824234,44.9097764],[-92.7817592,44.9097753],[-92.7817551,44.9090908],[-92.7818705,44.9090903],[-92.7818791,44.9092325],[-92.7818597,44.9094947],[-92.7818638,44.9096611],[-92.7818762,44.909716],[-92.7818889,44.9097326],[-92.7819054,44.9097426],[-92.7819468,44.9097471],[-92.7826702,44.9097556],[-92.7839347,44.9097624],[-92.7840387,44.9097516],[-92.7841033,44.9097295],[-92.784129,44.9097118],[-92.7841482,44.9096888],[-92.784159,44.9096598],[-92.7841598,44.909624],[-92.7841212,44.9093532],[-92.7840643,44.9090735]]]}},{"type":"Feature","id":"way/1351151123","properties":{"landuse":"commercial","osm_type":"way","osm_id":1351151123},"geometry":{"type":"Polygon","coordinates":[[[-92.7840527,44.9078502],[-92.7842967,44.9085122],[-92.7847318,44.909649],[-92.7847793,44.9097802],[-92.7824234,44.9097764],[-92.7817592,44.9097753],[-92.7817551,44.9090908],[-92.7816844,44.9090919],[-92.7815487,44.9090952],[-92.7813688,44.9091011],[-92.7813047,44.9091019],[-92.7812628,44.9091008],[-92.781213,44.9090983],[-92.7811838,44.9090977],[-92.7811548,44.9090978],[-92.7811263,44.9090987],[-92.7810985,44.9091003],[-92.7810718,44.9091027],[-92.7810464,44.9091059],[-92.7810226,44.9091098],[-92.7810008,44.9091146],[-92.7809811,44.9091202],[-92.7810338,44.908999],[-92.7811059,44.9088456],[-92.7811697,44.9087148],[-92.7812113,44.9086371],[-92.7812881,44.9085001],[-92.7813348,44.908421],[-92.7814515,44.9082339],[-92.7815258,44.9081179],[-92.781598,44.9080146],[-92.7817226,44.9078424],[-92.7817808,44.9077657],[-92.7818488,44.9076796],[-92.7818627,44.9076629],[-92.7818994,44.907622],[-92.7820168,44.9074969],[-92.7821991,44.9072813],[-92.7822438,44.9072318],[-92.782337,44.9071325],[-92.7823763,44.9070897],[-92.7824252,44.9070348],[-92.7824518,44.907002],[-92.7824996,44.9069367],[-92.7825585,44.906853],[-92.7826194,44.9067601],[-92.7826933,44.9066435],[-92.7827282,44.9065852],[-92.7827665,44.9065182],[-92.7828421,44.9063839],[-92.7828783,44.9063169],[-92.7828928,44.9062982],[-92.7829065,44.9062843],[-92.7829147,44.9062773],[-92.7829238,44.9062707],[-92.7829336,44.9062647],[-92.7829555,44.9062543],[-92.7829734,44.9062479],[-92.7829799,44.9062456],[-92.7829931,44.9062422],[-92.7830069,44.9062396],[-92.7830213,44.9062378],[-92.7830363,44.9062369],[-92.7830519,44.9062372],[-92.7830681,44.9062386],[-92.7830852,44.9062417],[-92.7831033,44.9062467],[-92.7831219,44.906253],[-92.7831587,44.9062684],[-92.7831919,44.9062848],[-92.7832267,44.9063041],[-92.783245,44.9063162],[-92.7832807,44.9063427],[-92.7833291,44.9063818],[-92.7833494,44.9063997],[-92.7833909,44.9064396],[-92.7834366,44.9064857],[-92.7834718,44.9065236],[-92.7834994,44.9065573],[-92.7835194,44.9065835],[-92.7835393,44.9066111],[-92.7835579,44.9066384],[-92.783574,44.9066641],[-92.7835876,44.9066874],[-92.7836096,44.90673],[-92.7836291,44.9067724],[-92.7836476,44.9068177],[-92.7837283,44.9070287],[-92.7837644,44.9071038],[-92.7837903,44.9071602],[-92.7838192,44.9072287],[-92.7839048,44.9074566],[-92.7840527,44.9078502]]]}},{"type":"Feature","id":"way/1351151124","properties":{"landuse":"residential","osm_type":"way","osm_id":1351151124},"geometry":{"type":"Polygon","coordinates":[[[-92.7766783,44.9309398],[-92.7765643,44.9346563],[-92.7732622,44.934663],[-92.7732669,44.9357959],[-92.773309,44.9357961],[-92.7732951,44.9358116],[-92.7732814,44.9358284],[-92.7732677,44.9358486],[-92.7732535,44.9358708],[-92.7732418,44.9358905],[-92.7732325,44.9359101],[-92.7732259,44.9359271],[-92.7732217,44.9359449],[-92.7732186,44.935963],[-92.7732164,44.9359833],[-92.7732159,44.9360049],[-92.773217,44.9360291],[-92.773219,44.936056],[-92.7732234,44.9360879],[-92.7732298,44.9361232],[-92.7732363,44.9361518],[-92.7732378,44.9361572],[-92.7732493,44.9361983],[-92.7732645,44.9362458],[-92.773326,44.9364363],[-92.7723331,44.9369898],[-92.7713661,44.9369939],[-92.771103,44.936995],[-92.7711033,44.9369474],[-92.7711092,44.9358441],[-92.7711095,44.9357851],[-92.7711099,44.9356523],[-92.77111,44.9355974],[-92.771111,44.9352483],[-92.7711147,44.9346485],[-92.7711151,44.934598],[-92.7711153,44.9345534],[-92.7711205,44.9334733],[-92.7711216,44.9332761],[-92.7723951,44.933275],[-92.7724004,44.9319686],[-92.7723065,44.9319711],[-92.772176,44.9319746],[-92.7716096,44.9319909],[-92.7713623,44.9319974],[-92.7713182,44.9319997],[-92.7712874,44.9320025],[-92.771264,44.9320062],[-92.7712412,44.9320112],[-92.7712203,44.9320175],[-92.7711961,44.9320262],[-92.7711751,44.9320352],[-92.771163,44.9320434],[-92.7711529,44.9320521],[-92.7711446,44.9320613],[-92.7711391,44.9320716],[-92.7711339,44.9320857],[-92.7711308,44.9320993],[-92.7711279,44.9321206],[-92.7711288,44.9318735],[-92.7711311,44.9309537],[-92.7711311,44.9308369],[-92.7715411,44.9308374],[-92.7733104,44.9308395],[-92.7733133,44.9298449],[-92.7742438,44.9282907],[-92.7742365,44.927396],[-92.7742031,44.9273962],[-92.7738445,44.9273989],[-92.7734519,44.9274013],[-92.7732622,44.927402],[-92.7731316,44.9274009],[-92.7730011,44.927398],[-92.7729862,44.9273975],[-92.7728545,44.9273929],[-92.7726558,44.9273839],[-92.7725437,44.9273776],[-92.7724818,44.9273741],[-92.7723188,44.9273619],[-92.7721978,44.927351],[-92.7720741,44.9273372],[-92.7719469,44.9273214],[-92.7718564,44.9273086],[-92.7718249,44.9273045],[-92.7717957,44.9273014],[-92.7717688,44.9272992],[-92.7717211,44.9272972],[-92.7717001,44.9272972],[-92.7716631,44.9272984],[-92.771632,44.9273005],[-92.7716173,44.9273025],[-92.771602,44.9273063],[-92.7715865,44.9273117],[-92.7715712,44.9273184],[-92.7715565,44.9273264],[-92.7715429,44.9273353],[-92.7715307,44.9273452],[-92.7715204,44.9273557],[-92.7715123,44.9273668],[-92.771507,44.9273782],[-92.7715126,44.9273582],[-92.7715189,44.9273311],[-92.7715255,44.9272987],[-92.7715324,44.9272628],[-92.7715394,44.9272252],[-92.7715462,44.9271876],[-92.7715528,44.927152],[-92.7715589,44.92712],[-92.7715644,44.9270935],[-92.7715691,44.9270743],[-92.7715674,44.9270822],[-92.7715668,44.9270926],[-92.7715678,44.9271027],[-92.7715701,44.9271128],[-92.7715744,44.9271228],[-92.77158,44.9271325],[-92.7715894,44.9271445],[-92.7716024,44.9271568],[-92.7716158,44.9271666],[-92.7716269,44.9271732],[-92.7716492,44.927185],[-92.7716743,44.9271957],[-92.7717012,44.9272054],[-92.7717293,44.9272139],[-92.7717576,44.9272214],[-92.7717854,44.9272279],[-92.7718118,44.9272334],[-92.7718361,44.9272379],[-92.7718574,44.9272415],[-92.771875,44.9272442],[-92.7719641,44.9272568],[-92.7720893,44.9272724],[-92.7722108,44.927286],[-92.7723296,44.9272967],[-92.7724904,44.9273087],[-92.7726624,44.9273183],[-92.7728597,44.9273273],[-92.7729908,44.9273319],[-92.7730047,44.9273324],[-92.7731336,44.9273351],[-92.7732492,44.9273361],[-92.7732626,44.9273362],[-92.7734513,44.9273355],[-92.7738437,44.9273331],[-92.7742033,44.9273305],[-92.7742355,44.9273302],[-92.7744593,44.9273285],[-92.7744745,44.9246669],[-92.7744747,44.9246275],[-92.7748354,44.9246297],[-92.7748456,44.9237616],[-92.7725623,44.9237482],[-92.7725735,44.9237125],[-92.7727291,44.9231939],[-92.7727759,44.9230407],[-92.7728544,44.9227946],[-92.7729206,44.9226213],[-92.7730037,44.922373],[-92.7732073,44.921741],[-92.7732544,44.9216019],[-92.7733231,44.9213989],[-92.7733978,44.9212101],[-92.773474,44.9210277],[-92.7734955,44.9209694],[-92.7735118,44.9209195],[-92.7735686,44.9207296],[-92.7737076,44.9202462],[-92.773711,44.9202306],[-92.7737141,44.9202111],[-92.7737168,44.9201886],[-92.7737194,44.9201638],[-92.7737221,44.9201377],[-92.7737249,44.9201111],[-92.7737281,44.9200847],[-92.7737318,44.9200596],[-92.7737362,44.9200364],[-92.7737413,44.9200161],[-92.773738,44.9200327],[-92.7737378,44.9200481],[-92.7737405,44.9200621],[-92.7737459,44.9200746],[-92.7737537,44.9200856],[-92.7737638,44.9200948],[-92.7737758,44.9201022],[-92.7737896,44.9201075],[-92.7738049,44.9201108],[-92.7738216,44.9201118],[-92.7738788,44.9201112],[-92.7746995,44.9200984],[-92.7747417,44.9200985],[-92.774822,44.9201],[-92.7748167,44.9197254],[-92.7756904,44.9197185],[-92.775689,44.9194949],[-92.7756893,44.9189348],[-92.7756842,44.9182141],[-92.7748216,44.9182116],[-92.7745973,44.9181307],[-92.7744033,44.9180606],[-92.7744793,44.9179093],[-92.7745399,44.9177981],[-92.7745897,44.9177107],[-92.7746139,44.9176715],[-92.774658,44.9176074],[-92.7746907,44.9175596],[-92.7747633,44.9174586],[-92.7748272,44.9173677],[-92.7749085,44.9172596],[-92.7750076,44.9171352],[-92.7750643,44.91707],[-92.7752098,44.9169003],[-92.7752621,44.916843],[-92.7754326,44.9166674],[-92.7756545,44.9164398],[-92.7758152,44.9162776],[-92.7760165,44.9160736],[-92.7760356,44.9160557],[-92.7760619,44.916033],[-92.7760937,44.9160063],[-92.7761297,44.9159768],[-92.7761682,44.9159453],[-92.7762079,44.9159128],[-92.7762471,44.9158803],[-92.7762844,44.9158487],[-92.7763183,44.915819],[-92.7763473,44.9157922],[-92.7766007,44.9155437],[-92.7766229,44.9155533],[-92.7766428,44.9155649],[-92.7766573,44.9155768],[-92.7766668,44.9155891],[-92.7766722,44.9155983],[-92.7766721,44.9159362],[-92.7766682,44.9170799],[-92.7766711,44.9182935],[-92.7766833,44.9191361],[-92.7766892,44.9198982],[-92.7766917,44.9199903],[-92.7766953,44.9200129],[-92.7766982,44.9200277],[-92.7767025,44.9200395],[-92.7767082,44.9200486],[-92.7767152,44.9200552],[-92.7767234,44.9200596],[-92.7767327,44.920062],[-92.776743,44.9200628],[-92.7767542,44.9200622],[-92.7767664,44.9200604],[-92.7767707,44.9200595],[-92.7767766,44.9200577],[-92.7767976,44.9200498],[-92.7768253,44.9200376],[-92.776859,44.9200215],[-92.7777215,44.9195887],[-92.7783123,44.9192907],[-92.7785512,44.9191682],[-92.7789927,44.9189404],[-92.7792806,44.918792],[-92.77966,44.918601],[-92.7798373,44.9185099],[-92.7799037,44.9184748],[-92.779921,44.9162266],[-92.7817072,44.9166589],[-92.7817049,44.9174649],[-92.7818016,44.9174145],[-92.7818099,44.9127614],[-92.7830555,44.9109582],[-92.7823045,44.9109584],[-92.7820248,44.911195],[-92.7814186,44.9111912],[-92.78085,44.9105567],[-92.7804671,44.9103627],[-92.7804754,44.9103399],[-92.7804931,44.9102913],[-92.7805077,44.9102511],[-92.780517,44.9102272],[-92.7805266,44.9102027],[-92.7807061,44.9097736],[-92.7808723,44.9093762],[-92.7809035,44.9093022],[-92.7809547,44.9091821],[-92.7809811,44.9091202],[-92.7810008,44.9091146],[-92.7810226,44.9091098],[-92.7810464,44.9091059],[-92.7810718,44.9091027],[-92.7810985,44.9091003],[-92.7811263,44.9090987],[-92.7811548,44.9090978],[-92.7811838,44.9090977],[-92.781213,44.9090983],[-92.7812628,44.9091008],[-92.7813047,44.9091019],[-92.7813688,44.9091011],[-92.7815487,44.9090952],[-92.7816844,44.9090919],[-92.7817551,44.9090908],[-92.7817592,44.9097753],[-92.7824234,44.9097764],[-92.7847793,44.9097802],[-92.7847987,44.9098339],[-92.7848566,44.9099998],[-92.7848674,44.9100308],[-92.7848789,44.9100634],[-92.7849596,44.9102936],[-92.7850297,44.9104889],[-92.7850554,44.9105602],[-92.7851397,44.9107866],[-92.7851809,44.9108974],[-92.7852042,44.9109599],[-92.7852165,44.9109899],[-92.7853492,44.9113147],[-92.7853576,44.9113352],[-92.7854053,44.9114473],[-92.7854649,44.9115846],[-92.7854956,44.9116449],[-92.7855227,44.9116919],[-92.785538,44.9117161],[-92.785554,44.91174],[-92.7855708,44.9117633],[-92.7855883,44.9117852],[-92.7856267,44.9118297],[-92.7856722,44.9118786],[-92.7856971,44.9119042],[-92.7857489,44.911955],[-92.7858021,44.9120036],[-92.7858288,44.9120263],[-92.7861879,44.9123256],[-92.7867551,44.9127908],[-92.7868333,44.9128598],[-92.7868893,44.9129126],[-92.7869434,44.9129639],[-92.7869882,44.9130054],[-92.7870049,44.91302],[-92.7870814,44.9130841],[-92.7873227,44.9132897],[-92.7873639,44.9133223],[-92.7874085,44.913356],[-92.7874739,44.9134028],[-92.7875124,44.9134283],[-92.7875429,44.9134462],[-92.7875792,44.9134636],[-92.7876188,44.9134806],[-92.7876589,44.9134973],[-92.7876973,44.9135138],[-92.7877437,44.9135352],[-92.7877902,44.913555],[-92.7878347,44.9135729],[-92.7882839,44.913746],[-92.7888784,44.9139727],[-92.7889697,44.9140066],[-92.7890236,44.9140249],[-92.7891006,44.9140476],[-92.7891704,44.9140657],[-92.789217,44.9140761],[-92.78924,44.9140803],[-92.7893019,44.9140896],[-92.7893429,44.9140945],[-92.7893829,44.9140983],[-92.7894221,44.9141011],[-92.7894605,44.914103],[-92.7895132,44.9141041],[-92.7889756,44.914584],[-92.788686,44.9146486],[-92.7883695,44.9144928],[-92.7871141,44.9141239],[-92.7864697,44.91416],[-92.7864724,44.9142103],[-92.7864731,44.9142551],[-92.7864721,44.9142975],[-92.7864699,44.9143416],[-92.786463,44.9144325],[-92.7864487,44.9145674],[-92.7864244,44.9147607],[-92.7864078,44.9148755],[-92.7863967,44.9149459],[-92.7863862,44.9150047],[-92.7863767,44.9150496],[-92.7863651,44.9150964],[-92.7863519,44.915145],[-92.7863311,44.9152138],[-92.7863133,44.9152629],[-92.7869103,44.9160048],[-92.7869175,44.9170302],[-92.7869264,44.9182992],[-92.7850757,44.9173989],[-92.7837239,44.9174711],[-92.7817962,44.9179143],[-92.7818141,44.9236664],[-92.7843622,44.9236512],[-92.7843569,44.925197],[-92.7855156,44.9251933],[-92.7855102,44.9255389],[-92.7868943,44.9255275],[-92.7868861,44.9272724],[-92.7855399,44.9273599],[-92.7855355,44.9279],[-92.786128,44.9279013],[-92.7861072,44.930908],[-92.7816383,44.9309185],[-92.7766783,44.9309398]]]}},{"type":"Feature","id":"way/1351151125","properties":{"building":"garage","osm_type":"way","osm_id":1351151125},"geometry":{"type":"Polygon","coordinates":[[[-92.781395,44.9094319],[-92.7813583,44.9095201],[-92.7814743,44.9095442],[-92.7815109,44.9094561],[-92.781395,44.9094319]]]}},{"type":"Feature","id":"way/1351151126","properties":{"building":"house","osm_type":"way","osm_id":1351151126},"geometry":{"type":"Polygon","coordinates":[[[-92.7813701,44.909403],[-92.7814949,44.909429],[-92.7815434,44.9093122],[-92.7814186,44.9092862],[-92.7813701,44.909403]]]}},{"type":"Feature","id":"way/1351151127","properties":{"building":"yes","osm_type":"way","osm_id":1351151127},"geometry":{"type":"Polygon","coordinates":[[[-92.7816526,44.9087737],[-92.7817757,44.9087856],[-92.7817549,44.9088938],[-92.781789,44.9088971],[-92.7817681,44.9090056],[-92.7816081,44.9089901],[-92.7816254,44.9089003],[-92.7816149,44.9088993],[-92.7816325,44.9088085],[-92.7816457,44.9088098],[-92.7816526,44.9087737]]]}},{"type":"Feature","id":"way/1351151128","properties":{"building":"yes","osm_type":"way","osm_id":1351151128},"geometry":{"type":"Polygon","coordinates":[[[-92.782784,44.9090935],[-92.7827835,44.9096781],[-92.7830906,44.9096782],[-92.7830911,44.9090936],[-92.782784,44.9090935]]]}},{"type":"Feature","id":"way/1351151130","properties":{"amenity":"parking","osm_type":"way","osm_id":1351151130},"geometry":{"type":"Polygon","coordinates":[[[-92.7806863,44.9087194],[-92.7806027,44.9088816],[-92.7806506,44.9088939],[-92.7806595,44.9088962],[-92.780743,44.908734],[-92.7807368,44.9087324],[-92.7806863,44.9087194]]]}},{"type":"Feature","id":"way/1351260091","properties":{"natural":"wood","osm_type":"way","osm_id":1351260091},"geometry":{"type":"Polygon","coordinates":[[[-92.7737236,44.9062164],[-92.7737395,44.9062365],[-92.7737454,44.9062591],[-92.7737983,44.9062364],[-92.7738961,44.9062101],[-92.7739928,44.906197],[-92.7740435,44.9061976],[-92.7741446,44.9062158],[-92.7742062,44.9062414],[-92.7742329,44.9062597],[-92.774418,44.9061629],[-92.7744005,44.9061225],[-92.7743858,44.9060754],[-92.7743726,44.906023],[-92.7743461,44.9059079],[-92.7743302,44.9058482],[-92.774311,44.9057889],[-92.7742872,44.9057315],[-92.7742575,44.9056774],[-92.7742208,44.9056281],[-92.7741823,44.9056011],[-92.7741405,44.9055766],[-92.7740965,44.9055547],[-92.7740513,44.9055353],[-92.7740061,44.9055185],[-92.7739618,44.9055044],[-92.7739194,44.9054929],[-92.77388,44.9054842],[-92.7738447,44.9054783],[-92.7738145,44.9054752],[-92.7737843,44.9054741],[-92.7737495,44.9054745],[-92.7737113,44.9054764],[-92.773671,44.9054797],[-92.7736297,44.9054847],[-92.7735889,44.9054912],[-92.7735498,44.9054993],[-92.7735136,44.9055091],[-92.7734816,44.9055207],[-92.7734551,44.905534],[-92.773431,44.9055492],[-92.7734055,44.9055665],[-92.7733781,44.9055862],[-92.7733487,44.9056089],[-92.7733169,44.9056347],[-92.7732826,44.9056643],[-92.7732454,44.9056978],[-92.7732052,44.9057358],[-92.7731616,44.9057786],[-92.7732268,44.9057981],[-92.7732619,44.9058027],[-92.7733332,44.9058035],[-92.7734314,44.9057898],[-92.7735296,44.9057641],[-92.7735857,44.9057626],[-92.7736451,44.9057731],[-92.7736743,44.9057835],[-92.7737288,44.9058162],[-92.7737734,44.9058636],[-92.7738036,44.9059103],[-92.7738207,44.9059536],[-92.7738263,44.9059935],[-92.7738223,44.90603],[-92.7737937,44.9061092],[-92.7737638,44.9061658],[-92.7737236,44.9062164]]]}},{"type":"Feature","id":"way/1351260093","properties":{"building":"house","osm_type":"way","osm_id":1351260093},"geometry":{"type":"Polygon","coordinates":[[[-92.7734644,44.9059502],[-92.773573,44.9060617],[-92.7736619,44.9060182],[-92.7736379,44.9059936],[-92.7736649,44.9059805],[-92.7736544,44.9059697],[-92.7737073,44.9059438],[-92.7736332,44.9058677],[-92.7734644,44.9059502]]]}},{"type":"Feature","id":"way/1351260094","properties":{"building":"house","osm_type":"way","osm_id":1351260094},"geometry":{"type":"Polygon","coordinates":[[[-92.7732794,44.9060075],[-92.7732312,44.9060534],[-92.7732749,44.9060764],[-92.7731879,44.9061591],[-92.7731007,44.9061132],[-92.7731305,44.9060849],[-92.773105,44.9060714],[-92.7731253,44.9060521],[-92.7730729,44.9060244],[-92.7731042,44.9059946],[-92.7730804,44.9059821],[-92.7731143,44.9059498],[-92.7731391,44.9059629],[-92.773159,44.9059439],[-92.7732794,44.9060075]]]}},{"type":"Feature","id":"way/1351260095","properties":{"building":"house","osm_type":"way","osm_id":1351260095},"geometry":{"type":"Polygon","coordinates":[[[-92.7730376,44.906395],[-92.77283,44.9062647],[-92.772976,44.906148],[-92.7730907,44.90622],[-92.7730319,44.906267],[-92.7731248,44.9063254],[-92.7730376,44.906395]]]}},{"type":"Feature","id":"way/1351260096","properties":{"building":"shed","osm_type":"way","osm_id":1351260096},"geometry":{"type":"Polygon","coordinates":[[[-92.7730439,44.9064803],[-92.7730053,44.9065131],[-92.7730449,44.9065365],[-92.7730835,44.9065036],[-92.7730439,44.9064803]]]}},{"type":"Feature","id":"way/1351260097","properties":{"building":"shed","osm_type":"way","osm_id":1351260097},"geometry":{"type":"Polygon","coordinates":[[[-92.7730389,44.9065548],[-92.7730982,44.906587],[-92.7731464,44.9065424],[-92.773087,44.9065102],[-92.7730389,44.9065548]]]}},{"type":"Feature","id":"way/1351260098","properties":{"building":"house","osm_type":"way","osm_id":1351260098},"geometry":{"type":"Polygon","coordinates":[[[-92.7727132,44.9063144],[-92.7726267,44.9064233],[-92.7726941,44.9064502],[-92.7727217,44.9064155],[-92.7727673,44.9064337],[-92.772803,44.9063888],[-92.7727599,44.9063716],[-92.7727832,44.9063423],[-92.7727132,44.9063144]]]}},{"type":"Feature","id":"way/1351260099","properties":{"building":"house","osm_type":"way","osm_id":1351260099},"geometry":{"type":"Polygon","coordinates":[[[-92.7726334,44.906712],[-92.7724488,44.9065981],[-92.7723734,44.9066594],[-92.7723615,44.906652],[-92.7723089,44.9066948],[-92.7722925,44.9066846],[-92.7722326,44.9067333],[-92.7723529,44.9068075],[-92.7724319,44.9067433],[-92.7725245,44.9068004],[-92.7726334,44.906712]]]}},{"type":"Feature","id":"way/1351260100","properties":{"building":"house","osm_type":"way","osm_id":1351260100},"geometry":{"type":"Polygon","coordinates":[[[-92.7721769,44.906853],[-92.7719976,44.9069955],[-92.7720354,44.9070194],[-92.7719615,44.9070781],[-92.7720885,44.9071582],[-92.7721737,44.9070905],[-92.7721325,44.9070645],[-92.7723005,44.906931],[-92.7721769,44.906853]]]}},{"type":"Feature","id":"way/1351260101","properties":{"natural":"grassland","osm_type":"way","osm_id":1351260101},"geometry":{"type":"Polygon","coordinates":[[[-92.7704915,44.9085605],[-92.7704804,44.9085363],[-92.7704604,44.9085241],[-92.7704834,44.9085284],[-92.7705045,44.9085306],[-92.7705237,44.908531],[-92.7705412,44.9085297],[-92.7705571,44.908527],[-92.7705716,44.9085232],[-92.7705849,44.9085185],[-92.770597,44.9085131],[-92.7706186,44.9085014],[-92.7706281,44.9084947],[-92.7706362,44.9084866],[-92.7706428,44.9084774],[-92.7706477,44.9084672],[-92.7706506,44.9084561],[-92.7706515,44.9084443],[-92.7706499,44.908432],[-92.7706459,44.9084192],[-92.7706391,44.9084062],[-92.7706293,44.9083931],[-92.7706121,44.9083765],[-92.7705841,44.9083539],[-92.7707713,44.9084832],[-92.7708714,44.9085392],[-92.7709255,44.9085623],[-92.7709897,44.9085829],[-92.7711037,44.9086014],[-92.7710196,44.9085992],[-92.7709959,44.9085997],[-92.7709712,44.9086016],[-92.770946,44.9086048],[-92.7709211,44.908609],[-92.7708971,44.9086142],[-92.7708746,44.9086202],[-92.7708543,44.9086268],[-92.7708368,44.9086338],[-92.7708228,44.9086411],[-92.7708129,44.9086486],[-92.7704915,44.9085605]]]}},{"type":"Feature","id":"way/1351260102","properties":{"natural":"wood","osm_type":"way","osm_id":1351260102},"geometry":{"type":"Polygon","coordinates":[[[-92.7708129,44.9086486],[-92.7710382,44.9087169],[-92.7711677,44.9087622],[-92.7714071,44.9088634],[-92.7714225,44.9088655],[-92.7714575,44.9088604],[-92.7714473,44.9086809],[-92.771427,44.9086551],[-92.7713976,44.9086306],[-92.7713683,44.9086131],[-92.7711037,44.9086014],[-92.7710196,44.9085992],[-92.7709959,44.9085997],[-92.7709712,44.9086016],[-92.770946,44.9086048],[-92.7709211,44.908609],[-92.7708971,44.9086142],[-92.7708746,44.9086202],[-92.7708543,44.9086268],[-92.7708368,44.9086338],[-92.7708228,44.9086411],[-92.7708129,44.9086486]]]}},{"type":"Feature","id":"way/1351260103","properties":{"access":"private","highway":"service","service":"driveway","osm_type":"way","osm_id":1351260103},"geometry":{"type":"LineString","coordinates":[[-92.7714804,44.9086476],[-92.7714668,44.9086452],[-92.7714411,44.9086377],[-92.771407,44.9086219],[-92.7712203,44.9085042],[-92.7711914,44.9084874],[-92.771105,44.9084424],[-92.7710236,44.9084045]]}},{"type":"Feature","id":"way/1351260104","properties":{"building":"house","osm_type":"way","osm_id":1351260104},"geometry":{"type":"Polygon","coordinates":[[[-92.7717832,44.9071612],[-92.7717322,44.9072044],[-92.7717449,44.9072119],[-92.7716924,44.9072563],[-92.7716782,44.9072478],[-92.771629,44.9072894],[-92.7716971,44.9073298],[-92.7716913,44.9073347],[-92.7717621,44.9073767],[-92.7718403,44.9073106],[-92.7719696,44.9073874],[-92.7720499,44.9073195],[-92.7717832,44.9071612]]]}},{"type":"Feature","id":"way/1351260105","properties":{"building":"house","osm_type":"way","osm_id":1351260105},"geometry":{"type":"Polygon","coordinates":[[[-92.7715435,44.9074933],[-92.7715235,44.9075082],[-92.7716266,44.9075771],[-92.7715514,44.9076336],[-92.7714486,44.9075649],[-92.7714029,44.9075992],[-92.7712926,44.9075255],[-92.7714107,44.9074368],[-92.7714626,44.9074715],[-92.7714853,44.9074544],[-92.7715435,44.9074933]]]}},{"type":"Feature","id":"way/1351260106","properties":{"building":"house","osm_type":"way","osm_id":1351260106},"geometry":{"type":"Polygon","coordinates":[[[-92.771364,44.907875],[-92.771285,44.9078248],[-92.7712883,44.9078221],[-92.771289,44.9078223],[-92.7712967,44.9078233],[-92.7713045,44.9078228],[-92.7713118,44.9078206],[-92.7713178,44.907817],[-92.771322,44.9078123],[-92.7713241,44.9078069],[-92.7713239,44.9078013],[-92.7713213,44.9077961],[-92.7712712,44.9077642],[-92.7712633,44.9077639],[-92.7712557,44.9077653],[-92.771249,44.9077682],[-92.7712438,44.9077724],[-92.7712406,44.9077775],[-92.7712396,44.9077831],[-92.7712409,44.907788],[-92.7712354,44.9077924],[-92.7712109,44.9077768],[-92.7711911,44.9077924],[-92.7711253,44.9077506],[-92.7710672,44.9077965],[-92.7710535,44.9077878],[-92.7710053,44.9078259],[-92.7710387,44.9078471],[-92.7710246,44.9078582],[-92.7711216,44.9079199],[-92.77113,44.9079132],[-92.7711543,44.9079286],[-92.7711923,44.9078986],[-92.771279,44.9079537],[-92.7713015,44.907936],[-92.7713062,44.907939],[-92.7713563,44.9078995],[-92.7713504,44.9078957],[-92.7713624,44.9078863],[-92.7713628,44.9078888],[-92.7713668,44.907895],[-92.7713732,44.9079],[-92.7713816,44.9079033],[-92.7713909,44.9079047],[-92.7714005,44.9079039],[-92.7714092,44.9079011],[-92.7714162,44.9078965],[-92.7714209,44.9078906],[-92.7714228,44.907884],[-92.7714218,44.9078773],[-92.7714178,44.9078711],[-92.7714113,44.9078661],[-92.771403,44.9078627],[-92.7713936,44.9078614],[-92.7713841,44.9078622],[-92.7713754,44.907865],[-92.7713684,44.9078695],[-92.771364,44.907875]]]}},{"type":"Feature","id":"way/1351260107","properties":{"building":"house","osm_type":"way","osm_id":1351260107},"geometry":{"type":"Polygon","coordinates":[[[-92.7706702,44.9080255],[-92.7708387,44.9081314],[-92.7709308,44.9080579],[-92.7709396,44.9080635],[-92.7709154,44.9080828],[-92.7710609,44.9081743],[-92.7711338,44.9081161],[-92.7708109,44.9079132],[-92.7706702,44.9080255]]]}},{"type":"Feature","id":"way/1351260108","properties":{"natural":"wood","osm_type":"way","osm_id":1351260108},"geometry":{"type":"Polygon","coordinates":[[[-92.7702076,44.9080862],[-92.7702514,44.9081177],[-92.7705841,44.9083539],[-92.7706121,44.9083765],[-92.7706293,44.9083931],[-92.7706391,44.9084062],[-92.7706459,44.9084192],[-92.7706499,44.908432],[-92.7706515,44.9084443],[-92.7706506,44.9084561],[-92.7706477,44.9084672],[-92.7706428,44.9084774],[-92.7706362,44.9084866],[-92.7706281,44.9084947],[-92.7706186,44.9085014],[-92.770597,44.9085131],[-92.7705849,44.9085185],[-92.7705716,44.9085232],[-92.7705571,44.908527],[-92.7705412,44.9085297],[-92.7705237,44.908531],[-92.7705045,44.9085306],[-92.7704834,44.9085284],[-92.7704604,44.9085241],[-92.7702955,44.9084843],[-92.7702037,44.9084768],[-92.7701668,44.9084808],[-92.7701256,44.9084956],[-92.7700641,44.9085507],[-92.7700497,44.9085619],[-92.7700329,44.9085725],[-92.7700138,44.9085816],[-92.7699921,44.9085887],[-92.769968,44.9085929],[-92.7699413,44.9085936],[-92.7699119,44.9085902],[-92.7698798,44.9085818],[-92.7698209,44.9085624],[-92.7697684,44.9085431],[-92.7697455,44.9085335],[-92.7697246,44.9085234],[-92.7696889,44.9085035],[-92.7696621,44.9084861],[-92.7696396,44.9084691],[-92.7697045,44.9084254],[-92.7700311,44.9082064],[-92.7702076,44.9080862]]]}},{"type":"Feature","id":"way/1351260109","properties":{"natural":"sand","osm_type":"way","osm_id":1351260109},"geometry":{"type":"Polygon","coordinates":[[[-92.7696396,44.9084691],[-92.7697045,44.9084254],[-92.7700311,44.9082064],[-92.7702076,44.9080862],[-92.7703724,44.907971],[-92.771177,44.9073843],[-92.7716142,44.9070538],[-92.7722719,44.9065754],[-92.7724211,44.9064631],[-92.772585,44.9063259],[-92.772757,44.9061719],[-92.7729942,44.905947],[-92.7731616,44.9057786],[-92.7732052,44.9057358],[-92.7732454,44.9056978],[-92.7732826,44.9056643],[-92.7733169,44.9056347],[-92.7733487,44.9056089],[-92.7733781,44.9055862],[-92.7734055,44.9055665],[-92.773431,44.9055492],[-92.7734551,44.905534],[-92.7734816,44.9055207],[-92.7735136,44.9055091],[-92.7735498,44.9054993],[-92.7735889,44.9054912],[-92.7736297,44.9054847],[-92.773671,44.9054797],[-92.7737113,44.9054764],[-92.7737495,44.9054745],[-92.7737843,44.9054741],[-92.7738145,44.9054752],[-92.7738447,44.9054783],[-92.77388,44.9054842],[-92.7739194,44.9054929],[-92.7739618,44.9055044],[-92.7740061,44.9055185],[-92.7740513,44.9055353],[-92.7740965,44.9055547],[-92.7741405,44.9055766],[-92.7741823,44.9056011],[-92.7742208,44.9056281],[-92.7741688,44.9055731],[-92.77415,44.9055515],[-92.7741352,44.9055332],[-92.7741238,44.9055177],[-92.7741151,44.9055045],[-92.7741037,44.9054833],[-92.7740961,44.9054657],[-92.774093,44.9054569],[-92.7740913,44.9054477],[-92.7740911,44.9054384],[-92.7740926,44.9054293],[-92.7740963,44.9054204],[-92.7741022,44.9054121],[-92.7741106,44.9054046],[-92.7741219,44.905398],[-92.7741362,44.9053926],[-92.7741538,44.9053887],[-92.7741839,44.9053848],[-92.7743006,44.9053728],[-92.7745764,44.9053473],[-92.7751216,44.905299],[-92.7752946,44.905285],[-92.7754295,44.9052754],[-92.7755325,44.9052693],[-92.7756411,44.9052643],[-92.7756673,44.905262],[-92.7756884,44.9052575],[-92.7757048,44.9052512],[-92.7757169,44.9052436],[-92.7757254,44.9052348],[-92.7757306,44.9052254],[-92.775733,44.9052157],[-92.7757331,44.905206],[-92.7757313,44.9051968],[-92.7757282,44.9051883],[-92.7757236,44.9051799],[-92.7757169,44.9051712],[-92.7757089,44.905162],[-92.7756967,44.9051541],[-92.7756825,44.9051473],[-92.7756657,44.9051419],[-92.7756459,44.9051384],[-92.775623,44.9051376],[-92.7755969,44.9051398],[-92.7755673,44.9051455],[-92.7754877,44.9051654],[-92.7754618,44.9051719],[-92.77542,44.9051815],[-92.7753738,44.905191],[-92.7753228,44.9052003],[-92.7752663,44.9052091],[-92.7752036,44.9052172],[-92.7751343,44.9052243],[-92.7750577,44.9052301],[-92.7746104,44.905258],[-92.77442,44.9052711],[-92.7742331,44.9052857],[-92.774143,44.9052937],[-92.7740535,44.9053024],[-92.7739626,44.9053121],[-92.7738713,44.905323],[-92.7737805,44.905335],[-92.7736913,44.9053485],[-92.7736044,44.9053634],[-92.773521,44.90538],[-92.773442,44.9053984],[-92.7733683,44.9054187],[-92.7733008,44.905441],[-92.7732405,44.9054651],[-92.7731873,44.9054905],[-92.7731404,44.9055167],[-92.7730994,44.9055433],[-92.7730638,44.9055698],[-92.7730329,44.9055957],[-92.7730061,44.9056207],[-92.772983,44.9056442],[-92.7729454,44.9056851],[-92.77283,44.9058108],[-92.7727809,44.9058633],[-92.7727268,44.9059191],[-92.7726683,44.905977],[-92.7726056,44.9060359],[-92.772539,44.9060946],[-92.7724689,44.9061519],[-92.7723956,44.9062065],[-92.7723071,44.9062707],[-92.7721951,44.9063538],[-92.7720656,44.9064513],[-92.771489,44.9068888],[-92.7713595,44.9069863],[-92.7712476,44.9070695],[-92.7711591,44.9071336],[-92.7710685,44.9071966],[-92.7708143,44.9073692],[-92.7702111,44.9077744],[-92.7699752,44.9079347],[-92.7695696,44.9082199],[-92.7693727,44.9083599],[-92.7692764,44.9084298],[-92.7691857,44.9084972],[-92.7691034,44.9085605],[-92.7690324,44.9086178],[-92.7694612,44.9085868],[-92.7696396,44.9084691]]]}},{"type":"Feature","id":"way/1351260110","properties":{"building":"shed","osm_type":"way","osm_id":1351260110},"geometry":{"type":"Polygon","coordinates":[[[-92.7709399,44.9084701],[-92.7708847,44.9084352],[-92.7708334,44.9084758],[-92.7708887,44.9085108],[-92.7709399,44.9084701]]]}},{"type":"Feature","id":"way/1351260111","properties":{"building":"house","osm_type":"way","osm_id":1351260111},"geometry":{"type":"Polygon","coordinates":[[[-92.7706928,44.9082057],[-92.7706273,44.908233],[-92.7705992,44.9082791],[-92.7707986,44.9084065],[-92.7708448,44.9083702],[-92.7708629,44.9083104],[-92.770788,44.9082625],[-92.7707998,44.9082533],[-92.7707594,44.9082275],[-92.7707448,44.9082389],[-92.7706928,44.9082057]]]}},{"type":"Feature","id":"way/1351260112","properties":{"natural":"wood","osm_type":"way","osm_id":1351260112},"geometry":{"type":"Polygon","coordinates":[[[-92.7708009,44.9086687],[-92.7706682,44.9088238],[-92.7705878,44.9089364],[-92.7705811,44.9089538],[-92.7705833,44.9089713],[-92.7705926,44.9089888],[-92.7706073,44.9090065],[-92.7706255,44.9090242],[-92.7706656,44.9090601],[-92.7706839,44.9090782],[-92.7706988,44.9090965],[-92.7707085,44.9091149],[-92.7707151,44.9091353],[-92.7707283,44.9091856],[-92.770734,44.9092145],[-92.7707388,44.9092455],[-92.7707422,44.9092778],[-92.7707437,44.9093112],[-92.7707431,44.9093451],[-92.77074,44.9093791],[-92.7707339,44.9094126],[-92.7714155,44.9094286],[-92.771455,44.9094237],[-92.7714976,44.9094068],[-92.7714958,44.9093114],[-92.7714611,44.9089177],[-92.7714252,44.9088939],[-92.7711528,44.9087814],[-92.7710256,44.9087369],[-92.7708009,44.9086687]]]}},{"type":"Feature","id":"way/1351260113","properties":{"building":"house","osm_type":"way","osm_id":1351260113},"geometry":{"type":"Polygon","coordinates":[[[-92.7701247,44.9086496],[-92.7702471,44.9087056],[-92.7702346,44.9087193],[-92.7703225,44.9087596],[-92.7703714,44.908706],[-92.7703153,44.9086803],[-92.7703722,44.9086179],[-92.770218,44.9085474],[-92.7701247,44.9086496]]]}},{"type":"Feature","id":"way/1351260114","properties":{"building":"yes","osm_type":"way","osm_id":1351260114},"geometry":{"type":"Polygon","coordinates":[[[-92.7704437,44.9088325],[-92.7703576,44.9089025],[-92.7704525,44.9089611],[-92.7705387,44.9088912],[-92.7704437,44.9088325]]]}},{"type":"Feature","id":"way/1351260115","properties":{"natural":"grassland","osm_type":"way","osm_id":1351260115},"geometry":{"type":"Polygon","coordinates":[[[-92.7698798,44.9085818],[-92.7698209,44.9085624],[-92.7697684,44.9085431],[-92.7697455,44.9085335],[-92.7697246,44.9085234],[-92.7696889,44.9085035],[-92.7696621,44.9084861],[-92.7696396,44.9084691],[-92.7694612,44.9085868],[-92.7694112,44.9086189],[-92.7693455,44.9086623],[-92.769268,44.9087147],[-92.7691823,44.9087737],[-92.7692027,44.9087791],[-92.7692453,44.9087792],[-92.7692906,44.9087671],[-92.7693387,44.9087449],[-92.7694762,44.9086655],[-92.7695754,44.9086315],[-92.7696426,44.908622],[-92.769675,44.908622],[-92.7697059,44.9086257],[-92.7697626,44.9086442],[-92.7698172,44.9086719],[-92.7698915,44.9087217],[-92.7699319,44.9087556],[-92.770029,44.908855],[-92.7701209,44.9089297],[-92.7704074,44.9090984],[-92.7704562,44.9091313],[-92.7704873,44.9091755],[-92.7704997,44.9092149],[-92.7705015,44.9092598],[-92.7704892,44.909308],[-92.7705475,44.9093629],[-92.7706246,44.9094092],[-92.7707339,44.9094126],[-92.77074,44.9093791],[-92.7707431,44.9093451],[-92.7707437,44.9093112],[-92.7707422,44.9092778],[-92.7707388,44.9092455],[-92.770734,44.9092145],[-92.7707283,44.9091856],[-92.7707151,44.9091353],[-92.7707085,44.9091149],[-92.7706988,44.9090965],[-92.7706839,44.9090782],[-92.7706656,44.9090601],[-92.7706255,44.9090242],[-92.7706073,44.9090065],[-92.7705926,44.9089888],[-92.7705833,44.9089713],[-92.7705811,44.9089538],[-92.7705878,44.9089364],[-92.7705621,44.9089565],[-92.7705289,44.9089722],[-92.770472,44.9089826],[-92.770434,44.9089775],[-92.7703809,44.908949],[-92.7703126,44.9088832],[-92.7702835,44.9088415],[-92.7702483,44.9087727],[-92.770211,44.9087299],[-92.7701626,44.9086927],[-92.7700851,44.9086502],[-92.7700648,44.908634],[-92.770054,44.9086116],[-92.7700512,44.9085874],[-92.7700641,44.9085507],[-92.7700497,44.9085619],[-92.7700329,44.9085725],[-92.7700138,44.9085816],[-92.7699921,44.9085887],[-92.769968,44.9085929],[-92.7699413,44.9085936],[-92.7699119,44.9085902],[-92.7698798,44.9085818]]]}},{"type":"Feature","id":"way/1351260116","properties":{"building":"house","osm_type":"way","osm_id":1351260116},"geometry":{"type":"Polygon","coordinates":[[[-92.7699442,44.9088245],[-92.7698767,44.9087394],[-92.769826,44.9087595],[-92.7698104,44.9087399],[-92.7697308,44.9087715],[-92.7697457,44.9087903],[-92.7696282,44.908837],[-92.7696982,44.9089253],[-92.769822,44.9088761],[-92.7698293,44.9088853],[-92.7698968,44.9088585],[-92.7698877,44.908847],[-92.7699442,44.9088245]]]}},{"type":"Feature","id":"way/1351260117","properties":{"natural":"grassland","osm_type":"way","osm_id":1351260117},"geometry":{"type":"Polygon","coordinates":[[[-92.7679269,44.909859],[-92.7679697,44.9098475],[-92.7681729,44.9098015],[-92.768419,44.9097722],[-92.7684889,44.9097534],[-92.7685147,44.9097359],[-92.7685306,44.9097089],[-92.768539,44.9096558],[-92.7685347,44.909617],[-92.7685044,44.9095182],[-92.7685023,44.9094491],[-92.7685221,44.909382],[-92.7685697,44.9093005],[-92.7685754,44.9092728],[-92.7685717,44.9092571],[-92.7681869,44.9096152],[-92.7679269,44.909859]]]}},{"type":"Feature","id":"way/1351260118","properties":{"natural":"sand","osm_type":"way","osm_id":1351260118},"geometry":{"type":"Polygon","coordinates":[[[-92.767868,44.9099147],[-92.7679269,44.909859],[-92.7681869,44.9096152],[-92.7685717,44.9092571],[-92.7687049,44.9091339],[-92.7687615,44.9090849],[-92.7689134,44.9089666],[-92.7691823,44.9087737],[-92.769268,44.9087147],[-92.7693455,44.9086623],[-92.7694112,44.9086189],[-92.7694612,44.9085868],[-92.7690324,44.9086178],[-92.7688505,44.9087721],[-92.7686926,44.9089134],[-92.7685329,44.909059],[-92.7683773,44.9092017],[-92.7682275,44.909329],[-92.7678825,44.9096388],[-92.7676046,44.9098855],[-92.767868,44.9099147]]]}},{"type":"Feature","id":"way/1351260119","properties":{"building":"house","osm_type":"way","osm_id":1351260119},"geometry":{"type":"Polygon","coordinates":[[[-92.7696158,44.9090505],[-92.7695641,44.909124],[-92.76942,44.9090731],[-92.7694233,44.9090684],[-92.7694065,44.9090625],[-92.7693762,44.9091055],[-92.7693589,44.9090994],[-92.7693056,44.9091751],[-92.7691455,44.9091186],[-92.7692576,44.9089594],[-92.7692983,44.9089737],[-92.7693217,44.9089404],[-92.7693998,44.908968],[-92.7693758,44.9090021],[-92.7694495,44.9090281],[-92.76947,44.908999],[-92.7696158,44.9090505]]]}},{"type":"Feature","id":"way/1351260120","properties":{"building":"shed","osm_type":"way","osm_id":1351260120},"geometry":{"type":"Polygon","coordinates":[[[-92.7695488,44.9092033],[-92.7695354,44.9092564],[-92.7694072,44.9092402],[-92.7694206,44.9091871],[-92.7695488,44.9092033]]]}},{"type":"Feature","id":"way/1351260121","properties":{"natural":"grassland","osm_type":"way","osm_id":1351260121},"geometry":{"type":"Polygon","coordinates":[[[-92.7702564,44.9092889],[-92.7702374,44.9092531],[-92.7701886,44.9092224],[-92.7700775,44.9091746],[-92.7699561,44.909132],[-92.7699238,44.9091142],[-92.7699046,44.9090752],[-92.7699051,44.9090481],[-92.7699154,44.9090175],[-92.7699972,44.9090377],[-92.7700755,44.9090678],[-92.7701728,44.9091162],[-92.7702773,44.9091804],[-92.770349,44.9092313],[-92.7704585,44.9093247],[-92.7705057,44.9093709],[-92.7705085,44.9093839],[-92.7705028,44.9093959],[-92.7704928,44.9094043],[-92.7704559,44.9093982],[-92.7704211,44.9093865],[-92.7702564,44.9092889]]]}},{"type":"Feature","id":"way/1351260122","properties":{"natural":"grassland","osm_type":"way","osm_id":1351260122},"geometry":{"type":"Polygon","coordinates":[[[-92.7715001,44.9094729],[-92.771467,44.9094622],[-92.7714259,44.9094564],[-92.7705231,44.9094334],[-92.7704727,44.9094297],[-92.770415,44.9094155],[-92.770326,44.9094361],[-92.7702447,44.909438],[-92.7698059,44.9093562],[-92.7697648,44.9093566],[-92.7697495,44.9093625],[-92.7697273,44.9093824],[-92.7696758,44.9094979],[-92.7695492,44.9096186],[-92.769471,44.9097524],[-92.7693994,44.9098336],[-92.7694452,44.909868],[-92.769518,44.9098895],[-92.769633,44.9099039],[-92.7697972,44.9099086],[-92.7699041,44.9099002],[-92.770053,44.9098772],[-92.7701049,44.909863],[-92.7702741,44.9098015],[-92.7703959,44.9097629],[-92.770476,44.9097441],[-92.7705704,44.9097312],[-92.7706929,44.9097282],[-92.7710344,44.9097393],[-92.7714013,44.9097244],[-92.7714549,44.9097186],[-92.7715118,44.9097011],[-92.7715001,44.9094729]]]}},{"type":"Feature","id":"way/1351260123","properties":{"building":"shed","osm_type":"way","osm_id":1351260123},"geometry":{"type":"Polygon","coordinates":[[[-92.7696963,44.9094013],[-92.7696695,44.9094944],[-92.7695937,44.9094834],[-92.7696205,44.9093904],[-92.7696963,44.9094013]]]}},{"type":"Feature","id":"way/1351260124","properties":{"access":"private","highway":"service","service":"driveway","osm_type":"way","osm_id":1351260124},"geometry":{"type":"LineString","coordinates":[[-92.7705649,44.909421],[-92.7705622,44.9094145],[-92.7705478,44.9093915],[-92.770518,44.909359],[-92.7704739,44.9093164],[-92.7704124,44.909262],[-92.7703633,44.909222],[-92.7703277,44.9091959],[-92.7702353,44.9091351],[-92.7701848,44.9091054],[-92.7701474,44.9090855],[-92.7700856,44.9090561],[-92.7700441,44.9090388],[-92.7700051,44.9090252],[-92.7699686,44.909015],[-92.7699206,44.9090043],[-92.7698824,44.9089976]]}},{"type":"Feature","id":"way/1351260129","properties":{"building":"shed","osm_type":"way","osm_id":1351260129},"geometry":{"type":"Polygon","coordinates":[[[-92.7693579,44.9095752],[-92.7693052,44.9096669],[-92.7694412,44.9097061],[-92.7694939,44.9096144],[-92.7693579,44.9095752]]]}},{"type":"Feature","id":"way/1351260130","properties":{"building":"house","osm_type":"way","osm_id":1351260130},"geometry":{"type":"Polygon","coordinates":[[[-92.7689373,44.9093988],[-92.768903,44.9094619],[-92.7687817,44.9094288],[-92.768704,44.9095717],[-92.7688597,44.9096142],[-92.7688749,44.9095862],[-92.7689305,44.9096013],[-92.7689389,44.909586],[-92.7689986,44.9096022],[-92.7690049,44.9095905],[-92.7690307,44.9095976],[-92.7690234,44.9096111],[-92.7691329,44.909641],[-92.7691725,44.9095681],[-92.7690551,44.9095361],[-92.7690404,44.909563],[-92.7690226,44.9095582],[-92.7690513,44.9095053],[-92.7690046,44.9094925],[-92.7690403,44.9094269],[-92.7689373,44.9093988]]]}},{"type":"Feature","id":"way/1351443775","properties":{"building":"house","osm_type":"way","osm_id":1351443775},"geometry":{"type":"Polygon","coordinates":[[[-92.7740188,44.9062537],[-92.7739669,44.9062923],[-92.7740096,44.9063211],[-92.7740299,44.906306],[-92.7740617,44.9063274],[-92.7740281,44.9063523],[-92.7741361,44.9064252],[-92.7741881,44.9063866],[-92.7741544,44.9063639],[-92.7741752,44.9063485],[-92.7740995,44.9062974],[-92.774092,44.906303],[-92.7740188,44.9062537]]]}},{"type":"Feature","id":"way/1351443776","properties":{"building":"shed","osm_type":"way","osm_id":1351443776},"geometry":{"type":"Polygon","coordinates":[[[-92.7739527,44.9062697],[-92.7739803,44.9062483],[-92.7739527,44.9062303],[-92.773925,44.9062517],[-92.7739527,44.9062697]]]}},{"type":"Feature","id":"way/1351443777","properties":{"building":"shed","osm_type":"way","osm_id":1351443777},"geometry":{"type":"Polygon","coordinates":[[[-92.7742669,44.906545],[-92.7743044,44.9065132],[-92.7742738,44.9064951],[-92.7742363,44.9065269],[-92.7742669,44.906545]]]}},{"type":"Feature","id":"way/1351443778","properties":{"natural":"wood","osm_type":"way","osm_id":1351443778},"geometry":{"type":"Polygon","coordinates":[[[-92.7752498,44.9102851],[-92.7753283,44.9103221],[-92.7753944,44.9103702],[-92.7754214,44.9103967],[-92.7754603,44.9104512],[-92.7754711,44.9104778],[-92.7754747,44.9105819],[-92.7754608,44.9106846],[-92.7754473,44.9107242],[-92.7754157,44.9107656],[-92.7753634,44.9108089],[-92.7752873,44.9108553],[-92.7752218,44.9108878],[-92.7752344,44.9109266],[-92.7754426,44.9109498],[-92.7754483,44.9129865],[-92.7766431,44.9130472],[-92.7766734,44.9129268],[-92.776684,44.9128887],[-92.776696,44.912852],[-92.7767112,44.9128179],[-92.7767307,44.9127875],[-92.7767539,44.9127608],[-92.7767802,44.9127378],[-92.7768091,44.9127186],[-92.7768401,44.9127032],[-92.7768725,44.9126915],[-92.776906,44.9126837],[-92.7769398,44.9126798],[-92.7769734,44.9126797],[-92.7770084,44.9126826],[-92.7770459,44.9126872],[-92.7770852,44.9126934],[-92.7771252,44.912701],[-92.7771652,44.9127099],[-92.7772041,44.9127199],[-92.7772412,44.9127307],[-92.7772756,44.9127423],[-92.7773063,44.9127544],[-92.7773324,44.9127669],[-92.777359,44.9127787],[-92.7773908,44.9127886],[-92.7774266,44.9127966],[-92.7774654,44.9128027],[-92.7775061,44.9128066],[-92.7775475,44.9128084],[-92.7775885,44.9128079],[-92.7776281,44.9128049],[-92.777665,44.9127995],[-92.7776982,44.9127915],[-92.7777726,44.9127694],[-92.7777879,44.9127642],[-92.7778032,44.9127578],[-92.7778184,44.9127502],[-92.7778333,44.9127417],[-92.777848,44.9127323],[-92.7778763,44.9127115],[-92.7778899,44.9127004],[-92.7779282,44.9126667],[-92.7779417,44.9126571],[-92.7779559,44.9126488],[-92.7779703,44.9126417],[-92.7779754,44.9126384],[-92.7779799,44.9126342],[-92.7779836,44.9126292],[-92.7779894,44.912617],[-92.7779933,44.9126022],[-92.7779965,44.9125761],[-92.7778923,44.9125492],[-92.7777927,44.9125161],[-92.7775783,44.9124312],[-92.777395,44.9123456],[-92.7772546,44.9122726],[-92.7771191,44.9121801],[-92.7770318,44.9121063],[-92.7769187,44.9119989],[-92.7766061,44.9116702],[-92.7765601,44.9116057],[-92.776521,44.9115379],[-92.77649,44.9114727],[-92.7764616,44.9113922],[-92.776452,44.9113114],[-92.7764528,44.9111779],[-92.7764704,44.9108471],[-92.7764883,44.9106639],[-92.7765121,44.9105651],[-92.7765837,44.9104266],[-92.7766144,44.9103217],[-92.7766653,44.909925],[-92.7766821,44.9095442],[-92.7766932,44.909491],[-92.7767226,44.9094205],[-92.7766138,44.9093602],[-92.7765774,44.9093294],[-92.7765552,44.9092967],[-92.7765409,44.9092597],[-92.7765303,44.9091986],[-92.7765324,44.9091348],[-92.7765405,44.9090927],[-92.7765662,44.9090276],[-92.7766182,44.9089615],[-92.7766731,44.9089184],[-92.7767478,44.9088784],[-92.7768396,44.9088515],[-92.77694,44.9088381],[-92.7770405,44.9088369],[-92.777088,44.9088405],[-92.7771722,44.9088553],[-92.7772074,44.9088675],[-92.7772655,44.9089043],[-92.7773081,44.9089516],[-92.7773367,44.9090025],[-92.7773526,44.9090502],[-92.7773565,44.9091146],[-92.7773461,44.9091668],[-92.7773215,44.9092214],[-92.777279,44.9092725],[-92.77725,44.909295],[-92.7772152,44.9093144],[-92.7771341,44.9093458],[-92.7770462,44.9093686],[-92.7769572,44.9093815],[-92.7768733,44.9093834],[-92.7768002,44.9093731],[-92.7767585,44.9094307],[-92.7767387,44.9094733],[-92.7767206,44.9095469],[-92.7767166,44.9096042],[-92.7767864,44.9096277],[-92.7768606,44.9096628],[-92.7769355,44.9097071],[-92.7770079,44.9097581],[-92.7770743,44.9098135],[-92.7771416,44.9098785],[-92.7772158,44.9099579],[-92.7772926,44.9100482],[-92.7773676,44.9101462],[-92.7774363,44.9102485],[-92.7774869,44.9103684],[-92.777512,44.9105077],[-92.7775138,44.9106458],[-92.7774948,44.9107624],[-92.7774571,44.9108369],[-92.7774082,44.9108904],[-92.7773577,44.9109536],[-92.7773105,44.9110206],[-92.7772717,44.9110856],[-92.7772362,44.9111667],[-92.7772062,44.911206],[-92.7771646,44.9112326],[-92.7771128,44.9112457],[-92.7770524,44.9112445],[-92.7769829,44.9112297],[-92.7768954,44.9112121],[-92.7767921,44.9111957],[-92.7767357,44.9111889],[-92.776677,44.9111834],[-92.7766163,44.9111797],[-92.7765543,44.911178],[-92.7764914,44.9111786],[-92.7764906,44.9113106],[-92.7764998,44.9113876],[-92.7765411,44.9114959],[-92.7765954,44.9115944],[-92.7766637,44.9116847],[-92.7770219,44.9120525],[-92.7771479,44.9121618],[-92.7772788,44.9122513],[-92.777417,44.912323],[-92.7775987,44.912408],[-92.7777504,44.9124695],[-92.7778743,44.9125136],[-92.7778825,44.9125035],[-92.7778868,44.9124964],[-92.7778947,44.9124792],[-92.7778977,44.9124694],[-92.7778999,44.912459],[-92.7779008,44.9124481],[-92.7779004,44.9124369],[-92.7778983,44.9124255],[-92.7778833,44.9123978],[-92.7778753,44.9123651],[-92.777873,44.9123286],[-92.7778748,44.9122895],[-92.7778791,44.9122488],[-92.7778847,44.9122078],[-92.7778898,44.9121676],[-92.7778931,44.9121294],[-92.777893,44.9120944],[-92.7778882,44.9120636],[-92.7778757,44.9120307],[-92.777855,44.9119895],[-92.7778282,44.911942],[-92.7777971,44.9118903],[-92.7777637,44.9118362],[-92.7777298,44.9117817],[-92.7776974,44.9117289],[-92.7776684,44.9116796],[-92.7776447,44.9116358],[-92.7776283,44.9115995],[-92.7776169,44.9115659],[-92.7776068,44.9115294],[-92.7775982,44.9114907],[-92.7775909,44.9114507],[-92.777585,44.9114101],[-92.7775805,44.9113697],[-92.7775774,44.9113303],[-92.7775757,44.9112925],[-92.7775753,44.9112573],[-92.7775764,44.9112253],[-92.7775805,44.9111919],[-92.7775891,44.911153],[-92.7776011,44.9111105],[-92.7776158,44.9110664],[-92.7776323,44.9110224],[-92.7776497,44.9109805],[-92.7776673,44.9109426],[-92.7776841,44.9109106],[-92.7776993,44.9108863],[-92.7777121,44.9108716],[-92.7777254,44.9108625],[-92.7777424,44.9108542],[-92.7777626,44.9108478],[-92.7777853,44.9108444],[-92.7778099,44.910845],[-92.7778357,44.9108509],[-92.7778623,44.9108629],[-92.777889,44.9108823],[-92.7779151,44.91091],[-92.7779401,44.9109473],[-92.7779676,44.9109896],[-92.7780011,44.9110316],[-92.7780396,44.9110726],[-92.7780825,44.911112],[-92.7781289,44.9111492],[-92.7781779,44.9111835],[-92.7782289,44.9112145],[-92.7782809,44.9112414],[-92.7783331,44.9112636],[-92.7783847,44.9112805],[-92.7784344,44.9112969],[-92.7784806,44.9113173],[-92.7785228,44.9113412],[-92.7785603,44.911368],[-92.7785926,44.9113971],[-92.778619,44.9114279],[-92.7786389,44.9114599],[-92.7786517,44.9114923],[-92.7786566,44.9115248],[-92.7786532,44.9115566],[-92.7786452,44.9115893],[-92.7786368,44.9116244],[-92.7786281,44.9116614],[-92.7786194,44.9116996],[-92.7786107,44.9117383],[-92.7786021,44.911777],[-92.7785939,44.9118149],[-92.7785861,44.9118516],[-92.7785789,44.9118863],[-92.7785724,44.9119185],[-92.778567,44.9119513],[-92.7785627,44.911988],[-92.7785596,44.9120274],[-92.7785574,44.9120686],[-92.7785562,44.9121107],[-92.7785557,44.9121526],[-92.7785559,44.9121935],[-92.7785566,44.9122323],[-92.7785578,44.912268],[-92.7785594,44.9122998],[-92.778559,44.91233],[-92.7785546,44.9123613],[-92.7785468,44.9123927],[-92.778536,44.9124235],[-92.778523,44.9124528],[-92.7785081,44.9124798],[-92.7784919,44.9125036],[-92.778475,44.9125236],[-92.7784578,44.9125387],[-92.778441,44.9125482],[-92.778438,44.912555],[-92.7784348,44.9125624],[-92.7784318,44.9125704],[-92.7784291,44.9125789],[-92.7784268,44.9125879],[-92.7784251,44.9125973],[-92.7784241,44.9126071],[-92.778424,44.9126173],[-92.7784249,44.9126278],[-92.778427,44.9126385],[-92.7785785,44.9126763],[-92.7786025,44.9126576],[-92.7786273,44.9126369],[-92.7786528,44.9126146],[-92.7787054,44.9125656],[-92.7787867,44.9124845],[-92.7788671,44.9124007],[-92.7788909,44.9123771],[-92.778913,44.9123567],[-92.7789339,44.912339],[-92.7789539,44.9123238],[-92.7789735,44.9123108],[-92.7789933,44.9122998],[-92.7790135,44.9122903],[-92.7790347,44.9122822],[-92.7790573,44.9122751],[-92.779048,44.9122089],[-92.7790566,44.9121563],[-92.7791688,44.9119703],[-92.7792678,44.9117845],[-92.7793661,44.9115888],[-92.7794878,44.9113182],[-92.7795249,44.911326],[-92.7794027,44.9115975],[-92.7793041,44.911794],[-92.7792047,44.9119804],[-92.7791024,44.9121449],[-92.7790872,44.9121962],[-92.7790955,44.912271],[-92.7791393,44.9122632],[-92.7791811,44.9122532],[-92.7792206,44.9122413],[-92.7792574,44.9122278],[-92.7792911,44.9122128],[-92.7793213,44.9121968],[-92.7793478,44.9121799],[-92.7793701,44.9121625],[-92.7793878,44.9121447],[-92.7794006,44.912127],[-92.7794535,44.9120346],[-92.7794997,44.9119492],[-92.7795177,44.9119137],[-92.7795445,44.9118572],[-92.7795627,44.9118213],[-92.7796103,44.9117321],[-92.7796669,44.9116291],[-92.7797803,44.9114274],[-92.7798103,44.9113709],[-92.7798489,44.9112932],[-92.7798936,44.9111998],[-92.7799919,44.9109867],[-92.7800861,44.9107743],[-92.7801257,44.9106816],[-92.7801571,44.9106051],[-92.7801779,44.91055],[-92.7802274,44.9103986],[-92.7802788,44.9102301],[-92.7803077,44.910131],[-92.7803277,44.9100583],[-92.7803409,44.9100022],[-92.7803465,44.9099732],[-92.7803559,44.9099138],[-92.7803623,44.9098527],[-92.7803644,44.9098217],[-92.7803659,44.9097591],[-92.7802793,44.909785],[-92.7801782,44.9098283],[-92.7801433,44.9098511],[-92.7801093,44.9098926],[-92.7799363,44.9103452],[-92.7796846,44.9109482],[-92.7796476,44.9109404],[-92.7798991,44.9103377],[-92.7800736,44.909882],[-92.7801137,44.9098333],[-92.7801544,44.9098067],[-92.7802265,44.9097736],[-92.7803637,44.9097297],[-92.7803872,44.9097178],[-92.7804245,44.9096829],[-92.7804393,44.9096395],[-92.7796503,44.9095548],[-92.7796268,44.9095936],[-92.7795977,44.9096259],[-92.7795602,44.9096465],[-92.779517,44.9096553],[-92.7794709,44.9096523],[-92.7794243,44.9096376],[-92.77938,44.909611],[-92.7793406,44.9095727],[-92.7793088,44.9095225],[-92.7792871,44.9094605],[-92.7792782,44.9093866],[-92.7792742,44.9093068],[-92.7792659,44.9092275],[-92.7792535,44.9091493],[-92.7792376,44.9090729],[-92.7792185,44.9089991],[-92.7791967,44.9089284],[-92.7791725,44.9088616],[-92.7791465,44.9087994],[-92.779119,44.9087424],[-92.7790904,44.9086913],[-92.7790593,44.9086415],[-92.7790242,44.9085884],[-92.7789858,44.9085326],[-92.7789447,44.908475],[-92.7789013,44.9084164],[-92.7788564,44.9083573],[-92.7788104,44.9082987],[-92.7787639,44.9082413],[-92.7787176,44.9081857],[-92.778672,44.9081328],[-92.7786219,44.9080848],[-92.7785627,44.9080432],[-92.778496,44.9080082],[-92.7784233,44.90798],[-92.7783461,44.9079585],[-92.7782661,44.9079441],[-92.7781847,44.9079367],[-92.7781035,44.9079365],[-92.778024,44.9079436],[-92.7779478,44.9079581],[-92.7778705,44.9079745],[-92.777787,44.907987],[-92.7776978,44.9079951],[-92.7776034,44.9079983],[-92.7775046,44.9079961],[-92.7774017,44.9079879],[-92.7772953,44.9079733],[-92.777186,44.9079518],[-92.7770743,44.9079228],[-92.7769607,44.9078859],[-92.776852,44.9078446],[-92.7767535,44.907803],[-92.7766638,44.9077617],[-92.7765814,44.9077209],[-92.7765051,44.9076812],[-92.7763647,44.9076066],[-92.7762979,44.9075727],[-92.7762315,44.9075415],[-92.7761641,44.9075135],[-92.7760899,44.9074847],[-92.7759157,44.9074146],[-92.7757266,44.9073362],[-92.7755461,44.9072588],[-92.775398,44.9071922],[-92.7752955,44.9071455],[-92.7751955,44.9071215],[-92.7750952,44.9071167],[-92.7750014,44.9071277],[-92.7749207,44.9071509],[-92.7748224,44.9071886],[-92.7747536,44.9071949],[-92.7746871,44.9071882],[-92.7746287,44.9071717],[-92.7745843,44.9071488],[-92.7745525,44.9071176],[-92.7745285,44.9070776],[-92.7745128,44.9070342],[-92.7745062,44.9069928],[-92.7745092,44.9069588],[-92.7745236,44.9069302],[-92.774549,44.9069028],[-92.7745831,44.9068787],[-92.7746234,44.9068599],[-92.7746674,44.9068486],[-92.7747241,44.9068444],[-92.7747989,44.906846],[-92.7748843,44.906854],[-92.7749726,44.9068692],[-92.7750563,44.9068923],[-92.7752645,44.9069655],[-92.7754345,44.9070272],[-92.7754864,44.9070372],[-92.7755404,44.9070321],[-92.7755892,44.9070142],[-92.7756252,44.9069859],[-92.7756411,44.9069493],[-92.7756333,44.90691],[-92.7756047,44.9068734],[-92.7755569,44.9068415],[-92.7754915,44.9068167],[-92.7754528,44.9068077],[-92.7753601,44.9067931],[-92.7752995,44.9067796],[-92.7752309,44.9067615],[-92.775157,44.9067394],[-92.7750801,44.9067142],[-92.7750029,44.9066867],[-92.7749278,44.9066575],[-92.7748572,44.9066274],[-92.7747937,44.9065971],[-92.7747398,44.9065675],[-92.7746935,44.9065359],[-92.7746507,44.9064999],[-92.7746115,44.9064603],[-92.7745756,44.9064182],[-92.7745427,44.9063744],[-92.7745127,44.9063299],[-92.7744855,44.9062856],[-92.7744607,44.9062423],[-92.774418,44.9061629],[-92.7742329,44.9062597],[-92.7742711,44.9062899],[-92.7743239,44.9063444],[-92.7743637,44.9063925],[-92.7743797,44.9064272],[-92.774378,44.9064625],[-92.7743633,44.9064956],[-92.7743404,44.9065237],[-92.7742991,44.9065515],[-92.7742365,44.9065712],[-92.774185,44.906576],[-92.7741301,44.906569],[-92.7741026,44.9065597],[-92.7739362,44.906454],[-92.7737257,44.9063023],[-92.773688,44.9063242],[-92.7736269,44.906332],[-92.7735985,44.9063413],[-92.7735318,44.9063812],[-92.7731886,44.9066932],[-92.773227,44.9067135],[-92.7733068,44.9067457],[-92.7734278,44.9067735],[-92.7735411,44.9067772],[-92.7736859,44.9067593],[-92.7737669,44.9067549],[-92.773848,44.9067573],[-92.773924,44.9067689],[-92.7740267,44.9068067],[-92.7741246,44.9068623],[-92.7741757,44.9069069],[-92.7742067,44.9069561],[-92.7742121,44.9069821],[-92.7742092,44.9070316],[-92.7741915,44.907078],[-92.7741759,44.9071014],[-92.7740973,44.9071802],[-92.7739891,44.907264],[-92.773929,44.9073188],[-92.7738864,44.9073712],[-92.77385,44.9074352],[-92.7738422,44.907503],[-92.7738515,44.9075556],[-92.7738754,44.9076071],[-92.7739382,44.9076713],[-92.7739529,44.9076927],[-92.7739636,44.907738],[-92.7739537,44.9077844],[-92.7739281,44.9078292],[-92.7738398,44.9079271],[-92.773666,44.9081502],[-92.7735849,44.9082419],[-92.7735467,44.9082668],[-92.7734886,44.9082829],[-92.7734323,44.9082787],[-92.7733777,44.9082607],[-92.7733269,44.9082506],[-92.7732671,44.9082473],[-92.7732062,44.908254],[-92.7731526,44.9082737],[-92.7730216,44.9083826],[-92.7729872,44.9083929],[-92.7729318,44.9083935],[-92.7728686,44.9083773],[-92.7727014,44.9082925],[-92.7724043,44.9081518],[-92.7723354,44.9081349],[-92.7722956,44.9081399],[-92.7722783,44.9081513],[-92.7722651,44.9081699],[-92.7722563,44.908251],[-92.7722257,44.9083169],[-92.7721917,44.9083563],[-92.7721196,44.908419],[-92.7720654,44.9084935],[-92.7721294,44.9085077],[-92.7721751,44.9085232],[-92.7723085,44.9085883],[-92.7723699,44.9086119],[-92.7724083,44.9086215],[-92.7725002,44.9086272],[-92.7725285,44.9085989],[-92.7725809,44.9085704],[-92.7726379,44.9085562],[-92.7727137,44.9085525],[-92.7727814,44.9085538],[-92.7728424,44.9085635],[-92.7728698,44.9085776],[-92.7728994,44.908618],[-92.7729023,44.9086411],[-92.7728934,44.9086658],[-92.7728698,44.9086918],[-92.7728279,44.9087188],[-92.7727697,44.908745],[-92.7727004,44.9087682],[-92.7726256,44.908786],[-92.7725507,44.9087959],[-92.7724873,44.9087938],[-92.7724623,44.9087879],[-92.7724241,44.9087695],[-92.7723989,44.9087459],[-92.7723786,44.9087106],[-92.7723722,44.9086798],[-92.7723779,44.9086381],[-92.7722929,44.9086072],[-92.7721601,44.9085423],[-92.77209,44.9085212],[-92.7720214,44.9085084],[-92.7719271,44.9084955],[-92.7717307,44.9084791],[-92.7716888,44.9084632],[-92.7716433,44.9084186],[-92.7716169,44.9084046],[-92.771559,44.9083959],[-92.7715085,44.908405],[-92.771521,44.908764],[-92.7715639,44.9092917],[-92.7716131,44.9092971],[-92.7725191,44.9093059],[-92.7726694,44.9092925],[-92.7728782,44.9092565],[-92.7729671,44.9092455],[-92.7730546,44.9092429],[-92.7731958,44.90925],[-92.7732221,44.9091128],[-92.773241,44.9089591],[-92.7732508,44.9089326],[-92.7732684,44.9089097],[-92.773294,44.9088916],[-92.7733274,44.9088799],[-92.7733698,44.9088754],[-92.7734926,44.9088818],[-92.7735634,44.9088928],[-92.7736333,44.9089095],[-92.7736962,44.9089325],[-92.7737225,44.9089469],[-92.7737647,44.9089805],[-92.7738054,44.9090369],[-92.7738266,44.9091093],[-92.7738186,44.9091843],[-92.7738041,44.90922],[-92.7737827,44.9092508],[-92.7737545,44.9092747],[-92.7737006,44.9093016],[-92.7736363,44.9093189],[-92.7735661,44.9093267],[-92.7734738,44.9093275],[-92.7733994,44.9093232],[-92.7732916,44.9093041],[-92.7732361,44.9092795],[-92.7730268,44.9092699],[-92.7728863,44.9092833],[-92.7726766,44.9093194],[-92.7725208,44.9093332],[-92.7716107,44.9093251],[-92.771568,44.9093339],[-92.7715713,44.9093729],[-92.771828,44.9093771],[-92.7721558,44.9093761],[-92.7726749,44.9094298],[-92.77299,44.9094436],[-92.7730758,44.9094555],[-92.7731385,44.9094772],[-92.7731609,44.9094928],[-92.7731773,44.9095119],[-92.7732171,44.9096224],[-92.7732518,44.9096835],[-92.7732757,44.9097113],[-92.7733047,44.9097356],[-92.7733397,44.9097552],[-92.7733812,44.9097689],[-92.77343,44.9097755],[-92.7735425,44.9097779],[-92.7739995,44.9097679],[-92.7740766,44.9097768],[-92.7741569,44.9097946],[-92.7742306,44.9098223],[-92.774262,44.9098401],[-92.7742881,44.9098606],[-92.7743077,44.9098841],[-92.7743468,44.9099613],[-92.7744077,44.9101902],[-92.7744377,44.9102268],[-92.7744828,44.9102534],[-92.7745436,44.9102688],[-92.77458,44.9102719],[-92.7749904,44.9102551],[-92.7751142,44.910258],[-92.7751657,44.9102635],[-92.7752498,44.9102851]]]}},{"type":"Feature","id":"way/1351443783","properties":{"natural":"wetland","osm_type":"way","osm_id":1351443783},"geometry":{"type":"Polygon","coordinates":[[[-92.7800824,44.9113694],[-92.7800059,44.9113511],[-92.7799388,44.9113458],[-92.779897,44.911347],[-92.7798565,44.9113524],[-92.7798012,44.9113704],[-92.7797699,44.9113906],[-92.7797303,44.9114331],[-92.7796516,44.9115594],[-92.7796307,44.9115748],[-92.7796162,44.9115792],[-92.7796023,44.9115786],[-92.7795904,44.9115735],[-92.779582,44.9115641],[-92.7795771,44.9115422],[-92.7796043,44.9114317],[-92.7796135,44.9113766],[-92.7796148,44.9113252],[-92.7796025,44.9112883],[-92.7795781,44.9112651],[-92.7795565,44.9112554],[-92.779531,44.9112496],[-92.7794836,44.9112534],[-92.7794517,44.9112652],[-92.7794374,44.9112741],[-92.779415,44.9112978],[-92.7794079,44.9113128],[-92.7793387,44.9115057],[-92.7792903,44.9116235],[-92.7792582,44.9116899],[-92.7791694,44.9118478],[-92.7791259,44.9119136],[-92.7791056,44.9119361],[-92.7790649,44.9119584],[-92.7790328,44.9119642],[-92.7790164,44.9119636],[-92.7789847,44.9119534],[-92.7789434,44.9119226],[-92.778903,44.9119032],[-92.7788731,44.9118971],[-92.778819,44.911897],[-92.7787754,44.9119067],[-92.7787305,44.9119283],[-92.77869,44.9119598],[-92.7786732,44.9119786],[-92.7786502,44.912021],[-92.7786262,44.9121508],[-92.7785879,44.9122944],[-92.7785563,44.9123847],[-92.778523,44.9124528],[-92.778536,44.9124235],[-92.7785468,44.9123927],[-92.7785546,44.9123613],[-92.778559,44.91233],[-92.7785594,44.9122998],[-92.7785578,44.912268],[-92.7785566,44.9122323],[-92.7785559,44.9121935],[-92.7785557,44.9121526],[-92.7785562,44.9121107],[-92.7785574,44.9120686],[-92.7785596,44.9120274],[-92.7785627,44.911988],[-92.778567,44.9119513],[-92.7785724,44.9119185],[-92.7785789,44.9118863],[-92.7785861,44.9118516],[-92.7785939,44.9118149],[-92.7786021,44.911777],[-92.7786107,44.9117383],[-92.7786194,44.9116996],[-92.7786281,44.9116614],[-92.7786368,44.9116244],[-92.7786452,44.9115893],[-92.7786532,44.9115566],[-92.7786566,44.9115248],[-92.7786517,44.9114923],[-92.7786389,44.9114599],[-92.778619,44.9114279],[-92.7785926,44.9113971],[-92.7785603,44.911368],[-92.7785228,44.9113412],[-92.7784806,44.9113173],[-92.7784344,44.9112969],[-92.7783847,44.9112805],[-92.7783331,44.9112636],[-92.7782809,44.9112414],[-92.7782289,44.9112145],[-92.7781779,44.9111835],[-92.7781289,44.9111492],[-92.7780825,44.911112],[-92.7780396,44.9110726],[-92.7780011,44.9110316],[-92.7779676,44.9109896],[-92.7779401,44.9109473],[-92.7779151,44.91091],[-92.777889,44.9108823],[-92.7778623,44.9108629],[-92.7778357,44.9108509],[-92.7778099,44.910845],[-92.7777853,44.9108444],[-92.7777626,44.9108478],[-92.7777424,44.9108542],[-92.7777254,44.9108625],[-92.7777121,44.9108716],[-92.7776993,44.9108863],[-92.7776841,44.9109106],[-92.7776673,44.9109426],[-92.7776998,44.9108573],[-92.777723,44.9107542],[-92.7777307,44.9106997],[-92.7777373,44.9105927],[-92.777731,44.9104983],[-92.7776123,44.9100403],[-92.7775403,44.9097149],[-92.7775164,44.9095508],[-92.777486,44.9092383],[-92.7774511,44.9089982],[-92.7774399,44.9089635],[-92.7774197,44.9089284],[-92.7773921,44.9088936],[-92.7773587,44.9088603],[-92.7773209,44.9088293],[-92.7772804,44.9088016],[-92.7772387,44.9087783],[-92.7771973,44.9087603],[-92.7771578,44.9087485],[-92.7771218,44.9087439],[-92.7769069,44.9087331],[-92.7767688,44.9087202],[-92.7766362,44.9087009],[-92.776578,44.9086887],[-92.7765283,44.9086746],[-92.7764008,44.9086303],[-92.7762805,44.9085788],[-92.7762008,44.9085336],[-92.7760789,44.9084458],[-92.7760425,44.9084249],[-92.7760097,44.908412],[-92.7759803,44.9084068],[-92.7759542,44.908409],[-92.7759313,44.9084183],[-92.7759115,44.9084345],[-92.7758947,44.9084572],[-92.7758808,44.9084862],[-92.7757947,44.9088033],[-92.7757456,44.9089398],[-92.7757157,44.9090061],[-92.775682,44.9090689],[-92.7756441,44.9091264],[-92.7755648,44.9092274],[-92.7754875,44.9093143],[-92.7754128,44.9093881],[-92.7753067,44.9094764],[-92.775235,44.9095231],[-92.7751879,44.9095443],[-92.7751349,44.9095624],[-92.7750786,44.9095753],[-92.7750218,44.9095813],[-92.7749673,44.9095785],[-92.774918,44.909565],[-92.7748765,44.9095389],[-92.7748456,44.9094984],[-92.7748282,44.9094416],[-92.7748093,44.909225],[-92.7747963,44.9091412],[-92.7747835,44.9091026],[-92.7747643,44.909065],[-92.7747372,44.9090277],[-92.7747006,44.9089898],[-92.7746576,44.9089522],[-92.7745196,44.9088501],[-92.7744259,44.9087908],[-92.7741831,44.9086493],[-92.7741191,44.9085975],[-92.774092,44.9085677],[-92.774069,44.9085346],[-92.774051,44.9084979],[-92.7740385,44.9084571],[-92.7740323,44.9084118],[-92.774033,44.9083615],[-92.7740573,44.9081851],[-92.7740853,44.9080578],[-92.7741222,44.9079335],[-92.7741438,44.9078754],[-92.7741675,44.9078215],[-92.7742519,44.9076578],[-92.7743149,44.907506],[-92.7743453,44.9074221],[-92.7743979,44.9072498],[-92.7744321,44.9070867],[-92.7744395,44.9070144],[-92.7744456,44.906858],[-92.7744465,44.9065752],[-92.7744372,44.9063803],[-92.7744283,44.9062875],[-92.7744005,44.9061225],[-92.774418,44.9061629],[-92.7744607,44.9062423],[-92.7744855,44.9062856],[-92.7745127,44.9063299],[-92.7745427,44.9063744],[-92.7745756,44.9064182],[-92.7746115,44.9064603],[-92.7746507,44.9064999],[-92.7746935,44.9065359],[-92.7747398,44.9065675],[-92.7747937,44.9065971],[-92.7748572,44.9066274],[-92.7749278,44.9066575],[-92.7750029,44.9066867],[-92.7750801,44.9067142],[-92.775157,44.9067394],[-92.7752309,44.9067615],[-92.7752995,44.9067796],[-92.7753601,44.9067931],[-92.7754528,44.9068077],[-92.7754915,44.9068167],[-92.7755569,44.9068415],[-92.7756047,44.9068734],[-92.7756333,44.90691],[-92.7756411,44.9069493],[-92.7756252,44.9069859],[-92.7755892,44.9070142],[-92.7755404,44.9070321],[-92.7754864,44.9070372],[-92.7754345,44.9070272],[-92.7752645,44.9069655],[-92.7750563,44.9068923],[-92.7749726,44.9068692],[-92.7748843,44.906854],[-92.7747989,44.906846],[-92.7747241,44.9068444],[-92.7746674,44.9068486],[-92.7746234,44.9068599],[-92.7745831,44.9068787],[-92.774549,44.9069028],[-92.7745236,44.9069302],[-92.7745092,44.9069588],[-92.7745062,44.9069928],[-92.7745128,44.9070342],[-92.7745285,44.9070776],[-92.7745525,44.9071176],[-92.7745843,44.9071488],[-92.7746287,44.9071717],[-92.7746871,44.9071882],[-92.7747536,44.9071949],[-92.7748224,44.9071886],[-92.7749207,44.9071509],[-92.7750014,44.9071277],[-92.7750952,44.9071167],[-92.7751955,44.9071215],[-92.7752955,44.9071455],[-92.775398,44.9071922],[-92.7755461,44.9072588],[-92.7757266,44.9073362],[-92.7759157,44.9074146],[-92.7760899,44.9074847],[-92.7761641,44.9075135],[-92.7762315,44.9075415],[-92.7762979,44.9075727],[-92.7763647,44.9076066],[-92.7765051,44.9076812],[-92.7765814,44.9077209],[-92.7766638,44.9077617],[-92.7767535,44.907803],[-92.776852,44.9078446],[-92.7769607,44.9078859],[-92.7770743,44.9079228],[-92.777186,44.9079518],[-92.7772953,44.9079733],[-92.7774017,44.9079879],[-92.7775046,44.9079961],[-92.7776034,44.9079983],[-92.7776978,44.9079951],[-92.777787,44.907987],[-92.7778705,44.9079745],[-92.7779478,44.9079581],[-92.778024,44.9079436],[-92.7781035,44.9079365],[-92.7781847,44.9079367],[-92.7782661,44.9079441],[-92.7783461,44.9079585],[-92.7784233,44.90798],[-92.778496,44.9080082],[-92.7785627,44.9080432],[-92.7786219,44.9080848],[-92.778672,44.9081328],[-92.7787176,44.9081857],[-92.7787639,44.9082413],[-92.7788104,44.9082987],[-92.7788564,44.9083573],[-92.7789013,44.9084164],[-92.7789447,44.908475],[-92.7789858,44.9085326],[-92.7790242,44.9085884],[-92.7790593,44.9086415],[-92.7790904,44.9086913],[-92.779119,44.9087424],[-92.7791465,44.9087994],[-92.7791725,44.9088616],[-92.7791967,44.9089284],[-92.7792185,44.9089991],[-92.7792376,44.9090729],[-92.7792535,44.9091493],[-92.7792659,44.9092275],[-92.7792742,44.9093068],[-92.7792782,44.9093866],[-92.7792871,44.9094605],[-92.7793088,44.9095225],[-92.7793406,44.9095727],[-92.77938,44.909611],[-92.7794243,44.9096376],[-92.7794709,44.9096523],[-92.779517,44.9096553],[-92.7795602,44.9096465],[-92.7795977,44.9096259],[-92.7796268,44.9095936],[-92.7796503,44.9095548],[-92.7796259,44.90961],[-92.7795884,44.9096701],[-92.7795621,44.9096993],[-92.7794894,44.9097612],[-92.779451,44.909814],[-92.7794285,44.909876],[-92.7794272,44.9099186],[-92.779434,44.9099369],[-92.7794483,44.90995],[-92.779469,44.9099588],[-92.7794953,44.9099639],[-92.7795599,44.9099665],[-92.7797091,44.9099627],[-92.7797452,44.9099653],[-92.7797799,44.9099719],[-92.7798123,44.9099822],[-92.7798415,44.9099962],[-92.7798667,44.9100138],[-92.7798871,44.9100348],[-92.7799016,44.9100591],[-92.7799095,44.9100866],[-92.7799099,44.9101172],[-92.779902,44.9101508],[-92.7798558,44.9102657],[-92.7795845,44.9108852],[-92.7795784,44.9109032],[-92.7795804,44.9109309],[-92.779587,44.9109412],[-92.7796072,44.9109558],[-92.7796535,44.9109698],[-92.7796867,44.9109749],[-92.7797113,44.9109749],[-92.7797342,44.9109698],[-92.7797439,44.9109646],[-92.7797581,44.9109477],[-92.779872,44.9106929],[-92.7799032,44.9106598],[-92.7799298,44.9106441],[-92.7799592,44.9106356],[-92.7799895,44.9106362],[-92.7800156,44.9106474],[-92.7800335,44.9106677],[-92.7800428,44.9106941],[-92.7800435,44.9107234],[-92.7800355,44.9107528],[-92.7799016,44.9110629],[-92.7799017,44.9110789],[-92.7799072,44.911093],[-92.7799172,44.9111052],[-92.7799472,44.9111242],[-92.7799841,44.9111361],[-92.7801087,44.9111515],[-92.7802061,44.9111693],[-92.7802409,44.9111638],[-92.78026,44.911157],[-92.7802985,44.9111362],[-92.7803325,44.9111067],[-92.7803564,44.9110696],[-92.7803083,44.9111824],[-92.7802485,44.9113176],[-92.7801805,44.9114675],[-92.7801833,44.9114441],[-92.7801795,44.9114326],[-92.7801627,44.9114107],[-92.7801197,44.9113829],[-92.7800824,44.9113694]]]}},{"type":"Feature","id":"way/1351443784","properties":{"natural":"grassland","osm_type":"way","osm_id":1351443784},"geometry":{"type":"Polygon","coordinates":[[[-92.7764914,44.9111786],[-92.7765023,44.9109542],[-92.7765309,44.9106418],[-92.7765588,44.9105496],[-92.7765979,44.9104801],[-92.7768343,44.9104948],[-92.7769398,44.9104934],[-92.7770291,44.9104863],[-92.7770523,44.9104789],[-92.777087,44.9104562],[-92.7771087,44.9104277],[-92.7771232,44.9103863],[-92.7771228,44.9103528],[-92.777104,44.9103123],[-92.7770792,44.910289],[-92.7770433,44.9102747],[-92.7766602,44.9102791],[-92.7767038,44.9099269],[-92.7767166,44.9096042],[-92.7767864,44.9096277],[-92.7768606,44.9096628],[-92.7769355,44.9097071],[-92.7770079,44.9097581],[-92.7770743,44.9098135],[-92.7771416,44.9098785],[-92.7772158,44.9099579],[-92.7772926,44.9100482],[-92.7773676,44.9101462],[-92.7774363,44.9102485],[-92.7774869,44.9103684],[-92.777512,44.9105077],[-92.7775138,44.9106458],[-92.7774948,44.9107624],[-92.7774571,44.9108369],[-92.7774082,44.9108904],[-92.7773577,44.9109536],[-92.7773105,44.9110206],[-92.7772717,44.9110856],[-92.7772362,44.9111667],[-92.7772062,44.911206],[-92.7771646,44.9112326],[-92.7771128,44.9112457],[-92.7770524,44.9112445],[-92.7769829,44.9112297],[-92.7768954,44.9112121],[-92.7767921,44.9111957],[-92.7767357,44.9111889],[-92.776677,44.9111834],[-92.7766163,44.9111797],[-92.7765543,44.911178],[-92.7764914,44.9111786]]]}},{"type":"Feature","id":"way/1351443790","properties":{"building":"yes","osm_type":"way","osm_id":1351443790},"geometry":{"type":"Polygon","coordinates":[[[-92.7770409,44.9090865],[-92.7770276,44.9089994],[-92.7771686,44.9089886],[-92.7771818,44.9090745],[-92.7771644,44.9090758],[-92.7771674,44.9090959],[-92.777065,44.9091038],[-92.7770621,44.9090848],[-92.7770409,44.9090865]]]}},{"type":"Feature","id":"way/1351443791","properties":{"building":"yes","osm_type":"way","osm_id":1351443791},"geometry":{"type":"Polygon","coordinates":[[[-92.7767364,44.9093187],[-92.7767601,44.9089798],[-92.7766385,44.9089755],[-92.7766148,44.9093144],[-92.7767364,44.9093187]]]}},{"type":"Feature","id":"way/1351443795","properties":{"barrier":"guard_rail","osm_type":"way","osm_id":1351443795},"geometry":{"type":"LineString","coordinates":[[-92.7806403,44.9096611],[-92.7804228,44.9101809],[-92.7803967,44.9102412],[-92.7803645,44.9103133],[-92.7803278,44.9103942],[-92.7802881,44.9104811],[-92.7802469,44.910571],[-92.7802058,44.910661],[-92.7801662,44.9107482],[-92.7801297,44.9108298],[-92.7800979,44.9109028],[-92.7800722,44.9109643]]}},{"type":"Feature","id":"way/1351443799","properties":{"natural":"grassland","osm_type":"way","osm_id":1351443799},"geometry":{"type":"Polygon","coordinates":[[[-92.7800189,44.9115081],[-92.7799654,44.9116339],[-92.7799164,44.911742],[-92.7798747,44.9118274],[-92.7798656,44.9118446],[-92.7798213,44.9119281],[-92.7797471,44.9120598],[-92.7796712,44.9121902],[-92.7796297,44.9122596],[-92.7795872,44.912326],[-92.7795658,44.9123575],[-92.7795386,44.9123942],[-92.7794727,44.9124777],[-92.7793048,44.9126811],[-92.7792385,44.9127638],[-92.7791916,44.91282],[-92.7791376,44.9128822],[-92.7790707,44.9129566],[-92.7790276,44.9130028],[-92.7789289,44.9131062],[-92.7787769,44.9132627],[-92.7780661,44.9139869],[-92.7781162,44.9139926],[-92.7781722,44.914001],[-92.7782325,44.914012],[-92.7782954,44.9140256],[-92.7783596,44.9140414],[-92.7784233,44.9140593],[-92.7784852,44.9140792],[-92.7785435,44.9141008],[-92.7785969,44.9141241],[-92.7786437,44.9141488],[-92.7786558,44.9141394],[-92.7787218,44.9140764],[-92.7789172,44.9138693],[-92.7786489,44.9137322],[-92.778825,44.9135594],[-92.7791446,44.9137228],[-92.7789686,44.9138955],[-92.7789486,44.9138853],[-92.7787536,44.914092],[-92.7786717,44.9141678],[-92.7787111,44.9141897],[-92.7787601,44.9142181],[-92.7788168,44.9142523],[-92.7788793,44.9142916],[-92.7789458,44.9143353],[-92.7790146,44.9143827],[-92.7790837,44.9144331],[-92.7791515,44.9144858],[-92.779216,44.91454],[-92.7792755,44.9145951],[-92.7793271,44.9146484],[-92.77937,44.9146981],[-92.7794055,44.9147446],[-92.7794348,44.9147881],[-92.7794588,44.9148292],[-92.779479,44.914868],[-92.7794964,44.9149051],[-92.7795275,44.9149753],[-92.7795437,44.9150091],[-92.7795658,44.9150411],[-92.7795975,44.9150696],[-92.7796369,44.9150943],[-92.7796824,44.9151149],[-92.7797324,44.9151312],[-92.7797853,44.9151427],[-92.7798393,44.9151494],[-92.7798927,44.9151507],[-92.7799441,44.9151465],[-92.7799916,44.9151364],[-92.7800348,44.9151194],[-92.7800734,44.9150949],[-92.7801059,44.9150635],[-92.780131,44.9150257],[-92.7801472,44.9149821],[-92.780153,44.914933],[-92.7801472,44.9148792],[-92.7801282,44.914821],[-92.7800947,44.914759],[-92.7800452,44.9146938],[-92.7799957,44.9146211],[-92.7799607,44.9145382],[-92.7799366,44.9144475],[-92.7799199,44.9143516],[-92.7798946,44.9141547],[-92.7798789,44.9140589],[-92.7798564,44.9139682],[-92.7798236,44.9138852],[-92.779777,44.9138125],[-92.7797217,44.9137475],[-92.7796654,44.9136861],[-92.7796087,44.9136282],[-92.7795522,44.9135739],[-92.7794964,44.9135233],[-92.7794418,44.9134765],[-92.7793889,44.9134335],[-92.7793383,44.9133944],[-92.7792904,44.9133592],[-92.7792459,44.9133281],[-92.779209,44.9132993],[-92.7791831,44.9132708],[-92.7791673,44.9132426],[-92.7791609,44.9132147],[-92.7791631,44.9131868],[-92.7791731,44.9131591],[-92.7791902,44.9131313],[-92.7792134,44.9131034],[-92.7792421,44.9130753],[-92.7792755,44.913047],[-92.7793118,44.913022],[-92.7793503,44.9130039],[-92.7793912,44.9129929],[-92.779435,44.9129888],[-92.779482,44.9129917],[-92.7795325,44.9130016],[-92.7795869,44.9130185],[-92.7796456,44.9130425],[-92.7797088,44.9130735],[-92.779777,44.9131116],[-92.7798458,44.9131527],[-92.7799105,44.9131927],[-92.7799714,44.9132318],[-92.7800287,44.9132699],[-92.7800825,44.913307],[-92.7801329,44.9133431],[-92.7801803,44.9133783],[-92.7802247,44.9134125],[-92.7802664,44.9134458],[-92.7803054,44.9134782],[-92.7803419,44.9135114],[-92.7803758,44.9135476],[-92.7804069,44.9135869],[-92.7804351,44.9136297],[-92.7804603,44.9136762],[-92.7804825,44.9137267],[-92.7805015,44.9137814],[-92.7805173,44.9138407],[-92.7805298,44.9139048],[-92.7805388,44.9139739],[-92.7805463,44.9140402],[-92.7805546,44.9140964],[-92.7805636,44.9141435],[-92.7805734,44.9141829],[-92.780584,44.9142158],[-92.7805955,44.9142433],[-92.780608,44.9142667],[-92.7806214,44.9142872],[-92.7806359,44.914306],[-92.7806514,44.9143244],[-92.7806697,44.9143417],[-92.7806919,44.9143567],[-92.7807173,44.9143694],[-92.7807452,44.9143798],[-92.7807746,44.914388],[-92.780805,44.9143941],[-92.7808356,44.914398],[-92.7808657,44.9143998],[-92.7808944,44.9143997],[-92.780921,44.9143975],[-92.7809469,44.9143939],[-92.780974,44.9143891],[-92.7810022,44.9143832],[-92.7810317,44.9143762],[-92.7810625,44.9143678],[-92.7810945,44.9143582],[-92.7811279,44.9143472],[-92.7811626,44.9143348],[-92.7811986,44.9143208],[-92.7812732,44.9142908],[-92.7813086,44.9142794],[-92.7813429,44.9142709],[-92.781377,44.9142649],[-92.7814116,44.9142614],[-92.7814473,44.9142599],[-92.7814851,44.9142602],[-92.7815255,44.9142621],[-92.7816176,44.9142695],[-92.7815848,44.9142627],[-92.7815555,44.9142543],[-92.7815257,44.9142441],[-92.7814956,44.9142321],[-92.7814655,44.9142183],[-92.7814358,44.914203],[-92.7814067,44.9141861],[-92.7813785,44.9141677],[-92.7813514,44.914148],[-92.7813258,44.9141269],[-92.7813019,44.9141046],[-92.7812853,44.9140876],[-92.7812714,44.9140711],[-92.7812394,44.9140258],[-92.7812276,44.9140107],[-92.7812145,44.9139954],[-92.7811999,44.9139801],[-92.7811838,44.9139647],[-92.7811659,44.9139491],[-92.781146,44.9139334],[-92.7811238,44.9139177],[-92.7810994,44.9139018],[-92.7810736,44.9138864],[-92.7810477,44.913872],[-92.7810215,44.9138585],[-92.7809679,44.9138327],[-92.7808204,44.913765],[-92.7807901,44.913749],[-92.7807634,44.9137317],[-92.7807404,44.9137135],[-92.7807211,44.9136945],[-92.7807054,44.9136748],[-92.7806933,44.9136546],[-92.7806849,44.9136342],[-92.78068,44.9136137],[-92.7806787,44.9135933],[-92.7806836,44.9135515],[-92.7806836,44.913527],[-92.7806813,44.9135006],[-92.7806769,44.9134731],[-92.7806709,44.9134457],[-92.7806634,44.913419],[-92.7806547,44.9133942],[-92.7806451,44.913372],[-92.780635,44.9133535],[-92.7806041,44.9133138],[-92.7805888,44.913292],[-92.7805704,44.913267],[-92.7805496,44.913239],[-92.7805269,44.9132088],[-92.7805028,44.9131766],[-92.7804781,44.9131431],[-92.7804531,44.9131087],[-92.7804286,44.913074],[-92.7804051,44.9130393],[-92.7803832,44.9130052],[-92.7803588,44.9129708],[-92.780328,44.9129352],[-92.7802919,44.912899],[-92.7802516,44.9128626],[-92.7802082,44.9128267],[-92.7801627,44.9127916],[-92.7801161,44.9127579],[-92.7800696,44.9127263],[-92.7800241,44.9126971],[-92.7799809,44.9126709],[-92.7799418,44.9126472],[-92.7799079,44.9126251],[-92.7798787,44.9126044],[-92.7798539,44.9125849],[-92.779833,44.9125664],[-92.7798156,44.9125489],[-92.7798011,44.9125321],[-92.7797893,44.912516],[-92.7797796,44.9125002],[-92.7797717,44.9124847],[-92.7797646,44.9124689],[-92.7797581,44.9124521],[-92.7797525,44.9124344],[-92.7797484,44.9124161],[-92.7797462,44.9123971],[-92.7797462,44.9123777],[-92.7797488,44.9123578],[-92.7797546,44.9123376],[-92.7797638,44.9123172],[-92.779777,44.9122967],[-92.7798019,44.9122546],[-92.7798437,44.9121746],[-92.7798988,44.912064],[-92.7799636,44.9119304],[-92.7800345,44.9117815],[-92.780108,44.9116246],[-92.7801805,44.9114675],[-92.7802485,44.9113176],[-92.7803083,44.9111824],[-92.7803564,44.9110696],[-92.7803927,44.9109786],[-92.7804205,44.9109026],[-92.7804412,44.9108396],[-92.7804563,44.9107876],[-92.7804674,44.9107445],[-92.7804757,44.9107085],[-92.7804829,44.9106775],[-92.7804904,44.9106496],[-92.7804996,44.9106226],[-92.7805119,44.9105947],[-92.7805285,44.9105687],[-92.7805486,44.9105486],[-92.7805716,44.9105346],[-92.7805966,44.9105265],[-92.7806229,44.9105244],[-92.7805916,44.9105188],[-92.7805635,44.9105126],[-92.7805386,44.9105062],[-92.7805166,44.9104994],[-92.7804972,44.9104926],[-92.7804804,44.9104856],[-92.7804658,44.9104788],[-92.7804532,44.910472],[-92.7804333,44.9104593],[-92.7803666,44.9106501],[-92.7803348,44.910734],[-92.7802284,44.9109961],[-92.7801856,44.9111013],[-92.7801076,44.9110853],[-92.7800295,44.9110694],[-92.7800722,44.9109643],[-92.7800979,44.9109028],[-92.7801297,44.9108298],[-92.7801662,44.9107482],[-92.7802058,44.910661],[-92.7802469,44.910571],[-92.7802881,44.9104811],[-92.7803278,44.9103942],[-92.7803645,44.9103133],[-92.7803967,44.9102412],[-92.7804228,44.9101809],[-92.7806403,44.9096611],[-92.7804775,44.9096436],[-92.7804719,44.9096708],[-92.7804499,44.9097068],[-92.780413,44.9097382],[-92.7803659,44.9097591],[-92.7803644,44.9098217],[-92.7803623,44.9098527],[-92.7803559,44.9099138],[-92.7803465,44.9099732],[-92.7803409,44.9100022],[-92.7803277,44.9100583],[-92.7803077,44.910131],[-92.7802788,44.9102301],[-92.7802274,44.9103986],[-92.7801779,44.91055],[-92.7801571,44.9106051],[-92.7801257,44.9106816],[-92.7800861,44.9107743],[-92.7799919,44.9109867],[-92.7798936,44.9111998],[-92.7798489,44.9112932],[-92.7798103,44.9113709],[-92.7797803,44.9114274],[-92.7796669,44.9116291],[-92.7796103,44.9117321],[-92.7795627,44.9118213],[-92.7795445,44.9118572],[-92.7795177,44.9119137],[-92.7794997,44.9119492],[-92.7794535,44.9120346],[-92.7794006,44.912127],[-92.7793878,44.9121447],[-92.7793701,44.9121625],[-92.7793478,44.9121799],[-92.7793213,44.9121968],[-92.7792911,44.9122128],[-92.7792574,44.9122278],[-92.7792206,44.9122413],[-92.7791811,44.9122532],[-92.7791393,44.9122632],[-92.7790955,44.912271],[-92.7791391,44.9124766],[-92.7791418,44.9125489],[-92.7791093,44.9125976],[-92.7789532,44.9127811],[-92.7790088,44.9127996],[-92.7790781,44.9128043],[-92.7790989,44.9127804],[-92.7791448,44.9127254],[-92.7791791,44.9126827],[-92.7792122,44.912638],[-92.7792442,44.9125918],[-92.7792752,44.9125448],[-92.7793051,44.9124976],[-92.779334,44.9124506],[-92.7793619,44.9124045],[-92.7793888,44.9123599],[-92.7794148,44.9123174],[-92.77944,44.9122775],[-92.7794809,44.9122134],[-92.7795214,44.9121458],[-92.7795966,44.9120166],[-92.7796698,44.9118866],[-92.7797081,44.9118146],[-92.779722,44.9117884],[-92.7797623,44.9117056],[-92.7798103,44.9115997],[-92.7798627,44.911476],[-92.7799408,44.9114921],[-92.7800189,44.9115081]]]}},{"type":"Feature","id":"way/1351491122","properties":{"natural":"wood","osm_type":"way","osm_id":1351491122},"geometry":{"type":"Polygon","coordinates":[[[-92.7716158,44.9083807],[-92.7715383,44.908371],[-92.7715086,44.9083624],[-92.7715086,44.9083099],[-92.7715167,44.9082244],[-92.7715374,44.9081698],[-92.7715804,44.9080926],[-92.7716197,44.9080477],[-92.7716532,44.9080817],[-92.7716762,44.9081182],[-92.7716947,44.9081722],[-92.7716995,44.9082186],[-92.7716945,44.9082487],[-92.771672,44.9083014],[-92.7716158,44.9083807]]]}},{"type":"Feature","id":"way/1351491130","properties":{"building":"shed","osm_type":"way","osm_id":1351491130},"geometry":{"type":"Polygon","coordinates":[[[-92.7726544,44.9097342],[-92.7726535,44.9096935],[-92.7726077,44.909694],[-92.7726086,44.9097347],[-92.7726544,44.9097342]]]}},{"type":"Feature","id":"way/1351491132","properties":{"building":"house","osm_type":"way","osm_id":1351491132},"geometry":{"type":"Polygon","coordinates":[[[-92.7722315,44.9095327],[-92.772226,44.909658],[-92.7721248,44.9096558],[-92.7721286,44.9095691],[-92.7721083,44.9095686],[-92.7721129,44.9094635],[-92.7722724,44.909467],[-92.7722695,44.9095335],[-92.7722315,44.9095327]]]}},{"type":"Feature","id":"way/1351491133","properties":{"building":"house","osm_type":"way","osm_id":1351491133},"geometry":{"type":"Polygon","coordinates":[[[-92.7733681,44.9089526],[-92.7733674,44.9090336],[-92.7733615,44.9090335],[-92.7733608,44.9091241],[-92.7733426,44.909124],[-92.7733421,44.909194],[-92.7734801,44.9091946],[-92.7734808,44.9091075],[-92.7735185,44.9091077],[-92.7735191,44.9090365],[-92.7734838,44.9090363],[-92.7734845,44.9089531],[-92.7733681,44.9089526]]]}},{"type":"Feature","id":"way/1351491134","properties":{"building":"yes","osm_type":"way","osm_id":1351491134},"geometry":{"type":"Polygon","coordinates":[[[-92.7726346,44.9086746],[-92.7727859,44.9086729],[-92.772784,44.908587],[-92.7726326,44.9085887],[-92.7726346,44.9086746]]]}},{"type":"Feature","id":"way/1351491135","properties":{"building":"house","osm_type":"way","osm_id":1351491135},"geometry":{"type":"Polygon","coordinates":[[[-92.7721613,44.9082028],[-92.7721199,44.9082243],[-92.772172,44.9082747],[-92.772011,44.9083582],[-92.7719494,44.9082987],[-92.7718634,44.9083433],[-92.7717993,44.9082812],[-92.7718837,44.9082375],[-92.7718744,44.9082285],[-92.7719787,44.9081744],[-92.7719952,44.9081903],[-92.7720532,44.9081602],[-92.7720642,44.9081709],[-92.7721059,44.9081493],[-92.7721613,44.9082028]]]}},{"type":"Feature","id":"way/1351491136","properties":{"building":"house","osm_type":"way","osm_id":1351491136},"geometry":{"type":"Polygon","coordinates":[[[-92.7723218,44.9078766],[-92.7724307,44.9079335],[-92.7723597,44.9080017],[-92.7724585,44.9080534],[-92.7723827,44.9081262],[-92.7721737,44.9080169],[-92.7722172,44.9079751],[-92.7721964,44.9079642],[-92.7722166,44.9079239],[-92.7722633,44.9079001],[-92.7722853,44.9079116],[-92.7723218,44.9078766]]]}},{"type":"Feature","id":"way/1351491137","properties":{"building":"yes","osm_type":"way","osm_id":1351491137},"geometry":{"type":"Polygon","coordinates":[[[-92.7728817,44.9083214],[-92.772974,44.908367],[-92.773079,44.9082604],[-92.7729867,44.9082148],[-92.7728817,44.9083214]]]}},{"type":"Feature","id":"way/1351491138","properties":{"building":"shed","osm_type":"way","osm_id":1351491138},"geometry":{"type":"Polygon","coordinates":[[[-92.7734516,44.9082176],[-92.7734315,44.9082511],[-92.7734834,44.9082668],[-92.7735036,44.9082332],[-92.7734516,44.9082176]]]}},{"type":"Feature","id":"way/1351491139","properties":{"building":"yes","osm_type":"way","osm_id":1351491139},"geometry":{"type":"Polygon","coordinates":[[[-92.7730486,44.9078979],[-92.7729915,44.9080351],[-92.7731761,44.9080736],[-92.7732332,44.9079365],[-92.7730486,44.9078979]]]}},{"type":"Feature","id":"way/1351491140","properties":{"building":"yes","osm_type":"way","osm_id":1351491140},"geometry":{"type":"Polygon","coordinates":[[[-92.7732381,44.907827],[-92.7734248,44.9079017],[-92.7734302,44.9078949],[-92.7734824,44.9079158],[-92.7735396,44.9078441],[-92.7733603,44.9077724],[-92.7733269,44.9078142],[-92.7732673,44.9077903],[-92.7732381,44.907827]]]}},{"type":"Feature","id":"way/1351491141","properties":{"building":"house","osm_type":"way","osm_id":1351491141},"geometry":{"type":"Polygon","coordinates":[[[-92.7725036,44.9077611],[-92.7725772,44.9077],[-92.772571,44.9076963],[-92.7726599,44.9076225],[-92.7727136,44.907655],[-92.772754,44.9076215],[-92.7728136,44.9076575],[-92.7727667,44.9076964],[-92.7727538,44.9076886],[-92.7726756,44.9077535],[-92.7726547,44.9077409],[-92.772577,44.9078054],[-92.7725036,44.9077611]]]}},{"type":"Feature","id":"way/1351491142","properties":{"building":"house","osm_type":"way","osm_id":1351491142},"geometry":{"type":"Polygon","coordinates":[[[-92.7729797,44.9075857],[-92.7731685,44.9076651],[-92.7732257,44.9075969],[-92.7731776,44.9075766],[-92.7732559,44.9074832],[-92.7731142,44.9074237],[-92.7730501,44.9075002],[-92.7730335,44.9074932],[-92.7729882,44.9075473],[-92.7730057,44.9075547],[-92.7729797,44.9075857]]]}},{"type":"Feature","id":"way/1351491143","properties":{"building":"shed","osm_type":"way","osm_id":1351491143},"geometry":{"type":"Polygon","coordinates":[[[-92.7737342,44.9073585],[-92.7736321,44.9072932],[-92.7737445,44.9072051],[-92.7738466,44.9072704],[-92.7737342,44.9073585]]]}},{"type":"Feature","id":"way/1351491144","properties":{"building":"house","osm_type":"way","osm_id":1351491144},"geometry":{"type":"Polygon","coordinates":[[[-92.7736484,44.9067874],[-92.7737688,44.9068608],[-92.7736977,44.9069194],[-92.7737292,44.9069386],[-92.7736782,44.9069806],[-92.7736446,44.9069602],[-92.773556,44.9070332],[-92.7734538,44.9069709],[-92.7735602,44.9068833],[-92.7735495,44.9068768],[-92.7735925,44.9068414],[-92.773587,44.906838],[-92.7736484,44.9067874]]]}},{"type":"Feature","id":"way/1351503494","properties":{"leisure":"garden","osm_type":"way","osm_id":1351503494},"geometry":{"type":"Polygon","coordinates":[[[-92.7823365,44.9069633],[-92.7823587,44.9069705],[-92.7824399,44.906858],[-92.7825642,44.9066692],[-92.7826276,44.9065666],[-92.7826769,44.9064832],[-92.78275,44.9063505],[-92.7828209,44.9062144],[-92.7828009,44.9062083],[-92.7827708,44.9062375],[-92.7827342,44.9062764],[-92.7827227,44.9062904],[-92.7827082,44.9063111],[-92.7827005,44.9063242],[-92.7826271,44.9064635],[-92.782529,44.9066454],[-92.7824363,44.9068052],[-92.7823744,44.9069044],[-92.7823365,44.9069633]]]}},{"type":"Feature","id":"way/1353572312","properties":{"barrier":"guard_rail","osm_type":"way","osm_id":1353572312},"geometry":{"type":"LineString","coordinates":[[-92.7861327,44.9021965],[-92.7861367,44.9022273],[-92.78614,44.9022715],[-92.7861408,44.9023168],[-92.7861397,44.9023434],[-92.786137,44.9023659],[-92.7861323,44.9023906],[-92.7861257,44.9024179],[-92.7861123,44.9024632],[-92.7861054,44.9024851]]}},{"type":"Feature","id":"way/1353572313","properties":{"landuse":"grass","osm_type":"way","osm_id":1353572313},"geometry":{"type":"Polygon","coordinates":[[[-92.7833517,44.9023745],[-92.7833321,44.9023761],[-92.7833328,44.9022496],[-92.7833524,44.9022491],[-92.7833517,44.9023745]]]}},{"type":"Feature","id":"way/1353572322","properties":{"landuse":"grass","osm_type":"way","osm_id":1353572322},"geometry":{"type":"Polygon","coordinates":[[[-92.7833391,44.8996528],[-92.7833356,44.8996515],[-92.7833279,44.8996474],[-92.7833211,44.8996425],[-92.7833151,44.8996369],[-92.7833103,44.8996305],[-92.7833066,44.8996237],[-92.7833043,44.8996164],[-92.7833035,44.8996087],[-92.7833041,44.8995699],[-92.783307,44.8995609],[-92.7833176,44.8995381],[-92.7833192,44.8995282],[-92.7833202,44.899256],[-92.7833183,44.8992475],[-92.7833052,44.8992246],[-92.7833015,44.8992159],[-92.783301,44.8992119],[-92.7833226,44.899202],[-92.7833623,44.899202],[-92.7833593,44.8995279],[-92.7833583,44.8995407],[-92.783343,44.8995728],[-92.7833411,44.8995806],[-92.7833399,44.8995968],[-92.7833391,44.8996528]]]}},{"type":"Feature","id":"way/1353572323","properties":{"landuse":"grass","osm_type":"way","osm_id":1353572323},"geometry":{"type":"Polygon","coordinates":[[[-92.7833013,44.8991748],[-92.7833224,44.8991856],[-92.7833624,44.8991855],[-92.7833637,44.8988178],[-92.7833626,44.8988096],[-92.7833608,44.8988035],[-92.7833444,44.8987731],[-92.7833402,44.8987622],[-92.7833374,44.8987463],[-92.783332,44.8987524],[-92.7833275,44.8987597],[-92.7833248,44.8987675],[-92.7833238,44.8987756],[-92.7833212,44.8990974],[-92.7833192,44.8991054],[-92.7833036,44.8991335],[-92.7833015,44.899143],[-92.7833013,44.8991748]]]}},{"type":"Feature","id":"way/1353572324","properties":{"leisure":"garden","osm_type":"way","osm_id":1353572324},"geometry":{"type":"Polygon","coordinates":[[[-92.7833857,44.8991562],[-92.7833857,44.899148],[-92.7833867,44.899148],[-92.7833947,44.8991485],[-92.7834035,44.8991501],[-92.7834118,44.8991526],[-92.7834196,44.8991558],[-92.7834267,44.8991596],[-92.7834331,44.8991639],[-92.7834385,44.8991687],[-92.7834428,44.899174],[-92.7834457,44.8991798],[-92.7834467,44.899186],[-92.783435,44.8991859],[-92.7834343,44.8991817],[-92.7834322,44.8991775],[-92.7834289,44.8991733],[-92.7834245,44.8991694],[-92.7834132,44.8991626],[-92.7833998,44.8991579],[-92.7833927,44.8991566],[-92.7833857,44.8991562]]]}},{"type":"Feature","id":"way/1353572325","properties":{"leisure":"garden","osm_type":"way","osm_id":1353572325},"geometry":{"type":"Polygon","coordinates":[[[-92.7833624,44.8996571],[-92.7834225,44.8996572],[-92.7834276,44.8996569],[-92.7834322,44.8996561],[-92.7834401,44.8996528],[-92.7834459,44.8996481],[-92.7834495,44.8996425],[-92.7834506,44.8996369],[-92.7834501,44.8996117],[-92.7834651,44.8996117],[-92.7834646,44.8996053],[-92.7834631,44.8995996],[-92.7834605,44.8995948],[-92.7834571,44.8995907],[-92.783453,44.8995873],[-92.7834484,44.8995846],[-92.783438,44.8995812],[-92.7834169,44.8995788],[-92.7834078,44.8995757],[-92.7834005,44.8995709],[-92.7833978,44.8995681],[-92.7833944,44.8995615],[-92.783394,44.8995579],[-92.7833967,44.8992398],[-92.7834035,44.8992387],[-92.783412,44.8992363],[-92.7834198,44.8992331],[-92.783427,44.8992293],[-92.7834333,44.8992249],[-92.7834386,44.89922],[-92.7834428,44.8992146],[-92.7834456,44.8992086],[-92.7834465,44.8992025],[-92.7834349,44.8992024],[-92.7834342,44.8992069],[-92.7834321,44.8992113],[-92.7834289,44.8992155],[-92.7834246,44.8992195],[-92.7834135,44.8992263],[-92.7834,44.8992308],[-92.7833927,44.8992321],[-92.7833852,44.8992325],[-92.7833825,44.8995285],[-92.7833812,44.8995439],[-92.7833655,44.8995768],[-92.7833642,44.8995825],[-92.7833631,44.8995972],[-92.7833624,44.8996571]]]}},{"type":"Feature","id":"way/1353572326","properties":{"landuse":"grass","osm_type":"way","osm_id":1353572326},"geometry":{"type":"Polygon","coordinates":[[[-92.7834953,44.8991824],[-92.7834952,44.8991569],[-92.7834499,44.8991569],[-92.7834346,44.8991367],[-92.7833858,44.8991367],[-92.7833857,44.899148],[-92.7833867,44.899148],[-92.7833947,44.8991485],[-92.7834035,44.8991501],[-92.7834118,44.8991526],[-92.7834196,44.8991558],[-92.7834267,44.8991596],[-92.7834331,44.8991639],[-92.7834385,44.8991687],[-92.7834428,44.899174],[-92.7834457,44.8991798],[-92.7834467,44.899186],[-92.7834659,44.8991862],[-92.7834732,44.8991855],[-92.7834856,44.8991827],[-92.7834953,44.8991824]]]}},{"type":"Feature","id":"way/1353572328","properties":{"amenity":"parking","parking":"street_side","osm_type":"way","osm_id":1353572328},"geometry":{"type":"Polygon","coordinates":[[[-92.7839103,44.8987701],[-92.7843663,44.8987695],[-92.7843661,44.8987363],[-92.7843678,44.8987311],[-92.7843724,44.8987266],[-92.7843792,44.8987229],[-92.7843873,44.8987205],[-92.784396,44.8987196],[-92.7838892,44.8987218],[-92.7838969,44.8987226],[-92.7839029,44.8987248],[-92.7839072,44.898728],[-92.7839098,44.898732],[-92.7839106,44.8987365],[-92.7839103,44.8987701]]]}},{"type":"Feature","id":"way/1353572329","properties":{"amenity":"parking","parking":"street_side","osm_type":"way","osm_id":1353572329},"geometry":{"type":"Polygon","coordinates":[[[-92.7833993,44.8987239],[-92.7834046,44.8987241],[-92.7834152,44.8987264],[-92.783425,44.8987305],[-92.7834327,44.898736],[-92.7834354,44.8987391],[-92.7834371,44.8987424],[-92.7834377,44.8987458],[-92.7834377,44.8987719],[-92.7838582,44.8987706],[-92.7838582,44.8987346],[-92.7838593,44.8987303],[-92.7838622,44.8987264],[-92.7838646,44.8987246],[-92.7838721,44.8987222],[-92.7838775,44.8987218],[-92.7833993,44.8987239]]]}},{"type":"Feature","id":"way/1353572330","properties":{"amenity":"parking","parking":"street_side","osm_type":"way","osm_id":1353572330},"geometry":{"type":"Polygon","coordinates":[[[-92.7834225,44.8996572],[-92.7834276,44.8996569],[-92.7834322,44.8996561],[-92.7834401,44.8996528],[-92.7834459,44.8996481],[-92.7834495,44.8996425],[-92.7834506,44.8996369],[-92.7834501,44.8996117],[-92.7834651,44.8996117],[-92.7840075,44.8996132],[-92.7840077,44.8996388],[-92.784008,44.8996418],[-92.7840105,44.8996475],[-92.7840152,44.8996524],[-92.7840219,44.899656],[-92.7840305,44.899658],[-92.7840354,44.8996583],[-92.7834225,44.8996572]]]}},{"type":"Feature","id":"way/1353572331","properties":{"natural":"wood","osm_type":"way","osm_id":1353572331},"geometry":{"type":"Polygon","coordinates":[[[-92.784548,44.8996592],[-92.7845445,44.8996312],[-92.7845414,44.8995966],[-92.7845369,44.899513],[-92.7845343,44.8994202],[-92.7845338,44.8993303],[-92.7845353,44.8992551],[-92.7845423,44.8990446],[-92.7845457,44.8989134],[-92.7845473,44.8987968],[-92.7845471,44.8987515],[-92.784546,44.8987189],[-92.7845967,44.8987187],[-92.7845993,44.8996593],[-92.784548,44.8996592]]]}},{"type":"Feature","id":"way/1353572332","properties":{"natural":"wood","osm_type":"way","osm_id":1353572332},"geometry":{"type":"Polygon","coordinates":[[[-92.7863774,44.8977687],[-92.7846908,44.8978235],[-92.7846905,44.8978469],[-92.7846804,44.8979539],[-92.7846485,44.8981042],[-92.7846338,44.8982243],[-92.7846329,44.898296],[-92.7846537,44.8983842],[-92.7846529,44.8984407],[-92.7846326,44.8984926],[-92.7845842,44.8985539],[-92.7845648,44.8985948],[-92.7845474,44.8986613],[-92.784546,44.8987189],[-92.7845967,44.8987187],[-92.7845993,44.8996593],[-92.784548,44.8996592],[-92.7845736,44.8998152],[-92.7845822,44.8999049],[-92.784573,44.8999915],[-92.7845517,44.9000464],[-92.7845159,44.9000904],[-92.784492,44.900106],[-92.7844637,44.900116],[-92.7843295,44.9001301],[-92.7842489,44.9001581],[-92.7842142,44.9001836],[-92.7842042,44.9001978],[-92.7841998,44.9002278],[-92.7842132,44.9002744],[-92.7842347,44.9003068],[-92.7842676,44.9003405],[-92.7843826,44.9004361],[-92.7844353,44.9005158],[-92.7844586,44.9005866],[-92.7844766,44.900726],[-92.7845001,44.900822],[-92.7845976,44.9010563],[-92.7846151,44.901111],[-92.7846295,44.9012083],[-92.7846308,44.9013088],[-92.7846173,44.9013867],[-92.7846142,44.9015716],[-92.7846044,44.901719],[-92.7845824,44.901796],[-92.78458,44.9018329],[-92.7846285,44.9018746],[-92.7846793,44.9019361],[-92.7847402,44.9019039],[-92.7848124,44.9018821],[-92.7848723,44.9018755],[-92.7849212,44.9018843],[-92.7849488,44.9019002],[-92.7850122,44.9019633],[-92.7851021,44.9020322],[-92.7851314,44.902078],[-92.7851335,44.9021279],[-92.7851156,44.9021559],[-92.7850999,44.9021667],[-92.7850523,44.9021851],[-92.7849518,44.9022099],[-92.7847761,44.9022357],[-92.784776,44.9023291],[-92.7850408,44.9023287],[-92.7853519,44.9023937],[-92.7854391,44.9024191],[-92.7855034,44.9024501],[-92.7855277,44.9024697],[-92.7855399,44.9025047],[-92.7855346,44.902538],[-92.7855175,44.9025654],[-92.7854848,44.9025979],[-92.7854293,44.9026274],[-92.7853118,44.9026539],[-92.7850839,44.9026752],[-92.7850211,44.9026855],[-92.7848881,44.9027226],[-92.7847793,44.9027658],[-92.7847853,44.9028531],[-92.784813,44.9028578],[-92.7848286,44.9028762],[-92.7848454,44.902883],[-92.7856564,44.9030314],[-92.7858248,44.9030551],[-92.7858733,44.903052],[-92.7859097,44.9030358],[-92.7859364,44.9030476],[-92.7859635,44.9030205],[-92.7859785,44.9029887],[-92.7859888,44.9028893],[-92.7860135,44.9027791],[-92.7857487,44.9027598],[-92.7857055,44.9027501],[-92.7856704,44.9027333],[-92.7856497,44.9027072],[-92.7856376,44.9026597],[-92.7856342,44.9026113],[-92.7856441,44.9025298],[-92.785668,44.9024894],[-92.7856952,44.9024683],[-92.7857322,44.9024516],[-92.7857798,44.9024393],[-92.7858398,44.9024341],[-92.7859092,44.902437],[-92.7861123,44.9024632],[-92.7861257,44.9024179],[-92.7861323,44.9023906],[-92.786137,44.9023659],[-92.7861397,44.9023434],[-92.7861408,44.9023168],[-92.78614,44.9022715],[-92.7861367,44.9022273],[-92.7861327,44.9021965],[-92.7861309,44.902183],[-92.7858562,44.9021923],[-92.7857679,44.9021848],[-92.7857079,44.9021683],[-92.7856807,44.9021559],[-92.7856371,44.9021212],[-92.7856228,44.9020984],[-92.7856149,44.9020717],[-92.7855646,44.901766],[-92.7855434,44.9016901],[-92.7855097,44.9016069],[-92.7854922,44.9015344],[-92.7854751,44.9014208],[-92.7854606,44.9012315],[-92.785442,44.9011721],[-92.7853987,44.901091],[-92.7853874,44.9010317],[-92.7853868,44.9008932],[-92.7854059,44.9008469],[-92.7854211,44.9008299],[-92.7854595,44.9008065],[-92.7855043,44.9007945],[-92.7855859,44.9007851],[-92.7855964,44.9007786],[-92.7856038,44.900762],[-92.7855935,44.9007451],[-92.7855662,44.9007335],[-92.7854835,44.9007266],[-92.7854474,44.9007183],[-92.7854198,44.9007038],[-92.785404,44.9006814],[-92.7853915,44.9003845],[-92.7854041,44.9003223],[-92.7854254,44.900291],[-92.7854606,44.90027],[-92.7855129,44.9002611],[-92.7858591,44.9002509],[-92.7861211,44.9002523],[-92.7861203,44.9002026],[-92.7855847,44.9001798],[-92.7855437,44.9001697],[-92.7855155,44.9001545],[-92.7854996,44.900135],[-92.7854955,44.900112],[-92.7855023,44.9000356],[-92.7855205,44.8999394],[-92.7855464,44.8998841],[-92.7855781,44.8998554],[-92.7856505,44.8998227],[-92.7857503,44.8998051],[-92.7859064,44.8998033],[-92.786117,44.8998137],[-92.7861106,44.8996738],[-92.7860503,44.8996537],[-92.7859887,44.8996412],[-92.7858519,44.8996343],[-92.7856735,44.8996475],[-92.7855309,44.8996667],[-92.7854186,44.8996877],[-92.7853646,44.8996909],[-92.785343,44.8996885],[-92.78531,44.8996769],[-92.7852896,44.8996578],[-92.7852809,44.8996332],[-92.7852599,44.8994692],[-92.78526,44.8993895],[-92.7852739,44.8993542],[-92.7852864,44.899339],[-92.7853258,44.8993149],[-92.7853882,44.8993016],[-92.7854935,44.8992954],[-92.7860952,44.8992803],[-92.7860812,44.8985996],[-92.7858626,44.8986429],[-92.785751,44.898652],[-92.7857011,44.8986473],[-92.7856576,44.898634],[-92.7856224,44.8986105],[-92.7855974,44.8985749],[-92.785566,44.898492],[-92.7855477,44.8984133],[-92.7855404,44.8983407],[-92.785542,44.8982761],[-92.7855573,44.8981963],[-92.7855797,44.8981433],[-92.7856164,44.8980908],[-92.7856705,44.8980431],[-92.7857455,44.8980048],[-92.7857919,44.8979907],[-92.7858894,44.8979722],[-92.786018,44.897962],[-92.7861387,44.8979667],[-92.786167,44.8979791],[-92.7861851,44.8979984],[-92.7861951,44.8980324],[-92.7861823,44.8980856],[-92.7861825,44.8981254],[-92.7861928,44.8981558],[-92.7862376,44.8982254],[-92.7862525,44.8982643],[-92.7862667,44.8983486],[-92.786271,44.8984152],[-92.7862621,44.8984521],[-92.7862411,44.8984809],[-92.7862093,44.898502],[-92.7861431,44.8985203],[-92.786143,44.8986],[-92.7863731,44.8986006],[-92.7863774,44.8977687]]]}},{"type":"Feature","id":"way/1353572333","properties":{"access":"private","highway":"service","service":"driveway","osm_type":"way","osm_id":1353572333},"geometry":{"type":"LineString","coordinates":[[-92.7845902,44.9013868],[-92.7845905,44.9014518],[-92.7845871,44.9015711],[-92.7845775,44.9017169],[-92.7845681,44.9017553],[-92.7845583,44.901783],[-92.7845407,44.9018212],[-92.7845284,44.9018408]]}},{"type":"Feature","id":"way/1353572334","properties":{"building":"shed","osm_type":"way","osm_id":1353572334},"geometry":{"type":"Polygon","coordinates":[[[-92.7837553,44.9011921],[-92.7837602,44.9012234],[-92.7838035,44.90122],[-92.7837985,44.9011887],[-92.7837553,44.9011921]]]}},{"type":"Feature","id":"way/1353572335","properties":{"footway":"sidewalk","highway":"footway","surface":"concrete","osm_type":"way","osm_id":1353572335},"geometry":{"type":"LineString","coordinates":[[-92.7847202,44.9028502],[-92.7848048,44.9028649],[-92.7848204,44.9028821],[-92.7848416,44.9028908],[-92.7856538,44.9030394],[-92.7858236,44.9030633],[-92.7858612,44.9030626],[-92.7858769,44.9030598],[-92.7858955,44.9030529],[-92.7860115,44.9030628]]}},{"type":"Feature","id":"way/1353572336","properties":{"natural":"wood","osm_type":"way","osm_id":1353572336},"geometry":{"type":"Polygon","coordinates":[[[-92.7839289,44.9027936],[-92.7839292,44.9027526],[-92.7839446,44.9024582],[-92.7839289,44.9023958],[-92.7839047,44.9023656],[-92.7838674,44.9023461],[-92.7838432,44.9023408],[-92.7837834,44.9023386],[-92.7836283,44.9023483],[-92.7833749,44.9023737],[-92.7833755,44.9022483],[-92.7835373,44.9022322],[-92.7838835,44.9021657],[-92.7839547,44.9021563],[-92.7840417,44.9021535],[-92.7841307,44.9021598],[-92.7842077,44.9021773],[-92.7842374,44.902191],[-92.784259,44.9022085],[-92.7842829,44.9022477],[-92.7842867,44.9023045],[-92.7842618,44.9023524],[-92.7842081,44.9023959],[-92.78418,44.9024331],[-92.7841675,44.9024816],[-92.7841735,44.9025427],[-92.7841967,44.9025771],[-92.7842326,44.9026027],[-92.784275,44.9026205],[-92.7843178,44.9026311],[-92.7844558,44.9026428],[-92.7846926,44.9026426],[-92.7846943,44.902764],[-92.7846863,44.9028134],[-92.7846657,44.9028341],[-92.7846428,44.9028457],[-92.7846149,44.9028524],[-92.7845838,44.9028516],[-92.7845141,44.9028404],[-92.7844399,44.9028297],[-92.7843601,44.9028199],[-92.7843172,44.9028152],[-92.7842269,44.9028066],[-92.7841781,44.9028029],[-92.7841282,44.9027999],[-92.7840281,44.9027957],[-92.7839289,44.9027936]]]}},{"type":"Feature","id":"way/1353572337","properties":{"landuse":"residential","osm_type":"way","osm_id":1353572337},"geometry":{"type":"Polygon","coordinates":[[[-92.7833245,44.8964279],[-92.7833383,44.8960587],[-92.783345,44.8958493],[-92.7833477,44.8957404],[-92.7833499,44.8956364],[-92.7833517,44.895558],[-92.7833572,44.8952734],[-92.7833632,44.8950573],[-92.7833685,44.8949729],[-92.783372,44.8949368],[-92.7833783,44.8948896],[-92.783385,44.8948544],[-92.7833929,44.8948221],[-92.7834054,44.8947747],[-92.7834204,44.8947248],[-92.7834301,44.8946975],[-92.7834426,44.8946696],[-92.7834701,44.8946168],[-92.7834981,44.8945675],[-92.7835179,44.8945359],[-92.7835371,44.8945071],[-92.7835498,44.894488],[-92.7835689,44.8944615],[-92.7835888,44.8944354],[-92.7836212,44.8943974],[-92.7836724,44.894341],[-92.783699,44.8943133],[-92.7837257,44.8942873],[-92.7837987,44.8942217],[-92.7839888,44.8940581],[-92.7840482,44.8940071],[-92.7841893,44.8938826],[-92.7842081,44.8938654],[-92.7842366,44.8938372],[-92.784265,44.8938072],[-92.7842921,44.8937771],[-92.7843292,44.8937334],[-92.7843647,44.8936883],[-92.7844016,44.8936369],[-92.7844413,44.8935787],[-92.7844746,44.8935258],[-92.7845383,44.893421],[-92.7846917,44.8931641],[-92.7847798,44.8930181],[-92.7848093,44.8929715],[-92.7848387,44.8929273],[-92.7848623,44.892894],[-92.7848935,44.8928529],[-92.7849238,44.8928162],[-92.7849567,44.8927807],[-92.7850035,44.8927333],[-92.7850408,44.8926987],[-92.7850883,44.8926588],[-92.7851476,44.8926133],[-92.7851927,44.892581],[-92.7852535,44.8925412],[-92.7899909,44.8925232],[-92.7899592,44.8953791],[-92.7899502,44.8971444],[-92.7868208,44.8971364],[-92.7868176,44.8977699],[-92.7863774,44.8977687],[-92.7863731,44.8986006],[-92.786143,44.8986],[-92.786146,44.898686],[-92.7861516,44.8988473],[-92.786155,44.8988333],[-92.7861646,44.8988193],[-92.7861796,44.8988057],[-92.7861989,44.8987925],[-92.7862217,44.8987799],[-92.7862469,44.8987683],[-92.7862737,44.8987576],[-92.7863011,44.8987483],[-92.7875837,44.8987455],[-92.7876062,44.8987294],[-92.7876303,44.8987132],[-92.7876564,44.8986972],[-92.787685,44.8986815],[-92.787716,44.8986664],[-92.7877507,44.8986521],[-92.7878062,44.8986331],[-92.7878752,44.8986128],[-92.787937,44.8985963],[-92.7879959,44.8985825],[-92.7881252,44.8985547],[-92.7882206,44.8985334],[-92.7885875,44.8984489],[-92.7886385,44.8984376],[-92.7886806,44.8984292],[-92.788734,44.8984207],[-92.7887684,44.8984165],[-92.7888633,44.8984065],[-92.7889276,44.8983985],[-92.7889745,44.8983917],[-92.7890699,44.8983763],[-92.7891129,44.8983703],[-92.7891565,44.8983657],[-92.7891799,44.898364],[-92.7892304,44.8983617],[-92.7892875,44.8983615],[-92.7893179,44.8983622],[-92.789381,44.8983653],[-92.789481,44.8983728],[-92.7896204,44.8983862],[-92.7898137,44.8984036],[-92.7898625,44.8984085],[-92.7899091,44.8984146],[-92.7899602,44.8984231],[-92.7900126,44.8984337],[-92.7900631,44.8984456],[-92.7901086,44.8984584],[-92.7901544,44.898474],[-92.7901796,44.8984836],[-92.7902312,44.8985045],[-92.7902816,44.8985265],[-92.7903455,44.8985567],[-92.7903819,44.8985765],[-92.7904007,44.8985877],[-92.7904368,44.8986108],[-92.7904699,44.8986339],[-92.7905088,44.8986638],[-92.7905193,44.8986742],[-92.7905289,44.8986858],[-92.7905377,44.8986983],[-92.7905457,44.8987118],[-92.7905591,44.8987397],[-92.7905695,44.898768],[-92.7905766,44.8987946],[-92.790581,44.89882],[-92.790584,44.8988463],[-92.7905865,44.8988872],[-92.7905887,44.8989483],[-92.7905897,44.8991178],[-92.7905928,44.8994524],[-92.7905932,44.8995069],[-92.7905964,44.8999163],[-92.7922011,44.8999106],[-92.792212,44.8981408],[-92.7927804,44.898143],[-92.7934454,44.9021904],[-92.7932399,44.9022487],[-92.7927873,44.9023768],[-92.7927466,44.9023883],[-92.7927011,44.9024012],[-92.7926161,44.9024252],[-92.7925127,44.902454],[-92.7924648,44.9024674],[-92.7923533,44.9024974],[-92.7922656,44.9025189],[-92.7921612,44.9025427],[-92.7920517,44.9025655],[-92.792016,44.9025723],[-92.7919425,44.902585],[-92.791871,44.9025963],[-92.7918156,44.9026044],[-92.791805,44.9026059],[-92.7916442,44.9026265],[-92.7915483,44.9026379],[-92.7914492,44.9026489],[-92.7910447,44.9026857],[-92.790452,44.9027397],[-92.7903384,44.9027499],[-92.7897283,44.9028041],[-92.7896542,44.9028107],[-92.7895962,44.9028159],[-92.7894258,44.902831],[-92.7893718,44.9028358],[-92.7886161,44.9029039],[-92.7885665,44.9029084],[-92.7878239,44.9029738],[-92.7876419,44.9029899],[-92.7874059,44.9030108],[-92.7867683,44.9030671],[-92.7867383,44.9030697],[-92.7867134,44.9030719],[-92.7866577,44.9030769],[-92.786537,44.9030862],[-92.7864331,44.9030928],[-92.7863698,44.903096],[-92.786317,44.9030977],[-92.7862704,44.9030984],[-92.7862088,44.9030982],[-92.7861298,44.9030966],[-92.7860729,44.9030939],[-92.7860092,44.9030897],[-92.7859123,44.9030813],[-92.7858113,44.9030703],[-92.785748,44.9030622],[-92.7856512,44.9030474],[-92.7855342,44.9030271],[-92.7848401,44.902899],[-92.7847091,44.9028748],[-92.7845838,44.9028516],[-92.7845141,44.9028404],[-92.7844399,44.9028297],[-92.7843601,44.9028199],[-92.7843172,44.9028152],[-92.7842269,44.9028066],[-92.7841781,44.9028029],[-92.7841282,44.9027999],[-92.7840281,44.9027957],[-92.7839289,44.9027936],[-92.7837916,44.9027932],[-92.7834845,44.9027961],[-92.7834679,44.9027958],[-92.7834525,44.9027948],[-92.7834383,44.9027932],[-92.7834253,44.9027909],[-92.7834133,44.9027882],[-92.7834024,44.9027851],[-92.7833924,44.9027816],[-92.7833833,44.9027778],[-92.783375,44.9027739],[-92.7833675,44.9027699],[-92.7833601,44.9027653],[-92.7833524,44.9027597],[-92.7833446,44.9027534],[-92.783337,44.9027463],[-92.7833299,44.9027387],[-92.7833235,44.9027306],[-92.783318,44.9027222],[-92.7833138,44.9027135],[-92.7833111,44.9027049],[-92.7833102,44.9026962],[-92.7833103,44.9026554],[-92.7833108,44.9026515],[-92.7833123,44.9026477],[-92.7833145,44.9026441],[-92.7833173,44.9026404],[-92.7833203,44.9026369],[-92.7833233,44.9026333],[-92.7833261,44.9026297],[-92.7833284,44.9026261],[-92.78333,44.9026224],[-92.7833306,44.9026186],[-92.7833321,44.9023761],[-92.7833328,44.9022496],[-92.783335,44.9018962],[-92.7833344,44.9018849],[-92.7833327,44.9018689],[-92.7833301,44.9018494],[-92.7833269,44.9018275],[-92.7833234,44.9018045],[-92.7833199,44.9017816],[-92.7833168,44.90176],[-92.7833141,44.9017408],[-92.7833124,44.9017252],[-92.7833118,44.9017145],[-92.7833157,44.9009225],[-92.7833152,44.9009186],[-92.7833137,44.9009147],[-92.7833114,44.9009109],[-92.7833087,44.9009071],[-92.7833057,44.9009033],[-92.7833027,44.9008996],[-92.7832999,44.900896],[-92.7832976,44.9008923],[-92.783296,44.9008888],[-92.7832954,44.9008852],[-92.7832964,44.9006242],[-92.783297,44.9006201],[-92.7832984,44.900616],[-92.7833006,44.9006118],[-92.7833032,44.9006075],[-92.783306,44.9006032],[-92.7833089,44.9005989],[-92.7833115,44.9005946],[-92.7833137,44.9005903],[-92.7833152,44.900586],[-92.7833159,44.9005817],[-92.7833199,44.8998474],[-92.7833194,44.8998435],[-92.7833179,44.8998392],[-92.7833157,44.8998347],[-92.783313,44.8998301],[-92.7833101,44.8998254],[-92.7833071,44.8998206],[-92.7833044,44.899816],[-92.7833021,44.8998116],[-92.7833006,44.8998075],[-92.7833001,44.8998037],[-92.7833035,44.8996087],[-92.7833043,44.8996164],[-92.7833066,44.8996237],[-92.7833103,44.8996305],[-92.7833151,44.8996369],[-92.7833211,44.8996425],[-92.7833279,44.8996474],[-92.7833356,44.8996515],[-92.7833391,44.8996528],[-92.7833439,44.8996545],[-92.7833527,44.8996564],[-92.7833618,44.8996571],[-92.7833624,44.8996571],[-92.7834225,44.8996572],[-92.7840354,44.8996583],[-92.784548,44.8996592],[-92.7845993,44.8996593],[-92.7845967,44.8987187],[-92.784546,44.8987189],[-92.784396,44.8987196],[-92.7838892,44.8987218],[-92.7838775,44.8987218],[-92.7833993,44.8987239],[-92.7833867,44.8987247],[-92.7833749,44.8987267],[-92.783364,44.89873],[-92.7833594,44.898732],[-92.7833541,44.8987343],[-92.7833454,44.8987396],[-92.783338,44.8987456],[-92.7833374,44.8987463],[-92.783332,44.8987524],[-92.7833275,44.8987597],[-92.7833248,44.8987675],[-92.7833238,44.8987756],[-92.7833234,44.8987632],[-92.7833223,44.8987482],[-92.7833206,44.8987313],[-92.7833186,44.8987131],[-92.7833164,44.8986944],[-92.7833142,44.8986758],[-92.7833122,44.898658],[-92.7833106,44.8986416],[-92.7833095,44.8986275],[-92.7833091,44.8986162],[-92.7833098,44.898332],[-92.783312,44.8976067],[-92.7833184,44.8966557],[-92.7833182,44.8966404],[-92.7833145,44.8965361],[-92.7833142,44.8964968],[-92.7833162,44.8964448],[-92.7833171,44.8964417],[-92.7833237,44.896432],[-92.7833245,44.8964279]]]}},{"type":"Feature","id":"way/1353572338","properties":{"building":"shed","osm_type":"way","osm_id":1353572338},"geometry":{"type":"Polygon","coordinates":[[[-92.785767,44.8980422],[-92.7857658,44.8981038],[-92.7857071,44.8981032],[-92.7857083,44.8980417],[-92.785767,44.8980422]]]}},{"type":"Feature","id":"way/1353572339","properties":{"building":"shed","osm_type":"way","osm_id":1353572339},"geometry":{"type":"Polygon","coordinates":[[[-92.7855159,44.9025175],[-92.7854716,44.9025174],[-92.7854718,44.9024806],[-92.785516,44.9024807],[-92.7855159,44.9025175]]]}},{"type":"Feature","id":"way/1353572340","properties":{"building":"shed","osm_type":"way","osm_id":1353572340},"geometry":{"type":"Polygon","coordinates":[[[-92.7839904,44.8998786],[-92.7839918,44.899956],[-92.7840085,44.8999558],[-92.7840092,44.8999962],[-92.7839116,44.8999971],[-92.783911,44.899961],[-92.783905,44.8999611],[-92.7839036,44.8998794],[-92.7839904,44.8998786]]]}},{"type":"Feature","id":"way/1353572341","properties":{"building":"shed","osm_type":"way","osm_id":1353572341},"geometry":{"type":"Polygon","coordinates":[[[-92.7841497,44.9010641],[-92.784151,44.9011366],[-92.7840692,44.9011373],[-92.7840679,44.9010649],[-92.7841497,44.9010641]]]}},{"type":"Feature","id":"way/1353572342","properties":{"building":"shed","osm_type":"way","osm_id":1353572342},"geometry":{"type":"Polygon","coordinates":[[[-92.7842514,44.9010616],[-92.7842512,44.9010011],[-92.7841955,44.9010012],[-92.7841957,44.9010617],[-92.7842514,44.9010616]]]}},{"type":"Feature","id":"way/1353572343","properties":{"building":"shed","osm_type":"way","osm_id":1353572343},"geometry":{"type":"Polygon","coordinates":[[[-92.7844535,44.9021571],[-92.7844548,44.9021022],[-92.7843857,44.9021015],[-92.7843844,44.9021563],[-92.7844535,44.9021571]]]}},{"type":"Feature","id":"way/1353572344","properties":{"highway":"residential","name":"Upper 34th Street South","surface":"unpaved","osm_type":"way","osm_id":1353572344},"geometry":{"type":"LineString","coordinates":[[-92.7875014,44.8988416],[-92.787524,44.8988179],[-92.7875491,44.8987944],[-92.7875977,44.8987549],[-92.7876433,44.8987234],[-92.7876687,44.8987078],[-92.7876964,44.8986926],[-92.7877264,44.898678],[-92.7877598,44.8986642],[-92.7878141,44.8986456],[-92.7878823,44.8986255],[-92.7879434,44.8986092],[-92.7880017,44.8985956],[-92.7882265,44.8985464],[-92.7885934,44.8984619],[-92.7886853,44.8984425],[-92.7887378,44.8984341],[-92.7889312,44.898412],[-92.7891162,44.8983838],[-92.7891815,44.8983776],[-92.7892311,44.8983754],[-92.7893169,44.8983759],[-92.7893793,44.8983789],[-92.7894787,44.8983864],[-92.7898111,44.8984172],[-92.7898594,44.898422],[-92.7899051,44.898428],[-92.7899553,44.8984364],[-92.7900069,44.8984468],[-92.7900565,44.8984585],[-92.7901008,44.8984709],[-92.7901456,44.8984862],[-92.7902213,44.8985163],[-92.7902712,44.898538],[-92.7903342,44.8985678],[-92.790388,44.898598],[-92.7904235,44.8986208],[-92.790456,44.8986434],[-92.7904938,44.8986728],[-92.7905032,44.8986818],[-92.7905201,44.898704],[-92.7905406,44.8987436],[-92.7905506,44.898771],[-92.7905575,44.8987967],[-92.7905618,44.8988214],[-92.7905672,44.8988877],[-92.7905694,44.8989485],[-92.7905704,44.8991179]]}},{"type":"Feature","id":"way/1353572345","properties":{"amenity":"shelter","osm_type":"way","osm_id":1353572345},"geometry":{"type":"Polygon","coordinates":[[[-92.7843112,44.8994223],[-92.7843058,44.8994029],[-92.7842825,44.8993918],[-92.7842551,44.8993957],[-92.784204,44.8994521],[-92.7842094,44.8994715],[-92.7842327,44.8994826],[-92.7842601,44.8994787],[-92.7843112,44.8994223]]]}},{"type":"Feature","id":"way/1353572346","properties":{"amenity":"shelter","osm_type":"way","osm_id":1353572346},"geometry":{"type":"Polygon","coordinates":[[[-92.784393,44.8992243],[-92.7843887,44.8991952],[-92.7843566,44.8991768],[-92.7843155,44.8991799],[-92.7842895,44.8992026],[-92.7842938,44.8992317],[-92.7843259,44.8992501],[-92.784367,44.8992471],[-92.784393,44.8992243]]]}},{"type":"Feature","id":"way/1353572347","properties":{"highway":"footway","surface":"concrete","osm_type":"way","osm_id":1353572347},"geometry":{"type":"LineString","coordinates":[[-92.7834892,44.8991487],[-92.7834568,44.8991487],[-92.7834416,44.8991285],[-92.7833742,44.8991285]]}},{"type":"Feature","id":"way/1353572348","properties":{"highway":"footway","surface":"concrete","osm_type":"way","osm_id":1353572348},"geometry":{"type":"LineString","coordinates":[[-92.783503,44.8991905],[-92.7835005,44.8991905],[-92.7834666,44.8991944],[-92.7833739,44.8991937]]}},{"type":"Feature","id":"way/1354355242","properties":{"natural":"wood","osm_type":"way","osm_id":1354355242},"geometry":{"type":"Polygon","coordinates":[[[-92.7905928,44.8994524],[-92.7906216,44.8994615],[-92.7907155,44.8994769],[-92.7908224,44.8994723],[-92.7909019,44.8994568],[-92.7911031,44.8994015],[-92.7911779,44.899387],[-92.7912558,44.8993779],[-92.7913846,44.8993752],[-92.7916371,44.8993874],[-92.7917689,44.8993858],[-92.7918442,44.899372],[-92.7918747,44.899361],[-92.7919222,44.8993321],[-92.7919397,44.8993149],[-92.7919629,44.8992761],[-92.791972,44.8992276],[-92.7919723,44.8991892],[-92.7919492,44.8987947],[-92.7919439,44.8984605],[-92.7919258,44.898317],[-92.7918992,44.8982622],[-92.7918577,44.8982229],[-92.791832,44.8982087],[-92.791772,44.8981901],[-92.7917022,44.8981835],[-92.7916661,44.8981847],[-92.7916002,44.8981969],[-92.7915429,44.8982213],[-92.791495,44.8982563],[-92.791457,44.8983007],[-92.7913867,44.8984182],[-92.7913334,44.8984875],[-92.7912658,44.898555],[-92.7911833,44.8986137],[-92.7910853,44.8986581],[-92.7910313,44.8986762],[-92.7909163,44.8987054],[-92.7907355,44.8987323],[-92.7905591,44.8987397],[-92.7905457,44.8987118],[-92.7905377,44.8986983],[-92.7905289,44.8986858],[-92.7905193,44.8986742],[-92.7905088,44.8986638],[-92.7906284,44.8986643],[-92.7906324,44.8981348],[-92.792212,44.8981408],[-92.7922011,44.8999106],[-92.7905964,44.8999163],[-92.7905932,44.8995069],[-92.7905928,44.8994524]]]}},{"type":"Feature","id":"way/1354355243","properties":{"natural":"grassland","osm_type":"way","osm_id":1354355243},"geometry":{"type":"Polygon","coordinates":[[[-92.7901338,44.9013048],[-92.7901634,44.9013286],[-92.7901847,44.9013389],[-92.7902706,44.9013619],[-92.7903433,44.9013698],[-92.7905106,44.9013708],[-92.7905907,44.9013767],[-92.7906611,44.9013879],[-92.7907171,44.9014041],[-92.790754,44.9014248],[-92.7907755,44.9014534],[-92.7907857,44.9014894],[-92.7907805,44.901526],[-92.7907557,44.9015567],[-92.7907346,44.9015678],[-92.7907071,44.9015749],[-92.7905287,44.9015928],[-92.7903099,44.9016],[-92.7902337,44.9016172],[-92.7901985,44.9016363],[-92.7901743,44.9016584],[-92.7901217,44.9017549],[-92.7900882,44.9017951],[-92.7900668,44.9018108],[-92.7900165,44.9018333],[-92.7899331,44.9018485],[-92.7897916,44.9018433],[-92.7897055,44.9018508],[-92.789703,44.9023108],[-92.7897654,44.9023134],[-92.7898271,44.9023195],[-92.7898885,44.9023283],[-92.7899502,44.9023389],[-92.7900758,44.9023619],[-92.7901407,44.9023726],[-92.7902075,44.9023816],[-92.7902766,44.9023879],[-92.7903486,44.9023908],[-92.7903334,44.902134],[-92.7903459,44.9020927],[-92.7903786,44.9020493],[-92.7903568,44.9019927],[-92.7903577,44.9019299],[-92.7903731,44.9018969],[-92.7903948,44.9018792],[-92.7904603,44.9018563],[-92.7905257,44.9018491],[-92.7906083,44.9018527],[-92.7907563,44.9018714],[-92.7908536,44.901871],[-92.7909427,44.9018608],[-92.791049,44.9018321],[-92.7911652,44.9017776],[-92.7912902,44.9017353],[-92.7913839,44.9017143],[-92.7915216,44.9016976],[-92.7915532,44.9016827],[-92.7915752,44.9016612],[-92.7915883,44.901635],[-92.7915932,44.9016059],[-92.7915812,44.9015461],[-92.7915451,44.9014964],[-92.7914922,44.9014646],[-92.7914367,44.9014202],[-92.7913568,44.9013252],[-92.7913088,44.9012477],[-92.7912676,44.9011626],[-92.7912509,44.9011169],[-92.7912276,44.9010177],[-92.791216,44.9009142],[-92.7912141,44.9008139],[-92.7912197,44.9007242],[-92.7912314,44.9006502],[-92.7912504,44.9005825],[-92.7912895,44.9004964],[-92.7913199,44.9004546],[-92.7913516,44.9004295],[-92.7913037,44.9004595],[-92.7912599,44.9004921],[-92.7912195,44.9005266],[-92.7911818,44.9005625],[-92.791146,44.9005991],[-92.7910773,44.9006721],[-92.7910429,44.9007073],[-92.7910075,44.9007408],[-92.7909328,44.9008067],[-92.7908935,44.90084],[-92.7908525,44.9008733],[-92.7908096,44.9009064],[-92.7907647,44.900939],[-92.7907175,44.9009711],[-92.7906677,44.9010024],[-92.7906151,44.9010328],[-92.7905595,44.9010619],[-92.7905057,44.9010881],[-92.7904577,44.9011098],[-92.7904146,44.9011278],[-92.7903753,44.9011425],[-92.7903388,44.9011545],[-92.7903039,44.9011644],[-92.7902698,44.9011726],[-92.7902353,44.9011797],[-92.7901612,44.901193],[-92.7901219,44.901199],[-92.7900838,44.9012034],[-92.7900472,44.9012063],[-92.7900122,44.9012079],[-92.7899792,44.9012083],[-92.7900163,44.9012149],[-92.7900506,44.9012287],[-92.7900818,44.901249],[-92.7901338,44.9013048]]]}},{"type":"Feature","id":"way/1354355244","properties":{"natural":"wood","osm_type":"way","osm_id":1354355244},"geometry":{"type":"Polygon","coordinates":[[[-92.790452,44.9027397],[-92.7910447,44.9026857],[-92.7910435,44.9026657],[-92.7910387,44.9026288],[-92.7910274,44.9025975],[-92.7910056,44.9025741],[-92.7909693,44.9025605],[-92.7909116,44.9025581],[-92.7905125,44.9025768],[-92.7903998,44.9025752],[-92.7904093,44.9027002],[-92.7904233,44.9027203],[-92.790452,44.9027397]]]}},{"type":"Feature","id":"way/1354355245","properties":{"natural":"wood","osm_type":"way","osm_id":1354355245},"geometry":{"type":"Polygon","coordinates":[[[-92.7903384,44.9027499],[-92.7903434,44.9027464],[-92.7903603,44.9027248],[-92.7903688,44.9026932],[-92.7903486,44.9023908],[-92.7902766,44.9023879],[-92.7902075,44.9023816],[-92.7901407,44.9023726],[-92.7900758,44.9023619],[-92.7899502,44.9023389],[-92.7898885,44.9023283],[-92.7898271,44.9023195],[-92.7897654,44.9023134],[-92.789703,44.9023108],[-92.7896918,44.9027504],[-92.7897046,44.9027841],[-92.7897283,44.9028041],[-92.7903384,44.9027499]]]}},{"type":"Feature","id":"way/1354355246","properties":{"access":"private","highway":"service","service":"driveway","osm_type":"way","osm_id":1354355246},"geometry":{"type":"LineString","coordinates":[[-92.7876102,44.9030369],[-92.7876086,44.9030271],[-92.7875955,44.9029382],[-92.7875902,44.9028642],[-92.7875867,44.902712],[-92.7875786,44.9025181],[-92.7875795,44.9024886],[-92.7875831,44.9024617],[-92.787593,44.9024273],[-92.7876019,44.9024119],[-92.7876131,44.9023974],[-92.7876481,44.9023621],[-92.7877027,44.9023216],[-92.7877191,44.9023077],[-92.7877468,44.9022794],[-92.7877703,44.902248],[-92.7877797,44.902228],[-92.7877823,44.9022125],[-92.7877806,44.9021883],[-92.7877727,44.9021657]]}},{"type":"Feature","id":"way/1354355247","properties":{"natural":"wood","osm_type":"way","osm_id":1354355247},"geometry":{"type":"Polygon","coordinates":[[[-92.7872493,44.9026014],[-92.7874457,44.902618],[-92.7875635,44.9026197],[-92.7875593,44.9025181],[-92.787449,44.9025172],[-92.7873568,44.9025008],[-92.7873154,44.9024812],[-92.7873031,44.9024688],[-92.7872865,44.9024188],[-92.7872658,44.9023833],[-92.7872516,44.9023673],[-92.7872166,44.9023433],[-92.7871753,44.9023282],[-92.7871307,44.9023199],[-92.7870011,44.9023137],[-92.7869555,44.9023109],[-92.7869028,44.9023062],[-92.7868447,44.9022993],[-92.7867827,44.9022897],[-92.7867184,44.9022769],[-92.7866535,44.9022605],[-92.7865895,44.9022401],[-92.7865282,44.9022151],[-92.7864733,44.9021886],[-92.7864273,44.9021636],[-92.7863892,44.9021398],[-92.7863583,44.9021168],[-92.7863337,44.9020943],[-92.7863146,44.9020719],[-92.7863001,44.9020494],[-92.7862894,44.9020264],[-92.7862817,44.9020026],[-92.7862701,44.901954],[-92.786262,44.9019342],[-92.7862521,44.9019177],[-92.7862406,44.9019044],[-92.7862279,44.9018937],[-92.7862141,44.9018854],[-92.7861996,44.9018791],[-92.7861846,44.9018745],[-92.7861694,44.9018711],[-92.7861543,44.9018687],[-92.7861648,44.9019982],[-92.7861984,44.9022241],[-92.7862015,44.9023459],[-92.7861865,44.9024261],[-92.7861136,44.9026512],[-92.7860623,44.9028318],[-92.786045,44.9029606],[-92.7860598,44.9030124],[-92.7861058,44.9030642],[-92.7861518,44.9030887],[-92.7862088,44.9030982],[-92.7862704,44.9030984],[-92.786317,44.9030977],[-92.7863698,44.903096],[-92.7864331,44.9030928],[-92.786537,44.9030862],[-92.7866577,44.9030769],[-92.7867134,44.9030719],[-92.7867193,44.9030403],[-92.7866899,44.9029001],[-92.7865578,44.902914],[-92.7864464,44.9029087],[-92.7863912,44.902898],[-92.7863244,44.9028778],[-92.7862912,44.9028612],[-92.7862667,44.9028413],[-92.7862506,44.9028174],[-92.7862355,44.9027745],[-92.7862299,44.9027001],[-92.7862438,44.9026638],[-92.7862653,44.9026434],[-92.786296,44.9026261],[-92.7863343,44.9026126],[-92.7863784,44.9026035],[-92.7866578,44.902572],[-92.7867448,44.9025704],[-92.7867774,44.902576],[-92.7868022,44.9025878],[-92.7868184,44.9026075],[-92.7868264,44.9026386],[-92.7868281,44.9026902],[-92.7868195,44.9027541],[-92.7867956,44.9028192],[-92.7867764,44.9028489],[-92.7867514,44.9028748],[-92.7867201,44.9028956],[-92.7867509,44.9030422],[-92.7867683,44.9030671],[-92.7874059,44.9030108],[-92.7874194,44.9029868],[-92.7874236,44.9029647],[-92.787404,44.9028653],[-92.7873094,44.9028905],[-92.7871844,44.9029122],[-92.7871276,44.9029162],[-92.787077,44.9029105],[-92.7870298,44.9028927],[-92.7869885,44.9028629],[-92.7869708,44.9028436],[-92.7869428,44.9027966],[-92.7869166,44.9026992],[-92.7869124,44.9026557],[-92.7869227,44.9026054],[-92.7869412,44.9025883],[-92.786988,44.9025714],[-92.787027,44.9025682],[-92.7872493,44.9026014]]]}},{"type":"Feature","id":"way/1354355248","properties":{"access":"private","highway":"service","service":"driveway","osm_type":"way","osm_id":1354355248},"geometry":{"type":"LineString","coordinates":[[-92.7874681,44.9030494],[-92.7874655,44.9030345],[-92.7874193,44.902806]]}},{"type":"Feature","id":"way/1354355249","properties":{"natural":"wood","osm_type":"way","osm_id":1354355249},"geometry":{"type":"Polygon","coordinates":[[[-92.7925915,44.9022428],[-92.7925541,44.9022972],[-92.7925044,44.9023467],[-92.7924177,44.9024055],[-92.7923589,44.9024303],[-92.7922677,44.9024457],[-92.792019,44.9024654],[-92.7917889,44.902506],[-92.7915353,44.9025401],[-92.7915244,44.9025606],[-92.7915228,44.9025937],[-92.7915348,44.9026234],[-92.7915483,44.9026379],[-92.7916442,44.9026265],[-92.791805,44.9026059],[-92.7918156,44.9026044],[-92.791871,44.9025963],[-92.7919425,44.902585],[-92.792016,44.9025723],[-92.7920517,44.9025655],[-92.7921612,44.9025427],[-92.7922656,44.9025189],[-92.7923533,44.9024974],[-92.7924648,44.9024674],[-92.7925127,44.902454],[-92.7926161,44.9024252],[-92.7927011,44.9024012],[-92.7927044,44.9023766],[-92.7926954,44.9023485],[-92.7926458,44.9022871],[-92.7925915,44.9022428]]]}},{"type":"Feature","id":"way/1354355250","properties":{"building":"shed","osm_type":"way","osm_id":1354355250},"geometry":{"type":"Polygon","coordinates":[[[-92.7916513,44.9013575],[-92.7915684,44.9014289],[-92.7916454,44.9014737],[-92.7917283,44.9014024],[-92.7916513,44.9013575]]]}},{"type":"Feature","id":"way/1354355251","properties":{"natural":"grassland","osm_type":"way","osm_id":1354355251},"geometry":{"type":"Polygon","coordinates":[[[-92.7868816,44.9009641],[-92.7868952,44.9009818],[-92.786942,44.9010612],[-92.7869659,44.9011244],[-92.7869768,44.9011876],[-92.7869762,44.9012422],[-92.7869647,44.9013371],[-92.7869418,44.9014267],[-92.7869104,44.9014949],[-92.7868675,44.9015568],[-92.7867941,44.9016228],[-92.7867186,44.9016737],[-92.786626,44.90172],[-92.7865763,44.9017371],[-92.7864698,44.9017595],[-92.7864126,44.901765],[-92.7862899,44.9017654],[-92.7861549,44.9017522],[-92.7861543,44.9018687],[-92.7861694,44.9018711],[-92.7861846,44.9018745],[-92.7861996,44.9018791],[-92.7862141,44.9018854],[-92.7862279,44.9018937],[-92.7862406,44.9019044],[-92.7862521,44.9019177],[-92.786262,44.9019342],[-92.7862701,44.901954],[-92.7862817,44.9020026],[-92.7862894,44.9020264],[-92.7863001,44.9020494],[-92.7863146,44.9020719],[-92.7863337,44.9020943],[-92.7863583,44.9021168],[-92.7863892,44.9021398],[-92.7864273,44.9021636],[-92.7864733,44.9021886],[-92.7865282,44.9022151],[-92.7865895,44.9022401],[-92.7866535,44.9022605],[-92.7867184,44.9022769],[-92.7867827,44.9022897],[-92.7868447,44.9022993],[-92.7869028,44.9023062],[-92.7869555,44.9023109],[-92.7870011,44.9023137],[-92.7869778,44.902311],[-92.7869395,44.9022981],[-92.7869014,44.9022649],[-92.786884,44.9022224],[-92.7868862,44.9021457],[-92.7869102,44.9020318],[-92.7869412,44.9019473],[-92.7869754,44.9018946],[-92.7870001,44.9018677],[-92.7870649,44.9018147],[-92.7871507,44.9017649],[-92.7872016,44.9017421],[-92.7872578,44.901721],[-92.7874486,44.9016635],[-92.7876336,44.9015979],[-92.7877874,44.9015329],[-92.7878941,44.9014792],[-92.7879323,44.9014661],[-92.7880195,44.9014512],[-92.7880661,44.9014507],[-92.7881129,44.9014557],[-92.7881586,44.9014669],[-92.7882021,44.901485],[-92.7882419,44.9015106],[-92.788277,44.9015445],[-92.7883398,44.9016316],[-92.7884198,44.9017853],[-92.7884558,44.9018872],[-92.7884665,44.9019339],[-92.7884715,44.9019759],[-92.7884622,44.9020446],[-92.7884278,44.9021094],[-92.7884012,44.9021401],[-92.7883287,44.9021949],[-92.7882828,44.9022176],[-92.7882303,44.9022362],[-92.7881711,44.9022502],[-92.7880592,44.9022639],[-92.7879314,44.9022677],[-92.7878593,44.9022636],[-92.7877881,44.9022534],[-92.7877343,44.9023162],[-92.7876632,44.9023707],[-92.7876297,44.9024045],[-92.7876059,44.9024468],[-92.787598,44.902518],[-92.7876147,44.9029371],[-92.7876247,44.9029671],[-92.7876419,44.9029899],[-92.7878239,44.9029738],[-92.7885665,44.9029084],[-92.7886161,44.9029039],[-92.7893718,44.9028358],[-92.7894258,44.902831],[-92.7895962,44.9028159],[-92.789623,44.9027872],[-92.7896377,44.9027499],[-92.7896488,44.9023104],[-92.7896513,44.9018508],[-92.7896236,44.9018061],[-92.7895735,44.9017576],[-92.789018,44.9014455],[-92.7885851,44.9012398],[-92.7881801,44.9010592],[-92.7880275,44.9009867],[-92.7879571,44.9009421],[-92.78792,44.9009126],[-92.7878677,44.9008609],[-92.7878255,44.9008037],[-92.7876938,44.9008202],[-92.7875878,44.90085],[-92.7875358,44.9008766],[-92.7874755,44.9009381],[-92.7874434,44.9009608],[-92.7874033,44.9009759],[-92.7873529,44.9009831],[-92.7872553,44.9009784],[-92.7871595,44.900954],[-92.7871079,44.900928],[-92.7870873,44.9009124],[-92.7870592,44.9008769],[-92.7870527,44.9008571],[-92.7870539,44.900873],[-92.7870534,44.9008887],[-92.787051,44.9009042],[-92.7870467,44.9009191],[-92.7870403,44.900933],[-92.7870318,44.9009459],[-92.787021,44.9009572],[-92.7870078,44.9009669],[-92.7869922,44.9009745],[-92.7869754,44.9009799],[-92.7869589,44.900983],[-92.786943,44.900984],[-92.786928,44.9009831],[-92.7869141,44.9009805],[-92.7869015,44.9009763],[-92.7868906,44.9009708],[-92.7868816,44.9009641]]]}},{"type":"Feature","id":"way/1354355252","properties":{"natural":"grassland","osm_type":"way","osm_id":1354355252},"geometry":{"type":"Polygon","coordinates":[[[-92.7861901,44.9007389],[-92.7861824,44.9002241],[-92.7862563,44.9002309],[-92.7863028,44.9002438],[-92.7863241,44.9002577],[-92.7863418,44.9002773],[-92.7863515,44.9003115],[-92.7863257,44.9003979],[-92.7863031,44.9006334],[-92.7863025,44.9007504],[-92.7862346,44.9007509],[-92.7861901,44.9007389]]]}},{"type":"Feature","id":"way/1354355253","properties":{"access":"private","highway":"service","service":"driveway","osm_type":"way","osm_id":1354355253},"geometry":{"type":"LineString","coordinates":[[-92.7862253,44.8987479],[-92.7862473,44.8987629],[-92.7862894,44.8987943],[-92.7863286,44.8988271],[-92.7863805,44.8988775],[-92.7864095,44.8989107],[-92.7864316,44.8989408],[-92.7864506,44.8989765],[-92.7864568,44.8990025],[-92.7864537,44.8990271],[-92.786443,44.8990515],[-92.7864326,44.8990661],[-92.7864122,44.8990807],[-92.7863791,44.8990965],[-92.7863156,44.8991194],[-92.7862177,44.8991487],[-92.786176,44.899157],[-92.7861246,44.8991625]]}},{"type":"Feature","id":"way/1354355254","properties":{"natural":"grassland","osm_type":"way","osm_id":1354355254},"geometry":{"type":"Polygon","coordinates":[[[-92.7900275,44.8990351],[-92.7900422,44.8990329],[-92.7901692,44.8990135],[-92.7902125,44.8990074],[-92.7902255,44.8990064],[-92.7902381,44.8990061],[-92.7902503,44.8990067],[-92.7902618,44.8990083],[-92.7902725,44.8990113],[-92.7902823,44.8990156],[-92.7902909,44.8990216],[-92.7902982,44.8990293],[-92.7903041,44.899039],[-92.7903134,44.8990611],[-92.7903215,44.8990843],[-92.7903425,44.899154],[-92.7903037,44.8991583],[-92.7902653,44.8991591],[-92.7901803,44.8991513],[-92.7901361,44.8991429],[-92.7900993,44.8991299],[-92.7900721,44.8991063],[-92.7900275,44.8990351]]]}},{"type":"Feature","id":"way/1354355255","properties":{"natural":"grassland","osm_type":"way","osm_id":1354355255},"geometry":{"type":"Polygon","coordinates":[[[-92.7896677,44.8989901],[-92.7896968,44.8989974],[-92.789842,44.8990176],[-92.7898741,44.8990261],[-92.7899424,44.8990698],[-92.7900132,44.8990954],[-92.790051,44.8991424],[-92.7900812,44.899161],[-92.7901099,44.8991709],[-92.7901711,44.8991836],[-92.7902312,44.8991901],[-92.790279,44.8991922],[-92.7903513,44.8991863],[-92.7903578,44.8992076],[-92.7903628,44.8992282],[-92.7903661,44.8992479],[-92.7903675,44.8992669],[-92.7903672,44.899285],[-92.790365,44.8993023],[-92.7903607,44.8993188],[-92.7903545,44.8993344],[-92.7903461,44.8993493],[-92.7903356,44.8993634],[-92.7903222,44.8993747],[-92.790306,44.8993817],[-92.7902875,44.899385],[-92.7902673,44.8993851],[-92.790246,44.8993826],[-92.7902244,44.8993782],[-92.790203,44.8993723],[-92.7901825,44.8993656],[-92.7901465,44.899352],[-92.7901303,44.8993469],[-92.7901132,44.8993441],[-92.7900956,44.8993433],[-92.7900777,44.8993442],[-92.7900598,44.8993467],[-92.7900422,44.8993503],[-92.7900251,44.8993549],[-92.7900089,44.8993602],[-92.7899802,44.8993719],[-92.7899661,44.899377],[-92.7899499,44.8993803],[-92.789932,44.8993817],[-92.7899128,44.8993814],[-92.7898928,44.8993792],[-92.7898725,44.8993752],[-92.7898523,44.8993695],[-92.7898325,44.8993619],[-92.7898138,44.8993526],[-92.7897964,44.8993415],[-92.7897813,44.8993298],[-92.7897687,44.8993183],[-92.7897584,44.8993069],[-92.7897502,44.8992956],[-92.789744,44.8992843],[-92.7897395,44.8992728],[-92.7897365,44.899261],[-92.7897349,44.8992488],[-92.7897343,44.8992361],[-92.7897358,44.8991951],[-92.7897354,44.8991674],[-92.7897332,44.8991403],[-92.7897287,44.8991148],[-92.7897213,44.8990917],[-92.789698,44.8990359],[-92.7896871,44.8990152],[-92.7896811,44.8990059],[-92.7896747,44.8989975],[-92.7896677,44.8989901]]]}},{"type":"Feature","id":"way/1354355256","properties":{"natural":"wood","osm_type":"way","osm_id":1354355256},"geometry":{"type":"Polygon","coordinates":[[[-92.7890034,44.8992966],[-92.7889373,44.8992729],[-92.7888884,44.8992492],[-92.7888536,44.8992253],[-92.7888299,44.8992007],[-92.7888076,44.8991615],[-92.7887907,44.8991129],[-92.7887855,44.8990419],[-92.788796,44.8990091],[-92.7888172,44.8989771],[-92.7888484,44.8989445],[-92.7888894,44.8989136],[-92.7889688,44.8988763],[-92.7890685,44.8988563],[-92.7891417,44.8988531],[-92.7892469,44.8988615],[-92.7893051,44.8988749],[-92.7893513,44.8988972],[-92.7894056,44.8989443],[-92.7894635,44.899008],[-92.7895373,44.8991081],[-92.7895644,44.8991601],[-92.7895693,44.8991806],[-92.789565,44.8992205],[-92.7895435,44.899256],[-92.7895064,44.8992838],[-92.7894553,44.8993005],[-92.7893568,44.8993097],[-92.7892472,44.8993316],[-92.7891484,44.8993653],[-92.7890994,44.8993926],[-92.7891575,44.8994372],[-92.7892451,44.8994735],[-92.7893196,44.8994866],[-92.7895908,44.8994957],[-92.7904213,44.8994947],[-92.7904688,44.8994901],[-92.7905131,44.8994674],[-92.7905539,44.8994318],[-92.7905516,44.8991743],[-92.7905185,44.8991659],[-92.7904796,44.8991636],[-92.7903513,44.8991863],[-92.7903578,44.8992076],[-92.7903628,44.8992282],[-92.7903661,44.8992479],[-92.7903675,44.8992669],[-92.7903672,44.899285],[-92.790365,44.8993023],[-92.7903607,44.8993188],[-92.7903545,44.8993344],[-92.7903461,44.8993493],[-92.7903356,44.8993634],[-92.7903222,44.8993747],[-92.790306,44.8993817],[-92.7902875,44.899385],[-92.7902673,44.8993851],[-92.790246,44.8993826],[-92.7902244,44.8993782],[-92.790203,44.8993723],[-92.7901825,44.8993656],[-92.7901465,44.899352],[-92.7901303,44.8993469],[-92.7901132,44.8993441],[-92.7900956,44.8993433],[-92.7900777,44.8993442],[-92.7900598,44.8993467],[-92.7900422,44.8993503],[-92.7900251,44.8993549],[-92.7900089,44.8993602],[-92.7899802,44.8993719],[-92.7899661,44.899377],[-92.7899499,44.8993803],[-92.789932,44.8993817],[-92.7899128,44.8993814],[-92.7898928,44.8993792],[-92.7898725,44.8993752],[-92.7898523,44.8993695],[-92.7898325,44.8993619],[-92.7898138,44.8993526],[-92.7897964,44.8993415],[-92.7897813,44.8993298],[-92.7897687,44.8993183],[-92.7897584,44.8993069],[-92.7897502,44.8992956],[-92.789744,44.8992843],[-92.7897395,44.8992728],[-92.7897365,44.899261],[-92.7897349,44.8992488],[-92.7897343,44.8992361],[-92.7897358,44.8991951],[-92.7897354,44.8991674],[-92.7897332,44.8991403],[-92.7897287,44.8991148],[-92.7897213,44.8990917],[-92.789698,44.8990359],[-92.7896871,44.8990152],[-92.7896811,44.8990059],[-92.7896747,44.8989975],[-92.7896677,44.8989901],[-92.7896045,44.8989247],[-92.7895463,44.8988491],[-92.789528,44.8988086],[-92.7895328,44.898785],[-92.7895438,44.8987714],[-92.7895713,44.8987533],[-92.7896333,44.8987308],[-92.7897234,44.8987127],[-92.789796,44.8987137],[-92.7898502,44.8987272],[-92.7898806,44.8987437],[-92.7899458,44.8988107],[-92.790005,44.8988818],[-92.7900156,44.8989014],[-92.7900157,44.898918],[-92.7900029,44.8989383],[-92.7899794,44.8989547],[-92.7900275,44.8990351],[-92.7900422,44.8990329],[-92.7901692,44.8990135],[-92.7902125,44.8990074],[-92.7902255,44.8990064],[-92.7902381,44.8990061],[-92.7902503,44.8990067],[-92.7902618,44.8990083],[-92.7902725,44.8990113],[-92.7902823,44.8990156],[-92.7902909,44.8990216],[-92.7902982,44.8990293],[-92.7903041,44.899039],[-92.7903134,44.8990611],[-92.7903215,44.8990843],[-92.7903425,44.899154],[-92.7904731,44.8991269],[-92.7905189,44.899103],[-92.7905508,44.8990741],[-92.7905426,44.8988228],[-92.7905317,44.898774],[-92.7905095,44.8987216],[-92.7904871,44.8986894],[-92.7904421,44.8986529],[-92.7903229,44.8985789],[-92.7901368,44.8984984],[-92.7900499,44.8984714],[-92.7899504,44.8984497],[-92.7898563,44.8984355],[-92.7893776,44.8983925],[-92.7892318,44.8983891],[-92.7891195,44.8983973],[-92.7889348,44.8984255],[-92.7887416,44.8984475],[-92.7886495,44.8984638],[-92.7879498,44.8986221],[-92.787822,44.8986581],[-92.7877078,44.8987037],[-92.7876563,44.8987336],[-92.7875891,44.8987819],[-92.7877337,44.8987923],[-92.7879716,44.8987995],[-92.7879952,44.8988059],[-92.7880279,44.8988291],[-92.7880371,44.8988447],[-92.788041,44.8988812],[-92.788026,44.8989209],[-92.7879931,44.8989605],[-92.7879232,44.8990217],[-92.7878666,44.8990596],[-92.7877714,44.8991033],[-92.7876211,44.8991431],[-92.7874994,44.8991852],[-92.7874345,44.8992174],[-92.7873959,44.8992513],[-92.7873749,44.8992944],[-92.7873575,44.8993502],[-92.7873472,44.8994113],[-92.7873472,44.8994702],[-92.787361,44.8995192],[-92.7874869,44.8997393],[-92.7874949,44.8997827],[-92.7874927,44.8998042],[-92.7874771,44.8998439],[-92.7874478,44.899875],[-92.7874286,44.8998858],[-92.7873518,44.8998998],[-92.7872029,44.8999039],[-92.7869785,44.8998924],[-92.7869023,44.8998988],[-92.7868448,44.8999171],[-92.7868235,44.8999298],[-92.7867968,44.8999605],[-92.7867924,44.8999961],[-92.7868143,44.9001164],[-92.7868232,44.9002018],[-92.786822,44.9003481],[-92.786828,44.9004492],[-92.786865,44.9006726],[-92.7868562,44.9008876],[-92.7868669,44.9009385],[-92.7868816,44.9009641],[-92.7868906,44.9009708],[-92.7869015,44.9009763],[-92.7869141,44.9009805],[-92.786928,44.9009831],[-92.786943,44.900984],[-92.7869589,44.900983],[-92.7869754,44.9009799],[-92.7869922,44.9009745],[-92.7870078,44.9009669],[-92.787021,44.9009572],[-92.7870318,44.9009459],[-92.7870403,44.900933],[-92.7870467,44.9009191],[-92.787051,44.9009042],[-92.7870534,44.9008887],[-92.7870539,44.900873],[-92.7870527,44.9008571],[-92.7870426,44.9007836],[-92.7870513,44.9007178],[-92.7870724,44.9006811],[-92.787089,44.9006675],[-92.7871737,44.9006305],[-92.7872068,44.9006034],[-92.7872314,44.900569],[-92.7872469,44.9005267],[-92.7872714,44.9003722],[-92.7872897,44.9003124],[-92.7873094,44.9002716],[-92.7873457,44.9002407],[-92.787396,44.900221],[-92.7874555,44.900212],[-92.7875194,44.9002132],[-92.7875828,44.9002239],[-92.787643,44.9002425],[-92.7876996,44.9002679],[-92.7877524,44.9002988],[-92.7878449,44.9003726],[-92.7878985,44.9004299],[-92.787926,44.9004673],[-92.787969,44.900556],[-92.7879792,44.9006121],[-92.7879799,44.9006691],[-92.7879725,44.9007218],[-92.7879597,44.9007559],[-92.7878941,44.9008493],[-92.7879793,44.9009267],[-92.7880465,44.9009693],[-92.7881175,44.9010048],[-92.7886021,44.9012214],[-92.789036,44.9014277],[-92.7895926,44.9017389],[-92.7896516,44.9017539],[-92.7896592,44.9015673],[-92.7896901,44.9013628],[-92.7896834,44.9012514],[-92.7896963,44.9012088],[-92.7897192,44.901197],[-92.7897722,44.9011913],[-92.7898941,44.9012043],[-92.7899792,44.9012083],[-92.7900122,44.9012079],[-92.7900472,44.9012063],[-92.7900838,44.9012034],[-92.7901219,44.901199],[-92.7901612,44.901193],[-92.7902353,44.9011797],[-92.7902698,44.9011726],[-92.7903039,44.9011644],[-92.7903388,44.9011545],[-92.7903753,44.9011425],[-92.7904146,44.9011278],[-92.7904577,44.9011098],[-92.7905057,44.9010881],[-92.7905595,44.9010619],[-92.7906151,44.9010328],[-92.7906677,44.9010024],[-92.7907175,44.9009711],[-92.7907647,44.900939],[-92.7908096,44.9009064],[-92.7908525,44.9008733],[-92.7908935,44.90084],[-92.7909328,44.9008067],[-92.7910075,44.9007408],[-92.7910429,44.9007073],[-92.7910773,44.9006721],[-92.791146,44.9005991],[-92.7911818,44.9005625],[-92.7912195,44.9005266],[-92.7912599,44.9004921],[-92.7913037,44.9004595],[-92.7913516,44.9004295],[-92.7914594,44.9003805],[-92.7915655,44.9003523],[-92.7916648,44.9003414],[-92.7917552,44.9003427],[-92.7918698,44.9003571],[-92.7919321,44.900374],[-92.7919836,44.9004027],[-92.7920044,44.9004216],[-92.7920345,44.9004692],[-92.7920468,44.9005302],[-92.7920394,44.9006118],[-92.7920153,44.900743],[-92.791976,44.9009066],[-92.7919225,44.9010781],[-92.7918908,44.9011592],[-92.7918558,44.901233],[-92.7918178,44.9012964],[-92.7918581,44.9015422],[-92.7918615,44.9016825],[-92.7919785,44.9016798],[-92.7920624,44.9016861],[-92.7921445,44.9017001],[-92.7922192,44.9017231],[-92.7922846,44.9017565],[-92.7924837,44.9018762],[-92.7925723,44.9019223],[-92.7928208,44.9020166],[-92.7930103,44.9021036],[-92.7931333,44.9021731],[-92.7932399,44.9022487],[-92.7934454,44.9021904],[-92.7927804,44.898143],[-92.792212,44.8981408],[-92.7922011,44.8999106],[-92.7905964,44.8999163],[-92.7905932,44.8995069],[-92.7905814,44.8995792],[-92.790542,44.8996536],[-92.7904762,44.8997439],[-92.7904314,44.8997953],[-92.7903945,44.8998283],[-92.7903493,44.8998586],[-92.790269,44.8998947],[-92.7901775,44.899915],[-92.7900885,44.8999248],[-92.7898312,44.8999303],[-92.789791,44.8999398],[-92.789761,44.8999607],[-92.7897348,44.8999938],[-92.789788,44.9000566],[-92.7898392,44.9001435],[-92.7898679,44.9002438],[-92.7898694,44.9002872],[-92.7898641,44.9003082],[-92.7898547,44.9003285],[-92.7898251,44.900366],[-92.7897838,44.9003969],[-92.7897597,44.9004091],[-92.7897066,44.9004254],[-92.7896769,44.9004294],[-92.7895709,44.9004271],[-92.7894554,44.9004043],[-92.7893834,44.9003781],[-92.7893234,44.9003432],[-92.7893008,44.9003223],[-92.7892683,44.9002751],[-92.789248,44.9002226],[-92.7891736,44.8999425],[-92.7891527,44.899889],[-92.7891151,44.8998178],[-92.789102,44.8997751],[-92.7891047,44.8997193],[-92.7891177,44.8996893],[-92.7891366,44.8996664],[-92.7891608,44.8996488],[-92.7891936,44.8996343],[-92.7892382,44.899624],[-92.7892977,44.8996188],[-92.7894598,44.8996263],[-92.7895718,44.8996454],[-92.7896339,44.8996668],[-92.7896606,44.8996807],[-92.7897039,44.8997158],[-92.7897673,44.8997988],[-92.7898273,44.899903],[-92.7901094,44.8998961],[-92.790201,44.8998825],[-92.7902533,44.8998697],[-92.790325,44.8998373],[-92.7903657,44.8998099],[-92.7904222,44.8997555],[-92.7905071,44.8996418],[-92.7905348,44.8995946],[-92.7905536,44.8995291],[-92.7905266,44.8995177],[-92.7904881,44.8995121],[-92.7904221,44.8995166],[-92.7895904,44.8995176],[-92.7892942,44.8995061],[-92.789253,44.8994988],[-92.789198,44.8994823],[-92.789116,44.8994409],[-92.7890894,44.8994202],[-92.7890484,44.8993765],[-92.7890034,44.8992966]]]}},{"type":"Feature","id":"way/1354355257","properties":{"building":"shed","osm_type":"way","osm_id":1354355257},"geometry":{"type":"Polygon","coordinates":[[[-92.791353,44.9009365],[-92.7914353,44.9009329],[-92.7914256,44.9008202],[-92.7913433,44.9008238],[-92.791353,44.9009365]]]}},{"type":"Feature","id":"way/1354355258","properties":{"building":"house","osm_type":"way","osm_id":1354355258},"geometry":{"type":"Polygon","coordinates":[[[-92.7916722,44.9011835],[-92.7916408,44.9012731],[-92.7916299,44.9012712],[-92.7916215,44.9012951],[-92.7915356,44.9012801],[-92.7915434,44.9012579],[-92.7914529,44.901242],[-92.7915074,44.9010864],[-92.791632,44.9011083],[-92.7916158,44.9011546],[-92.791635,44.9011579],[-92.7916287,44.9011759],[-92.7916722,44.9011835]]]}},{"type":"Feature","id":"way/1354355259","properties":{"building":"house","osm_type":"way","osm_id":1354355259},"geometry":{"type":"Polygon","coordinates":[[[-92.7921877,44.9023158],[-92.792172,44.9022215],[-92.7920581,44.902231],[-92.7920738,44.9023253],[-92.7921877,44.9023158]]]}},{"type":"Feature","id":"way/1354355260","properties":{"building":"shed","osm_type":"way","osm_id":1354355260},"geometry":{"type":"Polygon","coordinates":[[[-92.7907173,44.9015374],[-92.7906846,44.9014649],[-92.7905882,44.9014867],[-92.7906208,44.9015592],[-92.7907173,44.9015374]]]}},{"type":"Feature","id":"way/1354355261","properties":{"building":"house","osm_type":"way","osm_id":1354355261},"geometry":{"type":"Polygon","coordinates":[[[-92.7905702,44.9020843],[-92.7905716,44.9019911],[-92.7907208,44.9019922],[-92.7907207,44.9020008],[-92.7908148,44.9020015],[-92.7908132,44.9021056],[-92.7906898,44.9021047],[-92.7906901,44.9020852],[-92.7905702,44.9020843]]]}},{"type":"Feature","id":"way/1354355262","properties":{"building":"shed","osm_type":"way","osm_id":1354355262},"geometry":{"type":"Polygon","coordinates":[[[-92.7876197,44.9003581],[-92.7877068,44.9003366],[-92.7876755,44.9002733],[-92.7875885,44.9002949],[-92.7876197,44.9003581]]]}},{"type":"Feature","id":"way/1354355263","properties":{"building":"shed","osm_type":"way","osm_id":1354355263},"geometry":{"type":"Polygon","coordinates":[[[-92.7870034,44.9026805],[-92.786999,44.902622],[-92.7869306,44.9026246],[-92.786935,44.9026831],[-92.7870034,44.9026805]]]}},{"type":"Feature","id":"way/1354355264","properties":{"building":"shed","osm_type":"way","osm_id":1354355264},"geometry":{"type":"Polygon","coordinates":[[[-92.7869275,44.9011518],[-92.7869301,44.9012088],[-92.7868768,44.90121],[-92.7868742,44.901153],[-92.7869275,44.9011518]]]}},{"type":"Feature","id":"way/1354355265","properties":{"building":"garage","osm_type":"way","osm_id":1354355265},"geometry":{"type":"Polygon","coordinates":[[[-92.786802,44.9006362],[-92.7867169,44.9006417],[-92.7867076,44.9005697],[-92.7867927,44.9005642],[-92.786802,44.9006362]]]}},{"type":"Feature","id":"way/1354355266","properties":{"building":"shed","osm_type":"way","osm_id":1354355266},"geometry":{"type":"Polygon","coordinates":[[[-92.7863899,44.8991626],[-92.7863888,44.899132],[-92.7863582,44.8991326],[-92.7863594,44.8991632],[-92.7863899,44.8991626]]]}},{"type":"Feature","id":"way/1354355267","properties":{"building":"shed","osm_type":"way","osm_id":1354355267},"geometry":{"type":"Polygon","coordinates":[[[-92.78678,44.8991693],[-92.7867738,44.8991368],[-92.7867336,44.8991406],[-92.7867398,44.8991732],[-92.78678,44.8991693]]]}},{"type":"Feature","id":"way/1354355268","properties":{"building":"shed","osm_type":"way","osm_id":1354355268},"geometry":{"type":"Polygon","coordinates":[[[-92.7888657,44.8991966],[-92.7889081,44.8991855],[-92.7888955,44.8991614],[-92.7888531,44.8991724],[-92.7888657,44.8991966]]]}},{"type":"Feature","id":"way/1354355269","properties":{"landuse":"cemetery","name":"Mount Hope Cemetery","osm_type":"way","osm_id":1354355269},"geometry":{"type":"Polygon","coordinates":[[[-92.7906324,44.8981348],[-92.792212,44.8981408],[-92.7922011,44.8999106],[-92.7905964,44.8999163],[-92.7905932,44.8995069],[-92.7905928,44.8994524],[-92.7905897,44.8991178],[-92.7905887,44.8989483],[-92.7905865,44.8988872],[-92.790584,44.8988463],[-92.790581,44.89882],[-92.7905766,44.8987946],[-92.7905695,44.898768],[-92.7905591,44.8987397],[-92.7905457,44.8987118],[-92.7905377,44.8986983],[-92.7905289,44.8986858],[-92.7905193,44.8986742],[-92.7905088,44.8986638],[-92.7906284,44.8986643],[-92.7906324,44.8981348]]]}},{"type":"Feature","id":"way/1354355270","properties":{"natural":"wood","osm_type":"way","osm_id":1354355270},"geometry":{"type":"Polygon","coordinates":[[[-92.7875837,44.8987455],[-92.7876062,44.8987294],[-92.7876303,44.8987132],[-92.7876564,44.8986972],[-92.787685,44.8986815],[-92.787716,44.8986664],[-92.7877507,44.8986521],[-92.7878062,44.8986331],[-92.7878752,44.8986128],[-92.787937,44.8985963],[-92.7879959,44.8985825],[-92.7881252,44.8985547],[-92.7882206,44.8985334],[-92.7885875,44.8984489],[-92.7886385,44.8984376],[-92.7886806,44.8984292],[-92.788734,44.8984207],[-92.7887684,44.8984165],[-92.7888633,44.8984065],[-92.7889276,44.8983985],[-92.7889745,44.8983917],[-92.7890699,44.8983763],[-92.7891129,44.8983703],[-92.7891565,44.8983657],[-92.7891799,44.898364],[-92.7892304,44.8983617],[-92.7892875,44.8983615],[-92.7893179,44.8983622],[-92.789381,44.8983653],[-92.789481,44.8983728],[-92.7896204,44.8983862],[-92.7898137,44.8984036],[-92.7898625,44.8984085],[-92.7899091,44.8984146],[-92.7899602,44.8984231],[-92.7900126,44.8984337],[-92.7900631,44.8984456],[-92.7901086,44.8984584],[-92.7901544,44.898474],[-92.7901796,44.8984836],[-92.7902312,44.8985045],[-92.7902816,44.8985265],[-92.7903455,44.8985567],[-92.7903819,44.8985765],[-92.7904007,44.8985877],[-92.7904368,44.8986108],[-92.7904699,44.8986339],[-92.7905088,44.8986638],[-92.7906284,44.8986643],[-92.7906324,44.8981348],[-92.792212,44.8981408],[-92.7927804,44.898143],[-92.7930594,44.8973494],[-92.7954412,44.8975242],[-92.7970183,44.8964374],[-92.7970505,44.8952594],[-92.7951729,44.8961638],[-92.7899592,44.8953791],[-92.7899502,44.8971444],[-92.7868208,44.8971364],[-92.7868176,44.8977699],[-92.7863774,44.8977687],[-92.7863731,44.8986006],[-92.786143,44.8986],[-92.786146,44.898686],[-92.7861471,44.8986956],[-92.7861548,44.8987121],[-92.7861687,44.8987246],[-92.786187,44.898732],[-92.7862079,44.8987337],[-92.7863962,44.8986904],[-92.7867343,44.8986228],[-92.7868145,44.8985951],[-92.7868651,44.8985679],[-92.7869095,44.8985357],[-92.7869434,44.8985031],[-92.7867666,44.8982259],[-92.7866918,44.8980933],[-92.7866735,44.8980469],[-92.7866648,44.897982],[-92.786676,44.8979136],[-92.7866972,44.8978821],[-92.7867385,44.8978646],[-92.7867926,44.8978608],[-92.7868509,44.8978713],[-92.786913,44.8978949],[-92.786976,44.897927],[-92.7870549,44.897975],[-92.7871268,44.8980268],[-92.7872109,44.8980954],[-92.7872985,44.8981771],[-92.7874044,44.8981067],[-92.7875376,44.8980545],[-92.7876099,44.8980346],[-92.7876948,44.898018],[-92.7877763,44.8980058],[-92.7878778,44.897998],[-92.7880672,44.8979952],[-92.7881941,44.8980028],[-92.7883462,44.8980185],[-92.7886208,44.8980556],[-92.7888139,44.8980709],[-92.7889557,44.898074],[-92.7890987,44.898068],[-92.7890929,44.8980496],[-92.789068,44.898028],[-92.788951,44.8979909],[-92.7889178,44.8979717],[-92.7888871,44.897946],[-92.7888612,44.8979145],[-92.7887737,44.8977706],[-92.7887413,44.8977043],[-92.788744,44.8976687],[-92.7887616,44.8976328],[-92.7887919,44.8975997],[-92.7888327,44.8975731],[-92.7889312,44.8975421],[-92.7890082,44.8975312],[-92.7890602,44.8975302],[-92.7891644,44.8975439],[-92.7892942,44.8975839],[-92.789402,44.897634],[-92.7895596,44.8977266],[-92.7896341,44.8977567],[-92.7897604,44.8977886],[-92.7899185,44.8978111],[-92.7900124,44.89781],[-92.7900639,44.8978005],[-92.7901008,44.8977874],[-92.7901338,44.8977663],[-92.7901679,44.8977321],[-92.7901877,44.897703],[-92.7902106,44.897653],[-92.7902358,44.897627],[-92.7902705,44.8976122],[-92.7902903,44.8976095],[-92.7903322,44.8976147],[-92.7903744,44.8976354],[-92.7904126,44.8976642],[-92.7904582,44.8977052],[-92.7904879,44.8977411],[-92.7905031,44.897779],[-92.7905075,44.8978175],[-92.7904807,44.8978897],[-92.7904806,44.897914],[-92.7904941,44.8979382],[-92.7905075,44.8979497],[-92.790551,44.8979703],[-92.7906075,44.8979172],[-92.7906376,44.8978635],[-92.7906465,44.8978186],[-92.7906546,44.8976457],[-92.7906728,44.897592],[-92.7907242,44.8975267],[-92.7907498,44.8975071],[-92.7908141,44.8974717],[-92.7907864,44.8974432],[-92.7906585,44.8974026],[-92.790586,44.8974567],[-92.7905385,44.8974748],[-92.7905024,44.8974785],[-92.7904588,44.8974751],[-92.7904248,44.8974654],[-92.7903861,44.8974476],[-92.7903422,44.8974197],[-92.7902741,44.8973658],[-92.7901294,44.8972287],[-92.7901244,44.8972142],[-92.7901323,44.8971853],[-92.7901594,44.8971571],[-92.7902007,44.8971305],[-92.7902797,44.8970949],[-92.7903855,44.8970633],[-92.7905055,44.8970408],[-92.7905836,44.8970341],[-92.790655,44.8970359],[-92.7907596,44.8970486],[-92.7908559,44.8970685],[-92.7909559,44.8970992],[-92.7909985,44.8971313],[-92.7910122,44.8971697],[-92.7910058,44.8971956],[-92.7909627,44.8972489],[-92.7908961,44.8972972],[-92.7908586,44.8973117],[-92.7907322,44.8973466],[-92.7906901,44.897366],[-92.7906751,44.8973779],[-92.7908148,44.8974217],[-92.7908936,44.8974364],[-92.7909775,44.8974091],[-92.7911167,44.8973827],[-92.791596,44.8973273],[-92.7916229,44.8973179],[-92.7916967,44.8972759],[-92.7917314,44.897268],[-92.7917678,44.8972693],[-92.7918145,44.8972829],[-92.7918681,44.897292],[-92.7920354,44.8973064],[-92.7920323,44.8972896],[-92.7920098,44.8972743],[-92.7918682,44.8972369],[-92.7918079,44.8972082],[-92.7917951,44.8971904],[-92.7917926,44.8971705],[-92.7917985,44.8971499],[-92.7918188,44.8971205],[-92.7918394,44.8971047],[-92.7918835,44.8970886],[-92.7920628,44.8970584],[-92.7922181,44.8970121],[-92.7922478,44.8970105],[-92.7922762,44.8970148],[-92.7923001,44.8970246],[-92.7923164,44.8970397],[-92.7923324,44.8970765],[-92.7923391,44.8971101],[-92.7923395,44.8971484],[-92.7923305,44.8971892],[-92.7922986,44.8972511],[-92.7922587,44.8973106],[-92.7922067,44.897373],[-92.7921729,44.8973973],[-92.7921353,44.8974022],[-92.792083,44.8973898],[-92.7920509,44.8973678],[-92.7920313,44.8973392],[-92.7918661,44.8973264],[-92.7918465,44.8973335],[-92.7918431,44.8973593],[-92.7918271,44.8973825],[-92.7918007,44.8974003],[-92.7917671,44.8974103],[-92.7917128,44.8974084],[-92.7916808,44.8973961],[-92.7916342,44.8973695],[-92.7916008,44.8973613],[-92.7912162,44.8974023],[-92.7910682,44.8974245],[-92.7909735,44.8974453],[-92.7908774,44.8974814],[-92.7907704,44.897539],[-92.7907282,44.8975841],[-92.7907067,44.8976242],[-92.7906975,44.8976782],[-92.7906906,44.8978376],[-92.7906769,44.8978868],[-92.7906594,44.8979178],[-92.7906194,44.8979642],[-92.7905638,44.8980069],[-92.7904931,44.898042],[-92.7904382,44.8980585],[-92.7904394,44.8980916],[-92.7904514,44.898114],[-92.7905407,44.8981939],[-92.7905663,44.8982132],[-92.7906111,44.8982348],[-92.7906235,44.8982511],[-92.7906269,44.8982674],[-92.7906126,44.8983102],[-92.7905812,44.8983473],[-92.7905123,44.8983872],[-92.7904442,44.898411],[-92.7903746,44.898423],[-92.7903131,44.8984232],[-92.7902515,44.8984124],[-92.7902242,44.898401],[-92.7902057,44.8983871],[-92.7901692,44.8983298],[-92.7901484,44.8982738],[-92.7901298,44.8981687],[-92.7901251,44.8980729],[-92.7898432,44.8980633],[-92.7895751,44.8980645],[-92.7894124,44.8980742],[-92.7891027,44.8981008],[-92.7889567,44.8981068],[-92.7888107,44.8981037],[-92.7886138,44.898088],[-92.7886073,44.8981174],[-92.7885837,44.898146],[-92.7885533,44.8981594],[-92.788486,44.898167],[-92.78846,44.8981835],[-92.7884203,44.8982773],[-92.7884011,44.8983071],[-92.7883749,44.8983341],[-92.7883403,44.8983565],[-92.7882982,44.8983748],[-92.7881315,44.8984287],[-92.7880962,44.8984528],[-92.7880468,44.8985098],[-92.7880155,44.8985189],[-92.7879319,44.8985258],[-92.7877238,44.8985607],[-92.7876735,44.8985629],[-92.787632,44.8985589],[-92.7875856,44.8985423],[-92.7875548,44.8985108],[-92.7875316,44.8984581],[-92.7875164,44.8983899],[-92.7875112,44.8983393],[-92.787515,44.8982908],[-92.787531,44.8982492],[-92.7875714,44.8982005],[-92.7876225,44.8981693],[-92.7877289,44.8981377],[-92.7879133,44.8981011],[-92.7880117,44.8980873],[-92.7880995,44.898081],[-92.788228,44.898081],[-92.7882617,44.8980706],[-92.7882846,44.8980444],[-92.7880656,44.898028],[-92.7879438,44.8980284],[-92.7878256,44.8980342],[-92.7877058,44.89805],[-92.7875913,44.8980739],[-92.7874704,44.898116],[-92.787415,44.8981421],[-92.7872609,44.8982527],[-92.7871689,44.8983279],[-92.7869453,44.8985567],[-92.7868955,44.8985927],[-92.7868397,44.8986227],[-92.7867501,44.8986538],[-92.7864094,44.898722],[-92.7863011,44.8987483],[-92.7863458,44.8987596],[-92.7864074,44.8987672],[-92.7865639,44.8987723],[-92.7871782,44.8987576],[-92.787409,44.8987577],[-92.7875599,44.8987639],[-92.7875837,44.8987455]]]}},{"type":"Feature","id":"way/1354355271","properties":{"access":"private","highway":"service","service":"driveway","osm_type":"way","osm_id":1354355271},"geometry":{"type":"LineString","coordinates":[[-92.7903759,44.8980532],[-92.7903826,44.898063],[-92.7904145,44.8981035],[-92.7904497,44.8981411],[-92.790496,44.8981825],[-92.7905477,44.8982231],[-92.7905564,44.8982373],[-92.7905615,44.8982576]]}},{"type":"Feature","id":"way/1354355272","properties":{"access":"private","highway":"service","service":"driveway","osm_type":"way","osm_id":1354355272},"geometry":{"type":"LineString","coordinates":[[-92.7917477,44.897338],[-92.7917532,44.8973323],[-92.7917696,44.8973223],[-92.7917914,44.8973144],[-92.7918161,44.8973092],[-92.7918415,44.8973072],[-92.7920334,44.8973228],[-92.7920691,44.8973243],[-92.7921152,44.8973238]]}},{"type":"Feature","id":"way/1354355273","properties":{"access":"private","highway":"service","service":"driveway","osm_type":"way","osm_id":1354355273},"geometry":{"type":"LineString","coordinates":[[-92.7908651,44.8974675],[-92.7908598,44.8974636],[-92.7908247,44.897444],[-92.7907906,44.8974292],[-92.790768,44.8974211],[-92.7906668,44.8973903],[-92.7906402,44.8973804],[-92.790617,44.8973681],[-92.7905877,44.8973456]]}},{"type":"Feature","id":"way/1354355274","properties":{"building":"house","osm_type":"way","osm_id":1354355274},"geometry":{"type":"Polygon","coordinates":[[[-92.7904416,44.8982403],[-92.7905077,44.898314],[-92.7903855,44.8983688],[-92.7902373,44.898393],[-92.7902098,44.8983087],[-92.790336,44.898288],[-92.7904416,44.8982403]]]}},{"type":"Feature","id":"way/1354355275","properties":{"building":"house","osm_type":"way","osm_id":1354355275},"geometry":{"type":"Polygon","coordinates":[[[-92.7920088,44.8972619],[-92.7920915,44.8972843],[-92.7921025,44.8972638],[-92.7921804,44.8972735],[-92.7922134,44.8972122],[-92.7922482,44.8972153],[-92.7923045,44.8971108],[-92.7922795,44.8970709],[-92.7922137,44.8970531],[-92.7921592,44.8970672],[-92.7921355,44.8971112],[-92.7920903,44.8971107],[-92.7920088,44.8972619]]]}},{"type":"Feature","id":"way/1354355276","properties":{"building":"house","osm_type":"way","osm_id":1354355276},"geometry":{"type":"Polygon","coordinates":[[[-92.7906047,44.8973131],[-92.7905486,44.8972621],[-92.790579,44.8972453],[-92.7905734,44.8972402],[-92.7906245,44.897212],[-92.7905523,44.8971463],[-92.7905033,44.8971732],[-92.7904876,44.8971589],[-92.7904395,44.8971854],[-92.7904242,44.8971714],[-92.7903463,44.8972143],[-92.7904162,44.897278],[-92.7904209,44.8972754],[-92.7904579,44.8973091],[-92.7904531,44.8973118],[-92.7905111,44.8973646],[-92.7906047,44.8973131]]]}},{"type":"Feature","id":"way/1354355277","properties":{"building":"house","osm_type":"way","osm_id":1354355277},"geometry":{"type":"Polygon","coordinates":[[[-92.7903195,44.8979214],[-92.7902406,44.8978791],[-92.7902682,44.8978532],[-92.7902423,44.8978393],[-92.7903723,44.8977175],[-92.7904771,44.8977735],[-92.7903195,44.8979214]]]}},{"type":"Feature","id":"way/1354355278","properties":{"building":"shed","osm_type":"way","osm_id":1354355278},"geometry":{"type":"Polygon","coordinates":[[[-92.7879671,44.8984882],[-92.7880244,44.8985094],[-92.7880705,44.8984472],[-92.7880132,44.8984259],[-92.7879671,44.8984882]]]}},{"type":"Feature","id":"way/1354355279","properties":{"landuse":"residential","name":"Afton Coulee Ridge","osm_type":"way","osm_id":1354355279},"geometry":{"type":"Polygon","coordinates":[[[-92.7905088,44.8986638],[-92.7906284,44.8986643],[-92.7906324,44.8981348],[-92.792212,44.8981408],[-92.7927804,44.898143],[-92.7930594,44.8973494],[-92.7954412,44.8975242],[-92.7970183,44.8964374],[-92.7970505,44.8952594],[-92.7951729,44.8961638],[-92.7899592,44.8953791],[-92.7899502,44.8971444],[-92.7868208,44.8971364],[-92.7868176,44.8977699],[-92.7863774,44.8977687],[-92.7863731,44.8986006],[-92.786143,44.8986],[-92.786146,44.898686],[-92.7861516,44.8988473],[-92.786155,44.8988333],[-92.7861646,44.8988193],[-92.7861796,44.8988057],[-92.7861989,44.8987925],[-92.7862217,44.8987799],[-92.7862469,44.8987683],[-92.7862737,44.8987576],[-92.7863011,44.8987483],[-92.7875837,44.8987455],[-92.7876062,44.8987294],[-92.7876303,44.8987132],[-92.7876564,44.8986972],[-92.787685,44.8986815],[-92.787716,44.8986664],[-92.7877507,44.8986521],[-92.7878062,44.8986331],[-92.7878752,44.8986128],[-92.787937,44.8985963],[-92.7879959,44.8985825],[-92.7881252,44.8985547],[-92.7882206,44.8985334],[-92.7885875,44.8984489],[-92.7886385,44.8984376],[-92.7886806,44.8984292],[-92.788734,44.8984207],[-92.7887684,44.8984165],[-92.7888633,44.8984065],[-92.7889276,44.8983985],[-92.7889745,44.8983917],[-92.7890699,44.8983763],[-92.7891129,44.8983703],[-92.7891565,44.8983657],[-92.7891799,44.898364],[-92.7892304,44.8983617],[-92.7892875,44.8983615],[-92.7893179,44.8983622],[-92.789381,44.8983653],[-92.789481,44.8983728],[-92.7896204,44.8983862],[-92.7898137,44.8984036],[-92.7898625,44.8984085],[-92.7899091,44.8984146],[-92.7899602,44.8984231],[-92.7900126,44.8984337],[-92.7900631,44.8984456],[-92.7901086,44.8984584],[-92.7901544,44.898474],[-92.7901796,44.8984836],[-92.7902312,44.8985045],[-92.7902816,44.8985265],[-92.7903455,44.8985567],[-92.7903819,44.8985765],[-92.7904007,44.8985877],[-92.7904368,44.8986108],[-92.7904699,44.8986339],[-92.7905088,44.8986638]]]}},{"type":"Feature","id":"way/1354580933","properties":{"building":"shed","osm_type":"way","osm_id":1354580933},"geometry":{"type":"Polygon","coordinates":[[[-92.7845411,44.8962098],[-92.7845422,44.8961407],[-92.7844431,44.8961399],[-92.784442,44.896209],[-92.7845411,44.8962098]]]}},{"type":"Feature","id":"way/1354580934","properties":{"building":"shed","osm_type":"way","osm_id":1354580934},"geometry":{"type":"Polygon","coordinates":[[[-92.785721,44.8964766],[-92.7856516,44.8964775],[-92.7856499,44.8964158],[-92.7857193,44.8964148],[-92.785721,44.8964766]]]}},{"type":"Feature","id":"way/1354580935","properties":{"building":"garage","osm_type":"way","osm_id":1354580935},"geometry":{"type":"Polygon","coordinates":[[[-92.7839501,44.8974131],[-92.7839499,44.8973388],[-92.7838598,44.8973389],[-92.7838599,44.8974132],[-92.7839501,44.8974131]]]}},{"type":"Feature","id":"way/1354580936","properties":{"layer":"-1","name":"Kelle's Coulee","tunnel":"culvert","waterway":"stream","osm_type":"way","osm_id":1354580936},"geometry":{"type":"LineString","coordinates":[[-92.7833721,44.8968666],[-92.7831287,44.8968772]]}},{"type":"Feature","id":"way/1354580937","properties":{"access":"private","bridge":"yes","highway":"footway","layer":"1","osm_type":"way","osm_id":1354580937},"geometry":{"type":"LineString","coordinates":[[-92.7887339,44.8965305],[-92.7887428,44.8965337],[-92.7888358,44.8965676]]}},{"type":"Feature","id":"way/1354580938","properties":{"access":"private","highway":"footway","osm_type":"way","osm_id":1354580938},"geometry":{"type":"LineString","coordinates":[[-92.7888358,44.8965676],[-92.7888725,44.896578],[-92.7889252,44.8965886],[-92.7889478,44.8965908],[-92.7889664,44.8965962],[-92.7889816,44.8966044],[-92.7890052,44.8966272]]}},{"type":"Feature","id":"way/1354580939","properties":{"access":"private","highway":"footway","osm_type":"way","osm_id":1354580939},"geometry":{"type":"LineString","coordinates":[[-92.7886498,44.8965372],[-92.7886567,44.8965341],[-92.7886815,44.8965275],[-92.7886998,44.8965258],[-92.7887177,44.8965267],[-92.7887339,44.8965305]]}},{"type":"Feature","id":"way/1354580940","properties":{"access":"private","highway":"service","service":"driveway","osm_type":"way","osm_id":1354580940},"geometry":{"type":"LineString","coordinates":[[-92.7881877,44.8967623],[-92.7882078,44.8967549],[-92.7883173,44.8967209],[-92.7883601,44.8967049],[-92.7883802,44.8966957],[-92.7885733,44.896578],[-92.7886498,44.8965372]]}},{"type":"Feature","id":"way/1354580941","properties":{"layer":"-1","name":"Kelle's Coulee","tunnel":"culvert","waterway":"stream","osm_type":"way","osm_id":1354580941},"geometry":{"type":"LineString","coordinates":[[-92.7862137,44.8968355],[-92.7861697,44.8968407]]}},{"type":"Feature","id":"way/1354580942","properties":{"name":"Kelle's Coulee","source":"NHD","waterway":"stream","osm_type":"way","osm_id":1354580942},"geometry":{"type":"LineString","coordinates":[[-92.7861697,44.8968407],[-92.7861481,44.8968433],[-92.7860934,44.8968533],[-92.7860561,44.8968504],[-92.7859032,44.896813],[-92.7857679,44.8967881],[-92.7856254,44.8967555],[-92.7854403,44.8967538],[-92.7853622,44.8967613],[-92.7852718,44.8967827],[-92.7851474,44.8968352],[-92.7849981,44.896911],[-92.7849262,44.896961],[-92.7848724,44.8970295],[-92.7848449,44.8970497],[-92.7848082,44.8970611],[-92.7846835,44.8970835],[-92.7846489,44.8970807],[-92.7846138,44.8970698],[-92.7844936,44.8970083],[-92.7844122,44.896959],[-92.7843701,44.896944],[-92.7843397,44.896942],[-92.7843039,44.8969461],[-92.7841761,44.8969719],[-92.7840882,44.8969951],[-92.7840321,44.8969987],[-92.7840043,44.8969936],[-92.7839696,44.8969802],[-92.7839183,44.8969444],[-92.7838723,44.8969254],[-92.7838308,44.8969206],[-92.783671,44.8969287],[-92.7835958,44.8969224],[-92.7834405,44.8968761],[-92.7833943,44.8968668],[-92.7833721,44.8968666]]}},{"type":"Feature","id":"way/1354580943","properties":{"barrier":"retaining_wall","osm_type":"way","osm_id":1354580943},"geometry":{"type":"LineString","coordinates":[[-92.7831289,44.8968098],[-92.7831287,44.8968772],[-92.7831285,44.8969447]]}},{"type":"Feature","id":"way/1354580944","properties":{"barrier":"retaining_wall","osm_type":"way","osm_id":1354580944},"geometry":{"type":"LineString","coordinates":[[-92.7833717,44.8969338],[-92.7833721,44.8968666],[-92.7833726,44.8967994]]}},{"type":"Feature","id":"way/1354580945","properties":{"name":"Kelle's Coulee","waterway":"stream","osm_type":"way","osm_id":1354580945},"geometry":{"type":"LineString","coordinates":[[-92.7831287,44.8968772],[-92.7830852,44.8968775],[-92.7829321,44.8968756],[-92.782805,44.8968664],[-92.7826631,44.896843],[-92.782516,44.8968097],[-92.7824614,44.8968112],[-92.7824121,44.8968267],[-92.7823664,44.8968316],[-92.7822989,44.8968182],[-92.7822119,44.8968181],[-92.7821664,44.8967934],[-92.782139,44.8967856],[-92.7821198,44.8967902],[-92.7820902,44.896809],[-92.7820622,44.8968124],[-92.7819839,44.8967963],[-92.7818621,44.8967868],[-92.781672,44.8967647],[-92.7816231,44.8967658],[-92.7815395,44.8967768],[-92.7812885,44.896837],[-92.7812396,44.8968387],[-92.7811553,44.8968262],[-92.7810876,44.8968229],[-92.7810417,44.896834],[-92.7808973,44.8969211],[-92.7807723,44.8969826],[-92.7807229,44.8970162],[-92.7806762,44.8970684],[-92.7806511,44.8970816],[-92.7806046,44.8970931],[-92.7805016,44.8971014],[-92.7804146,44.8971141],[-92.7803152,44.8971356],[-92.7801805,44.8971721],[-92.7801286,44.8971763],[-92.780086,44.897169],[-92.7799425,44.8971176],[-92.7798742,44.8970892],[-92.7798263,44.8970636],[-92.7798007,44.8970561],[-92.7796517,44.8970586],[-92.7795889,44.8970429],[-92.7795108,44.8970354],[-92.7794183,44.8970041],[-92.7752235,44.8964361]]}},{"type":"Feature","id":"way/1354580946","properties":{"access":"private","highway":"service","service":"driveway","osm_type":"way","osm_id":1354580946},"geometry":{"type":"LineString","coordinates":[[-92.7881877,44.8967623],[-92.7882267,44.8967428],[-92.78824,44.8967353],[-92.7882689,44.8967147],[-92.7882999,44.8966877],[-92.7883321,44.8966555],[-92.7883802,44.8965999],[-92.7884082,44.8965625],[-92.7884302,44.8965288],[-92.7884604,44.8964713],[-92.7884797,44.8964223],[-92.7885032,44.8963381],[-92.7885173,44.8962646],[-92.7885219,44.8962121],[-92.7885224,44.8961367],[-92.7885177,44.8960983],[-92.7885082,44.8960605],[-92.7884958,44.8960248],[-92.788476,44.8959785],[-92.788413,44.8958579],[-92.7883936,44.8958145],[-92.7883723,44.8957513],[-92.7883648,44.8957206],[-92.7883601,44.8956926],[-92.7883581,44.8956657],[-92.7883594,44.8956241],[-92.7883678,44.8955702],[-92.7883788,44.8955331],[-92.7884016,44.8954851],[-92.7884292,44.8954432],[-92.7884836,44.8953796],[-92.7885312,44.8953339],[-92.7885673,44.895305],[-92.7886312,44.895262],[-92.7887037,44.8952183],[-92.7887953,44.8951667]]}},{"type":"Feature","id":"way/1354580949","properties":{"highway":"residential","name":"Perrot Avenue South","osm_type":"way","osm_id":1354580949},"geometry":{"type":"LineString","coordinates":[[-92.7846231,44.8976757],[-92.7846251,44.8976081],[-92.7846329,44.8974105],[-92.7846439,44.897252]]}},{"type":"Feature","id":"way/1354863439","properties":{"natural":"wood","osm_type":"way","osm_id":1354863439},"geometry":{"type":"Polygon","coordinates":[[[-92.7863735,44.8965146],[-92.7866901,44.8965185],[-92.7868198,44.8965352],[-92.7868854,44.8965487],[-92.7870173,44.8965962],[-92.7873223,44.8967406],[-92.7874653,44.8968006],[-92.7875678,44.8968317],[-92.7876742,44.896849],[-92.7877667,44.8968526],[-92.7878403,44.8968486],[-92.7879663,44.8968227],[-92.7881168,44.8967743],[-92.7882082,44.8967327],[-92.7882682,44.8966973],[-92.7883192,44.8966494],[-92.7883667,44.8965946],[-92.788416,44.8965245],[-92.7884457,44.896468],[-92.788477,44.8963791],[-92.7884972,44.8962945],[-92.7885064,44.8962117],[-92.7885069,44.8961371],[-92.7884982,44.8960812],[-92.7884809,44.8960277],[-92.7883787,44.8958175],[-92.7883495,44.8957223],[-92.7883172,44.8957062],[-92.7882889,44.8956849],[-92.7882648,44.8956593],[-92.7882303,44.8955997],[-92.7882159,44.8955359],[-92.7882238,44.8954766],[-92.788357,44.8952598],[-92.7884564,44.8950836],[-92.78851,44.8950234],[-92.7886524,44.8949011],[-92.78868,44.8948615],[-92.7886983,44.8948002],[-92.7887155,44.8947733],[-92.7887472,44.8947533],[-92.7887772,44.8947473],[-92.7888102,44.8947501],[-92.788855,44.8947709],[-92.7888911,44.8948069],[-92.7889282,44.8948732],[-92.7889589,44.8949106],[-92.7890189,44.8949653],[-92.7891059,44.8950302],[-92.7891347,44.8950587],[-92.7891477,44.8950863],[-92.7891442,44.8951148],[-92.7891238,44.8951457],[-92.789045,44.8952257],[-92.7890032,44.895278],[-92.7889671,44.8953359],[-92.7889421,44.8953972],[-92.7889322,44.8954589],[-92.788932,44.8955155],[-92.788952,44.895691],[-92.7889532,44.8957623],[-92.7889475,44.8957943],[-92.7889238,44.8958478],[-92.7888874,44.8958876],[-92.7888424,44.895914],[-92.7887382,44.8959379],[-92.7886453,44.8959651],[-92.7885848,44.8959874],[-92.7885107,44.8960219],[-92.788533,44.8960968],[-92.7885384,44.8961558],[-92.7885327,44.8962655],[-92.7885074,44.8963833],[-92.7884856,44.8964498],[-92.7884444,44.8965331],[-92.7883283,44.896688],[-92.7883306,44.8966934],[-92.7883378,44.8966942],[-92.7883668,44.8966823],[-92.788611,44.8965363],[-92.788616,44.8965112],[-92.7886252,44.8964997],[-92.7886549,44.8964803],[-92.7887221,44.8964654],[-92.7888336,44.8964707],[-92.7888855,44.8964592],[-92.7889496,44.8964242],[-92.7889799,44.8963937],[-92.7890108,44.8963486],[-92.7890514,44.8963194],[-92.7891036,44.8963091],[-92.7891681,44.8963196],[-92.7893095,44.8963649],[-92.7893954,44.8964032],[-92.7894177,44.8964218],[-92.7894326,44.896445],[-92.7894396,44.8964716],[-92.7894382,44.8965005],[-92.7894276,44.8965305],[-92.7893806,44.8966085],[-92.7892881,44.8967291],[-92.7891887,44.8968229],[-92.789138,44.8968594],[-92.7890858,44.8968855],[-92.7890352,44.8968961],[-92.7889661,44.8968964],[-92.7889254,44.896888],[-92.7888744,44.8968631],[-92.7888481,44.8968396],[-92.788821,44.8968046],[-92.788771,44.8966887],[-92.7887505,44.8966545],[-92.7887113,44.8966135],[-92.7886396,44.8965622],[-92.7884138,44.8966981],[-92.7883498,44.8967278],[-92.7882178,44.8967697],[-92.7880582,44.8968322],[-92.7879821,44.8968537],[-92.787865,44.8968788],[-92.7877675,44.8968854],[-92.7876939,44.8968835],[-92.7876195,44.8968758],[-92.7874948,44.8968472],[-92.7872975,44.8967684],[-92.7869931,44.8966242],[-92.7869101,44.8965919],[-92.7868493,44.8965746],[-92.7867465,44.8965579],[-92.7866461,44.8965488],[-92.7863585,44.8965478],[-92.7862003,44.8965616],[-92.7861933,44.896592],[-92.7862095,44.8967102],[-92.7862199,44.8969442],[-92.786235,44.8970048],[-92.7862728,44.897063],[-92.7863332,44.8970395],[-92.7863996,44.8970291],[-92.7864653,44.8970308],[-92.7865238,44.8970436],[-92.7865482,44.8970538],[-92.7866524,44.8971227],[-92.7867505,44.8971731],[-92.7867725,44.8971939],[-92.7867971,44.8972314],[-92.7868084,44.8972696],[-92.7868076,44.897293],[-92.7867935,44.8973236],[-92.7867752,44.8973391],[-92.7867333,44.8973513],[-92.786568,44.8973532],[-92.7864124,44.8973466],[-92.786335,44.8973342],[-92.7862628,44.897309],[-92.7862068,44.8972736],[-92.7861862,44.8972459],[-92.7861798,44.8971945],[-92.7861919,44.8971342],[-92.7862236,44.8970574],[-92.7861976,44.897012],[-92.7861815,44.8969472],[-92.7861709,44.8967118],[-92.7861434,44.8967276],[-92.7861192,44.8967762],[-92.7861045,44.8967858],[-92.7860816,44.8967916],[-92.7860367,44.8967934],[-92.7859475,44.8967866],[-92.7858837,44.896778],[-92.7858371,44.8967655],[-92.785797,44.8967451],[-92.7857717,44.8967145],[-92.785757,44.8966585],[-92.785749,44.8965679],[-92.784487,44.8965839],[-92.7844861,44.8967433],[-92.784475,44.8968046],[-92.7844566,44.8968501],[-92.7844307,44.8968773],[-92.7843838,44.8968989],[-92.7843137,44.8969173],[-92.784255,44.8969257],[-92.7841763,44.8969293],[-92.7841268,44.8969225],[-92.7841013,44.8969121],[-92.7840483,44.8968759],[-92.7840022,44.8968543],[-92.7839432,44.8968345],[-92.7838722,44.8968194],[-92.7836409,44.8968031],[-92.7833726,44.8967994],[-92.7833717,44.8969338],[-92.7835523,44.8969582],[-92.7839305,44.8970342],[-92.7840806,44.8970597],[-92.7842493,44.8970761],[-92.784623,44.8970992],[-92.7848479,44.8971198],[-92.7849751,44.8971385],[-92.7850188,44.8971521],[-92.785044,44.8971656],[-92.7850634,44.8971846],[-92.7850743,44.8972106],[-92.7850725,44.8972952],[-92.7850539,44.8974261],[-92.7850422,44.8974606],[-92.785017,44.897493],[-92.784981,44.897516],[-92.7849357,44.8975284],[-92.7847991,44.8975331],[-92.7846552,44.8975309],[-92.7846502,44.8976761],[-92.7846784,44.8977469],[-92.7846908,44.8978235],[-92.7863774,44.8977687],[-92.7868176,44.8977699],[-92.7868208,44.8971364],[-92.7899502,44.8971444],[-92.7899592,44.8953791],[-92.7899909,44.8925232],[-92.7852535,44.8925412],[-92.7851927,44.892581],[-92.7851476,44.8926133],[-92.7850883,44.8926588],[-92.7850408,44.8926987],[-92.7850035,44.8927333],[-92.7849567,44.8927807],[-92.7849238,44.8928162],[-92.7848935,44.8928529],[-92.7848623,44.892894],[-92.7848387,44.8929273],[-92.7848093,44.8929715],[-92.7847798,44.8930181],[-92.7846917,44.8931641],[-92.7845383,44.893421],[-92.7844746,44.8935258],[-92.7844413,44.8935787],[-92.7844016,44.8936369],[-92.7843647,44.8936883],[-92.7843292,44.8937334],[-92.7842921,44.8937771],[-92.784265,44.8938072],[-92.7842366,44.8938372],[-92.7842081,44.8938654],[-92.7841893,44.8938826],[-92.7840482,44.8940071],[-92.7839888,44.8940581],[-92.7837987,44.8942217],[-92.7837257,44.8942873],[-92.783699,44.8943133],[-92.7836724,44.894341],[-92.7836212,44.8943974],[-92.7835888,44.8944354],[-92.7835689,44.8944615],[-92.7836109,44.8944808],[-92.7836676,44.8944857],[-92.7839774,44.8944199],[-92.78425,44.8943495],[-92.7846137,44.8942483],[-92.7847307,44.894209],[-92.7848065,44.8941754],[-92.7848594,44.8941399],[-92.7849139,44.8940911],[-92.7850465,44.8939361],[-92.7851118,44.8938728],[-92.785215,44.8937828],[-92.7854355,44.8936044],[-92.7858109,44.8932615],[-92.785985,44.8931179],[-92.7859517,44.8930805],[-92.7859382,44.8930571],[-92.7859265,44.893014],[-92.7859386,44.8929632],[-92.7859595,44.8929422],[-92.785989,44.8929293],[-92.7860457,44.8929196],[-92.7860849,44.8929217],[-92.7861196,44.8929323],[-92.7861791,44.8929659],[-92.7862354,44.8929741],[-92.7862774,44.8929674],[-92.7863729,44.8929262],[-92.7864628,44.8929044],[-92.7865213,44.8929012],[-92.7865475,44.8929037],[-92.7865898,44.8929184],[-92.7866472,44.892967],[-92.7866864,44.8930127],[-92.7867192,44.8930642],[-92.7867393,44.893117],[-92.7867427,44.8932769],[-92.7867327,44.8933596],[-92.7867186,44.8934125],[-92.7867138,44.893436],[-92.7867162,44.8934553],[-92.7867245,44.8934703],[-92.7867373,44.893481],[-92.7867534,44.8934873],[-92.7867715,44.8934892],[-92.7867902,44.8934867],[-92.7868081,44.8934798],[-92.786824,44.8934683],[-92.7868366,44.8934524],[-92.7869052,44.8932974],[-92.7869412,44.8931693],[-92.7869607,44.8930009],[-92.7869607,44.8928039],[-92.7869741,44.8927417],[-92.7869914,44.8927065],[-92.7870163,44.8926809],[-92.7870735,44.8926601],[-92.7871202,44.8926581],[-92.7871663,44.8926689],[-92.7872053,44.8926953],[-92.7872986,44.8928123],[-92.7875742,44.8931094],[-92.7876581,44.89322],[-92.787713,44.8933026],[-92.7877832,44.8934283],[-92.7878156,44.8935065],[-92.7878469,44.8936252],[-92.7879011,44.8938945],[-92.7879909,44.8938768],[-92.7880589,44.8938583],[-92.7885042,44.8937273],[-92.788826,44.893623],[-92.7888901,44.8936074],[-92.7889303,44.8936029],[-92.7889687,44.8936052],[-92.7890039,44.8936146],[-92.7890356,44.8936293],[-92.7890617,44.8936488],[-92.7890798,44.8936729],[-92.7890849,44.8937136],[-92.7890762,44.8937374],[-92.7890606,44.8937577],[-92.7890039,44.8937968],[-92.788756,44.8939008],[-92.7884042,44.8940882],[-92.7883269,44.8941429],[-92.7881963,44.8942533],[-92.7881025,44.8943125],[-92.7880213,44.8943508],[-92.787728,44.8944564],[-92.7876006,44.8945072],[-92.7875403,44.8945384],[-92.7875007,44.8945648],[-92.7874539,44.8946114],[-92.7874573,44.8946165],[-92.7875297,44.8945726],[-92.7876471,44.8945274],[-92.7877234,44.8945088],[-92.7877993,44.8945033],[-92.7878704,44.8945103],[-92.7879523,44.8945359],[-92.7879944,44.8945692],[-92.7880173,44.8946115],[-92.788028,44.8946603],[-92.7880254,44.8946981],[-92.7880011,44.8947538],[-92.7879653,44.8948023],[-92.787912,44.8948533],[-92.7877022,44.895016],[-92.7875542,44.8951382],[-92.7874604,44.8952325],[-92.7874064,44.8952979],[-92.7873819,44.8953533],[-92.7873697,44.8954121],[-92.7873476,44.8956759],[-92.7873565,44.8957514],[-92.7873784,44.8958405],[-92.7874048,44.8959019],[-92.7874317,44.8959359],[-92.7874802,44.8959625],[-92.7876661,44.8960147],[-92.7877116,44.896043],[-92.7877539,44.8960793],[-92.7878368,44.8960765],[-92.7879143,44.8960845],[-92.787976,44.8960997],[-92.7880522,44.8961366],[-92.7881348,44.8961895],[-92.788155,44.8962174],[-92.7881559,44.8962488],[-92.7881446,44.8962684],[-92.7881227,44.8962845],[-92.7880928,44.8962981],[-92.787939,44.8963481],[-92.7878454,44.8963638],[-92.7877233,44.8963661],[-92.7876549,44.8963572],[-92.787602,44.8963447],[-92.7875486,44.8963255],[-92.7874999,44.8962988],[-92.7873864,44.8961899],[-92.7872497,44.8960916],[-92.7872027,44.8960631],[-92.787154,44.8960418],[-92.7870785,44.8960204],[-92.7868578,44.8959923],[-92.7868027,44.8959786],[-92.7867754,44.8959636],[-92.7867527,44.8959425],[-92.7867362,44.8959174],[-92.7867282,44.8958906],[-92.7867374,44.8958522],[-92.7867854,44.8958048],[-92.7868721,44.8957513],[-92.7869672,44.8957047],[-92.7870374,44.8956801],[-92.7871105,44.8956628],[-92.7871871,44.8956517],[-92.7873096,44.8956437],[-92.7873385,44.8953687],[-92.7873602,44.8953062],[-92.7873843,44.8952684],[-92.7874588,44.8951843],[-92.787524,44.8951211],[-92.7879107,44.8948109],[-92.7879439,44.8947739],[-92.7879747,44.8947266],[-92.7879898,44.8946777],[-92.7879746,44.8946052],[-92.7879609,44.8945831],[-92.7879417,44.8945654],[-92.7879149,44.8945517],[-92.7878798,44.894541],[-92.7877984,44.8945307],[-92.7877545,44.8945325],[-92.7877094,44.89454],[-92.7875927,44.894577],[-92.7875337,44.8946042],[-92.787493,44.8946309],[-92.7874408,44.894678],[-92.7874167,44.8947179],[-92.7874121,44.8947434],[-92.7874179,44.8948729],[-92.7874028,44.8949628],[-92.7873769,44.8950263],[-92.7873147,44.8951127],[-92.7872005,44.8952132],[-92.7870677,44.8953069],[-92.7869286,44.8953796],[-92.7867009,44.8954834],[-92.786623,44.8955091],[-92.7865752,44.8955198],[-92.786498,44.8955291],[-92.7864247,44.8955311],[-92.7863033,44.8955237],[-92.7860954,44.8954973],[-92.7859792,44.8954876],[-92.7856058,44.8954862],[-92.7856171,44.8955898],[-92.785647,44.8956669],[-92.7857233,44.8957618],[-92.7857775,44.8958099],[-92.7858359,44.8958474],[-92.7858505,44.8958683],[-92.7858543,44.8958907],[-92.7858473,44.8959122],[-92.7858294,44.8959301],[-92.7858034,44.8959425],[-92.7857538,44.8959506],[-92.7856901,44.8959478],[-92.7856103,44.8959351],[-92.7855457,44.8959195],[-92.785436,44.8958863],[-92.7853188,44.8958446],[-92.7852055,44.8957976],[-92.7851403,44.8957647],[-92.7850431,44.8956992],[-92.785004,44.8956538],[-92.7849777,44.8955858],[-92.7849644,44.8954946],[-92.7847514,44.8954946],[-92.78458,44.8955057],[-92.7845847,44.8956359],[-92.7845558,44.8958377],[-92.7845571,44.8959618],[-92.784576,44.8960281],[-92.7845929,44.8960507],[-92.7846391,44.896082],[-92.7847264,44.8961119],[-92.7848512,44.8961283],[-92.7850217,44.8961255],[-92.7852723,44.8961042],[-92.78535,44.8961145],[-92.7853933,44.8961307],[-92.7854259,44.8961515],[-92.7854766,44.8962249],[-92.7855232,44.8962664],[-92.7855988,44.8963073],[-92.7856657,44.8963301],[-92.7857398,44.8963466],[-92.7858556,44.8963601],[-92.7859649,44.8963614],[-92.7862619,44.8963502],[-92.7862998,44.8963527],[-92.7863336,44.8963608],[-92.7863599,44.8963761],[-92.7863726,44.8964005],[-92.7863781,44.8964457],[-92.7863735,44.8965146]]]}},{"type":"Feature","id":"way/1355298710","properties":{"building":"shed","osm_type":"way","osm_id":1355298710},"geometry":{"type":"Polygon","coordinates":[[[-92.7821091,44.8979455],[-92.7821537,44.897949],[-92.7821482,44.8979845],[-92.7821036,44.8979811],[-92.7821091,44.8979455]]]}},{"type":"Feature","id":"way/1355298711","properties":{"building":"shed","osm_type":"way","osm_id":1355298711},"geometry":{"type":"Polygon","coordinates":[[[-92.7825811,44.8980296],[-92.7826252,44.8980352],[-92.7826164,44.8980704],[-92.7825722,44.8980649],[-92.7825811,44.8980296]]]}},{"type":"Feature","id":"way/1355298712","properties":{"building":"shed","osm_type":"way","osm_id":1355298712},"geometry":{"type":"Polygon","coordinates":[[[-92.7826387,44.8980368],[-92.7826829,44.8980423],[-92.782674,44.8980776],[-92.7826299,44.898072],[-92.7826387,44.8980368]]]}},{"type":"Feature","id":"way/1355298717","properties":{"natural":"wood","osm_type":"way","osm_id":1355298717},"geometry":{"type":"Polygon","coordinates":[[[-92.7828364,44.8955533],[-92.7828682,44.8955444],[-92.7829548,44.8955323],[-92.7831393,44.8955308],[-92.7831739,44.8955245],[-92.7831749,44.8954155],[-92.7823509,44.8954092],[-92.7823315,44.8966783],[-92.782647,44.8966807],[-92.7826366,44.8965722],[-92.7826293,44.896506],[-92.7826193,44.8964342],[-92.7826129,44.8963967],[-92.7826054,44.8963586],[-92.7825861,44.8962724],[-92.782505,44.8959398],[-92.7824831,44.8958405],[-92.7824664,44.8957501],[-92.782459,44.8956967],[-92.7824554,44.8956515],[-92.7824552,44.8956327],[-92.7824576,44.895616],[-92.7824635,44.8956008],[-92.7824727,44.895587],[-92.7824848,44.8955747],[-92.7824993,44.895564],[-92.7825158,44.8955549],[-92.7825341,44.8955475],[-92.7825535,44.8955418],[-92.7825739,44.8955379],[-92.7825947,44.8955358],[-92.7826376,44.8955341],[-92.7826829,44.8955341],[-92.7827066,44.8955351],[-92.7827309,44.8955367],[-92.7827561,44.8955393],[-92.782782,44.8955428],[-92.7828087,44.8955474],[-92.7828364,44.8955533]]]}},{"type":"Feature","id":"way/1355298718","properties":{"landuse":"grass","osm_type":"way","osm_id":1355298718},"geometry":{"type":"Polygon","coordinates":[[[-92.7828364,44.8955533],[-92.7828067,44.895564],[-92.7827924,44.8955704],[-92.7827796,44.8955772],[-92.7827674,44.8955852],[-92.7827555,44.8955945],[-92.7827438,44.8956052],[-92.7827326,44.8956171],[-92.7827219,44.8956301],[-92.7827119,44.8956443],[-92.7827029,44.8956594],[-92.7826952,44.8956755],[-92.7826888,44.8956924],[-92.7826844,44.8957097],[-92.7826811,44.8957275],[-92.7826757,44.8957666],[-92.7826737,44.8957887],[-92.7826714,44.8958357],[-92.7826722,44.895887],[-92.7826767,44.895941],[-92.7826876,44.8960246],[-92.7827077,44.8961581],[-92.7827233,44.8962493],[-92.7827451,44.8963489],[-92.7827685,44.8964407],[-92.7827758,44.8964614],[-92.7827857,44.8964808],[-92.7827977,44.8964984],[-92.7828115,44.8965143],[-92.7828268,44.8965284],[-92.7828431,44.8965409],[-92.78286,44.8965519],[-92.7828773,44.8965613],[-92.7828945,44.8965695],[-92.7829116,44.8965765],[-92.7829293,44.8965826],[-92.7829476,44.8965875],[-92.7829662,44.8965913],[-92.7829849,44.8965942],[-92.7830041,44.8965963],[-92.7830417,44.8965986],[-92.7830994,44.8965993],[-92.7831136,44.8966003],[-92.7831272,44.8966028],[-92.7831415,44.8966073],[-92.7831408,44.8966845],[-92.782647,44.8966807],[-92.7826366,44.8965722],[-92.7826293,44.896506],[-92.7826193,44.8964342],[-92.7826129,44.8963967],[-92.7826054,44.8963586],[-92.7825861,44.8962724],[-92.782505,44.8959398],[-92.7824831,44.8958405],[-92.7824664,44.8957501],[-92.782459,44.8956967],[-92.7824554,44.8956515],[-92.7824552,44.8956327],[-92.7824576,44.895616],[-92.7824635,44.8956008],[-92.7824727,44.895587],[-92.7824848,44.8955747],[-92.7824993,44.895564],[-92.7825158,44.8955549],[-92.7825341,44.8955475],[-92.7825535,44.8955418],[-92.7825739,44.8955379],[-92.7825947,44.8955358],[-92.7826376,44.8955341],[-92.7826829,44.8955341],[-92.7827066,44.8955351],[-92.7827309,44.8955367],[-92.7827561,44.8955393],[-92.782782,44.8955428],[-92.7828087,44.8955474],[-92.7828364,44.8955533]]]}},{"type":"Feature","id":"way/1355298719","properties":{"landuse":"grass","osm_type":"way","osm_id":1355298719},"geometry":{"type":"Polygon","coordinates":[[[-92.783163,44.8970466],[-92.7831843,44.8970519],[-92.783184,44.8970928],[-92.7831628,44.8970928],[-92.783163,44.8970466]]]}},{"type":"Feature","id":"way/1355298720","properties":{"landuse":"grass","osm_type":"way","osm_id":1355298720},"geometry":{"type":"Polygon","coordinates":[[[-92.7831631,44.8970052],[-92.7831846,44.8969998],[-92.7831868,44.8966848],[-92.7831869,44.8966557],[-92.7831859,44.8966474],[-92.7831827,44.8966392],[-92.7831774,44.8966314],[-92.7831703,44.8966241],[-92.7831643,44.8966195],[-92.7831631,44.8970052]]]}},{"type":"Feature","id":"way/1355298721","properties":{"landuse":"grass","osm_type":"way","osm_id":1355298721},"geometry":{"type":"Polygon","coordinates":[[[-92.7832185,44.895635],[-92.7832172,44.8956253],[-92.783213,44.8956164],[-92.7832065,44.8956084],[-92.7831982,44.8956016],[-92.78319,44.8959694],[-92.7831685,44.8964729],[-92.7831991,44.896473],[-92.7832002,44.8964446],[-92.7831995,44.8964419],[-92.7831938,44.8964306],[-92.7831931,44.8964274],[-92.7832069,44.8960565],[-92.7832136,44.8958475],[-92.7832185,44.895635]]]}},{"type":"Feature","id":"way/1355298722","properties":{"landuse":"grass","osm_type":"way","osm_id":1355298722},"geometry":{"type":"Polygon","coordinates":[[[-92.7831665,44.8965388],[-92.7831702,44.8965373],[-92.7831795,44.8965321],[-92.783187,44.8965264],[-92.7831926,44.8965201],[-92.7831962,44.8965135],[-92.7831976,44.8965066],[-92.7831984,44.8964894],[-92.7831679,44.8964893],[-92.7831665,44.8965388]]]}},{"type":"Feature","id":"way/1355298723","properties":{"landuse":"grass","osm_type":"way","osm_id":1355298723},"geometry":{"type":"Polygon","coordinates":[[[-92.7831431,44.896546],[-92.7831323,44.896548],[-92.7831167,44.8965496],[-92.7830999,44.89655],[-92.7830453,44.8965493],[-92.7830124,44.8965474],[-92.7829833,44.8965435],[-92.7829697,44.8965407],[-92.7829568,44.8965373],[-92.7829443,44.8965329],[-92.7829179,44.8965213],[-92.7829048,44.8965141],[-92.7828921,44.8965059],[-92.7828801,44.8964967],[-92.7828689,44.8964863],[-92.7828588,44.8964747],[-92.7828499,44.8964617],[-92.7828425,44.8964471],[-92.7828366,44.8964303],[-92.7828137,44.8963408],[-92.7827922,44.8962426],[-92.7827768,44.8961525],[-92.7827568,44.8960197],[-92.7827461,44.8959373],[-92.7827418,44.8958853],[-92.782741,44.8958363],[-92.7827432,44.8957911],[-92.7827451,44.8957706],[-92.7827502,44.8957331],[-92.7827531,44.8957173],[-92.7827568,44.8957032],[-92.7827618,44.8956898],[-92.782768,44.895677],[-92.7827752,44.8956648],[-92.7827832,44.8956535],[-92.7827916,44.8956432],[-92.7828089,44.8956262],[-92.7828242,44.8956151],[-92.7828412,44.8956069],[-92.782865,44.8955982],[-92.7828909,44.895591],[-92.7829166,44.8955856],[-92.782927,44.8955841],[-92.7829601,44.8955814],[-92.7830125,44.89558],[-92.7831281,44.8955805],[-92.7831398,44.8955812],[-92.783152,44.895583],[-92.7831644,44.895586],[-92.7831748,44.8955896],[-92.7831751,44.8956072],[-92.7831668,44.895969],[-92.7831449,44.8964809],[-92.7831431,44.896546]]]}},{"type":"Feature","id":"way/1355298724","properties":{"intermittent":"yes","waterway":"stream","osm_type":"way","osm_id":1355298724},"geometry":{"type":"LineString","coordinates":[[-92.7828361,44.8968549],[-92.7828343,44.8968566],[-92.782805,44.8968664]]}},{"type":"Feature","id":"way/1355298725","properties":{"intermittent":"yes","layer":"-1","tunnel":"culvert","waterway":"stream","osm_type":"way","osm_id":1355298725},"geometry":{"type":"LineString","coordinates":[[-92.7829149,44.8967663],[-92.7828361,44.8968549]]}},{"type":"Feature","id":"way/1355298726","properties":{"intermittent":"yes","waterway":"stream","osm_type":"way","osm_id":1355298726},"geometry":{"type":"LineString","coordinates":[[-92.782942,44.8966972],[-92.7829401,44.8967054],[-92.7829149,44.8967663]]}},{"type":"Feature","id":"way/1355298727","properties":{"intermittent":"yes","layer":"-1","tunnel":"culvert","waterway":"stream","osm_type":"way","osm_id":1355298727},"geometry":{"type":"LineString","coordinates":[[-92.7829937,44.8964374],[-92.782942,44.8966972]]}},{"type":"Feature","id":"way/1355298728","properties":{"intermittent":"yes","natural":"water","water":"pond","osm_type":"way","osm_id":1355298728},"geometry":{"type":"Polygon","coordinates":[[[-92.7830372,44.8962192],[-92.7830231,44.896029],[-92.7830269,44.8960032],[-92.7830542,44.8959221],[-92.7830574,44.8958037],[-92.7830505,44.8957842],[-92.7830326,44.8957768],[-92.783008,44.8957864],[-92.7829727,44.8958247],[-92.7829454,44.8958676],[-92.7829354,44.8959036],[-92.7829389,44.8960577],[-92.7829362,44.8961282],[-92.7829499,44.8964009],[-92.7829612,44.8964227],[-92.782972,44.8964304],[-92.7829937,44.8964374],[-92.7830195,44.8964385],[-92.7830357,44.8964352],[-92.7830486,44.8964279],[-92.7830558,44.8964162],[-92.7830542,44.8963721],[-92.7830372,44.8962192]]]}},{"type":"Feature","id":"way/1355298729","properties":{"landuse":"grass","osm_type":"way","osm_id":1355298729},"geometry":{"type":"Polygon","coordinates":[[[-92.783141,44.8988755],[-92.7831606,44.8988756],[-92.7831616,44.8987834],[-92.7831591,44.8987688],[-92.7831522,44.8987567],[-92.7831416,44.8987469],[-92.7831402,44.8987461],[-92.7831395,44.8987529],[-92.7831391,44.8987775],[-92.7831414,44.8988301],[-92.783141,44.8988755]]]}},{"type":"Feature","id":"way/1355298730","properties":{"landuse":"grass","osm_type":"way","osm_id":1355298730},"geometry":{"type":"Polygon","coordinates":[[[-92.7831544,44.8986524],[-92.7831553,44.8985942],[-92.7831777,44.8985943],[-92.7831777,44.8986162],[-92.7831769,44.8986235],[-92.7831744,44.8986306],[-92.7831702,44.8986376],[-92.7831647,44.8986442],[-92.7831544,44.8986524]]]}},{"type":"Feature","id":"way/1355298733","properties":{"natural":"wood","osm_type":"way","osm_id":1355298733},"geometry":{"type":"Polygon","coordinates":[[[-92.7818905,44.8979924],[-92.7819318,44.8979911],[-92.7823634,44.897989],[-92.7824067,44.8979911],[-92.7824399,44.8980008],[-92.7824534,44.898017],[-92.7824565,44.8980372],[-92.7824537,44.8981437],[-92.7824449,44.8982507],[-92.7824283,44.8983088],[-92.782427,44.898312],[-92.7824186,44.8983266],[-92.7824078,44.898341],[-92.7823941,44.8983548],[-92.7823771,44.8983679],[-92.7823565,44.8983801],[-92.7823317,44.8983912],[-92.7823023,44.8984011],[-92.7822702,44.8984082],[-92.7822379,44.8984114],[-92.7822058,44.898411],[-92.7821747,44.8984071],[-92.7821449,44.8983999],[-92.7821171,44.8983895],[-92.7820919,44.8983762],[-92.7820697,44.8983601],[-92.7820511,44.8983414],[-92.7820368,44.8983203],[-92.7819284,44.8981211],[-92.7818868,44.8980422],[-92.7818812,44.8980306],[-92.7818769,44.8980179],[-92.7818753,44.8980075],[-92.7818756,44.8980032],[-92.7818766,44.8979996],[-92.7818785,44.8979967],[-92.7818812,44.8979945],[-92.7818847,44.8979931],[-92.7818905,44.8979924]]]}},{"type":"Feature","id":"way/1355298736","properties":{"man_made":"dyke","osm_type":"way","osm_id":1355298736},"geometry":{"type":"LineString","coordinates":[[-92.7818826,44.9007186],[-92.7820102,44.900089]]}},{"type":"Feature","id":"way/1355298737","properties":{"man_made":"dyke","osm_type":"way","osm_id":1355298737},"geometry":{"type":"LineString","coordinates":[[-92.7816841,44.9016984],[-92.7818692,44.9007849]]}},{"type":"Feature","id":"way/1355298738","properties":{"bicycle":"designated","embankment":"dyke","foot":"designated","highway":"cycleway","motor_vehicle":"no","name":"Afton-Lakeland Bike Trail","oneway":"no","segregated":"no","surface":"asphalt","osm_type":"way","osm_id":1355298738},"geometry":{"type":"LineString","coordinates":[[-92.7821423,44.8993447],[-92.7821314,44.8993938],[-92.7820474,44.8998695],[-92.7820102,44.900089]]}},{"type":"Feature","id":"way/1355298739","properties":{"bicycle":"designated","foot":"designated","highway":"cycleway","motor_vehicle":"no","name":"Afton-Lakeland Bike Trail","oneway":"no","segregated":"no","surface":"asphalt","osm_type":"way","osm_id":1355298739},"geometry":{"type":"LineString","coordinates":[[-92.7820102,44.900089],[-92.782009,44.9001013],[-92.782008,44.9001276],[-92.7820102,44.9001729],[-92.782038,44.9004116],[-92.7820585,44.9006361],[-92.7820588,44.9007087],[-92.7820549,44.9007365],[-92.7820465,44.9007612],[-92.7820013,44.9008731],[-92.7819526,44.9009863],[-92.7817978,44.9013356],[-92.7817776,44.9013843],[-92.7817697,44.9014143],[-92.7817679,44.9014424],[-92.7817699,44.9014632],[-92.7817868,44.9015314],[-92.7818222,44.9016544],[-92.7818341,44.9017178],[-92.7818419,44.9017729],[-92.7818462,44.9018171],[-92.7818481,44.9018744],[-92.7818446,44.9025738],[-92.7818396,44.9026554],[-92.781827,44.9027476],[-92.7818235,44.9028778]]}},{"type":"Feature","id":"way/1355298740","properties":{"bicycle":"designated","foot":"designated","highway":"cycleway","motor_vehicle":"no","oneway":"no","segregated":"no","surface":"asphalt","osm_type":"way","osm_id":1355298740},"geometry":{"type":"LineString","coordinates":[[-92.7821514,44.898753],[-92.782161,44.8987708],[-92.7821697,44.8987905],[-92.7821773,44.8988116],[-92.782184,44.8988335],[-92.7821896,44.8988556],[-92.7821976,44.8988985],[-92.7821999,44.8989181],[-92.7822011,44.8989359],[-92.7822011,44.8989511],[-92.7821956,44.8990239],[-92.7821859,44.8991077],[-92.7821803,44.8991425],[-92.7821626,44.8992398],[-92.7821423,44.8993447]]}},{"type":"Feature","id":"way/1355298741","properties":{"bicycle":"designated","foot":"designated","highway":"cycleway","motor_vehicle":"no","oneway":"no","segregated":"no","surface":"asphalt","osm_type":"way","osm_id":1355298741},"geometry":{"type":"LineString","coordinates":[[-92.7822789,44.8986447],[-92.7823055,44.8986675],[-92.7823271,44.8986828],[-92.782338,44.8986934]]}},{"type":"Feature","id":"way/1355298742","properties":{"leisure":"park","name":"Carver Park","osm_type":"way","osm_id":1355298742},"geometry":{"type":"Polygon","coordinates":[[[-92.7831868,44.8966848],[-92.7831408,44.8966845],[-92.782647,44.8966807],[-92.7823315,44.8966783],[-92.7823509,44.8954092],[-92.7831749,44.8954155],[-92.783198,44.8954157],[-92.7832229,44.8954159],[-92.7832213,44.8954969],[-92.7832185,44.895635],[-92.7832136,44.8958475],[-92.7832069,44.8960565],[-92.7831931,44.8964274],[-92.7831938,44.8964306],[-92.7831995,44.8964419],[-92.7832002,44.8964446],[-92.7831991,44.896473],[-92.7831988,44.8964802],[-92.7831984,44.8964894],[-92.7831976,44.8965066],[-92.7831892,44.8966115],[-92.7831869,44.8966557],[-92.7831868,44.8966848]]]}},{"type":"Feature","id":"way/1355298744","properties":{"landuse":"residential","osm_type":"way","osm_id":1355298744},"geometry":{"type":"Polygon","coordinates":[[[-92.7831777,44.8985943],[-92.7831553,44.8985942],[-92.7831321,44.8985942],[-92.7824271,44.8985926],[-92.7824283,44.8983088],[-92.7824297,44.8980074],[-92.7818983,44.8980062],[-92.7818905,44.8979924],[-92.7818792,44.8979723],[-92.7818552,44.8979232],[-92.7818466,44.8979028],[-92.7818398,44.8978838],[-92.7818351,44.8978671],[-92.7818324,44.8978528],[-92.7818314,44.8978396],[-92.781833,44.8978015],[-92.7818396,44.8977496],[-92.7818515,44.8976886],[-92.7818594,44.8976556],[-92.7818791,44.8975859],[-92.7818909,44.89755],[-92.7819036,44.8975149],[-92.7819173,44.8974816],[-92.7819323,44.89745],[-92.7819489,44.8974202],[-92.7819672,44.8973919],[-92.7819878,44.897365],[-92.7820108,44.8973392],[-92.7820369,44.8973144],[-92.7820666,44.8972902],[-92.7821013,44.897266],[-92.7821396,44.8972425],[-92.782178,44.8972213],[-92.7822159,44.8972025],[-92.7822535,44.8971859],[-92.7822909,44.897171],[-92.7823284,44.8971578],[-92.7823661,44.8971458],[-92.7824043,44.8971348],[-92.7824432,44.8971247],[-92.7824798,44.8971159],[-92.7825142,44.8971092],[-92.7825524,44.8971038],[-92.7825971,44.8970995],[-92.782648,44.8970963],[-92.7827046,44.8970941],[-92.7827661,44.8970928],[-92.7829057,44.8970921],[-92.7831396,44.8970927],[-92.7831628,44.8970928],[-92.783184,44.8970928],[-92.7831806,44.8976063],[-92.7831784,44.8983318],[-92.7831777,44.8985943]]]}},{"type":"Feature","id":"way/1355298745","properties":{"man_made":"dyke","osm_type":"way","osm_id":1355298745},"geometry":{"type":"LineString","coordinates":[[-92.7821423,44.8993447],[-92.7821626,44.8992398],[-92.7821803,44.8991425],[-92.7821859,44.8991077],[-92.7821956,44.8990239],[-92.7822011,44.8989511],[-92.7822011,44.8989359],[-92.7821999,44.8989181],[-92.7821976,44.8988985],[-92.7821896,44.8988556],[-92.782184,44.8988335],[-92.7821773,44.8988116],[-92.7821697,44.8987905],[-92.782161,44.8987708],[-92.7821514,44.898753],[-92.7819979,44.898497],[-92.7817686,44.8981028],[-92.7817196,44.8980139],[-92.7816933,44.8979601],[-92.7816826,44.8979348],[-92.7816739,44.8979104],[-92.7816673,44.8978869],[-92.781663,44.8978642],[-92.7816613,44.8978425],[-92.7816616,44.8978196],[-92.7816632,44.8977941],[-92.7816662,44.8977661],[-92.7816706,44.8977359],[-92.7816764,44.8977036],[-92.7816835,44.8976697],[-92.781692,44.8976342],[-92.7817018,44.8975975],[-92.7817131,44.8975598],[-92.7817256,44.8975214],[-92.7817396,44.897483],[-92.781755,44.8974455],[-92.7817725,44.8974088],[-92.7817923,44.897373],[-92.781815,44.897338],[-92.7818409,44.897304],[-92.7818706,44.8972709],[-92.7819043,44.8972388],[-92.7819426,44.8972076],[-92.7819858,44.8971775],[-92.7820315,44.8971494],[-92.7820769,44.8971243],[-92.782122,44.897102],[-92.7821668,44.8970822],[-92.7822113,44.8970645],[-92.7822555,44.8970489],[-92.7822995,44.8970349],[-92.7823431,44.8970224],[-92.7823866,44.8970111],[-92.7824297,44.8970008],[-92.7824749,44.8969919],[-92.7825244,44.8969849],[-92.782578,44.8969798],[-92.7826357,44.8969761],[-92.7826974,44.8969737],[-92.7827631,44.8969723],[-92.7829056,44.8969717],[-92.7830627,44.8969723]]}},{"type":"Feature","id":"way/1355299519","properties":{"highway":"residential","name":"Upper 34th Street South","osm_type":"way","osm_id":1355299519},"geometry":{"type":"LineString","coordinates":[[-92.7845091,44.8986917],[-92.7833448,44.8986968],[-92.7832432,44.898697],[-92.7831364,44.8986974],[-92.7830199,44.8986939],[-92.7826561,44.8986944]]}},{"type":"Feature","id":"way/1355588423","properties":{"landuse":"grass","osm_type":"way","osm_id":1355588423},"geometry":{"type":"Polygon","coordinates":[[[-92.7818159,44.9017263],[-92.7818054,44.9017328],[-92.7816606,44.9017257],[-92.7816531,44.9017249],[-92.7816453,44.901723],[-92.7816289,44.9017168],[-92.7816039,44.9017033],[-92.7815808,44.9016879],[-92.781768,44.9007523],[-92.7819482,44.9007732],[-92.7819869,44.9007767],[-92.7820061,44.9007776],[-92.7820105,44.9007789],[-92.7820137,44.900781],[-92.7820156,44.9007835],[-92.7820161,44.9007862],[-92.7819828,44.9008692],[-92.7819341,44.9009823],[-92.7817793,44.9013316],[-92.7817589,44.9013808],[-92.7817541,44.9013957],[-92.7817505,44.9014128],[-92.7817486,44.9014321],[-92.7817486,44.9014429],[-92.7817507,44.9014646],[-92.7817534,44.9014783],[-92.7817678,44.901534],[-92.7818031,44.9016567],[-92.7818159,44.9017263]]]}},{"type":"Feature","id":"way/1355588424","properties":{"landuse":"grass","osm_type":"way","osm_id":1355588424},"geometry":{"type":"Polygon","coordinates":[[[-92.782111,44.9007456],[-92.7820944,44.9007452],[-92.7820867,44.9007444],[-92.782081,44.9007423],[-92.7820774,44.9007392],[-92.7820756,44.9007351],[-92.7820781,44.9007094],[-92.782079,44.9006854],[-92.7820789,44.9006601],[-92.7820778,44.9006355],[-92.7820639,44.9004772],[-92.7820573,44.9004106],[-92.7820446,44.9002941],[-92.7820295,44.9001721],[-92.7820273,44.9001275],[-92.7820294,44.9000906],[-92.7820807,44.8997909],[-92.7823037,44.8997916],[-92.7822205,44.9002033],[-92.782111,44.9007456]]]}},{"type":"Feature","id":"way/1355588425","properties":{"landuse":"grass","osm_type":"way","osm_id":1355588425},"geometry":{"type":"Polygon","coordinates":[[[-92.7817734,44.9007252],[-92.7819604,44.8997905],[-92.7820418,44.8997908],[-92.7820282,44.8998678],[-92.781991,44.9000874],[-92.7819897,44.9001006],[-92.7819887,44.9001277],[-92.7819909,44.9001737],[-92.782006,44.9002963],[-92.7820187,44.9004126],[-92.7820253,44.900479],[-92.7820392,44.9006367],[-92.7820404,44.900685],[-92.7820395,44.900708],[-92.7820373,44.9007271],[-92.7820349,44.9007366],[-92.7820311,44.9007416],[-92.7820252,44.9007456],[-92.7820215,44.9007472],[-92.782013,44.9007493],[-92.7820083,44.9007498],[-92.7819903,44.9007495],[-92.7819538,44.9007462],[-92.7817734,44.9007252]]]}},{"type":"Feature","id":"way/1355588426","properties":{"landuse":"grass","osm_type":"way","osm_id":1355588426},"geometry":{"type":"Polygon","coordinates":[[[-92.7821055,44.9007729],[-92.7820946,44.9007726],[-92.7820897,44.9007728],[-92.7820797,44.9007746],[-92.78207,44.9007781],[-92.7820617,44.9007833],[-92.7820582,44.9007864],[-92.7820535,44.9007938],[-92.7820198,44.900877],[-92.7819711,44.9009903],[-92.7818163,44.9013396],[-92.7817963,44.9013878],[-92.7817921,44.9014007],[-92.7817889,44.9014158],[-92.7817872,44.9014331],[-92.7817872,44.9014419],[-92.7817891,44.9014618],[-92.7817916,44.9014739],[-92.7818058,44.9015288],[-92.7818413,44.9016521],[-92.7818549,44.9017274],[-92.7818654,44.9017357],[-92.7819106,44.9017378],[-92.7821055,44.9007729]]]}},{"type":"Feature","id":"way/1355588427","properties":{"landuse":"retail","osm_type":"way","osm_id":1355588427},"geometry":{"type":"Polygon","coordinates":[[[-92.783172,44.9006235],[-92.7831701,44.9008862],[-92.7831694,44.9008912],[-92.7831668,44.9008966],[-92.7831525,44.9009156],[-92.7831507,44.9009211],[-92.7831477,44.9017071],[-92.7831471,44.9017154],[-92.7831451,44.9017231],[-92.783142,44.9017301],[-92.7831378,44.9017365],[-92.7831328,44.9017422],[-92.7831271,44.9017471],[-92.7831208,44.9017512],[-92.7831141,44.9017545],[-92.7831071,44.9017569],[-92.7830926,44.9017595],[-92.7830475,44.9017654],[-92.783027,44.9017675],[-92.7830119,44.9017684],[-92.7829467,44.9017684],[-92.7827366,44.9017659],[-92.7825687,44.9017631],[-92.7824485,44.9017595],[-92.7822348,44.9017518],[-92.7820314,44.9017437],[-92.7819106,44.9017378],[-92.7821055,44.9007729],[-92.782111,44.9007456],[-92.7822205,44.9002033],[-92.7831538,44.900205],[-92.7831528,44.9005858],[-92.7831547,44.9005941],[-92.7831708,44.9006163],[-92.783172,44.9006235]]]}},{"type":"Feature","id":"way/1355588428","properties":{"leisure":"park","osm_type":"way","osm_id":1355588428},"geometry":{"type":"Polygon","coordinates":[[[-92.7816606,44.9017257],[-92.7816531,44.9017249],[-92.7816453,44.901723],[-92.7816289,44.9017168],[-92.7816039,44.9017033],[-92.7815808,44.9016879],[-92.781768,44.9007523],[-92.7817734,44.9007252],[-92.7819604,44.8997905],[-92.7820418,44.8997908],[-92.7820807,44.8997909],[-92.7823037,44.8997916],[-92.7822205,44.9002033],[-92.782111,44.9007456],[-92.7821055,44.9007729],[-92.7819106,44.9017378],[-92.7818654,44.9017357],[-92.7818169,44.9017334],[-92.7818054,44.9017328],[-92.7816606,44.9017257]]]}},{"type":"Feature","id":"way/1355588429","properties":{"landuse":"residential","osm_type":"way","osm_id":1355588429},"geometry":{"type":"Polygon","coordinates":[[[-92.7831538,44.900205],[-92.7822205,44.9002033],[-92.7823037,44.8997916],[-92.7825141,44.8997922],[-92.7825171,44.8993073],[-92.7831576,44.8993092],[-92.7831563,44.8996871],[-92.7831538,44.900205]]]}},{"type":"Feature","id":"way/1355588430","properties":{"landuse":"retail","osm_type":"way","osm_id":1355588430},"geometry":{"type":"Polygon","coordinates":[[[-92.7831576,44.8993092],[-92.7825171,44.8993073],[-92.7825197,44.8988736],[-92.7831178,44.8988754],[-92.783141,44.8988755],[-92.7831606,44.8988756],[-92.7831588,44.8990976],[-92.7831593,44.899107],[-92.7831608,44.8991123],[-92.7831754,44.8991289],[-92.7831772,44.8991341],[-92.7831778,44.8991429],[-92.7831773,44.8992134],[-92.783176,44.8992201],[-92.7831734,44.8992254],[-92.783161,44.8992432],[-92.7831582,44.8992508],[-92.7831576,44.8993092]]]}},{"type":"Feature","id":"way/1355588431","properties":{"floating":"yes","man_made":"pier","surface":"wood","osm_type":"way","osm_id":1355588431},"geometry":{"type":"LineString","coordinates":[[-92.7793889,44.9013092],[-92.7794391,44.9013367]]}},{"type":"Feature","id":"way/1355588432","properties":{"highway":"service","service":"driveway","osm_type":"way","osm_id":1355588432},"geometry":{"type":"LineString","coordinates":[[-92.7816957,44.9006875],[-92.7816645,44.9006861],[-92.7815501,44.9006832],[-92.7813389,44.9006822],[-92.7800271,44.9006805],[-92.7791266,44.900681]]}},{"type":"Feature","id":"way/1355588433","properties":{"highway":"service","service":"driveway","osm_type":"way","osm_id":1355588433},"geometry":{"type":"LineString","coordinates":[[-92.7813904,44.9017511],[-92.7813949,44.901721],[-92.7814185,44.9015559],[-92.781422,44.9015437],[-92.7814363,44.9015203],[-92.7814645,44.901488],[-92.7814947,44.9014514],[-92.7815178,44.9014124],[-92.7815567,44.9013187],[-92.78158,44.9012487],[-92.7815914,44.9012073],[-92.7816489,44.9009515],[-92.7816668,44.9008656],[-92.7816894,44.9007293],[-92.7816957,44.9006875],[-92.7817927,44.9000569],[-92.7817946,44.9000327],[-92.7817933,44.900011],[-92.7817892,44.8999915],[-92.7817827,44.8999741],[-92.7817643,44.8999447],[-92.7817415,44.8999214],[-92.7817176,44.899903],[-92.7816904,44.8998866],[-92.7816543,44.8998715],[-92.7816073,44.8998589],[-92.7815792,44.8998539],[-92.7815125,44.8998473],[-92.7814735,44.899846],[-92.7805844,44.8998374],[-92.7800627,44.8998308],[-92.7798913,44.8998337],[-92.7797373,44.8998387],[-92.77948,44.8998502],[-92.7793103,44.8998602]]}},{"type":"Feature","id":"way/1355588434","properties":{"highway":"service","leisure":"slipway","service":"slipway","osm_type":"way","osm_id":1355588434},"geometry":{"type":"LineString","coordinates":[[-92.7792196,44.901568],[-92.7794599,44.9016224],[-92.7796207,44.9016611]]}},{"type":"Feature","id":"way/1355588435","properties":{"building":"shed","osm_type":"way","osm_id":1355588435},"geometry":{"type":"Polygon","coordinates":[[[-92.7826801,44.9002806],[-92.7826789,44.9002433],[-92.7826226,44.9002442],[-92.7826238,44.9002815],[-92.7826801,44.9002806]]]}},{"type":"Feature","id":"way/1355588436","properties":{"building":"yes","osm_type":"way","osm_id":1355588436},"geometry":{"type":"Polygon","coordinates":[[[-92.7829775,44.9004004],[-92.7829775,44.9004369],[-92.7830601,44.9004369],[-92.78306,44.9004003],[-92.7829775,44.9004004]]]}},{"type":"Feature","id":"way/1355588437","properties":{"building":"yes","osm_type":"way","osm_id":1355588437},"geometry":{"type":"Polygon","coordinates":[[[-92.7828957,44.9005016],[-92.78306,44.9005027],[-92.7830608,44.9004393],[-92.7828965,44.9004382],[-92.7828957,44.9005016]]]}},{"type":"Feature","id":"way/1355588438","properties":{"building":"yes","osm_type":"way","osm_id":1355588438},"geometry":{"type":"Polygon","coordinates":[[[-92.7826533,44.9013511],[-92.7826567,44.9013006],[-92.7825598,44.9012973],[-92.7825564,44.9013478],[-92.7826533,44.9013511]]]}},{"type":"Feature","id":"way/1385679850","properties":{"natural":"wood","osm_type":"way","osm_id":1385679850},"geometry":{"type":"Polygon","coordinates":[[[-92.7828323,44.9056831],[-92.7816619,44.9056165],[-92.7816893,44.9056026],[-92.7817458,44.9055784],[-92.7817719,44.9055653],[-92.7817948,44.9055494],[-92.7818129,44.9055294],[-92.7818249,44.9055037],[-92.7818354,44.9054763],[-92.7818496,44.9054523],[-92.7818668,44.9054317],[-92.7818864,44.9054147],[-92.7819077,44.9054013],[-92.7819301,44.9053914],[-92.7819528,44.9053853],[-92.7819752,44.9053829],[-92.7819968,44.9053844],[-92.7820167,44.9053897],[-92.7820373,44.9053961],[-92.7820609,44.905401],[-92.7820875,44.9054045],[-92.7821168,44.9054067],[-92.7821484,44.9054079],[-92.7821821,44.9054081],[-92.7822552,44.9054065],[-92.7823745,44.9054016],[-92.782415,44.9054013],[-92.782455,44.905402],[-92.7824939,44.9054035],[-92.7825665,44.905408],[-92.7826285,44.9054137],[-92.7826758,44.9054191],[-92.782695,44.9054207],[-92.7827137,44.9054206],[-92.7827319,44.9054191],[-92.7827492,44.9054163],[-92.7827655,44.9054125],[-92.7827806,44.9054078],[-92.7827944,44.9054025],[-92.7828066,44.9053966],[-92.782817,44.9053906],[-92.7828255,44.9053844],[-92.7828437,44.9053943],[-92.7828906,44.9054254],[-92.7829033,44.9054458],[-92.7828839,44.9055251],[-92.7828323,44.9056831]]]}},{"type":"Feature","id":"way/1385679851","properties":{"landuse":"grass","osm_type":"way","osm_id":1385679851},"geometry":{"type":"Polygon","coordinates":[[[-92.7828991,44.9056913],[-92.7829142,44.9056457],[-92.7829302,44.9055918],[-92.7829528,44.9055095],[-92.7829693,44.9054446],[-92.7829821,44.9053938],[-92.7830006,44.9053135],[-92.783012,44.9052615],[-92.7830004,44.9052612],[-92.7829841,44.9053363],[-92.7829442,44.905448],[-92.7829218,44.9055305],[-92.7829006,44.9056012],[-92.7828697,44.9056899],[-92.7828132,44.9058429],[-92.7827933,44.9058946],[-92.7827352,44.9060358],[-92.7826882,44.9061387],[-92.7827237,44.9061287],[-92.7827798,44.9059968],[-92.7828301,44.9058733],[-92.7828731,44.9057633],[-92.7828991,44.9056913]]]}},{"type":"Feature","id":"way/1385679852","properties":{"natural":"grassland","osm_type":"way","osm_id":1385679852},"geometry":{"type":"Polygon","coordinates":[[[-92.7818323,44.9049063],[-92.7818787,44.9049262],[-92.7819195,44.904936],[-92.7820271,44.9049378],[-92.7820261,44.9051261],[-92.7819873,44.9051284],[-92.7819546,44.9051356],[-92.7819429,44.9051427],[-92.781937,44.9051576],[-92.7819401,44.9051735],[-92.7819543,44.9051907],[-92.7820173,44.9052268],[-92.7820951,44.9052481],[-92.7822086,44.9052564],[-92.7825,44.9052432],[-92.7826432,44.9052439],[-92.7826837,44.9052378],[-92.7827087,44.9052263],[-92.7826994,44.9052371],[-92.7826917,44.9052489],[-92.7826832,44.9052667],[-92.7826786,44.905282],[-92.7826342,44.9052711],[-92.7824938,44.9052595],[-92.7824316,44.9052636],[-92.7822495,44.9052892],[-92.782151,44.9052918],[-92.7820568,44.905279],[-92.7819846,44.9052524],[-92.781932,44.9052249],[-92.7818935,44.9051974],[-92.781856,44.905152],[-92.7818352,44.9051101],[-92.7818201,44.9050321],[-92.7818145,44.9049163],[-92.7818323,44.9049063]]]}},{"type":"Feature","id":"way/1385679853","properties":{"natural":"grassland","osm_type":"way","osm_id":1385679853},"geometry":{"type":"Polygon","coordinates":[[[-92.7815259,44.9053944],[-92.7815465,44.905391],[-92.7815851,44.9053685],[-92.7816177,44.9053284],[-92.7816413,44.9052746],[-92.7816529,44.9052111],[-92.7816458,44.9051026],[-92.7816226,44.9049843],[-92.7815925,44.9048788],[-92.7815616,44.9048091],[-92.7815289,44.9047848],[-92.7814853,44.9047742],[-92.7814343,44.904774],[-92.7812958,44.9047941],[-92.7812419,44.9047936],[-92.7811928,44.9047846],[-92.7811514,44.9047666],[-92.7811208,44.904739],[-92.7811115,44.9047214],[-92.7811086,44.9046808],[-92.7811265,44.9046395],[-92.7811431,44.904621],[-92.7811913,44.9045933],[-92.7812227,44.9045859],[-92.7813288,44.9045829],[-92.7813854,44.9045748],[-92.7814511,44.904554],[-92.7815556,44.9045031],[-92.78163,44.9044832],[-92.7816941,44.9044796],[-92.7817721,44.9044882],[-92.7817717,44.904754],[-92.7817726,44.9048057],[-92.781783,44.9048547],[-92.7817737,44.9048668],[-92.7817849,44.905065],[-92.7817923,44.9051012],[-92.7818096,44.9051434],[-92.7818525,44.9052041],[-92.7818904,44.9052353],[-92.7819632,44.9052753],[-92.7820439,44.9053048],[-92.7820142,44.9053511],[-92.7820517,44.9053632],[-92.782084,44.905313],[-92.782149,44.9053192],[-92.7822142,44.9053192],[-92.782457,44.9052884],[-92.7825651,44.905291],[-92.782626,44.9052979],[-92.7826629,44.905307],[-92.7827162,44.9053287],[-92.7828255,44.9053844],[-92.782817,44.9053906],[-92.7828066,44.9053966],[-92.7827944,44.9054025],[-92.7827806,44.9054078],[-92.7827655,44.9054125],[-92.7827492,44.9054163],[-92.7827319,44.9054191],[-92.7827137,44.9054206],[-92.782695,44.9054207],[-92.7826758,44.9054191],[-92.7826285,44.9054137],[-92.7825665,44.905408],[-92.7824939,44.9054035],[-92.782455,44.905402],[-92.782415,44.9054013],[-92.7823745,44.9054016],[-92.7822552,44.9054065],[-92.7821821,44.9054081],[-92.7821484,44.9054079],[-92.7821168,44.9054067],[-92.7820875,44.9054045],[-92.7820609,44.905401],[-92.7820373,44.9053961],[-92.7820167,44.9053897],[-92.7819968,44.9053844],[-92.7819752,44.9053829],[-92.7819528,44.9053853],[-92.7819301,44.9053914],[-92.7819077,44.9054013],[-92.7818864,44.9054147],[-92.7818668,44.9054317],[-92.7818496,44.9054523],[-92.7818354,44.9054763],[-92.7818249,44.9055037],[-92.7818129,44.9055294],[-92.7817948,44.9055494],[-92.7817719,44.9055653],[-92.7817458,44.9055784],[-92.7816893,44.9056026],[-92.7816619,44.9056165],[-92.7816368,44.9056338],[-92.7816156,44.9056558],[-92.7815996,44.9056841],[-92.7815524,44.9058014],[-92.7815348,44.9058469],[-92.7815175,44.9058938],[-92.7815012,44.9059409],[-92.7814868,44.9059869],[-92.7814748,44.9060309],[-92.7814661,44.9060715],[-92.7814576,44.9061445],[-92.7814508,44.9061868],[-92.7814413,44.9062335],[-92.7814293,44.9062835],[-92.7814149,44.9063357],[-92.7813983,44.9063891],[-92.7813798,44.9064426],[-92.7813594,44.906495],[-92.7813374,44.9065452],[-92.781314,44.9065922],[-92.7812892,44.9066357],[-92.7812632,44.9066759],[-92.7812361,44.9067129],[-92.781208,44.9067465],[-92.7811788,44.9067766],[-92.7811488,44.906803],[-92.781118,44.9068258],[-92.7810865,44.9068447],[-92.7810543,44.9068596],[-92.7810216,44.9068705],[-92.7809886,44.9068769],[-92.7809562,44.9068786],[-92.7809249,44.9068762],[-92.7808956,44.9068701],[-92.7808687,44.9068609],[-92.7808451,44.906849],[-92.7808254,44.906835],[-92.7808102,44.9068193],[-92.7808003,44.9068025],[-92.7807963,44.906785],[-92.7807979,44.9067605],[-92.7808036,44.9067237],[-92.7808247,44.9066216],[-92.7808836,44.9063632],[-92.7808972,44.9062996],[-92.7809312,44.906126],[-92.7809437,44.9060677],[-92.7809574,44.9060097],[-92.7809726,44.9059529],[-92.7809897,44.9058983],[-92.7810087,44.9058464],[-92.7810301,44.9057983],[-92.7810539,44.9057547],[-92.7810806,44.9057164],[-92.7811089,44.9056831],[-92.7811375,44.9056535],[-92.7811665,44.9056274],[-92.7811963,44.9056044],[-92.7812268,44.9055842],[-92.7812583,44.9055664],[-92.7812909,44.9055507],[-92.7813248,44.9055369],[-92.7813601,44.9055244],[-92.7814638,44.9054929],[-92.7814907,44.9054837],[-92.7815136,44.905475],[-92.7815326,44.9054668],[-92.781548,44.905459],[-92.7815598,44.9054514],[-92.7815683,44.9054442],[-92.7815737,44.9054371],[-92.7815761,44.90543],[-92.7815764,44.9054234],[-92.7815753,44.9054173],[-92.7815728,44.9054119],[-92.7815692,44.9054072],[-92.7815643,44.9054032],[-92.7815584,44.9053999],[-92.7815515,44.9053973],[-92.7815438,44.9053955],[-92.7815352,44.9053946],[-92.7815259,44.9053944]]]}},{"type":"Feature","id":"way/1385679856","properties":{"natural":"wood","osm_type":"way","osm_id":1385679856},"geometry":{"type":"Polygon","coordinates":[[[-92.7827377,44.905306],[-92.7826786,44.905282],[-92.7826832,44.9052667],[-92.7826917,44.9052489],[-92.7826994,44.9052371],[-92.7827087,44.9052263],[-92.7827874,44.9051141],[-92.7828408,44.9050515],[-92.7828758,44.9050363],[-92.7829012,44.9050356],[-92.7829245,44.9050429],[-92.7829481,44.9050696],[-92.7829594,44.9051158],[-92.7829637,44.9051728],[-92.7829593,44.9052438],[-92.7829665,44.9052551],[-92.7829774,44.905259],[-92.7829617,44.9053308],[-92.7829423,44.9053612],[-92.7829162,44.9053859],[-92.7828923,44.9053868],[-92.7827377,44.905306]]]}},{"type":"Feature","id":"way/1385679857","properties":{"landuse":"grass","osm_type":"way","osm_id":1385679857},"geometry":{"type":"Polygon","coordinates":[[[-92.78309,44.9048309],[-92.7830935,44.9048086],[-92.7830963,44.9047899],[-92.7830793,44.9047885],[-92.7830659,44.904864],[-92.7830739,44.9048588],[-92.7830803,44.9048522],[-92.7830869,44.9048412],[-92.78309,44.9048309]]]}},{"type":"Feature","id":"way/1385679858","properties":{"natural":"wood","osm_type":"way","osm_id":1385679858},"geometry":{"type":"Polygon","coordinates":[[[-92.7830494,44.9048251],[-92.7830352,44.9048252],[-92.7829749,44.9048237],[-92.7829036,44.9048206],[-92.7828416,44.9048171],[-92.7827775,44.9048153],[-92.7826109,44.9048143],[-92.7823464,44.9048152],[-92.7821939,44.904815],[-92.7820089,44.904814],[-92.7818842,44.9048124],[-92.7818755,44.9048016],[-92.7818621,44.9047772],[-92.781857,44.9047493],[-92.7819206,44.9047439],[-92.7820196,44.9047592],[-92.7820857,44.9047628],[-92.7822538,44.9047569],[-92.7824969,44.9047822],[-92.7829073,44.9047773],[-92.7829984,44.9047813],[-92.7830563,44.9047865],[-92.7830494,44.9048251]]]}},{"type":"Feature","id":"way/1385679859","properties":{"landuse":"grass","osm_type":"way","osm_id":1385679859},"geometry":{"type":"Polygon","coordinates":[[[-92.7830494,44.9048251],[-92.7830409,44.9048731],[-92.7830365,44.904874],[-92.7830174,44.9048758],[-92.7829935,44.9048765],[-92.7828876,44.9048761],[-92.7828823,44.9048755],[-92.7828764,44.9048728],[-92.7828739,44.9048702],[-92.7828725,44.9048659],[-92.7828726,44.9048258],[-92.7820444,44.9048246],[-92.7820442,44.9048598],[-92.7820423,44.9048647],[-92.782039,44.9048678],[-92.7820343,44.9048702],[-92.782028,44.9048714],[-92.7819944,44.9048693],[-92.7819835,44.9048677],[-92.781964,44.9048631],[-92.7819454,44.9048557],[-92.7819247,44.9048448],[-92.7819146,44.9048384],[-92.7819042,44.9048308],[-92.781894,44.9048221],[-92.7818842,44.9048124],[-92.7820089,44.904814],[-92.7821939,44.904815],[-92.7823464,44.9048152],[-92.7826109,44.9048143],[-92.7827775,44.9048153],[-92.7828416,44.9048171],[-92.7829036,44.9048206],[-92.7829749,44.9048237],[-92.7830352,44.9048252],[-92.7830494,44.9048251]]]}},{"type":"Feature","id":"way/1385679860","properties":{"landuse":"residential","osm_type":"way","osm_id":1385679860},"geometry":{"type":"Polygon","coordinates":[[[-92.7831541,44.903743],[-92.7831539,44.9037652],[-92.7831529,44.9040818],[-92.7831488,44.904307],[-92.7831458,44.9043712],[-92.7831377,44.9044888],[-92.7831321,44.9045511],[-92.783123,44.9046157],[-92.7830963,44.9047899],[-92.7830935,44.9048086],[-92.7817726,44.9048057],[-92.7817717,44.904754],[-92.7817721,44.9044882],[-92.7817726,44.9042036],[-92.7817767,44.9038358],[-92.7817844,44.9035278],[-92.7818042,44.9028774],[-92.7818052,44.9027992],[-92.7818077,44.9027469],[-92.7818094,44.9027302],[-92.7818163,44.902686],[-92.7818203,44.9026544],[-92.7818234,44.9026177],[-92.7818253,44.9025736],[-92.7818288,44.9018746],[-92.7818269,44.9018178],[-92.7818226,44.9017741],[-92.7818169,44.9017334],[-92.7818654,44.9017357],[-92.7819106,44.9017378],[-92.7820314,44.9017437],[-92.7822348,44.9017518],[-92.7824485,44.9017595],[-92.7825687,44.9017631],[-92.7827366,44.9017659],[-92.7829467,44.9017684],[-92.7830119,44.9017684],[-92.783027,44.9017675],[-92.7830475,44.9017654],[-92.7830926,44.9017595],[-92.7831071,44.9017569],[-92.7831141,44.9017545],[-92.7831208,44.9017512],[-92.7831271,44.9017471],[-92.7831328,44.9017422],[-92.7831378,44.9017365],[-92.783142,44.9017301],[-92.7831451,44.9017231],[-92.7831471,44.9017154],[-92.7831477,44.9017071],[-92.7831471,44.90172],[-92.783145,44.9017402],[-92.7831249,44.9018856],[-92.783122,44.9019261],[-92.7831233,44.9023402],[-92.7825647,44.9023386],[-92.7825634,44.902576],[-92.7831219,44.9025776],[-92.7831217,44.9026218],[-92.7831225,44.9026309],[-92.7831254,44.9026385],[-92.7831311,44.9026451],[-92.7831357,44.9026523],[-92.7831388,44.9026608],[-92.7831396,44.9026669],[-92.7831386,44.902779],[-92.7831413,44.9029727],[-92.7831462,44.9031189],[-92.7831531,44.9032762],[-92.7831553,44.9033753],[-92.7823755,44.9033747],[-92.7823747,44.9038512],[-92.7830115,44.9038537],[-92.7830396,44.9038524],[-92.7830646,44.9038488],[-92.7830863,44.9038429],[-92.7831049,44.9038348],[-92.7831205,44.9038246],[-92.783133,44.9038122],[-92.7831426,44.9037979],[-92.7831493,44.9037815],[-92.7831531,44.9037632],[-92.7831541,44.903743]]]}},{"type":"Feature","id":"way/1385679861","properties":{"landuse":"commercial","osm_type":"way","osm_id":1385679861},"geometry":{"type":"Polygon","coordinates":[[[-92.7831219,44.9025776],[-92.7825634,44.902576],[-92.7825647,44.9023386],[-92.7831233,44.9023402],[-92.7831219,44.9025776]]]}},{"type":"Feature","id":"way/1385679862","properties":{"landuse":"commercial","osm_type":"way","osm_id":1385679862},"geometry":{"type":"Polygon","coordinates":[[[-92.7831553,44.9033753],[-92.7823755,44.9033747],[-92.7823747,44.9038512],[-92.7830115,44.9038537],[-92.7830396,44.9038524],[-92.7830646,44.9038488],[-92.7830863,44.9038429],[-92.7831049,44.9038348],[-92.7831205,44.9038246],[-92.783133,44.9038122],[-92.7831426,44.9037979],[-92.7831493,44.9037815],[-92.7831531,44.9037632],[-92.7831541,44.903743],[-92.7831553,44.9033753]]]}},{"type":"Feature","id":"way/1385679863","properties":{"highway":"service","service":"driveway","osm_type":"way","osm_id":1385679863},"geometry":{"type":"LineString","coordinates":[[-92.7822245,44.9049026],[-92.7822243,44.9049123],[-92.7822218,44.9050481],[-92.7822184,44.9050652],[-92.782209,44.9050793],[-92.7821946,44.90509],[-92.7821859,44.9050939],[-92.7821661,44.9050985],[-92.7821445,44.9050986],[-92.782125,44.9050951],[-92.7821091,44.9050881],[-92.7820975,44.9050779],[-92.7820913,44.9050647],[-92.7820926,44.9049019]]}},{"type":"Feature","id":"way/1385679864","properties":{"building":"house","osm_type":"way","osm_id":1385679864},"geometry":{"type":"Polygon","coordinates":[[[-92.782693,44.9045691],[-92.7826302,44.9045675],[-92.7826239,44.9046928],[-92.7827327,44.9046956],[-92.7827341,44.9046683],[-92.7827513,44.9046687],[-92.782753,44.9046357],[-92.7827374,44.9046353],[-92.782739,44.9046039],[-92.7826913,44.9046027],[-92.782693,44.9045691]]]}},{"type":"Feature","id":"way/1385679865","properties":{"building":"garage","osm_type":"way","osm_id":1385679865},"geometry":{"type":"Polygon","coordinates":[[[-92.7826454,44.9045479],[-92.7826473,44.9044846],[-92.7825353,44.9044829],[-92.7825334,44.9045463],[-92.7826454,44.9045479]]]}},{"type":"Feature","id":"way/1385679866","properties":{"building":"shed","osm_type":"way","osm_id":1385679866},"geometry":{"type":"Polygon","coordinates":[[[-92.7824767,44.9041365],[-92.7824331,44.9041361],[-92.7824324,44.9041688],[-92.7824761,44.9041692],[-92.7824767,44.9041365]]]}},{"type":"Feature","id":"way/1385679867","properties":{"building":"shed","osm_type":"way","osm_id":1385679867},"geometry":{"type":"Polygon","coordinates":[[[-92.7825611,44.9032786],[-92.7825622,44.9032534],[-92.7825206,44.9032525],[-92.7825196,44.9032777],[-92.7825611,44.9032786]]]}},{"type":"Feature","id":"way/1385679868","properties":{"building":"house","osm_type":"way","osm_id":1385679868},"geometry":{"type":"Polygon","coordinates":[[[-92.7820977,44.9026912],[-92.7820957,44.9025929],[-92.7822909,44.902591],[-92.7822929,44.9026892],[-92.7820977,44.9026912]]]}},{"type":"Feature","id":"way/1385679869","properties":{"building":"shed","osm_type":"way","osm_id":1385679869},"geometry":{"type":"Polygon","coordinates":[[[-92.7823397,44.9025745],[-92.7823959,44.9025736],[-92.7823941,44.9025162],[-92.782338,44.902517],[-92.7823397,44.9025745]]]}},{"type":"Feature","id":"way/1385679870","properties":{"building":"shed","osm_type":"way","osm_id":1385679870},"geometry":{"type":"Polygon","coordinates":[[[-92.7824322,44.9026343],[-92.7824717,44.9026343],[-92.7824717,44.902613],[-92.7824322,44.902613],[-92.7824322,44.9026343]]]}},{"type":"Feature","id":"way/1385686397","properties":{"intermittent":"yes","waterway":"stream","osm_type":"way","osm_id":1385686397},"geometry":{"type":"LineString","coordinates":[[-92.7806539,44.9067126],[-92.7806225,44.9067019],[-92.7804679,44.9066223],[-92.7803815,44.9065847],[-92.7802644,44.9065481],[-92.7801365,44.9065186],[-92.7800219,44.9064995],[-92.7798646,44.906487],[-92.7797106,44.9064894],[-92.7796082,44.9065011],[-92.7795136,44.9065279],[-92.7794701,44.9065481],[-92.7794297,44.9065733],[-92.7793928,44.9066039],[-92.7793598,44.9066405],[-92.7793311,44.9066834],[-92.7792655,44.9068247],[-92.7792255,44.9068909],[-92.7791624,44.906957],[-92.7790874,44.9070026]]}},{"type":"Feature","id":"way/1385686398","properties":{"intermittent":"yes","layer":"-1","tunnel":"culvert","waterway":"stream","osm_type":"way","osm_id":1385686398},"geometry":{"type":"LineString","coordinates":[[-92.7809452,44.9067929],[-92.7806539,44.9067126]]}},{"type":"Feature","id":"way/1385686399","properties":{"intermittent":"yes","waterway":"stream","osm_type":"way","osm_id":1385686399},"geometry":{"type":"LineString","coordinates":[[-92.7822205,44.9068135],[-92.7821907,44.9068039],[-92.7820763,44.9067875],[-92.7819832,44.9067879],[-92.7818803,44.9067987],[-92.7817095,44.9068332],[-92.7816384,44.9068428],[-92.7814747,44.9068527],[-92.7813857,44.9068525],[-92.781203,44.9068409],[-92.7811131,44.9068292],[-92.7810265,44.9068133],[-92.7809452,44.9067929]]}},{"type":"Feature","id":"way/1385686400","properties":{"intermittent":"yes","layer":"-1","tunnel":"culvert","waterway":"stream","osm_type":"way","osm_id":1385686400},"geometry":{"type":"LineString","coordinates":[[-92.7811253,44.9065965],[-92.7810653,44.9067486]]}},{"type":"Feature","id":"way/1385686401","properties":{"intermittent":"yes","waterway":"stream","osm_type":"way","osm_id":1385686401},"geometry":{"type":"LineString","coordinates":[[-92.7812014,44.9059442],[-92.7811967,44.9059686],[-92.7811513,44.9064949],[-92.7811388,44.9065603],[-92.7811253,44.9065965]]}},{"type":"Feature","id":"way/1385686402","properties":{"intermittent":"yes","layer":"-1","tunnel":"culvert","waterway":"stream","osm_type":"way","osm_id":1385686402},"geometry":{"type":"LineString","coordinates":[[-92.7812359,44.9057953],[-92.7812014,44.9059442]]}},{"type":"Feature","id":"way/1385686403","properties":{"intermittent":"yes","waterway":"stream","osm_type":"way","osm_id":1385686403},"geometry":{"type":"LineString","coordinates":[[-92.7813969,44.9056185],[-92.7813767,44.9056256],[-92.7813161,44.9056644],[-92.7812803,44.905702],[-92.7812524,44.9057464],[-92.7812359,44.9057953]]}},{"type":"Feature","id":"way/1385686404","properties":{"intermittent":"yes","waterway":"stream","osm_type":"way","osm_id":1385686404},"geometry":{"type":"LineString","coordinates":[[-92.7810653,44.9067486],[-92.781055,44.9067648],[-92.7810302,44.906786],[-92.7810028,44.9067956],[-92.7809761,44.9067972],[-92.7809452,44.9067929]]}},{"type":"Feature","id":"way/1385686405","properties":{"intermittent":"yes","natural":"water","water":"basin","osm_type":"way","osm_id":1385686405},"geometry":{"type":"Polygon","coordinates":[[[-92.7812014,44.9059442],[-92.7811781,44.9059424],[-92.7811361,44.9059426],[-92.7811009,44.9059502],[-92.7810735,44.9059678],[-92.7810552,44.9059979],[-92.7809495,44.9064954],[-92.7809482,44.9065119],[-92.7809568,44.9065411],[-92.7809662,44.9065538],[-92.780994,44.9065747],[-92.7810324,44.9065891],[-92.7810549,44.9065936],[-92.7811253,44.9065965],[-92.7811623,44.9065898],[-92.7811912,44.9065751],[-92.7812128,44.9065514],[-92.781228,44.9065176],[-92.7812855,44.9062448],[-92.781325,44.906014],[-92.78132,44.9059791],[-92.781305,44.9059648],[-92.7812617,44.9059518],[-92.7812014,44.9059442]]]}},{"type":"Feature","id":"way/1385686406","properties":{"intermittent":"yes","natural":"water","water":"basin","osm_type":"way","osm_id":1385686406},"geometry":{"type":"Polygon","coordinates":[[[-92.7813866,44.9057049],[-92.7814011,44.9056581],[-92.7813969,44.9056185],[-92.7813908,44.9056085],[-92.7813614,44.9055909],[-92.7813162,44.9055771],[-92.7812632,44.9055683],[-92.7811873,44.9055664],[-92.7811672,44.9055712],[-92.7811508,44.9055809],[-92.7811378,44.9055946],[-92.7811214,44.9056311],[-92.7811161,44.9056738],[-92.7811199,44.905716],[-92.7811312,44.9057507],[-92.7811484,44.9057732],[-92.7811695,44.9057859],[-92.7811923,44.9057919],[-92.7812359,44.9057953],[-92.7812799,44.9057941],[-92.7813127,44.9057867],[-92.7813285,44.9057799],[-92.7813563,44.9057582],[-92.7813866,44.9057049]]]}},{"type":"Feature","id":"way/1385686407","properties":{"intermittent":"yes","waterway":"stream","osm_type":"way","osm_id":1385686407},"geometry":{"type":"LineString","coordinates":[[-92.782813,44.9054799],[-92.7827612,44.9054771],[-92.7823687,44.9054598],[-92.7821442,44.9054573],[-92.781964,44.9054662],[-92.7819053,44.9054767]]}},{"type":"Feature","id":"way/1385686408","properties":{"intermittent":"yes","layer":"-1","tunnel":"culvert","waterway":"stream","osm_type":"way","osm_id":1385686408},"geometry":{"type":"LineString","coordinates":[[-92.7819053,44.9054767],[-92.7813969,44.9056185]]}},{"type":"Feature","id":"way/1385686409","properties":{"building":"house","osm_type":"way","osm_id":1385686409},"geometry":{"type":"Polygon","coordinates":[[[-92.7800846,44.9079161],[-92.7800754,44.9079401],[-92.7801334,44.9079513],[-92.7801615,44.9078786],[-92.7801481,44.907876],[-92.780188,44.9077728],[-92.7800975,44.9077553],[-92.7800818,44.907796],[-92.7800196,44.9077839],[-92.7799767,44.9078952],[-92.7800846,44.9079161]]]}},{"type":"Feature","id":"way/1385686410","properties":{"building":"shed","osm_type":"way","osm_id":1385686410},"geometry":{"type":"Polygon","coordinates":[[[-92.780151,44.9080757],[-92.7801469,44.9081098],[-92.7801086,44.9081074],[-92.7801128,44.9080733],[-92.780151,44.9080757]]]}},{"type":"Feature","id":"way/1385686411","properties":{"building":"garage","osm_type":"way","osm_id":1385686411},"geometry":{"type":"Polygon","coordinates":[[[-92.7802438,44.9079638],[-92.7803347,44.9079809],[-92.7803076,44.9080531],[-92.7802167,44.908036],[-92.7802438,44.9079638]]]}},{"type":"Feature","id":"way/1385686412","properties":{"natural":"wood","osm_type":"way","osm_id":1385686412},"geometry":{"type":"Polygon","coordinates":[[[-92.7806058,44.9090307],[-92.7805966,44.9090108],[-92.7805885,44.9089908],[-92.7805815,44.9089707],[-92.7805755,44.9089506],[-92.7805708,44.9089308],[-92.7805671,44.9089113],[-92.7805647,44.9088923],[-92.7805635,44.908874],[-92.7805635,44.9088564],[-92.7805647,44.9088398],[-92.7805683,44.9088216],[-92.780575,44.9087999],[-92.7805843,44.9087756],[-92.7805957,44.9087495],[-92.7806087,44.9087226],[-92.7806228,44.9086958],[-92.7806374,44.90867],[-92.7806521,44.908646],[-92.7806664,44.9086247],[-92.7806797,44.9086071],[-92.7806932,44.908593],[-92.7807083,44.9085813],[-92.7807244,44.9085719],[-92.7807413,44.9085646],[-92.7807586,44.9085594],[-92.7807759,44.908556],[-92.7807927,44.9085542],[-92.7808088,44.908554],[-92.7808237,44.9085551],[-92.7808371,44.9085574],[-92.7808915,44.9084404],[-92.7809655,44.9083071],[-92.7811545,44.9080333],[-92.7815267,44.9075491],[-92.7816933,44.9073442],[-92.7817869,44.907241],[-92.7818798,44.9071429],[-92.7819441,44.907091],[-92.7810541,44.907079],[-92.7807892,44.9070831],[-92.7807664,44.9070894],[-92.7807443,44.907112],[-92.7807286,44.9071403],[-92.7806998,44.9072725],[-92.7806637,44.9073415],[-92.7806462,44.9073608],[-92.7806096,44.9073863],[-92.7804851,44.9074518],[-92.7804502,44.9074883],[-92.7804308,44.9075272],[-92.7803762,44.9077703],[-92.7803976,44.9078647],[-92.7804089,44.9079564],[-92.7804047,44.9080392],[-92.7803863,44.9080863],[-92.7803638,44.9081064],[-92.7802975,44.9081383],[-92.7802161,44.9081562],[-92.7801355,44.9081575],[-92.7801006,44.9081509],[-92.7800719,44.908139],[-92.7800226,44.9081056],[-92.779956,44.9080409],[-92.7799218,44.9079894],[-92.7799002,44.9079323],[-92.7798952,44.907902],[-92.7798989,44.9078407],[-92.7799187,44.9077825],[-92.7799705,44.9077066],[-92.7800143,44.9076676],[-92.780064,44.9076399],[-92.7801306,44.9076177],[-92.7802067,44.9076004],[-92.7802819,44.9075885],[-92.7803697,44.907582],[-92.7803922,44.9075031],[-92.7804284,44.9074493],[-92.7804651,44.9074203],[-92.7806023,44.9073464],[-92.7806293,44.9073167],[-92.7806546,44.9072651],[-92.780679,44.9071454],[-92.7807035,44.9070912],[-92.7806856,44.9070848],[-92.7805529,44.9070877],[-92.7803112,44.9071041],[-92.7802183,44.9071735],[-92.7801603,44.9072073],[-92.7800993,44.9072315],[-92.78003,44.9072464],[-92.7799061,44.9072511],[-92.779782,44.9072339],[-92.7797103,44.9072122],[-92.779655,44.9071837],[-92.7796197,44.9071498],[-92.7795816,44.90709],[-92.7795631,44.9070239],[-92.7795652,44.906979],[-92.7795878,44.9069147],[-92.7796191,44.906859],[-92.7796672,44.9068143],[-92.7797137,44.9067918],[-92.7797445,44.906784],[-92.7798257,44.9067796],[-92.7798732,44.9067829],[-92.7799746,44.9068005],[-92.7800745,44.9068327],[-92.7801202,44.9068542],[-92.7802396,44.9069285],[-92.7804419,44.9070329],[-92.7804723,44.907059],[-92.7806132,44.9070531],[-92.7810539,44.9070462],[-92.7820038,44.907059],[-92.7820783,44.9070188],[-92.7821355,44.9069704],[-92.782289,44.9067819],[-92.7823846,44.9066451],[-92.7825492,44.9063384],[-92.7826368,44.9061619],[-92.7827213,44.9059729],[-92.7828323,44.9056831],[-92.7816619,44.9056165],[-92.7816368,44.9056338],[-92.7816156,44.9056558],[-92.7815996,44.9056841],[-92.7815524,44.9058014],[-92.7815348,44.9058469],[-92.7815175,44.9058938],[-92.7815012,44.9059409],[-92.7814868,44.9059869],[-92.7814748,44.9060309],[-92.7814661,44.9060715],[-92.7814576,44.9061445],[-92.7814508,44.9061868],[-92.7814413,44.9062335],[-92.7814293,44.9062835],[-92.7814149,44.9063357],[-92.7813983,44.9063891],[-92.7813798,44.9064426],[-92.7813594,44.906495],[-92.7813374,44.9065452],[-92.781314,44.9065922],[-92.7812892,44.9066357],[-92.7812632,44.9066759],[-92.7812361,44.9067129],[-92.781208,44.9067465],[-92.7811788,44.9067766],[-92.7811488,44.906803],[-92.781118,44.9068258],[-92.7810865,44.9068447],[-92.7810543,44.9068596],[-92.7810216,44.9068705],[-92.7809886,44.9068769],[-92.7809562,44.9068786],[-92.7809249,44.9068762],[-92.7808956,44.9068701],[-92.7808687,44.9068609],[-92.7808451,44.906849],[-92.7808254,44.906835],[-92.7808102,44.9068193],[-92.7808003,44.9068025],[-92.7807963,44.906785],[-92.7807979,44.9067605],[-92.7808036,44.9067237],[-92.7808247,44.9066216],[-92.7804887,44.9065563],[-92.7804851,44.906577],[-92.7804776,44.9065964],[-92.7804677,44.9066136],[-92.7804554,44.9066286],[-92.7804408,44.9066413],[-92.7804236,44.9066517],[-92.7804039,44.9066597],[-92.7803816,44.9066653],[-92.7803567,44.9066684],[-92.7803291,44.9066691],[-92.7802987,44.9066672],[-92.7801017,44.9066483],[-92.7799785,44.9066377],[-92.7798637,44.9066296],[-92.7798152,44.9066272],[-92.7797757,44.9066264],[-92.7797403,44.9066286],[-92.7797033,44.906635],[-92.7796657,44.9066449],[-92.7796285,44.9066578],[-92.7795928,44.9066732],[-92.7795595,44.9066904],[-92.7795297,44.9067089],[-92.7795043,44.9067283],[-92.7794845,44.9067478],[-92.7794713,44.906767],[-92.7794608,44.9067892],[-92.779449,44.9068174],[-92.7794231,44.9068859],[-92.7793971,44.906961],[-92.7793744,44.9070316],[-92.7793586,44.9070861],[-92.7793557,44.9071085],[-92.7793644,44.9071577],[-92.7793888,44.9072085],[-92.7794241,44.907256],[-92.7794656,44.9072953],[-92.7795106,44.9073252],[-92.7795635,44.9073644],[-92.7796184,44.9074131],[-92.7796679,44.9074675],[-92.7797044,44.9075238],[-92.7797228,44.9075797],[-92.7797341,44.9076406],[-92.7797401,44.9077054],[-92.7797404,44.9077721],[-92.7797343,44.9078383],[-92.7797175,44.9079478],[-92.7797105,44.9080437],[-92.7797098,44.9081467],[-92.7797171,44.9082449],[-92.7797341,44.9083266],[-92.7797611,44.9084012],[-92.7798089,44.9085225],[-92.7798237,44.9085622],[-92.7798472,44.9086361],[-92.7798575,44.908697],[-92.7798555,44.9087644],[-92.7798471,44.9088549],[-92.7798339,44.9089585],[-92.7798172,44.909065],[-92.7797985,44.9091643],[-92.779788,44.9092103],[-92.779776,44.9092558],[-92.7797624,44.9093009],[-92.7797473,44.9093453],[-92.7797308,44.909389],[-92.7797127,44.9094318],[-92.7796933,44.9094739],[-92.7796725,44.9095149],[-92.7796503,44.9095548],[-92.7804393,44.9096395],[-92.7804799,44.9094407],[-92.7805149,44.9093025],[-92.7806058,44.9090307]]]}},{"type":"Feature","id":"way/1385686413","properties":{"natural":"grassland","osm_type":"way","osm_id":1385686413},"geometry":{"type":"Polygon","coordinates":[[[-92.7810033,44.908821],[-92.7809985,44.908829],[-92.7809773,44.9088462],[-92.7809483,44.9088532],[-92.7809261,44.9088521],[-92.7808372,44.9088304],[-92.7807978,44.9088095],[-92.7807855,44.9087897],[-92.7807821,44.9087681],[-92.7807895,44.9087379],[-92.7809281,44.9084494],[-92.7810005,44.9083187],[-92.7811887,44.9080461],[-92.7815605,44.9075623],[-92.7817263,44.9073584],[-92.7818873,44.9071826],[-92.7819584,44.9071188],[-92.7820061,44.9070919],[-92.7821255,44.9071043],[-92.7821355,44.9071113],[-92.7821415,44.9071248],[-92.782085,44.9071991],[-92.7818812,44.9074589],[-92.7817821,44.9076049],[-92.7817678,44.9076245],[-92.7816859,44.9077288],[-92.7816268,44.9078068],[-92.7815014,44.9079802],[-92.781428,44.9080851],[-92.7813527,44.9082026],[-92.7812354,44.9083908],[-92.7811879,44.9084711],[-92.7811103,44.9086094],[-92.7810679,44.9086887],[-92.7810033,44.908821]]]}},{"type":"Feature","id":"way/1385686414","properties":{"landuse":"grass","osm_type":"way","osm_id":1385686414},"geometry":{"type":"Polygon","coordinates":[[[-92.7826969,44.9061874],[-92.7826415,44.9062957],[-92.7825444,44.9064798],[-92.7824841,44.9065902],[-92.7824302,44.9066843],[-92.7823686,44.9067886],[-92.7823124,44.9068797],[-92.7822645,44.9069513],[-92.7821831,44.9070675],[-92.7821638,44.9070715],[-92.7821538,44.9070726],[-92.7821441,44.9070728],[-92.7821349,44.907072],[-92.7820933,44.9070654],[-92.7820618,44.9070625],[-92.7821039,44.9070394],[-92.7821195,44.9070285],[-92.7821379,44.9070135],[-92.7821671,44.9069862],[-92.7821855,44.9069662],[-92.782323,44.9067949],[-92.782378,44.9067192],[-92.7823998,44.9066873],[-92.78242,44.9066561],[-92.7824377,44.906626],[-92.7824594,44.9065863],[-92.7825854,44.906348],[-92.782631,44.9062598],[-92.7826772,44.9061625],[-92.7826969,44.9061874]]]}},{"type":"Feature","id":"way/1385686415","properties":{"natural":"grassland","osm_type":"way","osm_id":1385686415},"geometry":{"type":"Polygon","coordinates":[[[-92.7809329,44.9089696],[-92.7809339,44.9089637],[-92.7809282,44.9089464],[-92.7809052,44.9089308],[-92.7807852,44.9088995],[-92.7807568,44.9088985],[-92.7807298,44.9089029],[-92.7807067,44.9089123],[-92.78069,44.9089264],[-92.7806432,44.9090377],[-92.7805529,44.9093079],[-92.7805181,44.9094451],[-92.7804775,44.9096436],[-92.7806403,44.9096611],[-92.7807833,44.9093191],[-92.7808874,44.9090748],[-92.7809329,44.9089696]]]}},{"type":"Feature","id":"way/1385686416","properties":{"landuse":"grass","osm_type":"way","osm_id":1385686416},"geometry":{"type":"Polygon","coordinates":[[[-92.780774,44.9086862],[-92.7807531,44.9087287],[-92.780751,44.9087311],[-92.7807479,44.9087325],[-92.7807423,44.9087332],[-92.7807368,44.9087324],[-92.7806863,44.9087194],[-92.7806027,44.9088816],[-92.7806506,44.9088939],[-92.7806539,44.9088953],[-92.7806576,44.9088985],[-92.7806589,44.9089011],[-92.7806589,44.9089038],[-92.7806481,44.9089266],[-92.7806347,44.9089574],[-92.7806058,44.9090307],[-92.7805966,44.9090108],[-92.7805885,44.9089908],[-92.7805815,44.9089707],[-92.7805755,44.9089506],[-92.7805708,44.9089308],[-92.7805671,44.9089113],[-92.7805647,44.9088923],[-92.7805635,44.908874],[-92.7805635,44.9088564],[-92.7805647,44.9088398],[-92.7805683,44.9088216],[-92.780575,44.9087999],[-92.7805843,44.9087756],[-92.7805957,44.9087495],[-92.7806087,44.9087226],[-92.7806228,44.9086958],[-92.7806374,44.90867],[-92.7806521,44.908646],[-92.7806664,44.9086247],[-92.7806797,44.9086071],[-92.7806932,44.908593],[-92.7807083,44.9085813],[-92.7807244,44.9085719],[-92.7807413,44.9085646],[-92.7807586,44.9085594],[-92.7807759,44.908556],[-92.7807927,44.9085542],[-92.7808088,44.908554],[-92.7808237,44.9085551],[-92.7808371,44.9085574],[-92.7808014,44.9086301],[-92.7807772,44.9086377],[-92.7807623,44.9086681],[-92.780774,44.9086862]]]}},{"type":"Feature","id":"way/1385686417","properties":{"intermittent":"yes","natural":"water","water":"basin","osm_type":"way","osm_id":1385686417},"geometry":{"type":"Polygon","coordinates":[[[-92.7793866,44.9059176],[-92.7792822,44.9059128],[-92.7792022,44.9059178],[-92.7791698,44.9059233],[-92.7791173,44.9059388],[-92.7790577,44.9059709],[-92.7789366,44.9060624],[-92.7788702,44.906122],[-92.7788401,44.9061566],[-92.7788253,44.906195],[-92.7788243,44.9062144],[-92.7788279,44.9062327],[-92.7788366,44.9062492],[-92.7788505,44.9062629],[-92.77887,44.9062729],[-92.7788953,44.9062786],[-92.7789269,44.9062788],[-92.7789671,44.9062734],[-92.7790736,44.9062484],[-92.7792004,44.9062102],[-92.7793301,44.9061655],[-92.7794451,44.9061214],[-92.7794916,44.9061016],[-92.7795279,44.906082],[-92.7795536,44.906061],[-92.7795695,44.9060392],[-92.7795762,44.9060174],[-92.7795742,44.9059962],[-92.7795643,44.9059765],[-92.7795471,44.9059588],[-92.7795232,44.9059439],[-92.7794933,44.9059326],[-92.779458,44.9059254],[-92.7793866,44.9059176]]]}},{"type":"Feature","id":"way/1385686418","properties":{"natural":"wood","osm_type":"way","osm_id":1385686418},"geometry":{"type":"Polygon","coordinates":[[[-92.7815259,44.9053944],[-92.7814946,44.9053949],[-92.780998,44.9054036],[-92.780928,44.9054133],[-92.7809027,44.9054217],[-92.7808674,44.9054452],[-92.7808405,44.9054955],[-92.7806894,44.9060629],[-92.7806468,44.9062017],[-92.7806135,44.9062754],[-92.7805882,44.9063132],[-92.7805566,44.9063423],[-92.7805166,44.9063613],[-92.780468,44.9063694],[-92.780411,44.9063658],[-92.7800823,44.906281],[-92.7799404,44.9062529],[-92.779812,44.9062333],[-92.7795593,44.9062096],[-92.7794775,44.9062068],[-92.7793912,44.9062126],[-92.7792961,44.9062334],[-92.7792464,44.9062498],[-92.7791449,44.9062952],[-92.7790436,44.9063586],[-92.778856,44.9065031],[-92.7787683,44.9065507],[-92.7787239,44.9065667],[-92.7786785,44.9065769],[-92.7786313,44.9065812],[-92.7785819,44.9065791],[-92.7784326,44.9065535],[-92.7783567,44.906551],[-92.7783262,44.9065544],[-92.7782795,44.9065689],[-92.7782628,44.9065795],[-92.7782422,44.9066058],[-92.7783045,44.906634],[-92.7783787,44.9066632],[-92.7784609,44.9066975],[-92.7785482,44.9067354],[-92.7786378,44.9067755],[-92.7787266,44.9068164],[-92.7788118,44.9068565],[-92.7788416,44.9068662],[-92.7788727,44.9068719],[-92.7789043,44.9068738],[-92.7789356,44.9068723],[-92.7789659,44.9068677],[-92.7789942,44.9068604],[-92.7790199,44.9068507],[-92.7790421,44.9068389],[-92.7790601,44.9068255],[-92.7790729,44.9068107],[-92.7791649,44.9066574],[-92.7792042,44.9065972],[-92.7792244,44.9065692],[-92.7792446,44.9065437],[-92.7792661,44.9065198],[-92.77929,44.9064959],[-92.7793159,44.9064726],[-92.7793435,44.9064502],[-92.7793723,44.9064291],[-92.7794021,44.9064096],[-92.7794323,44.9063921],[-92.7794627,44.9063771],[-92.7794928,44.9063648],[-92.7795222,44.9063557],[-92.7795555,44.9063492],[-92.7795963,44.9063446],[-92.779643,44.9063417],[-92.7796943,44.9063403],[-92.7797484,44.9063405],[-92.7798038,44.906342],[-92.779859,44.9063448],[-92.7799124,44.9063487],[-92.7799625,44.9063536],[-92.7800077,44.9063595],[-92.7800909,44.9063727],[-92.78017,44.9063867],[-92.7803564,44.9064212],[-92.7803785,44.9064267],[-92.7804002,44.9064356],[-92.7804208,44.9064474],[-92.7804397,44.9064617],[-92.7804565,44.9064781],[-92.7804703,44.9064962],[-92.7804807,44.9065155],[-92.7804871,44.9065357],[-92.7804887,44.9065563],[-92.7808247,44.9066216],[-92.7808836,44.9063632],[-92.7808972,44.9062996],[-92.7809312,44.906126],[-92.7809437,44.9060677],[-92.7809574,44.9060097],[-92.7809726,44.9059529],[-92.7809897,44.9058983],[-92.7810087,44.9058464],[-92.7810301,44.9057983],[-92.7810539,44.9057547],[-92.7810806,44.9057164],[-92.7811089,44.9056831],[-92.7811375,44.9056535],[-92.7811665,44.9056274],[-92.7811963,44.9056044],[-92.7812268,44.9055842],[-92.7812583,44.9055664],[-92.7812909,44.9055507],[-92.7813248,44.9055369],[-92.7813601,44.9055244],[-92.7814638,44.9054929],[-92.7814907,44.9054837],[-92.7815136,44.905475],[-92.7815326,44.9054668],[-92.781548,44.905459],[-92.7815598,44.9054514],[-92.7815683,44.9054442],[-92.7815737,44.9054371],[-92.7815761,44.90543],[-92.7815764,44.9054234],[-92.7815753,44.9054173],[-92.7815728,44.9054119],[-92.7815692,44.9054072],[-92.7815643,44.9054032],[-92.7815584,44.9053999],[-92.7815515,44.9053973],[-92.7815438,44.9053955],[-92.7815352,44.9053946],[-92.7815259,44.9053944]]]}},{"type":"Feature","id":"way/1385686419","properties":{"floating":"yes","man_made":"pier","mooring":"yes","osm_type":"way","osm_id":1385686419},"geometry":{"type":"LineString","coordinates":[[-92.7796937,44.9027838],[-92.7797048,44.902716]]}},{"type":"Feature","id":"way/1385686420","properties":{"floating":"yes","man_made":"pier","mooring":"yes","osm_type":"way","osm_id":1385686420},"geometry":{"type":"LineString","coordinates":[[-92.7770997,44.9040862],[-92.7770662,44.9040566]]}},{"type":"Feature","id":"way/1385686421","properties":{"floating":"yes","man_made":"pier","mooring":"yes","osm_type":"way","osm_id":1385686421},"geometry":{"type":"LineString","coordinates":[[-92.7774614,44.9038854],[-92.777434,44.9038598]]}},{"type":"Feature","id":"way/1385686422","properties":{"highway":"service","leisure":"slipway","service":"slipway","osm_type":"way","osm_id":1385686422},"geometry":{"type":"LineString","coordinates":[[-92.779184,44.9057448],[-92.7791994,44.9057338],[-92.7792122,44.9057231],[-92.7792313,44.9057023],[-92.7792428,44.9056819],[-92.7792484,44.9056615],[-92.7792499,44.9056407],[-92.7792484,44.9056045],[-92.7792355,44.905424]]}},{"type":"Feature","id":"way/1385686423","properties":{"floating":"yes","man_made":"pier","mooring":"yes","osm_type":"way","osm_id":1385686423},"geometry":{"type":"LineString","coordinates":[[-92.778832,44.9050713],[-92.7787946,44.9050907]]}},{"type":"Feature","id":"way/1385686424","properties":{"floating":"yes","man_made":"pier","mooring":"yes","osm_type":"way","osm_id":1385686424},"geometry":{"type":"LineString","coordinates":[[-92.7782237,44.9045166],[-92.7781874,44.904535]]}},{"type":"Feature","id":"way/1385686425","properties":{"floating":"yes","man_made":"pier","mooring":"yes","osm_type":"way","osm_id":1385686425},"geometry":{"type":"LineString","coordinates":[[-92.7775604,44.9044931],[-92.7776051,44.9045331]]}},{"type":"Feature","id":"way/1385686426","properties":{"floating":"yes","man_made":"pier","mooring":"yes","osm_type":"way","osm_id":1385686426},"geometry":{"type":"LineString","coordinates":[[-92.7797161,44.9052436],[-92.7797515,44.9052822]]}},{"type":"Feature","id":"way/1385686427","properties":{"highway":"service","leisure":"slipway","service":"slipway","osm_type":"way","osm_id":1385686427},"geometry":{"type":"LineString","coordinates":[[-92.7800406,44.905636],[-92.7796472,44.9053263]]}},{"type":"Feature","id":"way/1385686428","properties":{"highway":"service","service":"driveway","osm_type":"way","osm_id":1385686428},"geometry":{"type":"LineString","coordinates":[[-92.781507,44.902978],[-92.7815087,44.902988],[-92.7815145,44.9030313],[-92.7815153,44.9030753],[-92.781502,44.9031543],[-92.7814834,44.9032325],[-92.7814703,44.9032514],[-92.7814601,44.9032596],[-92.7814472,44.9032665],[-92.7814312,44.9032716],[-92.7814118,44.9032745],[-92.7813889,44.903275],[-92.7813621,44.9032725],[-92.7813312,44.9032668],[-92.781228,44.9032423],[-92.7811806,44.9032289],[-92.7811391,44.9032121],[-92.7811149,44.9031969],[-92.7810882,44.9031752],[-92.7810627,44.9031474],[-92.7810517,44.9031314],[-92.7810425,44.9031142],[-92.7810308,44.9030773],[-92.7810256,44.9030446],[-92.7810251,44.9030158],[-92.781034,44.9029501]]}},{"type":"Feature","id":"way/1385686429","properties":{"building":"shed","osm_type":"way","osm_id":1385686429},"geometry":{"type":"Polygon","coordinates":[[[-92.7812815,44.9031699],[-92.7812721,44.9032156],[-92.781185,44.9032067],[-92.7811924,44.9031707],[-92.7812405,44.9031757],[-92.7812425,44.9031659],[-92.7812815,44.9031699]]]}},{"type":"Feature","id":"way/1385686430","properties":{"building":"shed","osm_type":"way","osm_id":1385686430},"geometry":{"type":"Polygon","coordinates":[[[-92.7814402,44.9033672],[-92.7814314,44.903425],[-92.7814843,44.9034291],[-92.781493,44.9033712],[-92.7814402,44.9033672]]]}},{"type":"Feature","id":"way/1385686431","properties":{"building":"shed","osm_type":"way","osm_id":1385686431},"geometry":{"type":"Polygon","coordinates":[[[-92.7815427,44.9033764],[-92.781534,44.9034342],[-92.7815868,44.9034383],[-92.7815956,44.9033804],[-92.7815427,44.9033764]]]}},{"type":"Feature","id":"way/1385686432","properties":{"building":"shed","osm_type":"way","osm_id":1385686432},"geometry":{"type":"Polygon","coordinates":[[[-92.7813675,44.9024586],[-92.7813709,44.9024348],[-92.7813371,44.9024324],[-92.7813337,44.9024562],[-92.7813675,44.9024586]]]}},{"type":"Feature","id":"way/1385686433","properties":{"building":"shed","osm_type":"way","osm_id":1385686433},"geometry":{"type":"Polygon","coordinates":[[[-92.7814106,44.902462],[-92.7814141,44.9024381],[-92.7813803,44.9024357],[-92.7813768,44.9024595],[-92.7814106,44.902462]]]}},{"type":"Feature","id":"way/1385686434","properties":{"highway":"service","service":"parking_aisle","osm_type":"way","osm_id":1385686434},"geometry":{"type":"LineString","coordinates":[[-92.7802534,44.9022613],[-92.7806824,44.9022621]]}},{"type":"Feature","id":"way/1385686435","properties":{"highway":"service","service":"driveway","osm_type":"way","osm_id":1385686435},"geometry":{"type":"LineString","coordinates":[[-92.7811584,44.90392],[-92.7811349,44.9039193],[-92.7810573,44.9039194],[-92.7809998,44.9039215],[-92.780906,44.9039283],[-92.7808323,44.9039364],[-92.780717,44.9039518],[-92.7805128,44.9039811],[-92.7801448,44.9040371],[-92.78003,44.9040538],[-92.77992,44.9040674],[-92.7792412,44.904134],[-92.7791703,44.9041373],[-92.7790674,44.9041359],[-92.7790052,44.9041305],[-92.7789582,44.9041216],[-92.7789385,44.9041157],[-92.7788972,44.9041002],[-92.7788327,44.9040701],[-92.7787901,44.9040468],[-92.7787493,44.9040219],[-92.7783673,44.9037752],[-92.7781332,44.9036189],[-92.7780829,44.9035876],[-92.7780159,44.9035518],[-92.7779682,44.9035325],[-92.777916,44.9035179],[-92.7778875,44.9035127],[-92.7778572,44.9035091],[-92.7778248,44.9035073],[-92.7777903,44.903508],[-92.7777544,44.9035118],[-92.7777179,44.9035183],[-92.7776463,44.9035366],[-92.7776128,44.9035473],[-92.7775547,44.9035695],[-92.7775135,44.9035887],[-92.7774644,44.9036161],[-92.7771694,44.9037876],[-92.7770861,44.9038398],[-92.7769159,44.9039488],[-92.7768988,44.9039573],[-92.7768795,44.9039635],[-92.7768589,44.9039676],[-92.7768375,44.9039695],[-92.776816,44.9039694],[-92.776795,44.9039673],[-92.7767752,44.9039633],[-92.7767572,44.9039574],[-92.7767416,44.9039498],[-92.776729,44.9039405],[-92.7767107,44.9039178],[-92.7767045,44.903905],[-92.7767007,44.9038917],[-92.7766997,44.9038781],[-92.7767018,44.9038645],[-92.7767073,44.9038511],[-92.7767165,44.9038382],[-92.7767299,44.9038262],[-92.7767542,44.9038123],[-92.7767714,44.9038078],[-92.7768061,44.9038047],[-92.7768479,44.9038064],[-92.7770861,44.9038398]]}},{"type":"Feature","id":"way/1426164335","properties":{"highway":"service","service":"driveway","osm_type":"way","osm_id":1426164335},"geometry":{"type":"LineString","coordinates":[[-92.7807336,44.9019834],[-92.7797208,44.9019837],[-92.7797192,44.90213],[-92.7807071,44.9021275]]}},{"type":"Feature","id":"way/1426164336","properties":{"highway":"service","service":"driveway","osm_type":"way","osm_id":1426164336},"geometry":{"type":"LineString","coordinates":[[-92.7807071,44.9021275],[-92.7807336,44.9019834]]}},{"type":"Feature","id":"way/1426164337","properties":{"natural":"wetland","wetland":"marsh","osm_type":"way","osm_id":1426164337},"geometry":{"type":"Polygon","coordinates":[[[-92.7788905,44.9068946],[-92.7788118,44.9068565],[-92.7788416,44.9068662],[-92.7788727,44.9068719],[-92.7789043,44.9068738],[-92.7789356,44.9068723],[-92.7789659,44.9068677],[-92.7789942,44.9068604],[-92.7790199,44.9068507],[-92.7790421,44.9068389],[-92.7790601,44.9068255],[-92.7790729,44.9068107],[-92.7791649,44.9066574],[-92.7792042,44.9065972],[-92.7792244,44.9065692],[-92.7792446,44.9065437],[-92.7792661,44.9065198],[-92.77929,44.9064959],[-92.7793159,44.9064726],[-92.7793435,44.9064502],[-92.7793723,44.9064291],[-92.7794021,44.9064096],[-92.7794323,44.9063921],[-92.7794627,44.9063771],[-92.7794928,44.9063648],[-92.7795222,44.9063557],[-92.7795555,44.9063492],[-92.7795963,44.9063446],[-92.779643,44.9063417],[-92.7796943,44.9063403],[-92.7797484,44.9063405],[-92.7798038,44.906342],[-92.779859,44.9063448],[-92.7799124,44.9063487],[-92.7799625,44.9063536],[-92.7800077,44.9063595],[-92.7800909,44.9063727],[-92.78017,44.9063867],[-92.7803564,44.9064212],[-92.7803785,44.9064267],[-92.7804002,44.9064356],[-92.7804208,44.9064474],[-92.7804397,44.9064617],[-92.7804565,44.9064781],[-92.7804703,44.9064962],[-92.7804807,44.9065155],[-92.7804871,44.9065357],[-92.7804887,44.9065563],[-92.7804851,44.906577],[-92.7804776,44.9065964],[-92.7804677,44.9066136],[-92.7804554,44.9066286],[-92.7804408,44.9066413],[-92.7804236,44.9066517],[-92.7804039,44.9066597],[-92.7803816,44.9066653],[-92.7803567,44.9066684],[-92.7803291,44.9066691],[-92.7802987,44.9066672],[-92.7801017,44.9066483],[-92.7799785,44.9066377],[-92.7798637,44.9066296],[-92.7798152,44.9066272],[-92.7797757,44.9066264],[-92.7797403,44.9066286],[-92.7797033,44.906635],[-92.7796657,44.9066449],[-92.7796285,44.9066578],[-92.7795928,44.9066732],[-92.7795595,44.9066904],[-92.7795297,44.9067089],[-92.7795043,44.9067283],[-92.7794845,44.9067478],[-92.7794713,44.906767],[-92.7794608,44.9067892],[-92.779449,44.9068174],[-92.7794231,44.9068859],[-92.7793971,44.906961],[-92.7793744,44.9070316],[-92.7793586,44.9070861],[-92.7793557,44.9071085],[-92.7793644,44.9071577],[-92.7793888,44.9072085],[-92.7794241,44.907256],[-92.7794656,44.9072953],[-92.7795106,44.9073252],[-92.7795635,44.9073644],[-92.7796184,44.9074131],[-92.7796679,44.9074675],[-92.7797044,44.9075238],[-92.7797228,44.9075797],[-92.7797341,44.9076406],[-92.7797401,44.9077054],[-92.7797404,44.9077721],[-92.7797343,44.9078383],[-92.7797175,44.9079478],[-92.7797105,44.9080437],[-92.7797098,44.9081467],[-92.7797171,44.9082449],[-92.7797341,44.9083266],[-92.7797611,44.9084012],[-92.7798089,44.9085225],[-92.7798237,44.9085622],[-92.7798472,44.9086361],[-92.7798575,44.908697],[-92.7798555,44.9087644],[-92.7798471,44.9088549],[-92.7798339,44.9089585],[-92.7798172,44.909065],[-92.7797985,44.9091643],[-92.779788,44.9092103],[-92.779776,44.9092558],[-92.7797624,44.9093009],[-92.7797473,44.9093453],[-92.7797308,44.909389],[-92.7797127,44.9094318],[-92.7796933,44.9094739],[-92.7796725,44.9095149],[-92.7796503,44.9095548],[-92.7796268,44.9095936],[-92.7795977,44.9096259],[-92.7795602,44.9096465],[-92.779517,44.9096553],[-92.7794709,44.9096523],[-92.7794243,44.9096376],[-92.77938,44.909611],[-92.7793406,44.9095727],[-92.7793088,44.9095225],[-92.7792871,44.9094605],[-92.7792782,44.9093866],[-92.7792742,44.9093068],[-92.7792659,44.9092275],[-92.7792535,44.9091493],[-92.7792376,44.9090729],[-92.7792185,44.9089991],[-92.7791967,44.9089284],[-92.7791725,44.9088616],[-92.7791465,44.9087994],[-92.779119,44.9087424],[-92.7790904,44.9086913],[-92.7790593,44.9086415],[-92.7790242,44.9085884],[-92.7789858,44.9085326],[-92.7789447,44.908475],[-92.7789013,44.9084164],[-92.7788564,44.9083573],[-92.7788104,44.9082987],[-92.7787639,44.9082413],[-92.7787176,44.9081857],[-92.778672,44.9081328],[-92.7786219,44.9080848],[-92.7785627,44.9080432],[-92.778496,44.9080082],[-92.7784233,44.90798],[-92.7783461,44.9079585],[-92.7782661,44.9079441],[-92.7781847,44.9079367],[-92.7781035,44.9079365],[-92.778024,44.9079436],[-92.7779478,44.9079581],[-92.7778705,44.9079745],[-92.777787,44.907987],[-92.7776978,44.9079951],[-92.7776034,44.9079983],[-92.7775046,44.9079961],[-92.7774017,44.9079879],[-92.7772953,44.9079733],[-92.777186,44.9079518],[-92.7770743,44.9079228],[-92.7769607,44.9078859],[-92.776852,44.9078446],[-92.7767535,44.907803],[-92.7766638,44.9077617],[-92.7765814,44.9077209],[-92.7765051,44.9076812],[-92.7763647,44.9076066],[-92.7762979,44.9075727],[-92.7762315,44.9075415],[-92.7761641,44.9075135],[-92.7760899,44.9074847],[-92.7759157,44.9074146],[-92.7757266,44.9073362],[-92.7755461,44.9072588],[-92.775398,44.9071922],[-92.7752955,44.9071455],[-92.7751955,44.9071215],[-92.7750952,44.9071167],[-92.7750014,44.9071277],[-92.7749207,44.9071509],[-92.7748224,44.9071886],[-92.7747536,44.9071949],[-92.7746871,44.9071882],[-92.7746287,44.9071717],[-92.7745843,44.9071488],[-92.7745525,44.9071176],[-92.7745285,44.9070776],[-92.7745128,44.9070342],[-92.7745062,44.9069928],[-92.7745092,44.9069588],[-92.7745236,44.9069302],[-92.774549,44.9069028],[-92.7745831,44.9068787],[-92.7746234,44.9068599],[-92.7746674,44.9068486],[-92.7747241,44.9068444],[-92.7747989,44.906846],[-92.7748843,44.906854],[-92.7749726,44.9068692],[-92.7750563,44.9068923],[-92.7752645,44.9069655],[-92.7754345,44.9070272],[-92.7754864,44.9070372],[-92.7755404,44.9070321],[-92.7755892,44.9070142],[-92.7756252,44.9069859],[-92.7756411,44.9069493],[-92.7756333,44.90691],[-92.7756047,44.9068734],[-92.7755569,44.9068415],[-92.7754915,44.9068167],[-92.7754528,44.9068077],[-92.7753601,44.9067931],[-92.7752995,44.9067796],[-92.7752309,44.9067615],[-92.775157,44.9067394],[-92.7750801,44.9067142],[-92.7750029,44.9066867],[-92.7749278,44.9066575],[-92.7748572,44.9066274],[-92.7747937,44.9065971],[-92.7747398,44.9065675],[-92.7746935,44.9065359],[-92.7746507,44.9064999],[-92.7746115,44.9064603],[-92.7745756,44.9064182],[-92.7745427,44.9063744],[-92.7745127,44.9063299],[-92.7744855,44.9062856],[-92.7744607,44.9062423],[-92.774418,44.9061629],[-92.7744005,44.9061225],[-92.7743858,44.9060754],[-92.7743726,44.906023],[-92.7743461,44.9059079],[-92.7743302,44.9058482],[-92.774311,44.9057889],[-92.7742872,44.9057315],[-92.7742575,44.9056774],[-92.7742208,44.9056281],[-92.7741688,44.9055731],[-92.77415,44.9055515],[-92.7741352,44.9055332],[-92.7741238,44.9055177],[-92.7741151,44.9055045],[-92.7741037,44.9054833],[-92.7740961,44.9054657],[-92.774093,44.9054569],[-92.7740913,44.9054477],[-92.7740911,44.9054384],[-92.7740926,44.9054293],[-92.7740963,44.9054204],[-92.7741022,44.9054121],[-92.7741106,44.9054046],[-92.7741219,44.905398],[-92.7741362,44.9053926],[-92.7741538,44.9053887],[-92.7741839,44.9053848],[-92.7743006,44.9053728],[-92.7745764,44.9053473],[-92.7751216,44.905299],[-92.7752946,44.905285],[-92.7754295,44.9052754],[-92.7755325,44.9052693],[-92.7756411,44.9052643],[-92.7756673,44.905262],[-92.7756884,44.9052575],[-92.7757048,44.9052512],[-92.7757169,44.9052436],[-92.7757254,44.9052348],[-92.7757306,44.9052254],[-92.775733,44.9052157],[-92.7757331,44.905206],[-92.7757313,44.9051968],[-92.7757282,44.9051883],[-92.7757236,44.9051799],[-92.7757169,44.9051712],[-92.775764,44.9051678],[-92.7758607,44.9051717],[-92.7759645,44.9051619],[-92.7760674,44.9051411],[-92.7761615,44.9051123],[-92.7762566,44.9050896],[-92.7763648,44.9050889],[-92.7764813,44.9051159],[-92.7766011,44.9051763],[-92.7766607,44.9052208],[-92.7767193,44.9052757],[-92.7767766,44.9053407],[-92.7768321,44.9054139],[-92.7768856,44.9054936],[-92.7769367,44.905578],[-92.7769849,44.9056656],[-92.7770299,44.9057547],[-92.7770713,44.9058436],[-92.7771087,44.9059307],[-92.7771417,44.9060142],[-92.77717,44.9060926],[-92.7771995,44.9061674],[-92.7772362,44.9062411],[-92.7772795,44.9063132],[-92.7773289,44.9063834],[-92.7773839,44.9064512],[-92.7774438,44.9065161],[-92.7775082,44.9065777],[-92.7775765,44.9066356],[-92.7776481,44.9066893],[-92.7777225,44.9067385],[-92.7777993,44.9067849],[-92.7778782,44.9068306],[-92.7779593,44.9068757],[-92.7780424,44.9069202],[-92.7781275,44.9069641],[-92.7782146,44.9070074],[-92.7783035,44.9070502],[-92.7783942,44.9070924],[-92.7784867,44.9071341],[-92.7785808,44.9071754],[-92.7786713,44.9072106],[-92.7788258,44.9072502],[-92.7789462,44.9072578],[-92.7790338,44.9072442],[-92.7791185,44.9071934],[-92.7791397,44.9071039],[-92.7791252,44.9070514],[-92.7790874,44.9070026],[-92.7790582,44.9069816],[-92.7790166,44.9069586],[-92.7789597,44.9069291],[-92.7788905,44.9068946]]]}},{"type":"Feature","id":"way/1426171262","properties":{"leisure":"park","name":"Steamboat Park","osm_type":"way","osm_id":1426171262},"geometry":{"type":"Polygon","coordinates":[[[-92.7791561,44.8997821],[-92.7792405,44.8997178],[-92.7792907,44.8996604],[-92.7793076,44.8996275],[-92.7793381,44.8995333],[-92.7793743,44.8994549],[-92.7794337,44.8993591],[-92.7794868,44.8992887],[-92.7796116,44.8991482],[-92.7798368,44.898933],[-92.7799261,44.8988313],[-92.7799761,44.898766],[-92.7800152,44.8987051],[-92.7800453,44.8986415],[-92.7800763,44.8985443],[-92.7800932,44.8984537],[-92.7800976,44.8983707],[-92.7800835,44.8982477],[-92.780056,44.8981408],[-92.7800161,44.8980636],[-92.7799525,44.8979757],[-92.7798806,44.8978978],[-92.7796342,44.8976939],[-92.7795221,44.8975793],[-92.7794509,44.8974711],[-92.779393,44.8973608],[-92.7793528,44.8972588],[-92.7793398,44.8972012],[-92.7793384,44.8970917],[-92.7793492,44.8970358],[-92.77937,44.8969819],[-92.7795057,44.8967903],[-92.7796331,44.8965868],[-92.7798625,44.8961586],[-92.7800397,44.8958614],[-92.7800613,44.8958161],[-92.7800702,44.8957811],[-92.7800706,44.8957237],[-92.7800611,44.8956843],[-92.780043,44.8956456],[-92.7800151,44.8956084],[-92.7799753,44.8955696],[-92.7798971,44.8955104],[-92.7797215,44.8954055],[-92.7796982,44.8953747],[-92.7796945,44.8953477],[-92.7797097,44.8953195],[-92.7797323,44.8953075],[-92.7799026,44.8952682],[-92.7799699,44.8952447],[-92.7800419,44.8952121],[-92.7801812,44.8951314],[-92.7802392,44.8950888],[-92.7802874,44.8950442],[-92.7803267,44.8949982],[-92.7803712,44.894929],[-92.7803926,44.8948841],[-92.780401,44.8948419],[-92.7803837,44.894784],[-92.7802977,44.8946682],[-92.7802908,44.8946404],[-92.7802978,44.8946057],[-92.7803237,44.8945743],[-92.7803968,44.8945271],[-92.7804489,44.8945098],[-92.7805469,44.894498],[-92.7821052,44.8944993],[-92.7829573,44.8945],[-92.7830598,44.8945836],[-92.7830721,44.8945948],[-92.7830843,44.8946077],[-92.7830963,44.8946219],[-92.7831085,44.8946371],[-92.7831209,44.894653],[-92.7831338,44.8946691],[-92.7831474,44.8946852],[-92.7831617,44.8947008],[-92.783177,44.8947156],[-92.7831935,44.8947293],[-92.7832092,44.8947422],[-92.7832182,44.8947509],[-92.7832222,44.8947549],[-92.7832328,44.8947673],[-92.7832372,44.8947737],[-92.7832411,44.8947794],[-92.7832473,44.8947911],[-92.7832518,44.8948023],[-92.7832545,44.8948128],[-92.7832559,44.8948227],[-92.783256,44.8948319],[-92.783255,44.8948402],[-92.7832477,44.894879],[-92.783241,44.8949292],[-92.7832373,44.8949677],[-92.7832318,44.8950543],[-92.7832258,44.8952718],[-92.7832229,44.8954159],[-92.783198,44.8954157],[-92.7831749,44.8954155],[-92.7823509,44.8954092],[-92.7823315,44.8966783],[-92.782647,44.8966807],[-92.7831408,44.8966845],[-92.7831868,44.8966848],[-92.7831846,44.8969998],[-92.7831843,44.8970519],[-92.783184,44.8970928],[-92.7831628,44.8970928],[-92.7831396,44.8970927],[-92.7829057,44.8970921],[-92.7827661,44.8970928],[-92.7827046,44.8970941],[-92.782648,44.8970963],[-92.7825971,44.8970995],[-92.7825524,44.8971038],[-92.7825142,44.8971092],[-92.7824798,44.8971159],[-92.7824432,44.8971247],[-92.7824043,44.8971348],[-92.7823661,44.8971458],[-92.7823284,44.8971578],[-92.7822909,44.897171],[-92.7822535,44.8971859],[-92.7822159,44.8972025],[-92.782178,44.8972213],[-92.7821396,44.8972425],[-92.7821013,44.897266],[-92.7820666,44.8972902],[-92.7820369,44.8973144],[-92.7820108,44.8973392],[-92.7819878,44.897365],[-92.7819672,44.8973919],[-92.7819489,44.8974202],[-92.7819323,44.89745],[-92.7819173,44.8974816],[-92.7819036,44.8975149],[-92.7818909,44.89755],[-92.7818791,44.8975859],[-92.7818594,44.8976556],[-92.7818515,44.8976886],[-92.7818396,44.8977496],[-92.781833,44.8978015],[-92.7818314,44.8978396],[-92.7818324,44.8978528],[-92.7818351,44.8978671],[-92.7818398,44.8978838],[-92.7818466,44.8979028],[-92.7818552,44.8979232],[-92.7818792,44.8979723],[-92.7818905,44.8979924],[-92.7818983,44.8980062],[-92.7824297,44.8980074],[-92.7824283,44.8983088],[-92.7824271,44.8985926],[-92.7831321,44.8985942],[-92.7831553,44.8985942],[-92.7831777,44.8985943],[-92.7831777,44.8986162],[-92.783176,44.8986418],[-92.7831648,44.8987306],[-92.7831618,44.8987626],[-92.7831616,44.8987834],[-92.7831606,44.8988756],[-92.783141,44.8988755],[-92.7831178,44.8988754],[-92.7825197,44.8988736],[-92.7825171,44.8993073],[-92.7825141,44.8997922],[-92.7823037,44.8997916],[-92.7820807,44.8997909],[-92.7820418,44.8997908],[-92.7819604,44.8997905],[-92.781886,44.8997903],[-92.7794242,44.8997829],[-92.7791561,44.8997821]]]}},{"type":"Feature","id":"way/1426171266","properties":{"leisure":"marina","name":"Windmill Marina","seamark:harbour:category":"marina","seamark:type":"harbour","osm_type":"way","osm_id":1426171266},"geometry":{"type":"Polygon","coordinates":[[[-92.7784729,44.9018813],[-92.778487,44.9018686],[-92.7785225,44.9018461],[-92.7785633,44.901829],[-92.7786162,44.9018139],[-92.7787204,44.9017905],[-92.7788228,44.9017728],[-92.7789104,44.9017636],[-92.7789636,44.9017499],[-92.7789925,44.9017379],[-92.7790127,44.9017253],[-92.7790471,44.9016903],[-92.7790673,44.9016749],[-92.7790898,44.9016616],[-92.7791574,44.9016378],[-92.779183,44.9016242],[-92.779197,44.9016105],[-92.7792196,44.901568],[-92.779254,44.9015031],[-92.7792654,44.9014891],[-92.7794391,44.9013367],[-92.7795602,44.9012311],[-92.7795944,44.9012144],[-92.779658,44.9012015],[-92.7797462,44.9011992],[-92.7805582,44.9012346],[-92.7813998,44.901259],[-92.7814428,44.9012547],[-92.7814653,44.9012451],[-92.7814755,44.9012315],[-92.7815206,44.9009952],[-92.7815241,44.9009465],[-92.7815195,44.9009305],[-92.781509,44.9009152],[-92.7814915,44.9009016],[-92.7814701,44.900892],[-92.7814208,44.9008826],[-92.7811204,44.9008783],[-92.7804914,44.900874],[-92.7796217,44.9008516],[-92.7791775,44.9008273],[-92.779127,44.9008288],[-92.779088,44.9008368],[-92.7790586,44.9008496],[-92.7790364,44.9008653],[-92.7790108,44.9008904],[-92.77899,44.9009032],[-92.7789543,44.900914],[-92.7789218,44.9009136],[-92.7788973,44.9009022],[-92.778881,44.9008886],[-92.7788666,44.9008682],[-92.7788561,44.9008389],[-92.7788517,44.9007988],[-92.7788529,44.9006425],[-92.7788564,44.9005176],[-92.7788644,44.9004705],[-92.7788779,44.9004318],[-92.7789009,44.9003928],[-92.7789159,44.9003815],[-92.7789441,44.9003692],[-92.7789848,44.9003643],[-92.7790087,44.9003685],[-92.7790242,44.9003774],[-92.7790299,44.9003851],[-92.7790484,44.9004565],[-92.7790605,44.90047],[-92.779082,44.9004785],[-92.7791031,44.9004805],[-92.7794843,44.9004811],[-92.7803617,44.9004828],[-92.7811,44.9004811],[-92.7814775,44.9004777],[-92.7815161,44.9004747],[-92.7815462,44.9004664],[-92.7815685,44.9004534],[-92.7815836,44.9004365],[-92.7815922,44.9004164],[-92.7816147,44.9002816],[-92.7816389,44.9000933],[-92.7816372,44.9000314],[-92.7816307,44.9000028],[-92.7816234,44.8999882],[-92.781609,44.8999746],[-92.781598,44.899969],[-92.7815659,44.8999616],[-92.7812145,44.89996],[-92.7805654,44.8999578],[-92.7804544,44.8999591],[-92.7802379,44.8999672],[-92.7797472,44.8999684],[-92.7793768,44.8999717],[-92.7791487,44.8999801],[-92.7791268,44.8999848],[-92.7791047,44.8999958],[-92.7790749,44.9000352],[-92.7790455,44.9000573],[-92.7790272,44.9000619],[-92.778992,44.9000629],[-92.7789637,44.900056],[-92.7789402,44.9000408],[-92.7789216,44.9000137],[-92.7789139,44.8999878],[-92.7789111,44.8999572],[-92.7789159,44.8999358],[-92.7789349,44.8999052],[-92.7789558,44.8998874],[-92.778969,44.8998797],[-92.779102,44.8998108],[-92.7791561,44.8997821],[-92.778442,44.8997814],[-92.7779055,44.9018827],[-92.7784729,44.9018813]]]}},{"type":"Feature","id":"way/1426171268","properties":{"natural":"wood","osm_type":"way","osm_id":1426171268},"geometry":{"type":"Polygon","coordinates":[[[-92.7790673,44.9016749],[-92.7790471,44.9016903],[-92.7790127,44.9017253],[-92.7789925,44.9017379],[-92.7789636,44.9017499],[-92.7789104,44.9017636],[-92.7788228,44.9017728],[-92.7787204,44.9017905],[-92.7786162,44.9018139],[-92.7785633,44.901829],[-92.7785225,44.9018461],[-92.778487,44.9018686],[-92.7784729,44.9018813],[-92.7784619,44.9018948],[-92.7784521,44.9019234],[-92.7784545,44.901938],[-92.7784686,44.9019601],[-92.7785073,44.9019818],[-92.7785486,44.9019926],[-92.778601,44.9019972],[-92.778631,44.9019963],[-92.7788587,44.9019705],[-92.7789984,44.901963],[-92.7790984,44.9019624],[-92.7793749,44.9019681],[-92.7794266,44.901972],[-92.7794672,44.9019794],[-92.7794947,44.9019959],[-92.779504,44.9020068],[-92.7795154,44.9020316],[-92.7795571,44.9020204],[-92.7795906,44.9020049],[-92.7796252,44.9019778],[-92.7796603,44.9019251],[-92.7796895,44.9019118],[-92.779718,44.9019072],[-92.780146,44.9019224],[-92.7808164,44.9019263],[-92.7810865,44.901912],[-92.7810957,44.9018001],[-92.7810828,44.9017818],[-92.7810599,44.901773],[-92.7799074,44.9017364],[-92.779702,44.9017523],[-92.7795831,44.901752],[-92.7794927,44.9017468],[-92.779398,44.9017376],[-92.7792654,44.9017181],[-92.7790673,44.9016749]]]}},{"type":"Feature","id":"way/1499304687","properties":{"highway":"service","service":"driveway","osm_type":"way","osm_id":1499304687},"geometry":{"type":"LineString","coordinates":[[-92.787934,44.906951],[-92.787657,44.9072943],[-92.7876783,44.907462],[-92.7877676,44.9077832],[-92.7878605,44.9079175],[-92.7879192,44.90802],[-92.7878473,44.9082397],[-92.7876531,44.9082959],[-92.7875116,44.9082817],[-92.7874256,44.9082202],[-92.7873817,44.9079595],[-92.7877676,44.9077832]]}},{"type":"Feature","id":"node/349585184","properties":{"amenity":"post_office","check_date":"2026-06-03","ele":"684","gnis:feature_id":"2097971","name":"Afton Post Office","operator":"United States Postal Service","operator:short":"USPS","operator:type":"public","operator:wikidata":"Q668687","website":"https://tools.usps.com/locations/details/1352421","osm_type":"node","osm_id":349585184},"geometry":{"type":"Point","coordinates":[-92.7827444,44.9035889]}},{"type":"Feature","id":"node/4296594766","properties":{"amenity":"restaurant","cuisine":"burger","name":"The Lumberyard Pub","osm_type":"node","osm_id":4296594766},"geometry":{"type":"Point","coordinates":[-92.7829215,44.9036335]}},{"type":"Feature","id":"node/5404131501","properties":{"amenity":"toilets","osm_type":"node","osm_id":5404131501},"geometry":{"type":"Point","coordinates":[-92.7829357,44.8991652]}},{"type":"Feature","id":"node/5404133443","properties":{"amenity":"drinking_water","osm_type":"node","osm_id":5404133443},"geometry":{"type":"Point","coordinates":[-92.7835377,44.8991764]}},{"type":"Feature","id":"node/6574764643","properties":{"amenity":"toilets","changing_table":"yes","toilets:disposal":"flush","wheelchair":"yes","osm_type":"node","osm_id":6574764643},"geometry":{"type":"Point","coordinates":[-92.78359,44.899177]}},{"type":"Feature","id":"node/7178966984","properties":{"amenity":"bicycle_repair_station","osm_type":"node","osm_id":7178966984},"geometry":{"type":"Point","coordinates":[-92.7834645,44.8991424]}},{"type":"Feature","id":"node/12439995080","properties":{"amenity":"bench","osm_type":"node","osm_id":12439995080},"geometry":{"type":"Point","coordinates":[-92.7829925,44.9051556]}},{"type":"Feature","id":"node/12510957431","properties":{"archaeological_site":"tumulus","historic":"archaeological_site","name":"Rattlesnake Effigy Mound","osm_type":"node","osm_id":12510957431},"geometry":{"type":"Point","coordinates":[-92.7824761,44.8996942]}},{"type":"Feature","id":"node/12525337488","properties":{"amenity":"bench","osm_type":"node","osm_id":12525337488},"geometry":{"type":"Point","coordinates":[-92.7834138,44.8991707]}},{"type":"Feature","id":"node/12525337489","properties":{"amenity":"bench","osm_type":"node","osm_id":12525337489},"geometry":{"type":"Point","coordinates":[-92.7834139,44.899219]}},{"type":"Feature","id":"node/12525337495","properties":{"amenity":"recycling","recycling_type":"container","osm_type":"node","osm_id":12525337495},"geometry":{"type":"Point","coordinates":[-92.7843773,44.8995078]}},{"type":"Feature","id":"node/12525337500","properties":{"amenity":"bench","osm_type":"node","osm_id":12525337500},"geometry":{"type":"Point","coordinates":[-92.7841847,44.899192]}},{"type":"Feature","id":"node/12525401105","properties":{"amenity":"bench","osm_type":"node","osm_id":12525401105},"geometry":{"type":"Point","coordinates":[-92.784198,44.8992678]}},{"type":"Feature","id":"node/12525401110","properties":{"amenity":"bench","osm_type":"node","osm_id":12525401110},"geometry":{"type":"Point","coordinates":[-92.7840583,44.8989309]}},{"type":"Feature","id":"node/12525401115","properties":{"amenity":"bench","osm_type":"node","osm_id":12525401115},"geometry":{"type":"Point","coordinates":[-92.7840766,44.8989953]}},{"type":"Feature","id":"node/12525401116","properties":{"amenity":"bench","osm_type":"node","osm_id":12525401116},"geometry":{"type":"Point","coordinates":[-92.7840351,44.8990688]}},{"type":"Feature","id":"node/12525402441","properties":{"amenity":"bicycle_parking","osm_type":"node","osm_id":12525402441},"geometry":{"type":"Point","coordinates":[-92.7834926,44.8991487]}},{"type":"Feature","id":"node/12543039431","properties":{"amenity":"bench","osm_type":"node","osm_id":12543039431},"geometry":{"type":"Point","coordinates":[-92.783132,44.8967223]}},{"type":"Feature","id":"node/12543039432","properties":{"amenity":"bench","osm_type":"node","osm_id":12543039432},"geometry":{"type":"Point","coordinates":[-92.7828549,44.8968077]}},{"type":"Feature","id":"node/12829438260","properties":{"amenity":"bench","osm_type":"node","osm_id":12829438260},"geometry":{"type":"Point","coordinates":[-92.7820375,44.90535]}},{"type":"Feature","id":"node/12829486526","properties":{"amenity":"bench","osm_type":"node","osm_id":12829486526},"geometry":{"type":"Point","coordinates":[-92.7807767,44.9086539]}},{"type":"Feature","id":"relation/272005","properties":{"intermittent":"no","name":"Saint Croix River","natural":"water","tidal":"no","type":"multipolygon","water":"river","osm_type":"relation","osm_id":272005},"geometry":{"type":"Polygon","coordinates":[[[-92.7781107,44.9064621],[-92.7781283,44.9065015],[-92.7781553,44.9065389],[-92.7781928,44.9065739],[-92.7782422,44.9066058],[-92.7783045,44.906634],[-92.7783787,44.9066632],[-92.7784609,44.9066975],[-92.7785482,44.9067354],[-92.7786378,44.9067755],[-92.7787266,44.9068164],[-92.7788118,44.9068565],[-92.7788905,44.9068946],[-92.7789597,44.9069291],[-92.7790166,44.9069586],[-92.7790582,44.9069816],[-92.7790874,44.9070026],[-92.7791252,44.9070514],[-92.7791397,44.9071039],[-92.7791185,44.9071934],[-92.7790338,44.9072442],[-92.7789462,44.9072578],[-92.7788258,44.9072502],[-92.7786713,44.9072106],[-92.7785808,44.9071754],[-92.7784867,44.9071341],[-92.7783942,44.9070924],[-92.7783035,44.9070502],[-92.7782146,44.9070074],[-92.7781275,44.9069641],[-92.7780424,44.9069202],[-92.7779593,44.9068757],[-92.7778782,44.9068306],[-92.7777993,44.9067849],[-92.7777225,44.9067385],[-92.7776481,44.9066893],[-92.7775765,44.9066356],[-92.7775082,44.9065777],[-92.7774438,44.9065161],[-92.7773839,44.9064512],[-92.7773289,44.9063834],[-92.7772795,44.9063132],[-92.7772362,44.9062411],[-92.7771995,44.9061674],[-92.77717,44.9060926],[-92.7771417,44.9060142],[-92.7771087,44.9059307],[-92.7770713,44.9058436],[-92.7770299,44.9057547],[-92.7769849,44.9056656],[-92.7769367,44.905578],[-92.7768856,44.9054936],[-92.7768321,44.9054139],[-92.7767766,44.9053407],[-92.7767193,44.9052757],[-92.7766607,44.9052208],[-92.7766011,44.9051763],[-92.7764813,44.9051159],[-92.7763648,44.9050889],[-92.7762566,44.9050896],[-92.7761615,44.9051123],[-92.7760674,44.9051411],[-92.7759645,44.9051619],[-92.7758607,44.9051717],[-92.775764,44.9051678],[-92.7757169,44.9051712],[-92.7757089,44.905162],[-92.7756967,44.9051541],[-92.7756825,44.9051473],[-92.7756657,44.9051419],[-92.7756459,44.9051384],[-92.775623,44.9051376],[-92.7755969,44.9051398],[-92.7755673,44.9051455],[-92.7754877,44.9051654],[-92.7754618,44.9051719],[-92.77542,44.9051815],[-92.7753738,44.905191],[-92.7753228,44.9052003],[-92.7752663,44.9052091],[-92.7752036,44.9052172],[-92.7751343,44.9052243],[-92.7750577,44.9052301],[-92.7746104,44.905258],[-92.77442,44.9052711],[-92.7742331,44.9052857],[-92.774143,44.9052937],[-92.7740535,44.9053024],[-92.7739626,44.9053121],[-92.7738713,44.905323],[-92.7737805,44.905335],[-92.7736913,44.9053485],[-92.7736044,44.9053634],[-92.773521,44.90538],[-92.773442,44.9053984],[-92.7733683,44.9054187],[-92.7733008,44.905441],[-92.7732405,44.9054651],[-92.7731873,44.9054905],[-92.7731404,44.9055167],[-92.7730994,44.9055433],[-92.7730638,44.9055698],[-92.7730329,44.9055957],[-92.7730061,44.9056207],[-92.772983,44.9056442],[-92.7729454,44.9056851],[-92.77283,44.9058108],[-92.7727809,44.9058633],[-92.7727268,44.9059191],[-92.7726683,44.905977],[-92.7726056,44.9060359],[-92.772539,44.9060946],[-92.7724689,44.9061519],[-92.7723956,44.9062065],[-92.7723071,44.9062707],[-92.7721951,44.9063538],[-92.7720656,44.9064513],[-92.771489,44.9068888],[-92.7713595,44.9069863],[-92.7712476,44.9070695],[-92.7711591,44.9071336],[-92.7710685,44.9071966],[-92.7708143,44.9073692],[-92.7702111,44.9077744],[-92.7699752,44.9079347],[-92.7695696,44.9082199],[-92.7693727,44.9083599],[-92.7692764,44.9084298],[-92.7691857,44.9084972],[-92.7691034,44.9085605],[-92.7690324,44.9086178],[-92.7688505,44.9087721],[-92.7686926,44.9089134],[-92.7685329,44.909059],[-92.7683773,44.9092017],[-92.7682275,44.909329],[-92.7678825,44.9096388],[-92.76779103068505,44.90972],[-92.76727,44.90972],[-92.76727,44.9011669],[-92.7674362,44.9011669],[-92.7676672,44.9011448],[-92.7678654,44.9011366],[-92.7679941,44.9011244],[-92.7680997,44.9011261],[-92.7681941,44.9011261],[-92.768383,44.9010653],[-92.7684945,44.901041],[-92.7685975,44.9010349],[-92.7689666,44.9010775],[-92.7697992,44.9012234],[-92.7704,44.9013389],[-92.7706317,44.9013997],[-92.7709493,44.9014909],[-92.7711982,44.901576],[-92.7713012,44.9016186],[-92.7713699,44.9016186],[-92.7713527,44.9015638],[-92.7712583,44.9015091],[-92.7710266,44.9013997],[-92.770709,44.9012963],[-92.7702884,44.9011504],[-92.7700052,44.901041],[-92.7697648,44.9009559],[-92.7695417,44.9008525],[-92.7693443,44.9007431],[-92.7691469,44.9006215],[-92.768958,44.9005121],[-92.7688293,44.9003722],[-92.7688121,44.9002689],[-92.7688293,44.9001898],[-92.7688808,44.9000987],[-92.7689444,44.900027],[-92.7690217,44.8999358],[-92.7691422,44.8997826],[-92.7691937,44.8996974],[-92.7692795,44.8996123],[-92.7693396,44.899509],[-92.7693654,44.8994543],[-92.7694255,44.8993691],[-92.7694512,44.8992901],[-92.7695027,44.8991746],[-92.7695971,44.899053],[-92.7696915,44.8989314],[-92.7697259,44.8988524],[-92.769846,44.8986943],[-92.7699233,44.8986092],[-92.7700263,44.898518],[-92.7700778,44.8984146],[-92.7700778,44.8983477],[-92.7700778,44.8982687],[-92.7701035,44.8981532],[-92.7701636,44.8980072],[-92.7702151,44.8978917],[-92.7702408,44.8977762],[-92.7702838,44.8976364],[-92.7703095,44.897533],[-92.7703353,44.8974236],[-92.7703868,44.8973324],[-92.7704554,44.8972168],[-92.7705498,44.8970892],[-92.7706099,44.8969858],[-92.7706786,44.8968581],[-92.7706872,44.8967608],[-92.7707129,44.8966514],[-92.7707644,44.896548],[-92.7707644,44.89639],[-92.770773,44.8963109],[-92.7707816,44.896165],[-92.77078630292505,44.89615],[-92.77986762759085,44.89615],[-92.7798625,44.8961586],[-92.7796331,44.8965868],[-92.7795057,44.8967903],[-92.77937,44.8969819],[-92.7793492,44.8970358],[-92.7793384,44.8970917],[-92.7793398,44.8972012],[-92.7793528,44.8972588],[-92.779393,44.8973608],[-92.7794509,44.8974711],[-92.7795221,44.8975793],[-92.7796342,44.8976939],[-92.7798806,44.8978978],[-92.7799525,44.8979757],[-92.7800161,44.8980636],[-92.780056,44.8981408],[-92.7800835,44.8982477],[-92.7800976,44.8983707],[-92.7800932,44.8984537],[-92.7800763,44.8985443],[-92.7800453,44.8986415],[-92.7800152,44.8987051],[-92.7799761,44.898766],[-92.7799261,44.8988313],[-92.7798368,44.898933],[-92.7796116,44.8991482],[-92.7794868,44.8992887],[-92.7794337,44.8993591],[-92.7793743,44.8994549],[-92.7793381,44.8995333],[-92.7793076,44.8996275],[-92.7792907,44.8996604],[-92.7792405,44.8997178],[-92.7791561,44.8997821],[-92.779102,44.8998108],[-92.778969,44.8998797],[-92.7789558,44.8998874],[-92.7789349,44.8999052],[-92.7789159,44.8999358],[-92.7789111,44.8999572],[-92.7789139,44.8999878],[-92.7789216,44.9000137],[-92.7789402,44.9000408],[-92.7789637,44.900056],[-92.778992,44.9000629],[-92.7790272,44.9000619],[-92.7790455,44.9000573],[-92.7790749,44.9000352],[-92.7791047,44.8999958],[-92.7791268,44.8999848],[-92.7791487,44.8999801],[-92.7793768,44.8999717],[-92.7797472,44.8999684],[-92.7802379,44.8999672],[-92.7804544,44.8999591],[-92.7805654,44.8999578],[-92.7812145,44.89996],[-92.7815659,44.8999616],[-92.781598,44.899969],[-92.781609,44.8999746],[-92.7816234,44.8999882],[-92.7816307,44.9000028],[-92.7816372,44.9000314],[-92.7816389,44.9000933],[-92.7816147,44.9002816],[-92.7815922,44.9004164],[-92.7815836,44.9004365],[-92.7815685,44.9004534],[-92.7815462,44.9004664],[-92.7815161,44.9004747],[-92.7814775,44.9004777],[-92.7811,44.9004811],[-92.7803617,44.9004828],[-92.7794843,44.9004811],[-92.7791031,44.9004805],[-92.779082,44.9004785],[-92.7790605,44.90047],[-92.7790484,44.9004565],[-92.7790299,44.9003851],[-92.7790242,44.9003774],[-92.7790087,44.9003685],[-92.7789848,44.9003643],[-92.7789441,44.9003692],[-92.7789159,44.9003815],[-92.7789009,44.9003928],[-92.7788779,44.9004318],[-92.7788644,44.9004705],[-92.7788564,44.9005176],[-92.7788529,44.9006425],[-92.7788517,44.9007988],[-92.7788561,44.9008389],[-92.7788666,44.9008682],[-92.778881,44.9008886],[-92.7788973,44.9009022],[-92.7789218,44.9009136],[-92.7789543,44.900914],[-92.77899,44.9009032],[-92.7790108,44.9008904],[-92.7790364,44.9008653],[-92.7790586,44.9008496],[-92.779088,44.9008368],[-92.779127,44.9008288],[-92.7791775,44.9008273],[-92.7796217,44.9008516],[-92.7804914,44.900874],[-92.7811204,44.9008783],[-92.7814208,44.9008826],[-92.7814701,44.900892],[-92.7814915,44.9009016],[-92.781509,44.9009152],[-92.7815195,44.9009305],[-92.7815241,44.9009465],[-92.7815206,44.9009952],[-92.7814755,44.9012315],[-92.7814653,44.9012451],[-92.7814428,44.9012547],[-92.7813998,44.901259],[-92.7805582,44.9012346],[-92.7797462,44.9011992],[-92.779658,44.9012015],[-92.7795944,44.9012144],[-92.7795602,44.9012311],[-92.7794391,44.9013367],[-92.7792654,44.9014891],[-92.779254,44.9015031],[-92.7792196,44.901568],[-92.779197,44.9016105],[-92.779183,44.9016242],[-92.7791574,44.9016378],[-92.7790898,44.9016616],[-92.7790673,44.9016749],[-92.7790471,44.9016903],[-92.7790127,44.9017253],[-92.7789925,44.9017379],[-92.7789636,44.9017499],[-92.7789104,44.9017636],[-92.7788228,44.9017728],[-92.7787204,44.9017905],[-92.7786162,44.9018139],[-92.7785633,44.901829],[-92.7785225,44.9018461],[-92.778487,44.9018686],[-92.7784729,44.9018813],[-92.7784619,44.9018948],[-92.7784521,44.9019234],[-92.7784545,44.901938],[-92.7784686,44.9019601],[-92.7785073,44.9019818],[-92.7785486,44.9019926],[-92.778601,44.9019972],[-92.778631,44.9019963],[-92.7788587,44.9019705],[-92.7789984,44.901963],[-92.7790984,44.9019624],[-92.7793749,44.9019681],[-92.7794266,44.901972],[-92.7794672,44.9019794],[-92.7794947,44.9019959],[-92.779504,44.9020068],[-92.7795154,44.9020316],[-92.779518,44.9020444],[-92.779515,44.902118],[-92.7795078,44.9023073],[-92.7794994,44.9023858],[-92.7794848,44.9024089],[-92.7794634,44.9024243],[-92.7794215,44.9024356],[-92.7793449,44.9024399],[-92.7792759,44.9024492],[-92.7792359,44.9024607],[-92.7792082,44.902478],[-92.7791914,44.9025021],[-92.7791807,44.9025316],[-92.7791778,44.9025636],[-92.7791843,44.9025956],[-92.7792145,44.902637],[-92.7792432,44.902655],[-92.7792772,44.9026663],[-92.7797048,44.902716],[-92.7798351,44.902735],[-92.7798828,44.9027466],[-92.7799098,44.9027608],[-92.7799278,44.9027867],[-92.7799264,44.902844],[-92.7798465,44.9033097],[-92.7797666,44.9038209],[-92.7797469,44.9038595],[-92.7797099,44.9038849],[-92.7796614,44.9038992],[-92.7793167,44.9039507],[-92.7792155,44.9039624],[-92.7791265,44.9039599],[-92.7790284,44.9039426],[-92.7789655,44.9039211],[-92.7782368,44.9034975],[-92.7780674,44.9033914],[-92.7780372,44.9033626],[-92.7780167,44.9033301],[-92.7780091,44.9032942],[-92.778011,44.903275],[-92.7780282,44.9032347],[-92.7781623,44.9029972],[-92.7782785,44.9027906],[-92.7783256,44.902724],[-92.778358,44.9027043],[-92.7783856,44.9026962],[-92.77849,44.9026881],[-92.7785618,44.9026684],[-92.7786195,44.902632],[-92.7786442,44.902602],[-92.7786546,44.9025531],[-92.7786354,44.9025025],[-92.7785852,44.9024545],[-92.7785332,44.9024262],[-92.7785022,44.9024146],[-92.7784338,44.9024],[-92.7783208,44.9023955],[-92.778166,44.9024095],[-92.7780512,44.9024342],[-92.7777528,44.9025351],[-92.7772679,44.9026895],[-92.7771046,44.9027525],[-92.7770412,44.9027828],[-92.7769954,44.9028115],[-92.7768802,44.9029013],[-92.7767343,44.9030351],[-92.7764854,44.9032296],[-92.776391,44.9033208],[-92.7763137,44.903412],[-92.7762279,44.9034971],[-92.7761764,44.903564],[-92.7761077,44.9037099],[-92.7760477,44.9037889],[-92.7760581,44.9038566],[-92.7760872,44.9039184],[-92.7761295,44.9039746],[-92.7761909,44.9040294],[-92.7762231,44.9040445],[-92.7762796,44.9040518],[-92.7763379,44.9040426],[-92.7764036,44.9040163],[-92.7764292,44.9040128],[-92.7764616,44.9040207],[-92.7764854,44.9040365],[-92.7766067,44.9041453],[-92.7766424,44.9041717],[-92.7767044,44.904199],[-92.7767498,44.9042047],[-92.7767972,44.9041969],[-92.7768212,44.9041871],[-92.7770662,44.9040566],[-92.777434,44.9038598],[-92.7777627,44.9036903],[-92.7778215,44.9036703],[-92.7778965,44.903663],[-92.7779649,44.9036778],[-92.7780403,44.9037114],[-92.7781576,44.9037856],[-92.7783022,44.9038876],[-92.7784713,44.9040128],[-92.7788227,44.9043023],[-92.7791222,44.9045592],[-92.7794319,44.9048501],[-92.7797855,44.9051854],[-92.7797946,44.9052053],[-92.7797908,44.9052418],[-92.7797799,44.9052581],[-92.7797515,44.9052822],[-92.7797002,44.9053089],[-92.7796472,44.9053263],[-92.7796028,44.9053398],[-92.7793331,44.9054144],[-92.7792858,44.9054223],[-92.7792355,44.905424],[-92.7791649,44.9054141],[-92.7791281,44.9053985],[-92.7787946,44.9050907],[-92.7781874,44.904535],[-92.7780832,44.9044436],[-92.7780595,44.9044281],[-92.7780087,44.9044093],[-92.7779553,44.9044043],[-92.7779021,44.9044104],[-92.7778517,44.9044247],[-92.7776051,44.9045331],[-92.7773791,44.9046374],[-92.7773486,44.9046598],[-92.7773303,44.9046889],[-92.7773327,44.9047115],[-92.7773523,44.9047362],[-92.7775254,44.904866],[-92.7776482,44.9049612],[-92.7777439,44.905043],[-92.7778404,44.9051355],[-92.7780123,44.9053162],[-92.7782071,44.9055176],[-92.7782332,44.9055547],[-92.7782502,44.9056025],[-92.7782557,44.9056676],[-92.7782384,44.9058117],[-92.7781989,44.9059881],[-92.7781106,44.9062965],[-92.778099,44.9063797],[-92.7781107,44.9064621]]]}}]}