{"type":"FeatureCollection","features":[{"type":"Feature","id":"way/246085346","properties":{"addr:city":"Afton","addr:housenumber":"3419","addr:postcode":"55001","addr:street":"Saint Croix Trail South","amenity":"cafe","building":"retail","name":"Selma's","osm_type":"way","osm_id":246085346},"geometry":{"type":"Polygon","coordinates":[[[1736.0116074943217,681.555049745366],[1736.0117365446058,678.5557239083573],[1732.7509316597134,678.5581093477085],[1732.753703741997,674.5701238354668],[1741.3596884854487,674.5709325587377],[1741.3594289953471,665.8173429584131],[1725.0080297607346,665.8180380295962],[1725.0149152905797,666.1957493545488],[1722.709471750015,666.1895857304335],[1722.7116316239117,671.2884458666667],[1722.7111821590806,674.4099655458704],[1724.9219083085773,674.4047673260793],[1724.9185717290384,681.558706689626],[1736.0116074943217,681.555049745366]]]}},{"type":"Feature","id":"way/246085454","properties":{"building":"yes","osm_type":"way","osm_id":246085454},"geometry":{"type":"Polygon","coordinates":[[[1750.8032257148298,686.1269557727501],[1733.741744203493,685.9590976824984],[1733.6983359014266,690.3802105747163],[1750.7597758959164,690.5591771183535],[1750.8032257148298,686.1269557727501]]]}},{"type":"Feature","id":"way/246085678","properties":{"addr:city":"Afton","addr:housenumber":"3411","addr:postcode":"55001","addr:street":"St Croix Trail South","building":"yes","osm_type":"way","osm_id":246085678},"geometry":{"type":"Polygon","coordinates":[[[1731.9803013353376,721.6685859644786],[1733.993539901625,721.6961885681376],[1735.4263610652415,720.289227463305],[1735.4467284198035,718.5785550614819],[1749.1448782671941,718.6818688884377],[1749.2430780327995,705.5961819626391],[1738.8687646800536,705.5239786487073],[1738.9087697204668,699.4254555627704],[1726.4027413420845,699.3364599980414],[1726.3189291665913,710.0116157056764],[1729.0506437628646,710.0411379290745],[1730.6416320577846,711.4895130712539],[1730.578743378108,720.2429343322292],[1731.9803013353376,721.6685859644786]]]}},{"type":"Feature","id":"way/246087078","properties":{"addr:city":"Afton","addr:housenumber":"3390","addr:postcode":"55001","addr:street":"St Croix Trail South","building":"yes","building:levels":"2","osm_type":"way","osm_id":246087078},"geometry":{"type":"Polygon","coordinates":[[[1683.1004714830196,754.1418155292049],[1674.6446332947817,754.1303761256859],[1674.6438219351694,757.3963071396574],[1658.0795153296203,757.3854955229908],[1658.071400612127,766.3612358067185],[1672.3065612618811,766.3769472688437],[1672.308693206287,765.5771325705573],[1674.1167013295344,765.5819521574304],[1674.1157536984538,765.9374253582209],[1680.8819967536838,765.9443579651415],[1680.882974385342,765.577776229009],[1683.085744114709,765.5836511421949],[1683.1004714830196,754.1418155292049]]]}},{"type":"Feature","id":"way/246087646","properties":{"building":"yes","osm_type":"way","osm_id":246087646},"geometry":{"type":"Polygon","coordinates":[[[1640.8233909038245,762.1940253609791],[1640.984738442523,749.0307447602972],[1632.0080729470355,748.9179983902723],[1631.854609542177,762.0924086971208],[1640.8233909038245,762.1940253609791]]]}},{"type":"Feature","id":"way/246087647","properties":{"building":"yes","osm_type":"way","osm_id":246087647},"geometry":{"type":"Polygon","coordinates":[[[1622.1764421621338,755.6014651004225],[1617.7706893437426,755.6675176806748],[1617.8036720913951,758.1115007819608],[1614.558610001346,758.1473138192669],[1614.4801566227688,752.0151495458558],[1602.3841346162953,752.1718741878867],[1602.528399723058,763.2586555508897],[1606.9420128488564,763.20372200571],[1606.9820099812932,765.9809821574017],[1614.3485558498069,765.8894610246643],[1614.3158669464174,763.3343925401568],[1617.734651085455,763.2879323614761],[1617.747903200041,764.2433085376397],[1622.28783956985,764.1887212116271],[1622.1764421621338,755.6014651004225]]]}},{"type":"Feature","id":"way/246087649","properties":{"building":"yes","osm_type":"way","osm_id":246087649},"geometry":{"type":"Polygon","coordinates":[[[1741.8732489038375,839.6352455019951],[1741.9240332907648,826.5605377592146],[1727.862788242055,826.5118101825938],[1727.839118560194,832.4104230636731],[1718.0254770180327,832.3730776440352],[1717.998431682412,839.5380640113726],[1741.8732489038375,839.6352455019951]]]}},{"type":"Feature","id":"way/246087650","properties":{"building":"yes","osm_type":"way","osm_id":246087650},"geometry":{"type":"Polygon","coordinates":[[[1742.5948471679003,808.9662823295221],[1742.5573881990858,796.4134440589696],[1717.9397866525105,796.4920134879649],[1717.9772938384558,809.0448514875025],[1742.5948471679003,808.9662823295221]]]}},{"type":"Feature","id":"way/246088152","properties":{"building":"yes","osm_type":"way","osm_id":246088152},"geometry":{"type":"Polygon","coordinates":[[[1684.9836143841967,885.8061729324982],[1684.90506171179,867.8988703936338],[1678.8415018441738,867.9271325897425],[1678.8318435067195,865.6276228567585],[1668.8127432827023,865.6786735905334],[1668.9010028237244,885.8854855205864],[1684.9836143841967,885.8061729324982]]]}},{"type":"Feature","id":"way/246088153","properties":{"building":"yes","osm_type":"way","osm_id":246088153},"geometry":{"type":"Polygon","coordinates":[[[1650.7267885567271,879.8050951706246],[1650.7296595365624,872.795564760454],[1647.7531773378141,872.7987498696893],[1647.749067038938,871.3768358165398],[1638.045928128122,871.3732325462624],[1638.047213022015,879.7935684286058],[1650.7267885567271,879.8050951706246]]]}},{"type":"Feature","id":"way/246088154","properties":{"building":"yes","osm_type":"way","osm_id":246088154},"geometry":{"type":"Polygon","coordinates":[[[1751.2826292062528,601.4472674243152],[1751.2929807033506,597.5814973972738],[1755.501220047241,597.6038759276271],[1755.5180602177861,591.3164454167709],[1751.1281917199958,591.3046891614795],[1751.1475261718151,584.0841418299824],[1737.962144651392,584.037740319036],[1737.9341163680656,594.5130882402882],[1739.3631915409933,594.5169120971113],[1739.3447620522347,601.4042035071179],[1751.2826292062528,601.4472674243152]]]}},{"type":"Feature","id":"way/246088155","properties":{"building":"yes","osm_type":"way","osm_id":246088155},"geometry":{"type":"Polygon","coordinates":[[[1647.6687463787966,607.8913657581434],[1647.7643464559224,601.6374708916992],[1631.1923919861438,601.3823210680857],[1631.0968080803868,607.6362161366269],[1647.6687463787966,607.8913657581434]]]}},{"type":"Feature","id":"way/246088156","properties":{"building":"yes","osm_type":"way","osm_id":246088156},"geometry":{"type":"Polygon","coordinates":[[[1647.9745015358785,587.941110198386],[1647.9942815134418,580.5095007577911],[1640.9515312881558,580.4907596483827],[1640.9317594772438,587.9223690889776],[1647.9745015358785,587.941110198386]]]}},{"type":"Feature","id":"way/246088157","properties":{"building":"yes","osm_type":"way","osm_id":246088157},"geometry":{"type":"Polygon","coordinates":[[[1657.9910894485074,603.8197693554685],[1658.0110290599405,596.3326170556247],[1651.0235642759362,596.3140120208263],[1651.003632827662,603.8011643206701],[1657.9910894485074,603.8197693554685]]]}},{"type":"Feature","id":"way/246088158","properties":{"building":"yes","osm_type":"way","osm_id":246088158},"geometry":{"type":"Polygon","coordinates":[[[1676.9429502168205,599.848951456137],[1676.8838808345026,589.428914565593],[1678.786743284203,589.4117708709091],[1678.7487434905488,582.9353479910642],[1666.573682396498,583.0028734933585],[1666.6707509734551,599.9104415550828],[1676.9429502168205,599.848951456137]]]}},{"type":"Feature","id":"way/246088159","properties":{"building":"yes","osm_type":"way","osm_id":246088159},"geometry":{"type":"Polygon","coordinates":[[[1622.5318992162356,574.3209351217374],[1622.6794238326838,566.3453434053808],[1605.9811972720781,566.0343806315213],[1605.8336934343097,574.0099726738408],[1622.5318992162356,574.3209351217374]]]}},{"type":"Feature","id":"way/246088160","properties":{"building":"yes","osm_type":"way","osm_id":246088160},"geometry":{"type":"Polygon","coordinates":[[[1610.4645501060877,536.7973100841045],[1613.0860376617056,536.737620851025],[1613.135552654916,538.9039316792041],[1618.9786440419848,538.7639337591827],[1618.9011203573318,535.2534064212814],[1623.9703661093954,535.1446827920154],[1623.686785500904,523.0133250178769],[1610.2950510072988,523.3221139712259],[1610.3877216372057,527.0770707968622],[1607.9636477961321,527.126176731661],[1607.9422914469033,526.2485397066921],[1599.556652547908,526.4484509974718],[1599.7552911721286,534.9026316124946],[1610.4228412015364,534.6643458530307],[1610.4645501060877,536.7973100841045]]]}},{"type":"Feature","id":"way/246088161","properties":{"building":"yes","osm_type":"way","osm_id":246088161},"geometry":{"type":"Polygon","coordinates":[[[1639.7387400690932,531.8318107482046],[1639.7494273094926,521.8785229194909],[1631.9644031228963,521.8689260408282],[1631.9537279726355,531.8222138509154],[1639.7387400690932,531.8318107482046]]]}},{"type":"Feature","id":"way/246088162","properties":{"building":"yes","osm_type":"way","osm_id":246088162},"geometry":{"type":"Polygon","coordinates":[[[1671.5352798384265,519.5859175072983],[1671.5113173258724,522.6518305800855],[1663.7816810123622,522.5979082221165],[1663.7268089946592,531.340239783749],[1673.382941761054,531.3992969561368],[1673.3846591417678,530.7550020208582],[1683.909300115949,530.8163901343942],[1683.9236842251266,528.3836423931643],[1688.5899094089982,528.4071982810274],[1688.644726425875,519.6981924818829],[1671.5352798384265,519.5859175072983]]]}},{"type":"Feature","id":"way/246088163","properties":{"building":"yes","osm_type":"way","osm_id":246088163},"geometry":{"type":"Polygon","coordinates":[[[1664.7510543901008,481.7763427346945],[1664.7517412343295,478.5548472851515],[1666.8283098323154,478.5492712557316],[1666.8332302391063,473.7392556928098],[1670.76523480186,473.74973352625966],[1670.7688940332737,466.45138572808355],[1663.3075219857274,466.4426136976108],[1663.3153638491058,463.4988526646048],[1666.2446625658777,463.4955480573699],[1666.252512554056,457.58578793425113],[1663.0784767753794,457.57733199279755],[1663.08776849258,454.0892529329285],[1658.3819519607932,454.08782768715173],[1658.3805879991269,457.56481924280524],[1656.5014324876247,457.55981510691345],[1656.4934731703252,463.5140093471855],[1657.9778467317228,463.51796215120703],[1657.9779029211495,466.46174420882016],[1656.7225024530198,466.4584011230618],[1656.721935596841,472.6014615232125],[1658.356323318847,472.6058138953522],[1658.3491049628356,475.31629579048604],[1656.4462678889977,475.31122857518494],[1656.4369774023653,481.76530694495887],[1664.7510543901008,481.7763427346945]]]}},{"type":"Feature","id":"way/246088164","properties":{"building":"yes","osm_type":"way","osm_id":246088164},"geometry":{"type":"Polygon","coordinates":[[[1640.4871342664119,482.01167889498174],[1640.5469933261047,468.414898279123],[1633.4172979046125,468.38482619449496],[1633.4011015248252,471.5063027702272],[1629.2559441393241,471.4841725677252],[1629.2123033612734,481.95947664324194],[1640.4871342664119,482.01167889498174]]]}},{"type":"Feature","id":"way/246088165","properties":{"building":"yes","osm_type":"way","osm_id":246088165},"geometry":{"type":"Polygon","coordinates":[[[1645.4031913864892,459.3743014372885],[1650.4009936808143,459.4320374513045],[1650.5253106364398,448.32375765405595],[1643.3167548527708,448.24903031717986],[1643.2435148091754,455.0028706928715],[1645.4463321314543,455.03094944544137],[1645.4031913864892,459.3743014372885]]]}},{"type":"Feature","id":"way/246088166","properties":{"building":"yes","osm_type":"way","osm_id":246088166},"geometry":{"type":"Polygon","coordinates":[[[1748.25291113602,482.676971944049],[1747.9673619553796,471.3676404505968],[1745.7327599846176,471.4172016326338],[1744.7406505109975,470.39255377743393],[1744.6408160208957,466.393186298199],[1740.6216876800754,466.48240753263235],[1740.6145352278836,466.20467309840024],[1731.0522493689205,466.4456986663863],[1731.2868080863263,476.1663612872362],[1739.372485408967,475.9658193560317],[1739.5434316341998,482.8980506528169],[1748.25291113602,482.676971944049]]]}},{"type":"Feature","id":"way/246088167","properties":{"building":"yes","osm_type":"way","osm_id":246088167},"geometry":{"type":"Polygon","coordinates":[[[1684.8602102026925,408.1576403873041],[1684.7602040649508,401.2478181300685],[1671.8106953416136,401.435464666225],[1671.9185814998345,408.35641626175493],[1684.8602102026925,408.1576403873041]]]}},{"type":"Feature","id":"way/246088168","properties":{"building":"yes","osm_type":"way","osm_id":246088168},"geometry":{"type":"Polygon","coordinates":[[[1632.9141299437033,405.2199302855879],[1626.1709866034798,405.29087201785296],[1626.1767268062104,406.1018157787621],[1619.7020374418353,406.17347788158804],[1619.7274513245793,408.4952448159456],[1612.944803786755,408.57720408868045],[1613.0472950116964,417.55323290266097],[1633.0477416134672,417.3286702595651],[1632.9141299437033,405.2199302855879]]]}},{"type":"Feature","id":"way/246088170","properties":{"building":"yes","osm_type":"way","osm_id":246088170},"geometry":{"type":"Polygon","coordinates":[[[1645.451778648945,372.8716846425086],[1645.4449439237942,369.50575786363333],[1648.3190155068296,369.50229787640274],[1648.3220015778206,368.3803362939507],[1653.9359185176436,368.3730628248304],[1653.9031850629253,356.9422168722376],[1648.6998363464954,356.95058314688504],[1648.68983972742,354.7732691830024],[1641.1808746915194,354.79772276151925],[1641.2078038422042,365.4509504120797],[1637.0072191538056,365.46199393551797],[1637.0269318339997,372.89370585326105],[1645.451778648945,372.8716846425086]]]}},{"type":"Feature","id":"way/246088171","properties":{"building":"yes","osm_type":"way","osm_id":246088171},"geometry":{"type":"Polygon","coordinates":[[[1615.2234948434634,353.2957091545686],[1615.221630910819,348.05244095716625],[1609.015515437175,348.0581759251654],[1609.024160538509,362.6438019685447],[1601.7600021771505,362.65784312039614],[1601.7606325884117,371.34477682504803],[1610.3828445065883,371.3343419684097],[1610.3765813438222,367.7462446745485],[1620.0410039559356,367.7496991241351],[1620.0399255747907,353.29739622492343],[1615.2234948434634,353.2957091545686]]]}},{"type":"Feature","id":"way/246088172","properties":{"building":"yes","osm_type":"way","osm_id":246088172},"geometry":{"type":"Polygon","coordinates":[[[1574.8941031222348,373.273073236458],[1574.8749071600614,365.619191089645],[1571.487611968536,365.6213242225349],[1571.482945749769,361.42225788440555],[1570.7012685258524,361.4201868949458],[1570.6965134756174,357.254446179606],[1564.3719711626181,357.2599105723202],[1564.3753068799851,358.9817536827177],[1562.06182783423,358.98673576582223],[1562.0949726892868,373.3058197023347],[1574.8941031222348,373.273073236458]]]}},{"type":"Feature","id":"way/246088174","properties":{"building":"yes","osm_type":"way","osm_id":246088174},"geometry":{"type":"Polygon","coordinates":[[[1545.5084560852847,372.3621223960072],[1545.7034969308297,364.29778878204525],[1535.3527876422158,364.0482425978407],[1535.1577304464881,372.12368502188474],[1545.5084560852847,372.3621223960072]]]}},{"type":"Feature","id":"way/246088175","properties":{"building":"yes","osm_type":"way","osm_id":246088175},"geometry":{"type":"Polygon","coordinates":[[[1479.6660723343957,408.1468429900706],[1479.6589296928141,410.85732460860163],[1484.2147303245729,410.869331642054],[1484.2218748927698,408.1588500253856],[1487.9723189402139,408.16873692907393],[1487.9858790523722,403.0254870047793],[1489.1070653315983,403.0284430934116],[1489.1164086573408,399.4848216800019],[1487.9952217582031,399.48186559043825],[1488.0057652443647,395.48279442545027],[1481.0259776649764,395.4643961349502],[1481.0177220128826,398.597001879476],[1477.7804917994072,398.58847131580114],[1477.755319787946,408.141808074899],[1479.6660723343957,408.1468429900706]]]}},{"type":"Feature","id":"way/246088177","properties":{"building":"yes","osm_type":"way","osm_id":246088177},"geometry":{"type":"Polygon","coordinates":[[[1464.1874349466525,376.30212802719325],[1464.2486433110316,368.04859375208616],[1458.7138305825065,368.0006985217333],[1458.6526001092861,376.2653413610533],[1464.1874349466525,376.30212802719325]]]}},{"type":"Feature","id":"way/246088179","properties":{"building":"yes","osm_type":"way","osm_id":246088179},"geometry":{"type":"Polygon","coordinates":[[[1442.7878026765538,461.1822420703247],[1438.626321755175,461.3601472331211],[1439.0731326533714,471.60345933493227],[1443.281980500673,471.425679047592],[1443.3265498339897,472.4922227226198],[1453.3314636179712,472.0630862293765],[1452.7435732472804,458.4312760718167],[1442.683368972037,458.86026820074767],[1442.7878026765538,461.1822420703247]]]}},{"type":"Feature","id":"way/246088181","properties":{"building":"yes","osm_type":"way","osm_id":246088181},"geometry":{"type":"Polygon","coordinates":[[[1431.3053139349795,468.0282882619649],[1437.537428941927,461.0906781964004],[1430.7945519158966,455.0743082538247],[1424.570334049873,462.011945547536],[1431.3053139349795,468.0282882619649]]]}},{"type":"Feature","id":"way/246088182","properties":{"building":"yes","osm_type":"way","osm_id":246088182},"geometry":{"type":"Polygon","coordinates":[[[1258.0498217838467,401.7013289630413],[1253.2505260856124,395.1236634515226],[1249.3268447759328,397.96837540343404],[1247.9106453641434,396.03179705888033],[1243.1880021939287,399.45208379626274],[1250.0486659582239,408.8455770779401],[1254.9136880231672,405.32568810414523],[1254.2685244310996,404.44643073901534],[1258.0498217838467,401.7013289630413]]]}},{"type":"Feature","id":"way/246088183","properties":{"building":"yes","osm_type":"way","osm_id":246088183},"geometry":{"type":"Polygon","coordinates":[[[1221.1512840671348,381.0878817560151],[1221.8028853354044,376.4461754942313],[1217.1934045620146,375.8121339511126],[1216.5418065724662,380.4538406683132],[1221.1512840671348,381.0878817560151]]]}},{"type":"Feature","id":"way/246088185","properties":{"building":"yes","osm_type":"way","osm_id":246088185},"geometry":{"type":"Polygon","coordinates":[[[1355.4197592427954,350.47800659108907],[1356.0304919391638,349.4242865610868],[1357.5205788557068,350.2724386556074],[1356.4259972916334,352.169146890752],[1362.2995739363832,355.52820487786084],[1366.2575443191454,348.66233615297824],[1360.4155173376785,345.31446575466543],[1359.9237429145142,346.1685417005792],[1358.4257886675769,345.30925986915827],[1359.655210104247,343.1796240527183],[1353.6712544671027,339.75362829025835],[1349.4594373544678,347.07429372891784],[1355.4197592427954,350.47800659108907]]]}},{"type":"Feature","id":"way/769049575","properties":{"building":"yes","osm_type":"way","osm_id":769049575},"geometry":{"type":"Polygon","coordinates":[[[1683.1620376334176,680.7362474799156],[1683.1737254019245,679.3143759313971],[1683.1935313440626,674.84876554925],[1673.7112826770754,674.8012645626441],[1673.687693015032,680.688767561689],[1683.1620376334176,680.7362474799156]]]}},{"type":"Feature","id":"way/898542213","properties":{"building":"house","osm_type":"way","osm_id":898542213},"geometry":{"type":"Polygon","coordinates":[[[1503.0641038346803,1005.3520795060322],[1503.7035389454686,984.4362378492951],[1490.0778309857124,984.02259534318],[1489.8187756824773,992.4422450773418],[1492.3291945764795,992.5155179081485],[1491.9488250248833,1005.0228194659576],[1503.0641038346803,1005.3520795060322]]]}},{"type":"Feature","id":"way/898544175","properties":{"building":"house","osm_type":"way","osm_id":898544175},"geometry":{"type":"Polygon","coordinates":[[[1513.3288349801442,948.0809247661382],[1513.893970066798,931.3972729966044],[1502.1628978427616,931.0108266025782],[1501.6057176016038,947.6833916120231],[1513.3288349801442,948.0809247661382]]]}},{"type":"Feature","id":"way/898544176","properties":{"building":"house","osm_type":"way","osm_id":898544176},"geometry":{"type":"Polygon","coordinates":[[[1500.761279180646,902.6801530942321],[1500.8219098786358,891.6716735009104],[1506.6563124399981,891.7092897575349],[1506.6917205982609,884.277718430385],[1508.444429511379,884.2823454765603],[1508.478930567624,877.195138964802],[1506.7262490403955,877.1794033749029],[1506.7440264422912,873.4358464367688],[1497.0015334477066,873.3879183530807],[1496.9683346263482,879.9863491142169],[1496.1630354009685,879.9842245578766],[1496.1489860384027,882.3169970260933],[1489.6197779110516,882.2886666636914],[1489.5187687691068,902.6282779406756],[1500.761279180646,902.6801530942321]]]}},{"type":"Feature","id":"way/898544177","properties":{"building":"house","osm_type":"way","osm_id":898544177},"geometry":{"type":"Polygon","coordinates":[[[1436.143393944134,940.3348000245169],[1436.1692193434574,933.514176921919],[1438.30877093022,933.5198018159717],[1438.3556270937552,918.7010298194364],[1427.3183867841144,918.6609119493514],[1427.2378451994737,940.3002863293514],[1436.143393944134,940.3348000245169]]]}},{"type":"Feature","id":"way/898544178","properties":{"building":"house","osm_type":"way","osm_id":898544178},"geometry":{"type":"Polygon","coordinates":[[[1438.0812978915637,893.9169846381992],[1438.3142962924903,877.3657588278875],[1428.5562526364229,877.2290249541402],[1428.3232794375508,893.780251050368],[1438.0812978915637,893.9169846381992]]]}},{"type":"Feature","id":"way/898544179","properties":{"building":"house","osm_type":"way","osm_id":898544179},"geometry":{"type":"Polygon","coordinates":[[[1433.014429279603,839.1604057345539],[1432.8765039998107,840.5708374008536],[1441.0301376681891,841.3698754562065],[1442.092707064643,830.6084211440757],[1443.0872331805876,830.7110140444711],[1443.9471406340017,821.9596865978092],[1431.5943069990026,820.7496978295967],[1430.7505860760575,829.356657365337],[1431.1925978506333,829.402253407985],[1430.2597258285386,838.8865594537929],[1433.014429279603,839.1604057345539]]]}},{"type":"Feature","id":"way/898544180","properties":{"building":"house","osm_type":"way","osm_id":898544180},"geometry":{"type":"Polygon","coordinates":[[[1504.241175054398,834.5824082866311],[1504.2468337458558,832.438460322097],[1505.6758557233843,832.4422322120517],[1505.6894611800672,827.2878703000024],[1508.436975259683,827.2951232260093],[1508.4718385837623,811.0988533692434],[1497.4185930882813,811.0696821091697],[1497.3914656217094,824.3444063160568],[1495.7966435028939,824.3401988921687],[1495.7696829570923,834.5600544027984],[1504.241175054398,834.5824082866311]]]}},{"type":"Feature","id":"way/1225235573","properties":{"addr:city":"Afton","addr:housenumber":"3291","addr:postcode":"55001","building":"yes","name":"Afton House Inn","phone":"+1 651-436-8883","tourism":"hotel","website":"https://aftonhouseinn.com/","osm_type":"way","osm_id":1225235573},"geometry":{"type":"Polygon","coordinates":[[[1761.8517992475536,864.7720096921548],[1742.1299332276685,864.6747587835416],[1742.1163889835589,866.785360106267],[1729.2474528527819,866.7176031339914],[1729.2603095296654,864.8624981967732],[1725.936497988063,864.842500846833],[1725.9314482691116,866.7309525171295],[1718.76275001053,866.6895701913163],[1718.7166176983737,875.0875626131892],[1725.301099072094,875.1162741500884],[1747.6361803481122,875.2315781349316],[1747.602217838401,882.0188534706831],[1747.5991544181015,883.163033042103],[1752.8256725003594,883.1881372453645],[1752.8224296402186,884.3989680567756],[1761.7517122119898,884.4451060211286],[1761.8517992475536,864.7720096921548]]]}},{"type":"Feature","id":"way/1307291973","properties":{"building":"shed","osm_type":"way","osm_id":1307291973},"geometry":{"type":"Polygon","coordinates":[[[1661.4128431315185,804.2394101927057],[1661.3303280334803,796.6853308808059],[1656.095607588184,796.7491487693042],[1656.1860536205932,804.2921404885128],[1661.4128431315185,804.2394101927057]]]}},{"type":"Feature","id":"way/1307291974","properties":{"building":"yes","osm_type":"way","osm_id":1307291974},"geometry":{"type":"Polygon","coordinates":[[[1723.7922800098895,937.442703104578],[1723.7606592444354,943.3635129975155],[1733.8030564892688,943.4125887202099],[1733.867683650402,931.0599761810154],[1730.2675804547616,931.0392372440547],[1730.3305665535154,919.2975946385413],[1732.0358660796774,919.3132647005841],[1732.1489574551815,897.6961937220767],[1735.5438075790298,897.716384450905],[1735.571872575325,893.1285997796804],[1747.0749076914508,893.1927126366645],[1747.1364075997844,882.0176063301042],[1747.602217838401,882.0188534706831],[1747.6361803481122,875.2315781349316],[1725.301099072094,875.1162741500884],[1725.2845900431275,878.3377294745296],[1727.05306122225,878.3535670675337],[1726.985625387635,891.7614898821339],[1719.5722077534301,891.7194520793855],[1719.3316231722129,937.4196694660932],[1723.7922800098895,937.442703104578]]]}},{"type":"Feature","id":"way/1307291975","properties":{"building":"yes","osm_type":"way","osm_id":1307291975},"geometry":{"type":"Polygon","coordinates":[[[1757.8839959064499,1143.4322551563382],[1757.8951787019614,1136.3116572694853],[1750.0793211995624,1136.3018303010613],[1750.0760418548598,1143.422449321486],[1757.8839959064499,1143.4322551563382]]]}},{"type":"Feature","id":"way/1307291978","properties":{"building":"yes","osm_type":"way","osm_id":1307291978},"geometry":{"type":"Polygon","coordinates":[[[1762.2131628348725,1071.6821491466835],[1762.2102570239804,1063.928322811611],[1753.3521593199694,1063.9268080107868],[1753.3550758482888,1071.6806343123317],[1762.2131628348725,1071.6821491466835]]]}},{"type":"Feature","id":"way/1307291984","properties":{"building":"yes","osm_type":"way","osm_id":1307291984},"geometry":{"type":"Polygon","coordinates":[[[1663.826497111062,1439.170273493044],[1663.996037535253,1428.8730270368978],[1649.77080499765,1428.6462886827067],[1649.7515260314103,1429.9570554411039],[1647.1069862762815,1429.9166887970641],[1646.9849296475295,1437.2147324141115],[1649.5347039612243,1437.2659553345293],[1649.5065546074766,1438.9432832188904],[1663.826497111062,1439.170273493044]]]}},{"type":"Feature","id":"way/1307291985","properties":{"building":"yes","osm_type":"way","osm_id":1307291985},"geometry":{"type":"Polygon","coordinates":[[[1377.8929929175065,1473.9067614004016],[1379.5151033109287,1463.435577427037],[1364.7505805720575,1461.164071190171],[1363.1284937818418,1471.6352588022128],[1377.8929929175065,1473.9067614004016]]]}},{"type":"Feature","id":"way/1307291986","properties":{"building":"yes","osm_type":"way","osm_id":1307291986},"geometry":{"type":"Polygon","coordinates":[[[1649.7444381389068,1278.435370276682],[1649.7094650006038,1270.8147603031248],[1645.4620764214778,1270.8367791548371],[1645.4715084027266,1273.225158653222],[1639.8583249828662,1273.2546545295045],[1639.8839053308475,1278.47577638831],[1649.7444381389068,1278.435370276682]]]}},{"type":"Feature","id":"way/1307291991","properties":{"building":"yes","osm_type":"way","osm_id":1307291991},"geometry":{"type":"Polygon","coordinates":[[[1639.5243794174748,1170.299037458375],[1635.5444539149175,1167.6890312060714],[1632.5005548094632,1172.3132305676118],[1636.4725839261082,1174.923213949427],[1639.5243794174748,1170.299037458375]]]}},{"type":"Feature","id":"way/1307291996","properties":{"building":"yes","osm_type":"way","osm_id":1307291996},"geometry":{"type":"Polygon","coordinates":[[[1674.7094150064513,922.3261295109987],[1674.6933659678325,913.5391690079123],[1666.59295617335,913.550903939642],[1666.609016319795,922.337864392437],[1674.7094150064513,922.3261295109987]]]}},{"type":"Feature","id":"way/1307291998","properties":{"building":"yes","osm_type":"way","osm_id":1307291998},"geometry":{"type":"Polygon","coordinates":[[[1612.774640621501,998.7552373688668],[1612.7843037002021,992.1456341966987],[1611.6553254708997,992.1426352234557],[1611.6642791759805,985.7996371136978],[1603.9272179247346,985.779090073891],[1603.92267587065,987.4898054422811],[1603.2594993691891,987.488044702448],[1603.2375181692769,998.7410181751475],[1612.774640621501,998.7552373688668]]]}},{"type":"Feature","id":"way/1307291999","properties":{"building":"yes","osm_type":"way","osm_id":1307291999},"geometry":{"type":"Polygon","coordinates":[[[1319.9392325035878,990.4523826194927],[1321.7613949056831,988.0354615515098],[1326.9697484654025,991.959296089597],[1325.0842515415861,994.4427019981667],[1332.104923219711,999.7154167247936],[1332.7703912711004,998.839574621059],[1333.7317167381989,999.5530379172415],[1338.7703208048479,992.9010348571464],[1337.596295711468,992.0092770420015],[1343.8787167856353,983.7164535103366],[1337.8508869923535,979.1794895371422],[1335.474152597424,982.3281255625188],[1328.6977733394015,977.222674742341],[1331.1853841532138,973.9410224976018],[1325.0472385525354,969.3149136025459],[1312.9894793616259,985.2243009470403],[1319.9392325035878,990.4523826194927]]]}},{"type":"Feature","id":"way/1307292000","properties":{"building":"yes","osm_type":"way","osm_id":1307292000},"geometry":{"type":"Polygon","coordinates":[[[1178.4055281226174,651.8605004176497],[1179.5574306091294,649.1307640587911],[1184.16338166059,651.0533694187179],[1187.3569412045763,643.4855672940612],[1198.422213523707,648.1243065679446],[1204.6504608812975,633.377107524313],[1190.4698514096672,627.4305801317096],[1184.3290267927223,641.9669554559514],[1182.6333601864171,641.2516140621156],[1181.1557313587982,644.7581092845649],[1175.2642363156774,642.2878572819754],[1172.301093439106,649.3008310403675],[1178.4055281226174,651.8605004176497]]]}},{"type":"Feature","id":"way/1307292001","properties":{"building":"yes","osm_type":"way","osm_id":1307292001},"geometry":{"type":"Polygon","coordinates":[[[1320.62406440638,564.8165395520627],[1309.6168694869266,565.1321815485135],[1309.5298323413008,562.1770643536001],[1300.7098555431003,562.4317763401195],[1300.9200263567618,569.6418119044974],[1299.4276662725024,569.6823552837595],[1299.630377200665,576.7257422879338],[1311.7508989847847,576.379662130028],[1311.8737601953326,580.7345577413216],[1321.0727233596263,580.4697419954464],[1320.62406440638,564.8165395520627]]]}},{"type":"Feature","id":"way/1307292005","properties":{"building":"yes","osm_type":"way","osm_id":1307292005},"geometry":{"type":"Polygon","coordinates":[[[1972.1999944840209,924.0037417393178],[1966.4276374730398,924.3879973385483],[1966.8070871756645,930.0322062307969],[1972.5873341616825,929.6479724003002],[1972.1999944840209,924.0037417393178]]]}},{"type":"Feature","id":"way/1307292006","properties":{"building":"yes","source":"microsoft/BuildingFootprints","osm_type":"way","osm_id":1307292006},"geometry":{"type":"Polygon","coordinates":[[[1181.9076459375792,948.99162610434],[1183.17605442059,940.8856213334948],[1181.5345241720206,940.6369814909995],[1183.6941241610912,926.8012391123921],[1174.6736677689478,925.4004193535075],[1173.6781825510552,931.7741879466921],[1171.29480460973,931.4125448307022],[1168.8623767316458,946.9583122031763],[1181.9076459375792,948.99162610434]]]}},{"type":"Feature","id":"way/1307292007","properties":{"building":"yes","source":"microsoft/BuildingFootprints","osm_type":"way","osm_id":1307292007},"geometry":{"type":"Polygon","coordinates":[[[1444.0589318713755,761.4402473429218],[1444.05627333757,762.4511242480949],[1443.1878266918357,762.4377317400649],[1443.159094801813,767.358772312291],[1443.948588490137,767.3719571782276],[1443.877882068511,779.2468800684437],[1453.6599649957498,779.3059394201264],[1453.775012668746,759.5884514851496],[1451.3669648845098,759.5821152981371],[1451.4078362716828,753.0503576761112],[1442.3520759607782,752.9932119119912],[1442.3638563549612,751.5157972201705],[1435.052914601285,751.4743589041755],[1434.9952881694771,761.3830911805853],[1444.0589318713755,761.4402473429218]]]}},{"type":"Feature","id":"way/1307292008","properties":{"building":"yes","source":"microsoft/BuildingFootprints","osm_type":"way","osm_id":1307292008},"geometry":{"type":"Polygon","coordinates":[[[1386.4512337103952,741.748950952664],[1397.053519630921,742.1766575807706],[1397.2220584698953,738.1224556844682],[1398.8404129575938,738.1933518676087],[1399.0426901828032,733.3172011431307],[1398.2848024542327,733.2929961113259],[1398.529498443997,727.2949867285788],[1393.0744145735516,727.0696178292856],[1393.0068252154742,728.7579498169944],[1389.809558588604,728.6273728460073],[1389.6405291966512,732.87041998934],[1386.8221793635166,732.7630550321192],[1386.4512337103952,741.748950952664]]]}},{"type":"Feature","id":"way/1307292009","properties":{"building":"yes","source":"microsoft/BuildingFootprints","osm_type":"way","osm_id":1307292009},"geometry":{"type":"Polygon","coordinates":[[[1372.7200144319213,962.3078574752435],[1373.0673832594766,959.2983319973573],[1359.6340598538518,957.7523921243846],[1358.6646557030035,966.159078408964],[1377.1729509676807,968.2848485382274],[1377.8028738158755,962.8988193972036],[1372.7200144319213,962.3078574752435]]]}},{"type":"Feature","id":"way/1307292012","properties":{"building":"yes","source":"microsoft/BuildingFootprints","osm_type":"way","osm_id":1307292012},"geometry":{"type":"Polygon","coordinates":[[[1905.2390948993852,1401.1823192602023],[1906.770191574411,1413.0282565858215],[1927.9189434536383,1410.330509563908],[1928.7773397957208,1416.9424673980102],[1906.9573428675067,1419.7272663172334],[1908.619784168317,1432.6288793459535],[1935.0595942947548,1429.256724900566],[1931.0156882180017,1397.886115750298],[1905.2390948993852,1401.1823192602023]]]}},{"type":"Feature","id":"way/1307292013","properties":{"building":"yes","source":"microsoft/BuildingFootprints","osm_type":"way","osm_id":1307292013},"geometry":{"type":"Polygon","coordinates":[[[1779.907225951727,1259.4431266104802],[1788.080815257621,1258.476391817443],[1787.3472237560782,1252.364678525366],[1788.9108679053024,1252.1800287514925],[1788.038422783662,1244.8571025142446],[1787.1697438526317,1244.9547486621886],[1786.4827425967087,1239.1319849258289],[1777.6141615142697,1240.1857265969738],[1779.907225951727,1259.4431266104802]]]}},{"type":"Feature","id":"way/1307292014","properties":{"building":"yes","source":"microsoft/BuildingFootprints","osm_type":"way","osm_id":1307292014},"geometry":{"type":"Polygon","coordinates":[[[1178.641499094083,914.5131384860724],[1189.8690039105131,914.2533882698044],[1189.6914249793626,906.6102014584467],[1178.4639067832613,906.8699520165101],[1178.641499094083,914.5131384860724]]]}},{"type":"Feature","id":"way/1307292015","properties":{"building":"yes","source":"microsoft/BuildingFootprints","osm_type":"way","osm_id":1307292015},"geometry":{"type":"Polygon","coordinates":[[[1606.750990671222,463.4483983842656],[1613.793928424362,463.4448845013976],[1613.792211605527,458.146072733216],[1612.7026173543418,458.14317868836224],[1612.7014781904873,455.59930387791246],[1606.7481559978332,455.5946032991633],[1606.750990671222,463.4483983842656]]]}},{"type":"Feature","id":"way/1307292016","properties":{"building":"yes","source":"microsoft/BuildingFootprints","osm_type":"way","osm_id":1307292016},"geometry":{"type":"Polygon","coordinates":[[[1384.8777599197347,634.1690246760845],[1384.4553096678574,659.7954847645015],[1394.039957951114,659.942803655751],[1394.4545220060972,634.3274319265038],[1384.8777599197347,634.1690246760845]]]}},{"type":"Feature","id":"way/1307292017","properties":{"building":"yes","source":"microsoft/BuildingFootprints","osm_type":"way","osm_id":1307292017},"geometry":{"type":"Polygon","coordinates":[[[1788.6756829822552,1110.377801864408],[1788.6992010001559,1104.5569462710992],[1786.8360247224336,1104.5519457850605],[1786.8488981507835,1102.696840222925],[1778.117260322324,1102.6623044116423],[1778.1043000311474,1104.5507356170565],[1774.5042645253707,1104.5410801032558],[1774.4833809807315,1109.38438388519],[1773.2202115822583,1109.3809964666143],[1773.204154730658,1112.4247162258253],[1774.5620611889171,1112.4283577082679],[1774.5384368196828,1118.2936475668103],[1772.462134795438,1118.2769710598513],[1772.4383336039027,1124.2089122375473],[1784.122563883313,1124.2624710947275],[1784.146495122579,1118.286095756106],[1783.720176040195,1118.2849518302828],[1783.7392781861126,1114.1081606075168],[1784.1103339238907,1114.109156246297],[1784.1282738258014,1110.3655982501805],[1788.6756829822552,1110.377801864408]]]}},{"type":"Feature","id":"way/1307292019","properties":{"building":"yes","source":"microsoft/BuildingFootprints","osm_type":"way","osm_id":1307292019},"geometry":{"type":"Polygon","coordinates":[[[1471.8312446888303,1239.1950592752546],[1471.5899348199018,1237.8947146320716],[1462.380298238364,1239.570076668635],[1462.6137445142958,1240.8592916280031],[1457.1321993840975,1241.855744536966],[1457.7547933876049,1245.2677306775004],[1455.953938213177,1245.5962489275262],[1456.7165890293545,1249.786207249388],[1459.61532377993,1249.2606243602931],[1461.1796530922875,1257.8072741841897],[1457.9333831462427,1258.3985931947827],[1458.7428431438166,1262.7997389221564],[1461.0176047729328,1262.3836002582684],[1461.2588280761847,1263.7172701880336],[1477.0320204827003,1260.859470142983],[1475.5688795933966,1252.8685141103342],[1473.9022928726627,1253.1751639004797],[1472.843843017763,1247.3958909660578],[1479.1389436613536,1246.2460750984028],[1477.6524107394507,1238.143970890902],[1471.8312446888303,1239.1950592752546]]]}},{"type":"Feature","id":"way/1307292020","properties":{"building":"yes","source":"microsoft/BuildingFootprints","osm_type":"way","osm_id":1307292020},"geometry":{"type":"Polygon","coordinates":[[[1415.021118075936,565.5524377031252],[1416.7544566608267,563.94623983372],[1416.7594231591793,559.0473556565121],[1413.782861211861,556.0179993594065],[1414.5427820121404,555.2757173310965],[1414.5722133239033,553.087398359552],[1411.493268508173,549.9577969135717],[1408.240119790542,550.0270195603371],[1405.4695843750378,552.7302507022396],[1401.9181872807676,549.110635465011],[1394.5327262477367,556.3229715246707],[1400.603976850456,562.504172116518],[1402.3612613340374,560.7980556935072],[1405.2354474877357,563.7271605944261],[1405.2443571092444,569.3592494698241],[1415.0110861659632,569.3737733997405],[1415.021118075936,565.5524377031252]]]}},{"type":"Feature","id":"way/1307292022","properties":{"building":"yes","source":"microsoft/BuildingFootprints","osm_type":"way","osm_id":1307292022},"geometry":{"type":"Polygon","coordinates":[[[1622.7314935550094,1247.7703540204093],[1609.5867446885095,1247.8020776966587],[1609.6121894041426,1256.055853205733],[1622.7490562412422,1256.0130000943318],[1622.7314935550094,1247.7703540204093]]]}},{"type":"Feature","id":"way/1307292024","properties":{"building":"yes","source":"microsoft/BuildingFootprints","osm_type":"way","osm_id":1307292024},"geometry":{"type":"Polygon","coordinates":[[[1964.209052656719,953.5310064544901],[1975.0909563570167,952.605177782476],[1973.292372484284,931.6827627327293],[1962.4104335570592,932.6085945237428],[1964.209052656719,953.5310064544901]]]}},{"type":"Feature","id":"way/1307292025","properties":{"amenity":"place_of_worship","building":"church","denomination":"lutheran","name":"Memorial Lutheran Church","religion":"christian","source":"microsoft/BuildingFootprints","osm_type":"way","osm_id":1307292025},"geometry":{"type":"Polygon","coordinates":[[[1495.7253747038776,1156.5987974200398],[1496.570083606639,1156.6121347080916],[1496.7243608845747,1146.0149167729542],[1494.371780214191,1145.9864927604795],[1494.42922987981,1142.1652785465121],[1469.7431114971987,1141.7891601817682],[1469.6943028809037,1145.3326817704365],[1468.0364610771067,1145.3060975810513],[1467.9018244884792,1154.4592468962073],[1466.5913541394402,1154.433578044176],[1466.5344477572362,1158.0548387402669],[1467.9949175734073,1158.080902681686],[1467.937747077318,1161.8021402889863],[1482.945155937865,1162.0305337188765],[1482.9169909943012,1163.7300785817206],[1481.180206578807,1163.7032828470692],[1481.1237897991086,1167.1356982309371],[1482.8289943365962,1167.1624106997624],[1482.7141091026133,1174.8048396278173],[1473.761781187728,1174.6701586255804],[1473.5806091150735,1186.5003635641187],[1495.2666816182318,1186.8241475243121],[1495.7253747038776,1156.5987974200398]]]}},{"type":"Feature","id":"way/1307292026","properties":{"building":"yes","source":"microsoft/BuildingFootprints","osm_type":"way","osm_id":1307292026},"geometry":{"type":"Polygon","coordinates":[[[1852.7743513012538,1028.2241547890007],[1854.3170898067765,1041.680853260681],[1864.8916748490883,1040.4762946832925],[1863.34895822627,1027.0195936309174],[1852.7743513012538,1028.2241547890007]]]}},{"type":"Feature","id":"way/1307292027","properties":{"building":"yes","source":"microsoft/BuildingFootprints","osm_type":"way","osm_id":1307292027},"geometry":{"type":"Polygon","coordinates":[[[1734.6193098272197,1063.2545776497573],[1739.2455820605392,1063.3113914951682],[1739.1930269300356,1068.1990446625277],[1740.7009153367835,1068.2141889305785],[1740.6703924696776,1070.769090387039],[1748.6203341939836,1070.8570248428732],[1748.651306413347,1068.135495275259],[1750.427590298059,1068.1624691477045],[1750.5311113196076,1058.9870242942125],[1734.6707023530034,1058.8001576550305],[1734.6193098272197,1063.2545776497573]]]}},{"type":"Feature","id":"way/1307292028","properties":{"building":"yes","source":"microsoft/BuildingFootprints","osm_type":"way","osm_id":1307292028},"geometry":{"type":"Polygon","coordinates":[[[1560.2099561751238,1007.6137992208824],[1569.0990036609583,1007.8817355036736],[1569.3072020770633,1000.8172050528228],[1560.4181153780082,1000.5603770539165],[1560.2099561751238,1007.6137992208824]]]}},{"type":"Feature","id":"way/1307292029","properties":{"building":"yes","source":"microsoft/BuildingFootprints","osm_type":"way","osm_id":1307292029},"geometry":{"type":"Polygon","coordinates":[[[1606.452879573335,599.5169912921265],[1613.2348823517677,599.601653679274],[1613.2456694157445,598.5130382636562],[1618.2670201545116,598.5819209693],[1618.2477464988478,599.8926860904321],[1624.9665853042388,599.9771930705756],[1625.1070026283269,588.7356499955058],[1612.1588191979681,588.567942998372],[1612.1881409006892,586.446275850758],[1606.62199438893,586.3759514223784],[1606.452879573335,599.5169912921265]]]}},{"type":"Feature","id":"way/1307292030","properties":{"building":"yes","source":"microsoft/BuildingFootprints","osm_type":"way","osm_id":1307292030},"geometry":{"type":"Polygon","coordinates":[[[1773.2745362713467,476.65648815315217],[1771.9872873621061,476.75301460176706],[1771.4918227167218,470.1309534907341],[1763.815695753845,470.7102451613173],[1765.1117164321477,487.96539286803454],[1774.0750398699893,487.30068503599614],[1773.2745362713467,476.65648815315217]]]}},{"type":"Feature","id":"way/1307292031","properties":{"building":"yes","source":"microsoft/BuildingFootprints","osm_type":"way","osm_id":1307292031},"geometry":{"type":"Polygon","coordinates":[[[1658.2164035906899,871.9934631241485],[1663.3802434696117,871.8405894972384],[1663.220993868541,866.4191595660523],[1658.065044736024,866.5720543572679],[1658.2164035906899,871.9934631241485]]]}},{"type":"Feature","id":"way/1307292032","properties":{"building":"yes","source":"microsoft/BuildingFootprints","osm_type":"way","osm_id":1307292032},"geometry":{"type":"Polygon","coordinates":[[[1799.1880802769447,1126.4024439854547],[1788.9316178483423,1126.7970346286893],[1789.2121198272216,1134.0628275554627],[1799.476465427375,1133.6682585906237],[1799.1880802769447,1126.4024439854547]]]}},{"type":"Feature","id":"way/1307292033","properties":{"building":"yes","source":"microsoft/BuildingFootprints","osm_type":"way","osm_id":1307292033},"geometry":{"type":"Polygon","coordinates":[[[1744.0050039842026,1169.9335879618302],[1745.457605306292,1169.9485854748636],[1745.4748386920546,1166.4605236230418],[1744.1327331769862,1166.456930543296],[1744.1759556637844,1159.1586802434176],[1733.9918207919109,1159.0980985928327],[1734.0067891259096,1156.4542861562222],[1727.8805220712675,1156.4156809905544],[1727.884473544138,1154.9382445951924],[1724.916076324822,1154.9191975425929],[1724.829140581889,1169.7156520737335],[1720.6212769291596,1169.6932926578447],[1720.5800709993346,1176.2472706716508],[1724.764246172097,1176.269566738978],[1724.6954239350162,1187.244703429751],[1743.9030813718564,1187.3627466997132],[1744.0050039842026,1169.9335879618302]]]}},{"type":"Feature","id":"way/1307292034","properties":{"building":"yes","source":"microsoft/BuildingFootprints","osm_type":"way","osm_id":1307292034},"geometry":{"type":"Polygon","coordinates":[[[1655.7872592649073,1478.7066816277802],[1656.0713255951996,1469.8649697909132],[1651.6982028016937,1469.7200194792822],[1651.7757008029148,1467.2985448176041],[1647.5999057883746,1467.1652314141393],[1647.5226459568948,1469.4978377232328],[1642.0048989841016,1469.3276295792311],[1641.7127507479163,1478.2470808196813],[1655.7872592649073,1478.7066816277802]]]}},{"type":"Feature","id":"way/1307292035","properties":{"building":"yes","source":"microsoft/BuildingFootprints","osm_type":"way","osm_id":1307292035},"geometry":{"type":"Polygon","coordinates":[[[1735.4341831697966,1233.7519149491563],[1729.87649435387,1233.6815030192956],[1729.8863501686137,1232.9483601236716],[1724.115504896734,1232.8773830207065],[1724.105620038812,1233.6216344712302],[1722.3293819532264,1233.5946677662432],[1722.2383113646065,1241.081637635827],[1724.0698098985013,1241.1087520932779],[1724.0606379588717,1241.5863984553143],[1726.9578837988665,1241.6274722851813],[1726.877940806211,1247.9036318007857],[1731.3225328018307,1247.9488461352885],[1731.374457501457,1243.2944709984586],[1735.3216901342385,1243.3383575892076],[1735.4341831697966,1233.7519149491563]]]}},{"type":"Feature","id":"way/1307292037","properties":{"building":"yes","source":"microsoft/BuildingFootprints","osm_type":"way","osm_id":1307292037},"geometry":{"type":"Polygon","coordinates":[[[1436.190109002171,700.3110741805285],[1435.5482580235694,710.2071613436565],[1444.9421158924233,710.8206170350313],[1444.760910956771,713.6750541022047],[1454.2336866413243,714.2998396148905],[1455.195936509932,699.6723280055448],[1445.6283955202089,699.047291954048],[1445.5050282174489,700.9243231080472],[1436.190109002171,700.3110741805285]]]}},{"type":"Feature","id":"way/1307292038","properties":{"building":"yes","source":"microsoft/BuildingFootprints","osm_type":"way","osm_id":1307292038},"geometry":{"type":"Polygon","coordinates":[[[1413.8053471957683,1617.957666542381],[1402.6703600466135,1616.5176408393309],[1401.598980109382,1624.690780369565],[1412.3630439115223,1626.085395843722],[1412.8704981551855,1622.232033971697],[1419.1600552414893,1623.048373291269],[1419.6192441396997,1619.5392526723444],[1422.657481565664,1619.936036319472],[1423.5194956909982,1613.3397754551843],[1425.445035048877,1613.589224793017],[1426.0733922218205,1608.7919482318684],[1427.3754960421938,1608.961999493651],[1427.8589276736602,1605.2418792741373],[1422.5005484357825,1604.5501728178933],[1422.0333168359357,1608.114815177396],[1415.2071152626886,1607.2304120399058],[1413.8053471957683,1617.957666542381]]]}},{"type":"Feature","id":"way/1307292039","properties":{"building":"yes","source":"microsoft/BuildingFootprints","osm_type":"way","osm_id":1307292039},"geometry":{"type":"Polygon","coordinates":[[[1614.2077219620696,1059.6231762170792],[1614.926701100252,1050.5049085691571],[1616.0475380434073,1050.5967555111274],[1616.235259579902,1048.2866611462086],[1617.600779242057,1048.4013757323846],[1617.993105652451,1043.370213012211],[1616.4460319771315,1043.243907325901],[1616.8545607897686,1038.0572669422254],[1616.2072973733884,1038.0111126340926],[1616.550246744533,1033.7352049173787],[1606.352069509041,1032.9416209375486],[1606.115093854547,1035.9625364420936],[1604.5837784726173,1035.847384097986],[1603.701694387477,1046.9314454309642],[1606.7169505179627,1047.1616242909804],[1606.0391089951736,1055.6579192206264],[1606.5442629591562,1055.7036951342598],[1606.282865894027,1059.002261409536],[1614.2077219620696,1059.6231762170792]]]}},{"type":"Feature","id":"way/1307292040","properties":{"building":"yes","source":"microsoft/BuildingFootprints","osm_type":"way","osm_id":1307292040},"geometry":{"type":"Polygon","coordinates":[[[1207.5038472164306,790.5047026015818],[1211.9743753427756,795.8928649611771],[1209.007340261247,798.3290647277609],[1208.3304567777086,797.5163806844503],[1206.368215342518,799.1442586230114],[1204.7232760433108,797.1515520447865],[1205.6964871354285,796.3431465486065],[1199.470794935536,788.8398029608652],[1191.8435034369468,795.1186224846169],[1198.2580782388686,802.8557290984318],[1203.1635748961708,798.8249090528116],[1204.721955189656,800.7063046935946],[1203.1870059640496,801.9687072001398],[1208.1848358627176,808.0025335745886],[1213.6521031527664,803.506616557017],[1212.8099693970871,802.4824397247285],[1215.0965769473114,800.599907124415],[1215.5766559700132,801.189909061417],[1225.775438479439,792.7849387796596],[1217.235809810576,782.4873098172247],[1207.5038472164306,790.5047026015818]]]}},{"type":"Feature","id":"way/1307292041","properties":{"building":"yes","source":"microsoft/BuildingFootprints","osm_type":"way","osm_id":1307292041},"geometry":{"type":"Polygon","coordinates":[[[1430.0555497097666,1069.800854993984],[1431.2804009049432,1057.3513116259128],[1423.0086471919203,1056.5408653533086],[1422.3027972793207,1063.7707223696634],[1422.7763723835233,1063.8164008436725],[1422.2652815117617,1069.0361094223335],[1430.0555497097666,1069.800854993984]]]}},{"type":"Feature","id":"way/1307292042","properties":{"building":"yes","source":"microsoft/BuildingFootprints","osm_type":"way","osm_id":1307292042},"geometry":{"type":"Polygon","coordinates":[[[1604.7126122740447,1555.1759501853958],[1610.2011741078459,1563.3331539249048],[1617.4689492868492,1558.4757765205577],[1616.5331935607828,1557.0958195747808],[1626.505662698648,1550.423825411126],[1617.2741670587566,1536.7134533412755],[1608.353513184993,1542.6773032667115],[1613.024294868228,1549.621496444568],[1604.7126122740447,1555.1759501853958]]]}},{"type":"Feature","id":"way/1307292043","properties":{"building":"yes","osm_type":"way","osm_id":1307292043},"geometry":{"type":"Polygon","coordinates":[[[1735.3000413793488,1103.9028490437195],[1725.3763772891252,1103.8318698760122],[1725.2907546389615,1115.1846535690129],[1735.2222959472565,1115.255653775297],[1735.3000413793488,1103.9028490437195]]]}},{"type":"Feature","id":"way/1307292044","properties":{"building":"yes","source":"microsoft/BuildingFootprints","osm_type":"way","osm_id":1307292044},"geometry":{"type":"Polygon","coordinates":[[[1572.9989596792147,474.64522140379995],[1573.2756541143171,459.61600494850427],[1563.2802255099523,459.43400591239333],[1563.0035545111168,474.4632227336988],[1572.9989596792147,474.64522140379995]]]}},{"type":"Feature","id":"way/1307292045","properties":{"building":"yes","source":"microsoft/BuildingFootprints","osm_type":"way","osm_id":1307292045},"geometry":{"type":"Polygon","coordinates":[[[1789.5950299413525,526.6001540459692],[1785.4653415895882,526.7112674918026],[1785.3863590735127,523.778381690383],[1786.1443895872217,523.7581982975826],[1785.9138180710725,515.5260973265395],[1775.5224230716703,515.8203747449443],[1775.6731868755887,521.4306285837665],[1773.825483209337,521.4812173517421],[1774.0125688096741,528.269081573002],[1777.3605393815087,528.1780815683305],[1777.439734032785,531.0332075459883],[1783.2828965859953,530.8711423296481],[1783.296929397853,531.5265881596133],[1789.7323153690668,531.3439003638923],[1789.5950299413525,526.6001540459692]]]}},{"type":"Feature","id":"way/1307292046","properties":{"building":"yes","source":"microsoft/BuildingFootprints","osm_type":"way","osm_id":1307292046},"geometry":{"type":"Polygon","coordinates":[[[1345.3273148322478,819.2016409449279],[1346.090333593369,817.2596284458414],[1339.922526230279,814.8662610799074],[1334.2473521183128,829.4037150042132],[1346.1333797602565,834.0115316286683],[1351.0455566542805,821.4160998929292],[1345.3273148322478,819.2016409449279]]]}},{"type":"Feature","id":"way/1307292047","properties":{"building":"yes","source":"microsoft/BuildingFootprints","osm_type":"way","osm_id":1307292047},"geometry":{"type":"Polygon","coordinates":[[[1570.3692630918813,1222.7036263113841],[1570.601304704207,1224.5149468649179],[1566.557881761808,1225.0152295148],[1567.006265798991,1228.604502901435],[1564.487015482795,1228.9199787219986],[1565.7395224044449,1238.8988409256563],[1578.0514614719432,1237.3540463345125],[1577.2318272491102,1230.8644370594993],[1578.2663809219957,1230.733876362443],[1577.763830382959,1226.733439464122],[1576.760884178162,1226.852975412272],[1576.1422092872672,1221.9857581853867],[1570.3692630918813,1222.7036263113841]]]}},{"type":"Feature","id":"way/1307292048","properties":{"building":"yes","source":"microsoft/BuildingFootprints","osm_type":"way","osm_id":1307292048},"geometry":{"type":"Polygon","coordinates":[[[1631.3471791581833,1249.7705973153934],[1662.184186989034,1249.641620522365],[1662.1520103472867,1240.9768074788153],[1658.275679863349,1240.988697961904],[1658.2612577200634,1237.511660039425],[1662.0349598496687,1237.4994961014017],[1662.020776497142,1233.933589817956],[1658.1602310636663,1233.9455224489793],[1658.1451874185004,1230.7017640257254],[1662.0847109925235,1230.678933176212],[1662.0448168250732,1221.9474480869249],[1631.2392839488457,1222.0654013399035],[1631.3471791581833,1249.7705973153934]]]}},{"type":"Feature","id":"way/1307292049","properties":{"building":"yes","source":"microsoft/BuildingFootprints","osm_type":"way","osm_id":1307292049},"geometry":{"type":"Polygon","coordinates":[[[1648.7988800543244,1117.624414678663],[1648.5648696991848,1131.3873749924824],[1655.4725369996158,1131.5057455543429],[1655.706562189036,1117.7427854519337],[1648.7988800543244,1117.624414678663]]]}},{"type":"Feature","id":"way/1307292050","properties":{"building":"yes","source":"microsoft/BuildingFootprints","osm_type":"way","osm_id":1307292050},"geometry":{"type":"Polygon","coordinates":[[[1601.3210420440882,914.7103352965787],[1601.353019193688,920.5091190012172],[1600.6977013151627,920.5184880448505],[1600.7423138314043,927.505927526392],[1611.9613907086314,927.4468496087939],[1611.8848523382912,914.6495176944882],[1601.3210420440882,914.7103352965787]]]}},{"type":"Feature","id":"way/1307292051","properties":{"building":"yes","source":"microsoft/BuildingFootprints","osm_type":"way","osm_id":1307292051},"geometry":{"type":"Polygon","coordinates":[[[1505.307810475293,777.4536136994138],[1505.3098629431333,776.6760160615668],[1507.3942004292621,776.6815180061385],[1507.3969207023038,772.6602065404877],[1505.3362675758544,772.654767117463],[1505.342454300553,770.3108656872064],[1507.679441076587,770.3170345863327],[1507.6804538344732,763.9518009126186],[1505.2329021478072,763.9564488055184],[1505.2453101596911,750.2817768380046],[1494.7998354473384,750.2764320997521],[1494.7893122534151,760.2519402429461],[1496.0130741358153,760.2551684519276],[1496.0026075555943,770.2084596809],[1496.6579112868058,770.2101884316653],[1496.654594256659,777.4529966181144],[1505.307810475293,777.4536136994138]]]}},{"type":"Feature","id":"way/1307292053","properties":{"building":"yes","source":"microsoft/BuildingFootprints","osm_type":"way","osm_id":1307292053},"geometry":{"type":"Polygon","coordinates":[[[1491.0460319436388,589.9470276413485],[1495.72809106583,589.9371592709795],[1495.7490619853488,599.9460737993941],[1504.410442624474,599.9356013294309],[1504.376393790124,579.9289016742259],[1491.0328903935733,579.9603511961177],[1491.0460319436388,589.9470276413485]]]}},{"type":"Feature","id":"way/1307292055","properties":{"building":"yes","source":"microsoft/BuildingFootprints","osm_type":"way","osm_id":1307292055},"geometry":{"type":"Polygon","coordinates":[[[1662.590838554548,1280.724637068808],[1665.085886522429,1280.5979820117354],[1665.3564745904878,1285.7086708024144],[1673.5049069488887,1285.2749370746315],[1672.8661481722957,1273.1648323228583],[1666.4153072146,1273.503113255836],[1666.385179425124,1272.9587103230879],[1662.1925216413802,1273.1808191910386],[1662.590838554548,1280.724637068808]]]}},{"type":"Feature","id":"way/1307292057","properties":{"building":"yes","source":"microsoft/BuildingFootprints","osm_type":"way","osm_id":1307292057},"geometry":{"type":"Polygon","coordinates":[[[1737.5346524982597,764.4627278465778],[1737.5747455236851,758.3308785762638],[1738.6248125934508,758.3336883541197],[1738.6537713552243,753.4126485818997],[1739.2617053884896,753.4142753761262],[1739.290486274287,748.5598868643865],[1730.9137118014041,748.5041503626853],[1730.8848481256864,753.3918645046651],[1731.524363147968,753.3935750341043],[1731.4968360782368,757.7814050316811],[1729.7914935623994,757.7657352313399],[1729.7857892598258,759.8985744034871],[1729.1304844101542,759.8968218164518],[1729.1131714891526,763.4182070596144],[1729.7526558004902,763.4310259521008],[1729.7260806476697,767.4633828224614],[1725.012658131891,767.439669849351],[1724.9827890684828,772.7050744313747],[1727.3908321972121,772.7115134447813],[1727.3311198605807,783.2312141889706],[1728.3417067925911,783.233916727826],[1728.3225820997031,787.4329229108989],[1736.6440689764568,787.4773997562006],[1736.6712429423933,783.2228720178828],[1736.8765184147633,783.2234212569892],[1736.9317583331722,774.3811097387224],[1731.9735890406882,774.3567367689684],[1731.98920986359,771.4685381120071],[1732.376075884269,771.469572937116],[1732.3886362900375,769.7255536587909],[1738.2073591885855,769.7633381895721],[1738.2372985611437,764.4757165890187],[1737.5346524982597,764.4627278465778]]]}},{"type":"Feature","id":"way/1307292059","properties":{"building":"yes","source":"microsoft/BuildingFootprints","osm_type":"way","osm_id":1307292059},"geometry":{"type":"Polygon","coordinates":[[[1576.3017501111026,986.0834953812882],[1568.3598912718007,985.8847105102614],[1567.9815287804813,1000.5581943420693],[1573.1681819151272,1000.6941331056878],[1573.2562579822843,997.2506944555789],[1576.0114175418857,997.3246487211436],[1576.3017501111026,986.0834953812882]]]}},{"type":"Feature","id":"way/1307292060","properties":{"building":"yes","ele":"708","name":"Afton Historical Museum","tourism":"museum","website":"https://aftonhistoricalmuseum.com/","osm_type":"way","osm_id":1307292060},"geometry":{"type":"Polygon","coordinates":[[[1734.4711260327604,1044.8694116733968],[1734.4664409782854,1043.669667975977],[1730.5268613690278,1043.6702375402674],[1730.5235631305259,1044.9032857427374],[1719.3601023618248,1044.9067605696619],[1719.3647528067813,1052.0273995893076],[1721.3621869486524,1052.0216306801885],[1721.3619742558803,1055.0542838983238],[1739.9940588199534,1055.0374711053446],[1739.981817381049,1044.8619405543432],[1734.4711260327604,1044.8694116733968]]]}},{"type":"Feature","id":"way/1307292061","properties":{"building":"yes","source":"microsoft/BuildingFootprints","osm_type":"way","osm_id":1307292061},"geometry":{"type":"Polygon","coordinates":[[[1218.748783533054,537.1353574469686],[1219.5349356672377,535.4044543514028],[1220.386671139102,535.7843570951372],[1218.838168740098,539.2017905041575],[1224.4532265560701,541.7380159106106],[1225.596782437351,539.1971127735451],[1235.699158576841,543.7556553101167],[1240.8131850992213,532.4825934981927],[1234.3779433976742,529.5776396440342],[1234.6082117409096,529.0783502897248],[1231.0987714126823,527.502923280932],[1232.2819831378874,524.8954726867378],[1226.7852023474989,522.4150906158611],[1222.6876709919889,531.4357538186014],[1221.6466732251574,530.9664907651022],[1222.6472456071642,528.7584743415937],[1212.1347300887574,524.0211512027308],[1208.3151477208012,532.431570940651],[1218.748783533054,537.1353574469686]]]}},{"type":"Feature","id":"way/1307292062","properties":{"building":"house","source":"microsoft/BuildingFootprints","osm_type":"way","osm_id":1307292062},"geometry":{"type":"Polygon","coordinates":[[[1659.5734647277277,1035.3493289174512],[1659.80443474825,1046.4474566914141],[1658.5253744645743,1046.4773754831403],[1658.6366316856584,1052.1319600604475],[1656.820691196539,1052.171557765454],[1656.9746147597907,1059.5925268009305],[1669.0545055798138,1059.3469962384552],[1668.886168162513,1051.4149918397889],[1669.3519956802484,1051.405124783516],[1669.268211973831,1047.2947115646675],[1671.9920953219407,1047.2464290279895],[1671.7540510694962,1035.8483490580693],[1668.9432893840712,1035.907508790493],[1668.9295128614758,1035.1520858360454],[1659.5734647277277,1035.3493289174512]]]}},{"type":"Feature","id":"way/1307292063","properties":{"building":"yes","source":"microsoft/BuildingFootprints","osm_type":"way","osm_id":1307292063},"geometry":{"type":"Polygon","coordinates":[[[1543.1052727415808,1495.5481495205313],[1544.1251572253532,1497.961420506239],[1537.3284532446996,1500.8094650320709],[1540.3410069224774,1507.949173537083],[1555.736314661568,1501.5024824682623],[1551.7117875116528,1491.9495153110474],[1543.1052727415808,1495.5481495205313]]]}},{"type":"Feature","id":"way/1307292064","properties":{"building":"yes","source":"microsoft/BuildingFootprints","osm_type":"way","osm_id":1307292064},"geometry":{"type":"Polygon","coordinates":[[[1955.9395731650875,1030.5135659920052],[1955.8736593985814,1037.3562996070832],[1975.7447562276502,1037.543485105969],[1975.757684322074,1035.6883799722418],[1977.7945384350605,1035.7050151666626],[1977.9933449174277,1014.8102332009003],[1976.1065178949502,1014.7828964013606],[1976.126919063623,1013.0833323420957],[1965.540031375538,1012.9768567346036],[1965.549914289324,1012.2437143810093],[1940.4682058971375,1011.9980160631239],[1940.2921692129457,1030.360093910247],[1955.9395731650875,1030.5135659920052]]]}},{"type":"Feature","id":"way/1307292065","properties":{"building":"yes","source":"microsoft/BuildingFootprints","osm_type":"way","osm_id":1307292065},"geometry":{"type":"Polygon","coordinates":[[[1493.001108960074,701.8492389172316],[1492.9241914071026,704.0707587776706],[1489.9715808779583,703.9741030223668],[1489.3630910763168,722.1461906088516],[1498.362983129744,722.4476446788758],[1498.5170561837149,717.9157366678119],[1500.5933416128973,717.9878667378798],[1501.1247086453368,702.126168304123],[1493.001108960074,701.8492389172316]]]}},{"type":"Feature","id":"way/1307292066","properties":{"building":"yes","source":"microsoft/BuildingFootprints","osm_type":"way","osm_id":1307292066},"geometry":{"type":"Polygon","coordinates":[[[1861.3636408433667,1356.4294278454036],[1865.2307290212484,1333.4672094015405],[1866.0987981781946,1333.5917448000982],[1867.7777813952416,1322.832011348568],[1838.7553669223562,1317.6549574276432],[1836.6578711215989,1328.4691147673875],[1837.2417380916304,1328.592881275341],[1833.3741795018432,1351.766178580001],[1861.3636408433667,1356.4294278454036]]]}},{"type":"Feature","id":"way/1307292067","properties":{"building":"yes","source":"microsoft/BuildingFootprints","osm_type":"way","osm_id":1307292067},"geometry":{"type":"Polygon","coordinates":[[[1685.5381500832154,938.3736378643662],[1676.3958364007995,938.3048204379156],[1676.3734413227648,940.7819828744978],[1670.7759340991615,940.7448432873935],[1670.7421522843651,944.5327924946323],[1667.560521858104,944.5020955596119],[1667.5026924908743,951.3892855821177],[1670.5896090705646,951.408621433191],[1670.5755553781637,953.7191768670455],[1676.3072366523556,953.7677827123553],[1676.2956096564303,955.1674378011376],[1683.6378692860017,955.2203447436914],[1683.7103966813302,945.7893200265244],[1685.4788492841762,945.8051461977884],[1685.5381500832154,938.3736378643662]]]}},{"type":"Feature","id":"way/1307292068","properties":{"building":"yes","source":"microsoft/BuildingFootprints","osm_type":"way","osm_id":1307292068},"geometry":{"type":"Polygon","coordinates":[[[1791.719364446064,988.2466673366725],[1791.7106869939016,991.4792528897524],[1784.6604632092058,991.4714399827644],[1784.6528325619292,994.3152265986428],[1778.1631534193875,994.308924941346],[1778.1428623497486,1001.873841742985],[1794.4854204792646,1001.9065889678895],[1794.4928552344209,996.196777401492],[1802.75097111403,996.218954176642],[1802.772335548012,988.2652384927496],[1791.719364446064,988.2466673366725]]]}},{"type":"Feature","id":"way/1307292069","properties":{"building":"yes","source":"microsoft/BuildingFootprints","osm_type":"way","osm_id":1307292069},"geometry":{"type":"Polygon","coordinates":[[[1224.9712443961762,1157.3120856769383],[1219.2952089521568,1157.1862666485831],[1219.241382863489,1159.674457659945],[1210.2891742779757,1159.4846021076664],[1209.983901595173,1173.6917343279347],[1224.6121398311807,1173.996299716644],[1224.9712443961762,1157.3120856769383]]]}},{"type":"Feature","id":"way/1307292070","properties":{"building":"yes","source":"microsoft/BuildingFootprints","osm_type":"way","osm_id":1307292070},"geometry":{"type":"Polygon","coordinates":[[[1617.8657520763227,877.3737759171054],[1623.692272440996,877.411477714777],[1623.7533617902664,869.2801318261772],[1617.9268635493936,869.2313214512542],[1617.8657520763227,877.3737759171054]]]}},{"type":"Feature","id":"way/1307292071","properties":{"building":"yes","source":"microsoft/BuildingFootprints","osm_type":"way","osm_id":1307292071},"geometry":{"type":"Polygon","coordinates":[[[1331.9403530794661,651.704316441901],[1340.4254091716139,652.6707199048251],[1340.950483495486,648.1286702556536],[1343.2947131093824,648.4014045782387],[1344.320890631061,639.4283293057233],[1333.4915839952882,638.1891891714185],[1331.9403530794661,651.704316441901]]]}},{"type":"Feature","id":"way/1307292072","properties":{"building":"yes","source":"microsoft/BuildingFootprints","osm_type":"way","osm_id":1307292072},"geometry":{"type":"Polygon","coordinates":[[[1728.7313216638286,554.8751554666087],[1741.308542730054,555.019887634553],[1741.4122314107954,545.7777988929302],[1728.8349922064808,545.6330665722489],[1728.7313216638286,554.8751554666087]]]}},{"type":"Feature","id":"way/1307292074","properties":{"building":"yes","source":"microsoft/BuildingFootprints","osm_type":"way","osm_id":1307292074},"geometry":{"type":"Polygon","coordinates":[[[1444.9441198165296,656.0218350160867],[1445.0100801811786,651.9562563691288],[1434.596465123701,651.7844652077183],[1434.5223824212444,655.9388914760202],[1435.4145296105416,655.9523450275883],[1435.3495097103296,659.6624506432563],[1434.528421292256,659.6491838637739],[1434.4439907718915,664.7367064310238],[1446.207632095553,664.9342653583735],[1446.3573319303687,656.0477691162378],[1444.9441198165296,656.0218350160867]]]}},{"type":"Feature","id":"way/1307292076","properties":{"building":"yes","source":"microsoft/BuildingFootprints","osm_type":"way","osm_id":1307292076},"geometry":{"type":"Polygon","coordinates":[[[1883.6974954381003,1180.873380866833],[1885.1585885079112,1180.6662604659796],[1883.7095879801782,1170.5423917006701],[1875.1167315277853,1171.7744810665026],[1876.6432240704307,1182.4428795482963],[1875.9166102434392,1182.5520055983216],[1876.5596448262222,1187.086059606634],[1884.4258674671291,1185.9630972854793],[1883.6974954381003,1180.873380866833]]]}},{"type":"Feature","id":"way/1307292077","properties":{"building":"yes","source":"microsoft/BuildingFootprints","osm_type":"way","osm_id":1307292077},"geometry":{"type":"Polygon","coordinates":[[[1773.972971313051,940.5430706217885],[1765.7303356273915,940.6098417742178],[1765.8231897328515,953.0961800497025],[1768.2943846857524,953.0805868236348],[1768.3070479446324,954.247025931254],[1771.0703872446902,954.2211083108559],[1771.057754270907,953.0435606548563],[1774.0816291526426,953.018342860043],[1774.0324994714465,947.7860508104786],[1776.2984263040125,947.7699102219194],[1776.269408336666,943.8707065870985],[1773.995585112134,943.8868260197341],[1773.972971313051,940.5430706217885]]]}},{"type":"Feature","id":"way/1307292078","properties":{"building":"yes","source":"microsoft/BuildingFootprints","osm_type":"way","osm_id":1307292078},"geometry":{"type":"Polygon","coordinates":[[[1682.362717217533,1347.4179973052815],[1678.7865907314117,1347.37513273675],[1678.7579298564233,1349.2413055859506],[1672.8056152136996,1349.1698901429772],[1672.6978070766781,1357.0345104550943],[1674.2924375000293,1357.0609793569893],[1674.2631263307994,1359.171540306881],[1682.2047865533968,1359.2704808572307],[1682.362717217533,1347.4179973052815]]]}},{"type":"Feature","id":"way/1307292079","properties":{"building":"yes","source":"microsoft/BuildingFootprints","osm_type":"way","osm_id":1307292079},"geometry":{"type":"Polygon","coordinates":[[[1454.523089267197,1486.2719515534118],[1457.0016513457522,1483.3791243322194],[1451.8896510373452,1479.0221956595778],[1449.4744782419875,1481.8263226170093],[1443.2281975085498,1476.5110743846744],[1437.3525050851167,1483.3718617316335],[1441.5980624862714,1486.993330495432],[1440.6953611955396,1488.0351672628894],[1438.0723877974087,1485.806543980725],[1432.196738566854,1492.6562275690958],[1439.0258783123572,1498.4728861870244],[1444.980735966179,1491.523439515382],[1443.0588130683755,1489.8854156713933],[1443.8823665390373,1488.9211314227432],[1455.2012399120722,1498.5598782841116],[1461.0056546989363,1491.7877884441987],[1454.523089267197,1486.2719515534118]]]}},{"type":"Feature","id":"way/1307292080","properties":{"building":"yes","source":"microsoft/BuildingFootprints","osm_type":"way","osm_id":1307292080},"geometry":{"type":"Polygon","coordinates":[[[1785.1777216427727,1181.1858932347968],[1787.2149876383482,1160.4404498180375],[1776.0309929361683,1159.34401592426],[1773.9858681265614,1180.0894415946677],[1785.1777216427727,1181.1858932347968]]]}},{"type":"Feature","id":"way/1307292081","properties":{"building":"yes","source":"microsoft/BuildingFootprints","osm_type":"way","osm_id":1307292081},"geometry":{"type":"Polygon","coordinates":[[[1749.9902471212554,1222.6267120698467],[1750.0176643708255,1233.0244587408379],[1758.1729634106741,1233.0018698610365],[1758.137694488396,1222.59299342148],[1749.9902471212554,1222.6267120698467]]]}},{"type":"Feature","id":"way/1307292082","properties":{"building":"yes","source":"microsoft/BuildingFootprints","osm_type":"way","osm_id":1307292082},"geometry":{"type":"Polygon","coordinates":[[[1399.5739248220343,705.3693239949644],[1391.1588108079159,704.8584782155231],[1390.4579187171184,716.2207517232746],[1398.873017856793,716.731596630998],[1399.5739248220343,705.3693239949644]]]}},{"type":"Feature","id":"way/1307292083","properties":{"building":"yes","source":"microsoft/BuildingFootprints","osm_type":"way","osm_id":1307292083},"geometry":{"type":"Polygon","coordinates":[[[1884.9958957474446,1249.717042421922],[1883.221971059509,1248.8346730628982],[1881.3672708865488,1248.6297124577686],[1879.542560520873,1249.013590532355],[1877.8665597087238,1249.8755413014442],[1876.4736573597183,1251.1492754425853],[1875.4825727273128,1252.7240267693996],[1875.0119049019413,1254.5334632648155],[1875.1882372358814,1256.4779486497864],[1876.1380929112784,1258.4800639236346],[1886.0072564050788,1272.803499467671],[1896.4238071360742,1265.666560921818],[1886.5467610834748,1251.3430881528184],[1884.9958957474446,1249.717042421922]]]}},{"type":"Feature","id":"way/1307292084","properties":{"building":"yes","source":"microsoft/BuildingFootprints","osm_type":"way","osm_id":1307292084},"geometry":{"type":"Polygon","coordinates":[[[1451.9188453302486,1083.932970338501],[1451.7746578717488,1078.722648171708],[1459.0069504178246,1078.508402244188],[1458.8547567409114,1073.3424933357164],[1458.0494233431527,1073.362590590492],[1457.8178125887644,1065.374883286655],[1452.7567968470394,1065.5170837165788],[1452.9519214016618,1072.3716155700386],[1450.7964510814636,1072.432595374994],[1450.8904907326214,1075.6987770395353],[1445.6873468224658,1075.8517176574096],[1445.9182709113811,1084.1060296511278],[1451.9188453302486,1083.932970338501]]]}},{"type":"Feature","id":"way/1307292085","properties":{"building":"garage","source":"microsoft/BuildingFootprints","osm_type":"way","osm_id":1307292085},"geometry":{"type":"Polygon","coordinates":[[[1618.7309386784327,1145.99362101499],[1608.5937973037362,1146.0666671339422],[1608.651472844591,1154.0761372037232],[1618.7886015513795,1154.0030912058428],[1618.7309386784327,1145.99362101499]]]}},{"type":"Feature","id":"way/1307292086","properties":{"building":"yes","source":"microsoft/BuildingFootprints","osm_type":"way","osm_id":1307292086},"geometry":{"type":"Polygon","coordinates":[[[1381.248942763661,1072.9164940221235],[1381.9481266222429,1077.2506876755506],[1389.503145759867,1077.4037934560329],[1389.4850553522701,1078.2813269551843],[1393.3517820093548,1078.9579825764522],[1397.2611288191401,1078.4350214265287],[1397.2792494279565,1077.5463794060051],[1404.4000805332907,1077.6872553238645],[1405.1220143896644,1073.3456795271486],[1404.5729646277032,1068.9674427695572],[1396.1179511905648,1068.800850175321],[1396.1546000114176,1066.8680465528741],[1391.7336532432819,1066.7898015258834],[1391.6970057557337,1068.722605170682],[1382.1130853121867,1068.5308539122343],[1381.248942763661,1072.9164940221235]]]}},{"type":"Feature","id":"way/1307292087","properties":{"building":"yes","source":"microsoft/BuildingFootprints","osm_type":"way","osm_id":1307292087},"geometry":{"type":"Polygon","coordinates":[[[1263.1799609838054,1382.6386938076466],[1259.9503222309868,1389.0066403448582],[1267.5664553724928,1392.8367177899927],[1271.4150783786317,1385.2373292930424],[1274.0168682635413,1386.5438125478104],[1276.3577992767096,1381.9176124623045],[1282.720360597712,1385.1112518133596],[1285.0692218443728,1380.4739669244736],[1275.5214539830922,1375.6723880004138],[1275.7991782497265,1375.1287886835635],[1269.6968034235178,1372.0580285005271],[1267.9748236033483,1375.4638934312388],[1266.7527695316821,1374.8497383091599],[1269.4031748941052,1369.6133669828996],[1260.3205472811242,1365.0463028810918],[1253.797761896276,1377.9153385162354],[1263.1799609838054,1382.6386938076466]]]}},{"type":"Feature","id":"way/1307292088","properties":{"building":"house","osm_type":"way","osm_id":1307292088},"geometry":{"type":"Polygon","coordinates":[[[1974.7512729775044,1552.0924639012665],[1975.8334503055667,1551.8510104576126],[1974.8194035207853,1547.3492624638602],[1980.333010980452,1546.1089500207454],[1977.5872382506495,1533.937544808723],[1973.898346002039,1534.7606822736561],[1973.1182605737122,1531.3148895986378],[1962.9678633635049,1533.586845163256],[1966.4779931634548,1549.1928844992071],[1970.2774863030645,1548.3367169238627],[1970.9327395166038,1551.2378476811573],[1966.675139672123,1552.1816414585337],[1968.9529047790566,1562.2744583664462],[1976.6545327171334,1560.5512983519584],[1974.7512729775044,1552.0924639012665]]]}},{"type":"Feature","id":"way/1307292089","properties":{"building":"yes","source":"microsoft/BuildingFootprints","osm_type":"way","osm_id":1307292089},"geometry":{"type":"Polygon","coordinates":[[[1232.6666277368786,644.3362376959994],[1227.0591821739217,657.1521233916283],[1239.0072396673495,662.3486553980038],[1238.2368017050903,664.1129230549559],[1246.178503677249,667.5661191157997],[1249.3316699417774,660.3759351195768],[1242.7228051947895,657.4927375093102],[1245.9553880910971,650.1250205533579],[1232.6666277368786,644.3362376959994]]]}},{"type":"Feature","id":"way/1307292090","properties":{"building":"yes","source":"microsoft/BuildingFootprints","osm_type":"way","osm_id":1307292090},"geometry":{"type":"Polygon","coordinates":[[[1747.0648380368366,1118.1089416285977],[1743.4411258003674,1118.0992401326075],[1743.4384944371996,1116.133006773889],[1735.409452786378,1116.1226271530613],[1735.3918336713105,1128.6086725657806],[1747.0524904915364,1128.6176663031802],[1747.0648380368366,1118.1089416285977]]]}},{"type":"Feature","id":"way/1307292091","properties":{"building":"yes","source":"microsoft/BuildingFootprints","osm_type":"way","osm_id":1307292091},"geometry":{"type":"Polygon","coordinates":[[[1547.1464559041196,1290.0048227533698],[1546.9150089747855,1279.0177807249129],[1537.9935538577265,1279.2052409909666],[1538.0075213529635,1279.8940126355737],[1534.6600062173093,1279.9629196422175],[1534.8632153684157,1289.6946119023487],[1538.2028308358858,1289.6256841337308],[1538.2171508701285,1290.1811532322317],[1547.1464559041196,1290.0048227533698]]]}},{"type":"Feature","id":"way/1307292092","properties":{"building":"yes","source":"microsoft/BuildingFootprints","osm_type":"way","osm_id":1307292092},"geometry":{"type":"Polygon","coordinates":[[[1503.1586574122775,1068.2382247606292],[1503.377469701867,1063.1066197957844],[1506.2587727969512,1063.2364202747121],[1506.6453092932934,1054.3838705224916],[1504.0165796038345,1054.2769538015127],[1504.4030841207714,1045.4355125883594],[1494.3855572486063,1044.998059433885],[1493.7721322014113,1059.059953914024],[1492.4380457088118,1059.00089172367],[1492.2788133627037,1062.4996869964525],[1493.6207939932356,1062.5587699823081],[1493.3858774524997,1067.8125275745988],[1503.1586574122775,1068.2382247606292]]]}},{"type":"Feature","id":"way/1307292093","properties":{"building":"yes","osm_type":"way","osm_id":1307292093},"geometry":{"type":"Polygon","coordinates":[[[2061.3019515113556,1472.0124780815095],[2064.433732272475,1481.541116880253],[2071.884803902067,1479.106435042806],[2074.014425783069,1485.5774703687057],[2081.844789123861,1483.0105315502733],[2076.5833833624492,1467.0219559315592],[2061.3019515113556,1472.0124780815095]]]}},{"type":"Feature","id":"way/1307292094","properties":{"building":"yes","source":"microsoft/BuildingFootprints","osm_type":"way","osm_id":1307292094},"geometry":{"type":"Polygon","coordinates":[[[1672.289575091505,997.84718476329],[1682.9246300956002,997.6644800789654],[1682.7008682315354,983.8780852230266],[1672.057925006433,984.0496607497334],[1672.289575091505,997.84718476329]]]}},{"type":"Feature","id":"way/1307292095","properties":{"building":"yes","source":"microsoft/BuildingFootprints","osm_type":"way","osm_id":1307292095},"geometry":{"type":"Polygon","coordinates":[[[1563.070036181016,1042.5913097448647],[1563.0464491641033,1045.5350316483527],[1560.2990874273237,1045.5055379755795],[1560.2522689753096,1051.2596793286502],[1571.2654788877117,1051.3443981762975],[1571.3485913103796,1040.8358635148033],[1566.9906695005484,1040.802099163644],[1567.0367288163397,1035.3367800367996],[1569.1683221879066,1035.3535363385454],[1569.212823356269,1030.4769700011238],[1560.196959203924,1030.4086527023464],[1560.0936919442029,1042.5723182763904],[1563.070036181016,1042.5913097448647]]]}},{"type":"Feature","id":"way/1307292096","properties":{"building":"yes","source":"microsoft/BuildingFootprints","osm_type":"way","osm_id":1307292096},"geometry":{"type":"Polygon","coordinates":[[[1777.7758759784629,535.233164829202],[1778.0619936971343,543.3654371583834],[1785.8951404744876,543.0865168040618],[1785.609032676788,534.9542441023514],[1777.7758759784629,535.233164829202]]]}},{"type":"Feature","id":"way/1307292097","properties":{"building":"yes","source":"microsoft/BuildingFootprints","osm_type":"way","osm_id":1307292097},"geometry":{"type":"Polygon","coordinates":[[[1542.1086831006687,1242.635428296402],[1536.2957280522096,1243.5642850250006],[1538.3850679108873,1256.5446835700423],[1552.9490233469987,1254.2170857246965],[1550.4247570590815,1238.5361355515197],[1541.67372440506,1239.9348820438609],[1542.1086831006687,1242.635428296402]]]}},{"type":"Feature","id":"way/1307292098","properties":{"building":"yes","source":"microsoft/BuildingFootprints","osm_type":"way","osm_id":1307292098},"geometry":{"type":"Polygon","coordinates":[[[1495.9177130512544,1580.382255218923],[1496.2203995859018,1582.3492812830955],[1493.9932902315632,1582.6988810263574],[1494.6763752350234,1587.099700476043],[1496.785011176311,1586.772005601786],[1498.058174613223,1594.9179907031357],[1507.092904841178,1593.5199355529621],[1505.2686772710294,1581.8066236954182],[1507.2825261365506,1581.5008992729709],[1506.8399759985623,1578.689247554168],[1495.9177130512544,1580.382255218923]]]}},{"type":"Feature","id":"way/1307292099","properties":{"building":"yes","source":"microsoft/BuildingFootprints","osm_type":"way","osm_id":1307292099},"geometry":{"type":"Polygon","coordinates":[[[1231.4385556029738,1135.4671161295846],[1231.52768727066,1131.5460051530972],[1230.7540277135558,1131.5328873349354],[1230.7985500716022,1129.588994666934],[1223.0068327003974,1129.4021354177967],[1222.962255034945,1131.3682452198118],[1222.2991511955042,1131.344306779094],[1222.0164451993187,1142.9298624359071],[1227.8503596982919,1143.0672023585066],[1227.743767958018,1147.6325680175796],[1232.9224418787635,1147.7571026692167],[1233.028921898338,1143.2361712614074],[1236.5024454598315,1143.3118457347155],[1236.680397497199,1135.5918178176507],[1231.4385556029738,1135.4671161295846]]]}},{"type":"Feature","id":"way/1307292100","properties":{"building":"yes","source":"microsoft/BuildingFootprints","osm_type":"way","osm_id":1307292100},"geometry":{"type":"Polygon","coordinates":[[[1569.3986685663695,1273.1786415176466],[1559.0165552934632,1273.4177452288568],[1559.3983523896313,1290.2261051507667],[1569.780409012572,1289.9981106687337],[1569.3986685663695,1273.1786415176466]]]}},{"type":"Feature","id":"way/1307292101","properties":{"amenity":"townhall","building":"yes","ele":"709","name":"Afton City Hall","osm_type":"way","osm_id":1307292101},"geometry":{"type":"Polygon","coordinates":[[[1758.7132753428305,1343.6674538627267],[1777.0947871124954,1342.5725451530889],[1776.512712570664,1332.95091246441],[1758.1311733208713,1334.0458228997886],[1758.7132753428305,1343.6674538627267]]]}},{"type":"Feature","id":"way/1307292102","properties":{"building":"yes","source":"microsoft/BuildingFootprints","osm_type":"way","osm_id":1307292102},"geometry":{"type":"Polygon","coordinates":[[[1778.4780196425272,1350.7744228476658],[1798.1855840218486,1349.7608925290406],[1797.7203487584484,1340.739437318407],[1778.0127567247255,1341.7529691271484],[1778.4780196425272,1350.7744228476658]]]}},{"type":"Feature","id":"way/1307292104","properties":{"building":"yes","source":"microsoft/BuildingFootprints","osm_type":"way","osm_id":1307292104},"geometry":{"type":"Polygon","coordinates":[[[1646.0916439396678,1179.647758435458],[1635.3071880856878,1179.7190390275791],[1635.3765410849592,1189.2615310512483],[1642.4503784995177,1189.2137005999684],[1642.4028297699988,1183.3482208354399],[1646.1923827210558,1183.3249809565023],[1646.2093842761242,1185.8355751316994],[1662.9386978712282,1185.7246067635715],[1662.851295634231,1174.0825363406911],[1646.0587642528117,1174.2044454477727],[1646.0916439396678,1179.647758435458]]]}},{"type":"Feature","id":"way/1307292105","properties":{"building":"yes","source":"microsoft/BuildingFootprints","osm_type":"way","osm_id":1307292105},"geometry":{"type":"Polygon","coordinates":[[[1940.5586065568496,946.5351474629715],[1960.7518682431546,944.4792155036703],[1959.12112135184,928.6116828909144],[1938.9278102572425,930.667620068416],[1940.5586065568496,946.5351474629715]]]}},{"type":"Feature","id":"way/1307292106","properties":{"building":"yes","source":"microsoft/BuildingFootprints","osm_type":"way","osm_id":1307292106},"geometry":{"type":"Polygon","coordinates":[[[1670.5835789002595,340.445928491652],[1670.587482687959,350.8324883049354],[1682.439081676479,350.8307571467012],[1682.4430928487564,340.4442183310166],[1670.5835789002595,340.445928491652]]]}},{"type":"Feature","id":"way/1307292107","properties":{"building":"yes","source":"microsoft/BuildingFootprints","osm_type":"way","osm_id":1307292107},"geometry":{"type":"Polygon","coordinates":[[[1648.7126594128786,1114.424901906401],[1654.2151885731728,1114.495095978491],[1654.2647205615067,1110.7182962847874],[1659.1514579528011,1110.7868547430262],[1659.2599317613058,1102.6667407993227],[1654.21526226087,1102.6088703386486],[1654.2354300518055,1100.9648479660973],[1648.8907856463338,1100.8950742566958],[1648.7126594128786,1114.424901906401]]]}},{"type":"Feature","id":"way/1344637187","properties":{"building":"shed","osm_type":"way","osm_id":1344637187},"geometry":{"type":"Polygon","coordinates":[[[1438.2964215693646,1208.4581052949652],[1437.9734904040233,1205.16910406854],[1433.8592766740476,1205.569306716323],[1434.1822099302663,1208.8583077313378],[1438.2964215693646,1208.4581052949652]]]}},{"type":"Feature","id":"way/1344637234","properties":{"building":"shed","osm_type":"way","osm_id":1344637234},"geometry":{"type":"Polygon","coordinates":[[[1430.1990907614818,1270.5229106126353],[1430.6056806421257,1275.0229715816677],[1433.8906241560471,1274.7316732574254],[1433.4919311724952,1270.2316328287125],[1430.1990907614818,1270.5229106126353]]]}},{"type":"Feature","id":"way/1344637238","properties":{"building":"shed","osm_type":"way","osm_id":1344637238},"geometry":{"type":"Polygon","coordinates":[[[1530.635006779863,1288.4392657252029],[1534.551015856734,1288.338534116745],[1534.3940205435501,1282.0284203514457],[1530.4780369842774,1282.1180435204878],[1530.635006779863,1288.4392657252029]]]}},{"type":"Feature","id":"way/1344637249","properties":{"building":"shed","osm_type":"way","osm_id":1344637249},"geometry":{"type":"Polygon","coordinates":[[[1635.5493747674045,1139.1287748347968],[1638.5966679509147,1139.1702076038346],[1638.6576616432285,1134.0492948526517],[1635.610366024368,1134.0078620621935],[1635.5493747674045,1139.1287748347968]]]}},{"type":"Feature","id":"way/1344637250","properties":{"building":"shed","osm_type":"way","osm_id":1344637250},"geometry":{"type":"Polygon","coordinates":[[[1622.938835818204,1175.709262561053],[1618.5729634896852,1175.7309846160933],[1618.5998020948027,1180.485546658747],[1622.9657007138594,1180.4527160841972],[1622.938835818204,1175.709262561053]]]}},{"type":"Feature","id":"way/1344666219","properties":{"building":"shed","osm_type":"way","osm_id":1344666219},"geometry":{"type":"Polygon","coordinates":[[[1423.0564736094093,1648.3529586372897],[1419.8509844489163,1648.5222754683346],[1420.1663427674212,1654.6883933646604],[1423.3717996653286,1654.530185249634],[1423.0564736094093,1648.3529586372897]]]}},{"type":"Feature","id":"way/1344666221","properties":{"building":"shed","osm_type":"way","osm_id":1344666221},"geometry":{"type":"Polygon","coordinates":[[[1644.1750261932611,1371.7663286421448],[1649.1250457632705,1371.7128540808335],[1649.0734243982006,1367.3803521813825],[1644.1234014820657,1367.43382678926],[1644.1750261932611,1371.7663286421448]]]}},{"type":"Feature","id":"way/1344666223","properties":{"building":"yes","osm_type":"way","osm_id":1344666223},"geometry":{"type":"Polygon","coordinates":[[[1649.9475177003187,1341.5217967983335],[1660.2962894201046,1341.9048352185637],[1660.678800344118,1331.674809422344],[1650.3300121185603,1331.2917704377323],[1649.9475177003187,1341.5217967983335]]]}},{"type":"Feature","id":"way/1344666224","properties":{"building":"shed","osm_type":"way","osm_id":1344666224},"geometry":{"type":"Polygon","coordinates":[[[1670.1390877185622,1360.3269513240084],[1671.374644624535,1361.7854751963168],[1673.0995249239495,1360.3348436653614],[1671.8639681264176,1358.8763194633648],[1670.1390877185622,1360.3269513240084]]]}},{"type":"Feature","id":"way/1344666226","properties":{"building":"shed","osm_type":"way","osm_id":1344666226},"geometry":{"type":"Polygon","coordinates":[[[1659.6492701957468,1412.898347036913],[1657.1388400559663,1412.8916594590992],[1657.1327444982016,1415.1800205251202],[1659.6431737413513,1415.1867081038654],[1659.6492701957468,1412.898347036913]]]}},{"type":"Feature","id":"way/1344666228","properties":{"building":"garage","osm_type":"way","osm_id":1344666228},"geometry":{"type":"Polygon","coordinates":[[[1636.5450394675136,1465.2029084796086],[1636.7136490392732,1455.2389174848795],[1628.45645024837,1455.0947590479627],[1628.2878535165219,1465.0587502233684],[1636.5450394675136,1465.2029084796086]]]}},{"type":"Feature","id":"way/1344666230","properties":{"building":"shed","osm_type":"way","osm_id":1344666230},"geometry":{"type":"Polygon","coordinates":[[[1577.8727285868372,1468.535185597837],[1572.9806658340967,1467.6002005552873],[1571.8518965769326,1473.5069987401366],[1576.7439549719566,1474.4419829426333],[1577.8727285868372,1468.535185597837]]]}},{"type":"Feature","id":"way/1344666233","properties":{"building":"garage","osm_type":"way","osm_id":1344666233},"geometry":{"type":"Polygon","coordinates":[[[1564.7869172581704,1512.0463257310912],[1561.427572259854,1504.7057316116989],[1554.084836164664,1508.0522003313527],[1557.4363228792208,1515.381661166437],[1564.7869172581704,1512.0463257310912]]]}},{"type":"Feature","id":"way/1344666236","properties":{"building":"shed","osm_type":"way","osm_id":1344666236},"geometry":{"type":"Polygon","coordinates":[[[1284.8306780790444,1417.487280596979],[1278.8853396995692,1414.7612877534702],[1275.662004576996,1421.7402174482122],[1281.6073378130677,1424.466207346879],[1284.8306780790444,1417.487280596979]]]}},{"type":"Feature","id":"way/1344666237","properties":{"building":"shed","osm_type":"way","osm_id":1344666237},"geometry":{"type":"Polygon","coordinates":[[[1284.799992305343,1359.5779446028173],[1287.874707101495,1361.1744898539037],[1290.6278217929066,1355.916177721694],[1287.5531051422586,1354.3196311667562],[1284.799992305343,1359.5779446028173]]]}},{"type":"Feature","id":"way/1346242956","properties":{"building":"shed","osm_type":"way","osm_id":1346242956},"geometry":{"type":"Polygon","coordinates":[[[1487.5155975454836,1838.7690720343962],[1486.328975035809,1842.7206158787012],[1490.4069292760105,1843.9422135222703],[1491.593554084655,1839.990670419298],[1487.5155975454836,1838.7690720343962]]]}},{"type":"Feature","id":"way/1346242957","properties":{"building":"garage","osm_type":"way","osm_id":1346242957},"geometry":{"type":"Polygon","coordinates":[[[1531.1280676753377,1794.627456431277],[1523.80294375238,1791.4421298289672],[1520.236975456588,1799.597550522536],[1527.5542271904997,1802.7717436822131],[1531.1280676753377,1794.627456431277]]]}},{"type":"Feature","id":"way/1346242958","properties":{"building":"shed","osm_type":"way","osm_id":1346242958},"geometry":{"type":"Polygon","coordinates":[[[1519.1689356077113,1809.4480858575553],[1517.9932055091485,1812.2554633254185],[1520.9738568295143,1813.4963982142508],[1522.1495880137663,1810.6890212828293],[1519.1689356077113,1809.4480858575553]]]}},{"type":"Feature","id":"way/1346242959","properties":{"building":"house","osm_type":"way","osm_id":1346242959},"geometry":{"type":"Polygon","coordinates":[[[1536.4771420761826,1822.6464687082916],[1537.843185026606,1819.5174476355314],[1538.489752827969,1819.7968739671633],[1540.753220318642,1814.6262391535565],[1532.978668755968,1811.2508659251034],[1530.7389763176325,1816.3882403969765],[1531.3776508056326,1816.667645134963],[1530.0354390876018,1819.7411874076352],[1529.1286648451933,1819.3499875823036],[1527.2225496449973,1823.721749608405],[1524.4707107866998,1822.5258511248976],[1523.6050459980033,1824.5008997162804],[1522.233088174311,1823.8974072551355],[1520.8749477060628,1827.0264525208622],[1522.2784806748386,1827.630028149113],[1520.4676867279923,1831.779871464707],[1530.4184725390514,1836.0941092064604],[1531.1888234031503,1834.3409821242094],[1536.5505733319442,1836.6657589245588],[1539.9815813532914,1828.7988142361864],[1540.746409978543,1829.1340968683362],[1541.9377585161128,1826.393416594714],[1541.1807941549923,1826.0692632663995],[1541.6890916932025,1824.9042016677558],[1536.4771420761826,1822.6464687082916]]]}},{"type":"Feature","id":"way/1346242960","properties":{"building":"house","osm_type":"way","osm_id":1346242960},"geometry":{"type":"Polygon","coordinates":[[[1231.7186320055625,1754.0626987246796],[1231.385900417983,1754.51728825178],[1227.454202380788,1751.652158827521],[1223.580300189671,1756.9298074711114],[1222.6111539839185,1756.2274476420134],[1219.9968745596707,1759.7865311782807],[1220.5326576678199,1760.1767240175977],[1218.5283815111616,1762.9042444378138],[1219.0326461080695,1763.2721380861476],[1217.3452270365087,1765.5783533994108],[1210.5103476936347,1768.0933856116608],[1214.5536701562232,1779.6568516781554],[1223.672092214867,1776.3034964082763],[1225.8861482747598,1777.9088880280033],[1232.4773165707593,1768.928016374819],[1230.2396347462782,1767.3003438813612],[1237.0843518812326,1757.9646594384685],[1231.7186320055625,1754.0626987246796]]]}},{"type":"Feature","id":"way/1346242961","properties":{"building":"house","osm_type":"way","osm_id":1346242961},"geometry":{"type":"Polygon","coordinates":[[[1110.8955812262138,1847.5956899514422],[1110.9500077412813,1847.9179805880412],[1119.1632142092567,1846.5616961317137],[1119.318713264889,1847.4841136625037],[1124.8626087814337,1846.576403727755],[1124.3184649412287,1843.3090619705617],[1127.1614741347148,1842.8498376784846],[1125.5680255773477,1833.2367593981326],[1120.2925974801765,1834.1118355877697],[1120.106095821655,1832.9671654533595],[1116.4101388178533,1833.5797133324668],[1116.5034902741318,1834.113168396987],[1112.4600588714238,1834.7803653366864],[1112.5533246889245,1835.347146011889],[1111.708332316368,1835.4782703360543],[1111.164238080033,1832.1887126602232],[1103.077374852437,1833.523115827702],[1105.5490933050169,1848.4817036110908],[1110.8955812262138,1847.5956899514422]]]}},{"type":"Feature","id":"way/1346242964","properties":{"building":"shed","osm_type":"way","osm_id":1346242964},"geometry":{"type":"Polygon","coordinates":[[[1080.0855169913848,1829.187071081251],[1080.6535665345145,1832.3767100125551],[1083.3308336987393,1831.905931007117],[1082.7627854457824,1828.716291836463],[1080.0855169913848,1829.187071081251]]]}},{"type":"Feature","id":"way/1346242965","properties":{"building":"roof","osm_type":"way","osm_id":1346242965},"geometry":{"type":"Polygon","coordinates":[[[1053.162416166393,1846.358420951292],[1053.2486060818192,1843.5370504762977],[1045.544671513955,1843.3173020621762],[1045.4663503545453,1846.14980146382],[1053.162416166393,1846.358420951292]]]}},{"type":"Feature","id":"way/1346242966","properties":{"building":"house","osm_type":"way","osm_id":1346242966},"geometry":{"type":"Polygon","coordinates":[[[1000.6873165044817,1884.9040335630998],[1001.4921845484641,1848.047662023455],[999.0057210901869,1847.996858309023],[999.0422759506619,1846.052941802889],[995.2691631254856,1845.976626843214],[995.5100055729854,1835.1574387475848],[990.9870215326664,1835.0569888614118],[989.8969629434869,1884.6653376081958],[1000.6873165044817,1884.9040335630998]]]}},{"type":"Feature","id":"way/1346242967","properties":{"building":"garage","osm_type":"way","osm_id":1346242967},"geometry":{"type":"Polygon","coordinates":[[[1016.4674221641617,1829.4124362887815],[1002.9378993910505,1829.122261526063],[1002.686389795912,1841.0189590137452],[1016.2079935433576,1841.3091130759567],[1016.4674221641617,1829.4124362887815]]]}},{"type":"Feature","id":"way/1346242969","properties":{"building":"house","osm_type":"way","osm_id":1346242969},"geometry":{"type":"Polygon","coordinates":[[[1017.0699875292485,1683.6910003703088],[1018.0638463933719,1684.004590288736],[1019.6233961252728,1679.2096627745777],[1018.1641832058667,1678.73935856577],[1019.898743617232,1673.4227744732052],[1008.0199476791895,1669.5931723965332],[1006.3570123970276,1674.6877706293017],[1008.5971176031744,1675.4044630751014],[1006.8466081153019,1680.7876610830426],[1012.4704615925439,1682.6127804899588],[1011.10986484366,1686.7861365852877],[1015.5900367505383,1688.2306341873482],[1017.0699875292485,1683.6910003703088]]]}},{"type":"Feature","id":"way/1346242970","properties":{"building":"house","osm_type":"way","osm_id":1346242970},"geometry":{"type":"Polygon","coordinates":[[[1154.8606581945787,1614.1391919422895],[1154.449327693961,1614.4602786349133],[1159.5322216777713,1620.9497515028343],[1159.9910320018535,1620.5843534218147],[1162.831462246948,1624.2131126075983],[1170.8998475075932,1617.9242884656414],[1156.280572505144,1599.279520995915],[1152.459947579482,1602.2578636324033],[1151.4606864854577,1600.977788478136],[1149.7046422823914,1602.3396104713902],[1147.0923516446492,1599.0113797998056],[1139.0477349042194,1605.266969253309],[1140.802372515027,1607.5043356539682],[1137.8993506169063,1609.762996736914],[1136.9472808171995,1608.549697487615],[1131.8927105266484,1612.480207439512],[1140.3275297679938,1623.2440328029916],[1141.300493250892,1622.4800510285422],[1142.3626767673413,1623.8491562232375],[1146.468048654846,1620.6493708556518],[1146.0195732827997,1620.0705633396283],[1151.4459195097443,1615.852201193571],[1150.0611086878926,1614.0823500305414],[1153.019507141551,1611.7794030839577],[1154.8606581945787,1614.1391919422895]]]}},{"type":"Feature","id":"way/1346428408","properties":{"building":"shed","osm_type":"way","osm_id":1346428408},"geometry":{"type":"Polygon","coordinates":[[[484.2219748215866,1792.2445208132267],[486.76856143487385,1787.16308956407],[481.1549437675858,1784.3720067348331],[478.608360525046,1789.4534401865676],[484.2219748215866,1792.2445208132267]]]}},{"type":"Feature","id":"way/1346428409","properties":{"building":"house","osm_type":"way","osm_id":1346428409},"geometry":{"type":"Polygon","coordinates":[[[476.41565584915224,1788.7148333154619],[476.6853454442462,1788.1933967620134],[473.1769085577689,1786.4184264121577],[475.07284977455856,1782.6795209888369],[470.12946783116786,1780.1900426205248],[461.5701168158557,1797.0206139013171],[469.982505844906,1801.2627375591546],[472.6240805024863,1796.0704499017447],[479.3177307302831,1799.4418523861095],[483.0619755939697,1792.0750136515126],[476.41565584915224,1788.7148333154619]]]}},{"type":"Feature","id":"way/1346428410","properties":{"building":"garage","osm_type":"way","osm_id":1346428410},"geometry":{"type":"Polygon","coordinates":[[[406.7505949414335,1731.3108372893184],[409.85881017387146,1735.3398328963667],[417.2932797007379,1729.6594719663262],[414.1771997351316,1725.6193447317928],[406.7505949414335,1731.3108372893184]]]}},{"type":"Feature","id":"way/1346428411","properties":{"building":"house","osm_type":"way","osm_id":1346428411},"geometry":{"type":"Polygon","coordinates":[[[418.98363409604644,1716.4666050858796],[404.0532215475687,1698.3560061873868],[396.0798479708028,1704.8793079899624],[411.01024019334,1723.0009970311075],[418.98363409604644,1716.4666050858796]]]}},{"type":"Feature","id":"way/1346428412","properties":{"building":"house","osm_type":"way","osm_id":1346428412},"geometry":{"type":"Polygon","coordinates":[[[369.5398396977107,1624.7429476138204],[359.0328296274529,1627.8719262843952],[363.4802044299431,1642.71288191434],[365.04439433687367,1642.2501710820943],[367.1193283231114,1649.16484222468],[376.05419614433777,1646.5096736513078],[369.5398396977107,1624.7429476138204]]]}},{"type":"Feature","id":"way/1346428414","properties":{"building":"garage","osm_type":"way","osm_id":1346428414},"geometry":{"type":"Polygon","coordinates":[[[305.4862108998932,1550.7020851289853],[309.1952678068192,1557.6540704118088],[317.24211436806945,1553.397000011988],[313.54095793515444,1546.445029472001],[305.4862108998932,1550.7020851289853]]]}},{"type":"Feature","id":"way/1346428415","properties":{"building":"house","osm_type":"way","osm_id":1346428415},"geometry":{"type":"Polygon","coordinates":[[[379.12683326000115,1568.9013191806152],[390.5121183252777,1577.8051737220958],[386.7505557562108,1582.5837131207809],[391.1549598691636,1586.0271374471486],[393.87122554326197,1582.5679478030652],[397.0386181824724,1585.0418750857934],[403.1917825353448,1577.21437370684],[398.52736246283166,1573.5703444331884],[399.21632611658424,1572.694463503547],[384.931521283288,1561.5283951088786],[379.12683326000115,1568.9013191806152]]]}},{"type":"Feature","id":"way/1346428416","properties":{"building":"shed","osm_type":"way","osm_id":1346428416},"geometry":{"type":"Polygon","coordinates":[[[497.9209613420535,1663.9183847932145],[497.17700492421864,1661.505966684781],[494.22234117711196,1662.4095382764935],[494.97419271746185,1664.8219756409526],[497.9209613420535,1663.9183847932145]]]}},{"type":"Feature","id":"way/1346428418","properties":{"building":"house","osm_type":"way","osm_id":1346428418},"geometry":{"type":"Polygon","coordinates":[[[500.22735279396875,1692.0067083993927],[503.98817373113707,1700.2475382089615],[502.69205524248537,1700.8441844312474],[502.15920676261885,1702.4313939902931],[497.48061922722263,1704.5526310587302],[500.83312447031494,1711.9148641908541],[502.6745379035128,1711.0751822637394],[504.1427531617228,1714.2892210930586],[505.6285196922836,1713.6152859330177],[507.3872673952719,1717.4521301621571],[512.8719538776786,1714.9663191651925],[511.08969220140716,1711.0627632616088],[512.9706051696558,1710.212073823437],[512.0519965695566,1708.1991300955415],[513.1900398382568,1707.6798532381654],[511.07018076220993,1703.03118062485],[511.76563219859963,1702.7218674831092],[510.3288287461619,1699.574556752108],[512.786675311916,1698.4586940007284],[508.1936176472809,1688.3939771028236],[500.22735279396875,1692.0067083993927]]]}},{"type":"Feature","id":"way/1346428419","properties":{"building":"house","osm_type":"way","osm_id":1346428419},"geometry":{"type":"Polygon","coordinates":[[[550.4807003675378,1771.513926230371],[544.3096855621552,1773.8313665101305],[544.0901201158995,1773.2420626496896],[537.2158811016125,1775.8243655338883],[538.1412874641828,1778.2705664336681],[537.8015144664096,1778.403024113737],[539.2131388334092,1782.1390359513462],[535.104400670738,1783.684015814215],[537.2453531639767,1789.354743133299],[541.5516034001485,1787.7436046833172],[542.3985645873472,1789.9896557005122],[550.9952810714603,1786.767349280417],[548.3053309835377,1779.662237258628],[552.903972295986,1777.929639887996],[550.4807003675378,1771.513926230371]]]}},{"type":"Feature","id":"way/1346428420","properties":{"building":"shed","osm_type":"way","osm_id":1346428420},"geometry":{"type":"Polygon","coordinates":[[[547.9555725281825,1818.6637468403205],[544.7823041906813,1812.2794926092029],[539.2655317081371,1814.9984775586054],[542.4388041634229,1821.3827290739864],[547.9555725281825,1818.6637468403205]]]}},{"type":"Feature","id":"way/1346428435","properties":{"building":"house","osm_type":"way","osm_id":1346428435},"geometry":{"type":"Polygon","coordinates":[[[796.0662173064193,1836.271667510271],[785.203469903674,1839.654546160251],[787.638870267605,1847.414525192231],[784.9686272170511,1848.2409214694053],[785.8691515603568,1851.120332534425],[783.2146980636753,1851.9467694563791],[785.4072953551076,1858.950747396797],[799.4616698727477,1854.5761673618108],[798.4201300859568,1851.2742697093636],[800.5531673163059,1850.6131490888074],[796.0662173064193,1836.271667510271]]]}},{"type":"Feature","id":"way/1346428436","properties":{"building":"house","osm_type":"way","osm_id":1346428436},"geometry":{"type":"Polygon","coordinates":[[[736.1692176464712,1832.199082748033],[735.5399730762001,1828.1650653807446],[734.8371342722094,1828.2743803821504],[733.9436939915759,1822.5734034217894],[732.356398949516,1822.813793482259],[731.4629556656582,1817.1128169242293],[730.9417321602814,1817.2003726977855],[730.4367427197867,1813.977598739788],[722.5396445224178,1815.2129823882133],[723.1222623555223,1818.9580566408113],[722.6563525809906,1819.0235351314768],[725.0027457097895,1833.9483297215775],[736.1692176464712,1832.199082748033]]]}},{"type":"Feature","id":"way/1346428437","properties":{"building":"house","osm_type":"way","osm_id":1346428437},"geometry":{"type":"Polygon","coordinates":[[[687.2165660157334,1817.35696394369],[686.6780250856536,1814.9117130655795],[691.8672167598852,1813.7805649200454],[688.9404044151888,1800.4761841604486],[678.6409977618605,1802.7164705246687],[682.0984792640666,1818.466077197343],[687.2165660157334,1817.35696394369]]]}},{"type":"Feature","id":"way/1346428438","properties":{"building":"garage","osm_type":"way","osm_id":1346428438},"geometry":{"type":"Polygon","coordinates":[[[678.6102263362263,1818.112948722206],[677.0022634334164,1810.8660867018625],[669.68840346043,1812.469584687613],[671.2884523967514,1819.727533611469],[678.6102263362263,1818.112948722206]]]}},{"type":"Feature","id":"way/1346688330","properties":{"building":"house","osm_type":"way","osm_id":1346688330},"geometry":{"type":"Polygon","coordinates":[[[357.01297790918034,1800.6504527023062],[342.36262104770867,1793.860370724462],[344.1720050597214,1789.9768019849434],[339.84310634282883,1787.9777148319408],[339.1129835168249,1789.5533443335444],[334.64218262035865,1787.476151513867],[332.7772456879611,1791.4817812405527],[337.12977148394566,1793.503138951026],[333.5348345057573,1801.2147963736206],[343.6434351169737,1805.8941586418077],[345.13536476821173,1802.6985441120341],[346.7675545332022,1803.4579446464777],[346.5612190088723,1803.9017820814624],[353.9100420847535,1807.3079905798659],[357.01297790918034,1800.6504527023062]]]}},{"type":"Feature","id":"way/1346787832","properties":{"building":"yes","osm_type":"way","osm_id":1346787832},"geometry":{"type":"Polygon","coordinates":[[[981.2970648049377,1574.3793725240976],[972.9129654538701,1571.4363601878285],[968.8271850834717,1582.4345606081188],[977.3058604238904,1585.4333527386189],[981.2970648049377,1574.3793725240976]]]}},{"type":"Feature","id":"way/1346986336","properties":{"building":"shed","osm_type":"way","osm_id":1346986336},"geometry":{"type":"Polygon","coordinates":[[[781.7753381287912,1225.128026545979],[783.5041067943675,1228.3205682365224],[787.796747520566,1226.0208258973435],[786.0679803586099,1222.8282830556855],[781.7753381287912,1225.128026545979]]]}},{"type":"Feature","id":"way/1346986337","properties":{"building":"shed","osm_type":"way","osm_id":1346986337},"geometry":{"type":"Polygon","coordinates":[[[788.130886308325,1306.2036699345335],[792.0007390190149,1305.6135887531564],[791.2318167334306,1300.6127664214],[787.3619610791793,1301.2028480703011],[788.130886308325,1306.2036699345335]]]}},{"type":"Feature","id":"way/1346986338","properties":{"building":"house","osm_type":"way","osm_id":1346986338},"geometry":{"type":"Polygon","coordinates":[[[787.8503847807297,1276.6318205120042],[780.3700656886213,1275.1243603443727],[779.5387544978876,1279.1880138227716],[777.5818487900542,1278.8053767224774],[776.2724589273566,1275.236202724278],[777.1258335589082,1274.9384258482605],[775.6991459732526,1270.924610982649],[771.5823529352783,1272.3805505903438],[772.7581550193136,1275.7049966277555],[767.7642799452879,1277.4697648789734],[772.0521300706314,1289.5556594477966],[780.1039523195359,1286.7099759383127],[778.9751587870414,1283.5300592612475],[786.1556705361581,1284.958999720402],[787.8503847807297,1276.6318205120042]]]}},{"type":"Feature","id":"way/1346986339","properties":{"building":"shed","osm_type":"way","osm_id":1346986339},"geometry":{"type":"Polygon","coordinates":[[[790.7496776182088,1082.260591945611],[791.026836739562,1078.8065137192607],[786.5039900576812,1078.4396046465263],[786.2189385205857,1081.8936631055549],[790.7496776182088,1082.260591945611]]]}},{"type":"Feature","id":"way/1346986340","properties":{"building":"house","osm_type":"way","osm_id":1346986340},"geometry":{"type":"Polygon","coordinates":[[[784.6104849759722,1074.813410822302],[784.9559095300501,1069.337737204507],[785.555834271654,1069.3725792793557],[785.629835952248,1068.2063618674874],[787.4848463818198,1068.3221366824582],[787.8880368543905,1061.8579426649958],[786.1198399882414,1061.7534957788885],[786.1775186550221,1060.7983007887378],[775.3710753029445,1060.1266969311982],[775.1571950193029,1063.5365010704845],[772.4417552404921,1063.3741224212572],[772.1620246888488,1067.850187279284],[776.6377349646646,1068.1280982065946],[776.2511035053758,1074.292402192019],[784.6104849759722,1074.813410822302]]]}},{"type":"Feature","id":"way/1346986341","properties":{"building":"shed","osm_type":"way","osm_id":1346986341},"geometry":{"type":"Polygon","coordinates":[[[754.9663540624315,1102.4989864844829],[750.3016956694773,1102.0206589931622],[750.0184855607804,1104.752663818188],[754.6831419824739,1105.230991111137],[754.9663540624315,1102.4989864844829]]]}},{"type":"Feature","id":"way/1346986342","properties":{"building":"shed","osm_type":"way","osm_id":1346986342},"geometry":{"type":"Polygon","coordinates":[[[737.6538343196735,1083.337411781773],[737.8685058659757,1079.6054585883394],[728.3013281351887,1079.0370345246047],[728.0787393304636,1082.780076680705],[737.6538343196735,1083.337411781773]]]}},{"type":"Feature","id":"way/1346986343","properties":{"building":"shed","osm_type":"way","osm_id":1346986343},"geometry":{"type":"Polygon","coordinates":[[[749.0073389390018,1083.077208201401],[741.9445671302965,1081.8263456048444],[740.1828687262023,1091.6752456007525],[747.2456019883393,1092.9372148457915],[749.0073389390018,1083.077208201401]]]}},{"type":"Feature","id":"way/1346986344","properties":{"building":"shed","osm_type":"way","osm_id":1346986344},"geometry":{"type":"Polygon","coordinates":[[[722.2369148478028,1132.7985639162362],[734.5345696434961,1133.7848769854754],[735.9197585980874,1116.6922096917406],[723.6141763816704,1115.7058741953224],[722.2369148478028,1132.7985639162362]]]}},{"type":"Feature","id":"way/1346986345","properties":{"building":"shed","osm_type":"way","osm_id":1346986345},"geometry":{"type":"Polygon","coordinates":[[[853.5836231808062,1048.6273545948789],[852.6274708731798,1055.1901188399643],[856.762889511243,1055.7893718983978],[857.7111510917894,1049.226588212885],[853.5836231808062,1048.6273545948789]]]}},{"type":"Feature","id":"way/1346986346","properties":{"building":"shed","osm_type":"way","osm_id":1346986346},"geometry":{"type":"Polygon","coordinates":[[[836.614866894437,1055.8604521583766],[843.3382545225322,1057.0772323198617],[844.7794223856763,1049.1604461139068],[838.0560267046676,1047.9436644744128],[836.614866894437,1055.8604521583766]]]}},{"type":"Feature","id":"way/1346986347","properties":{"building":"shed","osm_type":"way","osm_id":1346986347},"geometry":{"type":"Polygon","coordinates":[[[837.9255913806264,1037.1124353315681],[831.974980610772,1036.2530952952802],[831.4126243724604,1040.0841416502371],[837.3632316536386,1040.9434811789542],[837.9255913806264,1037.1124353315681]]]}},{"type":"Feature","id":"way/1346986348","properties":{"building":"house","osm_type":"way","osm_id":1346986348},"geometry":{"type":"Polygon","coordinates":[[[855.530079493532,1028.2702058628201],[847.3546491307789,1026.7942309547216],[844.904514159367,1040.3071981854737],[853.0799278069753,1041.7831700406969],[855.530079493532,1028.2702058628201]]]}},{"type":"Feature","id":"way/1346986350","properties":{"building":"house","osm_type":"way","osm_id":1346986350},"geometry":{"type":"Polygon","coordinates":[[[543.8975512591423,1064.300702445209],[543.8384429298458,1065.8446522941813],[552.6009056178154,1066.1997324945405],[552.6769126632134,1064.211480345577],[558.9211659452412,1064.4603191213682],[559.3844511858188,1052.7974314754829],[544.9381860431167,1052.2171241091564],[544.9214282394969,1052.6058837817982],[537.1535902730539,1052.2977238185704],[536.6823123882641,1064.0161360297352],[543.8975512591423,1064.300702445209]]]}},{"type":"Feature","id":"way/1346986351","properties":{"building":"garage","osm_type":"way","osm_id":1346986351},"geometry":{"type":"Polygon","coordinates":[[[522.1104878768092,1050.4384923614562],[510.8535795758944,1049.932844011113],[510.1680860936758,1065.2721329415217],[521.4249674864113,1065.7777801668271],[522.1104878768092,1050.4384923614562]]]}},{"type":"Feature","id":"way/1346986353","properties":{"building":"shed","osm_type":"way","osm_id":1346986353},"geometry":{"type":"Polygon","coordinates":[[[539.2502739709453,1171.0095738703385],[532.0145014829468,1172.6800769092515],[533.5845916721155,1179.415803136304],[540.820384638093,1177.7341933269054],[539.2502739709453,1171.0095738703385]]]}},{"type":"Feature","id":"way/1346986354","properties":{"building":"shed","osm_type":"way","osm_id":1346986354},"geometry":{"type":"Polygon","coordinates":[[[549.3526408439502,1178.5330414026976],[537.911010616459,1185.7251534378156],[542.4484761658241,1192.8792868284509],[553.8900988118257,1185.6871828334406],[549.3526408439502,1178.5330414026976]]]}},{"type":"Feature","id":"way/1346986356","properties":{"building":"house","osm_type":"way","osm_id":1346986356},"geometry":{"type":"Polygon","coordinates":[[[530.4110288332449,1207.9237189870328],[524.6720636740793,1207.7205982366577],[524.629744899983,1208.8646802352741],[517.7540566136013,1208.614304509014],[517.3133805803373,1220.7438156055287],[529.935903809499,1221.197330886498],[530.4110288332449,1207.9237189870328]]]}},{"type":"Feature","id":"way/1346986358","properties":{"building":"house","osm_type":"way","osm_id":1346986358},"geometry":{"type":"Polygon","coordinates":[[[456.50717426498886,1466.6710155541077],[449.1725949262036,1466.9416806269437],[449.1354877768317,1465.9862476438284],[437.5533276226488,1466.413042968139],[437.9677702836925,1477.5893376236781],[452.6921646380215,1477.0481270859018],[452.64760377042694,1475.9149377224967],[456.84781215700787,1475.7587086297572],[456.50717426498886,1466.6710155541077]]]}},{"type":"Feature","id":"way/1346986359","properties":{"building":"shed","osm_type":"way","osm_id":1346986359},"geometry":{"type":"Polygon","coordinates":[[[406.34471075382316,1467.2246163776144],[405.89668481081026,1460.0362349469215],[398.26162082818337,1460.5061717033386],[398.70968270639423,1467.6834440361708],[406.34471075382316,1467.2246163776144]]]}},{"type":"Feature","id":"way/1346986361","properties":{"building":"house","osm_type":"way","osm_id":1346986361},"geometry":{"type":"Polygon","coordinates":[[[505.51026280858787,1478.3899507522583],[520.4848731113016,1481.9930323120207],[519.1250295747304,1482.8005805416033],[522.2147451573401,1487.940444712527],[519.6848007583758,1489.4449262907729],[523.3405562846456,1495.5304310387],[525.9732912342297,1493.9595548473299],[529.1179798106896,1499.2106454158202],[530.3671624078997,1498.4583670739084],[533.2760107181384,1503.3089627064764],[543.3879198591458,1497.279935548082],[540.3375591640943,1492.1957020526752],[541.6815870868741,1491.399227552116],[537.4755375405075,1484.390327210538],[539.4916091096238,1483.1845061248168],[535.2619792390033,1476.1311141941696],[533.2301175587345,1477.3368973145261],[531.2166812917567,1474.3103431826457],[507.8632167542237,1468.6868634596467],[505.51026280858787,1478.3899507522583]]]}},{"type":"Feature","id":"way/1346986362","properties":{"building":"shed","osm_type":"way","osm_id":1346986362},"geometry":{"type":"Polygon","coordinates":[[[602.9174700988806,1558.0703963348642],[608.5802252016147,1553.8966017225757],[605.0790540335001,1549.1777939479798],[599.4162970797042,1553.3515916261822],[602.9174700988806,1558.0703963348642]]]}},{"type":"Feature","id":"way/1346986363","properties":{"building":"house","osm_type":"way","osm_id":1346986363},"geometry":{"type":"Polygon","coordinates":[[[599.5666822120547,1546.875641586259],[590.478183706,1535.0889090001583],[581.2557913452038,1542.142075280659],[579.430225253047,1539.7713829791173],[572.2247413683799,1545.2854977613315],[577.127015039674,1551.6518592201173],[579.2942006576923,1549.9909742334858],[585.3138702239376,1557.7931428011507],[599.5666822120547,1546.875641586259]]]}},{"type":"Feature","id":"way/1346986364","properties":{"building":"house","osm_type":"way","osm_id":1346986364},"geometry":{"type":"Polygon","coordinates":[[[611.1961367971962,1634.8183414693922],[605.20364192134,1625.6609631571919],[605.6306212624186,1625.384314945899],[596.9721124820644,1612.1656337603927],[592.3227568431175,1615.18667314481],[595.0988577735261,1619.4148838566616],[591.7462334574666,1621.6060165632516],[594.3964692472946,1625.6561747165397],[593.550433530705,1626.1983838276938],[594.7536625002977,1628.0343120945618],[595.5997258297284,1627.4809945868328],[597.9668493853533,1631.0972107499838],[599.2952615040122,1630.2229488994926],[601.0332644620212,1632.8711440917104],[600.4876791022834,1633.2252565687522],[604.4197647367255,1639.2337399506941],[611.1961367971962,1634.8183414693922]]]}},{"type":"Feature","id":"way/1346986365","properties":{"building":"garage","osm_type":"way","osm_id":1346986365},"geometry":{"type":"Polygon","coordinates":[[[606.3714752642554,1647.9699958842248],[600.0139815085568,1652.1975996261463],[605.7552906863275,1660.7766972538084],[612.1127797888475,1656.5490991659462],[606.3714752642554,1647.9699958842248]]]}},{"type":"Feature","id":"way/1346986366","properties":{"building":"house","osm_type":"way","osm_id":1346986366},"geometry":{"type":"Polygon","coordinates":[[[933.0243322703172,1635.9533553086221],[926.3519453582121,1630.4597861915827],[918.2448042336619,1633.4717739913613],[916.0808841537801,1646.2189608989283],[918.4284413384739,1648.1467356337234],[922.4661992799374,1646.6462545851246],[923.4745256994502,1647.481972024776],[918.6976754406933,1675.6968127442524],[920.5725373474997,1677.245690409094],[930.1809218580602,1673.6821030424908],[934.6933498140424,1647.021803653799],[931.5895457855659,1644.4700109483674],[933.0243322703172,1635.9533553086221]]]}},{"type":"Feature","id":"way/1346986368","properties":{"building":"garage","osm_type":"way","osm_id":1346986368},"geometry":{"type":"Polygon","coordinates":[[[905.2701681519975,1681.7168053034693],[894.3014672638383,1680.0781312091276],[892.9365165137569,1689.0948616676033],[903.9052022843971,1690.733533486724],[905.2701681519975,1681.7168053034693]]]}},{"type":"Feature","id":"way/1346986377","properties":{"building":"house","osm_type":"way","osm_id":1346986377},"geometry":{"type":"Polygon","coordinates":[[[909.996115989692,1059.7683073235676],[894.768867734354,1058.9630497833714],[894.1473861552658,1070.5033190958202],[897.8259074175148,1070.7015261100605],[897.73504962679,1072.278718182817],[901.4293594714836,1072.476967452094],[901.5121819312917,1070.9552980456501],[909.3744373036316,1071.3752265004441],[909.996115989692,1059.7683073235676]]]}},{"type":"Feature","id":"way/1346986378","properties":{"building":"shed","osm_type":"way","osm_id":1346986378},"geometry":{"type":"Polygon","coordinates":[[[904.7229103503632,1081.2389406263828],[901.3446537753334,1080.9415164003149],[901.0435245294939,1084.484398077242],[904.4139126947266,1084.7706935070455],[904.7229103503632,1081.2389406263828]]]}},{"type":"Feature","id":"way/1346986379","properties":{"building":"garage","osm_type":"way","osm_id":1346986379},"geometry":{"type":"Polygon","coordinates":[[[921.9411809034646,1087.6258212123066],[920.0313535584719,1099.7293446520343],[930.2905943190563,1101.3329212255776],[932.2004406009219,1089.2294007632881],[921.9411809034646,1087.6258212123066]]]}},{"type":"Feature","id":"way/1346986380","properties":{"building":"shed","osm_type":"way","osm_id":1346986380},"geometry":{"type":"Polygon","coordinates":[[[943.4681598941679,1110.208996157162],[943.0815969204996,1116.284422537312],[946.4521367168636,1116.5040888786316],[946.8387028735597,1110.4286626921967],[943.4681598941679,1110.208996157162]]]}},{"type":"Feature","id":"way/1346986381","properties":{"building":"shed","osm_type":"way","osm_id":1346986381},"geometry":{"type":"Polygon","coordinates":[[[959.4458946679952,1116.959396885708],[959.8674521663925,1106.4628316387534],[957.4440009610844,1106.3566634813324],[957.4014908751124,1107.545176804997],[949.373236516316,1107.2247429005802],[949.002071156865,1116.543924109079],[959.4458946679952,1116.959396885708]]]}},{"type":"Feature","id":"way/1346986382","properties":{"building":"house","osm_type":"way","osm_id":1346986382},"geometry":{"type":"Polygon","coordinates":[[[994.7261468559154,1086.8341846866533],[992.4306268596556,1086.0951397437602],[993.703838667192,1082.1770575325936],[983.9064905699342,1079.008246424608],[980.9145303794066,1088.1874177698046],[982.7840710539022,1088.7920654360205],[982.0838130156044,1090.9453455423936],[985.8229206071119,1092.1435335688293],[986.5311598796397,1089.9569484367967],[993.0232591274544,1092.061983508058],[994.7261468559154,1086.8341846866533]]]}},{"type":"Feature","id":"way/1346986383","properties":{"building":"shed","osm_type":"way","osm_id":1346986383},"geometry":{"type":"Polygon","coordinates":[[[952.4377193062683,1085.08198757004],[951.4526241492131,1093.666432077065],[956.5591291966848,1094.2460120944306],[957.5442311155493,1085.6615683473647],[952.4377193062683,1085.08198757004]]]}},{"type":"Feature","id":"way/1347027553","properties":{"building":"garage","osm_type":"way","osm_id":1347027553},"geometry":{"type":"Polygon","coordinates":[[[329.7435657136375,1464.6920624561608],[317.6876684919698,1465.1512365173548],[318.02159066539025,1473.8389945272356],[330.0774715717416,1473.3798211291432],[329.7435657136375,1464.6920624561608]]]}},{"type":"Feature","id":"way/1351151125","properties":{"building":"garage","osm_type":"way","osm_id":1351151125},"geometry":{"type":"Polygon","coordinates":[[[1837.3869643992512,1820.0947029702365],[1840.2497919828747,1829.8891197685152],[1849.4139530779794,1827.236620761454],[1846.5432742501143,1817.4310700558126],[1837.3869643992512,1820.0947029702365]]]}},{"type":"Feature","id":"way/1351151126","properties":{"building":"house","osm_type":"way","osm_id":1351151126},"geometry":{"type":"Polygon","coordinates":[[[1844.7238972081104,1801.2408863818273],[1834.8644649733906,1804.1025847038254],[1838.6580989544746,1817.0876847524196],[1848.517512978986,1814.2259922577068],[1844.7238972081104,1801.2408863818273]]]}},{"type":"Feature","id":"way/1351151127","properties":{"building":"yes","osm_type":"way","osm_id":1351151127},"geometry":{"type":"Polygon","coordinates":[[[1816.6841074567637,1745.5555981686339],[1818.293742405891,1757.5794697245583],[1815.6008992693387,1757.9388137543574],[1817.218337332888,1769.99603217002],[1829.8533626201097,1768.3081817887723],[1828.5145427813404,1758.3290245840326],[1829.3437126818462,1758.2201693821698],[1827.981506642478,1748.1298631811514],[1826.9391072103172,1748.2714707730338],[1826.4052088015014,1744.2598170647398],[1816.6841074567637,1745.5555981686339]]]}},{"type":"Feature","id":"way/1351151128","properties":{"building":"yes","osm_type":"way","osm_id":1351151128},"geometry":{"type":"Polygon","coordinates":[[[1712.7546572803985,1779.49157872051],[1712.6205585345742,1844.4323017131537],[1736.8627639626502,1844.4860321190208],[1736.997108447773,1779.5453089689836],[1712.7546572803985,1779.49157872051]]]}},{"type":"Feature","id":"way/1351260093","properties":{"building":"house","osm_type":"way","osm_id":1351260093},"geometry":{"type":"Polygon","coordinates":[[[2460.359166746668,1423.1797567270696],[2454.485828053381,1431.617049724795],[2458.653949284111,1434.5058091785759],[2457.8216905079316,1435.7032208470628],[2459.9491222759825,1437.1643852544948],[2458.0468437336385,1439.8918043859303],[2465.0514876361704,1444.7435989594087],[2473.6593753730413,1432.3814904326573],[2460.359166746668,1423.1797567270696]]]}},{"type":"Feature","id":"way/1351260094","properties":{"building":"house","osm_type":"way","osm_id":1351260094},"geometry":{"type":"Polygon","coordinates":[[[2492.0371158044436,1443.896924637258],[2488.5801260872395,1446.442252858542],[2495.422577255813,1455.6482132021338],[2502.3207352062454,1450.5686303582042],[2499.976994359866,1447.4183344086632],[2501.9942574612214,1445.9243076788262],[2500.3976880659466,1443.7758777057752],[2504.542956746067,1440.7103743283078],[2502.0812630655128,1437.3931183367968],[2503.964014263067,1436.0098025510088],[2501.297840067651,1432.4142592903227],[2499.335957984149,1433.8640064867213],[2497.7708691744483,1431.7489911327139],[2488.246258820349,1438.7874699654058],[2492.0371158044436,1443.896924637258]]]}},{"type":"Feature","id":"way/1351260095","properties":{"building":"house","osm_type":"way","osm_id":1351260095},"geometry":{"type":"Polygon","coordinates":[[[2523.6437455530395,1467.45786238648],[2512.154227247054,1454.4619345320389],[2503.0770052328007,1462.4347683936357],[2507.7042977846577,1467.6687662331387],[2500.352293534903,1474.135654241778],[2507.214556109917,1481.88645178359],[2523.6437455530395,1467.45786238648]]]}},{"type":"Feature","id":"way/1351260096","properties":{"building":"shed","osm_type":"way","osm_id":1351260096},"geometry":{"type":"Polygon","coordinates":[[[2503.557319085172,1493.9402053030208],[2506.5943133926485,1497.6034387676045],[2509.7277393863187,1495.0127806533128],[2506.690714556782,1491.3606542684138],[2503.557319085172,1493.9402053030208]]]}},{"type":"Feature","id":"way/1351260097","properties":{"building":"shed","osm_type":"way","osm_id":1351260097},"geometry":{"type":"Polygon","coordinates":[[[2503.278967455437,1494.672597114928],[2498.579733548395,1498.2364416206256],[2502.3709504855215,1503.201491852291],[2507.062288569461,1499.637628027238],[2503.278967455437,1494.672597114928]]]}},{"type":"Feature","id":"way/1351260098","properties":{"building":"house","osm_type":"way","osm_id":1351260098},"geometry":{"type":"Polygon","coordinates":[[[2527.3141776832636,1476.0884392689914],[2529.1444503994426,1479.3483942002058],[2525.7366345582413,1481.2495392207056],[2528.540954020922,1486.2451681811363],[2532.146437868534,1484.2334918100387],[2534.314482600079,1488.0942605882883],[2539.6436424486456,1485.1209646919742],[2532.8489087226335,1473.0046268869191],[2527.3141776832636,1476.0884392689914]]]}},{"type":"Feature","id":"way/1351260099","properties":{"building":"house","osm_type":"way","osm_id":1351260099},"geometry":{"type":"Polygon","coordinates":[[[2547.594256766315,1527.0339163541794],[2554.9221609213273,1520.7114268047735],[2561.138657813659,1527.8606061991304],[2570.658627505647,1519.644706347026],[2565.945116415969,1514.2215733667836],[2564.64727036719,1515.351013276726],[2560.5081979559036,1510.5849056001753],[2559.5664687043754,1511.4043035171926],[2553.6332464272855,1504.578070646152],[2539.024877713411,1517.1898679127917],[2547.594256766315,1527.0339163541794]]]}},{"type":"Feature","id":"way/1351260100","properties":{"building":"house","osm_type":"way","osm_id":1351260100},"geometry":{"type":"Polygon","coordinates":[[[2565.236779167375,1541.591270826757],[2578.457530732325,1556.4584089256823],[2575.196987717878,1559.3375014439225],[2581.9017758293194,1566.876874848269],[2591.952471578261,1558.0070869941264],[2586.1369299676153,1551.4699783474207],[2589.1284213569597,1548.8234169492498],[2575.0184303761343,1532.953983264044],[2565.236779167375,1541.591270826757]]]}},{"type":"Feature","id":"way/1351260104","properties":{"building":"house","osm_type":"way","osm_id":1351260104},"geometry":{"type":"Polygon","coordinates":[[[2584.898629535397,1584.8035265216604],[2591.2165003537084,1592.3640407565981],[2601.4477060746867,1583.861359871924],[2607.60034213803,1591.2214703233913],[2613.2025731576723,1586.5715987440199],[2612.7462393653113,1586.0259917024523],[2618.1348343163845,1581.5532617066056],[2614.2638736857916,1576.9211764456704],[2613.140236056701,1577.862249842845],[2609.0096344308113,1572.9183955267072],[2610.0145462470828,1572.0880738794804],[2606.001977333217,1567.2778572319075],[2584.898629535397,1584.8035265216604]]]}},{"type":"Feature","id":"way/1351260105","properties":{"building":"house","osm_type":"way","osm_id":1351260105},"geometry":{"type":"Polygon","coordinates":[[[2626.3948229064117,1605.882213880308],[2618.2343658031896,1613.5130991712213],[2624.153130260471,1619.806138557382],[2632.289841361693,1612.1974111450836],[2635.886755063024,1616.0178050864488],[2644.617114921857,1607.8553333720192],[2635.321819930745,1597.975781914778],[2631.2138706890983,1601.81891113054],[2629.427234642033,1599.9143028883263],[2624.820642103441,1604.2225950984284],[2626.3948229064117,1605.882213880308]]]}},{"type":"Feature","id":"way/1351260106","properties":{"building":"house","osm_type":"way","osm_id":1351260106},"geometry":{"type":"Polygon","coordinates":[[[2638.5256626683404,1646.0518946880475],[2637.974480315519,1645.5504531292245],[2637.2885653385893,1645.2374789863825],[2636.5388712736312,1645.146498088725],[2635.796414266166,1645.2888191258535],[2635.1401359101874,1645.664664437063],[2634.625451745349,1646.218646868132],[2634.3077459696797,1646.9064878067002],[2634.2267082860344,1647.6505385227501],[2634.3746321866056,1648.3841254524887],[2634.743811170978,1649.040575060062],[2635.2949621842126,1649.5531248981133],[2635.980876793503,1649.8660988286138],[2636.7384644596605,1649.9571019010618],[2637.4730580940377,1649.8036501854658],[2638.137199020188,1649.4389359019697],[2638.6439890871407,1648.884931512177],[2638.961695232254,1648.1970907831565],[2638.9940541908727,1647.9194659153],[2639.9384101161268,1648.9663386642933],[2639.471466221439,1649.3871515151113],[2643.4140691031353,1653.7861732980236],[2643.786032818258,1653.4539622133598],[2645.556673440675,1655.425181498751],[2652.418148112949,1649.3236608067527],[2655.4085268220515,1652.6646845815703],[2657.331627702806,1650.9593767346814],[2657.9926368864835,1651.705519810319],[2665.6692934922175,1644.873141899705],[2664.5596966834855,1643.6369522707537],[2667.202988792211,1641.2893779976293],[2663.409944756131,1637.0462844911963],[2662.3257184614777,1638.0096777938306],[2657.753590361215,1632.8979160906747],[2652.5461376960156,1637.5266447076574],[2650.9879790096893,1635.789304013364],[2649.049024364329,1637.5167863341048],[2648.616223203833,1637.026786194183],[2648.7203815638786,1636.4827563706785],[2648.6431933739223,1635.8604549057782],[2648.3921770098386,1635.2932066880167],[2647.9829955199966,1634.8254904504865],[2647.4549944764003,1634.5018516825512],[2646.855476271361,1634.3446410056204],[2646.231743321696,1634.3762090401724],[2642.2667819397175,1637.9086923310533],[2642.0599061709945,1638.48575875815],[2642.0423650586745,1639.1077932287008],[2642.206452188897,1639.7081221845],[2642.5365357022383,1640.231158384122],[2643.0090583047713,1640.6324009140953],[2643.584643121576,1640.8784129200503],[2644.200230838149,1640.9356908071786],[2644.80839395785,1640.8263182146475],[2644.8637156666955,1640.8042568331584],[2645.1233776031877,1641.1049218960106],[2638.871284093533,1646.6638436065987],[2638.5256626683404,1646.0518946880475]]]}},{"type":"Feature","id":"way/1351260107","properties":{"building":"house","osm_type":"way","osm_id":1351260107},"geometry":{"type":"Polygon","coordinates":[[[2682.5218427543296,1651.0304635344073],[2656.9680896774516,1673.4977852776647],[2662.7046631573467,1679.9791945386678],[2674.219282119011,1669.8472790773958],[2672.3149558343575,1667.6979361698031],[2673.0113945545163,1667.0778178898618],[2680.2588290247368,1675.263129672967],[2693.593653671094,1663.5367442984134],[2682.5218427543296,1651.0304635344073]]]}},{"type":"Feature","id":"way/1351260110","properties":{"building":"shed","osm_type":"way","osm_id":1351260110},"geometry":{"type":"Polygon","coordinates":[[[2676.192792792921,1717.397839027457],[2680.569188056921,1713.5221702950075],[2676.5322637552745,1709.0006635338068],[2672.1637933036545,1712.865248723887],[2676.192792792921,1717.397839027457]]]}},{"type":"Feature","id":"way/1351260111","properties":{"building":"house","osm_type":"way","osm_id":1351260111},"geometry":{"type":"Polygon","coordinates":[[[2687.637669819116,1687.2257594317198],[2686.488708257035,1685.9561287304386],[2683.2913973197574,1688.813128054142],[2684.2200145144598,1689.8377457400784],[2678.292313098267,1695.1420467393473],[2679.702386674122,1701.7889961861074],[2683.338064444717,1705.8317000577226],[2699.11885674292,1691.7238760069013],[2696.9150895423372,1686.596563075669],[2691.7530220937333,1683.549316542223],[2687.637669819116,1687.2257594317198]]]}},{"type":"Feature","id":"way/1351260113","properties":{"building":"house","osm_type":"way","osm_id":1351260113},"geometry":{"type":"Polygon","coordinates":[[[2729.126759932842,1721.6132557140663],[2716.9319644178613,1729.4103336520493],[2721.4040601690067,1736.354782095179],[2716.9674263074994,1739.197148839943],[2720.810759403743,1745.162257364951],[2727.762284731143,1740.7051507346332],[2726.7798388095107,1739.1804852252826],[2736.459759043588,1732.987055497244],[2729.126759932842,1721.6132557140663]]]}},{"type":"Feature","id":"way/1351260114","properties":{"building":"yes","osm_type":"way","osm_id":1351260114},"geometry":{"type":"Polygon","coordinates":[[[2703.7025366417365,1759.73283847142],[2710.485211356834,1767.5169612485915],[2717.995037972403,1761.0285413460806],[2711.220290840429,1753.2333244653419],[2703.7025366417365,1759.73283847142]]]}},{"type":"Feature","id":"way/1351260116","properties":{"building":"house","osm_type":"way","osm_id":1351260116},"geometry":{"type":"Polygon","coordinates":[[[2755.1064674947993,1754.9683618331328],[2754.3844899584074,1756.2438088655472],[2759.7045067902072,1759.2360114520416],[2760.283668183314,1758.2156587699428],[2770.040946561261,1763.7087928317487],[2775.5945940179517,1753.915621950291],[2766.3338410172146,1748.7016043653712],[2767.515976136434,1746.6165332524106],[2761.2422870394075,1743.0884043583646],[2760.0046430825605,1745.2621883330867],[2756.0087017588667,1743.018019074574],[2750.653433173604,1752.4562923805788],[2755.1064674947993,1754.9683618331328]]]}},{"type":"Feature","id":"way/1351260119","properties":{"building":"house","osm_type":"way","osm_id":1351260119},"geometry":{"type":"Polygon","coordinates":[[[2780.5641356700216,1785.8115405393764],[2791.9554237223347,1780.1895946580917],[2791.696405548544,1779.6667524371296],[2793.024457479187,1779.0151156792417],[2795.4027616928797,1783.7985910214484],[2796.770346200792,1783.1248500877991],[2800.9539349583793,1791.5459852619097],[2813.610037087521,1785.3055891022086],[2804.811166873318,1767.5956034706905],[2801.5937927220366,1769.1749929888174],[2799.757111220737,1765.4705934748054],[2793.5831825446803,1768.5190338287503],[2795.4669781522243,1772.3124346183613],[2789.6408986556926,1775.1841289326549],[2788.031812629546,1771.9469424095005],[2776.5061264485703,1777.6351656019688],[2780.5641356700216,1785.8115405393764]]]}},{"type":"Feature","id":"way/1351260120","properties":{"building":"shed","osm_type":"way","osm_id":1351260120},"geometry":{"type":"Polygon","coordinates":[[[2782.7879413592746,1800.5257012872025],[2792.9131121084793,1798.754861695692],[2791.8720800869633,1792.8532132469118],[2781.7469003217993,1794.6240544933826],[2782.7879413592746,1800.5257012872025]]]}},{"type":"Feature","id":"way/1351260123","properties":{"building":"shed","osm_type":"way","osm_id":1351260123},"geometry":{"type":"Polygon","coordinates":[[[2772.1271053488017,1826.9340120013803],[2778.114171960391,1825.7290557269007],[2776.0279254267807,1815.3920927951112],[2770.040881099878,1816.585942468606],[2772.1271053488017,1826.9340120013803]]]}},{"type":"Feature","id":"way/1351260129","properties":{"building":"shed","osm_type":"way","osm_id":1351260129},"geometry":{"type":"Polygon","coordinates":[[[2785.950981383212,1840.3036355953664],[2790.0821335450164,1850.5019990168512],[2800.830214582733,1846.1779532767832],[2796.699076643563,1835.9795829541981],[2785.950981383212,1840.3036355953664]]]}},{"type":"Feature","id":"way/1351260130","properties":{"building":"house","osm_type":"way","osm_id":1351260130},"geometry":{"type":"Polygon","coordinates":[[[2821.8170397342765,1819.5768940960988],[2824.6144337556325,1826.8721274994314],[2820.9239229054656,1828.2835309514776],[2823.172755039064,1834.1664047315717],[2821.766119954991,1834.6956165032461],[2820.614217382157,1831.7041126266122],[2811.3366420292878,1835.2324850670993],[2814.439596559503,1843.3395144538954],[2823.092878936499,1840.0426512751728],[2822.520891350694,1838.5413561277092],[2824.55976604647,1837.758445173502],[2825.053383241466,1839.0595617964864],[2829.7711731149466,1837.2733914516866],[2830.429422857589,1838.9748884923756],[2834.823215776065,1837.3099944880232],[2836.0142322361353,1840.4238075008616],[2848.318507982709,1835.7376882620156],[2842.230160261912,1819.8460837509483],[2832.644344381988,1823.4957423554733],[2829.956682470918,1816.478534013033],[2821.8170397342765,1819.5768940960988]]]}},{"type":"Feature","id":"way/1351443775","properties":{"building":"house","osm_type":"way","osm_id":1351443775},"geometry":{"type":"Polygon","coordinates":[[[2424.004952263669,1471.4343550251797],[2423.4146063713706,1470.8106282353401],[2417.4227771767182,1476.4704665318131],[2419.0600433761138,1478.1857522716746],[2416.3926293148543,1480.6999906040728],[2420.485760210606,1484.999313680455],[2429.034203441639,1476.9249132778496],[2426.3893992782687,1474.151499658823],[2428.906424988236,1471.7812590291724],[2430.5043103200733,1473.4631121372804],[2433.8841130107758,1470.2732368288562],[2429.7988759395084,1465.9739272752777],[2424.004952263669,1471.4343550251797]]]}},{"type":"Feature","id":"way/1351443776","properties":{"building":"shed","osm_type":"way","osm_id":1351443776},"geometry":{"type":"Polygon","coordinates":[[[2437.2044153789175,1465.7723785145208],[2435.0242953600246,1463.3890580413863],[2432.8398795266985,1465.3825289020315],[2435.0121053021285,1467.7658266508952],[2437.2044153789175,1465.7723785145208]]]}},{"type":"Feature","id":"way/1351443777","properties":{"building":"shed","osm_type":"way","osm_id":1351443777},"geometry":{"type":"Polygon","coordinates":[[[2412.544197519892,1496.2747008316219],[2409.593646931229,1492.7339476747438],[2407.1723880126956,1494.737877204083],[2410.12293900206,1498.2786292564124],[2412.544197519892,1496.2747008316219]]]}},{"type":"Feature","id":"way/1351443790","properties":{"building":"yes","osm_type":"way","osm_id":1351443790},"geometry":{"type":"Polygon","coordinates":[[[2191.4350596080767,1770.3244972759858],[2180.3078195994603,1769.0942027587444],[2179.239613525104,1778.633590723388],[2180.612770488835,1778.7817732095718],[2180.3698202759842,1781.0139425816014],[2188.450847775035,1781.9137182524428],[2188.685571121576,1779.8037215992808],[2190.358576944389,1779.9971644245088],[2191.4350596080767,1770.3244972759858]]]}},{"type":"Feature","id":"way/1351443791","properties":{"building":"yes","osm_type":"way","osm_id":1351443791},"geometry":{"type":"Polygon","coordinates":[[[2223.9251584634185,1805.406058263965],[2222.157904211781,1767.7540146755055],[2212.557487421378,1768.2052709702402],[2214.3247979337466,1805.8573117833585],[2223.9251584634185,1805.406058263965]]]}},{"type":"Feature","id":"way/1351491130","properties":{"building":"shed","osm_type":"way","osm_id":1351491130},"geometry":{"type":"Polygon","coordinates":[[[2540.0418724290794,1852.9736031722277],[2540.125585455855,1848.452619727701],[2536.5103345165844,1848.3869479056448],[2536.4266240418074,1852.9079313911498],[2540.0418724290794,1852.9736031722277]]]}},{"type":"Feature","id":"way/1351491132","properties":{"building":"house","osm_type":"way","osm_id":1351491132},"geometry":{"type":"Polygon","coordinates":[[[2570.267828421376,1844.5380347901955],[2578.257147154829,1844.316072552465],[2577.9842211135547,1834.684111948125],[2579.5868424004875,1834.6330687878653],[2579.2565058647306,1822.9569566268474],[2566.6645928928046,1823.3104134360328],[2566.872787929722,1830.6982456240803],[2569.872727967915,1830.6177952298895],[2570.267828421376,1844.5380347901955]]]}},{"type":"Feature","id":"way/1351491133","properties":{"building":"house","osm_type":"way","osm_id":1351491133},"geometry":{"type":"Polygon","coordinates":[[[2471.1415799424867,1765.9557730555534],[2471.1710418658913,1775.1982451481745],[2468.3844011300826,1775.2126852823421],[2468.4096929246443,1783.1221088133752],[2471.3857857635594,1783.1081974925473],[2471.4140378324664,1792.7839035019279],[2482.3079013144015,1792.747667208314],[2482.2901485019247,1784.9715681672096],[2480.8534133487847,1784.9786644112319],[2480.8262611625833,1774.9141590073705],[2480.360484663688,1774.9239669432864],[2480.3303535364103,1765.9258829858154],[2471.1415799424867,1765.9557730555534]]]}},{"type":"Feature","id":"way/1351491134","properties":{"building":"yes","osm_type":"way","osm_id":1351491134},"geometry":{"type":"Polygon","coordinates":[[[2538.503990218218,1725.664249674417],[2526.5529241664917,1725.4419323699549],[2526.3762220637873,1734.9837606968358],[2538.319376276748,1735.2060556076467],[2538.503990218218,1725.664249674417]]]}},{"type":"Feature","id":"way/1351491135","properties":{"building":"house","osm_type":"way","osm_id":1351491135},"geometry":{"type":"Polygon","coordinates":[[[2579.0904559610062,1685.298193522729],[2574.9619121039286,1690.8853576825932],[2587.6453479297925,1700.1966909738258],[2592.5266760843224,1693.6007637493312],[2599.301668011234,1698.5742589170113],[2604.38117389346,1691.6900730682537],[2597.732203145337,1686.8169045895338],[2598.4691646854044,1685.819198329933],[2590.2525018802844,1679.7863326361403],[2588.945011831587,1681.5489332126454],[2584.375821316731,1678.1923972256482],[2583.50413087348,1679.3785735946149],[2580.219025035156,1676.9698816211894],[2575.829002659826,1682.9006788255647],[2579.0904559610062,1685.298193522729]]]}},{"type":"Feature","id":"way/1351491136","properties":{"building":"house","osm_type":"way","osm_id":1351491136},"geometry":{"type":"Polygon","coordinates":[[[2554.6461672700243,1652.9256770946085],[2560.229757976136,1660.5174287976697],[2552.4142533719423,1666.2386791277677],[2558.375319404644,1674.3424852341413],[2574.9081042586477,1662.2471301089972],[2571.487189877138,1657.5941160945222],[2573.132568849076,1656.3878924632445],[2571.5505177247105,1651.9066698495299],[2567.871371723246,1649.2524884082377],[2566.1310751817655,1650.525098904036],[2563.260619542096,1646.6290214825422],[2554.6461672700243,1652.9256770946085]]]}},{"type":"Feature","id":"way/1351491137","properties":{"building":"yes","osm_type":"way","osm_id":1351491137},"geometry":{"type":"Polygon","coordinates":[[[2510.6673325935844,1684.0511160083115],[2503.366912023921,1689.096239702776],[2511.6225885971216,1700.9611392039806],[2518.9230022818665,1695.9160248413682],[2510.6673325935844,1684.0511160083115]]]}},{"type":"Feature","id":"way/1351491138","properties":{"building":"shed","osm_type":"way","osm_id":1351491138},"geometry":{"type":"Polygon","coordinates":[[[2469.8570088388515,1685.9810822922736],[2471.4411996421986,1689.718006762676],[2475.543104340206,1687.9854001924396],[2473.966778580507,1684.2596053024754],[2469.8570088388515,1685.9810822922736]]]}},{"type":"Feature","id":"way/1351491139","properties":{"building":"yes","osm_type":"way","osm_id":1351491139},"geometry":{"type":"Polygon","coordinates":[[[2491.2947489544167,1653.0816115755588],[2495.7597388913855,1668.3240342410281],[2510.3442517097574,1664.0879856133834],[2505.8793244409026,1648.8344442443922],[2491.2947489544167,1653.0816115755588]]]}},{"type":"Feature","id":"way/1351491140","properties":{"building":"yes","osm_type":"way","osm_id":1351491140},"geometry":{"type":"Polygon","coordinates":[[[2488.6482183820917,1636.83338627778],[2483.9358830945566,1639.4751880178228],[2481.312201160239,1634.8244494441897],[2467.1357409707853,1642.7497710799798],[2471.628966796852,1650.7272047968581],[2475.756191465014,1648.417019742541],[2476.180366560351,1649.1735914116725],[2490.9419225733145,1640.9166653016582],[2488.6482183820917,1636.83338627778]]]}},{"type":"Feature","id":"way/1351491141","properties":{"building":"house","osm_type":"way","osm_id":1351491141},"geometry":{"type":"Polygon","coordinates":[[[2543.153934404545,1626.9547885479406],[2543.644524949603,1626.5451436210424],[2536.649568428693,1618.327369607985],[2532.400280855596,1621.9257759135216],[2529.22145206976,1618.1954801054671],[2524.5053236358217,1622.1813868656754],[2528.19559499796,1626.5129788406193],[2529.216369585716,1625.6493630511686],[2535.3694210784743,1632.8761018700898],[2537.023222675547,1631.481045730412],[2543.1369134649285,1638.6632473375648],[2548.945020664949,1633.7583979070187],[2543.153934404545,1626.9547885479406]]]}},{"type":"Feature","id":"way/1351491142","properties":{"building":"house","osm_type":"way","osm_id":1351491142},"geometry":{"type":"Polygon","coordinates":[[[2509.3725444017327,1610.7193626780063],[2510.7563275985303,1609.90119383391],[2507.1970640286454,1603.8814653670415],[2505.8844520599814,1604.655399438925],[2500.848026032909,1596.1432089842856],[2489.643462382839,1602.7215358307585],[2495.7956266066176,1613.1141956737265],[2491.992219938489,1615.358620826155],[2496.4865210672724,1622.947272323072],[2511.4154020528076,1614.1687548542395],[2509.3725444017327,1610.7193626780063]]]}},{"type":"Feature","id":"way/1351491143","properties":{"building":"shed","osm_type":"way","osm_id":1351491143},"geometry":{"type":"Polygon","coordinates":[[[2460.0043385380413,1581.532385069877],[2451.1585078111966,1571.7210084917024],[2443.0782741878647,1578.952428214252],[2451.9241071475553,1588.7637937422842],[2460.0043385380413,1581.532385069877]]]}},{"type":"Feature","id":"way/1351491144","properties":{"building":"house","osm_type":"way","osm_id":1351491144},"geometry":{"type":"Polygon","coordinates":[[[2449.3468190706335,1533.4689188599586],[2454.9415071628173,1539.994177828543],[2452.448862525518,1542.1200863402337],[2456.461933822022,1546.7969036456198],[2459.1207295440254,1544.5381564255804],[2466.0924315475277,1552.6669098436832],[2474.1796882448834,1545.7687978530303],[2465.8073314419016,1536.0142665952444],[2466.654034644307,1535.2945675514638],[2463.2704615791445,1531.3526700539514],[2463.7057012415607,1530.976190559566],[2458.8742826536763,1525.3417436778545],[2449.3468190706335,1533.4689188599586]]]}},{"type":"Feature","id":"way/1353572334","properties":{"building":"shed","osm_type":"way","osm_id":1353572334},"geometry":{"type":"Polygon","coordinates":[[[1659.2517644076725,901.2229958763346],[1658.8477500301087,904.6989173991606],[1662.2653050379013,905.085714224726],[1662.6614261834184,901.6097718756646],[1659.2517644076725,901.2229958763346]]]}},{"type":"Feature","id":"way/1353572338","properties":{"building":"shed","osm_type":"way","osm_id":1353572338},"geometry":{"type":"Polygon","coordinates":[[[1504.8366138395504,558.12391211465],[1509.4714406655403,558.0694945594296],[1509.3947302977322,551.2374961646274],[1504.7599278494017,551.2808052534238],[1504.8366138395504,558.12391211465]]]}},{"type":"Feature","id":"way/1353572339","properties":{"building":"shed","osm_type":"way","osm_id":1353572339},"geometry":{"type":"Polygon","coordinates":[[[1526.7693241826491,1048.4716992545873],[1526.7643391339225,1044.3837139140815],[1523.274769280455,1044.3856003144756],[1523.2718616735074,1048.4735647831112],[1526.7693241826491,1048.4716992545873]]]}},{"type":"Feature","id":"way/1353572340","properties":{"building":"shed","osm_type":"way","osm_id":1353572340},"geometry":{"type":"Polygon","coordinates":[[[1644.3550172674004,764.2474080557004],[1643.0365723873838,764.2216823324561],[1642.9693637148011,768.70938441623],[1650.674840108375,768.8298706533387],[1650.7328873073566,764.819814728573],[1651.206571703835,764.8321843948215],[1651.3412668579258,755.756803621538],[1644.4884315569652,755.6496942741796],[1644.3550172674004,764.2474080557004]]]}},{"type":"Feature","id":"way/1353572341","properties":{"building":"shed","osm_type":"way","osm_id":1353572341},"geometry":{"type":"Polygon","coordinates":[[[1631.4370516351773,895.3613781444728],[1637.8950136245112,895.4563152464107],[1638.0190452468814,887.4140055561438],[1631.5611046931008,887.307959811762],[1631.4370516351773,895.3613781444728]]]}},{"type":"Feature","id":"way/1353572342","properties":{"building":"shed","osm_type":"way","osm_id":1353572342},"geometry":{"type":"Polygon","coordinates":[[[1627.9300758613972,887.0316980434582],[1627.9637344321818,880.3110735975206],[1623.566198561457,880.2882746551186],[1623.5325446036877,887.0088991103694],[1627.9300758613972,887.0316980434582]]]}},{"type":"Feature","id":"way/1353572343","properties":{"building":"shed","osm_type":"way","osm_id":1353572343},"geometry":{"type":"Polygon","coordinates":[[[1612.7090501992498,1008.5861918739974],[1612.6225870625349,1002.4984383862466],[1607.1669771004235,1002.5617085928097],[1607.253415918327,1008.6605705348775],[1612.7090501992498,1008.5861918739974]]]}},{"type":"Feature","id":"way/1354355250","properties":{"building":"shed","osm_type":"way","osm_id":1354355250},"geometry":{"type":"Polygon","coordinates":[[[1033.128002707148,923.3249322511256],[1039.6526558607584,931.2621188526973],[1045.7446052431478,926.3011006554589],[1039.2199830184109,918.3527993690223],[1033.128002707148,923.3249322511256]]]}},{"type":"Feature","id":"way/1354355257","properties":{"building":"shed","osm_type":"way","osm_id":1354355257},"geometry":{"type":"Polygon","coordinates":[[[1063.689116646885,859.1289876494557],[1057.1924648338463,858.7123802518472],[1056.3944699693238,871.2297361027449],[1062.8911091341288,871.6463427320123],[1063.689116646885,859.1289876494557]]]}},{"type":"Feature","id":"way/1354355258","properties":{"building":"house","osm_type":"way","osm_id":1354355258},"geometry":{"type":"Polygon","coordinates":[[[1040.0730296818074,908.9793194886297],[1040.9341323123663,908.7704663537443],[1041.590500917402,911.4271099418402],[1048.376628589118,909.7782432101667],[1047.76714795921,907.3105657631531],[1054.9167111174902,905.5626618061215],[1050.658303559525,888.2667200528085],[1040.8147901883349,890.6742293480784],[1042.0805881397682,895.8207667050883],[1040.56379375892,896.1834570281208],[1041.0560499892454,898.1842710459605],[1037.6195291759796,899.0197044787928],[1040.0730296818074,908.9793194886297]]]}},{"type":"Feature","id":"way/1354355259","properties":{"building":"house","osm_type":"way","osm_id":1354355259},"geometry":{"type":"Polygon","coordinates":[[[1005.5880274745286,1025.775724590756],[1006.8543651690125,1015.303544903174],[997.8647509772563,1014.2252022279426],[996.5984277822427,1024.6973836356774],[1005.5880274745286,1025.775724590756]]]}},{"type":"Feature","id":"way/1354355260","properties":{"building":"shed","osm_type":"way","osm_id":1354355260},"geometry":{"type":"Polygon","coordinates":[[[1120.520589751075,940.9680792549625],[1123.1151427754667,932.9210271984339],[1115.5105846010847,930.4797341423109],[1112.908145160356,938.5267688678578],[1120.520589751075,940.9680792549625]]]}},{"type":"Feature","id":"way/1354355261","properties":{"building":"house","osm_type":"way","osm_id":1354355261},"geometry":{"type":"Polygon","coordinates":[[[1124.281144192617,988.9558889288455],[1112.5015562945628,989.0477006677538],[1112.5069880373776,990.003055584617],[1105.0776362419128,990.0616645244882],[1105.1741523150704,1001.6259818002582],[1114.9167652446195,1001.5511207431555],[1114.8986664441763,999.3848940534517],[1124.3649599928758,999.3093347875401],[1124.281144192617,988.9558889288455]]]}},{"type":"Feature","id":"way/1354355262","properties":{"building":"shed","osm_type":"way","osm_id":1354355262},"geometry":{"type":"Polygon","coordinates":[[[1360.2886360056,801.1448430744931],[1353.426099705568,798.7274276092649],[1350.9365142622264,805.752668524161],[1357.8069681874476,808.1589934872463],[1360.2886360056,801.1448430744931]]]}},{"type":"Feature","id":"way/1354355263","properties":{"building":"shed","osm_type":"way","osm_id":1354355263},"geometry":{"type":"Polygon","coordinates":[[[1411.1872880264418,1066.574231904],[1411.5517211034312,1060.0766463046893],[1406.152389136667,1059.7736506862566],[1405.7879615202546,1066.27123657614],[1411.1872880264418,1066.574231904]]]}},{"type":"Feature","id":"way/1354355264","properties":{"building":"shed","osm_type":"way","osm_id":1354355264},"geometry":{"type":"Polygon","coordinates":[[[1412.0040534322616,902.8020226731896],[1416.2117714988417,902.9463728917763],[1416.4336688834592,896.6150441719219],[1412.2259466638207,896.4706938210875],[1412.0040534322616,902.8020226731896]]]}},{"type":"Feature","id":"way/1354355265","properties":{"building":"garage","osm_type":"way","osm_id":1354355265},"geometry":{"type":"Polygon","coordinates":[[[1429.0018589642132,839.8497036518529],[1429.7571241363767,831.8534851651639],[1423.0399567255517,831.2248637760058],[1422.284699872951,839.2210830273107],[1429.0018589642132,839.8497036518529]]]}},{"type":"Feature","id":"way/1354355266","properties":{"building":"shed","osm_type":"way","osm_id":1354355266},"geometry":{"type":"Polygon","coordinates":[[[1457.6592644848279,675.6842067977414],[1457.7629552931176,672.2852441882715],[1455.3471547548543,672.2122345967218],[1455.2513605690328,675.6112180193886],[1457.6592644848279,675.6842067977414]]]}},{"type":"Feature","id":"way/1354355267","properties":{"building":"shed","osm_type":"way","osm_id":1354355267},"geometry":{"type":"Polygon","coordinates":[[[1427.622464918706,676.7160822041333],[1428.1214907475514,673.095985615626],[1424.94867088116,672.665522958152],[1424.4496759950998,676.2745112515986],[1427.622464918706,676.7160822041333]]]}},{"type":"Feature","id":"way/1354355268","properties":{"building":"shed","osm_type":"way","osm_id":1354355268},"geometry":{"type":"Polygon","coordinates":[[[1260.7704622641322,676.1910161525011],[1257.4260157255922,674.9603700432926],[1256.4242404387332,677.6349400291219],[1259.768656871689,678.8766941595823],[1260.7704622641322,676.1910161525011]]]}},{"type":"Feature","id":"way/1354355274","properties":{"building":"house","osm_type":"way","osm_id":1354355274},"geometry":{"type":"Polygon","coordinates":[[[1130.3802533322596,580.4968638801947],[1140.0127833340666,586.609248467721],[1151.7068943714257,589.3277406087145],[1153.9023450083914,579.9688574364409],[1143.9442152235424,577.6436464199796],[1135.6202871407731,572.3233454469591],[1130.3802533322596,580.4968638801947]]]}},{"type":"Feature","id":"way/1354355275","properties":{"building":"house","osm_type":"way","osm_id":1354355275},"geometry":{"type":"Polygon","coordinates":[[[1005.7690993888536,446.5066194171086],[1002.2001356133842,446.5530223036185],[1000.3413877777639,441.66047677770257],[996.0422794198385,440.083157395944],[990.8418945103185,442.0471793683246],[988.8566467363271,446.4744327403605],[993.2721725181909,458.09422397613525],[996.0207257982111,457.75689230673015],[998.6088431440876,464.57309264782816],[1004.7622757201898,463.51131481770426],[1005.6249592679669,465.79078836739063],[1012.1609955395106,463.31920475233346],[1005.7690993888536,446.5066194171086]]]}},{"type":"Feature","id":"way/1354355276","properties":{"building":"house","osm_type":"way","osm_id":1354355276},"geometry":{"type":"Polygon","coordinates":[[[1130.3839873292018,475.03175592422485],[1134.9785695262835,469.1782708875835],[1134.6003551887115,468.8773621832952],[1137.5313909947872,465.1413287213072],[1137.9017384980107,465.43110867775977],[1143.4390389637556,458.3692257339135],[1137.3006635573693,453.5877826269716],[1136.0886195981293,455.13985831849277],[1132.2984278418007,452.1862939996645],[1131.05471637164,453.7716147173196],[1127.1935755851446,450.7734359074384],[1121.474114526587,458.05703500751406],[1125.5006886922056,461.200049104169],[1125.057073194359,461.76544351130724],[1127.4525215433678,463.63786982465535],[1123.0084744184278,469.29179359506816],[1130.3839873292018,475.03175592422485]]]}},{"type":"Feature","id":"way/1354355277","properties":{"building":"house","osm_type":"way","osm_id":1354355277},"geometry":{"type":"Polygon","coordinates":[[[1151.593863492366,532.2403117008507],[1149.422134374443,529.3575707469136],[1151.471064434445,527.8187685860321],[1141.241825731704,514.262059896253],[1132.9512429768802,520.4614750165492],[1145.3521620805259,536.9231265140697],[1151.593863492366,532.2403117008507]]]}},{"type":"Feature","id":"way/1354355278","properties":{"building":"shed","osm_type":"way","osm_id":1354355278},"geometry":{"type":"Polygon","coordinates":[[[1327.2999957686407,593.4386412501335],[1322.7697293612873,595.7929457090795],[1326.3914834643365,602.7119582630694],[1330.9217173257493,600.3687648810446],[1327.2999957686407,593.4386412501335]]]}},{"type":"Feature","id":"way/1354580933","properties":{"building":"shed","osm_type":"way","osm_id":1354580933},"geometry":{"type":"Polygon","coordinates":[[[1609.9160139745218,347.91615519300103],[1609.8495439754915,340.23993027582765],[1602.0246141374228,340.30802522879094],[1602.0910935070133,347.9842500416562],[1609.9160139745218,347.91615519300103]]]}},{"type":"Feature","id":"way/1354580934","properties":{"building":"shed","osm_type":"way","osm_id":1354580934},"geometry":{"type":"Polygon","coordinates":[[[1514.3303079878096,377.4896556371823],[1514.4826335901744,370.636046692729],[1509.00329853117,370.51049426104873],[1508.8509494641912,377.37521184794605],[1514.3303079878096,377.4896556371823]]]}},{"type":"Feature","id":"way/1354580935","properties":{"building":"garage","osm_type":"way","osm_id":1354580935},"geometry":{"type":"Polygon","coordinates":[[[1655.520971626509,481.8073022849858],[1655.5508440970443,473.55368371959776],[1648.4369455573033,473.5236369576305],[1648.3991866667639,481.77723451703787],[1655.520971626509,481.8073022849858]]]}},{"type":"Feature","id":"way/1355298710","properties":{"building":"shed","osm_type":"way","osm_id":1355298710},"geometry":{"type":"Polygon","coordinates":[[[1790.0756495619426,541.6869409037754],[1790.4993188510416,545.6316357590258],[1794.0217271930887,545.263397321105],[1793.5980898629641,541.3075936939567],[1790.0756495619426,541.6869409037754]]]}},{"type":"Feature","id":"way/1355298711","properties":{"building":"shed","osm_type":"way","osm_id":1355298711},"geometry":{"type":"Polygon","coordinates":[[[1752.822685766092,551.1626967191696],[1753.5070177653688,555.0747612714767],[1756.9984615766443,554.4731387123466],[1756.3062658963026,550.5499441036955],[1752.822685766092,551.1626967191696]]]}},{"type":"Feature","id":"way/1355298712","properties":{"building":"shed","osm_type":"way","osm_id":1355298712},"geometry":{"type":"Polygon","coordinates":[[[1748.264872805099,551.9392043771222],[1748.9570732462453,555.8623981149867],[1752.4406504457002,555.2496433984488],[1751.7563178146956,551.3375789616257],[1748.264872805099,551.9392043771222]]]}},{"type":"Feature","id":"way/1355588435","properties":{"building":"shed","osm_type":"way","osm_id":1355588435},"geometry":{"type":"Polygon","coordinates":[[[1752.2649783224333,800.6940347086638],[1752.370817122457,796.5508037395775],[1747.9260905291303,796.438924446702],[1747.8202546018292,800.5821554819122],[1752.2649783224333,800.6940347086638]]]}},{"type":"Feature","id":"way/1355588436","properties":{"building":"yes","osm_type":"way","osm_id":1355588436},"geometry":{"type":"Polygon","coordinates":[[[1717.7908927538665,813.7988416412845],[1717.7721311792848,817.8645455790684],[1724.2935397093534,817.8819785732776],[1724.3043805478374,813.8273620717227],[1717.7908927538665,813.7988416412845]]]}},{"type":"Feature","id":"way/1355588437","properties":{"building":"yes","osm_type":"way","osm_id":1355588437},"geometry":{"type":"Polygon","coordinates":[[[1730.688239298528,818.0434913262725],[1717.716152456589,818.1310027921572],[1717.7604905482149,825.1739849848673],[1730.7325631367858,825.0864736465737],[1730.688239298528,818.0434913262725]]]}},{"type":"Feature","id":"way/1355588438","properties":{"building":"yes","osm_type":"way","osm_id":1355588438},"geometry":{"type":"Polygon","coordinates":[[[1757.2690179653,919.1586405811831],[1757.015614578675,913.5481087118387],[1749.364329573291,913.8942007813603],[1749.6177396408748,919.504732331261],[1757.2690179653,919.1586405811831]]]}},{"type":"Feature","id":"way/1385679864","properties":{"building":"house","osm_type":"way","osm_id":1385679864},"geometry":{"type":"Polygon","coordinates":[[[1745.6505507258116,1280.702095088549],[1741.8844708558754,1280.8253163136542],[1742.001447311719,1284.313738054596],[1740.7697718518903,1284.3548756567761],[1740.8941676772083,1288.021055271849],[1742.2521558511653,1287.980255822651],[1742.3545619794168,1291.0131849283352],[1750.944703344605,1290.7251442614943],[1750.4846220693435,1276.8048033639789],[1745.5263358987868,1276.9692641394213],[1745.6505507258116,1280.702095088549]]]}},{"type":"Feature","id":"way/1385679865","properties":{"building":"garage","osm_type":"way","osm_id":1385679865},"geometry":{"type":"Polygon","coordinates":[[[1758.1329071228974,1274.470262631774],[1758.001779746497,1267.4270423483104],[1749.1593063854962,1267.5922030881047],[1749.29047322314,1274.6243146192282],[1758.1329071228974,1274.470262631774]]]}},{"type":"Feature","id":"way/1385679866","properties":{"building":"shed","osm_type":"way","osm_id":1385679866},"geometry":{"type":"Polygon","coordinates":[[[1762.768784742162,1232.5920575046912],[1766.2188689173781,1232.5568703496829],[1766.1733435284696,1228.9242277871817],[1762.7311520581716,1228.9594361297786],[1762.768784742162,1232.5920575046912]]]}},{"type":"Feature","id":"way/1385679867","properties":{"building":"shed","osm_type":"way","osm_id":1385679867},"geometry":{"type":"Polygon","coordinates":[[[1759.5999669476296,1133.5501776831225],[1759.5285199281643,1130.7506130794063],[1756.2440226298058,1130.8417908390984],[1756.3233658623649,1133.6413765531033],[1759.5999669476296,1133.5501776831225]]]}},{"type":"Feature","id":"way/1385679868","properties":{"building":"house","osm_type":"way","osm_id":1385679868},"geometry":{"type":"Polygon","coordinates":[[[1793.2701622475288,1057.5686320764944],[1777.8599369739532,1057.3162154313177],[1777.6727800493827,1068.224380836822],[1793.082949269854,1068.487905651331],[1793.2701622475288,1057.5686320764944]]]}},{"type":"Feature","id":"way/1385679869","properties":{"building":"shed","osm_type":"way","osm_id":1385679869},"geometry":{"type":"Polygon","coordinates":[[[1774.1634961217642,1049.085921083577],[1769.7347049967502,1048.9851770354435],[1769.575502436608,1055.361099448055],[1774.012154241791,1055.4729731129482],[1774.1634961217642,1049.085921083577]]]}},{"type":"Feature","id":"way/1385679870","properties":{"building":"shed","osm_type":"way","osm_id":1385679870},"geometry":{"type":"Polygon","coordinates":[[[1766.697930688737,1059.7301826458424],[1763.5794570815633,1059.7218242622912],[1763.5731157922419,1062.0879438500851],[1766.6915882478934,1062.0963022345677],[1766.697930688737,1059.7301826458424]]]}},{"type":"Feature","id":"way/1385686409","properties":{"building":"house","osm_type":"way","osm_id":1385686409},"geometry":{"type":"Polygon","coordinates":[[[1958.9657694101916,1647.0284694610164],[1955.612692465831,1634.6554699037224],[1950.6988813635544,1635.986297685653],[1949.471748455835,1631.4617584571242],[1942.3222630038508,1633.386401665397],[1945.4409792696824,1644.8589598452672],[1944.3823808817542,1645.1449167737737],[1946.5787583561614,1653.2268438832834],[1951.1607305552461,1651.9950914615765],[1950.4416938060313,1649.3270707465708],[1958.9657694101916,1647.0284694610164]]]}},{"type":"Feature","id":"way/1385686410","properties":{"building":"shed","osm_type":"way","osm_id":1385686410},"geometry":{"type":"Polygon","coordinates":[[[1945.465353153937,1670.831013710238],[1948.4895225189975,1670.57259948086],[1948.168232669239,1666.783684488386],[1945.1519556518178,1667.0421202573925],[1945.465353153937,1670.831013710238]]]}},{"type":"Feature","id":"way/1385686411","properties":{"building":"garage","osm_type":"way","osm_id":1385686411},"geometry":{"type":"Polygon","coordinates":[[[1930.6789563323255,1656.4719452718273],[1932.7965561664896,1664.4981113346294],[1939.9774602368707,1662.6179772270843],[1937.8598687459016,1654.591808793135],[1930.6789563323255,1656.4719452718273]]]}},{"type":"Feature","id":"way/1385686429","properties":{"building":"shed","osm_type":"way","osm_id":1385686429},"geometry":{"type":"Polygon","coordinates":[[[1858.105924106727,1126.9164235498756],[1864.984949296806,1125.946297565475],[1864.4115157490014,1121.9456468420103],[1860.6126230389345,1122.4908380396664],[1860.4576612843666,1121.401775188744],[1857.3774941579322,1121.8378192158416],[1858.105924106727,1126.9164235498756]]]}},{"type":"Feature","id":"way/1385686430","properties":{"building":"shed","osm_type":"way","osm_id":1385686430},"geometry":{"type":"Polygon","coordinates":[[[1840.6198055614368,1144.154344720766],[1841.289334142115,1150.5880409134552],[1845.4668877075892,1150.143835639581],[1844.789438589476,1143.7212262870744],[1840.6198055614368,1144.154344720766]]]}},{"type":"Feature","id":"way/1385686431","properties":{"building":"shed","osm_type":"way","osm_id":1385686431},"geometry":{"type":"Polygon","coordinates":[[[1832.5170254911063,1145.154529559426],[1833.1944568466279,1151.5882461396977],[1837.3641144145513,1151.144014339894],[1836.6945520578884,1144.7214271062985],[1832.5170254911063,1145.154529559426]]]}},{"type":"Feature","id":"way/1385686432","properties":{"building":"shed","osm_type":"way","osm_id":1385686432},"geometry":{"type":"Polygon","coordinates":[[[1853.4700020140153,1042.5450436994433],[1853.2086982150213,1039.9004874797538],[1850.539505712688,1040.1599041605368],[1850.8008106001653,1042.8044602703303],[1853.4700020140153,1042.5450436994433]]]}},{"type":"Feature","id":"way/1385686433","properties":{"building":"shed","osm_type":"way","osm_id":1385686433},"geometry":{"type":"Polygon","coordinates":[[[1850.0663164448342,1042.902459458448],[1849.7971163647599,1040.2578821154311],[1847.12792415492,1040.5173002183437],[1847.3970954087563,1043.1729859905317],[1850.0663164448342,1042.902459458448]]]}}]}