{"type":"FeatureCollection","features":[{"type":"Feature","id":"way/60862184","properties":{"amenity":"grave_yard","landuse":"cemetery","name":"Evergreen Community Cemetery","osm_type":"way","osm_id":60862184},"geometry":{"type":"Polygon","coordinates":[[[1263.1633637302439,1103.8233701614663],[1262.1294422508217,1258.45267006848],[1324.9142796263332,1259.0384680246934],[1325.2240860816673,1231.1010936601087],[1340.7032147832797,1210.879414865747],[1419.8780419173418,1220.462557383813],[1419.9707928030984,1164.1087636053562],[1376.0421426475514,1158.8502441672608],[1375.8990735659609,1168.2588711092249],[1326.01200568903,1162.1741593461484],[1326.9890227091964,1111.5325136398897],[1263.1633637302439,1103.8233701614663]]]}},{"type":"Feature","id":"way/60862185","properties":{"amenity":"grave_yard","denomination":"lutheran","landuse":"cemetery","name":"Memorial Lutheran Church Cemetery","religion":"christian","osm_type":"way","osm_id":60862185},"geometry":{"type":"Polygon","coordinates":[[[1430.630799077684,1157.327186227776],[1431.0231224435847,1131.2118496913463],[1391.1668002864462,1126.4082769500092],[1390.6794652913813,1152.6899950737134],[1430.630799077684,1157.327186227776]]]}},{"type":"Feature","id":"way/246085344","properties":{"leisure":"park","name":"Town Square Park","osm_type":"way","osm_id":246085344},"geometry":{"type":"Polygon","coordinates":[[[1698.9339336625417,673.0245198868215],[1697.7105923013296,669.8997333319858],[1697.55505755794,669.0106289479882],[1697.4452009998495,633.2628138456494],[1697.368648905016,632.3628117423505],[1697.1577860771795,631.4957769652829],[1696.804657763103,630.683905525133],[1696.3801149566425,630.0051468554884],[1696.332950117183,629.9272606633604],[1695.7504695596872,629.2591890897602],[1695.0651411315193,628.6686033690348],[1694.6473667921382,628.4119902234524],[1694.284771286184,628.1888502128422],[1693.4251508504385,627.8199717933312],[1692.4940863242955,627.5953148202971],[1691.499502805702,627.5037918565795],[1653.7443108694279,627.169875212945],[1652.8205487848609,627.1674157306552],[1612.807298402011,626.8166202194989],[1600.964400705474,626.7074143858626],[1596.9614904305781,626.6745734857395],[1596.4789367805934,731.160917933099],[1600.5292418936733,731.1605588383973],[1641.0006831447245,731.1681331917644],[1689.3911451576278,731.1748704081401],[1694.1362347299582,731.1764243235812],[1694.1836063775118,731.1765507552773],[1694.9022838946548,731.1007085852325],[1695.5976314094733,730.8915008315817],[1695.9771086667897,730.7036672532558],[1696.2538287633215,730.559993875213],[1696.8629807078396,730.106166630052],[1697.4013124823687,729.5632814634591],[1697.8766897096648,728.9424679735675],[1698.2575609330088,728.2325332993641],[1698.5517027925234,727.4779326496646],[1698.7354590829345,726.6674942448735],[1698.8009048260283,725.8123055333272],[1698.7650395880337,721.502066812478],[1698.5387452690047,720.5016872631386],[1697.7086058778223,717.9667067686096],[1697.5852169431746,716.8666244233027],[1697.5869808150455,686.6289777029306],[1697.7395126352785,685.6851525809616],[1698.7805920290994,683.1440588887781],[1699.0752994421055,682.1783961271867],[1699.115962357202,681.7341600758955],[1699.1032787145232,677.6128299990669],[1699.0969186190632,674.0802734252065],[1698.9339336625417,673.0245198868215]]]}},{"type":"Feature","id":"way/1052844783","properties":{"landuse":"residential","osm_type":"way","osm_id":1052844783},"geometry":{"type":"Polygon","coordinates":[[[3241.8082022572053,2164.376539664343],[3240.3943538552267,2159.2624412421137],[3238.6947515653446,2154.6918354304507],[3236.5587390789296,2150.8975656675175],[3233.7065785147715,2146.3569323625416],[3229.9861243019113,2141.8137737074867],[3221.5501599996933,2132.880090009421],[3213.298159744416,2125.824315244332],[3204.4561571883387,2118.066991534084],[3194.862855752697,2110.7851703241467],[3184.4484380651265,2103.5565234422684],[3174.4662111049984,2096.9956668075174],[3155.113212518394,2085.3198978202417],[3138.8376733273035,2076.719086590223],[3128.3320638396544,2070.956610213034],[3118.702661199379,2065.185576874763],[3109.8718480128446,2058.9503034409136],[3100.5001755083795,2051.391549780965],[3087.043057155737,2039.8774405419827],[3060.3855013492866,2015.3837063824758],[3047.2241112113697,2002.548605450429],[3034.467871089757,1988.8037892328575],[2991.4439848367474,1940.2796702915803],[2982.9523885099916,1931.2683867579326],[2975.4373373148846,1923.0486313859],[2967.939488483884,1914.3290451886132],[2959.7123663938255,1903.9077535308897],[2947.8303995347233,1887.955000139773],[2935.0044167690794,1870.8442668085918],[2913.145721095847,1843.3766767298803],[2886.010020496149,1808.8845349419862],[2874.225241590175,1794.7095834417269],[2861.9874383524875,1778.822630723007],[2849.4268380809226,1762.6126313973218],[2837.0069060550304,1746.880729848519],[2822.696451557451,1729.699348796159],[2817.1097866924247,1723.318198892288],[2810.632977049856,1716.2680036928505],[2803.494345773186,1708.7604792788625],[2795.914418269589,1700.973992860876],[2780.4151245742105,1685.377866475843],[2748.4864390477887,1653.6054430203512],[2729.9145770950126,1635.7456792984158],[2682.4240922731115,1590.599180023186],[2662.4110711852554,1571.3691836064681],[2655.2786203428986,1564.3506255419925],[2648.3122777207172,1557.2103487290442],[2639.504637926526,1547.943142035976],[2629.312051428191,1537.0835127839819],[2583.930096044962,1488.3556056898087],[2573.737320201879,1477.496066405438],[2564.9215370307793,1468.2400504117832],[2557.9550200121594,1461.088764956221],[2552.1854445628705,1455.007271837443],[2546.669319302484,1448.6265611546114],[2541.429922798241,1442.091109755449],[2536.4984597737202,1435.5343080051243],[2531.898241090763,1429.089524101466],[2527.644714744587,1422.8789955619723],[2523.784875694313,1417.036156850867],[2514.7137644591858,1403.04721825663],[2511.7581597667304,1398.495518530719],[2509.9418417376583,1395.879909047857],[2507.8338931176113,1393.0968550248072],[2505.4025491354987,1390.2129197483882],[2502.6003492592718,1387.2612968133762],[2499.3718763338984,1384.2973749879748],[2495.6775021528592,1381.3765873508528],[2491.48552409478,1378.5432806769386],[2486.7326306745526,1375.8528222767636],[2481.4107719323365,1373.3607340967283],[2475.598830578674,1371.089455015026],[2469.367888119712,1369.0280760787427],[2462.789026202052,1367.1656881477684],[2455.933326574217,1365.4913818566129],[2448.895616484806,1363.972096494399],[2441.731126863626,1362.6190951718017],[2434.526821443753,1361.38818596676],[2427.353720210551,1360.2906753560528],[2420.290830478596,1359.304565826431],[2413.180355287448,1358.3960921643302],[2398.430034819292,1356.7332180822268],[2383.402936366445,1355.2362388838083],[2348.099392226839,1352.038988813758],[2342.0539813145297,1351.377936041914],[2336.5852686348953,1350.57407401409],[2331.637900149799,1349.6605738820508],[2327.1802055051085,1348.6706726644188],[2323.1568616554723,1347.6264334945008],[2319.512514863047,1346.561028282158],[2316.215556465788,1345.485477569513],[2314.172873223375,1344.7577656349167],[2307.8949476598646,1342.5297847855836],[2305.5599194388487,1341.8901362791657],[2303.5001242754515,1341.640051648952],[2301.6920325378887,1341.723922423087],[2300.127842086542,1342.1084009250626],[2298.79990418948,1342.7045967793092],[2297.6767943221494,1343.4568798262626],[2296.711237460375,1344.331793420948],[2296.0768516368116,1345.3520345259458],[2295.5452482360997,1346.317016551271],[2295.1795219482738,1347.2491310788319],[2294.932182814402,1348.1926813907921],[2294.7872575836373,1349.2142751244828],[2294.7921746838256,1350.2918260702863],[2294.978665565315,1351.3698787409812],[2295.3862947798334,1352.4152165856212],[2296.05462686572,1353.3946230811998],[2297.0075294458657,1354.2415124708787],[2298.3002947221394,1354.9449290633202],[2299.9646542226546,1355.4494176059961],[2302.032308873255,1355.710631487891],[2310.604207390803,1356.2897643502802],[2318.7336740019964,1356.9898794582114],[2329.3804094606894,1358.0857758410275],[2343.0335927099804,1359.6787991290912],[2386.059517012327,1365.1636266298592],[2407.8246588542825,1368.0568167194724],[2417.0338223858853,1369.4154686685652],[2419.4088585022837,1369.85531385988],[2420.797083111538,1370.2924136882648],[2421.92432566511,1370.8954170020297],[2422.814362360281,1371.6310639306903],[2423.4751804650296,1372.4660507086664],[2423.9383888997254,1373.38935660664],[2424.2277330220095,1374.3788304086775],[2424.343336582533,1375.3900378989056],[2424.324672074057,1376.4230889333412],[2424.187621278339,1377.444701815024],[2423.9401714901906,1378.421572885476],[2423.3347494560876,1380.375007440336],[2422.428224753472,1382.7275148760527],[2421.737324666814,1384.1919317804277],[2420.8325631704647,1385.9112521968782],[2419.6585247086477,1387.9408651813865],[2418.1676883707987,1390.3361818287522],[2414.045570488728,1396.4344624113292],[2411.133072364668,1401.9029177986085],[2408.7717073720414,1407.9061216851696],[2406.875099099416,1414.277203769423],[2405.341051348718,1420.860358612612],[2404.0673989812494,1427.4886723887175],[2401.9398332318524,1440.2687964048237],[2400.8815909709665,1446.0867794454098],[2399.7065712846234,1451.3156804265454],[2398.312579412188,1455.799694458954],[2394.9171669004136,1464.6105145839974],[2392.945997238392,1469.4150763722137],[2390.7850572056486,1474.330197909847],[2388.4030168019235,1479.2669232627377],[2385.7922598980367,1484.1252538058907],[2382.9452010712703,1488.7940823892131],[2379.83840432961,1493.1844751611352],[2376.44852602476,1497.1741726947948],[2372.7837070421083,1500.6743289409205],[2368.5195398962824,1503.9506514444947],[2363.4973066308885,1507.3026342755184],[2357.914643778815,1510.6308495635167],[2351.9770198510378,1513.858107926324],[2345.8741447950015,1516.8960669999942],[2339.795666278864,1519.6786008263007],[2333.9549758143257,1522.1174312271178],[2328.533917878056,1524.1130832796916],[2323.745821469405,1525.5994945727289],[2316.423320226895,1527.2010919488966],[2313.3654621534515,1528.192409677431],[2308.1949749596533,1530.9330506427214],[2304.4117061933503,1534.4662442142144],[2302.142700473254,1538.5257319025695],[2301.5148780496093,1542.889690257609],[2302.7588278815383,1546.9588899584487],[2305.5920730548096,1550.1104674078524],[2309.438976307749,1552.1095513151959],[2313.70031222963,1552.687878540717],[2317.8005091251107,1551.5883586518466],[2331.2397398669855,1544.7715298086405],[2347.698155951046,1536.6856031781062],[2354.3127866310533,1534.1378447376192],[2361.288125812949,1532.4686758788303],[2368.0323149044416,1531.5986950295046],[2373.9377375774784,1531.4373457906768],[2378.412505089713,1531.9163306877017],[2381.882506977825,1533.1812416650355],[2385.0581048830063,1535.278484585695],[2387.7426196653396,1537.9631226696074],[2389.73931144987,1541.0124359894544],[2390.8672606852488,1544.1926398715004],[2391.093595221406,1547.9702052678913],[2390.5597960954765,1552.5676979068667],[2389.3070029089577,1557.385365872644],[2387.400037744839,1561.823523234576],[2384.8800389525713,1565.2824184149504],[2381.367928342079,1567.8165426384658],[2376.7526002246304,1569.636653185822],[2371.5008625395712,1570.3663543127477],[2366.0715652022045,1569.6514442702755],[2358.3231380211073,1565.4419947750866],[2351.959623940871,1562.8471463117748],[2344.558201741369,1561.6046816231683],[2336.63878854434,1562.115955291316],[2328.737154285074,1564.7601462015882],[2320.631192021072,1569.925441890955],[2308.9193572677323,1577.291393131949],[2294.6465053366846,1585.8500209394842],[2279.6944826017716,1594.5178915578872],[2265.9212802466354,1602.2670322572812],[2260.0549580072984,1605.450137716718],[2254.725691913569,1608.5458601638675],[2249.474393090757,1611.9972783094272],[2244.1906967210234,1615.7485446669161],[2233.08443835011,1624.0049937730655],[2227.049041541526,1628.3985051801428],[2220.5317726715584,1632.9128912091255],[2213.4380865593557,1637.48124143295],[2205.649633406487,1642.0810150820762],[2197.0560799353407,1646.645259641111],[2188.0770683267037,1650.7196768894792],[2179.2504661198473,1653.9169427994639],[2170.6156182207633,1656.2815992655233],[2162.211808917171,1657.880405089818],[2154.086247551255,1658.769031980075],[2146.286174336972,1658.9920428888872],[2138.8350866383407,1658.6161528211087],[2131.7959834169596,1657.6970762442797],[2125.208181712602,1656.2904626037925],[2119.110999032622,1654.4519612723961],[2113.1000711533707,1652.8247657679021],[2106.8263860237785,1652.018896581605],[2100.41628258524,1652.0235911300406],[2093.9882057256764,1652.828064776957],[2087.668524748762,1654.4104454191402],[2081.5677294326015,1656.782143025659],[2075.8201432866044,1659.8990890290588],[2070.5441493813414,1663.7727141184732],[2065.8582211240428,1668.3811230277643],[2061.8887252554414,1673.7024418218061],[2058.272986695578,1679.5690507795662],[2054.6011784150032,1685.735442129895],[2050.91304402455,1692.1017465628684],[2047.264024111384,1698.6014633588493],[2043.7016950763064,1705.1569616151974],[2040.2579355855705,1711.6572416527197],[2036.996048923058,1718.0469324896112],[2033.9478525577579,1724.2372513888404],[2031.1609820276499,1730.1283499952406],[2028.6908759183134,1735.6537270471454],[2026.4177317791618,1741.3240534095094],[2024.2296423369553,1747.6500216489658],[2022.1583956378745,1754.5539577323943],[2020.2278552019852,1761.969274659641],[2018.4855965018505,1769.818341292441],[2016.9555428819149,1778.012353467755],[2015.677314715751,1786.4958756323904],[2014.6748347657267,1795.1801036130637],[2013.995677209401,1803.987406220287],[2013.6558099049726,1812.8511749636382],[2012.9309232155792,1821.058487080969],[2011.1992109502316,1827.9411334460601],[2008.6737808809266,1833.5108028799295],[2005.5520115586696,1837.7569242129102],[2002.0469774063095,1840.7022946840152],[1998.3639787700376,1842.3252555001527],[1994.7239825286088,1842.6486245663837],[1991.3164704047958,1841.6618078527972],[1988.3624698906206,1839.3654052671045],[1986.0750851718476,1835.7711035003886],[1984.2317178079975,1831.4559466568753],[1982.4913007038413,1827.0188748650253],[1980.8617279040045,1822.4599094698206],[1979.3429995484767,1817.779050390236],[1977.9271012495155,1813.020710343495],[1976.6377753222478,1808.162736427039],[1975.4591737931478,1803.227302829735],[1974.3991908330354,1798.2144309151918],[1973.465630221588,1793.1574677107856],[1972.6506284042844,1788.0452831871808],[1971.2043825205183,1777.0104826344177],[1969.9181812802562,1765.1762949535623],[1968.9073917879723,1753.6650053355843],[1968.2715645463904,1743.6099645672366],[1968.1339931929251,1736.1223705196753],[1968.9654304628493,1729.3594664279372],[1970.8428023352171,1721.1552773024887],[1972.0230877136928,1716.7483509723097],[1975.8330152784474,1703.2839136086404],[1977.9869074379676,1695.0027167787775],[1979.3535360171809,1685.930670757778],[1979.959414792189,1675.0236353389919],[1979.9352127055754,1663.5816754037514],[1979.4115387707134,1652.9270730558783],[1978.1183362004813,1640.7596080675721],[1977.6567506653373,1633.4044392304495],[1977.7005418014596,1625.99509888608],[1978.1937285204185,1618.798042325303],[1979.1041325285914,1612.0353549839929],[1980.5735188583494,1605.8296167943627],[1983.4718797957757,1599.5833236910403],[1987.3959209322347,1593.5508810440078],[1991.7445375274983,1588.152786119841],[1995.9324098907528,1583.809577663429],[1999.4938365021953,1580.4977726200595],[2002.7818065763568,1576.141014768742],[2005.5828142862883,1570.872026950121],[2007.524350173131,1565.2341189002618],[2008.2260082305875,1559.770578703843],[2008.0038395953015,1557.2816408062354],[2006.7730045672506,1551.2240895591676],[2005.0023236614652,1543.3765812786296],[2002.9724855417153,1535.0284807793796],[2000.9485439836862,1527.4135668557137],[2000.02552958444,1524.278424186632],[1999.203329149168,1521.810073569417],[1998.1670763827278,1519.6744004581124],[1996.6098892246955,1517.5039863362908],[1994.6105895094806,1515.3434802349657],[1992.2636671682121,1513.282008273527],[1989.6400501368335,1511.3641979834065],[1986.8264250123757,1509.6458282424137],[1983.8936296678148,1508.2048520352691],[1980.9283511599642,1507.0970479799435],[1978.009382401593,1506.3781731138006],[1975.215456151811,1506.1262014321983],[1972.0969584215782,1506.2066093804315],[1968.2674898583791,1506.4628285132349],[1959.2023710343638,1507.3380462666973],[1949.4733796019573,1508.4891938837245],[1933.9158905502409,1510.5465923110023],[1931.5154475213494,1510.7511587636545],[1929.3368270925712,1510.6675019962713],[1927.3720745421015,1510.3178175240755],[1925.6133253994049,1509.690975241363],[1924.060549441434,1508.798083527945],[1922.7058522427105,1507.6391208805144],[1921.557098007761,1506.2252170816064],[1920.590603768418,1504.556307958439],[1919.8142338287435,1502.6435233354568],[1919.2279882652801,1500.486863146536],[1918.9500117555726,1498.1866245632991],[1894.3593232419807,1498.0646192589775],[1879.0257235210156,1373.2621994111687],[1723.4534875588724,1374.1662313574925],[1724.7367973240325,1381.3791624642909],[1726.4964969154098,1390.526269278489],[1727.7435959236464,1396.5171552794054],[1728.922108827217,1401.5858419938013],[1730.9532684909645,1409.5894878134131],[1734.3151808070834,1421.8179738838226],[1738.2493582661846,1435.547658495605],[1742.6388952031848,1450.211689782329],[1744.737132617156,1456.7380726458505],[1749.0784002859145,1468.7803431889042],[1756.6890352104092,1489.2517172545195],[1761.4164546948741,1501.5283128907904],[1765.6434740239056,1511.9928641300648],[1770.47530216648,1523.5921204984188],[1774.8847543118172,1533.7239086274058],[1778.6447790813982,1541.6877746582031],[1785.0360769914696,1554.6131538683549],[1788.3030030308873,1560.9871682934463],[1792.7410944331205,1569.2527963565663],[1808.751997747051,1598.1560320472345],[1816.5315488310298,1614.395548146218],[1817.6545629465254,1616.5758597832173],[1824.0887331854901,1628.1794682620093],[1828.7308735368424,1636.8566909497604],[1838.5782903898507,1656.1455652993172],[1844.341202739277,1667.8140399046242],[1850.2503111234982,1680.8826017901301],[1859.453742404061,1701.8138532759622],[1863.1793800455634,1710.7441306710243],[1869.2637411407195,1726.12378001865],[1872.58705444698,1734.9418919254094],[1877.6469455673941,1749.6522683706135],[1883.159777719702,1766.1745795467868],[1886.7199965586187,1777.870475821197],[1894.8643310622429,1805.0308686448261],[1906.0499948744546,1843.0526319229975],[1923.0630096521345,1900.8413410559297],[1925.10517456237,1907.5453759441152],[1927.625310487405,1915.5615245280787],[1930.4980152436765,1924.55618881993],[1933.605721188127,1934.218009153381],[1936.8309219653602,1944.2134085362777],[1940.0481887029018,1954.2198969069868],[1943.1478814858128,1963.9150266963989],[1946.0045440823887,1972.9874158930033],[1948.4927816416603,1981.1034651407972],[1950.5029575543012,1987.9407262662426],[1953.8419332714984,1999.6249570781365],[1966.886124861776,2044.8280624458566],[1970.985117452743,2058.5805726461112],[1974.7421389702358,2070.3548194821924],[1977.8983037105645,2079.5613414524123],[1978.9876155977836,2082.474762637168],[1981.9891534043127,2090.481133721769],[1987.72804830916,2104.9379530334845],[1993.6250298157684,2119.3063383046538],[1996.8015181187657,2126.8244119975716],[2000.010629788565,2133.9537735376507],[2001.9877559035085,2138.391496174969],[2004.0272423864808,2143.118213733658],[2006.137133360724,2148.07840493042],[2008.3255031849258,2153.205439934507],[2010.592532757786,2158.4326674602926],[2012.9384332774207,2163.682327660732],[2013.5516334370184,2165.0],[3241.9289387189606,2165.0],[3241.8082022572053,2164.376539664343]]]}},{"type":"Feature","id":"way/1194994715","properties":{"hoops":"2","leisure":"pitch","sport":"basketball","osm_type":"way","osm_id":1194994715},"geometry":{"type":"Polygon","coordinates":[[[1673.1081381630502,673.0000611972064],[1686.838381992944,672.9478062568232],[1686.8342798799858,671.5258926060051],[1686.7315266774967,644.9315950227901],[1669.5982546057785,644.996997683309],[1669.7051848125993,673.0132084321231],[1673.1081381630502,673.0000611972064]]]}},{"type":"Feature","id":"way/1194994716","properties":{"leisure":"playground","osm_type":"way","osm_id":1194994716},"geometry":{"type":"Polygon","coordinates":[[[1666.0323100294918,661.7281772028655],[1663.766318527807,658.767248461023],[1662.863844222913,647.8117504809052],[1642.2880223639659,650.9007078092545],[1639.910780902661,654.1380982846022],[1640.8948732013232,661.1391433924437],[1646.050072419108,664.296599037014],[1646.0454013258568,666.0517476806417],[1643.7099459383753,668.4227760862559],[1643.696555316681,673.4549428122118],[1647.084694568941,676.0411581462249],[1656.2279741427046,675.8877620119601],[1657.6145664210198,677.0134246917441],[1663.2045270635863,677.0060969768092],[1665.9427675358602,674.5917143607512],[1666.0323100294918,661.7281772028655]]]}},{"type":"Feature","id":"way/1307291971","properties":{"access":"private","leisure":"swimming_pool","osm_type":"way","osm_id":1307291971},"geometry":{"type":"Polygon","coordinates":[[[1516.2955085720168,835.202992242761],[1516.3944384995266,824.6500682467595],[1511.8153051273548,824.6157579328865],[1511.7242778860964,835.1687028268352],[1516.2955085720168,835.202992242761]]]}},{"type":"Feature","id":"way/1307291983","properties":{"access":"private","leisure":"swimming_pool","osm_type":"way","osm_id":1307291983},"geometry":{"type":"Polygon","coordinates":[[[1749.4779277664493,1245.8979102270678],[1749.5234584448626,1240.688086782582],[1740.7921276604175,1240.6091671409085],[1740.746574347897,1245.8300991710275],[1749.4779277664493,1245.8979102270678]]]}},{"type":"Feature","id":"way/1307291989","properties":{"access":"private","leisure":"swimming_pool","osm_type":"way","osm_id":1307291989},"geometry":{"type":"Polygon","coordinates":[[[1280.7087952137226,1357.2455837614834],[1283.359508595313,1351.898132829927],[1272.786451101827,1346.6939768614247],[1270.135744447296,1352.0414321077988],[1280.7087952137226,1357.2455837614834]]]}},{"type":"Feature","id":"way/1307291992","properties":{"leisure":"swimming_pool","osm_type":"way","osm_id":1307291992},"geometry":{"type":"Polygon","coordinates":[[[1643.392591758049,1170.3870914112777],[1650.6755943145254,1159.9865897409618],[1645.1436832149047,1156.1393884485587],[1637.8528201640584,1166.5287667829543],[1643.392591758049,1170.3870914112777]]]}},{"type":"Feature","id":"way/1344637120","properties":{"leisure":"garden","osm_type":"way","osm_id":1344637120},"geometry":{"type":"Polygon","coordinates":[[[1703.6422721372219,1283.9667810322717],[1703.3965039379545,1287.3098210031167],[1703.539353341679,1292.942275878042],[1703.95533788373,1299.764083320275],[1704.1807200573967,1301.0977204386145],[1704.4694367275806,1302.3648749785498],[1705.15035959339,1304.577310380526],[1706.7848912737682,1304.4483731118962],[1706.9680679133162,1300.8941020695493],[1706.908382396039,1296.6393388258293],[1706.6647770553827,1293.2616657465696],[1706.2501018687035,1288.905976635404],[1705.5448691485217,1283.97186290659],[1703.6422721372219,1283.9667810322717]]]}},{"type":"Feature","id":"way/1344637121","properties":{"landuse":"grass","osm_type":"way","osm_id":1344637121},"geometry":{"type":"Polygon","coordinates":[[[1695.2646362863015,1275.6240502931178],[1695.852847461414,1291.8664314243942],[1696.289024475438,1299.9991100914776],[1697.1902731325827,1311.3545321729034],[1697.3568596736295,1311.0550440335646],[1697.5156406483147,1310.722209179774],[1697.6745106166345,1310.3560486882925],[1697.8176211412647,1309.9787374986336],[1697.9450315368595,1309.568058513105],[1698.0567121443455,1309.1351202782243],[1698.1526629616856,1308.6799227958545],[1698.2170948596904,1308.2024239040911],[1698.250037490332,1307.691515058279],[1698.2593260934227,1307.1694344291463],[1697.5521457226714,1294.092693388462],[1696.9987205630168,1276.6506733214483],[1696.9142709130538,1269.8408603807911],[1696.936805065372,1258.443470871076],[1695.1684091020143,1258.4387498451397],[1695.2646362863015,1275.6240502931178]]]}},{"type":"Feature","id":"way/1344637122","properties":{"natural":"wood","osm_type":"way","osm_id":1344637122},"geometry":{"type":"Polygon","coordinates":[[[993.5789995476953,1627.4100557435304],[989.6407283687149,1784.3204355295748],[998.0737692801631,1783.453338071704],[1008.743427127134,1781.5699895611033],[1011.0410526333144,1765.9904730636626],[1021.2354143210687,1712.439699898474],[1019.1027890365222,1709.8348119277507],[1014.4325322285295,1699.4029452111572],[1005.5788565339753,1691.8597133606672],[1002.7727331322385,1687.1424662917852],[1002.258415818098,1678.365333805792],[1003.1237063796143,1667.236706933938],[1004.822258987755,1660.5647742711008],[1007.3552968384465,1657.8718685517088],[1011.4877708982676,1656.3827948458493],[1016.4463397909421,1655.9844871480018],[1021.4340926831355,1656.5193827329203],[1027.4040226206998,1658.8452908657491],[1030.3106281031505,1661.3188638603315],[1032.5131718833,1664.368279799819],[1034.0121105560102,1667.8158011147752],[1034.9611072102562,1673.3058984689415],[1034.2844259583508,1681.668957467191],[1031.6237326761475,1694.1148994266987],[1028.536713959009,1703.5048763239756],[1024.2496926806052,1712.9362109703943],[1013.4704446241958,1769.840285778977],[1013.1381055139937,1773.2275654030964],[1013.6052234396338,1775.77263873443],[1014.83081829804,1778.064158176072],[1016.6183944162913,1779.7683614874259],[1027.2915981712285,1776.507582994178],[1036.165724953462,1772.9533792519942],[1043.429829380766,1769.2617491278797],[1053.4246222988004,1762.7555523049086],[1161.292175418348,1676.0642034132034],[1160.0409263292095,1671.4953211229295],[1156.8797633160139,1663.6888894634321],[1149.093858814158,1667.6123237852007],[1140.560117912828,1670.7229058016092],[1132.4705207309453,1673.034824761562],[1128.0398018514388,1673.8454244043678],[1123.9660391462385,1673.9904306558892],[1116.9041339153773,1672.6836089808494],[1111.2905154218897,1669.9586254106835],[1107.1307847689022,1666.7041807761416],[1104.4385265433812,1663.7756715454161],[1101.8780974017573,1658.7035382278264],[1100.9163448077743,1652.0581007385626],[1101.780392075947,1647.6057681934908],[1102.7961105522118,1645.56439869944],[1106.0664443099522,1641.6737004881725],[1109.933884930564,1635.8294252753258],[1115.6703868606128,1624.591180689633],[1120.127821423579,1613.4385101366788],[1126.138211043668,1590.9146176930517],[1130.049301019113,1583.4708253713325],[1132.725005652872,1580.58949078992],[1135.9827914545895,1578.5205902215093],[1139.9169007106102,1577.4532146267593],[1144.164369556005,1577.3197756661102],[1148.3074336148566,1577.8748044986278],[1156.0995792553294,1580.7387558408082],[1159.6463500342215,1582.9252182804048],[1165.8131856842665,1588.4843744989485],[1168.3388933328097,1591.7124110981822],[1172.0467624131124,1598.7537671197206],[1175.77469715185,1610.2386280400679],[1178.168732805585,1621.6311686057597],[1178.530395894195,1628.2972812345251],[1177.5615115849068,1633.5824791900814],[1173.9912826425862,1640.4716941732913],[1168.3219951565843,1647.055546333082],[1163.260374888603,1650.6638632854447],[1157.1041756902123,1653.2251427182928],[1158.7690505911596,1659.639126110822],[1161.9990766374976,1668.2899924796075],[1164.0763130121632,1670.928110666573],[1166.5291696118074,1671.7898209569976],[1262.3540497128852,1593.844839121215],[1261.1625700833974,1590.598019555211],[1259.3138459938345,1588.1270940965042],[1238.8865318838507,1568.722751566209],[1228.5125879392144,1556.8873326797038],[1223.8568099660333,1550.0878729848191],[1220.1951525407494,1543.5020609879866],[1215.204661758733,1531.8250523256138],[1212.507734006038,1521.5647933427244],[1211.9579904919956,1514.3760864343494],[1212.6854822350433,1507.823884873651],[1215.5141126455856,1494.7119378335774],[1216.0979593792,1485.7154666092247],[1212.755930944404,1465.4557722387835],[1211.9992629374028,1449.7795401597396],[1212.625457900227,1445.7598427450284],[1214.6181337828748,1441.4548666197807],[1218.3005317045026,1437.0320812929422],[1223.555652338022,1431.9468633476645],[1232.2561801624834,1425.5486716944724],[1245.8040757894632,1419.0964391231537],[1251.9629905692418,1415.5910185379907],[1250.8551909433445,1413.5441510016099],[1248.0666557784425,1411.1929808976129],[1244.5651359127369,1409.7953003570437],[1239.9253431721008,1408.9612035360187],[1235.03068896092,1405.9491577390581],[1233.32287564344,1403.9118432179093],[1232.8535660113557,1402.2332220040262],[1233.5069533467176,1396.8694540262222],[1234.770193759643,1393.784538200125],[1236.7435904782615,1390.834771124646],[1247.1381844855496,1379.6420759921893],[1251.9941072732909,1373.2672433862463],[1260.8879227562575,1353.3059644587338],[1264.3860803740681,1346.9053915673867],[1266.825194870471,1343.990171683021],[1269.5863675862784,1341.6978739779443],[1272.559016903513,1340.0504281893373],[1277.1095601700363,1338.795894770883],[1280.2594175540144,1338.8263161191717],[1287.0606186040095,1340.3325912524015],[1294.8295409565326,1343.1077795512974],[1299.4419249485363,1345.385965370573],[1302.853528295178,1347.9720637891442],[1304.0017226847704,1349.6635695546865],[1305.238188160176,1353.8325288258493],[1304.681888183346,1361.2960725724697],[1301.5906476559467,1369.064045790583],[1288.746869902825,1386.9932040907443],[1283.9567610883387,1395.3677329001948],[1283.2981574333971,1399.68727169279],[1283.7396829174832,1405.9647946469486],[1285.0669760688907,1411.633651302196],[1287.2789927698905,1417.0937499608845],[1286.9945532868733,1420.2145321704447],[1285.5011388713028,1423.765400385484],[1281.8410098920576,1428.7103106435388],[1278.985310694552,1430.9357052510604],[1274.1893824996077,1432.4673138158396],[1265.3518960082438,1433.8439940428361],[1254.6126773916185,1437.9373528929427],[1246.6268450432108,1439.6828586440533],[1236.7400257260888,1440.823569322005],[1225.3558991435566,1440.9495227141306],[1219.2309703829815,1440.5003868099302],[1216.4895920681884,1444.3146391399205],[1215.296612680424,1447.7107825111598],[1215.0800018773298,1452.0870184237137],[1215.7959833292407,1465.1859444845468],[1218.7998770325212,1481.8900029147044],[1219.180063384003,1487.4897366156802],[1218.5285654789768,1495.1752142654732],[1215.136690711719,1512.3847812265158],[1215.0152458853554,1516.5946351354942],[1215.5168455636594,1521.0393869085237],[1218.0965076251887,1530.8549978025258],[1222.9144157663104,1542.1094328984618],[1228.5889256852097,1551.8108887299895],[1236.032538428146,1561.2059043841437],[1243.3700276775053,1568.9010332152247],[1261.4904790511355,1585.933249404654],[1264.6355313588283,1587.7632488096133],[1268.5879028613563,1588.784421567805],[1340.9986691245576,1529.6865879846737],[1346.4074274645536,1526.2348397634923],[1354.2886764793657,1522.1896991543472],[1361.4556097899913,1519.6090370807797],[1369.2119744336815,1518.0408116644248],[1370.4801540917251,1507.057701091282],[1372.9274041618337,1501.0321267722175],[1381.9433656182373,1482.7376247011125],[1368.7467986357515,1478.6261865319684],[1361.2401274639415,1475.2628362653777],[1359.7692035216605,1473.2261075964198],[1359.1807164706988,1468.83666008804],[1360.2369615771458,1463.418415216729],[1362.6630788668408,1459.436769186519],[1366.5947571606375,1456.3255388913676],[1371.8800834762515,1454.8174984958023],[1376.3243002938689,1454.951335368678],[1381.3746084646555,1455.764389869757],[1393.9958575591445,1459.5188687555492],[1400.5774314431474,1463.435261350125],[1411.5928512740065,1471.4290573168546],[1416.5364894827362,1473.7748500509188],[1420.741060269589,1474.974516602233],[1427.59196101228,1475.525730821304],[1438.7113922385033,1473.9664281252772],[1449.891382272821,1473.3959718411788],[1460.2539849305758,1474.4452423201874],[1465.3407256125938,1476.402647677809],[1469.3759631829453,1478.946044090204],[1473.6669689149712,1483.2897146595642],[1475.3485426073894,1486.2601495478302],[1476.1428160414798,1490.4168694540858],[1475.6107526238193,1494.6034197323024],[1474.6010293681757,1497.311263827607],[1473.0234716156265,1499.806547863409],[1468.6378992796526,1504.3939649127424],[1466.9553200242808,1507.7998812440783],[1465.5103563563898,1513.9058203985915],[1465.4305829496006,1520.2153108380735],[1477.3092522556544,1521.1019733054563],[1485.23190770566,1522.3448093784973],[1502.0901197618805,1526.8993894141167],[1518.3732860964374,1533.963044614531],[1550.6261066399165,1550.178072296083],[1551.184498488321,1547.9911505719647],[1550.4411888974719,1545.4786326913163],[1542.9296680148109,1529.0957425283268],[1542.2278230589582,1525.8279486745596],[1542.3350168287288,1521.118173792027],[1540.1682572783902,1519.5350159006193],[1536.7681142222136,1515.6713274847716],[1533.6753539012861,1509.009079478681],[1532.3701998487813,1501.029633087106],[1532.7140109507018,1496.3982443558052],[1533.5821603381773,1493.5011882232502],[1536.2134509963798,1489.5868015624583],[1540.816420649062,1486.3996928278357],[1544.5143538648263,1485.1319850394502],[1548.2659318699734,1484.4753959039226],[1557.171783592261,1484.110172022134],[1560.7835897541372,1482.5756384534761],[1562.9995396272861,1480.493086250499],[1564.7599140254897,1477.5428548324853],[1566.2201215169625,1471.6813680725172],[1567.8075007758453,1468.4751807088032],[1571.4151041769073,1465.5520634995773],[1574.1961012082756,1464.737396360375],[1576.92755331425,1464.7446375293657],[1585.8730801637284,1467.2900191079825],[1591.816825600923,1470.5495078973472],[1595.1166033206391,1473.5575945479795],[1596.3907718986156,1475.338356946595],[1598.1010964934248,1479.3531116750091],[1598.8478662013658,1483.5319383190945],[1598.837544811482,1487.4199308604002],[1598.2609542968567,1490.5065989326686],[1597.1738863823703,1492.592135454528],[1595.0126886120997,1494.8636679183692],[1588.8269121533376,1499.5239858794957],[1584.3523584466311,1501.911579625681],[1573.0930819151108,1505.6031155567616],[1569.9368892858038,1507.994214030914],[1561.4936689885217,1524.4570482932031],[1562.3416997860186,1529.1582446675748],[1561.986435338913,1532.1455247364938],[1560.4428799658199,1536.6959739457816],[1555.5612172402907,1546.758572083898],[1555.0497187608853,1549.1233556661755],[1555.119542929402,1552.5672155907378],[1570.893644162512,1561.0293445782736],[1583.1763116248185,1549.4533923249692],[1588.8484073338914,1544.9805526090786],[1594.249540593417,1541.4734495151788],[1599.3874553463538,1538.9876460609958],[1604.7288259094348,1537.1800134088844],[1610.4794923153822,1535.828926303424],[1616.3309565996751,1535.1668472383171],[1621.950948275975,1535.4595003128052],[1624.5782087959233,1536.0441337171942],[1629.1432671117946,1538.2113467995077],[1632.055109053268,1541.61833205726],[1632.9338899553986,1543.642440208234],[1633.7117038475699,1548.010200788267],[1633.4316559360595,1552.386255982332],[1631.5613466092618,1558.0800081295893],[1627.8513262038468,1563.9021718539298],[1622.0702454610728,1570.7630429770797],[1618.897096844099,1573.5984176369384],[1616.7867673808942,1574.5592597890645],[1613.3431984951603,1575.1833011433482],[1609.0650841634488,1574.9608715595677],[1601.8213411460747,1579.6961273718625],[1600.5301283507724,1581.370102182962],[1599.8612623022054,1583.5345092341304],[1605.4051537121413,1591.6585303358734],[1608.9771324764588,1599.1552346907556],[1612.1395040594507,1609.2835983615369],[1613.301407380437,1617.6514844680205],[1613.6060082034674,1639.6807092083618],[1612.035095678235,1657.4947800645605],[1607.7275513787754,1689.1762633658946],[1602.126950391801,1714.333549933508],[1603.1317560703028,1716.4579669656232],[1605.1653848105925,1717.6075568338856],[1606.3491100649117,1717.7551129786298],[1608.569170071045,1717.0722747314721],[1609.9959144705208,1714.8876642715186],[1611.1198970719706,1710.780456326902],[1626.303301646898,1653.2447731336579],[1640.5197139620432,1600.2388775618747],[1654.9571074091946,1544.378687409684],[1662.4923502132879,1516.1939508821815],[1664.4772751076962,1508.9786311406642],[1666.3412433461635,1502.7183318147436],[1668.2437393135624,1496.8136119078845],[1670.2962607892696,1490.8981839148328],[1646.220304527611,1487.2015248434618],[1643.2474191907677,1485.96055367589],[1641.1133732100134,1483.9553208434954],[1639.7144758723443,1481.5854602195323],[1638.3332851247978,1475.5275823259726],[1636.3842031725799,1472.2453510090709],[1633.0044366271468,1469.636940864846],[1627.1891848499072,1468.532829339616],[1624.9189154037158,1467.2826265078038],[1622.6847112365067,1464.3440088694915],[1622.0199499970186,1461.9872125275433],[1622.058112615603,1459.5100898891687],[1622.9330499944044,1457.046300334856],[1625.388754890184,1453.875761457719],[1627.445046128123,1452.4704332873225],[1629.585931285168,1451.90958648175],[1633.500867221912,1452.175497717224],[1638.179430103919,1453.2432643845677],[1641.128589366912,1454.5063871657476],[1643.547522965644,1456.2568796686828],[1647.011117248563,1454.0665910290554],[1650.8189314768533,1453.0547354230657],[1664.7619842014392,1452.5031204121187],[1678.8765827608295,1452.7518145218492],[1687.176085420826,1419.2925500553101],[1684.5668238339713,1417.8636836074293],[1678.7677965313778,1416.5818308042362],[1677.3938990960014,1416.6781442798674],[1675.812732202292,1417.5292920321226],[1671.8458955997485,1421.9177317917347],[1668.6601791353896,1423.5088818101212],[1667.275869266654,1433.4363055014983],[1665.0668359592091,1438.8292113775387],[1663.0546423895285,1441.456594120711],[1660.2787065697485,1443.3265559403226],[1657.9325023237034,1443.9090628195554],[1648.1812372631393,1444.5162859288976],[1641.0376371666207,1444.1862295623869],[1632.5699052588316,1443.052837737836],[1630.7322243051021,1442.4036495098844],[1627.7859227546724,1440.0630022743717],[1624.9889542842284,1435.001139640808],[1623.81089720811,1429.7325180936605],[1624.140554255806,1424.5123395305127],[1625.441137649701,1419.3280683122575],[1627.5009474401595,1413.6348193408921],[1630.199206055433,1408.3209623238072],[1633.414986270771,1404.3304097019136],[1635.3924688377883,1402.8804399594665],[1640.577847573324,1400.4059043005109],[1646.6932380247163,1398.51149714645],[1658.2875610509072,1396.5650369646028],[1662.3690532385372,1396.5536936447024],[1668.2563029078883,1397.3247697381303],[1673.4548086188734,1398.8160756351426],[1676.0329766143695,1400.0671165026724],[1677.6236561266705,1401.5710232313722],[1678.8695703357225,1405.0624551894143],[1679.142304216104,1409.362221552059],[1678.7524385870784,1413.4602654036134],[1685.032940173347,1414.776728647761],[1688.3092184568522,1414.7521449606866],[1692.338604185963,1398.766474851407],[1694.1449973424897,1393.3947209250182],[1695.3435552738956,1390.9651311095804],[1697.8785031513544,1387.7059625536203],[1700.6310575821553,1385.7359769130126],[1705.0175020324532,1383.870334289968],[1703.9740927732782,1378.4576456416398],[1700.9105610519182,1378.627201711759],[1695.7728877972695,1378.002508983016],[1687.4993175385753,1375.0810744650662],[1683.2310407796758,1374.081018473953],[1644.0767443256336,1373.0991022679955],[1642.1917366233538,1372.4275677064434],[1641.2472069220967,1371.3697345014662],[1640.6225932274829,1365.7915416872129],[1613.5040379361599,1366.086018441245],[1613.1764714571182,1331.8927969112992],[1640.7138478068518,1331.4994548913091],[1642.927450584597,1327.3618283495307],[1644.440747958084,1322.3558657430112],[1645.1292298894841,1312.8376059131697],[1644.8736178523977,1305.060887536034],[1643.4401751248515,1294.8926799017936],[1642.0872135439422,1290.0790443569422],[1635.6884152107523,1279.7643230529502],[1635.128248761699,1276.6635264875367],[1635.9890221832902,1273.5998358381912],[1636.979394385242,1272.2694356059656],[1639.8510782591766,1270.0442426167428],[1643.5657138168463,1268.4878118550405],[1647.7361983156297,1267.6990918843076],[1674.9677406665287,1266.6385639552027],[1678.3694011945045,1266.9920023689047],[1681.1526443773182,1268.3324606791139],[1684.002196245303,1271.450477170758],[1685.0035186694004,1274.896822466515],[1684.4413056154153,1281.4494116008282],[1682.4204024067149,1287.3204833678901],[1679.4579304154613,1291.0228624530137],[1675.4498961772188,1293.0672696232796],[1670.8221015938325,1293.643688539043],[1664.1765217406792,1293.0038934461772],[1660.6785707607633,1293.2389631047845],[1657.5264133829041,1294.0637129023671],[1655.1305092815892,1295.5014527449384],[1653.9249420001288,1297.5977722937241],[1653.336006215657,1302.339587058872],[1653.1813276048051,1310.0263441642746],[1653.745205592597,1314.6934686675668],[1655.0066184974858,1315.3411283772439],[1657.4845913544996,1315.6920958645642],[1672.374016666552,1315.6206877790391],[1693.188420602528,1314.0432451013476],[1695.480748185073,1312.9607189670205],[1694.0210668321815,1291.950410457328],[1693.3367968385573,1258.4560778178275],[1619.0208261167863,1259.7133713196963],[1610.7844621795812,1260.5468513751402],[1606.060115237895,1261.8006867459044],[1601.996765148826,1263.867210089229],[1598.7353068736265,1267.2022477593273],[1596.6994258374907,1272.7955906596035],[1593.0319973746082,1289.2932741036639],[1591.8493077500025,1291.7007074160501],[1590.3052661642432,1293.4295560829341],[1588.2258085565409,1294.6237707147375],[1582.497848655621,1296.2637628652155],[1571.8298892454477,1297.1352791944519],[1561.6554863810888,1296.464021707885],[1530.953280748974,1290.4840940870345],[1527.802083248098,1287.965214238502],[1525.7829220622662,1284.2718137996271],[1524.664711447258,1280.2142105270177],[1524.1284421454184,1274.0252896277234],[1523.2525543113006,1270.879234271124],[1521.151092675922,1268.4520010575652],[1517.634028240922,1266.9541530180722],[1502.0262009332073,1266.9795905780047],[1470.087016186677,1268.9726827293634],[1457.7890533572645,1271.2397816935554],[1438.9632323521073,1276.12247924041],[1435.3543769958196,1276.5017923759297],[1430.7530504396418,1276.0231349933892],[1425.32789761998,1273.5983072761446],[1422.7945311057847,1270.281281877309],[1421.7345366069349,1268.078989979811],[1420.3424841960077,1263.0542358523235],[1420.136244636844,1260.4209505282342],[1421.0415259146248,1255.4022309193388],[1422.2788657550118,1253.205973913893],[1422.092061207164,1243.1743969805539],[1345.9661991857574,1281.3884898014367],[1239.8815847284277,1283.0115259001032],[1041.4924768417259,1598.3949842844158],[993.5789995476953,1627.4100557435304]]]}},{"type":"Feature","id":"way/1344637123","properties":{"natural":"wood","osm_type":"way","osm_id":1344637123},"geometry":{"type":"Polygon","coordinates":[[[1422.092061207164,1243.1743969805539],[1431.2894207385834,1216.1268513984978],[1429.8590538480785,1216.667414592579],[1421.8571955078514,1218.3793350476772],[1412.523766845523,1219.087993470952],[1349.079211176606,1211.0012942021713],[1343.001148194482,1210.6632500393316],[1339.1000425843522,1211.0862879063934],[1335.2892030222574,1213.2202917020768],[1331.7906701671309,1216.6881482861936],[1328.8510086283204,1220.7906581237912],[1326.7008173360955,1224.895231358707],[1324.204808557639,1234.4532352993265],[1323.1344631981337,1248.2917825607583],[1322.3447719405522,1251.400134447962],[1321.1623804451083,1253.7298575052992],[1345.9661991857574,1281.3884898014367],[1422.092061207164,1243.1743969805539]]]}},{"type":"Feature","id":"way/1344637124","properties":{"natural":"wood","osm_type":"way","osm_id":1344637124},"geometry":{"type":"Polygon","coordinates":[[[1321.1623804451083,1253.7298575052992],[1319.3977306470042,1255.313782889396],[1316.9234643899836,1256.5514889946207],[1310.02774564852,1257.9553950484842],[1299.8513723205542,1258.0066090468317],[1272.9812534923549,1256.7146442718804],[1270.0465637600864,1255.8960747160017],[1267.5719301756471,1254.2455573230982],[1265.6509602172882,1252.1965714134276],[1263.9848720473237,1249.281776893884],[1263.5359665107098,1239.7605204675347],[1263.0672596296645,1189.303946199827],[1263.997836587485,1098.6711424738169],[1260.8251303462894,1098.2740858923644],[1253.177446658141,1097.3321788283065],[1252.2797833479126,1196.618683767505],[1248.0850400361815,1221.924323072657],[1246.6685145616648,1238.4058337723836],[1244.6372757078498,1245.3656591540202],[1242.780835964193,1248.8600497581065],[1240.8642433434725,1251.1989880092442],[1239.9624656137894,1251.885379197076],[1239.8815847284277,1283.0115259001032],[1345.9661991857574,1281.3884898014367],[1321.1623804451083,1253.7298575052992]]]}},{"type":"Feature","id":"way/1344637233","properties":{"landuse":"religious","osm_type":"way","osm_id":1344637233},"geometry":{"type":"Polygon","coordinates":[[[1483.6028470145538,1203.0341914882883],[1590.1194514887757,1202.7826900742948],[1589.673403120425,1201.2929511591792],[1589.392995818518,1199.859194832854],[1589.0917923620436,1197.3367382744327],[1589.0254847306642,1195.5480740284547],[1589.050802788639,1126.4858344905078],[1589.0114851095132,1117.4988550599664],[1588.9082691433723,1111.766532406211],[1588.772586834617,1109.3444929318503],[1588.6641223172192,1108.5666016824543],[1588.257540930179,1107.0769678223878],[1587.637563672557,1105.6756369024515],[1586.8672605488682,1104.3961021453142],[1585.978122383298,1103.2717729918659],[1584.9937452455633,1102.336037938483],[1583.7170827969676,1101.466179621406],[1582.2109989366727,1100.7734511252493],[1581.3984806388617,1100.5269068954512],[1580.5778612777358,1100.3581016371027],[1579.7411871585064,1100.2892315117642],[1578.912113325554,1100.3314678603783],[1578.1063705592533,1100.5070696258917],[1570.8062884638202,1102.4761635670438],[1522.5280705748592,1114.8344987528399],[1512.9851952424506,1117.064339227043],[1500.5604037382873,1119.4087825734168],[1488.6508922232897,1120.9547881269827],[1480.2170566730783,1121.7656986732036],[1470.4027175630326,1122.1619644761086],[1461.3392623729887,1122.2269636560231],[1456.9500504898024,1122.1043224986643],[1445.8441235939972,1121.2974952450022],[1437.5171906744945,1120.4868845706806],[1430.1850874458905,1119.6455732621253],[1373.5187316846568,1112.520688066259],[1263.997836587485,1098.6711424738169],[1260.8251303462894,1098.2740858923644],[1259.5937617087038,1274.198098089546],[1351.9217074734042,1274.2278963811696],[1483.6028470145538,1203.0341914882883]]]}},{"type":"Feature","id":"way/1344637239","properties":{"natural":"grassland","osm_type":"way","osm_id":1344637239},"geometry":{"type":"Polygon","coordinates":[[[1507.5468519718852,1164.4504669103771],[1508.132128811325,1170.0285403924063],[1507.83677339321,1174.249036964029],[1506.279089769756,1181.1433788677678],[1504.3561639997642,1185.8372498592362],[1501.5914391154074,1189.4180374359712],[1499.8676075442345,1190.4688071459532],[1509.3751779872691,1186.6169953979552],[1513.073541471851,1185.2492927201092],[1521.3704177969485,1182.4607290802523],[1529.7693747929297,1179.8835098473355],[1536.951023319678,1177.8807303505018],[1539.6686006641248,1177.2102923206985],[1543.301819755463,1176.5978210559115],[1547.9127214318723,1176.4656099556014],[1553.3831779331667,1176.7022621845827],[1558.8368444131338,1177.3165677916259],[1563.4052415123442,1178.3284434145316],[1566.748542601068,1179.8702902821824],[1568.8137217300828,1181.0977106457576],[1573.7868101521744,1184.3101733652875],[1579.295143535186,1188.1239247433841],[1582.0293942513526,1190.0974011542276],[1586.9772821806837,1193.8763471813872],[1589.0254847306642,1195.5480740284547],[1589.050802788639,1126.4858344905078],[1585.1002862332389,1127.6528694843873],[1583.0290538048139,1128.702695498243],[1578.9873087733286,1131.5246769944206],[1575.5201192910317,1135.0147013338283],[1573.1336046725628,1138.851958940737],[1571.4278437580797,1144.990506269969],[1569.9632853689836,1149.4856171645224],[1568.175573935383,1153.7799169700593],[1566.1529353844235,1157.3515344420448],[1563.9757293454604,1159.667468787171],[1561.311669320683,1160.9934470020235],[1557.8274984493619,1161.9617786910385],[1553.5942103925627,1162.5948703791946],[1545.9589068291243,1162.9856806062162],[1536.793699016096,1162.7392620937899],[1526.6826189089916,1161.9238168140873],[1517.9222125316155,1160.8564572464675],[1512.5883283175062,1159.7203976809978],[1509.9001798616955,1158.2136350264773],[1507.4976782148588,1156.1633051903918],[1504.035746333073,1151.6996087925509],[1507.5468519718852,1164.4504669103771]]]}},{"type":"Feature","id":"way/1344637240","properties":{"natural":"wood","osm_type":"way","osm_id":1344637240},"geometry":{"type":"Polygon","coordinates":[[[1422.092061207164,1243.1743969805539],[1422.2788657550118,1253.205973913893],[1424.2426877903636,1250.9449740173295],[1429.939786099887,1246.027715719305],[1440.6246367419371,1238.757440648973],[1450.1753728035837,1233.4615339087322],[1457.5322268547607,1230.8481524512172],[1472.7151841107407,1227.3111618114635],[1487.0016962360824,1225.4270278746262],[1528.1304509624606,1214.5158628281206],[1545.1852319838945,1210.7173849195242],[1564.1381214748253,1208.634708167985],[1581.3417316479026,1208.2692851964384],[1586.3247224856168,1207.7381780911237],[1588.8082514575217,1206.0118208779022],[1590.1194514887757,1202.7826900742948],[1589.673403120425,1201.2929511591792],[1589.392995818518,1199.859194832854],[1589.0917923620436,1197.3367382744327],[1589.0254847306642,1195.5480740284547],[1586.9772821806837,1193.8763471813872],[1582.0293942513526,1190.0974011542276],[1579.295143535186,1188.1239247433841],[1573.7868101521744,1184.3101733652875],[1568.8137217300828,1181.0977106457576],[1566.748542601068,1179.8702902821824],[1563.4052415123442,1178.3284434145316],[1558.8368444131338,1177.3165677916259],[1553.3831779331667,1176.7022621845827],[1547.9127214318723,1176.4656099556014],[1543.301819755463,1176.5978210559115],[1539.6686006641248,1177.2102923206985],[1536.951023319678,1177.8807303505018],[1529.7693747929297,1179.8835098473355],[1521.3704177969485,1182.4607290802523],[1513.073541471851,1185.2492927201092],[1509.3751779872691,1186.6169953979552],[1499.8676075442345,1190.4688071459532],[1459.742454463616,1203.9711048472673],[1431.2894207385834,1216.1268513984978],[1422.092061207164,1243.1743969805539]]]}},{"type":"Feature","id":"way/1344637241","properties":{"landuse":"residential","osm_type":"way","osm_id":1344637241},"geometry":{"type":"Polygon","coordinates":[[[1001.3846423083451,2093.3926228228956],[1001.4689669338404,2060.477958046831],[1012.4804729149328,2060.5506125316024],[1012.4989837514586,2053.330048430711],[1212.364933703444,2054.2676760414615],[1325.3913909795228,2067.6479304861277],[1336.2408398245461,2129.706911562942],[1357.9062100004562,2165.0],[1434.019513670845,2165.0],[1461.7954661368276,2133.1023544166237],[1490.1892927703448,2099.984589928761],[1492.1927013943205,2097.5904098469764],[1496.2637273218716,2092.40231004823],[1505.613694253494,2078.974432320334],[1508.5310127905104,2074.2609653836116],[1509.776120427996,2072.0647436175495],[1510.990094560082,2069.7018102901056],[1513.3081802963861,2064.731264068745],[1515.3578859484405,2059.760009606369],[1517.687600250414,2053.3786987513304],[1522.3767722378834,2038.3277790043503],[1526.1590377821121,2025.9405381372198],[1537.2073113983497,1988.2670428967103],[1551.1668689750368,1936.3155696801841],[1557.8026735283784,1910.5944331800565],[1566.0199700255762,1877.9123807149008],[1572.648911898199,1851.8468754785135],[1575.998513002065,1838.969739756547],[1580.8292132190545,1821.2642780374736],[1600.374755118799,1749.8987395158038],[1609.9959144705208,1714.8876642715186],[1611.1198970719706,1710.780456326902],[1626.303301646898,1653.2447731336579],[1640.5197139620432,1600.2388775618747],[1654.9571074091946,1544.378687409684],[1662.4923502132879,1516.1939508821815],[1664.4772751076962,1508.9786311406642],[1666.3412433461635,1502.7183318147436],[1668.2437393135624,1496.8136119078845],[1670.2962607892696,1490.8981839148328],[1672.3605763884843,1486.482452986762],[1676.2536144127953,1480.1498064221814],[1687.0973828057759,1466.537336920388],[1690.6601070290199,1462.7032592389733],[1695.4807107200031,1457.8727650409564],[1699.0184267714503,1454.538513539359],[1702.4685071754502,1451.5039629042149],[1704.0666449450655,1450.2085218895227],[1710.9566087379935,1445.0058736940846],[1712.6103074868442,1443.5994969885796],[1715.4213100733468,1440.4299419289455],[1716.4525409169146,1438.5775573384017],[1717.246762031049,1436.7911911271513],[1717.5728379426291,1435.8922638567165],[1718.0829797746264,1434.0607038531452],[1718.443484447198,1432.0954403234646],[1718.6544112398406,1429.9742561448365],[1718.6441460280912,1427.9080237988383],[1718.3046315289102,1424.9744382584468],[1717.5404213718139,1421.4398515243083],[1714.351442003448,1409.4784436961636],[1712.8752457358642,1403.542491124943],[1710.0363948399317,1390.5378105631098],[1707.6669867155142,1379.1118108304217],[1707.441341050202,1377.8781503485516],[1702.0680470648222,1344.282417695038],[1698.2593260934227,1307.1694344291463],[1697.5521457226714,1294.092693388462],[1696.9987205630168,1276.6506733214483],[1696.9142709130538,1269.8408603807911],[1696.936805065372,1258.443470871076],[1698.6283500895952,1216.26853823103],[1698.8917158465483,1176.7669736379758],[1697.0246276001562,1154.578067225404],[1696.7304724992719,1125.77262189053],[1695.8361724151764,1102.9309060731903],[1695.2834096109727,1100.0189713919535],[1693.6028132322244,1096.6818986684084],[1691.4853016952984,1094.354544987902],[1688.5927021370735,1092.5472290096804],[1685.0115613979287,1091.371268890798],[1668.3652420428116,1089.8716519251466],[1650.6907825501403,1089.046966733411],[1630.3347116977675,1090.192533299327],[1625.027819491399,1090.7671799939126],[1618.4964029768598,1091.649618288502],[1612.5175377951819,1092.5668569207191],[1606.862037792278,1093.60715468321],[1603.2282935430412,1094.3973266631365],[1578.1063705592533,1100.5070696258917],[1570.8062884638202,1102.4761635670438],[1522.5280705748592,1114.8344987528399],[1512.9851952424506,1117.064339227043],[1500.5604037382873,1119.4087825734168],[1488.6508922232897,1120.9547881269827],[1480.2170566730783,1121.7656986732036],[1470.4027175630326,1122.1619644761086],[1461.3392623729887,1122.2269636560231],[1456.9500504898024,1122.1043224986643],[1445.8441235939972,1121.2974952450022],[1437.5171906744945,1120.4868845706806],[1430.1850874458905,1119.6455732621253],[1373.5187316846568,1112.520688066259],[1263.997836587485,1098.6711424738169],[1260.8251303462894,1098.2740858923644],[1253.177446658141,1097.3321788283065],[1215.476333426719,1092.4353281343356],[1213.2586072589038,1092.1518591130152],[1195.2326634381898,1089.8500724593177],[1136.8455791621818,1082.3895659381524],[1135.6380415339372,1082.2420358648524],[1061.5220408356981,1072.5421168040484],[1053.5508377056103,1071.5107478098944],[1051.112155667448,1071.1823328398168],[1037.720320503402,1068.9151132367551],[1027.8721278291196,1067.1013555973768],[1019.4604525048635,1065.424599468708],[1013.6294248400372,1064.1321610389277],[1007.6252201435855,1062.6393291549757],[1004.6035361000686,1061.8317677844316],[995.7284681902383,1059.2096235658973],[987.2721055019647,1056.4774769414216],[980.1177933013532,1053.9819526560605],[971.1342209817376,1050.5597448274493],[909.8924746092525,1026.0645072814077],[885.4668015830102,1016.2267666822299],[848.2090194635093,1001.2243706518784],[842.2938162136707,998.8432310912758],[824.3983450125088,991.6328140180558],[818.108775795321,1006.1358399400488],[817.9385974658071,1032.807189210318],[815.0803624040564,1032.9110376620665],[815.5814551116782,1040.7994220033288],[816.3371704450692,1051.021260120906],[816.6604474475025,1057.4206402674317],[817.7882041441044,1057.9011665396392],[815.8763111078297,1367.0713410591707],[1042.8774399412796,1369.5497912270948],[1040.3659730541985,1597.4700758606195],[751.9415150214336,1594.3143270751461],[754.4436463819584,1366.0273747732863],[802.685858190991,1366.5491720596328],[803.796674764948,1308.1873005051166],[807.3161927654874,1305.6523339003325],[808.6789856142132,1260.0437988713384],[810.0513348872773,1207.5479493029416],[805.699845582305,1208.1368009159341],[809.6260027496028,1001.3043340127915],[815.0680125108338,987.8989065522328],[804.5545776408399,983.7065659081563],[793.2444959481945,979.2122956681997],[774.4329298584489,972.0663542607799],[761.1004863729468,968.0447039911523],[746.6768099485198,964.69795549009],[737.3569769678288,963.0303899617866],[729.6463737494778,961.900104181841],[724.9503388513112,961.2995220227167],[721.2957984121749,960.9570630481467],[714.973030968511,960.4968053810298],[708.2788907997892,960.1578145669773],[704.9632467752672,960.0494981743395],[696.6185223276261,959.9174325512722],[661.8968046979862,959.6525174221024],[636.2152101232205,959.2660088390112],[626.063670682488,958.6740580182523],[617.8078720472986,957.7091717952862],[610.7212797901011,956.4472867082804],[606.0580872975406,955.3358777975664],[601.3874145421432,954.0578244458884],[591.7784934150404,951.1566929165274],[578.2589356193203,946.1240732464939],[570.9249185450026,942.7620877511799],[561.4565776513773,937.2952636787668],[556.1437224436086,933.9161157654598],[551.0361322949175,930.5374835552648],[547.844124311523,928.3300293469802],[544.8653629284236,926.0897818468511],[541.9105887395563,923.727400759235],[535.1982274721377,918.0008702930063],[493.07386479648994,954.6323631834239],[484.5193642411614,1354.1546106180176],[361.0888095393311,1353.8496099906042],[202.9414423184353,1355.384088249877],[201.3277896324871,961.3466401407495],[0.0,962.8484653877563],[0.0,2165.0],[964.4715764082582,2165.0],[1001.3846423083451,2093.3926228228956]]]}},{"type":"Feature","id":"way/1344637242","properties":{"natural":"wood","osm_type":"way","osm_id":1344637242},"geometry":{"type":"Polygon","coordinates":[[[1589.0114851095132,1117.4988550599664],[1588.9082691433723,1111.766532406211],[1588.772586834617,1109.3444929318503],[1588.6641223172192,1108.5666016824543],[1588.257540930179,1107.0769678223878],[1587.637563672557,1105.6756369024515],[1586.8672605488682,1104.3961021453142],[1585.978122383298,1103.2717729918659],[1584.9937452455633,1102.336037938483],[1583.7170827969676,1101.466179621406],[1582.2109989366727,1100.7734511252493],[1581.3984806388617,1100.5269068954512],[1580.5778612777358,1100.3581016371027],[1579.7411871585064,1100.2892315117642],[1578.912113325554,1100.3314678603783],[1578.1063705592533,1100.5070696258917],[1570.8062884638202,1102.4761635670438],[1522.5280705748592,1114.8344987528399],[1512.9851952424506,1117.064339227043],[1500.5604037382873,1119.4087825734168],[1488.6508922232897,1120.9547881269827],[1480.2170566730783,1121.7656986732036],[1470.4027175630326,1122.1619644761086],[1461.3392623729887,1122.2269636560231],[1456.9500504898024,1122.1043224986643],[1445.8441235939972,1121.2974952450022],[1437.5171906744945,1120.4868845706806],[1430.1850874458905,1119.6455732621253],[1373.5187316846568,1112.520688066259],[1374.070446473721,1115.8880449486896],[1376.705222568533,1119.7052033795044],[1379.2115469828714,1121.3225196152925],[1384.2996122777695,1122.891059706919],[1394.116071022232,1124.6941744135693],[1420.357373405015,1128.1400648392737],[1453.5470209795167,1134.2370883319527],[1491.902950129006,1139.148178071715],[1493.8035972751095,1139.9085779534653],[1497.247251505265,1142.3282340960577],[1500.1050196061842,1145.379537364468],[1503.0068110121647,1149.697340994142],[1504.035746333073,1151.6996087925509],[1507.4976782148588,1156.1633051903918],[1509.9001798616955,1158.2136350264773],[1512.5883283175062,1159.7203976809978],[1517.9222125316155,1160.8564572464675],[1526.6826189089916,1161.9238168140873],[1536.793699016096,1162.7392620937899],[1545.9589068291243,1162.9856806062162],[1553.5942103925627,1162.5948703791946],[1557.8274984493619,1161.9617786910385],[1561.311669320683,1160.9934470020235],[1563.9757293454604,1159.667468787171],[1566.1529353844235,1157.3515344420448],[1568.175573935383,1153.7799169700593],[1569.9632853689836,1149.4856171645224],[1571.4278437580797,1144.990506269969],[1573.1336046725628,1138.851958940737],[1575.5201192910317,1135.0147013338283],[1578.9873087733286,1131.5246769944206],[1583.0290538048139,1128.702695498243],[1585.1002862332389,1127.6528694843873],[1589.050802788639,1126.4858344905078],[1589.0114851095132,1117.4988550599664]]]}},{"type":"Feature","id":"way/1344637248","properties":{"natural":"wood","osm_type":"way","osm_id":1344637248},"geometry":{"type":"Polygon","coordinates":[[[1625.027819491399,1090.7671799939126],[1618.4964029768598,1091.649618288502],[1612.5175377951819,1092.5668569207191],[1606.862037792278,1093.60715468321],[1603.2282935430412,1094.3973266631365],[1599.5073237841134,1095.3316812412813],[1596.660852718458,1096.9570933878422],[1594.9072234713822,1100.2961345473304],[1595.9577700347872,1111.9963011685759],[1596.092097876186,1126.826667945832],[1609.9773162811762,1127.5078338310122],[1621.2039675072883,1127.4376854309812],[1625.8725030818605,1126.4281022623181],[1629.2321298971074,1124.8040675707161],[1630.7612303468632,1122.7752559380606],[1632.1925446671667,1118.924370545894],[1632.4315979783423,1115.1258575320244],[1631.4487606088514,1098.7713519968092],[1630.3347116977675,1090.192533299327],[1625.027819491399,1090.7671799939126]]]}},{"type":"Feature","id":"way/1344666212","properties":{"natural":"wood","osm_type":"way","osm_id":1344666212},"geometry":{"type":"Polygon","coordinates":[[[1613.1764714571182,1331.8927969112992],[1613.5040379361599,1366.086018441245],[1640.6225932274829,1365.7915416872129],[1639.3083807781222,1364.2217282084748],[1636.3579086572863,1363.4362741196528],[1616.4965688462253,1362.9280113764107],[1615.6538059587474,1362.1926025860012],[1615.2306614491972,1361.0028551956639],[1614.9253461995977,1354.0924783824012],[1615.3285479969927,1339.0191441047937],[1615.7078555969638,1335.9097367217764],[1616.2383535252884,1335.322389204055],[1618.8460283023305,1334.3961944598705],[1622.7870529361535,1333.784586600028],[1637.5989973978722,1333.1463520349935],[1640.294048145588,1332.020443206653],[1640.7138478068518,1331.4994548913091],[1613.1764714571182,1331.8927969112992]]]}},{"type":"Feature","id":"way/1344666213","properties":{"amenity":"grave_yard","landuse":"cemetery","name":"St. Paulus Cemetery","osm_type":"way","osm_id":1344666213},"geometry":{"type":"Polygon","coordinates":[[[1614.3744336002856,1332.651366318576],[1614.3219225837965,1364.29970265273],[1638.7238630648353,1364.3423677859828],[1638.7764946126263,1332.6940313298255],[1614.3744336002856,1332.651366318576]]]}},{"type":"Feature","id":"way/1344666214","properties":{"landuse":"grass","osm_type":"way","osm_id":1344666214},"geometry":{"type":"Polygon","coordinates":[[[1715.4213100733468,1440.4299419289455],[1716.4525409169146,1438.5775573384017],[1717.246762031049,1436.7911911271513],[1717.5728379426291,1435.8922638567165],[1718.0829797746264,1434.0607038531452],[1718.443484447198,1432.0954403234646],[1718.6544112398406,1429.9742561448365],[1718.6441460280912,1427.9080237988383],[1718.3046315289102,1424.9744382584468],[1717.5404213718139,1421.4398515243083],[1714.351442003448,1409.4784436961636],[1712.8752457358642,1403.542491124943],[1710.0363948399317,1390.5378105631098],[1709.8248471465777,1389.937379420735],[1709.2741639633896,1389.2138472581282],[1708.7934326984105,1388.901521263644],[1708.5252286692266,1388.823044296354],[1707.964751387888,1388.8104382539168],[1711.755954416527,1405.8500946443528],[1713.528785011149,1413.0421147150919],[1716.2570113859256,1423.1249324101955],[1716.6925664602895,1425.5699948966503],[1716.899509762763,1427.8922514142469],[1716.909597373975,1430.0251350495964],[1716.7782685303828,1431.902142223902],[1716.5054639569717,1433.5454900367185],[1715.9478967118775,1435.3991406559944],[1714.7640590830706,1438.228676759638],[1713.8280365028186,1439.9035780122504],[1715.4213100733468,1440.4299419289455]]]}},{"type":"Feature","id":"way/1344666215","properties":{"landuse":"grass","osm_type":"way","osm_id":1344666215},"geometry":{"type":"Polygon","coordinates":[[[1705.294315665844,1389.5920169502497],[1703.2944648472476,1390.542017207481],[1702.1952655330533,1391.2389249866828],[1701.6967871229863,1391.6597215551883],[1700.873360286816,1392.5573213603348],[1700.1203608539654,1393.6883905231953],[1699.1757886647829,1395.6076607918367],[1698.6830102633103,1396.8505112687126],[1697.6477738262038,1400.202552662231],[1695.5336503742146,1408.4728359933943],[1686.3247920923168,1445.4288808386773],[1683.7308109904989,1456.0307001229376],[1682.947856149869,1459.51672072988],[1682.7868569353013,1460.682697236538],[1682.8235431173816,1461.7270062100142],[1683.0263074724935,1462.6606719568372],[1683.379361198109,1463.4836523756385],[1683.8510674938443,1464.2180803408846],[1684.41780250374,1464.841675591655],[1685.0478998341714,1465.387679548934],[1685.725600393198,1465.8449415555224],[1687.0973828057759,1466.537336920388],[1690.6601070290199,1462.7032592389733],[1695.4807107200031,1457.8727650409564],[1699.0184267714503,1454.538513539359],[1702.4685071754502,1451.5039629042149],[1704.0666449450655,1450.2085218895227],[1710.9566087379935,1445.0058736940846],[1712.6103074868442,1443.5994969885796],[1711.9843069246854,1441.5205105254427],[1710.9210861232132,1440.5734359277412],[1712.2912999833934,1438.8996945498511],[1713.1162365793134,1437.4355601454154],[1714.2206248264993,1434.794658087194],[1714.7145019228337,1433.1407924098894],[1714.9552236674353,1431.6862054597586],[1715.0782418964664,1429.9646968375891],[1715.067767697852,1427.976224345155],[1714.8761969079496,1425.8095297757536],[1714.4639087697724,1423.520050398074],[1711.7592146269744,1413.4928394956514],[1709.970682337298,1406.2674520825967],[1706.195145050995,1389.2722731214017],[1705.294315665844,1389.5920169502497]]]}},{"type":"Feature","id":"way/1344666216","properties":{"natural":"wood","osm_type":"way","osm_id":1344666216},"geometry":{"type":"Polygon","coordinates":[[[1000.6510806674487,2053.1219476647675],[997.3472699388512,2054.7797798393294],[989.7552240780205,2057.2042383681983],[977.5470555647626,2058.9725946532562],[970.142427224433,2059.1091774618253],[961.5085213080165,2058.409479625523],[954.6124057029374,2057.247669974342],[950.7796723254723,2055.8381923390552],[945.9818620964652,2052.1378745650873],[943.3709557534312,2048.298730634153],[941.3385797319352,2043.5612652692944],[939.5513175087981,2035.569596956484],[939.5362477936433,2022.9168266160414],[938.2679324101191,2018.8145045731217],[934.775436954922,2013.9844464557245],[930.3310738750151,2010.9626691993326],[924.848241559579,2009.660084865056],[918.0756196688744,2009.576167090796],[905.8836776418029,2011.144746166654],[899.5921766144456,2011.2175941737369],[886.4287719054846,2009.8954928787425],[881.7342826918466,2008.994861740619],[878.0907556178863,2007.6636695386842],[873.0867557795136,2004.3072503432631],[870.8438825519988,2001.6132610533386],[869.1004283258808,1998.0873943595216],[868.2739133653813,1994.0639697238803],[868.4023399571306,1990.1207321500406],[870.3684629976051,1983.682722741738],[872.4194044253672,1981.1440588878468],[877.1495572436834,1980.4451309116557],[885.7905099001364,1981.5224257539958],[898.8313816255541,1984.4882907988504],[933.2397304868791,1987.8308098586276],[945.700167200237,1986.2407508790493],[975.4072685636929,1985.1391513431445],[991.8076592221623,1983.1815672414377],[996.4760682099732,1981.9382462725043],[999.9299824293121,1980.2474722573534],[1024.1414876156487,1961.2915607756004],[1054.0205276131746,1942.4836073713377],[1063.1012496886542,1938.318997331895],[1069.8943913765252,1936.592413882725],[1076.0376159984153,1935.8861591657624],[1083.9075797253172,1935.96196011547],[1103.2901129547972,1937.8003829568624],[1123.1404040936613,1938.8513587992638],[1163.284954410803,1937.1554913837463],[1182.4972518641734,1937.6606776881963],[1238.6302755377837,1949.8369617937133],[1250.6870758212754,1951.7456659032032],[1285.757084482757,1955.636122111231],[1287.8642672038404,1952.786695310846],[1290.959273712535,1949.5177163137123],[1294.9391104627866,1945.9733302174136],[1299.716629124654,1942.2755063176155],[1305.2045940000098,1938.5795396491885],[1264.4952869687695,1835.763033842668],[1256.8440053725499,1836.542945228517],[1249.0645743910572,1838.0334849152714],[1241.1489006874035,1840.3123927470297],[1233.1283032019855,1843.4797282647341],[1225.2504673016374,1846.3919459814206],[1217.7867251966964,1847.9166692150757],[1210.8076556882006,1848.2318177446723],[1204.3523209057166,1847.493012146093],[1198.4755431513186,1845.8670224482194],[1193.2321170895593,1843.5317271826789],[1188.6690309324767,1840.6316587543115],[1184.8410813526134,1837.3446957515553],[1181.8030946301296,1833.837608315982],[1179.5941673773923,1830.2549087647349],[1177.7414133450948,1826.3065474051982],[1175.7641659908695,1821.658020593226],[1173.7250007553375,1816.531663053669],[1171.694502476952,1811.10539563559],[1169.7194883557386,1805.59040347673],[1167.8784380861907,1800.1646276852116],[1166.2339864179958,1795.0281855436042],[1164.848739736597,1790.3923028297722],[1163.7774681982119,1786.4459677580744],[1163.0986527123605,1783.3671212494373],[1162.6709496476105,1780.866573156789],[1162.3377441458288,1778.4551385883242],[1162.0991225356702,1776.099491858855],[1161.9551998664392,1773.7551987357438],[1161.9140139073716,1771.3667368590832],[1161.9677857175702,1768.8896515863016],[1162.1323896090034,1766.2906580930576],[1162.4079694005195,1763.5142136160284],[1162.78671746474,1760.5269720861688],[1163.2845656796126,1757.273431589827],[1160.3611322466168,1749.134353030473],[1158.171273709915,1735.1095997262746],[1155.1787876328453,1726.1927413241938],[1151.0091883619316,1717.617209052667],[1144.7443485126132,1707.2588847316802],[1139.4306005420513,1701.5353214312345],[1128.3478283933364,1710.482473930344],[1130.3488343924982,1718.1859190342948],[1137.5436668166076,1732.1902615437284],[1141.0715622353018,1741.652817667462],[1141.7997963110683,1746.9979495191947],[1141.2428276741412,1754.8058767123148],[1139.1435169736505,1763.776225797832],[1136.0828093774617,1772.0997921107337],[1132.2405196049367,1780.4546676715836],[1121.8322496126639,1800.3344649262726],[1127.2158291348605,1806.5025403182954],[1136.6722161148791,1815.9137496920303],[1145.800676269806,1823.9133298089728],[1156.4132560907165,1831.8834348935634],[1161.4991346869501,1837.1509708082303],[1164.219075511326,1841.545916205272],[1166.2103019708302,1846.8943195017055],[1167.171639874985,1853.6619632132351],[1167.1300899565103,1857.516550653614],[1165.8067894967971,1865.5557755203918],[1164.4467341593117,1869.4958207188174],[1162.566231365956,1873.2234558593482],[1160.1261285954388,1876.6163851777092],[1157.0951956575154,1879.5412249658257],[1153.4184629344381,1881.8867476191372],[1145.3814271983574,1885.3429746218026],[1133.7531017155852,1888.6344156134874],[1120.6998724897276,1890.42253549397],[1112.7195683992468,1890.2575360052288],[1106.4076431996073,1889.0193103663623],[1099.8375661341706,1886.8695179289207],[1090.8590049055056,1881.9808050440624],[1088.4250677713426,1879.9305483102798],[1084.0495255458518,1874.6982249030843],[1078.2574224447017,1864.7077647326514],[1073.0093166479492,1851.908226265572],[1071.8053748161183,1847.3505904302],[1071.03985399066,1841.1388968713582],[1071.4991169475834,1834.4526832289994],[1072.2387953436119,1832.2995120380074],[1074.163876813429,1829.6383939897642],[1076.4733035776298,1827.9336077515036],[1080.0368074138532,1826.6430694945157],[1088.555751820968,1826.1206799419597],[1089.7239977110294,1823.0799240972847],[1093.2100884066895,1818.1344545995817],[1104.8053698294098,1806.2669925652444],[1109.2330270034727,1803.5456849895418],[1115.457787431602,1801.8843356398866],[1118.6293959483737,1799.5152708394453],[1126.4419888934353,1785.1830826597288],[1133.2517928039306,1770.9594009183347],[1137.611844229512,1757.751392471604],[1138.7060031174333,1749.7893317295238],[1138.3591476112488,1743.4898432418704],[1134.7381559574278,1733.393856354989],[1131.0237216507085,1725.8526150025427],[1127.4631452336907,1719.866981042549],[1122.7946128382464,1714.9560268288478],[1063.4895025911392,1762.7703161165118],[1050.7644786999444,1771.9133353047073],[1041.5070379606332,1777.177263318561],[1029.3609299659147,1782.2338362783194],[1019.7145209423616,1785.2750719115138],[1006.7371505772462,1788.1966992542148],[1006.4349685023772,1792.139488001354],[1006.7666093313601,1795.1841020323336],[1008.2904163783533,1801.2422095742077],[1011.715870743501,1810.6933235544711],[1013.0352528434014,1816.4287581760436],[1020.2324134244118,1817.2692508250475],[1031.7972232028842,1820.2982507441193],[1041.3161258772598,1823.8552317218855],[1047.7164623806602,1827.5819528196007],[1053.2615079281968,1832.3729108143598],[1055.7942408765666,1835.9230728084221],[1057.6576864855597,1841.8820880595595],[1058.1655326152686,1850.0704537024722],[1056.7975740324473,1857.1098087904975],[1053.29453207209,1865.5989076010883],[1047.0957821277552,1875.6029652142897],[1038.590307431994,1886.2787322606891],[1028.8066011822666,1896.7401665281504],[1013.9157421377604,1910.2211764929816],[1005.3268009002204,1916.5421905629337],[1001.6276875972399,1918.4100716095418],[998.1760158863617,1919.2121600098908],[995.0107694003382,1919.1374019179493],[992.163123901817,1918.3413975657895],[989.6641419180669,1917.0241814004257],[985.8367338473327,1913.5040573477745],[983.809112461342,1909.988541082479],[982.3107609335566,1900.1535691814497],[979.9044421173749,1890.3829265767708],[973.7752068020636,1873.2599586388096],[970.1920258130995,1860.6536100972444],[967.6966830560705,1848.6388021567836],[966.9859212741721,1842.5827823299915],[967.4404750068206,1837.6961476113647],[969.0391642308095,1833.0012847166508],[971.4021457982599,1828.8638079557568],[975.5341082580271,1824.442031960003],[987.4827736268635,1819.373743250966],[1007.3674843151239,1813.3038151711226],[1003.6213898183778,1802.6743673691526],[1001.6044993583928,1794.959812141955],[998.8871871767333,1789.4874065686017],[985.267078525445,1790.6300506005064],[967.7353166370885,1790.296383603476],[922.5500294072554,1787.170591960661],[884.6138547093142,1783.0859936885536],[870.483309616393,1780.0729569271207],[859.1718624840141,1776.6894165007398],[819.0269279357744,1759.4803107948974],[811.5580841726623,1756.7842162456363],[802.7930420465418,1754.7069331435487],[789.5329583137645,1753.940220888704],[776.5680446537444,1755.073856856674],[623.2289476938313,1779.1050284719095],[615.6689070173888,1781.2856205524877],[611.4394897879101,1783.7300482876599],[608.7656325104763,1786.0006301337853],[604.3849383371416,1792.1216391036287],[602.0604015219142,1796.7592340735719],[600.5259295593132,1801.13219731953],[599.6696451308671,1805.7845713282004],[599.5169422691688,1816.3484923001379],[602.265122830926,1819.076973726973],[605.5142286149203,1820.362587299198],[627.956891121692,1820.3298622714356],[628.3466815795982,1809.6776662105694],[627.4517642551218,1795.067583611235],[629.2134845666005,1791.3728218208998],[632.8582770987996,1789.1157883889973],[636.2856501881033,1788.5689407233149],[658.2070327982074,1788.6905362382531],[674.9305572411395,1787.099534588866],[683.0701055218815,1786.7756084995344],[693.7166704602423,1787.757703221403],[701.2731706869672,1790.1317307502031],[711.0434636897407,1797.3991329437122],[717.3251604480902,1801.3029621755704],[725.1225994909182,1805.166180452332],[739.0346150242258,1810.322310687974],[742.6128629661398,1812.5530568286777],[745.3140130990068,1815.125960550271],[747.2409112853347,1817.9524111086503],[749.1994879677659,1823.8671403974295],[749.3118088827468,1829.4106284761801],[748.3931932345731,1833.6962414290756],[746.530055347248,1836.8908269982785],[737.6275959266932,1845.5220021381974],[735.7572168427869,1848.461074183695],[764.7396539117326,1859.4761811140925],[767.536797526991,1855.2841827524826],[770.5878580850549,1847.4491971591488],[771.9202524861903,1841.864922992885],[773.8620349843986,1829.417056995444],[776.1862076799152,1824.9683692930266],[777.9991933024721,1822.8845282848924],[783.1317577913287,1819.1761094564572],[786.5538459583186,1817.5962265050039],[795.3381655733683,1815.1412169411778],[800.0519977728254,1814.6976887816563],[804.1081878822297,1815.2189501775429],[807.633571463346,1816.494257055223],[810.778526052949,1818.3684685090557],[822.1366386663285,1828.2394805978984],[825.3440026546596,1830.402681731619],[842.5656899618916,1837.7891515837982],[852.7828285355936,1843.0805695112795],[862.7130330387154,1849.448811952956],[871.3304612765787,1856.7468582689762],[877.9565796164097,1864.839674458839],[886.3391799389501,1877.5470465384424],[891.9533822013764,1889.3142598839477],[893.3500402853242,1895.738601764664],[893.1619234258542,1898.3153250236064],[891.8228410609881,1903.388560979627],[889.5356825844501,1908.7815352240577],[885.8206517824437,1913.8154018716887],[883.2733341418207,1915.9751054206863],[880.1822492961655,1917.7779510878026],[876.4923382235575,1919.1460392717272],[872.1406477451674,1920.0014506028965],[862.8090955837979,1920.3998681576923],[853.8121585039189,1919.5883081965148],[845.40965075657,1917.8340356973931],[837.8849574905471,1915.448808687739],[831.505734954204,1912.722127020359],[828.7154352425132,1911.093193659559],[823.5010156327626,1906.6254179654643],[816.569939170091,1897.3765878723934],[812.5076736892224,1889.9235186725855],[808.8654884536518,1881.793889362365],[800.2262766612694,1876.8509010057896],[772.1114909721073,1866.1599743152037],[772.2669171773596,1873.3809749512002],[771.3534924811102,1878.7330263461918],[769.5758978783269,1882.4388183895499],[768.4279788882704,1883.746737441048],[765.7399462498724,1885.3729179790244],[762.4072835847619,1885.9421526156366],[757.1103429414798,1885.9954346949235],[738.7215960691101,1884.3938468778506],[727.7072374564596,1882.199909470044],[720.9499253319809,1879.1169099481776],[714.6769841687637,1874.9020567564294],[709.0132880081073,1870.1222026841715],[701.9500614503631,1863.1171083189547],[698.3861180975218,1858.3425450427458],[695.7320331796072,1852.748232766986],[693.8999419864267,1846.744968692772],[692.3112615632126,1834.9769398747012],[682.3737789217266,1831.4305354608223],[671.9377414183691,1828.3716745544225],[659.2519538231427,1825.2960786344483],[652.4577370422194,1824.301481200382],[640.3579096901813,1823.6490723872557],[606.3890728281112,1824.0750552965328],[603.72790398699,1824.434987431392],[601.7125656907447,1825.3852919284254],[599.7427038140013,1827.091097233817],[601.6874339185306,1933.3499693805352],[603.9025065161404,1934.5885637635365],[606.7586969414842,1935.1400269065052],[638.0734355756431,1935.185070535168],[642.4930495459121,1932.4078780002892],[647.7285542634781,1931.6545038027689],[650.4985511560808,1931.9502719650045],[656.0830653116573,1933.675003580749],[661.3091512088431,1936.6763330968097],[663.6488673132844,1938.5706699565053],[670.9133580958587,1947.1425449280068],[675.717988000426,1954.5085193598643],[679.6938462544349,1961.839090055786],[682.1649198883679,1967.999477148056],[682.667297744425,1972.2664525704458],[681.3246303680935,1978.8393880873919],[678.9685574276955,1983.4657686213031],[675.2469854476512,1988.0442867064849],[672.8101411839598,1990.2598942238837],[666.9192836935981,1994.2442140765488],[660.8821873565903,1996.7396161751822],[652.4403556319303,1998.095913765952],[645.4001128194504,1997.700571716763],[639.9649643579614,1996.2428302867338],[636.5520511995419,1994.2125099552795],[631.8343423129409,1989.9571981830522],[627.8527459697216,1984.9039115281776],[625.5440028716112,1980.0992044499144],[622.4041932052933,1969.8714077360928],[619.2525329737109,1954.9113076133654],[618.7413837132626,1947.8227240918204],[619.18304597307,1938.5147991636768],[605.7080799658434,1938.592183389701],[603.4251105290605,1939.2529939431697],[601.7726445593289,1940.315291762352],[603.159431058797,2083.4312225831673],[603.35969413555,2085.420167973265],[604.608278453059,2088.022708729841],[606.7825789236813,2089.761091112159],[608.6443289102754,2090.221200191416],[626.4817433828139,2091.110085381195],[629.3365603699349,2089.0288102459162],[637.6799651962356,2076.496953974478],[633.3815144829568,2071.9094316074625],[631.9988026927458,2069.284332117997],[630.4260368498508,2063.7482960000634],[629.9738585964078,2058.3372610164806],[630.4288146633771,2050.02914514672],[631.4491877895198,2046.0437021758407],[633.4178580610314,2041.6385063482448],[638.3765689445427,2034.752468118444],[643.1949737374671,2030.30998062063],[646.1206434529158,2028.3177595911548],[649.3454949032166,2026.637331536971],[656.2745999396429,2024.121938444674],[666.3045611444395,2022.1586567042395],[673.3936719148769,2021.9431699505076],[676.5643931092927,2022.9620166495442],[681.0146954684169,2026.8056708620861],[683.238949611201,2030.6548441601917],[684.4586681991932,2035.3124243728817],[684.3267273741658,2040.6997784068808],[682.8508846942568,2046.8724689846858],[680.3088729390875,2053.253545863554],[676.9706970946281,2059.1993877878413],[673.10644334479,2064.0330476276577],[661.2757806997979,2072.690304725431],[653.8760443115025,2077.1818483509123],[650.2571770338691,2078.605787789449],[644.8642817071523,2079.2143528368324],[640.7297556948615,2078.515256907791],[634.199545351381,2088.829924254678],[634.2198874423048,2090.1630108524114],[635.0537984565599,2091.2870712000877],[666.5803716842784,2091.543852588162],[697.6696111364872,2093.0660733859986],[700.8031570058083,2090.0190799552947],[705.3646393621457,2081.021453990601],[702.0554283303791,2075.447705820203],[701.1784677774995,2072.612799331546],[700.6873288193019,2067.0239229006693],[702.2769640880288,2059.551812616177],[704.2206568790134,2055.679789664224],[705.6300283685559,2053.9726060144603],[713.7037517860881,2048.3053035764024],[726.3332759424229,2042.19403164275],[741.9543827230809,2036.1458699125797],[752.2697011634591,2033.7168797142804],[756.9277213505702,2033.4287005113438],[765.474739365105,2034.172337435186],[780.644881703658,2037.9209434259683],[788.0461306177895,2039.1282772710547],[808.9012646217598,2039.147719132714],[817.5102367154323,2040.3581449240446],[821.7299663609592,2041.7018713811412],[830.4164693063358,2046.5783593431115],[837.1435037986957,2052.171950233169],[840.7004405912012,2056.513338830322],[841.9891917327186,2058.8049863995984],[843.2322167659877,2063.562634474598],[1005.8071209226036,2098.758315887302],[1005.8522942831041,2090.3714131573215],[1005.9484041443211,2086.7502448782325],[1006.1316569109331,2083.007104967721],[1006.4253350275685,2079.2975739696994],[1006.8606145843514,2075.777252662927],[1007.4606926543638,2072.635047293268],[1008.2488801225554,2070.015429873951],[1009.2641611240106,2068.1073471596465],[1010.4283965555369,2066.5995572227985],[1011.7031148576061,2065.1031593549997],[1013.1039894456626,2063.662628337741],[1014.6704600467929,2062.289174007252],[1003.4899365189485,2051.1629927679896],[1000.6510806674487,2053.1219476647675]]]}},{"type":"Feature","id":"way/1344666217","properties":{"natural":"wood","osm_type":"way","osm_id":1344666217},"geometry":{"type":"Polygon","coordinates":[[[1146.968438668875,1704.998471993953],[1155.912168476847,1720.3848248803988],[1162.0856793185812,1714.1577417412773],[1169.173994285171,1708.288507930003],[1176.9874555899296,1702.8543958291411],[1185.3444420769229,1697.877154882066],[1194.0473995333887,1693.434035602957],[1202.9146759855794,1689.557894250378],[1211.764561077056,1686.30380320549],[1220.3995555505971,1683.7267928812653],[1228.6458707753918,1681.8708455832675],[1236.306006738043,1680.790989805013],[1243.7288601882756,1679.8882644316182],[1251.2633887995617,1678.5414929213002],[1258.7596061571967,1676.7502854363993],[1266.0596026561689,1674.52533943858],[1272.9897090590675,1671.8662020238116],[1279.3998512486578,1668.8058069385588],[1285.1243110051728,1665.3215035218745],[1290.0051478770329,1661.4350955123082],[1293.8686613606988,1657.1572367362678],[1296.5727556276834,1652.4875548379496],[1302.5055796363158,1638.7394375363365],[1308.3581827546586,1625.491004832089],[1313.9397107980913,1613.274972435087],[1319.0436051011784,1602.59068850521],[1323.4474001190392,1593.9818935785443],[1326.9602636651834,1587.9701931476593],[1330.4064679230214,1583.3024644395337],[1334.6267180950963,1578.4812397453934],[1339.4312351353,1573.6282193576917],[1344.6145377790672,1568.8317362479866],[1349.986874224036,1564.2023812336847],[1355.3505393366213,1559.8729409705848],[1360.5237318137079,1555.9318085750565],[1365.300908712903,1552.4895316883922],[1369.5001801656326,1549.6678279656917],[1372.9081370735657,1547.5661148950458],[1375.8643183984095,1546.1519548976794],[1378.803315272904,1545.2709653470665],[1381.6700126269716,1544.8674586378038],[1384.425171404786,1544.852462795563],[1387.045224780857,1545.1814813902602],[1389.4751163566834,1545.7766094990075],[1391.6755201922497,1546.5822006445378],[1393.6150630268967,1547.5204119151458],[1395.2465249393135,1548.5355760781094],[1396.5385037952801,1549.5609587607905],[1403.489835665503,1544.9024647353217],[1412.9755613168818,1540.1284374333918],[1415.8793540015467,1537.6255127824843],[1417.583918155462,1534.85283257626],[1418.4597587310127,1532.0113243088126],[1418.811730404559,1527.2466475851834],[1418.3141108821728,1524.34598878026],[1380.6999724379857,1523.414157143794],[1372.4099709403818,1523.770130484365],[1361.107125792827,1526.073345726356],[1351.9786376528791,1530.092997578904],[1344.4906905823736,1534.6834922228009],[1339.4916297568125,1538.4473546594381],[1286.1615171090234,1582.3538639843464],[1144.4142885483452,1697.5157650290057],[1146.968438668875,1704.998471993953]]]}},{"type":"Feature","id":"way/1344666218","properties":{"natural":"grassland","osm_type":"way","osm_id":1344666218},"geometry":{"type":"Polygon","coordinates":[[[1403.925138680148,1746.0142344124615],[1407.7569646420307,1738.7814645655453],[1411.7204019897035,1732.5377107784152],[1415.8236059130286,1727.1830170126632],[1420.0667793477187,1722.6396236363798],[1424.4501837010612,1718.8075539255515],[1428.989839474496,1715.5979812266305],[1433.6781143739354,1712.9109081178904],[1438.523106010398,1710.6685958066955],[1443.525076546066,1708.7710676584393],[1448.5837701213895,1706.3182611204684],[1453.5509550577844,1702.6432682983577],[1458.3471959776361,1697.9347265614197],[1462.8929395359592,1692.4257072713226],[1467.1166424227995,1686.304868166335],[1470.9388077309122,1679.783063141629],[1474.2798790203524,1673.0933630727232],[1477.084098420979,1666.4244669703767],[1479.2561782749835,1659.9871869180351],[1480.724483482074,1654.0035060252994],[1481.3884380280506,1647.69555452466],[1481.265673030808,1640.3635349832475],[1480.4659132825327,1632.3076697643846],[1479.0988837251207,1623.828181420453],[1477.2822333150543,1615.2142048133537],[1475.117794199963,1606.765941706486],[1472.7232171826763,1598.77252683416],[1470.2003364842967,1591.5341617260128],[1467.6746700216318,1585.3511101361364],[1465.2480540284305,1580.52357323654],[1462.2033731313422,1576.5719913197681],[1457.9504022746114,1572.7949676951393],[1452.757690069382,1569.1376684335992],[1446.93322769535,1565.5564716411754],[1434.510588109144,1558.414277142845],[1428.4889829176827,1554.7437099544331],[1422.9729831069708,1550.9300646726042],[1418.2468995706295,1546.9296522242948],[1414.6108324450324,1542.6988244038075],[1412.2550138866063,1543.9590220740065],[1404.9907027216395,1547.5502569433302],[1400.5230674477061,1550.349016096443],[1396.6147921466618,1553.5824821125716],[1393.4709234665497,1557.3289521420375],[1391.2017472665757,1561.6775833014399],[1389.0771763312514,1568.0816905982792],[1387.9671213473775,1575.9547973675653],[1388.0278313875315,1582.9089577486739],[1389.090348490281,1587.1441309675574],[1391.1251341837342,1590.8930743047968],[1401.8164153951802,1601.9964221818373],[1406.127880719956,1598.530736268498],[1410.388864910521,1596.2535439822823],[1414.4815358376945,1594.9423632221296],[1418.2880036000279,1594.396928702481],[1423.3239258398535,1594.632330573164],[1428.277664993133,1596.100578208454],[1431.1465430781827,1597.8632820602506],[1433.20834179339,1600.3348176553845],[1433.81225277856,1601.836070225574],[1435.1026624869555,1612.4593122387305],[1437.4921470896224,1625.4071483016014],[1442.6840272514382,1644.372125159949],[1443.0777748268447,1647.7390757324174],[1442.4122801446356,1654.6468929704279],[1439.8222558481502,1660.9275652412325],[1437.8182350168354,1663.5106057617813],[1435.349893802777,1665.548103175126],[1432.417582460097,1666.9067553747445],[1425.5481503472547,1667.4774576835334],[1416.6551824427443,1666.0432990342379],[1411.8142001358792,1663.7422087714076],[1407.6394411599613,1660.254247603938],[1403.9653898141114,1655.4790022047237],[1398.5596095270012,1645.78920123633],[1393.4884849013179,1634.9116594558582],[1389.1219341492397,1623.2694739708677],[1387.988461788511,1615.9903501449153],[1388.3504259738838,1607.40432919655],[1389.683640821313,1601.7313157245517],[1392.0809737800737,1596.6720677018166],[1387.7060365683283,1591.2284766240045],[1385.697057481797,1586.6686721695587],[1384.8343397139106,1581.500898508355],[1385.3099946709117,1571.7043354436755],[1386.7087268932955,1565.1316945403814],[1389.5219023969257,1558.0406571086496],[1392.5890981709817,1553.4275111109018],[1396.5385037952801,1549.5609587607905],[1395.2465249393135,1548.5355760781094],[1393.6150630268967,1547.5204119151458],[1391.6755201922497,1546.5822006445378],[1389.4751163566834,1545.7766094990075],[1387.045224780857,1545.1814813902602],[1384.425171404786,1544.852462795563],[1381.6700126269716,1544.8674586378038],[1378.803315272904,1545.2709653470665],[1375.8643183984095,1546.1519548976794],[1372.9081370735657,1547.5661148950458],[1369.5001801656326,1549.6678279656917],[1365.300908712903,1552.4895316883922],[1360.5237318137079,1555.9318085750565],[1355.3505393366213,1559.8729409705848],[1349.986874224036,1564.2023812336847],[1344.6145377790672,1568.8317362479866],[1339.4312351353,1573.6282193576917],[1334.6267180950963,1578.4812397453934],[1330.4064679230214,1583.3024644395337],[1326.9602636651834,1587.9701931476593],[1323.4474001190392,1593.9818935785443],[1319.0436051011784,1602.59068850521],[1313.9397107980913,1613.274972435087],[1308.3581827546586,1625.491004832089],[1302.5055796363158,1638.7394375363365],[1296.5727556276834,1652.4875548379496],[1293.8686613606988,1657.1572367362678],[1290.0051478770329,1661.4350955123082],[1285.1243110051728,1665.3215035218745],[1279.3998512486578,1668.8058069385588],[1272.9897090590675,1671.8662020238116],[1266.0596026561689,1674.52533943858],[1258.7596061571967,1676.7502854363993],[1251.2633887995617,1678.5414929213002],[1243.7288601882756,1679.8882644316182],[1236.306006738043,1680.790989805013],[1228.6458707753918,1681.8708455832675],[1220.3995555505971,1683.7267928812653],[1211.764561077056,1686.30380320549],[1202.9146759855794,1689.557894250378],[1194.0473995333887,1693.434035602957],[1185.3444420769229,1697.877154882066],[1176.9874555899296,1702.8543958291411],[1169.173994285171,1708.288507930003],[1162.0856793185812,1714.1577417412773],[1155.912168476847,1720.3848248803988],[1160.6099346844712,1732.29431511648],[1163.3389876447618,1748.4422121979296],[1165.4697499445756,1754.790751921013],[1170.9658712460077,1763.225315223448],[1174.1231127771898,1766.4216640004888],[1177.1569808983477,1768.4846147252247],[1182.5261453066487,1771.0646117115393],[1188.8768078600988,1772.6251622168347],[1196.437250255316,1764.2799570783973],[1204.7858161855256,1750.3491640901193],[1206.7509083750192,1747.5104515077546],[1209.299237952684,1745.0287286229432],[1212.3201446984895,1742.9592521535233],[1219.2662887570914,1740.1667948951945],[1226.609611427586,1739.4637988712639],[1230.128993002465,1739.995044532232],[1233.3861683902796,1741.181020097807],[1236.2468805598328,1743.0435935929418],[1238.7115330914967,1745.427244728431],[1242.6679050301318,1750.947407696396],[1245.4466475847876,1757.0088344160467],[1247.1912128690165,1763.0897907139733],[1248.0214579179883,1768.635155866854],[1247.9778373216395,1773.267341254279],[1246.6167013527593,1777.5961680477485],[1244.1434692086768,1781.5555192865431],[1240.8586909978767,1784.924004772678],[1235.0712101131794,1788.4081839788705],[1230.7419384251698,1789.6966470824555],[1223.4611900355085,1790.6441904632375],[1218.4720295547158,1790.6978906095028],[1211.4559640933876,1790.0353832421824],[1206.8806031116983,1788.8126735500991],[1199.5169377982966,1785.2054907260463],[1192.4576399370562,1779.8994848132133],[1188.4348388461513,1775.634455784224],[1181.4688508865074,1773.9167912947014],[1174.3498392386828,1770.321379877627],[1170.489660336636,1767.267623860389],[1168.5848325437983,1765.1298374887556],[1163.2845656796126,1757.273431589827],[1162.78671746474,1760.5269720861688],[1162.4079694005195,1763.5142136160284],[1162.1323896090034,1766.2906580930576],[1161.9677857175702,1768.8896515863016],[1161.9140139073716,1771.3667368590832],[1161.9551998664392,1773.7551987357438],[1162.0991225356702,1776.099491858855],[1162.3377441458288,1778.4551385883242],[1162.6709496476105,1780.866573156789],[1163.0986527123605,1783.3671212494373],[1163.7774681982119,1786.4459677580744],[1164.848739736597,1790.3923028297722],[1166.2339864179958,1795.0281855436042],[1167.8784380861907,1800.1646276852116],[1169.7194883557386,1805.59040347673],[1171.694502476952,1811.10539563559],[1173.7250007553375,1816.531663053669],[1175.7641659908695,1821.658020593226],[1177.7414133450948,1826.3065474051982],[1179.5941673773923,1830.2549087647349],[1181.8030946301296,1833.837608315982],[1184.8410813526134,1837.3446957515553],[1188.6690309324767,1840.6316587543115],[1193.2321170895593,1843.5317271826789],[1198.4755431513186,1845.8670224482194],[1204.3523209057166,1847.493012146093],[1210.8076556882006,1848.2318177446723],[1217.7867251966964,1847.9166692150757],[1225.2504673016374,1846.3919459814206],[1233.1283032019855,1843.4797282647341],[1241.1489006874035,1840.3123927470297],[1249.0645743910572,1838.0334849152714],[1256.8440053725499,1836.542945228517],[1264.4952869687695,1835.763033842668],[1272.0028890983667,1835.5937321847305],[1279.3591761391726,1835.9350421875715],[1286.5486190956435,1836.6869451794773],[1293.5635544385877,1837.7605515709147],[1300.3963190907962,1839.0669717518613],[1307.031385485374,1840.5061869388446],[1313.7143343347125,1841.7455786345527],[1320.6037985849543,1842.4967368254438],[1327.5814292324358,1842.7371356990188],[1334.5130896395422,1842.444207670167],[1341.2804020000622,1841.6065344205126],[1347.7492587266024,1840.1904387250543],[1353.8091757049551,1838.1845219358802],[1359.333880687016,1835.5773437283933],[1364.1892943248968,1832.3241171240807],[1368.2569791388232,1828.4356390535831],[1371.798394750338,1823.5460080616176],[1375.184905782633,1817.5228926921263],[1378.447565358074,1810.5663294773549],[1381.61736796482,1802.8985721319914],[1384.709519807191,1794.7418330432847],[1390.8243450220907,1777.8394198501483],[1393.9011112442822,1769.538232838735],[1397.0242294083,1761.6259710704908],[1400.2246922227787,1754.3248885516077],[1403.925138680148,1746.0142344124615]]]}},{"type":"Feature","id":"way/1344666220","properties":{"landuse":"grass","osm_type":"way","osm_id":1344666220},"geometry":{"type":"Polygon","coordinates":[[[1707.441341050202,1377.8781503485516],[1705.7749237479293,1378.1291970927268],[1706.6780116124428,1382.8749935235828],[1707.1141958699445,1382.1318807248026],[1707.4321411887067,1381.3218003092334],[1707.6238046726212,1380.500273910351],[1707.6977633291972,1379.4118259958923],[1707.6669867155142,1379.1118108304217],[1707.441341050202,1377.8781503485516]]]}},{"type":"Feature","id":"way/1344666231","properties":{"natural":"wood","osm_type":"way","osm_id":1344666231},"geometry":{"type":"Polygon","coordinates":[[[1558.6704426606884,1529.3040412776172],[1557.9623295089114,1525.4252544753253],[1556.6693900944083,1521.7893088879064],[1555.1755324593396,1519.496975634247],[1551.848665623169,1517.7774385018274],[1549.844688399986,1517.3277883939445],[1547.5700994146173,1517.7105698147789],[1545.9570015249774,1521.6942982580513],[1545.8761044227867,1525.4154747435823],[1546.4297493818449,1528.0052504371852],[1552.0655012155185,1540.2396598625928],[1553.2005418717745,1540.898074010387],[1554.0859067385318,1540.4449643809348],[1557.0758460521465,1535.242934698239],[1558.6704426606884,1529.3040412776172]]]}},{"type":"Feature","id":"way/1344666234","properties":{"natural":"wood","osm_type":"way","osm_id":1344666234},"geometry":{"type":"Polygon","coordinates":[[[1413.4156050414313,1513.8465803647414],[1414.113990289392,1509.4382892111316],[1413.603845453239,1505.2934317504987],[1411.3663010313176,1500.5886076046154],[1407.5212763237068,1497.7569226622581],[1400.371583197324,1493.750162892975],[1384.3494561786647,1486.3986691981554],[1376.238975165179,1502.5849011829123],[1373.9903899480705,1508.111106481403],[1373.4387649903074,1513.7639525011182],[1374.6762295970111,1517.521910079755],[1411.1547318745288,1518.0285967011005],[1413.4156050414313,1513.8465803647414]]]}},{"type":"Feature","id":"way/1344666238","properties":{"leisure":"garden","osm_type":"way","osm_id":1344666238},"geometry":{"type":"Polygon","coordinates":[[[1715.1212520955596,1369.5672015324235],[1714.6963806318236,1363.1230620993301],[1714.1835702468525,1357.089706948027],[1713.675150232506,1352.3671816317365],[1711.478881750023,1335.2318097399548],[1710.8926394396112,1333.0418437719345],[1710.383442454331,1331.5630358392373],[1709.5286070678267,1329.4390041073784],[1707.6494994286331,1329.5117441173643],[1707.1919737566495,1335.287007726729],[1707.1876707167248,1336.8977471133694],[1707.2788735743961,1338.2199173476547],[1707.7736472247634,1342.1425844253972],[1709.0444568157545,1351.08842431847],[1710.4175944353337,1360.1456242986023],[1711.932086745801,1369.4809181420133],[1714.9910355071188,1385.7965583913028],[1716.4445380874095,1385.4560759114102],[1715.1212520955596,1369.5672015324235]]]}},{"type":"Feature","id":"way/1346428402","properties":{"natural":"wood","osm_type":"way","osm_id":1346428402},"geometry":{"type":"Polygon","coordinates":[[[595.1868240303011,1950.740944291465],[583.9017965763924,1946.3248518425971],[579.2926449418883,1942.8252371260896],[574.568102778052,1938.1144974799827],[569.9085223801085,1942.1686302786693],[564.7368221094366,1945.8326874431223],[557.442755864351,1949.069330570288],[553.8659367681248,1949.4381096437573],[550.5757293003844,1948.8300455855206],[547.6978789663408,1947.4676237348467],[545.3265016241348,1945.5954677490517],[543.5873443050659,1943.4360627625138],[541.0819528774009,1938.319855558686],[538.2119098817348,1930.647757422179],[535.7074357256643,1921.987902856432],[533.6786978335003,1909.3079106425866],[532.7989809599821,1894.853398562409],[532.9301732449094,1886.5444727772847],[534.1385810014908,1883.1149147609249],[536.8751627596212,1880.9888700265437],[540.7848608653876,1880.0988047150895],[545.5205929513322,1880.343878891319],[557.4090735345962,1883.406154221855],[570.9176382038277,1885.728214919567],[585.5336891752086,1887.1088360389695],[594.1851508485852,1887.2082036230713],[592.7990102927433,1816.4094682745636],[593.2353714396013,1802.8913615047932],[576.8360668065143,1801.1174718653783],[571.0417116365279,1801.1807755082846],[568.4194232907612,1801.774100445211],[566.0800710875774,1802.8680201284587],[563.2245386380819,1805.1937110051513],[557.5232905284502,1815.4105420988053],[555.4882927546278,1817.9160195905715],[552.9964451573323,1820.0204488812014],[550.1511159889051,1821.4241551375017],[547.2523014319595,1822.1167774330825],[544.5443526256713,1822.243336495012],[541.3959206371801,1821.735608305782],[537.2096374967368,1819.5590043878183],[533.3268595375703,1815.9612545678392],[530.3453405715409,1811.8214269597083],[527.3205440086895,1806.0374166993424],[525.070730930136,1799.6999043254182],[523.0963806388318,1790.5192701080814],[522.2898635191959,1781.5303874351084],[522.7883515907452,1777.8879984710366],[524.189020140504,1773.3369462247938],[527.2853056208696,1766.257345973514],[529.5369565822184,1762.3416035128757],[531.8566156928428,1759.6479796906933],[537.8321697640931,1756.5746544478461],[547.563314373605,1754.2994004245847],[553.3571026562713,1754.4804636500776],[559.4756826828234,1757.3728459393606],[565.6583780330257,1763.0425500050187],[569.1346144009149,1768.2278382992372],[570.5165310949087,1771.208396507427],[593.2213207987952,1786.395018483512],[598.583391724329,1788.741226201877],[600.9135463625425,1785.0145512986928],[604.0015532683465,1781.2786629386246],[607.490212691715,1778.3213814962655],[611.0955072003999,1776.0753456037492],[619.0126439677551,1773.1513637034222],[644.3785697825369,1769.0491446601227],[646.0240837267484,1767.6313644433394],[646.2316940187593,1766.6876516481861],[645.6055195713416,1764.553226380609],[643.8427478166413,1762.360409819521],[641.2583027166547,1760.4432506654412],[611.3434260509093,1743.2277632253245],[597.890088105516,1734.484972614795],[589.9580787715386,1727.5444856034592],[577.5611642699223,1713.005675229244],[570.2947182770004,1717.719819707796],[559.2564225597889,1721.8247038749978],[536.0130901528755,1726.2435845062137],[522.4312170381891,1727.8649786012247],[516.1235179504147,1727.9937073746696],[509.32050948613323,1727.31028210558],[501.91181022074306,1725.7588871195912],[490.72019573737634,1721.687561986968],[487.20402504113736,1719.8348047519103],[480.8839612205629,1715.3978937081993],[473.41870868753176,1707.9921475499868],[467.9827670546365,1700.3692668415606],[464.0692975554266,1693.1833992581815],[463.28558622469427,1690.8819727376103],[463.50261236168444,1686.1280202846974],[465.66131207247963,1681.4899652106687],[469.2633421231294,1677.3775932826102],[473.81827818980673,1674.1896013980731],[480.66339313203935,1670.6518167871982],[490.49376938230125,1660.2452108971775],[494.6111039762618,1658.4447254305705],[498.0449117978569,1658.5087937992066],[500.01634727069177,1659.3579444428906],[505.2003070942592,1663.5476617459208],[511.2070150342188,1667.0284760361537],[518.3843099095975,1669.6012992048636],[522.9855841000099,1670.0126509089023],[530.0696721718414,1668.7972152763978],[535.4185778429965,1666.9664944000542],[544.2481193910935,1662.2450942331925],[550.6147332737455,1657.5064614266157],[533.9761563916109,1618.4959882143885],[528.1452886556508,1607.783878118731],[520.0289214140503,1595.5219922661781],[512.3006360138534,1585.9160418212414],[495.2751169928233,1569.0441933916882],[485.3650004649535,1560.621482476592],[470.76402409397997,1549.6655016932636],[458.619848809205,1541.2039697701111],[450.4682532141451,1536.7070118561387],[435.46211833530106,1529.926950223744],[428.30047723505413,1527.3320429176092],[422.1863556901808,1525.717290500179],[418.7369962861994,1541.5052237147465],[416.89154023857554,1553.5535163162276],[417.02605422690976,1559.819109806791],[418.61655666754814,1567.887896613218],[421.51768927590456,1575.882162035443],[424.11268206621753,1579.976546802558],[429.56216580217006,1585.3776975916699],[444.71856074075913,1598.3789456905797],[447.4178587438073,1601.7848638268188],[448.2027417246136,1603.6197288483381],[448.76977908739354,1607.3536288142204],[447.3830750346533,1612.649008394219],[445.20488929835847,1615.587402017787],[442.1847221714561,1617.4350682450458],[438.6153444055817,1617.9150169696659],[434.86731321614934,1617.2170120887458],[429.7589161429787,1614.3605736615136],[425.10454656765796,1609.8611857108772],[420.7076046380098,1606.6066027265042],[415.701378321799,1603.9281660020351],[410.60512970469426,1602.5381108373404],[408.1973448425415,1602.5543829407543],[398.31359159440035,1605.818139610812],[392.35789065063,1607.2142419843003],[386.30913275358034,1607.9324946384877],[380.69696597295115,1607.6742704911157],[375.5932292416692,1606.117595440708],[365.44497383915586,1601.3936535604298],[354.30528645712184,1595.345362645574],[345.3273631443153,1589.8022947935387],[343.3108423236408,1588.0088485684246],[341.82427071384154,1585.7945783631876],[340.8436928114388,1583.2705111056566],[340.3757996679633,1577.7150513865054],[341.7867606736254,1572.1531021250412],[344.9718795493827,1567.4286621054634],[367.30413905356545,1551.6760525880381],[374.1946802136372,1545.7499134177342],[378.1366186258383,1541.4605905618519],[381.4800757312332,1536.5699296165258],[384.20208022132283,1530.7890489557758],[387.0395882142475,1519.787403662689],[335.8014039849513,1514.9401143221185],[301.8267148267478,1513.8791506933048],[300.24224257294554,1516.1636405214667],[299.85745990718715,1518.5510497903451],[304.73754555458436,1534.081756344065],[306.7194187770947,1533.9199884077534],[308.9048809412052,1534.4363462505862],[311.19152374123223,1535.5417098607868],[315.7137332156999,1539.2630862277001],[319.49808860884514,1544.4823177624494],[321.7803733033361,1550.5754440659657],[322.12162206397625,1556.2750031650066],[321.7615914995549,1561.4396266760305],[320.2671757834614,1568.8454059576616],[318.5989956422709,1573.0736941471696],[314.9562247421709,1577.719263613224],[307.2121343278559,1584.076608528383],[299.33685381599935,1589.211693059653],[289.95479969424196,1593.9320758599788],[283.1062503550784,1595.6593504147604],[276.11843761370983,1596.2309949733317],[269.2904947652132,1595.9921092279255],[259.9701291468227,1594.8695534458384],[253.22535542066908,1605.817267106846],[252.42147017183015,1608.5035875635222],[252.34493691381067,1610.7473414428532],[286.940622535476,1641.6806439943612],[298.82353043108014,1653.684860792011],[311.215095528285,1667.4899446945637],[315.8442379661137,1666.2015970479697],[333.48610212130006,1657.2136163609102],[330.1407584210974,1653.2729451078922],[328.27057760587195,1649.7580267796293],[326.5876899093273,1643.9107588753104],[326.5654994287179,1640.0893391286954],[327.7430021579494,1636.3597351936623],[330.1360976273427,1632.677552299574],[333.5862767765648,1629.2979005426168],[337.92718988494016,1626.4536537462845],[343.0160864829086,1624.411069589667],[349.0980125833885,1623.0374491652474],[359.6869946056395,1621.8859902983531],[366.7365182326175,1621.8922371584922],[375.6297749459045,1623.3249375922605],[380.5428332113079,1625.369922108017],[385.3118215073482,1628.2143758730963],[389.424083493941,1631.6681877914816],[392.3905923770508,1635.5635211002082],[393.2775628552772,1637.6208036420867],[393.65388160094153,1641.876333516091],[392.5931096074055,1646.272730707191],[389.1039080019691,1652.662690836005],[384.3222947061877,1658.149668357335],[380.78666506602895,1660.9625427350402],[376.27350870962255,1663.2286879410967],[368.19177601789124,1665.6637847516686],[359.694587059028,1666.9092467026785],[354.3973063589656,1667.0295134941116],[349.5047298815334,1666.2954163765535],[345.09544187493157,1664.8515597507358],[341.279412686883,1662.9203853998333],[336.9141507943277,1659.6215030811727],[318.36340157914674,1669.040479194373],[316.868223506317,1670.3365173200145],[315.55270195228513,1672.4106001909822],[343.8191338190227,1705.5504078436643],[373.58025146718137,1743.8817520784214],[378.47138744062977,1741.9720123643056],[389.9329515536665,1732.6245915638283],[385.20986748026917,1727.2030463889241],[380.16023562446935,1719.7478221645579],[378.0637474748655,1715.1881205029786],[376.6898862324306,1708.8972552120686],[377.0157495709718,1704.798976865597],[378.39182650571456,1700.5810917485505],[382.0936116625671,1694.402713288553],[385.44217556435615,1690.61181969475],[389.42103809316177,1687.3223701436073],[394.3845018958091,1684.912932923995],[399.9216892255354,1683.5380170764402],[405.4876582674333,1683.2962564239278],[410.5611762746121,1684.2752328868955],[414.8026024781866,1686.551866730675],[418.954253982869,1690.016904101707],[422.78763943054946,1694.4920422341675],[425.86896784685086,1699.820687633939],[426.9905989143881,1702.7450276846066],[428.13551174255554,1709.0242293188348],[427.9774507798138,1712.2897734288126],[427.2589393390226,1715.5428234767169],[424.5516630304628,1721.7680686283857],[418.8956600658712,1729.7078652754426],[413.7836536815157,1734.738551510498],[409.65860661969054,1736.494635249488],[405.0584702200722,1735.6390226110816],[401.6845672162599,1733.7089031962678],[398.03691999195144,1730.7450082646683],[380.7455870604608,1744.8880763286725],[377.5617060708464,1749.1348318830132],[398.8481893077842,1779.4694283520803],[405.5239879374858,1790.0946402028203],[413.45437350473367,1804.133305305615],[420.62010224419646,1804.9508289834484],[429.6740753711201,1805.1287288321182],[437.76721235754667,1804.404466050677],[441.6303489638376,1803.2031835289672],[448.1911538084387,1799.6535521810874],[454.8108548215823,1794.6377350585535],[458.3724644993781,1790.8807324813679],[463.90097597276326,1783.418324857019],[467.6114815517212,1780.1060412982479],[474.71764277038164,1776.3022903231904],[483.69748311233707,1774.5582906296477],[489.4599543340737,1774.6281322296709],[492.0953320807894,1775.1234525889158],[496.8501917210524,1777.234786615707],[498.9536367204855,1778.9507376970723],[502.56475031905575,1783.8808263624087],[504.0643037967384,1787.1838124580681],[508.3737757797935,1800.158283191733],[512.3308996820124,1815.1425424935296],[514.9652785089565,1828.7349383886904],[516.2660141900415,1845.3233489133418],[516.0942179640406,1850.9216689001769],[515.1358226037119,1855.3960623862222],[513.099804859201,1858.323678583838],[507.5995080412831,1860.787233306095],[500.16764365462586,1862.2684363722801],[487.7082388376002,1863.3928025700152],[484.2072832540143,1864.9837577305734],[481.7924320586608,1867.888226704672],[480.3376589429681,1871.9948094366118],[479.7248029554612,1877.2032345943153],[479.8757504246896,1883.1800494547933],[481.68855095491745,1890.671759692952],[484.87345728330547,1895.5563477501273],[487.42725597368553,1897.0956749394536],[494.4357947300887,1897.5907416436821],[499.5009046709165,1898.7030724184588],[504.90983664564556,1901.2270568422973],[510.1085282668937,1905.7611847175285],[514.5117557885824,1912.737237257883],[519.2156168762012,1925.7904591560364],[521.3245659723179,1934.7936910251155],[524.4939844784094,1952.2310092998669],[525.8271461357363,1962.1098950318992],[526.2133128903224,1968.7093802774325],[525.3577855454059,1976.2611187221482],[523.417686342902,1978.7224082769826],[520.1688591635902,1980.5250348327681],[515.7529217878473,1981.8581991037354],[510.37555263971444,1982.5446766102687],[504.23445238563,1982.4405487487093],[490.35371201706585,1980.6620263718069],[478.5784418283147,1979.7552287178114],[460.43072406889405,1979.7213526861742],[459.13393414288294,2015.665658051148],[474.89383938966785,2014.0495325680822],[494.4468894089223,2010.7654592320323],[501.5046520039905,2010.4608353795484],[507.95965140487533,2011.298910183832],[512.7763198562898,2013.8769736802205],[515.8875061694416,2016.6285386942327],[518.6577974776737,2019.968014890328],[521.5329891986912,2025.5628047427163],[522.920353295689,2032.6868860106915],[524.0512123624794,2044.5537140695378],[523.325164242473,2054.00535122212],[522.1762960326741,2058.901399111375],[520.3644476120826,2063.7624726109207],[517.7635158431949,2068.5104983225465],[514.5487359748804,2072.5127209601924],[511.0447677471675,2075.3589290454984],[507.361844211875,2077.1604832364246],[503.6021943296655,2078.073158609681],[499.8839172536391,2078.219443534501],[496.31713604490506,2077.7551321946084],[490.08672506239964,2075.506830278784],[485.7844196433434,2072.430171438493],[482.55881197965937,2068.078694323078],[477.7827144958428,2058.702273116447],[474.5378877140465,2049.362978390418],[474.01956289605005,2045.107088518329],[462.59356804325944,2046.6450838288292],[459.0609238296165,2048.3248431729153],[459.7869699775474,2070.699419346638],[460.8656506529078,2084.554551711306],[463.50705721072154,2101.6794937308878],[466.54061064496636,2113.451049893163],[469.67754972091643,2121.723645732738],[473.53642923996085,2128.5316941812634],[479.5572763978853,2135.689474983141],[487.61488924198784,2142.7523383572698],[496.9782809273456,2148.463201553561],[503.6734530547401,2151.0681415442377],[510.68681767210364,2152.685211275704],[521.8942058500834,2153.279615730047],[533.9832194245537,2151.6878338726237],[542.2219152910402,2149.397750140168],[550.1468411337119,2146.31818243023],[560.8957197905984,2140.857308954932],[556.5431937008398,2135.7920318040997],[552.6243118355051,2134.0937532987446],[549.4580050752265,2134.4857746567577],[543.8950034479494,2136.8602729151025],[538.256029857148,2138.0459633907303],[532.8016508805449,2138.0101688979194],[527.6498242733651,2136.930920543149],[522.5414146334515,2134.263250202872],[517.7758758147829,2130.207857727073],[513.8098164398107,2125.2546571455896],[512.1935465085553,2121.3070759372786],[511.76285515754716,2116.7403585584834],[512.2876439757529,2112.031603913754],[514.395152714802,2105.716032348573],[516.6846545189037,2102.4002439901233],[524.0172844718327,2096.2754068672657],[533.9082831021515,2089.8236863696948],[543.2352593361284,2084.814698284492],[550.1410490616108,2082.1102859163657],[553.765986043727,2081.408366081305],[556.8597539610346,2081.6271405778825],[559.6591596977087,2082.767198990099],[562.5818983910722,2085.096189529635],[571.9711131112417,2096.2837806809694],[587.5097121270373,2116.8402068233117],[589.8317656015279,2113.146832236089],[591.4275575553183,2109.473861563951],[594.9386812468874,2097.4519864665344],[596.3706085052108,2086.702410302125],[596.4955591083854,2074.605424525216],[579.3000564984977,2072.6851227385923],[565.7216226268793,2070.0518258241937],[553.4405833957135,2066.277601881884],[551.4070172478096,2065.072802647017],[549.7142048088717,2063.3356388015673],[547.2235186168691,2058.6749183963984],[545.2470968739362,2050.371849554591],[542.9223142784904,2020.2950018774718],[540.9727709424915,2004.3603743286803],[540.8906317829387,1999.3057440361008],[541.9419684595778,1992.3765780655667],[543.6874941838323,1988.8039466962218],[546.2192401334178,1986.499657643959],[550.863988099678,1985.2115189386532],[555.9063622762915,1985.9128189776093],[565.9691697935923,1989.781491689384],[576.6346874914598,1992.5297129005194],[585.5196563166683,1993.8960358658805],[595.5589631309267,1994.520977076143],[595.1868240303011,1950.740944291465]]]}},{"type":"Feature","id":"way/1346428417","properties":{"leisure":"swimming_pool","osm_type":"way","osm_id":1346428417},"geometry":{"type":"Polygon","coordinates":[[[495.1194513173541,1685.8065230520442],[488.92946131469216,1686.2021779436618],[489.79589207825484,1699.701304094866],[495.97797502489993,1699.3056304650381],[495.1194513173541,1685.8065230520442]]]}},{"type":"Feature","id":"way/1346428431","properties":{"natural":"wood","osm_type":"way","osm_id":1346428431},"geometry":{"type":"Polygon","coordinates":[[[1305.2045940000098,1938.5795396491885],[1311.3000971006695,1934.9962497577071],[1317.93171789794,1931.669864117168],[1324.9885950437747,1928.7333983890712],[1332.3993062247173,1926.3310795510188],[1347.6277654023725,1922.8494596881792],[1354.8330494968686,1920.524389822036],[1361.6526472605183,1917.7761902101338],[1368.0703064081026,1914.7825551964343],[1374.069773805677,1911.7211791351438],[1384.7649631122476,1906.083805656992],[1389.420252606098,1903.8742849612609],[1393.6002837370615,1902.2856045169756],[1397.2808488456649,1901.5176552981138],[1400.9765612027259,1900.9941378859803],[1405.10754296527,1900.049636987038],[1409.5710877961828,1898.7172096902505],[1414.2486432882724,1897.052088510245],[1419.0296090425109,1895.0873092738912],[1423.7875967754517,1892.8558660009876],[1428.4041117814486,1890.3907730896026],[1432.7764175435877,1887.7361946627498],[1436.7860187235638,1884.925144514069],[1443.5027449149638,1879.2996250903234],[1446.6424820558168,1877.0750503474846],[1449.859873685753,1875.339461398311],[1453.2892610513954,1874.03766881302],[1457.0411869698437,1873.1588553423062],[1461.2419819651986,1872.692245614715],[1466.0101703908294,1872.593718203716],[1471.4878996093757,1872.8414316857234],[1477.7778182063485,1873.42454984691],[1492.8898534501204,1875.2528947629035],[1500.9869933962473,1876.0185424396768],[1509.2503426373005,1876.6180098056793],[1517.6008750986657,1877.0844145892188],[1525.9754403902916,1877.417590183206],[1534.3186938556028,1877.6507161995396],[1542.5595323477173,1877.8058216264471],[1566.0199700255762,1877.9123807149008],[1572.648911898199,1851.8468754785135],[1575.998513002065,1838.969739756547],[1580.8292132190545,1821.2642780374736],[1577.8379439680139,1818.0792760839686],[1574.629500634328,1816.4155826466158],[1561.1670643398538,1814.6358499368653],[1559.5663926459383,1825.8735473798588],[1559.3085446542827,1836.7926517371088],[1558.69038585003,1840.6901450091973],[1557.4502570987097,1843.9639075044543],[1555.7464194310014,1846.469946442172],[1553.768620482122,1848.0976782785729],[1551.3590111284284,1848.8355767084286],[1544.4343878153013,1849.4504391532391],[1533.0905652957736,1849.5315141808242],[1526.8007748104283,1848.892799001187],[1514.146565080504,1845.9822208406404],[1508.3308140877634,1845.1892552692443],[1491.0016787150525,1845.9100107047707],[1488.366668989649,1845.3143021073192],[1486.5144148788531,1844.242987778969],[1484.9814317630953,1841.839479927905],[1484.5047664644662,1839.9941896991804],[1484.447636225901,1834.7174381045625],[1486.0154686424648,1826.9010949078947],[1489.7369600779493,1816.6243164297193],[1492.410258783726,1811.6880271788687],[1495.4457745022373,1807.097062498331],[1502.0978928293334,1799.0830779047683],[1511.427696640254,1790.4651974104345],[1515.6197468928294,1787.3547453470528],[1519.0812990351114,1785.8531174268574],[1537.8676761593088,1783.4033452179283],[1542.7815515358816,1781.972224031575],[1548.2423191681155,1779.7094067400321],[1557.033577922848,1774.7671244787052],[1572.8777754994808,1762.5340661872178],[1580.8323708227836,1757.567381406203],[1592.4277706345893,1751.988284339197],[1600.374755118799,1749.8987395158038],[1600.7774493425386,1746.8893691822886],[1600.5888883206644,1743.5784958843142],[1596.1725014709518,1724.1155551960692],[1595.6420031558955,1715.7937812833115],[1601.7230071486556,1688.082779363729],[1604.690299643844,1667.617450618185],[1607.3219524934539,1642.7522143041715],[1607.5609234113945,1624.112566081807],[1606.5961748894188,1612.845851978287],[1604.2046549863298,1603.7637493358925],[1600.0686847005854,1594.610364277847],[1594.5243174027419,1586.664084595628],[1590.2410329603008,1582.442546993494],[1582.0724571523024,1575.7334823254496],[1567.8719224234228,1566.309044206515],[1527.4222003675532,1545.151131566614],[1505.795021535363,1534.9407083047554],[1503.7222031645942,1536.6459647556767],[1502.3905391418957,1538.697545722127],[1501.401063583151,1542.705148788169],[1501.360836727661,1545.9820880284533],[1502.2995575114037,1549.2393940528855],[1508.3120397686725,1562.330123941414],[1511.4712421696167,1570.7365905120969],[1526.7784852631157,1576.6312846662477],[1543.3971282170387,1585.1400135317817],[1549.4960231459117,1589.399651357904],[1551.6298563880846,1591.4826138922945],[1553.2503586165258,1593.6419784128666],[1555.1963570136577,1598.0905830254778],[1555.7633492556051,1604.5795243736356],[1554.5365355204558,1611.7524508973584],[1551.1929666601936,1619.3419015184045],[1547.0017158466508,1625.085077662021],[1543.4641728071147,1628.4194135386497],[1539.0686968498048,1630.7961394526064],[1533.8713393373764,1631.915472380817],[1525.6548945924733,1631.3716422840953],[1520.6545735774562,1629.6254801619798],[1514.248177544563,1625.2317535532638],[1507.5454898924218,1619.437563679181],[1500.9565047307988,1612.432840407826],[1496.9363816087134,1607.190065940842],[1491.765181979281,1598.389495932497],[1489.0101673594909,1592.3724601510912],[1486.1971204435686,1584.4112624982372],[1485.3625450055115,1580.576584593393],[1485.6400299547822,1577.1336413482204],[1487.4972998501034,1573.3393883025274],[1489.1520004557096,1571.5219374438748],[1494.1650368756964,1568.4691803781316],[1497.6334234276437,1567.4119039811194],[1506.7612513880595,1566.6472857519984],[1498.5774803578388,1547.7076879674569],[1498.378553408431,1542.3194781495258],[1499.6405371715082,1536.7573858611286],[1500.0303692713496,1532.626004983671],[1486.5015992807457,1528.824487829581],[1476.6380687073106,1527.1544065121561],[1454.2299426901736,1525.6623728498816],[1422.5767098510987,1524.4793809847906],[1421.4580702394596,1532.596848915331],[1420.3910731431097,1536.0821550404653],[1418.2188199833618,1539.5867755198851],[1414.6108324450324,1542.6988244038075],[1418.2468995706295,1546.9296522242948],[1422.9729831069708,1550.9300646726042],[1428.4889829176827,1554.7437099544331],[1434.510588109144,1558.414277142845],[1446.93322769535,1565.5564716411754],[1452.757690069382,1569.1376684335992],[1457.9504022746114,1572.7949676951393],[1462.2033731313422,1576.5719913197681],[1465.2480540284305,1580.52357323654],[1467.6746700216318,1585.3511101361364],[1470.2003364842967,1591.5341617260128],[1472.7232171826763,1598.77252683416],[1475.117794199963,1606.765941706486],[1477.2822333150543,1615.2142048133537],[1479.0988837251207,1623.828181420453],[1480.4659132825327,1632.3076697643846],[1481.265673030808,1640.3635349832475],[1481.3884380280506,1647.69555452466],[1480.724483482074,1654.0035060252994],[1479.2561782749835,1659.9871869180351],[1477.084098420979,1666.4244669703767],[1474.2798790203524,1673.0933630727232],[1470.9388077309122,1679.783063141629],[1467.1166424227995,1686.304868166335],[1462.8929395359592,1692.4257072713226],[1458.3471959776361,1697.9347265614197],[1453.5509550577844,1702.6432682983577],[1448.5837701213895,1706.3182611204684],[1443.525076546066,1708.7710676584393],[1438.523106010398,1710.6685958066955],[1433.6781143739354,1712.9109081178904],[1428.989839474496,1715.5979812266305],[1424.4501837010612,1718.8075539255515],[1420.0667793477187,1722.6396236363798],[1415.8236059130286,1727.1830170126632],[1411.7204019897035,1732.5377107784152],[1407.7569646420307,1738.7814645655453],[1403.925138680148,1746.0142344124615],[1400.2246922227787,1754.3248885516077],[1397.0242294083,1761.6259710704908],[1393.9011112442822,1769.538232838735],[1390.8243450220907,1777.8394198501483],[1384.709519807191,1794.7418330432847],[1381.61736796482,1802.8985721319914],[1378.447565358074,1810.5663294773549],[1375.184905782633,1817.5228926921263],[1371.798394750338,1823.5460080616176],[1368.2569791388232,1828.4356390535831],[1364.1892943248968,1832.3241171240807],[1359.333880687016,1835.5773437283933],[1353.8091757049551,1838.1845219358802],[1347.7492587266024,1840.1904387250543],[1341.2804020000622,1841.6065344205126],[1334.5130896395422,1842.444207670167],[1327.5814292324358,1842.7371356990188],[1320.6037985849543,1842.4967368254438],[1313.7143343347125,1841.7455786345527],[1307.031385485374,1840.5061869388446],[1300.3963190907962,1839.0669717518613],[1293.5635544385877,1837.7605515709147],[1286.5486190956435,1836.6869451794773],[1279.3591761391726,1835.9350421875715],[1272.0028890983667,1835.5937321847305],[1264.4952869687695,1835.763033842668],[1305.2045940000098,1938.5795396491885]]]}},{"type":"Feature","id":"way/1346688311","properties":{"natural":"wood","osm_type":"way","osm_id":1346688311},"geometry":{"type":"MultiPolygon","coordinates":[[[[452.14114202879136,2027.9900245387107],[453.72118928493,1979.6491909390315],[453.3561581490212,1961.2968356115744],[451.4769494145876,1935.986731625162],[449.3082711863681,1922.3732955986634],[446.5857238689787,1909.2805951023474],[425.0168734091567,1904.028408096172],[422.492635516508,1909.687568116933],[418.68261656101095,1914.976967452094],[414.00576701236423,1919.6643620757386],[408.84937746595824,1923.5507549326867],[403.6481541607063,1926.4150477088988],[400.9540387465386,1927.3526310659945],[394.92153385456186,1928.0042628273368],[388.4504568640841,1927.244023250416],[382.061136882985,1925.33980334457],[376.27395930106286,1922.537274967879],[366.0052955222782,1915.6246315147728],[347.072258695669,1904.2361291069537],[342.46409531484824,1900.2701260047033],[338.6075063118478,1895.6283477349207],[335.6673071557889,1890.6999998921528],[334.44602384680184,1886.564590048045],[334.21436425152933,1881.2540983399376],[335.3257251699106,1875.51367105823],[338.12561103189364,1870.0884360130876],[340.2706661740085,1867.7275724615902],[346.0106861452805,1864.0536239668727],[355.48503682244336,1860.1778055271134],[364.1581233123434,1857.921887198463],[371.9353210570407,1857.24119813554],[377.5126005167258,1858.7546043368056],[381.51779059966793,1860.7529195155948],[385.34750524233095,1863.483973769471],[388.6545226070448,1866.9024760080501],[392.94860062008956,1873.3893951261416],[395.5408038230962,1878.572409087792],[398.724026389129,1887.3671856382862],[400.20014477107907,1893.7805049661547],[437.6320581344189,1903.7152353683487],[441.05132154468447,1903.2238066093996],[443.63779844960663,1901.1306766485795],[444.2802226615022,1899.910317693837],[440.8601931720623,1887.9489738754928],[435.1001993676764,1870.9607457369566],[427.58618166082306,1851.4020946593955],[415.1782194589614,1822.1113163754344],[403.49443468265235,1800.0096307788044],[394.7680000838591,1804.653718505986],[382.3389983467059,1812.621276945807],[379.88919447141234,1813.7038835668936],[375.3321760596591,1814.5924520492554],[375.13286808371777,1818.591065376997],[373.9092658414156,1821.8095513954759],[371.8426296606194,1824.3705520499498],[369.12222250463674,1826.3522946694866],[362.46105611295206,1829.0130698205903],[347.06750480883056,1832.3522112183273],[342.2439959603944,1832.473652713932],[335.59349517925875,1830.802118865773],[330.3675533863716,1827.645536378026],[324.25559535453795,1822.0428849915043],[317.2863367854734,1818.3710352629423],[311.87292694684584,1817.6134703317657],[309.03791530651506,1818.0508585432544],[303.3959541217191,1820.3587198983878],[298.68855812808033,1821.4136033374816],[295.00315639789915,1820.971331433393],[292.27564215648454,1819.420547108166],[289.86886566114845,1815.837672012858],[288.61432929727016,1809.1472069360316],[288.8278199812048,1802.5603169742972],[290.30701225588564,1794.887883817777],[292.1027545618708,1790.115577314049],[294.68501013389323,1786.5227132672444],[298.2120124239009,1783.9652684954926],[302.8420762908063,1782.2658948814496],[323.9434257475659,1778.7962503191084],[349.31509146955796,1772.271198448725],[351.94403525517555,1772.1776882819831],[356.4879102067789,1773.4330348735675],[360.0415352485725,1776.107850747183],[361.41093153564725,1777.79973237589],[363.2962699191412,1781.5479797562584],[366.82823678234126,1796.2200588081032],[371.73151620774297,1811.7953166719526],[377.78786454204237,1811.1215041773394],[380.7982483750675,1809.9958439683542],[392.92698169790674,1802.1497367303818],[397.45227115391754,1798.1284706741571],[400.42105789121706,1794.669906148687],[393.21863381925505,1783.121384775266],[378.06117651128443,1761.07783172559],[342.9900933588506,1715.246195643209],[317.731964814011,1685.079776963219],[293.886481905065,1658.2050743903965],[286.2719111039769,1650.4103806735948],[280.8173070224584,1650.297041915357],[270.58746595145203,1653.1046941922978],[252.22670662915334,1655.8813718259335],[251.28122242243262,1658.367391298525],[250.03084027551813,1666.095934106037],[250.366451237991,1670.895678163506],[251.493481776095,1674.8753190170974],[253.27884460205678,1677.5790782850236],[257.4287143649999,1681.8105009011924],[262.48131775902584,1688.1214464874938],[265.48495575156994,1692.994370543398],[267.5960417597089,1698.0761756552383],[268.5397803481319,1702.7552143177018],[268.4433220727951,1706.6874299179763],[267.3695766896126,1709.9729540124536],[265.38148043409456,1712.7008100235835],[262.5419418561505,1714.9711302751675],[257.1838214402087,1717.3908128840849],[250.66772335977294,1718.807893389836],[239.67597249307437,1720.1029599355534],[233.66143771645147,1719.7883381200954],[230.9004993639537,1718.9706677887589],[226.13115848368034,1716.2707397611812],[222.69064481713576,1712.4965214487165],[220.98842052189866,1708.0711372867227],[220.88631795457331,1698.1508904593065],[218.95319242571713,1688.0595475034788],[217.25774209701922,1684.0896344818175],[213.14367676753318,1678.114272029139],[210.44807895028498,1673.153254935518],[207.64078084612265,1665.4370291531086],[207.248199833557,1661.3258830523118],[207.51179164549103,1653.5838180473074],[208.29092725756345,1648.086950937286],[210.2280262952554,1640.3711832826957],[210.6905328145367,1635.229020403698],[209.71358111483278,1627.9616018962115],[208.25477150641382,1624.0589203815907],[206.3744550491101,1621.4327029380947],[200.2112440491328,1630.2601436944678],[192.35715447901748,1642.960380366072],[187.3513652891852,1653.0459262980148],[185.49686225841288,1659.2733469828963],[185.8477673859452,1667.5390137629583],[190.39014846633654,1672.6933635398746],[193.0006853354862,1676.9321046955884],[195.01010372460587,1681.6470534093678],[196.17409353674157,1686.6709847031161],[196.1912939705071,1695.8134205723181],[195.34166182903573,1704.331662372686],[193.6376065479708,1713.6143181324005],[190.88462157454342,1722.4945097807795],[186.91982966440264,1729.7832197397947],[179.69984092295635,1738.2415239848197],[172.20709295629058,1745.2550523187965],[160.1952881141333,1753.779485934414],[158.38294384028995,1755.6746556572616],[156.8936340257642,1757.8261090777814],[154.7586767449393,1762.5420855507255],[152.49198236473603,1772.7454013545066],[151.22917557647452,1775.8971822038293],[146.32007090264233,1781.9950014567003],[141.0042643068591,1786.5366303287446],[134.01494495855877,1791.0742029566318],[125.77989871217869,1794.986679404974],[118.96407341212034,1796.3476235764101],[113.89836023561656,1795.4244396574795],[111.96705883514369,1794.2977894088253],[109.2434180752607,1791.125234107487],[105.5980948341894,1780.640975442715],[100.743164170417,1774.1640023272485],[96.11756892548874,1770.775784485042],[93.39707302954048,1769.5583608830348],[87.33054482890293,1767.9107159953564],[81.59873093717033,1764.9530690750107],[79.03801662294427,1762.9473259598017],[74.81819105928298,1758.2381789283827],[72.12319170602132,1752.9995057145134],[71.48229853447992,1750.342996862717],[71.37014289031504,1747.7544174687937],[72.40132998418994,1742.4358806284145],[74.55390059092315,1736.9423163309693],[77.53470423130784,1731.717361795716],[81.02682587481104,1727.2379224905744],[86.31927889405051,1722.5628843298182],[87.39671198296128,1720.976957953535],[88.17879370524315,1717.4796347692609],[87.98568815115141,1715.7240058025345],[87.45289613190107,1714.067532721907],[86.62759368383558,1712.5880900546908],[85.55698383855633,1711.3524437975138],[84.28034882980864,1710.4384494069964],[82.8448651052895,1709.9239814225584],[81.17980864539277,1709.6755655091256],[79.21458962699398,1709.5041846605018],[76.95702160225483,1709.4431838952005],[74.43073317722883,1709.5148378703743],[71.6593798660324,1709.7303126826882],[68.65080226736609,1710.1118448320776],[65.4365232422133,1710.6817280361429],[62.01651630399283,1711.451071150601],[58.43017168523511,1712.453295474872],[50.853628930286504,1714.9788806028664],[47.04604008595925,1716.0694463215768],[43.309954545402434,1716.9713402492926],[39.66910768987145,1717.6624022638425],[36.178757497807965,1718.1427654270083],[32.88624113245169,1718.4236522186548],[29.82321478216909,1718.4718127697706],[27.036988892185036,1718.3095779828727],[24.57500781514682,1717.9037359459326],[22.468794027809054,1717.2765794554725],[20.599856320244726,1716.461148626171],[18.818073783651926,1715.5126248132437],[17.10773847764358,1714.3976442636922],[15.46885030332487,1713.1162069234997],[13.901489407697227,1711.6349870767444],[12.405709174636286,1709.9317675624043],[10.981562980392482,1707.9843312269077],[9.621183394512627,1705.781550468877],[8.32462378492346,1703.3012081468478],[7.084043444541749,1700.5210681147873],[5.662165513203945,1697.6294059222564],[3.853209014807362,1694.8478989619762],[1.7045380525523797,1692.176661496982],[0.0,1690.3962222075777],[0.0,2088.5591236000505],[452.14114202879136,2027.9900245387107]]],[[[4.488261955266353,1585.1073981812224],[12.03178487723926,1583.2370869638398],[20.010002741706558,1581.1567677818239],[36.188215595146175,1576.6967611992732],[50.88977386150509,1572.4220783067867],[61.97369843657361,1569.0051639927551],[65.7115363914636,1567.414550749585],[68.41608942626044,1565.4659675788134],[70.18971381767187,1563.2707466529682],[71.11897711263737,1560.9401825368404],[71.29828734131297,1558.6078063882887],[70.81423889839789,1556.373804923147],[69.76918803568697,1554.349511760287],[68.24175486405147,1552.6684204954654],[66.33432311814977,1551.4307563342154],[64.13343471038388,1550.7589234011248],[56.5889092796715,1549.7520394697785],[47.923128311056644,1548.8535452764481],[34.83690587687306,1547.7999932514504],[31.601703762076795,1547.192329954356],[28.83392227598233,1545.8970604427159],[26.493795057875104,1544.036283080466],[24.557424957980402,1541.6988087575883],[22.9929405474104,1539.0067551191896],[21.78433942893753,1536.0489522721618],[20.89185623708181,1532.9474990162998],[20.29159448563587,1529.791206587106],[19.951709910237696,1526.6910843709484],[19.848279246944003,1523.7470522401854],[19.89542632753728,1517.2819517599419],[20.02277620654786,1513.5719810202718],[20.300626410520636,1509.65130907204],[20.784023416228592,1505.6089374301955],[21.52801383874612,1501.5338676422834],[22.587697920622304,1497.4928842009977],[24.01812247710768,1493.5749887824059],[25.88220192346489,1489.88031073194],[28.23500982305268,1486.486743427813],[31.376852903107647,1483.2617077697068],[35.48170230467804,1480.0834295349196],[40.39159200974973,1476.984855483286],[45.94063438923331,1474.0100217461586],[51.96291447326075,1471.214072657749],[58.308332258311566,1468.6410816274583],[64.80313099134946,1466.3239557929337],[71.29715605446836,1464.3289844812825],[77.63246540701948,1462.678003134206],[83.63522059627576,1461.4372426010668],[89.81868873065105,1460.5524005182087],[96.64887873659609,1459.9246277036145],[103.8890664218925,1459.5089185750112],[111.29455252521439,1459.2935731224716],[118.63650726369815,1459.2336028590798],[125.67815279896604,1459.3062162110582],[132.18276532465825,1459.4664034880698],[137.91354040289298,1459.7024797983468],[142.6416489914409,1459.9694531457499],[148.8290559464367,1460.717643960379],[153.87662301387172,1462.7183453496546],[160.36194503412116,1467.5663500810042],[163.85775333771016,1471.3962101209909],[169.3108238512068,1478.6967190960422],[172.5323179117986,1481.703879418783],[177.8540820736671,1484.5606301734224],[181.41370018007,1484.8692239867523],[183.11998628423316,1484.417923135683],[136.92526120768161,1434.2835708968341],[15.41092789976392,1425.6806288585067],[0.0,1424.5904226595883],[0.0,1586.136530383546],[4.488261955266353,1585.1073981812224]]]]}},{"type":"Feature","id":"way/1346986333","properties":{"natural":"grassland","osm_type":"way","osm_id":1346986333},"geometry":{"type":"Polygon","coordinates":[[[788.5198060591938,1049.2956977393478],[787.5712927270215,1046.6161242630333],[787.2309094590601,1043.8492191527039],[787.325446789735,1040.8056980660185],[787.7140889061848,1036.9742088653147],[788.543269117421,1030.6443953551352],[792.1622041278752,1004.459435261786],[792.373623524385,1002.0271836435422],[792.4269476466579,999.6722925947979],[792.0560179895256,990.251251318492],[792.0781835367088,987.7296523433179],[792.250718434283,985.0640216106549],[792.6210207418189,982.2433703625575],[793.2444959481945,979.2122956681997],[774.4329298584489,972.0663542607799],[761.1004863729468,968.0447039911523],[746.6768099485198,964.69795549009],[737.3569769678288,963.0303899617866],[735.52822536655,965.0142235644162],[734.5365387673373,966.9224062366411],[733.9009974006913,971.6197477867827],[734.8979294708697,983.2974103242159],[737.2137896395288,994.7895501647145],[740.2048541253898,1004.6393181569874],[743.8670057079289,1014.4796708216891],[760.1881847039331,1051.1237146956846],[770.74219220964,1048.5953747956082],[777.714858882362,1048.0242286995053],[783.8872522650054,1048.5952549092472],[788.6193224931485,1050.5290053971112],[790.249686670606,1052.0661156354472],[788.5198060591938,1049.2956977393478]]]}},{"type":"Feature","id":"way/1346986335","properties":{"natural":"grassland","osm_type":"way","osm_id":1346986335},"geometry":{"type":"Polygon","coordinates":[[[701.1363092507818,1053.3966501569375],[715.0386636515032,1056.7753114700317],[726.8386131697916,1057.9492029240355],[739.4163708589622,1057.4921101890504],[745.6638731295243,1056.4525399925187],[751.6919740511221,1054.757014340721],[757.3903151967097,1052.3386024879292],[743.5015954500996,1021.632696130313],[735.9890131954453,1001.4738485440612],[732.4317112535355,987.6124472972006],[730.8483326832647,973.6782597526908],[730.970441699319,965.9469736898318],[729.6463737494778,961.900104181841],[724.9503388513112,961.2995220227167],[721.2957984121749,960.9570630481467],[714.973030968511,960.4968053810298],[708.2788907997892,960.1578145669773],[704.9632467752672,960.0494981743395],[702.4336286954931,964.4643645407632],[701.5695103005855,972.1604594914243],[701.1363092507818,1053.3966501569375]]]}},{"type":"Feature","id":"way/1346986349","properties":{"leisure":"swimming_pool","osm_type":"way","osm_id":1346986349},"geometry":{"type":"Polygon","coordinates":[[[570.2912592472858,1073.3866621479392],[570.5750594275305,1067.222090289928],[556.760554694687,1066.5877885911614],[556.4767401037388,1072.7634695637971],[570.2912592472858,1073.3866621479392]]]}},{"type":"Feature","id":"way/1346986352","properties":{"landuse":"meadow","osm_type":"way","osm_id":1346986352},"geometry":{"type":"Polygon","coordinates":[[[661.8968046979862,959.6525174221024],[636.2152101232205,959.2660088390112],[626.063670682488,958.6740580182523],[617.8078720472986,957.7091717952862],[610.7212797901011,956.4472867082804],[606.0580872975406,955.3358777975664],[601.3874145421432,954.0578244458884],[599.2818640256883,959.4069139873609],[597.5860791403684,965.0680689197034],[596.2609171261429,970.9078878341243],[595.2593124656705,976.8040582425892],[594.5342551941285,982.61205064971],[594.0307572868769,988.2206415273249],[593.7017813457642,993.4964100196958],[593.5160800376907,998.3059747265652],[592.7195487609133,1029.5747258104384],[592.7879951964715,1030.6191062135622],[592.9904884695425,1031.7304730471224],[593.3271117298864,1032.8755006967112],[593.8057875421946,1034.043100360781],[594.418676416215,1035.21103526745],[595.1737009200151,1036.3682166310027],[596.0788391135866,1037.4813385987654],[597.1183011548128,1038.5503617879003],[598.3079600342317,1039.5420000851154],[601.0979219154688,1041.481868932955],[602.6260049664415,1042.8964808862656],[604.1690997963306,1044.6221718555316],[605.679947929515,1046.6143892928958],[607.0955012332997,1048.8285411410034],[608.3764241184108,1051.2089859470725],[609.4675913735991,1053.7000427646562],[610.3059275105479,1056.268227968365],[610.8442024676478,1058.8578803157434],[611.0272914192756,1061.413318847306],[610.8505084558274,1068.9667331390083],[610.3566342324484,1080.1963054668158],[609.9855087379692,1086.5383953610435],[609.5350468832185,1093.0358075760305],[609.0058876542025,1099.4330456349999],[608.398697720666,1105.4635045100003],[607.7140603358857,1110.8939048005268],[606.9526696862304,1115.4465329209343],[606.0744963638135,1119.3434610953555],[605.0391779484926,1122.94006410148],[603.8624486096669,1126.2585985558107],[602.5522031957516,1129.2990842601284],[601.1163642642205,1132.0504324771464],[599.586455373792,1134.5349392723292],[597.954581674363,1136.7525849882513],[596.244455125765,1138.6923203179613],[594.4639425990754,1140.3652735846117],[592.6288057164638,1141.7825928190723],[590.6282402206562,1143.0550875188783],[588.3829933736124,1144.3047547116876],[585.9405447783065,1145.4872787268832],[583.348290749942,1146.5916694710031],[580.6536552599282,1147.595828248188],[577.8961674507591,1148.4776365868747],[575.1390406609862,1149.215035038069],[572.4139368443866,1149.7747767316177],[569.7761190482415,1150.156999441795],[567.2730663585826,1150.317386996001],[578.0570237275679,1150.4553711181507],[599.8623905717977,1150.4875975884497],[629.7129849523772,1150.3511852882802],[641.5871132370667,1150.2142899530008],[654.3146554527921,1149.7685148790479],[667.5402938675252,1149.035190843977],[673.9756355912541,1148.6069961981848],[685.7887031863793,1147.6368834134191],[695.2413251887192,1146.6275333995],[695.3332623031456,1138.3185210023075],[695.5733229941688,1133.8978959368542],[696.9031297189067,1123.0925569897518],[697.277543094533,1118.6167267328128],[697.4462454071618,1114.318117246963],[696.9127024277113,1097.2983800088987],[696.7639716797858,1090.510643354617],[696.7227526943316,1084.922907250002],[697.105782679806,1070.738171047531],[697.4731992919114,1053.343006843701],[697.6068738600588,997.022678882815],[697.9065214412985,972.0401648078114],[698.1324747142498,966.9529888313264],[698.0506840492599,964.9421246098354],[697.8181067586411,963.2419224837795],[697.4428052785806,961.785751064308],[696.9249470829382,960.5069591291249],[696.6185223276261,959.9174325512722],[661.8968046979862,959.6525174221024]]]}},{"type":"Feature","id":"way/1346986355","properties":{"leisure":"swimming_pool","osm_type":"way","osm_id":1346986355},"geometry":{"type":"Polygon","coordinates":[[[537.7247778144665,1197.111019040458],[537.3056462313398,1210.0848370231688],[543.9208908003638,1210.301259434782],[544.3400357686915,1197.3274418460205],[537.7247778144665,1197.111019040458]]]}},{"type":"Feature","id":"way/1346986357","properties":{"natural":"wood","osm_type":"way","osm_id":1346986357},"geometry":{"type":"Polygon","coordinates":[[[809.6260027496028,1001.3043340127915],[815.0680125108338,987.8989065522328],[804.5545776408399,983.7065659081563],[793.2444959481945,979.2122956681997],[792.6210207418189,982.2433703625575],[792.250718434283,985.0640216106549],[792.0781835367088,987.7296523433179],[792.0560179895256,990.251251318492],[792.4269476466579,999.6722925947979],[792.373623524385,1002.0271836435422],[792.1622041278752,1004.459435261786],[788.543269117421,1030.6443953551352],[787.7140889061848,1036.9742088653147],[787.325446789735,1040.8056980660185],[787.2309094590601,1043.8492191527039],[787.5712927270215,1046.6161242630333],[788.5198060591938,1049.2956977393478],[790.249686670606,1052.0661156354472],[793.8529555430287,1057.0518850935623],[795.6426475593471,1061.1443807790056],[797.2931235173601,1067.2138581471518],[797.768808992987,1072.669390711002],[797.1269658677629,1076.7224114099517],[795.5353266083403,1081.728370912373],[789.0139513710747,1094.2979415711015],[787.3890867652372,1099.9592274334282],[786.8471525956993,1117.5872287666425],[782.8012788221822,1156.546024657786],[781.8495652201818,1161.3869759719819],[779.1927387401811,1169.2895971182734],[777.5663207864272,1172.4514435864985],[773.9696010280168,1177.3968008924276],[770.1872845680336,1180.8087026206776],[759.5338422195637,1188.413429272361],[754.7756993222283,1193.7224509837106],[751.9852486271411,1198.2810531351715],[749.7855589294923,1203.3743599159643],[747.753421180998,1210.9008768582717],[746.7886092896224,1217.819111790508],[745.6776269734255,1232.6129872910678],[744.0781151054543,1237.6411577966064],[740.8988934821682,1242.9763879990205],[732.896533896972,1251.2432502126321],[723.616748850327,1258.918149185367],[708.2746653271606,1269.4216147596017],[703.2722104011918,1271.4641270218417],[701.2433246983564,1271.447916612029],[699.5397935337969,1270.7660078322515],[698.1615327009931,1269.451726069674],[697.1006194513757,1267.5161598138511],[695.9542683350155,1261.8812097245827],[696.8874795213924,1239.2441957136616],[696.8213884350844,1218.4264835668728],[695.9615196263185,1202.4612417491153],[692.8633171225665,1169.283130611293],[693.4625187511556,1163.3193103726953],[695.6733106594766,1156.9374133581296],[695.2413251887192,1146.6275333995],[685.7887031863793,1147.6368834134191],[673.9756355912541,1148.6069961981848],[667.5402938675252,1149.035190843977],[654.3146554527921,1149.7685148790479],[641.5871132370667,1150.2142899530008],[629.7129849523772,1150.3511852882802],[599.8623905717977,1150.4875975884497],[578.0570237275679,1150.4553711181507],[567.2730663585826,1150.317386996001],[534.9301371659967,1149.4814384914935],[514.0390691180364,1146.874506897293],[506.9256157768541,1146.9679192751646],[499.29638325987617,1148.115377150476],[500.4141350660939,1152.628249173984],[501.59981535049155,1155.2195000918582],[510.2181808145833,1169.037804139778],[511.83273684611777,1173.7740849722177],[512.7205346077681,1178.6862980909646],[516.2419953068602,1175.351357018575],[519.7930778334849,1172.8052030652761],[526.7323836385622,1169.7120463885367],[532.9797963640303,1168.650051921606],[539.8151132454514,1169.2780361231416],[555.263592702162,1176.2593917865306],[573.5275167415384,1181.2593653323129],[582.9757383234682,1185.1487377909943],[588.1936337177758,1188.5276733180508],[592.2658484167187,1192.2814447525889],[596.8535861828132,1198.2471208777279],[598.9426680122851,1202.6180253736675],[600.2964033003082,1207.4425464030355],[601.1599840670242,1215.6984049174935],[600.8367537929444,1224.995507854037],[599.833323256229,1231.635952387005],[598.0713981651934,1238.518891681917],[595.425221925776,1245.4218399273232],[593.6806331470143,1248.5278946440667],[589.5540762770106,1253.9052678216249],[582.4103119377396,1259.863869025372],[575.2491956268204,1263.28967058938],[563.8410355125088,1266.6049134237692],[551.9612033093581,1269.1191812176257],[544.6406335688662,1270.0118554206565],[541.7761357501149,1269.504835835658],[539.5447822532151,1268.3662024540827],[537.8830564307282,1266.7402085242793],[536.7354195769294,1264.737801535055],[536.0146441547549,1262.5142847495154],[535.647257927747,1257.8699694192037],[537.3879427289357,1249.9760762993246],[544.4627347842907,1230.4869607938454],[545.0207267823862,1228.3332789614797],[544.3038499724353,1224.5434564501047],[541.7053865807247,1221.8153765685856],[537.9268827257911,1220.5840235846117],[533.6461761633982,1221.2954307198524],[527.4238726151525,1224.9791197860613],[521.5463771082577,1226.5197096290067],[516.5116822061245,1225.6629389571026],[513.8950992344762,1223.8679489539936],[512.7931036478258,1222.5543939638883],[510.8601795450668,1218.8615311291069],[509.6880122317816,1214.015263101086],[509.72588214394636,1208.305529659614],[510.3414731285884,1205.2077558655292],[513.0417600986548,1198.7381436936557],[511.7309919538675,1195.6578005999327],[510.69940757151926,1191.4228556472808],[509.6880240419996,1179.0564560936764],[508.87823295476846,1174.5221300460398],[507.46750299539417,1170.3640041667968],[498.1813066531322,1155.2443380933255],[496.279483109538,1148.5522319823503],[495.7914526165696,1141.6081376764923],[495.847627935349,1131.699394823052],[497.4538612937904,1012.5857429560274],[497.55823613976827,970.5399135909975],[497.7941672166344,967.7300210641697],[499.79517509927973,963.1138072106987],[503.1107321428135,960.0782807599753],[506.8730786428787,958.3435730598867],[511.86472763691563,957.5450449846685],[540.4442936326959,957.7383128069341],[544.9296998608625,957.3273517461494],[547.3080841513001,956.5334539422765],[550.3841335755424,954.5748905874789],[553.3843065433903,951.3830840149894],[559.7381874655257,942.5342447860166],[561.0006093019038,939.682478309609],[561.4565776513773,937.2952636787668],[556.1437224436086,933.9161157654598],[551.0361322949175,930.5374835552648],[547.844124311523,928.3300293469802],[544.8653629284236,926.0897818468511],[541.9105887395563,923.727400759235],[535.1982274721377,918.0008702930063],[493.07386479648994,954.6323631834239],[484.5193642411614,1354.1546106180176],[361.0888095393311,1353.8496099906042],[358.20965687563876,1510.0741057675332],[376.8594784956076,1511.919627535157],[376.8223494638805,1507.7649129219353],[375.8894829544588,1501.8972641853616],[370.85993501049234,1486.21061472781],[369.3192344689742,1477.1199710723013],[369.27049720461946,1471.2656097291037],[370.10442400258034,1466.0243962276727],[372.1595991314389,1461.7526406329125],[374.13737867143936,1460.0578942066059],[376.6986860608449,1458.631192936562],[383.1062532343203,1456.5252379728481],[390.4591229681391,1455.2436581766233],[408.33586213731905,1453.7214531973004],[434.87721484847134,1447.2218418661505],[440.69647820689715,1446.7918907711282],[446.36275243316777,1447.5724056502804],[451.7183116636588,1449.4963439349085],[456.40012177533936,1452.5183713920414],[460.0294438220444,1456.5597881274298],[461.3260722627747,1458.962461348623],[463.9444635701366,1466.3672874858603],[465.2051297038561,1473.7243161052465],[465.154670769698,1481.3447031509131],[463.651130997343,1489.1725538503379],[461.7134928072919,1493.7778302570805],[457.9971581363934,1499.378477504477],[455.330196719151,1502.0268327891827],[451.4481726270751,1504.4055741941556],[448.3436161040445,1505.2421442577615],[444.12774859246565,1505.3539056153968],[438.2009852985502,1504.583856670186],[429.9795280199032,1502.7750382078812],[425.3679713360616,1512.8613729719073],[424.36510742572136,1516.1692627239972],[424.5099653013749,1518.2469323920086],[425.0594090342638,1519.525781459175],[437.9405229398981,1523.7122536171228],[453.50655901408754,1530.7380968136713],[462.23361696640495,1535.5697426805273],[474.7088067223085,1544.2542744046077],[476.5628800393315,1538.326868681237],[476.7608319520368,1525.3524922542274],[477.7675229401211,1520.5116305882111],[479.19563171244226,1517.6380397537723],[481.25445959792705,1515.0992721421644],[486.11076795804547,1511.4010402355343],[481.51381257380126,1502.8360001808032],[479.40495167614426,1496.8987675206736],[477.9826023980859,1487.8972592623904],[478.3919467954547,1481.999597966671],[479.6854594119359,1476.1041294243187],[482.6673616389744,1467.435694408603],[486.7281276631984,1459.847473476082],[489.9431395207648,1455.8674571374431],[494.1983112487942,1452.6565189082175],[503.9188025360345,1448.492705966346],[517.751207762456,1444.7723644049838],[535.3249094456551,1441.3279692046344],[545.653849741153,1440.1206261226907],[554.2041462807683,1439.875317540951],[564.7648561524693,1440.7014598846436],[576.0878552558133,1442.9180988455191],[579.3826942739543,1444.9369803508744],[580.4292106078356,1446.3170607667416],[581.4541153704631,1450.0298973405734],[581.2594859661767,1455.2615710003302],[580.0978067333926,1462.068255085498],[577.2063168800087,1472.4142724238336],[573.678387233289,1481.5589725747705],[570.3455283304793,1488.4602201860398],[556.9903337374562,1509.7887990893796],[542.1997676957981,1530.5917270276695],[505.6389548922889,1569.5920352330431],[514.5846375309047,1578.534485786222],[521.7010193533497,1586.5948189646006],[529.6153238401166,1597.5787126086652],[535.0720878910506,1606.356992708519],[541.2344532887801,1604.4061063202098],[554.3633741742233,1597.7514170520008],[575.4333773227991,1588.161669776775],[583.8760735963588,1583.506010670215],[587.1435427691904,1580.648144009523],[589.3862632173696,1577.18785438966],[590.9201142163947,1573.081495149061],[591.4445033905213,1568.5727047128603],[584.7199704986997,1568.0115911792964],[580.6734138534521,1566.7239989712834],[575.4478743264335,1563.3672641953453],[572.629881496192,1560.094299422577],[570.6194547911291,1555.8791174087673],[569.5741199463373,1550.8665223531425],[569.3980393891106,1545.5006195819005],[570.0190585392993,1540.2255738601089],[571.3571836074698,1535.4633134407923],[575.1093868505559,1528.1743104811758],[580.6551013318822,1520.2899202713743],[584.8354375730269,1515.4347793795168],[589.0531989909941,1511.4017725391313],[593.2116267987294,1509.0015873899683],[597.1998365802574,1508.378358837217],[600.6719742494752,1508.931356835179],[604.7478639297769,1511.1299415500835],[605.8309753119829,1513.6543056741357],[605.7666072003194,1517.2977721504867],[603.2677784722764,1525.3008414022624],[602.9516370444908,1531.7652682615444],[604.5680945892236,1538.834391024895],[610.0041079793591,1552.7337566660717],[609.762758845638,1557.69870669581],[608.371321872226,1561.6721140090376],[605.5656508760876,1566.1085483748466],[603.4993952986551,1568.4473026683554],[597.756159707671,1573.242983479984],[593.9845889879507,1575.6441320497543],[590.9538729871274,1581.6907607503235],[588.9267937137047,1584.151812421158],[585.9210272372002,1586.5326608549803],[577.0514362091199,1591.4316417025402],[548.5912341584335,1604.668816452846],[542.2511563170701,1608.2411119770259],[538.0664471251075,1611.7188009945676],[544.8816419287468,1626.576887274161],[551.9952555480995,1626.2058044709265],[569.6483629521681,1622.384009505622],[574.0697094263742,1622.1506488928571],[577.8966092460905,1622.8711493574083],[584.7216859399341,1614.756673523225],[591.563720578677,1609.3416423685849],[597.6481856043683,1606.9795965999365],[607.0278740918147,1606.4476076867431],[615.1007711919956,1607.61198289413],[624.5197074408061,1610.3238353366032],[646.8057975661359,1619.5109372073784],[656.7594175664126,1623.0573239801452],[676.602410759253,1627.428370270878],[679.1955745797604,1629.03452352155],[680.2081190200988,1631.347659893334],[680.0118520332617,1634.0576709425077],[678.7341138072661,1636.7538575073704],[675.0556061728275,1639.8217096319422],[660.6699347297545,1643.9402336822823],[646.5665222099633,1648.8371009463444],[631.6466421970981,1655.0872067864984],[609.9435492744669,1665.352812458761],[604.2966711669578,1666.371796947904],[598.2500260515953,1666.2567079970613],[591.9695259535802,1664.9524180423468],[585.6367875417345,1662.4371639881283],[580.3028401441406,1667.755987807177],[570.234067493584,1675.5735529903322],[568.760416397301,1677.713841601275],[567.8365830337862,1680.9663639971986],[573.8436430572183,1693.7784814210609],[578.2676093477639,1701.9654667163268],[582.9863622390549,1709.064546016045],[594.0135094913421,1722.0780635075644],[598.0452206177288,1719.7886510621756],[604.6370165342814,1713.3843407193199],[611.0520726322429,1708.2126523926854],[624.6602266960545,1699.2709287730977],[647.0465197034064,1687.2519226139411],[653.7239637279417,1684.502614456229],[660.3916246340959,1682.5086750984192],[666.9946594916983,1681.10333753936],[692.0592181308893,1677.7115015620366],[697.8406914199586,1676.537412058562],[703.3707847057958,1674.8739160737023],[716.8607360651367,1669.0647223582491],[725.7332420720486,1666.1432768255472],[731.8864834805718,1664.6813300931826],[751.0531093789032,1661.7192122628912],[757.0574096941855,1659.8458948768675],[767.0462170880637,1655.6609403267503],[775.3943842497538,1654.0712743652984],[784.9778353202855,1654.1066007977352],[817.7152079581865,1660.2658552732319],[827.2639201521524,1661.5453229658306],[842.92594937986,1661.5517100598663],[865.3482567477622,1660.431116935797],[875.1915269995225,1660.7338453959674],[876.9886440036935,1649.3965076925233],[880.5466155883623,1637.8859097482637],[882.3002068536007,1634.3578262161463],[884.2953831164632,1632.0634149089456],[889.173824372876,1629.0320608643815],[897.1204160721973,1627.0638384046033],[908.6397898013238,1626.3933253763244],[912.430717231473,1625.7253561569378],[925.3250483039883,1621.4258558880538],[930.7516048353864,1620.1622022818774],[933.2934163734899,1620.2131202211604],[935.7546706595458,1620.8970252564177],[939.6800170999486,1623.2398524153978],[941.906809929118,1626.0893433671445],[942.6953882057569,1629.5128125725314],[942.290359569306,1633.5553183117881],[938.4243317312794,1648.1866200855002],[936.6006739416043,1660.6014100452885],[936.1377712319954,1668.7650687824935],[936.9415270609315,1681.7086685569957],[936.2173684948939,1687.072287203744],[934.2166077091242,1691.5550676276907],[932.6804789683083,1693.384072263725],[928.4582377824117,1696.0393734835088],[925.7170365326456,1696.7988785970956],[919.3999870031839,1697.4826179752126],[909.1857531252317,1697.1788763450459],[902.6044648837415,1696.2289912067354],[896.8058765619644,1694.8145426996052],[892.1689318427816,1692.9253843119368],[890.1751476658392,1691.5761676263064],[886.7430454260902,1687.7460692478344],[884.0655682426877,1682.073860107921],[882.1437327217427,1674.159631388262],[880.9864505830919,1663.6034946478903],[865.3578366982983,1662.875038751401],[837.448700259265,1664.148344276473],[827.1156884850934,1663.9666274469346],[817.2828476878931,1662.664223046042],[784.7033133859513,1656.5275869201869],[775.6250903466716,1656.4935372341424],[767.735010187549,1657.995490594767],[757.9674096494564,1662.1143505545333],[751.6313338754699,1664.0756991356611],[732.3541411088663,1667.0597538752481],[726.390472582425,1668.4777431255206],[717.7233842099085,1671.3330530952662],[704.2175927279168,1677.1644224030897],[698.4347222921206,1678.8939338326454],[692.4794690883718,1680.1120205130428],[667.430707796244,1683.503894455731],[654.539211793337,1686.7930350406095],[648.0513950192835,1689.4761658934876],[635.9658617601963,1695.6222801618278],[621.7040049948264,1703.9513697158545],[612.4996914380463,1710.1713903388008],[606.2586386472103,1715.2102087438107],[600.1489907796495,1721.3713325820863],[598.8877299081068,1723.8120780214667],[598.3133074131911,1726.2323226425797],[600.038522199844,1727.6696461550891],[606.0192426911672,1732.0280665904284],[614.7444109185017,1737.4597846483812],[655.6791974636144,1761.057046125643],[661.1753257121309,1763.4591854475439],[667.479313706106,1764.7969288202003],[676.0288757262169,1764.6739778667688],[775.7307027751813,1749.0508661847562],[786.5798910023877,1747.9674224508926],[794.4030883421074,1747.8983361786231],[803.6292565495241,1748.6881741061807],[813.3568701890763,1750.9678510073572],[821.3383523268276,1753.8540930133313],[861.2940578326234,1770.9849719088525],[871.9902911895188,1774.1669971467927],[885.6869056165451,1777.0900643579662],[899.8757341849268,1778.9146599005908],[931.6181567064486,1781.806031998247],[971.7605918939225,1784.385776440613],[989.6407283687149,1784.3204355295748],[993.5789995476953,1627.4100557435304],[1041.4924768417259,1598.3949842844158],[750.9121577093028,1595.5447876350954],[752.1952580907382,1365.410728908144],[803.796674764948,1308.1873005051166],[795.2541418314213,1314.6531226830557],[787.27025363344,1318.743124101311],[780.0822015021113,1320.3134899614379],[776.853809409833,1320.1164868818596],[773.9034377741627,1319.2425619456917],[771.2626920207404,1317.6806859737262],[768.9474447715911,1315.397572814487],[763.1373165645637,1305.8961451277137],[758.9663377461256,1294.4215251207352],[757.1642818978289,1282.7307124966756],[757.6244019208825,1275.5890325959772],[759.3467633919208,1268.8060136744753],[763.5631110502873,1259.1854840163141],[771.8969959421665,1244.6986716790125],[773.7672185014817,1238.7713937433437],[775.7081218703534,1229.8671856997535],[777.7823505864362,1224.4403120977804],[781.5754875935963,1219.862037348561],[788.9229468503036,1214.6151238065213],[796.1323594638379,1210.8897499646991],[803.3065758182202,1208.5973066687584],[805.699845582305,1208.1368009159341],[809.6260027496028,1001.3043340127915]]]}},{"type":"Feature","id":"way/1346986367","properties":{"leisure":"swimming_pool","osm_type":"way","osm_id":1346986367},"geometry":{"type":"Polygon","coordinates":[[[913.1688505038037,1645.8560649715364],[894.8457418347243,1643.021142818965],[894.3000630931929,1646.507862332277],[912.6310561517021,1649.3428030749783],[913.1688505038037,1645.8560649715364]]]}},{"type":"Feature","id":"way/1346986369","properties":{"natural":"grassland","osm_type":"way","osm_id":1346986369},"geometry":{"type":"Polygon","coordinates":[[[824.8494590088376,1009.8965165140107],[826.7332931748824,1007.9906080439687],[829.7770924094948,1006.3209205614403],[833.9069306450547,1006.0203468501568],[841.5213715080754,1007.6837280765176],[842.782378922624,1002.3214660994709],[842.4270441394183,999.2323704455048],[842.2938162136707,998.8432310912758],[824.3983450125088,991.6328140180558],[824.5294502744218,995.9766137627885],[824.5316603583051,998.2205591546372],[824.4177408787655,1002.6748243179172],[823.9756828978425,1008.8834190694615],[823.3074870863929,1013.980579726398],[824.8494590088376,1009.8965165140107]]]}},{"type":"Feature","id":"way/1346986370","properties":{"natural":"wood","osm_type":"way","osm_id":1346986370},"geometry":{"type":"Polygon","coordinates":[[[822.473918643198,990.8614446520805],[822.1972576692933,990.994047196582],[819.9975375297945,992.9324827417731],[818.3938117631478,996.4609599849209],[815.1190908643184,1008.2611230975017],[814.446328965947,1021.4009089628235],[815.0803624040564,1032.9110376620665],[819.1379470525426,1033.0768333291635],[820.8774135662243,1032.0592465568334],[821.9711307003163,1030.3957249158993],[822.7320929490379,1026.0764019303024],[823.3074870863929,1013.980579726398],[823.9756828978425,1008.8834190694615],[824.4177408787655,1002.6748243179172],[824.5316603583051,998.2205591546372],[824.5294502744218,995.9766137627885],[824.3983450125088,991.6328140180558],[822.473918643198,990.8614446520805]]]}},{"type":"Feature","id":"way/1346986371","properties":{"natural":"grassland","osm_type":"way","osm_id":1346986371},"geometry":{"type":"Polygon","coordinates":[[[860.1489781545242,1012.5854607438669],[867.8314395218622,1015.4376676753163],[873.4143539874349,1018.0845933416858],[878.8847019599052,1021.5310579556972],[881.5935766200419,1024.2817719476297],[882.8174155413872,1027.339752328582],[882.679022018332,1028.983475310728],[883.660828659602,1024.7646983955055],[885.4668015830102,1016.2267666822299],[848.2090194635093,1001.2243706518784],[846.6994234168669,1001.8759489450604],[845.3302458136459,1003.1944005768746],[843.9523903724621,1007.9342833440751],[860.1489781545242,1012.5854607438669]]]}},{"type":"Feature","id":"way/1346986372","properties":{"landuse":"farmyard","osm_type":"way","osm_id":1346986372},"geometry":{"type":"Polygon","coordinates":[[[809.6260027496028,1001.3043340127915],[805.699845582305,1208.1368009159341],[810.0513348872773,1207.5479493029416],[808.6789856142132,1260.0437988713384],[807.3161927654874,1305.6523339003325],[803.796674764948,1308.1873005051166],[802.685858190991,1366.5491720596328],[754.4436463819584,1366.0273747732863],[751.9415150214336,1594.3143270751461],[1040.3659730541985,1597.4700758606195],[1042.8774399412796,1369.5497912270948],[815.8763111078297,1367.0713410591707],[817.7882041441044,1057.9011665396392],[816.6604474475025,1057.4206402674317],[816.3371704450692,1051.021260120906],[815.5814551116782,1040.7994220033288],[815.0803624040564,1032.9110376620665],[817.9385974658071,1032.807189210318],[818.108775795321,1006.1358399400488],[824.3983450125088,991.6328140180558],[822.473918643198,990.8614446520805],[820.0289595031063,989.8776938319206],[817.0082305630203,988.6703136712313],[815.0680125108338,987.8989065522328],[809.6260027496028,1001.3043340127915]]]}},{"type":"Feature","id":"way/1346986373","properties":{"landuse":"vineyard","osm_type":"way","osm_id":1346986373},"geometry":{"type":"Polygon","coordinates":[[[859.7006930049392,1468.9596528196707],[830.1747717912658,1497.3117077238858],[889.479162029922,1558.6597051369026],[919.005038127536,1530.3190293787047],[859.7006930049392,1468.9596528196707]]]}},{"type":"Feature","id":"way/1346986374","properties":{"natural":"wood","osm_type":"way","osm_id":1346986374},"geometry":{"type":"Polygon","coordinates":[[[803.796674764948,1308.1873005051166],[752.1952580907382,1365.410728908144],[750.9121577093028,1595.5447876350954],[1041.4924768417259,1598.3949842844158],[1043.2416417265777,1369.1397074526176],[816.3827398938593,1366.606061543338],[817.7882041441044,1057.9011665396392],[816.6604474475025,1057.4206402674317],[816.4296938386979,1095.5448197629303],[813.5619397509727,1177.3747266689315],[809.9848844237276,1321.1222855681553],[809.7463163276552,1352.9923086930066],[810.7064697344904,1363.5257101999596],[811.8984171847114,1366.6946842921898],[813.965976178355,1370.1324825603515],[829.0718977303477,1384.2564795603976],[854.1541920696618,1405.4709114134312],[864.4337298179744,1411.3290388807654],[883.7872629842022,1419.0098485378549],[891.506719037774,1422.6397857666016],[896.456139343325,1416.5981817711145],[901.8252507869038,1413.157067333348],[904.5274092238978,1412.2752574915066],[909.7230211375281,1411.8663613777608],[912.0904455626733,1412.2278676796705],[916.1284607140115,1413.782253866084],[920.1690456131473,1417.4250699207187],[922.3248695159564,1420.274371849373],[925.9461853760877,1427.3486868767068],[927.0255593722686,1431.2949995342642],[927.3468992400449,1435.3060312252492],[926.728975091246,1439.2480162773281],[924.9668459083769,1442.9982376191765],[921.8714729122003,1446.3895849986002],[936.1437000838341,1456.0349385812879],[960.0885357991792,1471.0816034879535],[965.6648247236153,1476.1502764355391],[967.7554660249734,1479.7770311050117],[968.8429267503088,1483.6345030022785],[969.2951187619474,1488.9455806454644],[968.9840871904744,1493.266039797105],[968.008399093058,1498.1846655756235],[965.4069664434064,1505.9984868010506],[961.1281717042439,1515.2854698579758],[974.2932264421834,1522.5286189634353],[979.1784271312063,1526.1625246945769],[983.1004907026072,1529.805078452453],[988.4658007848193,1537.0838483888656],[990.1538294915226,1540.6984718022868],[992.1010759061319,1547.9018448377028],[992.9971467377036,1558.6683956468478],[992.7024475538637,1565.8549210764468],[991.7773192559835,1572.6065963096917],[990.2621731656254,1578.5569404335693],[988.2211592672975,1583.3173161633313],[986.9532222305425,1585.2136458652094],[983.7326854856801,1588.1714072497562],[979.7336937264772,1589.9274473479018],[977.4986366765806,1590.310532012023],[972.6524416785687,1589.964879553765],[967.4392787116813,1588.0297593958676],[962.9785615497385,1585.1190074011683],[960.121162442083,1581.9013134557754],[958.6698411956895,1578.331736993976],[958.4273008435848,1574.3875557491556],[959.2120896112756,1570.0238714842126],[953.9919767910615,1567.7110514603555],[951.154929103097,1565.7931226491928],[943.6129989874898,1557.6423549223691],[935.9641781667015,1563.5326238907874],[928.1222362386179,1567.7672245502472],[920.1817568248371,1570.4019418014213],[912.2372951530851,1571.5036686500534],[904.3597805175814,1571.1170202363282],[900.3121578820865,1570.27356803976],[891.557411094429,1567.1630894923583],[882.4192276104004,1562.7186131021008],[833.5393517329358,1534.056450000964],[820.2507529190625,1525.6690896274522],[808.9111404866562,1517.6310577811673],[800.9403754946543,1510.3902812628075],[793.8009683949058,1502.1740586347878],[787.2232199637801,1493.4927019262686],[775.3780479801935,1476.1666452055797],[773.4318925633561,1471.551651588641],[773.4759279855643,1466.619535223581],[775.4849603844923,1461.970098003745],[779.4416612491477,1458.2142720976844],[782.14493463689,1456.8769601359963],[798.094979208312,1452.4516233382747],[808.5418137112865,1448.345652109012],[824.9839269482181,1439.7892208108678],[835.2096635564812,1432.6056448100135],[817.4899156473111,1403.2450929861516],[813.562411168532,1395.4480046276003],[811.3363887317246,1389.12156401854],[809.4059232239961,1378.3079901710153],[806.8450626303675,1357.672802273184],[806.9377026172006,1321.0701380874962],[807.3161927654874,1305.6523339003325],[803.796674764948,1308.1873005051166]]]}},{"type":"Feature","id":"way/1346986375","properties":{"natural":"wood","osm_type":"way","osm_id":1346986375},"geometry":{"type":"Polygon","coordinates":[[[815.4822031360236,1376.1794109083712],[813.5891038029804,1375.5525345429778],[812.7197268572054,1375.9391349870712],[812.4227374075563,1377.8712828252465],[814.2908861306496,1388.3514412147924],[818.1740825907909,1398.0591003028676],[837.8031419821782,1430.9903623778373],[850.2763982688193,1449.65116215311],[856.3276374593261,1457.3647964391857],[863.7597838403308,1465.31522492785],[882.3777477847179,1482.7919679861516],[895.9052060269751,1496.5899635097012],[934.8533579048817,1540.979284084402],[937.6358985175029,1542.6082422351465],[939.7996661472134,1542.3249393105507],[940.876037115173,1541.2501496830955],[942.3473649344523,1536.9881933378056],[945.724591812701,1531.4091762425378],[957.2426407736493,1515.8754084724933],[962.5519202638534,1504.9358712229878],[965.6006847335375,1495.0680969366804],[966.2400381692569,1488.9266626527533],[965.2634083150188,1481.8590824864805],[963.2522491767304,1478.0214679073542],[958.313870534068,1473.554292295128],[934.4714684936334,1458.5856555942446],[920.0258794444962,1448.8176689911634],[894.1778753270628,1427.7343307873234],[885.1824693862582,1422.9458485133946],[863.1162568759173,1414.0806305175647],[856.3203670334769,1410.4752895403653],[852.3716836161911,1407.932500662282],[842.555304687121,1399.9871469028294],[815.4822031360236,1376.1794109083712]]]}},{"type":"Feature","id":"way/1346986384","properties":{"natural":"grassland","osm_type":"way","osm_id":1346986384},"geometry":{"type":"Polygon","coordinates":[[[1013.6294248400372,1064.1321610389277],[1007.6252201435855,1062.6393291549757],[1004.6035361000686,1061.8317677844316],[995.7284681902383,1059.2096235658973],[987.2721055019647,1056.4774769414216],[980.1177933013532,1053.9819526560605],[971.1342209817376,1050.5597448274493],[970.4307532949606,1050.8800963824615],[967.9473607854452,1052.595584015362],[966.5694506864529,1054.2361374376342],[964.0659883397748,1060.7171711781994],[993.1261632765527,1070.367120246403],[1010.3433799326303,1077.143037416041],[1017.5979238679283,1080.5608678171411],[1019.7249580035568,1073.1124398028478],[1019.4604525048635,1065.424599468708],[1013.6294248400372,1064.1321610389277]]]}},{"type":"Feature","id":"way/1346986385","properties":{"natural":"wood","osm_type":"way","osm_id":1346986385},"geometry":{"type":"Polygon","coordinates":[[[1238.681832400849,1252.5374602638185],[1236.069286842132,1252.3085002498701],[1233.6266256733215,1250.5025583952665],[1231.6285150294425,1247.753539272584],[1230.0693677969393,1243.1727383034304],[1230.0641083280789,1229.9979005372152],[1232.481716647686,1214.0966348694637],[1232.591531658487,1211.3308736439794],[1231.6554216070217,1206.996080480516],[1230.66501840431,1205.327215315774],[1227.7426364034181,1202.7979698227718],[1216.551627199049,1198.3143651830032],[1211.8946500024758,1194.9141539903358],[1207.9984405501746,1190.4050572235137],[1206.4972922802554,1187.8017472671345],[1204.6885056551546,1182.0539006739855],[1204.8722082106397,1172.101054028608],[1206.189554674027,1160.3404422206804],[1209.0562088142615,1147.8395714648068],[1212.1563448800007,1139.6827777754515],[1215.9883706651162,1095.9136540926993],[1215.476333426719,1092.4353281343356],[1213.2586072589038,1092.1518591130152],[1195.2326634381898,1089.8500724593177],[1136.8455791621818,1082.3895659381524],[1135.6380415339372,1082.2420358648524],[1061.5220408356981,1072.5421168040484],[1059.431918502145,1074.8251194627956],[1057.6560499251354,1077.708795673214],[1054.4828302715323,1086.7208381323144],[1042.0645544390427,1111.1723335301504],[1037.9787954643834,1122.0038547469303],[1033.868337927619,1136.3123124549165],[1033.2512885923497,1142.9536820808426],[1033.0718701111036,1154.4173147799447],[1035.1250375625095,1166.5198683133349],[1037.2363148872391,1174.4346229908988],[1039.4201837891596,1178.672612292692],[1043.4254186795442,1183.8150770030916],[1047.0401056620176,1187.323574357666],[1069.6330524653313,1197.2572019081563],[1082.3252464837278,1204.3882643049583],[1088.2178321459796,1209.3134431308135],[1092.8574993939837,1216.390472552739],[1095.0529860382085,1222.2281524455175],[1096.2681571975118,1228.5965214883909],[1096.2511878917576,1235.1838890677318],[1094.9413569461904,1241.045866110362],[1092.5772232129239,1245.516550595872],[1089.3636188291712,1248.7631003865972],[1085.5053747427883,1250.9526733495295],[1078.8302370919264,1252.5573509791866],[1073.3907512465958,1252.576681532897],[1064.6158641249058,1251.0211247904226],[1059.2133233766654,1248.9521419340745],[1054.8470317962347,1246.0860057184473],[1048.715998122585,1238.7163485614583],[1042.4899353649816,1228.3804521923885],[1038.0558860401507,1218.0713791251183],[1036.8155453259824,1212.258387858048],[1035.9359431801713,1198.1592934885994],[1036.8422848942573,1180.3100704783574],[1034.9719515906763,1176.950467519462],[1033.3033174614538,1171.9028728213161],[1030.2707156013348,1156.9095662375912],[1029.9437529392308,1148.954957306385],[1030.6684751767316,1137.2705513807014],[1033.6674399860203,1125.3809177381918],[1038.4310055316892,1111.9183914279565],[1050.0632831996772,1089.1755969189107],[1052.8040379899903,1082.5507937120274],[1054.389553321118,1076.9339074492455],[1053.5508377056103,1071.5107478098944],[1051.112155667448,1071.1823328398168],[1037.720320503402,1068.9151132367551],[1027.8721278291196,1067.1013555973768],[1025.6161098461598,1069.4283781191334],[1022.82549788506,1073.9535364257172],[1018.3757313788519,1085.1173944678158],[1015.2091482109972,1091.563382848166],[1013.2443978029769,1094.224414838478],[1009.3584463381558,1097.9580601006746],[1006.9624167570146,1099.4738014647737],[1002.9956043448765,1100.8744339998811],[998.6043510760064,1101.540813437663],[993.87544167944,1101.4953800523654],[987.2867099293508,1100.1343740392476],[979.7561944372719,1096.582568555139],[977.9564183130278,1108.8307689419016],[976.6714062624378,1114.2818132359535],[975.169205240556,1118.2215306395665],[972.2608529563877,1122.5020203981549],[969.2394777986337,1124.6715854713693],[964.9652184843435,1125.9048263728619],[959.7622708912822,1126.0026187105104],[953.9548575709923,1124.7547290297225],[950.9262941654888,1123.5583736402914],[944.9192829362582,1120.088259331882],[923.3538209109684,1103.3258954081684],[897.1852751665865,1086.6629754053429],[895.0742648965679,1084.7691389871761],[893.5093256067485,1082.354587705806],[892.2194793454255,1077.319103565067],[892.1047487015021,1072.7642796142027],[892.9223642757861,1064.8125915927812],[894.3282248760224,1058.3842806471512],[898.4766283677891,1047.6750241564587],[909.8924746092525,1026.0645072814077],[885.4668015830102,1016.2267666822299],[883.660828659602,1024.7646983955055],[882.679022018332,1028.983475310728],[879.6013168466743,1040.8840850498527],[875.6772338020965,1053.42684496101],[869.2550321036833,1067.2851856620982],[859.9706385306781,1082.824774529785],[855.508870072721,1086.3904213793576],[852.8292227694765,1087.6833279775456],[846.96804425359,1088.9348374530673],[843.9367673058296,1088.7938443887979],[840.946485685592,1088.0530915400013],[838.0684210684267,1086.646107757464],[835.3816054748022,1084.5397674171254],[831.2591549061472,1078.8305982965976],[824.1698772503878,1063.1161622507498],[822.2102471187827,1060.6673028757796],[819.7519445420476,1058.728177323006],[817.7882041441044,1057.9011665396392],[816.3827398938593,1366.606061543338],[1043.2416417265777,1369.1397074526176],[1041.4924768417259,1598.3949842844158],[1239.8815847284277,1283.0115259001032],[1239.9624656137894,1251.885379197076],[1238.681832400849,1252.5374602638185]]]}},{"type":"Feature","id":"way/1346986580","properties":{"natural":"wood","osm_type":"way","osm_id":1346986580},"geometry":{"type":"Polygon","coordinates":[[[810.5147458362626,1177.3003605818376],[813.8037291090586,1072.5211218995973],[813.6126902673859,1057.5462266337126],[811.6075766312424,1026.281511992216],[811.4338250345318,1016.9498370997608],[811.7817498947843,1010.4966136878356],[812.6323358995141,1005.0777638647705],[814.4251775490702,998.5726557411253],[816.9845924597466,991.7695567430928],[817.0627076086239,988.981492774561],[817.0082305630203,988.6703136712313],[815.0680125108338,987.8989065522328],[809.6260027496028,1001.3043340127915],[805.699845582305,1208.1368009159341],[810.0513348872773,1207.5479493029416],[810.5147458362626,1177.3003605818376]]]}},{"type":"Feature","id":"way/1347027548","properties":{"natural":"wood","osm_type":"way","osm_id":1347027548},"geometry":{"type":"Polygon","coordinates":[[[302.3868819491472,1485.0425542248413],[302.73556500213454,1500.5954732019454],[303.3904059344786,1503.974098808132],[305.2140677924035,1507.1667447807267],[332.39217092940817,1508.0555024622008],[334.0176295803394,1505.1601472962648],[335.0358276165789,1502.0189106268808],[336.38639420917025,1488.9140611933544],[331.32199646986555,1487.3686275165528],[322.28768634446897,1482.2142568007112],[317.13026564073516,1479.9687631214038],[310.38498670846457,1478.1637221574783],[302.77709473489085,1477.2230449058115],[302.3868819491472,1485.0425542248413]]]}},{"type":"Feature","id":"way/1347027549","properties":{"natural":"wood","osm_type":"way","osm_id":1347027549},"geometry":{"type":"Polygon","coordinates":[[[361.0888095393311,1353.8496099906042],[202.9414423184353,1355.384088249877],[16.52976609603502,1347.8897072682157],[15.41092789976392,1425.6806288585067],[136.92526120768161,1434.2835708968341],[183.11998628423316,1484.417923135683],[185.78973389259772,1483.824555857107],[189.73736485495465,1483.6453196834773],[196.69700913853012,1484.9619765616953],[200.70090155408252,1484.3718653945252],[194.6129259688896,1471.982037045993],[177.86360945279012,1435.2161836558953],[171.78960832674056,1426.7810792513192],[124.45219648553757,1417.934762949124],[102.87626621650998,1414.816510638222],[87.73668958980124,1413.980053210631],[72.83735364984022,1414.999350595288],[66.0243828263483,1415.016216806136],[59.91533027909463,1414.4904677243903],[54.7947694156901,1413.2672676034272],[50.797413748456165,1411.1358754923567],[47.33249318780145,1407.5505419997498],[43.544656207435764,1400.3763494882733],[42.46778758993605,1395.1638127211481],[42.48968473478453,1392.6311017395929],[43.772239535232075,1387.8463827790692],[46.25563936907565,1382.6979765398428],[49.80493102018954,1377.496599954553],[54.35575485409936,1372.7419870225713],[56.989577163534705,1370.6932510240003],[62.92597799131181,1367.5416292874143],[73.43238119478337,1364.7787477085367],[87.83571705926443,1363.2472553020343],[96.20379645313369,1363.3008269732818],[102.40620351710822,1364.4155928976834],[138.78364736802178,1374.4126504231244],[145.185609756154,1374.6170358154923],[152.4102971262182,1374.1235831631348],[172.87291194917634,1370.8740580519661],[177.33226706145797,1371.3070322452113],[180.5970683004125,1372.759095271118],[182.49260917201173,1375.6519474899396],[183.37465539429104,1383.0191051615402],[182.7524265961838,1388.9162650015205],[180.9414614123525,1393.444172714837],[178.5743982719141,1396.1600238475949],[174.45420249772724,1399.1048923619092],[158.08499197551282,1407.2188212275505],[173.65652628301177,1425.2081963997334],[179.39287797926227,1432.8982038116083],[199.80228943022666,1477.3379221083596],[207.38014007668244,1490.6089676618576],[213.97473368473584,1499.1786800501868],[226.42055115796393,1513.5947004389018],[235.30300345696742,1522.7587759811431],[240.59117475850508,1526.415317733772],[245.92088387178956,1522.7624953072518],[252.34739068424096,1519.3234221162274],[260.14783917489694,1515.7544121481478],[269.66939137963345,1512.1340803122148],[282.27575317095034,1509.2878118017688],[298.6062546669855,1507.2616267437115],[299.6684552145307,1502.265353338793],[299.3397751963348,1484.9906479474157],[299.9403308153269,1475.0943428780884],[291.47314742417075,1467.2197954580188],[283.2063770763925,1458.090476657264],[280.49593010818353,1452.729485457763],[279.1378397603403,1446.3831399893388],[279.07848067977466,1438.3847911404446],[280.55175732896896,1433.156240798533],[284.04410102352267,1428.7102391747758],[287.66439497069223,1426.8195345597342],[289.9075786806643,1426.3473602626473],[295.55175756051904,1426.494496322237],[303.6484015766182,1427.7474045054987],[317.66132370359264,1430.8588730357587],[326.0630570491776,1433.245637357235],[331.96264079445973,1435.4707440482453],[335.8885932532721,1437.7021142542362],[339.3398415580159,1440.3544474374503],[342.189938775613,1443.4829750470817],[344.3598046891275,1447.1430449215695],[345.74675830447813,1451.3566211089492],[346.194032860687,1458.878254556097],[345.43775723478757,1464.652875578031],[343.89070862694643,1470.9698745617643],[340.1391209231224,1481.3138823611662],[338.13742179441033,1502.3820091402158],[338.53989883023314,1505.6489319754764],[339.37762754177675,1508.4836886562407],[358.20965687563876,1510.0741057675332],[361.0888095393311,1353.8496099906042]]]}},{"type":"Feature","id":"way/1347027569","properties":{"natural":"grassland","osm_type":"way","osm_id":1347027569},"geometry":{"type":"Polygon","coordinates":[[[394.18373622727813,738.8474207958207],[392.527682700078,741.2539042280987],[392.1359668392688,743.2191613493487],[392.5803262766567,745.5197382159531],[394.0817174423137,748.2006143201143],[447.58579452114645,822.5382699556649],[468.95910193625605,850.8181637320668],[485.78733513352927,874.8211499843746],[488.0326825429802,879.9255709163845],[488.9061287751538,884.2823121529073],[488.92062181135407,891.1696850685403],[487.8444249658496,895.3438517674804],[491.0083823967143,886.5981186078861],[492.17653960420284,883.5461500827223],[493.43132332444657,880.5832656212151],[494.8119885127526,877.7984315631911],[496.31834221439203,875.2694077631459],[497.98171659896616,873.0962495552376],[485.720945905603,857.0249959556386],[442.21721763786627,800.1300375396386],[394.9039035058813,738.160463348031],[394.18373622727813,738.8474207958207]]]}},{"type":"Feature","id":"way/1347027570","properties":{"natural":"grassland","osm_type":"way","osm_id":1347027570},"geometry":{"type":"Polygon","coordinates":[[[303.1536246922333,644.3226486258209],[329.2593051379081,671.8693907801062],[380.84691910550464,733.1047222549096],[383.6443186834804,735.3111193329096],[386.7524792716722,736.362988781184],[390.3382984629716,735.8163983384147],[392.35405615053605,734.8215940734372],[375.91379291866906,713.2859277548268],[320.1174321306753,639.2987405052409],[318.05253878439544,641.0043973885477],[315.85432460933225,642.3431439204141],[313.578002453316,643.3373329034075],[311.25520799547667,643.9648248199373],[308.9332586234086,644.2479529837146],[306.65955346933333,644.1757250297815],[304.47354180458933,643.7593462420627],[302.41472742223414,642.9878047807142],[300.5383504529018,641.87234454602],[303.1536246922333,644.3226486258209]]]}},{"type":"Feature","id":"way/1347027571","properties":{"natural":"wood","osm_type":"way","osm_id":1347027571},"geometry":{"type":"Polygon","coordinates":[[[4.078994531824719,586.8536285571754],[12.728234112786595,588.6073780842125],[36.4447258260916,595.8073236932978],[55.9367894003517,603.1304647931829],[58.12090028397506,604.3465732000768],[60.98660267086234,607.7638303646818],[62.081663585559,612.0321761332452],[61.691634908958804,616.6079775672406],[60.094199754763395,620.9364752303809],[53.08855608140584,631.7393444720656],[46.51340418716427,644.1095722643659],[226.17309095943347,660.5639910688624],[225.9673251931672,651.0545260123909],[223.5126137805637,611.901826842688],[222.9931473758188,578.8635815680027],[223.78476967226015,574.7775476872921],[225.5697584117297,571.2938017230481],[229.45562206447357,567.5374675830826],[232.4510965741938,566.2783975787461],[235.4753881226643,566.1524765342474],[238.62370187212946,566.9710907563567],[243.33860118256416,569.6819946439937],[246.2692298697075,572.3441086243838],[278.58936408458976,615.9466431504115],[292.5615602209582,633.1880857106298],[300.5383504529018,641.87234454602],[302.41472742223414,642.9878047807142],[304.47354180458933,643.7593462420627],[306.65955346933333,644.1757250297815],[308.9332586234086,644.2479529837146],[311.25520799547667,643.9648248199373],[313.578002453316,643.3373329034075],[315.85432460933225,642.3431439204141],[318.05253878439544,641.0043973885477],[320.1174321306753,639.2987405052409],[318.44895432918565,637.1173595013097],[303.33815753256204,617.3625242877752],[289.15394889586605,599.6428694929928],[279.6986483929795,588.5444396072999],[269.1632405621931,576.7879740614444],[263.15470650041243,570.3525061598048],[257.08288792002713,563.9613237129524],[248.79755594820017,555.4652131460607],[244.0322910246323,550.743525724858],[237.71491483639693,544.6628030333668],[226.73368547769496,534.3494382556528],[219.97429012798239,528.2010033503175],[217.19310347660212,525.7614381005988],[214.60078444954706,523.577832300216],[213.68289983214345,640.9934995332733],[0.0,582.5558971702609],[0.0,586.4332023849598],[4.078994531824719,586.8536285571754]]]}},{"type":"Feature","id":"way/1347027572","properties":{"natural":"wood","osm_type":"way","osm_id":1347027572},"geometry":{"type":"Polygon","coordinates":[[[4.4057098547928035,812.1035082777962],[22.34760453517083,813.7352196173742],[37.09125211404171,815.6480949781835],[45.96182762889657,817.1580357756466],[52.96068287570961,818.896752984263],[59.57788518955931,821.7454168805853],[65.90097579208668,825.4154140297323],[80.71779040421825,836.2376667261124],[87.8085364208091,839.143047706224],[92.87492972327163,840.0995333781466],[100.05106987897307,840.3390696197748],[126.42122014472261,836.9814966646954],[136.86007626715582,836.3958397004753],[142.98357743711676,837.6992963775992],[146.28821572038578,839.1181102097034],[153.06045306893066,843.1225422229618],[162.72896450187545,850.8887272421271],[168.1554717477411,856.345132545568],[173.39065025094897,862.5564624071121],[184.72094863769598,878.4693299382925],[189.69047147617675,886.7684448435903],[193.45374004123732,894.3647844158113],[196.40929584862897,902.9478251310065],[199.15489138179692,913.4521447755396],[202.39374353177845,928.8898886870593],[203.87803745316342,938.6024270271882],[203.54725060536293,941.5120759569108],[202.27847378927981,943.7973576560616],[200.34805990074528,945.4478372549638],[196.80006404640153,946.727793680504],[195.57606788736302,946.8358988855034],[201.3277896324871,961.3466401407495],[202.9414423184353,1355.384088249877],[361.0888095393311,1353.8496099906042],[484.5193642411614,1354.1546106180176],[493.07386479648994,954.6323631834239],[535.1982274721377,918.0008702930063],[533.1658118554624,916.1851102449],[527.3222494978108,910.3163378117606],[523.810752098856,906.4084840547293],[519.5599589825142,901.3546078205109],[511.6821185913286,891.2261965088546],[497.98171659896616,873.0962495552376],[496.31834221439203,875.2694077631459],[494.8119885127526,877.7984315631911],[493.43132332444657,880.5832656212151],[492.17653960420284,883.5461500827223],[491.0083823967143,886.5981186078861],[487.8444249658496,895.3438517674804],[485.8039020480355,899.9710795097053],[483.4969888838823,903.7756102187559],[476.520155348524,912.3452645819634],[470.85538137622643,917.1412511151284],[466.1145861756522,918.6513836206868],[461.0154636079096,918.205517096445],[457.69500750518637,916.8420441262424],[450.3983030641102,911.1252646781504],[437.83429834607523,899.5301203820854],[436.3126388344099,898.6821032734588],[434.5668134385487,899.088804946281],[434.0177695035236,900.8203902589157],[434.60619118472096,902.3215071661398],[443.9755136426538,915.9638332631439],[447.4955048423726,922.8376625347883],[449.63055983226513,931.0410991515964],[449.4733287046547,937.1504446836188],[445.6536514076288,949.2938104318455],[442.978525827697,955.1525373896584],[439.6880906550796,960.8097886210307],[433.63613343570614,968.9596503349021],[428.8544152759132,974.2688533850014],[423.5130683243042,979.2100931266323],[417.62045436375774,983.5945452461019],[411.3983996811439,987.1117178788409],[403.55111594160553,990.1694327127188],[397.1296981985215,991.2977762436494],[391.3107366999029,991.4389455337077],[386.9148380435072,990.7838081642985],[379.3034642036073,987.8212681747973],[372.46959212439833,983.3165555233136],[369.4383208967629,979.943182144314],[356.8418826367706,987.9437008872628],[347.18903265317203,993.2520898990333],[273.4730195532902,1028.9187289280817],[268.4750695990515,1032.3279499812052],[263.9498404773767,1036.1382410908118],[260.53809496946633,1039.8290635840967],[257.0522032312583,1044.7860880149528],[254.08450746635208,1047.6892884112895],[246.19279686338268,1052.8355053598061],[233.3949694892508,1059.3694378212094],[230.65795037313364,1061.573369831778],[229.18457163270796,1063.591540564783],[228.6986203570268,1065.3788406057283],[228.95494846382644,1067.1013005673885],[229.96104352519615,1068.9255679482594],[234.3572594045545,1072.6687920065597],[237.5821295141359,1074.3651746148244],[266.6258178909775,1084.7116262270138],[285.53986292215995,1092.011848576367],[294.97894249495585,1096.533962708898],[301.3723808634095,1100.3265628991649],[311.009234647674,1107.8929449701682],[317.1035921986331,1114.517522946],[322.46085796458647,1122.3067012308165],[326.2403279878781,1129.6143389623612],[328.63164672325365,1136.3742474298924],[330.0290934642544,1142.7762399194762],[331.3008652930148,1155.3432033313438],[330.984955574153,1161.8187477309257],[329.4454449155601,1168.2579607069492],[326.3352419488947,1174.548904594034],[321.3941254572128,1180.5687480634078],[318.2134964450379,1183.3936361745],[322.6994636686286,1189.1144753694534],[328.54925064119743,1198.8488764176145],[331.37567612418206,1205.2321627018973],[332.9408579032752,1210.8347485894337],[334.21643816441065,1266.8252914668992],[336.7616068571224,1313.754330413416],[335.84251894283807,1321.528101734817],[334.84882230329094,1324.3250306826085],[332.6617415394867,1327.6522410977632],[329.43337626964785,1330.6547445105389],[326.19143479992636,1332.7574184359983],[318.97655806777766,1335.6612688135356],[308.09283360710833,1337.7007628325373],[237.38691123522585,1345.048234785907],[227.29634036589414,1345.5901400018483],[223.57929873641115,1345.0589647516608],[220.52661512803752,1344.029524677433],[218.07502463110723,1342.5460989838466],[214.76123930810718,1338.5166991529986],[213.16286434384529,1333.5472513856366],[212.8127982673468,1328.1809375369921],[213.64312160713598,1185.1484721451998],[215.05135038716253,1174.2210328951478],[218.0344402748742,1164.9748350922018],[221.20287566678599,1160.6613139510155],[224.55772644240642,1157.603522210382],[228.67747631698148,1154.9141831230372],[233.38738338300027,1153.0261073643342],[242.31102876539808,1151.9925809968263],[254.87244719156297,1151.6678016195074],[267.2511190502555,1151.8202700121328],[275.83908603159944,1152.4633692763746],[287.0019675931544,1155.8343969481066],[296.3139007683494,1160.6561350030825],[303.45797713729553,1167.38325132709],[315.77278749877587,1180.6771444808692],[321.2728694814141,1175.2918598279357],[324.81525871896883,1169.8240120159462],[326.82645705889445,1164.1968849757686],[327.61438289494254,1158.4001249279827],[327.4554038149654,1152.4121929686517],[326.4118188652792,1143.3672205097973],[325.10022909916006,1137.365349644795],[322.8735791100771,1131.061299850233],[316.9232697492698,1120.437969809398],[314.2321924600983,1116.7877413285896],[308.48427899135277,1110.5417086333036],[299.35963585745776,1103.3653873810545],[287.34394417807925,1096.8040786320344],[265.37003719998756,1088.1411145087332],[240.11227857874474,1079.28135877382],[232.42332344182068,1075.7744813254103],[229.3654374043108,1073.5897300560027],[226.97934348910348,1071.1066871294752],[225.42304764664732,1068.2813028907403],[224.96486748749157,1065.1586658451706],[225.82523726846557,1061.9948116261512],[227.97987796051893,1059.034070896916],[231.35762887710007,1056.3207056904212],[244.42426597548183,1049.6319053350016],[251.746570024814,1044.8842044277117],[254.25527638639323,1042.4242252986878],[257.59862459189026,1037.6445885868743],[261.4299401002936,1033.4882290670648],[266.25582806480816,1029.4120650961995],[271.59380377206253,1025.781502247788],[345.55488618748495,989.9932495029643],[354.93106089765206,984.8285892810673],[367.44841641926905,976.8834151364863],[365.1155887384666,972.0121013997123],[360.53440058475826,956.8153579086065],[357.2980359858484,950.1533378055319],[338.1369348298758,924.3786855116487],[330.5295881923521,913.3069309350103],[323.49934543226846,901.9144529821351],[317.80318144289777,890.5919087836519],[315.662164983456,884.7435274487361],[312.53291315730894,873.0051609072834],[308.41014522343175,847.8673805193976],[306.8088625887758,840.8428143272176],[302.5628736516228,827.302120860666],[295.78796250815503,811.5335112223402],[289.76535301900003,801.2766202203929],[286.27932291594334,796.5580325527117],[242.94689430255676,746.2189385760576],[237.77880917553557,738.3858609236777],[233.79492059658514,730.5890039848164],[229.24418192269513,718.8916467381641],[227.03401290002512,705.7336680004373],[226.01264991762582,687.4908508518711],[226.17309095943347,660.5639910688624],[46.51340418716427,644.1095722643659],[34.74970721505815,666.8427332993597],[27.882820112339687,679.078974282369],[23.114634890982416,685.3771750908345],[5.214352595328819,705.6850497489795],[2.131620049418416,710.4432250885293],[0.0,715.0046450547668],[0.0,810.7452315450573],[4.4057098547928035,812.1035082777962]]]}},{"type":"Feature","id":"way/1347027574","properties":{"landuse":"farmland","osm_type":"way","osm_id":1347027574},"geometry":{"type":"Polygon","coordinates":[[[201.3277896324871,961.3466401407495],[202.9414423184353,1355.384088249877],[361.0888095393311,1353.8496099906042],[484.5193642411614,1354.1546106180176],[493.07386479648994,954.6323631834239],[535.1982274721377,918.0008702930063],[533.1658118554624,916.1851102449],[527.3222494978108,910.3163378117606],[523.810752098856,906.4084840547293],[519.5599589825142,901.3546078205109],[511.6821185913286,891.2261965088546],[497.98171659896616,873.0962495552376],[485.720945905603,857.0249959556386],[442.21721763786627,800.1300375396386],[394.9039035058813,738.160463348031],[392.35405615053605,734.8215940734372],[375.91379291866906,713.2859277548268],[320.1174321306753,639.2987405052409],[318.44895432918565,637.1173595013097],[303.33815753256204,617.3625242877752],[289.15394889586605,599.6428694929928],[279.6986483929795,588.5444396072999],[269.1632405621931,576.7879740614444],[263.15470650041243,570.3525061598048],[257.08288792002713,563.9613237129524],[248.79755594820017,555.4652131460607],[244.0322910246323,550.743525724858],[237.71491483639693,544.6628030333668],[226.73368547769496,534.3494382556528],[219.97429012798239,528.2010033503175],[217.19310347660212,525.7614381005988],[214.60078444954706,523.577832300216],[213.68289983214345,640.9934995332733],[0.0,582.5558971702609],[0.0,962.8484653877563],[201.3277896324871,961.3466401407495]]]}},{"type":"Feature","id":"way/1351151117","properties":{"landuse":"grass","osm_type":"way","osm_id":1351151117},"geometry":{"type":"Polygon","coordinates":[[[1653.245618807443,1597.1401235368103],[1655.7721202409011,1597.0135492151603],[1661.6062948058243,1596.8957885690033],[1664.9060440203175,1596.9156904695556],[1672.247035191569,1597.16854031384],[1684.9938682178035,1598.0690122600645],[1689.5721521139494,1598.214533357881],[1694.2376576166716,1598.215878373012],[1698.9587192219333,1598.1062888298184],[1703.703790025378,1597.8745719501749],[1713.147190939926,1597.1777425520122],[1717.7743844271172,1596.7457656813785],[1726.7054078756482,1595.7698707235977],[1731.143706990988,1595.1263342620805],[1735.7960128256236,1594.161223264411],[1740.67027986201,1592.8523422256112],[1745.7507503405795,1591.188540821895],[1751.0295608018641,1589.15868985001],[1756.5067718668724,1586.7405726937577],[1762.166655855137,1583.9119304446504],[1768.0013198658708,1580.6727424217388],[1774.0187489005039,1576.9897046238184],[1780.195291611657,1572.8516454752535],[1772.8674456587178,1561.8011175664142],[1769.7777536142385,1557.0383378481492],[1765.933811083145,1550.9293932626024],[1763.8437033192022,1547.2801594221964],[1760.0896823210642,1540.0161619232967],[1755.4648630390293,1530.7058456353843],[1750.6848815039266,1520.373123306781],[1744.8856726024533,1507.4049303848296],[1742.1478929680889,1500.9212692528963],[1739.1442871551844,1493.4704470774159],[1733.216087088338,1478.5356928464025],[1730.3782418282353,1471.085318673402],[1729.2391160204425,1469.004957699217],[1728.1617181549082,1467.4579762555659],[1727.516459908511,1466.678646268323],[1726.800033336971,1465.9435605155304],[1726.0281677486491,1465.2749783471227],[1724.3023902286077,1464.1150655215606],[1722.8911988182226,1463.4003395354375],[1721.7104225499206,1465.0856938520446],[1717.0790402940474,1464.0957525726408],[1716.6972937299288,1462.1951565546915],[1715.4179894837434,1462.3472578339279],[1714.0671312207705,1462.6880148239434],[1712.6367653267807,1463.239623571746],[1711.166541924933,1463.9355383068323],[1708.2568425455247,1465.6384925534949],[1705.631045199756,1467.4532927991822],[1702.8780790748424,1469.5899047031999],[1701.4298205786617,1470.9301808215678],[1698.6036724011065,1473.8664204096422],[1694.771206977719,1478.1996619235724],[1693.1633451874368,1480.1838143188506],[1689.8753599173506,1484.6073812590912],[1686.2539791038143,1489.7187952920794],[1683.4639392587706,1493.9215216571465],[1681.275116670935,1497.6592905651778],[1679.688487605832,1500.5655192341655],[1678.1093395132339,1503.6272890651599],[1676.6329079389106,1506.6560073336586],[1675.3543095926289,1509.5075154248625],[1674.2737810700783,1512.0929448138922],[1672.5244152316009,1516.8205566126853],[1670.9724686953123,1521.526477961801],[1669.4986085957498,1526.5547581324354],[1663.0654536818038,1549.9768213490024],[1660.1933966988,1558.311749911867],[1658.132094024215,1564.5715257553384],[1655.8303878352162,1572.1748062307015],[1649.0055125401122,1597.4731999570504],[1653.245618807443,1597.1401235368103]]]}},{"type":"Feature","id":"way/1351151118","properties":{"natural":"grassland","osm_type":"way","osm_id":1351151118},"geometry":{"type":"Polygon","coordinates":[[[1873.4568991448032,1828.0235009146854],[1875.655410513864,1838.2493786374107],[1875.6839618853992,1848.1472514839843],[1874.9984927635523,1850.5893022110686],[1873.8902604369796,1851.7305018436164],[1870.918889967259,1852.9333274830133],[1864.2782988683903,1853.5930450791493],[1832.9489062488428,1852.9643211746588],[1830.4248635101249,1852.2132494496182],[1827.4076295628329,1849.9278597915545],[1826.0795085883583,1847.7136676572263],[1825.4473949275562,1845.0014596218243],[1825.610899453517,1848.7788360435516],[1825.6408351971186,1852.3225717637688],[1825.529637245345,1855.5104514146224],[1900.822036432277,1855.535720543936],[1887.8215873155277,1811.3548805583268],[1884.6339332681964,1810.790842649527],[1881.0813582460978,1810.8923395965248],[1869.5776175060892,1814.627129050903],[1873.4568991448032,1828.0235009146854]]]}},{"type":"Feature","id":"way/1351151119","properties":{"natural":"grassland","osm_type":"way","osm_id":1351151119},"geometry":{"type":"Polygon","coordinates":[[[1881.3751732474775,1789.7756144925952],[1868.4249267014675,1791.2736661853269],[1866.3787711118348,1791.8680143523961],[1864.5884740640176,1794.1848916951567],[1864.5387302605086,1797.9950198279694],[1868.7470317648258,1812.3365096775815],[1880.2437516054488,1808.2795493127778],[1883.1861174785881,1806.132415550761],[1884.9286943933694,1803.9487181585282],[1885.3808689549915,1803.1278997529298],[1881.3751732474775,1789.7756144925952]]]}},{"type":"Feature","id":"way/1351151121","properties":{"natural":"wood","osm_type":"way","osm_id":1351151121},"geometry":{"type":"Polygon","coordinates":[[[1817.690975009813,1855.5004758974537],[1825.529637245345,1855.5104514146224],[1825.6408351971186,1852.3225717637688],[1825.610899453517,1848.7788360435516],[1825.4473949275562,1845.0014596218243],[1823.9259996509063,1829.5341444453225],[1822.0542810268234,1818.1094313506037],[1821.6987434570328,1812.354201445356],[1822.1969356785412,1800.2915626429021],[1823.6463558003888,1789.697822787799],[1823.8486008614418,1784.9438707111403],[1823.7998225284973,1779.6004857169464],[1818.2191050642286,1779.4632807914168],[1817.690975009813,1855.5004758974537]]]}},{"type":"Feature","id":"way/1351151122","properties":{"natural":"wood","osm_type":"way","osm_id":1351151122},"geometry":{"type":"Polygon","coordinates":[[[1638.2611162594403,1766.684612869285],[1641.978451914736,1755.1082011414692],[1649.1230581324198,1737.1423439374194],[1656.7135519885924,1720.7217827839777],[1665.6490676400135,1703.1828436600044],[1672.1517108437256,1692.13598012086],[1676.491211551649,1687.07090684399],[1680.356877261016,1685.0372292138636],[1687.5159061949234,1685.4006980611011],[1696.7307558407774,1687.4692847160622],[1702.543096862326,1689.5843386873603],[1707.390544492344,1692.3744465028867],[1710.7201561958645,1695.9714319156483],[1711.6301405134145,1698.117829952389],[1711.947444736259,1700.4959254525602],[1711.672808907635,1705.782900929451],[1713.1822064672597,1708.1308565782383],[1715.9553367648623,1710.226692052558],[1719.8184700445272,1712.0921617466956],[1730.1039214579505,1715.2634141007438],[1749.30810139596,1719.0362133868039],[1781.6060186602408,1723.7662094887346],[1790.7531667688163,1724.5572573319077],[1801.6861585782026,1724.686597677879],[1812.764527868887,1723.5943976910785],[1828.3863158211461,1720.9036882221699],[1845.227093245543,1716.9943499919027],[1855.2608422581689,1713.9442902356386],[1851.5979889421724,1705.147490227595],[1842.4415724854334,1684.3385716089979],[1836.610944068525,1671.43685769476],[1830.9422722600284,1659.9463817756623],[1821.1576331321266,1640.7909915801138],[1816.5861446387717,1632.2583765620366],[1811.243821498938,1622.6794814923778],[1810.1515171480714,1620.8214038535953],[1807.266563145793,1616.2702196249738],[1798.0361158157466,1602.3485219050199],[1783.7092593979323,1578.359847323969],[1780.195291611657,1572.8516454752535],[1774.0187489005039,1576.9897046238184],[1768.0013198658708,1580.6727424217388],[1762.166655855137,1583.9119304446504],[1756.5067718668724,1586.7405726937577],[1751.0295608018641,1589.15868985001],[1745.7507503405795,1591.188540821895],[1740.67027986201,1592.8523422256112],[1735.7960128256236,1594.161223264411],[1731.143706990988,1595.1263342620805],[1726.7054078756482,1595.7698707235977],[1717.7743844271172,1596.7457656813785],[1713.147190939926,1597.1777425520122],[1703.703790025378,1597.8745719501749],[1698.9587192219333,1598.1062888298184],[1694.2376576166716,1598.215878373012],[1689.5721521139494,1598.214533357881],[1684.9938682178035,1598.0690122600645],[1672.247035191569,1597.16854031384],[1664.9060440203175,1596.9156904695556],[1661.6062948058243,1596.8957885690033],[1655.7721202409011,1597.0135492151603],[1653.245618807443,1597.1401235368103],[1649.0055125401122,1597.4731999570504],[1637.213641906681,1641.1653857622296],[1617.7564566264045,1714.6527871973813],[1583.074428740656,1840.8436467945576],[1579.2861725395196,1855.4081281041726],[1765.2594328532577,1855.4818890374154],[1817.690975009813,1855.5004758974537],[1818.2191050642286,1779.4632807914168],[1809.1095976557117,1779.3832470662892],[1808.3882600432262,1795.1777882399037],[1809.8413997055031,1824.30853770487],[1809.4680646422785,1842.7923053354025],[1808.4728291540523,1848.8882719045505],[1807.465348246682,1850.7295978702605],[1806.15987024497,1851.8369531389326],[1802.89045499661,1852.3280565636232],[1745.7835013197036,1853.1191079430282],[1645.963222494931,1853.6079614711925],[1637.7567680482753,1852.3863857062533],[1632.663844221679,1849.9178267680109],[1630.6403430222417,1847.9462156230584],[1629.1315100337379,1845.387216322124],[1628.287536460848,1842.163467506878],[1628.2349619485904,1838.1864363793284],[1631.3620303960633,1808.1125711556524],[1635.9363567716791,1777.053890899755],[1638.2611162594403,1766.684612869285]]]}},{"type":"Feature","id":"way/1351151123","properties":{"landuse":"commercial","osm_type":"way","osm_id":1351151123},"geometry":{"type":"Polygon","coordinates":[[[1617.7564566264045,1714.6527871973813],[1583.074428740656,1840.8436467945576],[1579.2861725395196,1855.4081281041726],[1765.2594328532577,1855.4818890374154],[1817.690975009813,1855.5004758974537],[1818.2191050642286,1779.4632807914168],[1823.7998225284973,1779.6004857169464],[1834.5109708870295,1779.9958930918947],[1848.7104800925008,1780.689539370127],[1853.7702829896007,1780.7920412188396],[1857.0781906870543,1780.6787609653547],[1861.0101423496963,1780.4116438133642],[1863.315364870883,1780.3512069489807],[1865.6045897908043,1780.3684882270172],[1867.8541051201173,1780.4745323192328],[1870.0481527661323,1780.6581880412996],[1872.1551267592586,1780.9304787172005],[1874.159239063505,1781.2913616625592],[1876.0368376401602,1781.7296643303707],[1877.7562865756336,1782.2675185119733],[1879.3097218274488,1782.8937942218035],[1875.1859202440246,1769.4189996710047],[1869.5403103035642,1752.3631227323785],[1864.5431057841633,1737.8195512723178],[1861.2824561673333,1729.179350641556],[1855.2608422581689,1713.9442902356386],[1851.5979889421724,1705.147490227595],[1842.4415724854334,1684.3385716089979],[1836.610944068525,1671.43685769476],[1830.9422722600284,1659.9463817756623],[1821.1576331321266,1640.7909915801138],[1816.5861446387717,1632.2583765620366],[1811.243821498938,1622.6794814923778],[1810.1515171480714,1620.8214038535953],[1807.266563145793,1616.2702196249738],[1798.0361158157466,1602.3485219050199],[1783.7092593979323,1578.359847323969],[1780.195291611657,1572.8516454752535],[1772.8674456587178,1561.8011175664142],[1769.7777536142385,1557.0383378481492],[1765.933811083145,1550.9293932626024],[1763.8437033192022,1547.2801594221964],[1760.0896823210642,1540.0161619232967],[1755.4648630390293,1530.7058456353843],[1750.6848815039266,1520.373123306781],[1744.8856726024533,1507.4049303848296],[1742.1478929680889,1500.9212692528963],[1739.1442871551844,1493.4704470774159],[1733.216087088338,1478.5356928464025],[1730.3782418282353,1471.085318673402],[1729.2391160204425,1469.004957699217],[1728.1617181549082,1467.4579762555659],[1727.516459908511,1466.678646268323],[1726.800033336971,1465.9435605155304],[1726.0281677486491,1465.2749783471227],[1724.3023902286077,1464.1150655215606],[1722.8911988182226,1463.4003395354375],[1722.378747798095,1463.1434707790613],[1721.3377004633658,1462.7629937669262],[1720.2490491652861,1462.4712586849928],[1719.112793941691,1462.2682655556127],[1717.9289051386295,1462.1651229532436],[1716.6972937299288,1462.1951565546915],[1715.4179894837434,1462.3472578339279],[1714.0671312207705,1462.6880148239434],[1712.6367653267807,1463.239623571746],[1711.166541924933,1463.9355383068323],[1708.2568425455247,1465.6384925534949],[1705.631045199756,1467.4532927991822],[1702.8780790748424,1469.5899047031999],[1701.4298205786617,1470.9301808215678],[1698.6036724011065,1473.8664204096422],[1694.771206977719,1478.1996619235724],[1693.1633451874368,1480.1838143188506],[1689.8753599173506,1484.6073812590912],[1686.2539791038143,1489.7187952920794],[1683.4639392587706,1493.9215216571465],[1681.275116670935,1497.6592905651778],[1679.688487605832,1500.5655192341655],[1678.1093395132339,1503.6272890651599],[1676.6329079389106,1506.6560073336586],[1675.3543095926289,1509.5075154248625],[1674.2737810700783,1512.0929448138922],[1672.5244152316009,1516.8205566126853],[1670.9724686953123,1521.526477961801],[1669.4986085957498,1526.5547581324354],[1663.0654536818038,1549.9768213490024],[1660.1933966988,1558.311749911867],[1658.132094024215,1564.5715257553384],[1655.8303878352162,1572.1748062307015],[1649.0055125401122,1597.4731999570504],[1637.213641906681,1641.1653857622296],[1617.7564566264045,1714.6527871973813]]]}},{"type":"Feature","id":"way/1351151124","properties":{"landuse":"residential","osm_type":"way","osm_id":1351151124},"geometry":{"type":"Polygon","coordinates":[[[1715.0112166603212,1986.6292460057884],[1774.2930517607601,1986.8102118531242],[1796.301213751547,2013.1523268753663],[1844.153931282519,2012.8589071342722],[1889.2278204275062,1942.496149131097],[1919.511410752195,1921.0272381715477],[1918.86307567911,1918.4927146937698],[1917.4804733538185,1913.090176379308],[1916.340053545835,1908.6214190842584],[1915.6131081208587,1905.9644883638248],[1914.8626608411432,1903.2408423507586],[1900.822036432277,1855.535720543936],[1887.8215873155277,1811.3548805583268],[1885.3808689549915,1803.1278997529298],[1881.3751732474775,1789.7756144925952],[1879.3097218274488,1782.8937942218035],[1877.7562865756336,1782.2675185119733],[1876.0368376401602,1781.7296643303707],[1874.159239063505,1781.2913616625592],[1872.1551267592586,1780.9304787172005],[1870.0481527661323,1780.6581880412996],[1867.8541051201173,1780.4745323192328],[1865.6045897908043,1780.3684882270172],[1863.315364870883,1780.3512069489807],[1861.0101423496963,1780.4116438133642],[1857.0781906870543,1780.6787609653547],[1853.7702829896007,1780.7920412188396],[1848.7104800925008,1780.689539370127],[1834.5109708870295,1779.9958930918947],[1823.7998225284973,1779.6004857169464],[1818.2191050642286,1779.4632807914168],[1817.690975009813,1855.5004758974537],[1765.2594328532577,1855.4818890374154],[1579.2861725395196,1855.4081281041726],[1577.7389399143867,1861.369361997582],[1573.1195270971511,1879.786339734681],[1572.257861686754,1883.2277324106544],[1571.3404691029573,1886.8467156626284],[1564.9023732694332,1912.4017319316044],[1559.3113388863858,1934.0820851949975],[1557.2616566204233,1941.9971136078238],[1550.5406132593052,1967.1292683593929],[1547.2558072772226,1979.4289417956024],[1545.39819076407,1986.36692279391],[1544.4184422931285,1989.6969207357615],[1533.8480389865,2025.7498067291453],[1533.178946887143,2028.025307676755],[1529.3807347523398,2040.4680455252528],[1524.6357930856175,2055.7076596841216],[1522.19473966246,2062.399715636857],[1520.0417664771085,2067.61508506909],[1518.8269372731447,2070.300164932385],[1517.5569417983643,2072.9517733454704],[1516.2239745404222,2075.5365637941286],[1514.836163944041,2077.9656886942685],[1511.791957795911,2082.9009903809056],[1508.1860196784255,2088.323590026237],[1506.2130031868,2091.1621909067035],[1502.1092209157068,2096.7945434693247],[1497.8955807043822,2102.182218664326],[1495.781338735018,2104.698299503885],[1467.3478897177847,2137.8714782968163],[1443.7190164131557,2165.0],[1801.972558665069,2165.0],[1715.0112166603212,1986.6292460057884]]]}},{"type":"Feature","id":"way/1351260091","properties":{"natural":"wood","osm_type":"way","osm_id":1351260091},"geometry":{"type":"Polygon","coordinates":[[[2449.9567418640363,1456.2655946658924],[2447.6138450406143,1449.9715763945132],[2445.3805670302827,1441.1673128940165],[2445.0760900287423,1437.1118124099448],[2445.530528735835,1432.6807332541794],[2446.893878756964,1427.8744936212897],[2449.2924531706376,1422.693446165882],[2452.828046342649,1417.4378089876845],[2457.140641020087,1413.8173098322004],[2459.449038357183,1412.6684493329376],[2464.1415880392306,1411.5151315862313],[2468.569903274707,1411.6941161891446],[2476.3142723581987,1414.5706497682258],[2484.0623573858174,1416.114166869782],[2489.6913365556393,1416.0410207826644],[2492.4637104241992,1415.5377692217007],[2497.616935595928,1413.3859859434888],[2494.1882468818803,1408.6219080127776],[2491.0264745798777,1404.3917922023684],[2488.100135295186,1400.662224246189],[2485.4015218338463,1397.36653047055],[2482.899088278238,1394.4935138449073],[2480.5851580518647,1391.9653922496364],[2478.428184905555,1389.770968764089],[2476.4204609313747,1387.8435698989779],[2474.5226071885554,1386.149759683758],[2472.43469604681,1384.6664836620912],[2469.912060899602,1383.3708419883624],[2467.0572988890926,1382.2742300676182],[2463.9730692901067,1381.3658260852098],[2460.7541369848186,1380.6347860442474],[2457.49526690488,1380.0702657755464],[2454.314814518846,1379.6948125930503],[2451.299712285283,1379.475342810154],[2448.5525576944347,1379.4232507850975],[2446.1680847053067,1379.538800181821],[2443.7829927353305,1379.8765214309096],[2440.994416112255,1380.5241611991078],[2437.8813001239323,1381.4819399155676],[2434.5304845836945,1382.7500999020413],[2431.0288711796165,1384.3066662391648],[2427.45537426573,1386.1629674937576],[2423.8810755315935,1388.3080930011347],[2420.4007399413968,1390.7311978405342],[2417.0932815415435,1393.4436100572348],[2414.045570488728,1396.4344624113292],[2411.133072364668,1401.9029177986085],[2408.7717073720414,1407.9061216851696],[2406.875099099416,1414.277203769423],[2405.341051348718,1420.860358612612],[2404.0673989812494,1427.4886723887175],[2401.9398332318524,1440.2687964048237],[2400.8815909709665,1446.0867794454098],[2399.7065712846234,1451.3156804265454],[2398.312579412188,1455.799694458954],[2412.89517224906,1466.5934017412364],[2415.008624783135,1464.5664007840678],[2419.8794724532636,1461.73614282161],[2427.8663160795113,1459.7366019301116],[2431.8689519852633,1459.6810949109495],[2439.49876279576,1461.1575773088261],[2447.211321504845,1464.1006393944845],[2451.380415697815,1466.6339207217097],[2451.853182440216,1464.124686925672],[2453.1146129894187,1461.895367814228],[2449.9567418640363,1456.2655946658924]]]}},{"type":"Feature","id":"way/1351260101","properties":{"natural":"grassland","osm_type":"way","osm_id":1351260101},"geometry":{"type":"Polygon","coordinates":[[[2708.416239731945,1720.32159204036],[2709.998884627712,1718.970813607797],[2708.1818997678347,1719.4433465115726],[2706.5155619752477,1719.683024417609],[2704.9997768204194,1719.72317287419],[2703.6187246300397,1719.5748556889594],[2702.3644170157495,1719.2713761217892],[2701.2209715723875,1718.846015128307],[2700.1725373282097,1718.3209451269358],[2699.2190514596878,1717.7183831837028],[2697.5176074157353,1716.4138628318906],[2696.7697748393985,1715.6674701534212],[2696.1328985303408,1714.765870142728],[2695.6147783758934,1713.7424107370898],[2695.231171149004,1712.608245080337],[2695.005727718235,1711.3745486289263],[2694.9383853771724,1710.0635384721681],[2695.068551804754,1708.6975432587788],[2695.3883330533863,1707.2765406891704],[2695.929211385781,1705.8339456953108],[2696.7069437181344,1704.3809115029871],[2698.069937282009,1702.540729092434],[2700.287376715045,1700.036443689838],[2685.4690821436234,1714.3580476464704],[2677.5495587618207,1720.5565239172429],[2673.2716299811727,1723.1105441525578],[2668.1971889697015,1725.3846035236493],[2659.19217261835,1727.4142984310165],[2665.8317584329634,1727.1886379672214],[2667.7024916959926,1727.2494595963508],[2669.651726549724,1727.4660243028775],[2671.6400239501963,1727.8271122090518],[2673.6043254254037,1728.299219429493],[2675.497266587976,1728.882212237455],[2677.271545797179,1729.553739742376],[2678.871967416897,1730.2914287140593],[2680.2512299167574,1731.0729281734675],[2681.354106401792,1731.8869733829051],[2682.133264069038,1732.722321885638],[2707.5323969117017,1723.0073841623962],[2708.416239731945,1720.32159204036]]]}},{"type":"Feature","id":"way/1351260102","properties":{"natural":"wood","osm_type":"way","osm_id":1351260102},"geometry":{"type":"Polygon","coordinates":[[[2681.354106401792,1731.8869733829051],[2680.2512299167574,1731.0729281734675],[2678.871967416897,1730.2914287140593],[2677.271545797179,1729.553739742376],[2675.497266587976,1728.882212237455],[2673.6043254254037,1728.299219429493],[2671.6400239501963,1727.8271122090518],[2669.651726549724,1727.4660243028775],[2667.7024916959926,1727.2494595963508],[2665.8317584329634,1727.1886379672214],[2659.19217261835,1727.4142984310165],[2638.300854131405,1728.65512194857],[2635.982422070636,1730.592603482306],[2633.653907330008,1733.3076624358073],[2632.0433454730082,1736.1691564219072],[2631.182001994108,1756.1067445958033],[2633.9433115482097,1756.6810619570315],[2635.159646796237,1756.4512063497677],[2654.0896150296903,1745.2626069262624],[2664.3265784532996,1740.259264068678],[2682.133264069038,1732.722321885638],[2681.354106401792,1731.8869733829051]]]}},{"type":"Feature","id":"way/1351260108","properties":{"natural":"wood","osm_type":"way","osm_id":1351260108},"geometry":{"type":"Polygon","coordinates":[[[2726.6252724095248,1673.8723353333771],[2700.287376715045,1700.036443689838],[2698.069937282009,1702.540729092434],[2696.7069437181344,1704.3809115029871],[2695.929211385781,1705.8339456953108],[2695.3883330533863,1707.2765406891704],[2695.068551804754,1708.6975432587788],[2694.9383853771724,1710.0635384721681],[2695.005727718235,1711.3745486289263],[2695.231171149004,1712.608245080337],[2695.6147783758934,1713.7424107370898],[2696.1328985303408,1714.765870142728],[2696.7697748393985,1715.6674701534212],[2697.5176074157353,1716.4138628318906],[2699.2190514596878,1717.7183831837028],[2700.1725373282097,1718.3209451269358],[2701.2209715723875,1718.846015128307],[2702.3644170157495,1719.2713761217892],[2703.6187246300397,1719.5748556889594],[2704.9997768204194,1719.72317287419],[2706.5155619752477,1719.683024417609],[2708.1818997678347,1719.4433465115726],[2709.998884627712,1718.970813607797],[2723.028704540804,1714.5864393180236],[2730.277816441201,1713.7738126702607],[2733.189468944387,1714.2264033351094],[2736.437167747121,1715.8796806205064],[2741.274676101806,1722.014246900566],[2742.4078951727715,1723.2616257034242],[2743.730759963626,1724.442890226841],[2745.235659676604,1725.4580412264913],[2746.9464339111582,1726.2516031777486],[2748.847578039975,1726.7235545022413],[2750.9550693516503,1726.8072887975723],[2753.2769912327058,1726.4361773217097],[2755.8136276995647,1725.5102433180436],[2760.469337075483,1723.36836927291],[2764.6197983329766,1721.2361739147455],[2766.430563247355,1720.1748812338337],[2768.083605140506,1719.0575983244926],[2770.9080581992166,1716.8549929112196],[2773.02915309713,1714.9281085534021],[2774.8106782025425,1713.0446956213564],[2769.701202889497,1708.1757175717503],[2743.988090903731,1683.7748768320307],[2730.092803086678,1670.3829300319776],[2726.6252724095248,1673.8723353333771]]]}},{"type":"Feature","id":"way/1351260109","properties":{"natural":"sand","osm_type":"way","osm_id":1351260109},"geometry":{"type":"Polygon","coordinates":[[[2788.8565556799877,1726.1594530362636],[2822.696451557451,1729.699348796159],[2817.1097866924247,1723.318198892288],[2810.632977049856,1716.2680036928505],[2803.494345773186,1708.7604792788625],[2795.914418269589,1700.973992860876],[2780.4151245742105,1685.377866475843],[2748.4864390477887,1653.6054430203512],[2729.9145770950126,1635.7456792984158],[2682.4240922731115,1590.599180023186],[2662.4110711852554,1571.3691836064681],[2655.2786203428986,1564.3506255419925],[2648.3122777207172,1557.2103487290442],[2639.504637926526,1547.943142035976],[2629.312051428191,1537.0835127839819],[2583.930096044962,1488.3556056898087],[2573.737320201879,1477.496066405438],[2564.9215370307793,1468.2400504117832],[2557.9550200121594,1461.088764956221],[2552.1854445628705,1455.007271837443],[2546.669319302484,1448.6265611546114],[2541.429922798241,1442.091109755449],[2536.4984597737202,1435.5343080051243],[2531.898241090763,1429.089524101466],[2527.644714744587,1422.8789955619723],[2523.784875694313,1417.036156850867],[2514.7137644591858,1403.04721825663],[2511.7581597667304,1398.495518530719],[2509.9418417376583,1395.879909047857],[2507.8338931176113,1393.0968550248072],[2505.4025491354987,1390.2129197483882],[2502.6003492592718,1387.2612968133762],[2499.3718763338984,1384.2973749879748],[2495.6775021528592,1381.3765873508528],[2491.48552409478,1378.5432806769386],[2486.7326306745526,1375.8528222767636],[2481.4107719323365,1373.3607340967283],[2475.598830578674,1371.089455015026],[2469.367888119712,1369.0280760787427],[2462.789026202052,1367.1656881477684],[2455.933326574217,1365.4913818566129],[2448.895616484806,1363.972096494399],[2441.731126863626,1362.6190951718017],[2434.526821443753,1361.38818596676],[2427.353720210551,1360.2906753560528],[2420.290830478596,1359.304565826431],[2413.180355287448,1358.3960921643302],[2398.430034819292,1356.7332180822268],[2383.402936366445,1355.2362388838083],[2348.099392226839,1352.038988813758],[2342.0539813145297,1351.377936041914],[2336.5852686348953,1350.57407401409],[2331.637900149799,1349.6605738820508],[2327.1802055051085,1348.6706726644188],[2323.1568616554723,1347.6264334945008],[2319.512514863047,1346.561028282158],[2316.215556465788,1345.485477569513],[2314.172873223375,1344.7577656349167],[2307.8949476598646,1342.5297847855836],[2305.5599194388487,1341.8901362791657],[2303.5001242754515,1341.640051648952],[2301.6920325378887,1341.723922423087],[2300.127842086542,1342.1084009250626],[2298.79990418948,1342.7045967793092],[2297.6767943221494,1343.4568798262626],[2296.711237460375,1344.331793420948],[2296.0768516368116,1345.3520345259458],[2295.5452482360997,1346.317016551271],[2295.1795219482738,1347.2491310788319],[2294.932182814402,1348.1926813907921],[2294.7872575836373,1349.2142751244828],[2294.7921746838256,1350.2918260702863],[2294.978665565315,1351.3698787409812],[2295.3862947798334,1352.4152165856212],[2296.05462686572,1353.3946230811998],[2297.0075294458657,1354.2415124708787],[2298.3002947221394,1354.9449290633202],[2299.9646542226546,1355.4494176059961],[2302.032308873255,1355.710631487891],[2310.604207390803,1356.2897643502802],[2318.7336740019964,1356.9898794582114],[2329.3804094606894,1358.0857758410275],[2343.0335927099804,1359.6787991290912],[2386.059517012327,1365.1636266298592],[2407.8246588542825,1368.0568167194724],[2417.0338223858853,1369.4154686685652],[2419.4088585022837,1369.85531385988],[2420.797083111538,1370.2924136882648],[2421.92432566511,1370.8954170020297],[2422.814362360281,1371.6310639306903],[2423.4751804650296,1372.4660507086664],[2423.9383888997254,1373.38935660664],[2424.2277330220095,1374.3788304086775],[2424.343336582533,1375.3900378989056],[2424.324672074057,1376.4230889333412],[2424.187621278339,1377.444701815024],[2423.9401714901906,1378.421572885476],[2423.3347494560876,1380.375007440336],[2422.428224753472,1382.7275148760527],[2421.737324666814,1384.1919317804277],[2420.8325631704647,1385.9112521968782],[2419.6585247086477,1387.9408651813865],[2418.1676883707987,1390.3361818287522],[2414.045570488728,1396.4344624113292],[2417.0932815415435,1393.4436100572348],[2420.4007399413968,1390.7311978405342],[2423.8810755315935,1388.3080930011347],[2427.45537426573,1386.1629674937576],[2431.0288711796165,1384.3066662391648],[2434.5304845836945,1382.7500999020413],[2437.8813001239323,1381.4819399155676],[2440.994416112255,1380.5241611991078],[2443.7829927353305,1379.8765214309096],[2446.1680847053067,1379.538800181821],[2448.5525576944347,1379.4232507850975],[2451.299712285283,1379.475342810154],[2454.314814518846,1379.6948125930503],[2457.49526690488,1380.0702657755464],[2460.7541369848186,1380.6347860442474],[2463.9730692901067,1381.3658260852098],[2467.0572988890926,1382.2742300676182],[2469.912060899602,1383.3708419883624],[2472.43469604681,1384.6664836620912],[2474.5226071885554,1386.149759683758],[2476.4204609313747,1387.8435698989779],[2478.428184905555,1389.770968764089],[2480.5851580518647,1391.9653922496364],[2482.899088278238,1394.4935138449073],[2485.4015218338463,1397.36653047055],[2488.100135295186,1400.662224246189],[2491.0264745798777,1404.3917922023684],[2494.1882468818803,1408.6219080127776],[2497.616935595928,1413.3859859434888],[2510.7799003103282,1432.1297314856201],[2529.435499205254,1457.1652612164617],[2542.965902947879,1474.3104602657259],[2555.8620254883426,1489.5876590600237],[2567.605381912261,1502.0955990385264],[2619.3768284681137,1555.3848018608987],[2653.7870308727724,1592.1957805762067],[2717.1194996616687,1657.5490546533838],[2730.092803086678,1670.3829300319776],[2743.988090903731,1683.7748768320307],[2769.701202889497,1708.1757175717503],[2774.8106782025425,1713.0446956213564],[2788.8565556799877,1726.1594530362636]]]}},{"type":"Feature","id":"way/1351260112","properties":{"natural":"wood","osm_type":"way","osm_id":1351260112},"geometry":{"type":"Polygon","coordinates":[[[2665.314958549221,1742.4837811747566],[2655.2598110628896,1747.3987659923732],[2633.7212877634447,1759.8352912543342],[2630.879893031495,1762.4711462957785],[2628.0175346686156,1806.197815691121],[2627.84560526564,1816.7949778931215],[2631.203136922384,1818.681793011725],[2634.3197092011105,1819.2348939236253],[2688.1298052525963,1817.6092978306115],[2687.6587874948164,1813.8865712992847],[2687.4247445262154,1810.1089710248634],[2687.38801871083,1806.343036818318],[2687.5169090454,1802.6331136990339],[2687.7954396042624,1799.0458084121346],[2688.184078031627,1795.603226580657],[2688.6431035709684,1792.3941251626238],[2689.7008937980863,1786.8094655647874],[2690.2282988079824,1784.5447922265157],[2690.999789924943,1782.5029814550653],[2692.181737364561,1780.4734391951934],[2693.632018342556,1778.4668726939708],[2696.8087785610696,1774.4878472322598],[2698.2510427438538,1772.5256936987862],[2699.4170179016073,1770.5627594990656],[2700.1566549842246,1768.6208376027644],[2700.3358183650416,1766.67733139731],[2699.8123840515036,1764.7429477274418],[2693.500949908106,1752.2167771821842],[2683.0742435643333,1734.9578165188432],[2665.314958549221,1742.4837811747566]]]}},{"type":"Feature","id":"way/1351260115","properties":{"natural":"grassland","osm_type":"way","osm_id":1351260115},"geometry":{"type":"Polygon","coordinates":[[[2753.2769912327058,1726.4361773217097],[2750.9550693516503,1726.8072887975723],[2748.847578039975,1726.7235545022413],[2746.9464339111582,1726.2516031777486],[2745.235659676604,1725.4580412264913],[2743.730759963626,1724.442890226841],[2742.4078951727715,1723.2616257034242],[2741.274676101806,1722.014246900566],[2742.281458331796,1726.0939715551212],[2742.052808122011,1728.7816154463217],[2741.193200957263,1731.2675161166117],[2739.5856115248753,1733.0625619674101],[2733.4543575084535,1737.7663689171895],[2729.621942800004,1741.8879321245477],[2726.6640090063447,1746.634057215415],[2723.8636788667063,1754.2688771700487],[2721.5534097694326,1758.894642829895],[2716.1411190934014,1766.1888151885942],[2711.9404482859536,1769.3428950682282],[2708.9391264629085,1769.900946884416],[2704.450708113087,1768.7329553673044],[2701.834830823762,1766.9815024388954],[2699.8123840515036,1764.7429477274418],[2700.3358183650416,1766.67733139731],[2700.1566549842246,1768.6208376027644],[2699.4170179016073,1770.5627594990656],[2698.2510427438538,1772.5256936987862],[2696.8087785610696,1774.4878472322598],[2693.632018342556,1778.4668726939708],[2692.181737364561,1780.4734391951934],[2690.999789924943,1782.5029814550653],[2690.2282988079824,1784.5447922265157],[2689.7008937980863,1786.8094655647874],[2688.6431035709684,1792.3941251626238],[2688.184078031627,1795.603226580657],[2687.7954396042624,1799.0458084121346],[2687.5169090454,1802.6331136990339],[2687.38801871083,1806.343036818318],[2687.4247445262154,1810.1089710248634],[2687.6587874948164,1813.8865712992847],[2688.1298052525963,1817.6092978306115],[2696.7589483350166,1817.2559869596735],[2702.859717321582,1812.129930193536],[2707.4791347090504,1806.0443463576958],[2706.523319627391,1800.6872767210007],[2706.6795155763393,1795.6999370669946],[2707.67074498249,1791.3259343253449],[2710.1396575670224,1786.422896140255],[2714.0022578912904,1782.7790783066303],[2736.671598922054,1764.1029669810086],[2743.9497037198744,1755.8254293156788],[2751.6460948897293,1744.8052506232634],[2754.845959988539,1741.0484922295436],[2760.7269174209796,1735.5330647444353],[2765.045793011086,1732.4682212453336],[2769.527547742764,1730.4258380737156],[2771.9679747184273,1730.0217437120155],[2774.525646099064,1730.0290028890595],[2779.827449729317,1731.0993748838082],[2787.647615414695,1734.8985218601301],[2798.476854227367,1743.7495544990525],[2802.2668724880787,1746.2264464776963],[2805.83904521761,1747.580748224631],[2809.2019318650127,1747.5792021583766],[2810.8140192153514,1746.983920050785],[2804.0674716073554,1740.4106356874108],[2797.966137955198,1734.5723627991974],[2792.793450373516,1729.7365122484043],[2788.8565556799877,1726.1594530362636],[2774.8106782025425,1713.0446956213564],[2773.02915309713,1714.9281085534021],[2770.9080581992166,1716.8549929112196],[2768.083605140506,1719.0575983244926],[2766.430563247355,1720.1748812338337],[2764.6197983329766,1721.2361739147455],[2760.469337075483,1723.36836927291],[2755.8136276995647,1725.5102433180436],[2753.2769912327058,1726.4361773217097]]]}},{"type":"Feature","id":"way/1351260117","properties":{"natural":"grassland","osm_type":"way","osm_id":1351260117},"geometry":{"type":"Polygon","coordinates":[[[2889.124152594828,1840.686376126483],[2858.861818268604,1800.8199442401528],[2858.564768450684,1802.5631545940414],[2859.00594935182,1805.6415076255798],[2862.7376490682364,1814.7056968612596],[2864.2793878840166,1822.1639961600304],[2864.0917197090457,1829.839535557665],[2861.6685580198537,1840.8079668898135],[2861.3168271744507,1845.1171186678112],[2861.9630914482404,1851.017653352581],[2863.209666259412,1854.020543569699],[2865.240745589952,1855.9703504676],[2870.752617184189,1858.074502037838],[2890.170182994625,1861.3847737703472],[2906.1959497307544,1866.540550348349],[2909.5708771621576,1867.8276948751882],[2889.124152594828,1840.686376126483]]]}},{"type":"Feature","id":"way/1351260118","properties":{"natural":"sand","osm_type":"way","osm_id":1351260118},"geometry":{"type":"Polygon","coordinates":[[[2935.0044167690794,1870.8442668085918],[2913.145721095847,1843.3766767298803],[2886.010020496149,1808.8845349419862],[2874.225241590175,1794.7095834417269],[2861.9874383524875,1778.822630723007],[2849.4268380809226,1762.6126313973218],[2837.0069060550304,1746.880729848519],[2822.696451557451,1729.699348796159],[2788.8565556799877,1726.1594530362636],[2792.793450373516,1729.7365122484043],[2797.966137955198,1734.5723627991974],[2804.0674716073554,1740.4106356874108],[2810.8140192153514,1746.983920050785],[2831.9800419160747,1768.472728928551],[2843.9335848702467,1781.6483040805906],[2848.386066912266,1787.1042283214629],[2858.861818268604,1800.8199442401528],[2889.124152594828,1840.686376126483],[2909.5708771621576,1867.8276948751882],[2914.2026732200175,1874.028458439745],[2935.0044167690794,1870.8442668085918]]]}},{"type":"Feature","id":"way/1351260121","properties":{"natural":"grassland","osm_type":"way","osm_id":1351260121},"geometry":{"type":"Polygon","coordinates":[[[2727.373375539668,1800.001992191188],[2731.235285570903,1796.602572888136],[2740.0205242766533,1791.3175239004195],[2749.6172199125285,1786.6124365162104],[2752.1725803230656,1784.6423415960744],[2753.700507508416,1780.3143019815907],[2753.669572672632,1777.3037716001272],[2752.866128764348,1773.9022485241294],[2746.4024828172987,1776.1278731646016],[2740.2120152874268,1779.4540340388194],[2732.515940716432,1784.8088189214468],[2724.2465448135627,1791.9171559792012],[2718.5705676128273,1797.555392098613],[2709.897331449378,1807.906329125166],[2706.1568737517227,1813.0279446151108],[2705.931759682484,1814.4714318532497],[2706.3779448634596,1815.805730943568],[2707.164700195368,1816.7410819670185],[2710.0794807936763,1816.0716981803998],[2712.830248990271,1814.7797676408663],[2725.862264968222,1803.9746090648696],[2727.373375539668,1800.001992191188]]]}},{"type":"Feature","id":"way/1351260122","properties":{"natural":"grassland","osm_type":"way","osm_id":1351260122},"geometry":{"type":"Polygon","coordinates":[[[2626.6326230090926,1849.484302853234],[2631.118777442316,1851.4409476350993],[2635.348091588414,1852.0971606811509],[2664.3061283561983,1853.8339826809242],[2691.267262178182,1852.67704531271],[2700.93634271872,1853.0376320546493],[2708.384127406578,1854.4917066795751],[2714.701227936719,1856.5980010731146],[2724.3038498917595,1860.9131129682064],[2737.6409522883478,1867.782697078772],[2741.733405311883,1869.3717190660536],[2753.4801422258606,1871.9600016912445],[2761.9160450966447,1872.9170513292775],[2774.8792638996383,1872.4317289590836],[2783.961759653641,1870.8578716833144],[2789.7152849233826,1868.485855252482],[2793.341538728331,1864.6747836768627],[2787.715141842258,1855.6385781820863],[2781.5843234104104,1840.7577976863831],[2771.628684456751,1827.321400044486],[2767.59971660428,1814.4794814912602],[2765.853532910347,1812.2639067117125],[2764.647618491377,1811.6050754347816],[2761.403332343267,1811.5514378705993],[2726.7389681465575,1820.540080478415],[2720.321795672935,1820.310852304101],[2713.302666194155,1818.002611052245],[2708.743402217224,1819.567142451182],[2704.7636958276853,1819.9669081037864],[2633.4900420037447,1822.3207602091134],[2630.24382112443,1822.9559195237234],[2627.627582873625,1824.1371777597815],[2626.6326230090926,1849.484302853234]]]}},{"type":"Feature","id":"way/1351443778","properties":{"natural":"wood","osm_type":"way","osm_id":1351443778},"geometry":{"type":"Polygon","coordinates":[[[2315.955392032105,1987.3307718662545],[2332.3972732396214,1984.7990829274058],[2333.403821480868,1980.4917168524116],[2328.2434202416334,1976.8671165704727],[2322.2505501304404,1971.6961146732792],[2318.1354309190065,1966.8746825782582],[2315.6537298058392,1962.2688368437812],[2314.60024339956,1957.8668991401792],[2313.5345731418347,1946.4553740154952],[2313.8507430082536,1934.8921512402594],[2314.711448255519,1931.9396335426718],[2317.7988888793043,1925.8939661998302],[2319.938363303314,1922.9560967059806],[2325.1709627780365,1917.6273234020919],[2331.3789899977273,1913.534314985387],[2338.0243399434257,1911.1532551152632],[2342.091351702984,1910.5535483863205],[2351.8647984046256,1910.2584879659116],[2384.255868030712,1912.2146288119256],[2387.1301757767214,1911.8782453043386],[2391.9343733851565,1910.1808625105768],[2395.502700836165,1907.2358801662922],[2397.8821509306435,1903.17673057504],[2402.7601963235647,1877.762608140707],[2405.87054632738,1869.1953849438578],[2407.4250061647617,1866.5891770003363],[2409.4916425701813,1864.3176533346996],[2411.975821879285,1862.3472252488136],[2417.802176734782,1859.2863423321396],[2424.146472467226,1857.3266621585935],[2430.235414380324,1856.3549463525414],[2466.307394734933,1857.566364314407],[2475.188764436636,1857.3245456051081],[2479.0430298270658,1856.602136593312],[2482.323244807136,1855.0894129313529],[2485.0921889787423,1852.9198528276756],[2487.388959751872,1850.2268685651943],[2489.284229762561,1847.143960817717],[2492.0423803430167,1840.3642866564915],[2495.21846387221,1828.0981121668592],[2496.5189981138683,1825.9799963496625],[2498.292082228174,1824.2520042313263],[2503.248316832527,1821.85528511554],[2510.025009324774,1820.5523087354377],[2534.9030925083207,1819.0889530414715],[2575.89726629114,1813.2385703343898],[2601.7733032040996,1813.422355145216],[2622.0383709392627,1813.012799515389],[2622.3110653790063,1808.6811959696934],[2618.9430997321615,1807.694156365469],[2547.0977275479236,1808.3921734225005],[2534.8032472200575,1806.824731471017],[2518.260852230829,1802.7681967839599],[2507.174005787121,1801.2486221650615],[2490.6489703227417,1802.2688570991158],[2486.2601902108872,1804.9893217151985],[2477.7445835157414,1807.0872899889946],[2471.870150335424,1807.5485620601103],[2464.5842816135846,1807.4393605710939],[2459.04514477856,1806.5574342040345],[2453.974692345655,1804.6214985102415],[2449.728181304061,1801.6214341213927],[2447.509485546383,1798.9602838819847],[2445.829713859828,1795.5341401817277],[2444.696141283319,1791.5651957206428],[2444.0878422025125,1783.2320191701874],[2445.7837818442495,1775.194089256227],[2449.014101139095,1768.9378195814788],[2452.3557751272456,1765.2146322624758],[2454.436358429899,1763.6207892019302],[2459.408813965041,1761.0796691225842],[2464.9319016251247,1759.2399335959926],[2470.5242713860353,1758.0335887428373],[2480.220103307336,1757.3497038055211],[2483.565768542816,1757.8589362632483],[2486.1987379957573,1759.166001769714],[2488.2139874811983,1761.182295659557],[2489.596225483401,1763.7300363620743],[2490.3616128654685,1766.6759649282321],[2491.8058694647043,1783.7539831157774],[2493.839393304952,1799.0007229046896],[2504.987872475467,1798.2431750409305],[2511.894281668705,1798.55131645035],[2518.9085943175596,1799.792893265374],[2535.3799821195425,1803.8381220204756],[2547.2404251390835,1805.3599138529971],[2618.762398025254,1804.5832275990397],[2622.64791237819,1803.9942964352667],[2626.199450209737,1745.3839837620035],[2627.2984812055365,1705.5070517612621],[2623.3148176289396,1704.4849509922788],[2618.74142659636,1705.438531418331],[2616.6530142974225,1706.9878647131845],[2613.047272394353,1711.932174442336],[2609.7346895090304,1713.6891304953024],[2594.225622168393,1715.4673447888345],[2586.777493660513,1716.8794328719378],[2581.3581734166364,1718.2861180081964],[2575.8178562600515,1720.6144853020087],[2565.3143189064576,1727.7945150667801],[2558.59474961058,1731.2082355376333],[2559.0317177678808,1735.8417647704482],[2558.5169031798723,1739.2617825688794],[2556.903416901594,1743.1786080617458],[2554.906769853551,1745.7946484107524],[2551.8855208245222,1747.830167277716],[2549.9101773049915,1748.4800392668694],[2544.904712339514,1748.6992906164378],[2538.99516972329,1747.5829758699983],[2533.0959769530455,1745.5891128703952],[2527.632631718181,1742.9966089809313],[2523.0464526667492,1740.0733057986945],[2519.747246308194,1737.0647384412587],[2517.8923356066807,1734.171300701797],[2517.1974437444587,1731.4255217565224],[2517.433551612834,1728.8600862836465],[2519.78274967568,1724.3787692897022],[2521.950104384625,1722.8185168532655],[2526.7684950004914,1721.7544669676572],[2532.1131758839474,1721.6250204602256],[2538.0957196130767,1722.0527974115685],[2542.590911587118,1723.6428193021566],[2546.7185225542053,1726.820349833928],[2548.9437264475855,1729.97033269424],[2556.20013107243,1729.3574852794409],[2559.2344364128076,1728.299565544352],[2564.088737479702,1725.6915432214737],[2574.6397036084672,1718.4894273197278],[2578.2521239368943,1716.7777296043932],[2583.308754554251,1715.2145022181794],[2579.053408852371,1706.926614297554],[2573.3813313632854,1699.9455721750855],[2570.7096265029977,1695.5612686350942],[2568.314577907673,1688.2339526889846],[2567.64517718571,1679.2229663645849],[2566.608952272916,1677.1538515212014],[2565.2468239630107,1675.8836446087807],[2562.1065248912782,1675.3194026499987],[2556.6622155286022,1677.1814929246902],[2533.1650353023433,1692.7454993585125],[2519.939749266545,1702.128600506112],[2514.945655119722,1703.9142256313935],[2510.572521933762,1703.8353398777544],[2507.8601588082965,1702.6835634969175],[2497.5527270332677,1690.5574348531663],[2493.3276074155,1688.3572243172675],[2488.5221811263473,1687.5995185989887],[2483.800486216205,1687.952914385125],[2479.78715135972,1689.063679142855],[2475.4713923623785,1691.0511847110465],[2471.0257150245016,1691.5053382180631],[2466.4442368241725,1689.704061918892],[2463.436408799258,1686.9296185672283],[2457.0627023542183,1676.72521751374],[2443.4117977219285,1651.9037876687944],[2436.4715635054745,1641.0090937372297],[2434.4645206729765,1636.0268330639228],[2433.6973541207844,1630.8702879296616],[2434.5560459691915,1625.8404661621898],[2435.72311123251,1623.4664681339636],[2440.7005250258953,1616.3485882077366],[2442.6031767831882,1610.6329407542944],[2443.353619132424,1604.7918880311772],[2442.7588582670433,1597.2585738664493],[2439.905173183535,1590.1410942440853],[2436.5584502046695,1584.3108446365222],[2431.8309727586457,1578.2101443167776],[2423.315323226794,1568.8773974021897],[2417.1348032340757,1560.106590940617],[2415.9105316018104,1557.503763413988],[2414.5275875134394,1552.3455081256106],[2414.3139513745555,1546.8461383599788],[2414.7482773229713,1543.959101015702],[2417.2107099902933,1538.5005027148873],[2421.2584767614608,1533.5573146091774],[2429.0041817851015,1527.4024740597233],[2437.123320330109,1523.2260204376653],[2443.126579814125,1521.954143746756],[2449.529602455208,1521.7053816011176],[2455.922624956176,1522.2119852909818],[2467.348026598862,1524.2323011122644],[2476.293415884953,1523.8462478285655],[2485.8541452196077,1520.784744120203],[2492.1637945370167,1517.2253898065537],[2495.201511018735,1514.9788249293342],[2468.2049447080353,1480.244490060024],[2462.9517745985067,1475.7974880142137],[2460.7126579646138,1474.758139114827],[2455.8916195412166,1473.8782204994932],[2452.922227582836,1471.4371498851106],[2436.257650976244,1488.2425122922286],[2423.088780988299,1499.9476740341634],[2420.9149652046617,1500.9747271174565],[2416.5788153450703,1501.7402656152844],[2412.514719907078,1501.1957447193563],[2407.578956200625,1498.993615497835],[2404.3271839533118,1495.896372540854],[2402.5280594874057,1492.7698437375948],[2401.3778133869637,1489.089687476866],[2401.2545105111785,1485.1679961970076],[2402.528322595579,1481.3168407501653],[2405.6851323016454,1475.9823639634997],[2409.8701921124593,1469.939795798622],[2412.89517224906,1466.5934017412364],[2398.312579412188,1455.799694458954],[2394.9171669004136,1464.6105145839974],[2392.945997238392,1469.4150763722137],[2390.7850572056486,1474.330197909847],[2388.4030168019235,1479.2669232627377],[2385.7922598980367,1484.1252538058907],[2382.9452010712703,1488.7940823892131],[2379.83840432961,1493.1844751611352],[2376.44852602476,1497.1741726947948],[2372.7837070421083,1500.6743289409205],[2368.5195398962824,1503.9506514444947],[2363.4973066308885,1507.3026342755184],[2357.914643778815,1510.6308495635167],[2351.9770198510378,1513.858107926324],[2345.8741447950015,1516.8960669999942],[2339.795666278864,1519.6786008263007],[2333.9549758143257,1522.1174312271178],[2328.533917878056,1524.1130832796916],[2323.745821469405,1525.5994945727289],[2316.423320226895,1527.2010919488966],[2313.3654621534515,1528.192409677431],[2308.1949749596533,1530.9330506427214],[2304.4117061933503,1534.4662442142144],[2302.142700473254,1538.5257319025695],[2301.5148780496093,1542.889690257609],[2302.7588278815383,1546.9588899584487],[2305.5920730548096,1550.1104674078524],[2309.438976307749,1552.1095513151959],[2313.70031222963,1552.687878540717],[2317.8005091251107,1551.5883586518466],[2331.2397398669855,1544.7715298086405],[2347.698155951046,1536.6856031781062],[2354.3127866310533,1534.1378447376192],[2361.288125812949,1532.4686758788303],[2368.0323149044416,1531.5986950295046],[2373.9377375774784,1531.4373457906768],[2378.412505089713,1531.9163306877017],[2381.882506977825,1533.1812416650355],[2385.0581048830063,1535.278484585695],[2387.7426196653396,1537.9631226696074],[2389.73931144987,1541.0124359894544],[2390.8672606852488,1544.1926398715004],[2391.093595221406,1547.9702052678913],[2390.5597960954765,1552.5676979068667],[2389.3070029089577,1557.385365872644],[2387.400037744839,1561.823523234576],[2384.8800389525713,1565.2824184149504],[2381.367928342079,1567.8165426384658],[2376.7526002246304,1569.636653185822],[2371.5008625395712,1570.3663543127477],[2366.0715652022045,1569.6514442702755],[2358.3231380211073,1565.4419947750866],[2351.959623940871,1562.8471463117748],[2344.558201741369,1561.6046816231683],[2336.63878854434,1562.115955291316],[2328.737154285074,1564.7601462015882],[2320.631192021072,1569.925441890955],[2308.9193572677323,1577.291393131949],[2294.6465053366846,1585.8500209394842],[2279.6944826017716,1594.5178915578872],[2265.9212802466354,1602.2670322572812],[2260.0549580072984,1605.450137716718],[2254.725691913569,1608.5458601638675],[2249.474393090757,1611.9972783094272],[2244.1906967210234,1615.7485446669161],[2233.08443835011,1624.0049937730655],[2227.049041541526,1628.3985051801428],[2220.5317726715584,1632.9128912091255],[2213.4380865593557,1637.48124143295],[2205.649633406487,1642.0810150820762],[2197.0560799353407,1646.645259641111],[2188.0770683267037,1650.7196768894792],[2179.2504661198473,1653.9169427994639],[2170.6156182207633,1656.2815992655233],[2162.211808917171,1657.880405089818],[2154.086247551255,1658.769031980075],[2146.286174336972,1658.9920428888872],[2138.8350866383407,1658.6161528211087],[2131.7959834169596,1657.6970762442797],[2125.208181712602,1656.2904626037925],[2119.110999032622,1654.4519612723961],[2113.1000711533707,1652.8247657679021],[2106.8263860237785,1652.018896581605],[2100.41628258524,1652.0235911300406],[2093.9882057256764,1652.828064776957],[2087.668524748762,1654.4104454191402],[2081.5677294326015,1656.782143025659],[2075.8201432866044,1659.8990890290588],[2070.5441493813414,1663.7727141184732],[2065.8582211240428,1668.3811230277643],[2061.8887252554414,1673.7024418218061],[2058.272986695578,1679.5690507795662],[2054.6011784150032,1685.735442129895],[2050.91304402455,1692.1017465628684],[2047.264024111384,1698.6014633588493],[2043.7016950763064,1705.1569616151974],[2040.2579355855705,1711.6572416527197],[2036.996048923058,1718.0469324896112],[2033.9478525577579,1724.2372513888404],[2031.1609820276499,1730.1283499952406],[2028.6908759183134,1735.6537270471454],[2026.4177317791618,1741.3240534095094],[2024.2296423369553,1747.6500216489658],[2022.1583956378745,1754.5539577323943],[2020.2278552019852,1761.969274659641],[2018.4855965018505,1769.818341292441],[2016.9555428819149,1778.012353467755],[2015.677314715751,1786.4958756323904],[2014.6748347657267,1795.1801036130637],[2013.995677209401,1803.987406220287],[2013.6558099049726,1812.8511749636382],[2012.9309232155792,1821.058487080969],[2011.1992109502316,1827.9411334460601],[2008.6737808809266,1833.5108028799295],[2005.5520115586696,1837.7569242129102],[2002.0469774063095,1840.7022946840152],[1998.3639787700376,1842.3252555001527],[1994.7239825286088,1842.6486245663837],[1991.3164704047958,1841.6618078527972],[1988.3624698906206,1839.3654052671045],[1986.0750851718476,1835.7711035003886],[1984.2317178079975,1831.4559466568753],[1921.9232358402805,1840.6960901776329],[1923.0784902767045,1845.5203644875437],[1926.012424739194,1849.4052177947015],[1927.8639130726224,1850.7321562012658],[1938.6811319712433,1855.63813256938],[1944.3626659813453,1859.330480135046],[1947.5674712592736,1862.294060301967],[1950.7182574544568,1867.7125047966838],[1964.3557787518366,1918.371543848887],[1984.0269304489484,1985.3766986764967],[1981.1038980507874,1986.2352366261184],[1961.4170212830068,1919.1967222755775],[1947.8969536463264,1868.8823755569756],[1945.2255255926284,1864.2650530021638],[1942.4774220538675,1861.7248392729089],[1934.509729579382,1856.8932223459706],[1927.6814087529783,1853.9976018331945],[1927.7809973584954,1860.9518787469715],[1927.9374491145718,1864.3959799725562],[1928.4242878088844,1871.184675497003],[1929.1484524048283,1877.7851666165516],[1929.581789315911,1881.0078446287662],[1930.6069101094618,1887.2425655461848],[1932.163818329398,1895.3227602792904],[1934.41533356742,1906.3375167381018],[1938.4220716917189,1925.066422842443],[1942.2839494115324,1941.8953623734415],[1943.9092755147722,1948.0206255353987],[1946.3648972319788,1956.5253876103088],[1949.4629237076733,1966.8314912421629],[1956.8348744031973,1990.4462243635207],[1964.5302006634302,2014.139604685828],[1968.0305361758801,2024.5245702005923],[1971.0540784184122,2033.164187464863],[1973.4051482154755,2039.4469494177029],[1982.2957299665431,2061.877211969346],[1986.732455048419,2073.3311608470976],[1990.4629034894751,2083.2502019032836],[1991.8887069312623,2087.2420776970685],[1993.9871409553452,2093.5241616694257],[1995.3972734136623,2097.4715611850843],[1999.0183311813162,2106.968182091601],[2003.1661334381206,2117.243842116557],[2004.1711649726494,2119.21280406788],[2005.5629502626834,2121.193926287815],[2007.3179592809174,2123.1316018346697],[2009.4046477113152,2125.0146365864202],[2011.7836683862843,2126.7984892837703],[2014.4392642796738,2128.4720087461174],[2017.3400122172898,2129.9795666076243],[2020.4543682762887,2131.309968730435],[2023.7508490890032,2132.4298038017005],[2027.2058649577084,2133.3056819606572],[2027.8836487069493,2124.9982614731416],[2026.6993397237384,2119.2963034976274],[2018.6739401374944,2101.000745108351],[2010.884024966217,2080.2730451915413],[2003.1602578067104,2058.423562642187],[1993.5961664373754,2028.2376091731712],[1996.5270751013304,2027.3790983622894],[2006.0519576029037,2057.464971855283],[2013.7522769760108,2079.2255249880254],[2021.5107912009698,2099.886491094716],[2030.3111448018462,2120.5725212292746],[2030.9740824052133,2126.417472725734],[2030.219960284012,2133.7693417184055],[2032.0017544695293,2134.5629067318514],[2033.6727360796067,2135.467256926],[2035.264358243032,2136.5269124507904],[2036.8239518793998,2137.7531108036637],[2038.3671526779654,2139.2014377694577],[2039.941261198779,2140.8942394815385],[2041.5856541253743,2142.864949167706],[2043.323951245693,2145.135848533362],[2045.1954685134697,2147.7625880129635],[2051.516491399263,2157.0888593625277],[2057.1193960813184,2165.0],[2079.0211835390346,2165.0],[2079.0198095182423,2164.995484529063],[2078.7850665693986,2164.2394557865337],[2077.4618378542364,2163.180522022769],[2076.1087327747373,2161.499422875233],[2074.7807932723663,2159.274069120176],[2073.509259601007,2156.6267411084846],[2072.341310807562,2153.6242194361985],[2071.3240351683344,2150.366610358469],[2070.4808708719793,2146.9428469212726],[2069.8746936002863,2143.4530784310773],[2069.5368656986393,2139.975150904618],[2069.5144457494607,2136.620279151015],[2069.6503817204502,2133.088101213798],[2069.755925793608,2129.1226032478735],[2069.822941870778,2124.8126322077587],[2069.8511267536087,2120.2692737141624],[2069.824359784485,2115.6146788652986],[2069.7423983434564,2110.937716152519],[2069.5812281350372,2106.3605151325464],[2069.348469782446,2101.9830743996426],[2069.0201695915894,2097.9053063867614],[2068.6038573094993,2094.2605353733525],[2068.1005330745247,2090.6821788642555],[2067.5427107272553,2086.825957642868],[2066.9381321671535,2082.747436068952],[2066.3023420259706,2078.5355257121846],[2065.6352189789177,2074.2346608303487],[2064.9602013875847,2069.9337745159864],[2064.285031353531,2065.688431107439],[2063.6094967919053,2061.576390521601],[2062.9570665691863,2057.675477272831],[2062.335482948285,2054.04125567805],[2062.0767338303267,2050.5080015631393],[2062.473369825282,2046.898774526082],[2063.4935750100994,2043.3023570422083],[2065.074110215588,2039.7519028186798],[2067.167371879914,2036.3361515318975],[2069.725847109221,2033.110517241992],[2072.6940987561247,2030.1415010625497],[2076.032476717315,2027.4956471817568],[2079.6855432090815,2025.2394566731527],[2083.6136778097716,2023.428365090862],[2087.691946382285,2021.5621427763253],[2091.8191879934166,2019.107298801653],[2095.9320721515687,2016.1303120506927],[2099.9672680787626,2012.6976612480357],[2103.8455965267494,2008.8979989131913],[2107.5195741295465,2004.7756294943392],[2110.9179449533112,2000.4081182489172],[2113.9694830339868,1995.8619217574596],[2116.626643188414,1991.2035613050684],[2118.810274625197,1986.5105803227052],[2120.7950458937557,1982.372488006018],[2122.863732157508,1979.3010556120425],[2124.977259100997,1977.1517639132217],[2127.080643358233,1975.8244846519083],[2129.1190232985537,1975.1746552651748],[2131.061066619004,1975.1133207650855],[2132.851912047423,1975.4959184834734],[2134.4445010176278,1976.2112330012023],[2135.7839118388365,1977.1369186742231],[2136.8310104889097,1978.1506731007248],[2137.8369360970682,1979.7863988773897],[2139.0293894624338,1982.4890654459596],[2140.3457981409156,1986.0474372981116],[2141.7235594372614,1990.261387445964],[2143.084313932515,1994.9196370271966],[2144.373383754166,1999.810971999541],[2145.5203344144393,2004.713026450947],[2146.454640473239,2009.4367600921541],[2147.121655522089,2013.759850198403],[2147.4351281077834,2017.470996064134],[2147.512215961993,2021.02597308252],[2147.4699242046336,2024.9360995059833],[2147.3242230861797,2029.1347672548145],[2147.067523605365,2033.5108691081405],[2146.700008680171,2037.9977537225932],[2146.221922110184,2042.5065526422113],[2145.633507681254,2046.9483974110335],[2144.942872347485,2051.245549766347],[2144.134502946108,2055.2979894373566],[2143.2243999644998,2059.02799980063],[2141.9187944689766,2063.0568600241095],[2140.034673091024,2067.9172838516533],[2137.730518899625,2073.387533054687],[2135.1569208016153,2079.245847661048],[2132.464406106388,2085.2926846267655],[2129.811486116785,2091.2951965928078],[2127.340853575326,2097.0316012706608],[2125.210926759464,2102.302376501262],[2123.5644273380167,2106.8746310556307],[2122.567726915586,2110.526647016406],[2122.1794711110997,2113.947046842426],[2122.1609364701435,2117.8350216532126],[2122.409810046258,2122.0792049877346],[2122.8001592073124,2126.545948474668],[2123.2297323137755,2131.1016685357317],[2123.5567799106357,2135.6237820992246],[2123.686975016899,2139.967618579045],[2123.494325544627,2144.0217466456816],[2122.8529004536103,2147.652517902665],[2121.6604493681807,2150.7263488890603],[2121.491219451709,2151.9922712668777],[2121.4562403064338,2153.2363437777385],[2121.523968168942,2154.4473714493215],[2121.6944637864362,2155.6031371587887],[2121.928289912641,2156.6924243336543],[2122.546648442687,2158.604803711176],[2122.883910943521,2159.3944406155497],[2123.528108278173,2160.5181770119816],[2133.3215895122266,2155.6460782112554],[2145.3147833283874,2148.847118107602],[2159.683224015811,2139.4441631175578],[2170.613956819114,2131.5092544294894],[2180.9739167143125,2121.5954580996186],[2190.95316686976,2109.481120740995],[2219.340403741284,2068.701585664414],[2224.759365952399,2058.685395170003],[2229.0757417914574,2047.755264395848],[2232.36895359098,2035.733671608381],[2233.1187289895606,2027.1820807093754],[2233.095964239561,2012.51860824693],[2228.1310120255803,2012.438284182921],[2223.236399708374,2012.6136563848704],[2218.443794361723,2013.0114859016612],[2213.808513459633,2013.6097074002028],[2209.354391241679,2014.3528428738937],[2201.195195721637,2016.152224319987],[2194.2828416395932,2018.0883461525664],[2188.7922101229196,2019.7173390416428],[2184.0240561689716,2019.8375453641638],[2179.9391214217176,2018.3710952233523],[2176.663458433177,2015.4072025390342],[2174.3073338508257,2011.0350379152223],[2171.5297960903263,2002.0183048844337],[2168.486849972105,1994.789336410351],[2164.7814332881244,1987.3363791648299],[2160.814356772229,1980.304834915325],[2156.970616606588,1974.3511697612703],[2154.0173653839156,1966.0671336036175],[2152.553061651648,1953.1104425294325],[2152.7372070387355,1937.769913200289],[2154.760975815414,1922.3011242104694],[2158.791769936972,1908.9929163893685],[2164.2460024430766,1897.6437368346378],[2170.1962560420507,1886.7735947379842],[2176.286271208024,1876.7592072421685],[2182.1677395002334,1867.9550947295502],[2187.5001517304336,1860.7491236701608],[2192.7586006694473,1854.6093833204359],[2198.4893501910265,1848.9597256109118],[2204.4154110680684,1844.0548889329657],[2210.283412746561,1840.1718929558992],[2215.8005440293928,1837.5765392668545],[2215.502299638407,1831.2104678135365],[2214.095991882612,1823.0306397182867],[2212.5460108099505,1818.294095242396],[2209.27183666965,1811.8865130301565],[2203.4982173940516,1813.0148267038167],[2196.875779087539,1812.7855586484075],[2189.854106138693,1811.3332502823323],[2182.9222835042165,1808.7814410533756],[2176.5298665946466,1805.2757770856842],[2173.7886860413128,1803.1131767556071],[2171.506298253429,1800.6074688592926],[2168.1669410830946,1794.9217907711864],[2166.2416656847927,1788.8511915225536],[2165.4366004070034,1783.0502733169124],[2165.764091790479,1775.8972083134577],[2167.033773809613,1770.6018710033968],[2169.3069715389283,1764.9538110690191],[2172.684237001813,1759.7086929595098],[2177.2818783463445,1755.6333337454125],[2180.0642922177794,1754.2857187148184],[2186.7155689848587,1752.6599055938423],[2190.4663259663503,1752.2702977797017],[2198.399447711592,1752.4254006380215],[2206.3209485574043,1753.9357353029773],[2213.559435157862,1756.9438671292737],[2219.4440350603545,1761.4035131596029],[2223.7646666446817,1766.2032275348902],[2227.84933178965,1773.55728230346],[2229.858175869449,1780.7945374632254],[2230.4847110756673,1785.4729998689145],[2230.630969447433,1792.5607147086412],[2229.7755203752895,1799.345738149248],[2228.635367747105,1803.452795674093],[2226.8729095184826,1807.080468676053],[2223.990093874454,1810.4939940935],[2215.3830514117144,1817.1688185911626],[2217.682320292166,1825.0067360242829],[2218.5422844883287,1830.9188989372924],[2219.752053310105,1873.2239316795021],[2223.6487336607534,1917.3026369838044],[2226.0400549640763,1928.9621851667762],[2231.649647238548,1944.3631001496688],[2233.498139823263,1955.3435297021642],[2234.855070458958,1975.698300675489],[2236.1431456733844,2012.4492408009246],[2236.1654444517917,2027.2793416855857],[2235.382927571598,2036.252970540896],[2233.1164970104,2045.1891865637153],[2230.649518226681,2052.4252286292613],[2227.542364946683,2059.9483338249847],[2223.8915675534518,2067.1033587735146],[2199.1157067450113,2103.5493199247867],[2190.155282395601,2115.455379494466],[2183.2416796807665,2123.634568030946],[2172.5177015945665,2133.8806209210306],[2161.4129164766637,2141.9594613341615],[2146.9179997430765,2151.4287176895887],[2129.9684558926965,2160.8135246038437],[2122.096452013706,2164.468936206773],[2120.622140698041,2165.0],[2315.1104395012994,2165.0],[2315.955392032105,1987.3307718662545]]]}},{"type":"Feature","id":"way/1351443783","properties":{"natural":"wetland","osm_type":"way","osm_id":1351443783},"geometry":{"type":"Polygon","coordinates":[[[1955.6200200685416,2030.9228187203407],[1960.9182717423537,2030.3484255885705],[1964.2174661873141,2030.4906764235348],[1967.4127771073836,2031.0992100937292],[1971.7725532029872,2033.1105936933309],[1974.2371828574105,2035.3612271770835],[1977.350261316169,2040.0908487271518],[1983.5244792069425,2054.137824648991],[1985.1696056925575,2055.853022591211],[1986.3128566212836,2056.3449074029922],[1987.4102539652376,2056.2812357852235],[1988.3511361423298,2055.7172503732145],[1989.017038319318,2054.6748466165736],[1989.4104346321546,2052.2431225124747],[1987.2966986221145,2039.962332399562],[1986.5871037555044,2033.8395437439904],[1986.499991863966,2028.1294653834775],[1987.482046412828,2024.033043647185],[1989.415104831045,2021.461088910699],[1991.1230678985012,2020.388189910911],[1993.1377084245323,2019.7493615187705],[1996.878169404983,2020.181652621366],[1999.3926933095208,2021.4993054419756],[2000.5188033371815,2022.4910350218415],[2002.2798326022457,2025.1285695172846],[2002.8357546766056,2026.7963768513873],[2008.2399155793246,2048.239639014937],[2012.0248543429188,2061.335912214592],[2014.5386483005714,2068.7188879875466],[2021.500459256873,2086.27837525215],[2024.9142837319523,2093.59715284314],[2026.5098805799498,2096.1009404836223],[2029.715829166642,2098.5868951613083],[2032.2479174742475,2099.2380904685706],[2033.5426477221772,2099.17496409826],[2036.0480016286601,2098.0487051885575],[2039.3173747222172,2094.636147850193],[2042.5122587192454,2092.4897745661438],[2044.8742910107248,2091.81858299952],[2049.144758423965,2091.819112021476],[2052.583430287312,2092.906023387797],[2056.121113436122,2095.3151351353154],[2059.308476787701,2098.823049207218],[2060.628904317564,2100.915075233206],[2062.431582627585,2105.6300567910075],[2064.286709461012,2120.0541366925463],[2067.2664223379106,2136.0142785711214],[2069.7334103916655,2146.0521156936884],[2072.341310807562,2153.6242194361985],[2071.3240351683344,2150.366610358469],[2070.4808708719793,2146.9428469212726],[2069.8746936002863,2143.4530784310773],[2069.5368656986393,2139.975150904618],[2069.5144457494607,2136.620279151015],[2069.6503817204502,2133.088101213798],[2069.755925793608,2129.1226032478735],[2069.822941870778,2124.8126322077587],[2069.8511267536087,2120.2692737141624],[2069.824359784485,2115.6146788652986],[2069.7423983434564,2110.937716152519],[2069.5812281350372,2106.3605151325464],[2069.348469782446,2101.9830743996426],[2069.0201695915894,2097.9053063867614],[2068.6038573094993,2094.2605353733525],[2068.1005330745247,2090.6821788642555],[2067.5427107272553,2086.825957642868],[2066.9381321671535,2082.747436068952],[2066.3023420259706,2078.5355257121846],[2065.6352189789177,2074.2346608303487],[2064.9602013875847,2069.9337745159864],[2064.285031353531,2065.688431107439],[2063.6094967919053,2061.576390521601],[2062.9570665691863,2057.675477272831],[2062.335482948285,2054.04125567805],[2062.0767338303267,2050.5080015631393],[2062.473369825282,2046.898774526082],[2063.4935750100994,2043.3023570422083],[2065.074110215588,2039.7519028186798],[2067.167371879914,2036.3361515318975],[2069.725847109221,2033.110517241992],[2072.6940987561247,2030.1415010625497],[2076.032476717315,2027.4956471817568],[2079.6855432090815,2025.2394566731527],[2083.6136778097716,2023.428365090862],[2087.691946382285,2021.5621427763253],[2091.8191879934166,2019.107298801653],[2095.9320721515687,2016.1303120506927],[2099.9672680787626,2012.6976612480357],[2103.8455965267494,2008.8979989131913],[2107.5195741295465,2004.7756294943392],[2110.9179449533112,2000.4081182489172],[2113.9694830339868,1995.8619217574596],[2116.626643188414,1991.2035613050684],[2118.810274625197,1986.5105803227052],[2120.7950458937557,1982.372488006018],[2122.863732157508,1979.3010556120425],[2124.977259100997,1977.1517639132217],[2127.080643358233,1975.8244846519083],[2129.1190232985537,1975.1746552651748],[2131.061066619004,1975.1133207650855],[2132.851912047423,1975.4959184834734],[2134.4445010176278,1976.2112330012023],[2135.7839118388365,1977.1369186742231],[2136.8310104889097,1978.1506731007248],[2137.8369360970682,1979.7863988773897],[2139.0293894624338,1982.4890654459596],[2140.3457981409156,1986.0474372981116],[2137.8062917750212,1976.5648087216541],[2136.006312582409,1965.1068685511127],[2135.415074774821,1959.0510394293815],[2134.9266396585735,1947.1634551370516],[2135.452668287384,1936.6783382855356],[2144.962015244586,1885.8268139380962],[2150.7446744012414,1849.6951470300555],[2152.681289828557,1831.4711778732017],[2155.176220720343,1796.7635199083015],[2158.004352970107,1770.099432695657],[2158.899051317596,1766.2471885979176],[2160.504333079909,1762.3524588849396],[2162.6936821296695,1758.4926575263962],[2165.340429556847,1754.8007412813604],[2168.333815844555,1751.3652759147808],[2171.5393379574525,1748.296979174018],[2174.838249858585,1745.7177204592153],[2178.111866015417,1743.7271518297493],[2181.233606503869,1742.4249034244567],[2184.0768606664496,1741.921713700518],[2201.0444306941936,1740.7686003195122],[2211.950030834414,1739.365573543124],[2222.423420573643,1737.2504228781909],[2227.0214808144374,1735.9078255090863],[2230.9491307716817,1734.3523212512955],[2241.027590310783,1729.4589537996799],[2250.539898306597,1723.764219487086],[2256.8453048565425,1718.7604993926361],[2266.495073651371,1709.0337319336832],[2269.3749224687926,1706.7199728470296],[2271.96813387546,1705.294115033932],[2274.290586747811,1704.722876060754],[2276.350266159163,1704.9729517633095],[2278.155157430796,1706.0110380249098],[2279.71321543277,1707.814939324744],[2281.032456578745,1710.3402430703864],[2282.1208361155004,1713.5647538146004],[2288.8203140132246,1748.8087530266494],[2292.6543801017688,1763.9826393453404],[2294.9943335773423,1771.3541338220239],[2297.6353277058224,1778.3376589352265],[2300.6094906754442,1784.733348339796],[2306.8383881823393,1795.970297808759],[2312.913717741205,1805.6405104734004],[2318.7878134919447,1813.8549402989447],[2327.1361293527298,1823.6869784314185],[2332.78171004256,1828.8903470272198],[2336.493224644044,1831.2556592384353],[2340.671431849012,1833.2778988191858],[2345.111736580904,1834.7232181699947],[2349.5936337366,1835.4021596433595],[2353.896680498263,1835.1030478645116],[2357.792540553317,1833.614184992388],[2361.0765592887765,1830.7239383850247],[2363.528262786509,1826.2317398926243],[2364.9193125875317,1819.9258908685297],[2366.478030421713,1795.86889871303],[2367.5300775187206,1786.5627768039703],[2368.552405752009,1782.2776783704758],[2370.07964219735,1778.105067787692],[2372.2304134771693,1773.9675141880289],[2375.1313022646937,1769.7653918256983],[2378.537318456627,1765.5979992346838],[2389.4625527867465,1754.2864216268063],[2396.877555390587,1747.7196032525972],[2416.087982822559,1732.0543003575876],[2421.1561862026574,1726.3141286391765],[2423.304688561824,1723.0097339544445],[2425.13055722072,1719.3378566941246],[2426.5628381319693,1715.2649731244892],[2427.5622151003336,1710.7354303281754],[2428.0656585212564,1705.7046180618927],[2428.0259574816446,1700.116861575283],[2426.162248789333,1680.5160321211442],[2423.991262599593,1666.368690436706],[2421.1167604072834,1652.5526509890333],[2419.4295868222252,1646.0938362525776],[2417.5753342261305,1640.101119959727],[2410.963247513806,1621.8978831395507],[2406.036806076241,1605.021268981509],[2403.662882700737,1595.6945207938552],[2399.5637316776556,1576.5429420648143],[2396.9142588987597,1558.417390233837],[2396.3524050443084,1550.3842840492725],[2395.919138758909,1533.0091718081385],[2395.9353958952124,1501.5939930444583],[2396.7297399236704,1479.9454690720886],[2397.460988697072,1469.6386874411255],[2399.7065712846234,1451.3156804265454],[2398.312579412188,1455.799694458954],[2394.9171669004136,1464.6105145839974],[2392.945997238392,1469.4150763722137],[2390.7850572056486,1474.330197909847],[2388.4030168019235,1479.2669232627377],[2385.7922598980367,1484.1252538058907],[2382.9452010712703,1488.7940823892131],[2379.83840432961,1493.1844751611352],[2376.44852602476,1497.1741726947948],[2372.7837070421083,1500.6743289409205],[2368.5195398962824,1503.9506514444947],[2363.4973066308885,1507.3026342755184],[2357.914643778815,1510.6308495635167],[2351.9770198510378,1513.858107926324],[2345.8741447950015,1516.8960669999942],[2339.795666278864,1519.6786008263007],[2333.9549758143257,1522.1174312271178],[2328.533917878056,1524.1130832796916],[2323.745821469405,1525.5994945727289],[2316.423320226895,1527.2010919488966],[2313.3654621534515,1528.192409677431],[2308.1949749596533,1530.9330506427214],[2304.4117061933503,1534.4662442142144],[2302.142700473254,1538.5257319025695],[2301.5148780496093,1542.889690257609],[2302.7588278815383,1546.9588899584487],[2305.5920730548096,1550.1104674078524],[2309.438976307749,1552.1095513151959],[2313.70031222963,1552.687878540717],[2317.8005091251107,1551.5883586518466],[2331.2397398669855,1544.7715298086405],[2347.698155951046,1536.6856031781062],[2354.3127866310533,1534.1378447376192],[2361.288125812949,1532.4686758788303],[2368.0323149044416,1531.5986950295046],[2373.9377375774784,1531.4373457906768],[2378.412505089713,1531.9163306877017],[2381.882506977825,1533.1812416650355],[2385.0581048830063,1535.278484585695],[2387.7426196653396,1537.9631226696074],[2389.73931144987,1541.0124359894544],[2390.8672606852488,1544.1926398715004],[2391.093595221406,1547.9702052678913],[2390.5597960954765,1552.5676979068667],[2389.3070029089577,1557.385365872644],[2387.400037744839,1561.823523234576],[2384.8800389525713,1565.2824184149504],[2381.367928342079,1567.8165426384658],[2376.7526002246304,1569.636653185822],[2371.5008625395712,1570.3663543127477],[2366.0715652022045,1569.6514442702755],[2358.3231380211073,1565.4419947750866],[2351.959623940871,1562.8471463117748],[2344.558201741369,1561.6046816231683],[2336.63878854434,1562.115955291316],[2328.737154285074,1564.7601462015882],[2320.631192021072,1569.925441890955],[2308.9193572677323,1577.291393131949],[2294.6465053366846,1585.8500209394842],[2279.6944826017716,1594.5178915578872],[2265.9212802466354,1602.2670322572812],[2260.0549580072984,1605.450137716718],[2254.725691913569,1608.5458601638675],[2249.474393090757,1611.9972783094272],[2244.1906967210234,1615.7485446669161],[2233.08443835011,1624.0049937730655],[2227.049041541526,1628.3985051801428],[2220.5317726715584,1632.9128912091255],[2213.4380865593557,1637.48124143295],[2205.649633406487,1642.0810150820762],[2197.0560799353407,1646.645259641111],[2188.0770683267037,1650.7196768894792],[2179.2504661198473,1653.9169427994639],[2170.6156182207633,1656.2815992655233],[2162.211808917171,1657.880405089818],[2154.086247551255,1658.769031980075],[2146.286174336972,1658.9920428888872],[2138.8350866383407,1658.6161528211087],[2131.7959834169596,1657.6970762442797],[2125.208181712602,1656.2904626037925],[2119.110999032622,1654.4519612723961],[2113.1000711533707,1652.8247657679021],[2106.8263860237785,1652.018896581605],[2100.41628258524,1652.0235911300406],[2093.9882057256764,1652.828064776957],[2087.668524748762,1654.4104454191402],[2081.5677294326015,1656.782143025659],[2075.8201432866044,1659.8990890290588],[2070.5441493813414,1663.7727141184732],[2065.8582211240428,1668.3811230277643],[2061.8887252554414,1673.7024418218061],[2058.272986695578,1679.5690507795662],[2054.6011784150032,1685.735442129895],[2050.91304402455,1692.1017465628684],[2047.264024111384,1698.6014633588493],[2043.7016950763064,1705.1569616151974],[2040.2579355855705,1711.6572416527197],[2036.996048923058,1718.0469324896112],[2033.9478525577579,1724.2372513888404],[2031.1609820276499,1730.1283499952406],[2028.6908759183134,1735.6537270471454],[2026.4177317791618,1741.3240534095094],[2024.2296423369553,1747.6500216489658],[2022.1583956378745,1754.5539577323943],[2020.2278552019852,1761.969274659641],[2018.4855965018505,1769.818341292441],[2016.9555428819149,1778.012353467755],[2015.677314715751,1786.4958756323904],[2014.6748347657267,1795.1801036130637],[2013.995677209401,1803.987406220287],[2013.6558099049726,1812.8511749636382],[2012.9309232155792,1821.058487080969],[2011.1992109502316,1827.9411334460601],[2008.6737808809266,1833.5108028799295],[2005.5520115586696,1837.7569242129102],[2002.0469774063095,1840.7022946840152],[1998.3639787700376,1842.3252555001527],[1994.7239825286088,1842.6486245663837],[1991.3164704047958,1841.6618078527972],[1988.3624698906206,1839.3654052671045],[1986.0750851718476,1835.7711035003886],[1984.2317178079975,1831.4559466568753],[1986.1411834213068,1837.5930996490642],[1989.0832685267087,1844.277380971238],[1991.1505546699045,1847.5267182523385],[1996.8707365146838,1854.4185053491965],[1999.886051296431,1860.292060260661],[2001.6434564256924,1867.1841924842447],[2001.733215072134,1871.916716617532],[2001.190906969132,1873.9481236366555],[2000.0581291607232,1875.4002767689526],[1998.421442583145,1876.3733892925084],[1996.343816917506,1876.9342845156789],[1991.2435964074102,1877.209253567271],[1979.467098025314,1876.7551480634138],[1976.6166292897542,1877.0362359285355],[1973.875469150371,1877.7619672259316],[1971.3147533058655,1878.8992088995874],[1969.0055268882425,1880.4481534641236],[1967.0109711410478,1882.3978633861989],[1965.3942972387304,1884.726292542182],[1964.242367534025,1887.4225675854832],[1963.6104686899344,1890.4757295688614],[1963.5696747727925,1893.8748624604195],[1964.1831656767754,1897.6090289615095],[1967.7954956706963,1910.3826532671228],[1989.0245284714038,1979.2583005260676],[1989.500615560275,1981.2591489329934],[1989.3343833654653,1984.3357909359038],[1988.810289524903,1985.478557497263],[1987.2113515695091,1987.096076584421],[1983.5523329038988,1988.6413504527882],[1980.9300778434845,1989.2007718402892],[1978.9882214001846,1989.1955004846677],[1977.1820959610632,1988.624057433568],[1976.4179722840781,1988.0443342030048],[1975.3021579478518,1986.1639456478879],[1966.3879755191156,1957.834944237955],[1963.935093238193,1954.1513315187767],[1961.8400802011602,1952.4015935678035],[1959.5218717826647,1951.4510732199997],[1957.129878228181,1951.5112399198115],[1955.0662312905188,1952.7498133778572],[1953.6471342382138,1955.0010207286105],[1952.9050653477316,1957.9316903818399],[1952.8409873716882,1961.1863482417539],[1953.463636094355,1964.453976051882],[1963.939949774649,1998.9302743338048],[1963.9272356544388,2000.707622389309],[1963.4888336613658,2002.2727517774329],[1962.6957874360378,2003.62585524749],[1960.3219521187712,2005.7300598239526],[1957.405591156159,2007.0440809158608],[1947.5654015448526,2008.728141522035],[1939.8715812771698,2010.6846373714507],[1937.1262285716948,2010.0662273233756],[1935.6205773043912,2009.3067627353594],[1932.587757872534,2006.9879542468116],[1929.9127689912566,2003.7036640448496],[1928.0373271707795,1999.5772822359577],[1931.8002817125525,2012.1180144427344],[1936.4800441077678,2027.149567286484],[1941.8026412161998,2043.8158355178311],[1941.5886596682249,2041.2158338269219],[1941.8920791102573,2039.9391619339585],[1943.2248045978486,2037.5099795646966],[1946.627448070387,2034.4309956077486],[1949.5758507063147,2032.939318199642],[1955.6200200685416,2030.9228187203407]]]}},{"type":"Feature","id":"way/1351443784","properties":{"natural":"grassland","osm_type":"way","osm_id":1351443784},"geometry":{"type":"Polygon","coordinates":[[[2232.3042016114923,1987.588631875813],[2230.142154783418,1952.879277705215],[2227.9679919405025,1942.631122929044],[2224.9027752947295,1934.9021779270843],[2206.2373579449486,1936.4837936246768],[2197.9098357906914,1936.3053784267977],[2190.862847117125,1935.497299572453],[2189.033745589666,1934.6702349334955],[2186.301525661722,1932.141067912802],[2184.59726706089,1928.9704240653664],[2183.4652961334214,1924.3683375790715],[2183.507091389445,1920.647057434544],[2185.0034843670437,1916.1521673547104],[2186.9682603974943,1913.5692505287006],[2189.8065056467312,1911.988511648029],[2220.046389662719,1912.5604408765212],[2216.71233297867,1873.4266314916313],[2215.8005440293928,1837.5765392668545],[2210.283412746561,1840.1718929558992],[2204.4154110680684,1844.0548889329657],[2198.4893501910265,1848.9597256109118],[2192.7586006694473,1854.6093833204359],[2187.5001517304336,1860.7491236701608],[2182.1677395002334,1867.9550947295502],[2176.286271208024,1876.7592072421685],[2170.1962560420507,1886.7735947379842],[2164.2460024430766,1897.6437368346378],[2158.791769936972,1908.9929163893685],[2154.760975815414,1922.3011242104694],[2152.7372070387355,1937.769913200289],[2152.553061651648,1953.1104425294325],[2154.0173653839156,1966.0671336036175],[2156.970616606588,1974.3511697612703],[2160.814356772229,1980.304834915325],[2164.7814332881244,1987.3363791648299],[2168.486849972105,1994.789336410351],[2171.5297960903263,2002.0183048844337],[2174.3073338508257,2011.0350379152223],[2176.663458433177,2015.4072025390342],[2179.9391214217176,2018.3710952233523],[2184.0240561689716,2019.8375453641638],[2188.7922101229196,2019.7173390416428],[2194.2828416395932,2018.0883461525664],[2201.195195721637,2016.152224319987],[2209.354391241679,2014.3528428738937],[2213.808513459633,2013.6097074002028],[2218.443794361723,2013.0114859016612],[2223.236399708374,2012.6136563848704],[2228.1310120255803,2012.438284182921],[2233.095964239561,2012.51860824693],[2232.3042016114923,1987.588631875813]]]}},{"type":"Feature","id":"way/1351443799","properties":{"natural":"grassland","osm_type":"way","osm_id":1351443799},"geometry":{"type":"Polygon","coordinates":[[[1997.3690055798506,2156.1860992927104],[1992.1923747337423,2146.896316550672],[1990.056408216129,2142.813642033376],[1988.3766954390449,2139.3098569195718],[1985.0419706034008,2131.9246613010764],[1981.787078395777,2124.206424994394],[1975.8351817524526,2109.704597869888],[1970.0178408399806,2095.058729468845],[1966.5461392929428,2085.7735947510228],[1965.8330037608393,2083.860973862],[1962.567096473591,2074.3653355399147],[1958.7317813027767,2062.3464934760705],[1954.5465670974227,2048.360475969501],[1960.716329202638,2046.5998205179349],[1966.886124861776,2044.8280624458566],[1970.985117452743,2058.5805726461112],[1974.7421389702358,2070.3548194821924],[1977.8983037105645,2079.5613414524123],[1978.9876155977836,2082.474762637168],[1981.9891534043127,2090.481133721769],[1987.72804830916,2104.9379530334845],[1993.6250298157684,2119.3063383046538],[1996.8015181187657,2126.8244119975716],[2000.010629788565,2133.9537735376507],[2001.9877559035085,2138.391496174969],[2004.0272423864808,2143.118213733658],[2006.137133360724,2148.07840493042],[2008.3255031849258,2153.205439934507],[2010.592532757786,2158.4326674602926],[2012.9384332774207,2163.682327660732],[2013.5516334370184,2165.0],[2023.8596459015691,2165.0],[2023.4671367343399,2164.1664276728407],[2023.7021197508438,2156.1355174034834],[2027.2058649577084,2133.3056819606572],[2023.7508490890032,2132.4298038017005],[2020.4543682762887,2131.309968730435],[2017.3400122172898,2129.9795666076243],[2014.4392642796738,2128.4720087461174],[2011.7836683862843,2126.7984892837703],[2009.4046477113152,2125.0146365864202],[2007.3179592809174,2123.1316018346697],[2005.5629502626834,2121.193926287815],[2004.1711649726494,2119.21280406788],[2003.1661334381206,2117.243842116557],[1999.0183311813162,2106.968182091601],[1995.3972734136623,2097.4715611850843],[1993.9871409553452,2093.5241616694257],[1991.8887069312623,2087.2420776970685],[1990.4629034894751,2083.2502019032836],[1986.732455048419,2073.3311608470976],[1982.2957299665431,2061.877211969346],[1973.4051482154755,2039.4469494177029],[1971.0540784184122,2033.164187464863],[1968.0305361758801,2024.5245702005923],[1964.5302006634302,2014.139604685828],[1956.8348744031973,1990.4462243635207],[1949.4629237076733,1966.8314912421629],[1946.3648972319788,1956.5253876103088],[1943.9092755147722,1948.0206255353987],[1942.2839494115324,1941.8953623734415],[1938.4220716917189,1925.066422842443],[1934.41533356742,1906.3375167381018],[1932.163818329398,1895.3227602792904],[1930.6069101094618,1887.2425655461848],[1929.581789315911,1881.0078446287662],[1929.1484524048283,1877.7851666165516],[1928.4242878088844,1871.184675497003],[1927.9374491145718,1864.3959799725562],[1927.7809973584954,1860.9518787469715],[1927.6814087529783,1853.9976018331945],[1923.9696676007006,1851.6658524274826],[1921.0662567357067,1848.1698849406093],[1919.3404165209504,1844.1661067046225],[1918.906530952896,1841.1433836081997],[1906.0499948744546,1843.0526319229975],[1923.0630096521345,1900.8413410559297],[1925.10517456237,1907.5453759441152],[1927.625310487405,1915.5615245280787],[1930.4980152436765,1924.55618881993],[1933.605721188127,1934.218009153381],[1936.8309219653602,1944.2134085362777],[1940.0481887029018,1954.2198969069868],[1943.1478814858128,1963.9150266963989],[1946.0045440823887,1972.9874158930033],[1948.4927816416603,1981.1034651407972],[1950.5029575543012,1987.9407262662426],[1953.8419332714984,1999.6249570781365],[1947.6721580551239,2001.3745105778798],[1941.5102498563938,2003.1351999556646],[1938.1633899259614,1991.4398456253111],[1929.84327785013,1962.3015737673268],[1927.3582861492177,1952.9746992308646],[1922.1504856708925,1931.765323122032],[1920.5758037063642,1933.1718601621687],[1919.5791422334732,1933.9245514655486],[1918.4246051491937,1934.6768158748746],[1917.0963448325056,1935.4508278900757],[1915.5629063736997,1936.202067998238],[1913.8242297463585,1936.9527534563094],[1911.8567538064672,1937.6583861699328],[1909.6367371596862,1938.3411194384098],[1907.1642999776523,1938.9565192935988],[1909.2397352950647,1939.1954113496467],[1911.2107491025236,1940.1005400996655],[1913.0221143793315,1941.6606474714354],[1914.6027265714947,1943.8977583283558],[1915.9052828360582,1946.789527291432],[1916.8678347739042,1949.8914410676807],[1917.5859493258758,1952.8927160864696],[1918.1695987401763,1955.9936052402481],[1918.7286347768968,1959.4387957183644],[1919.372999033134,1963.4396490780637],[1920.2362538671005,1968.229808117263],[1921.4125824160292,1974.0094832684845],[1923.0276518524042,1981.0122962025926],[1925.1992644522106,1989.4607388852164],[1928.0373271707795,1999.5772822359577],[1931.8002817125525,2012.1180144427344],[1936.4800441077678,2027.149567286484],[1941.8026412161998,2043.8158355178311],[1947.478256813658,2061.282887496054],[1953.2328374662902,2078.727941901423],[1958.78456254903,2095.2837607078254],[1963.8593602422625,2110.1386690326035],[1968.175390312099,2122.436535459012],[1971.4507854193216,2131.332336549647],[1973.403588265297,2136.0143743902445],[1974.439355978975,2138.294457126409],[1975.159411544504,2140.5625745542347],[1975.6111466682632,2142.8077465500683],[1975.8103788500885,2145.018907335587],[1975.8045298397774,2147.1739683095366],[1975.625143807265,2149.284123723395],[1975.2959919439163,2151.3161121774465],[1974.8486183260684,2153.2811279436573],[1974.3304746142821,2155.145973891951],[1973.7652715494623,2156.899605740793],[1973.1370110935532,2158.6197405941784],[1972.366577279172,2160.3728156453],[1971.4302896997542,2162.1587666925043],[1970.280666887411,2164.0218995520845],[1969.5856349722512,2165.0],[2002.5067269388153,2165.0],[1997.3690055798506,2156.1860992927104]]]}},{"type":"Feature","id":"way/1351491122","properties":{"natural":"wood","osm_type":"way","osm_id":1351491122},"geometry":{"type":"Polygon","coordinates":[[[2624.956678308896,1701.723520817235],[2627.303910254035,1700.774785558693],[2627.320329584996,1694.9427947886288],[2626.7076473524794,1685.4431811785325],[2625.0906421715044,1679.3733107382432],[2621.7203117065947,1670.7879528580233],[2618.63195811864,1665.7914815116674],[2615.9767991925473,1669.5609484510496],[2614.14974434342,1673.6104621933773],[2612.6724581628805,1679.6049726391211],[2612.2790415286436,1684.7582755787298],[2612.6643405886716,1688.1030605556443],[2614.4240426886245,1693.9622651571408],[2618.8357326504774,1702.7838313821703],[2624.956678308896,1701.723520817235]]]}},{"type":"Feature","id":"way/1351503494","properties":{"leisure":"garden","osm_type":"way","osm_id":1351503494},"geometry":{"type":"Polygon","coordinates":[[[1769.982939685462,1536.4545946782455],[1765.1259189539123,1525.421811026521],[1757.855471932795,1507.6507340706885],[1750.1652650804608,1487.4235346242785],[1744.4122479833313,1471.933807786554],[1743.8082781695412,1470.476960286498],[1742.6697513795225,1468.174425918609],[1741.766062446346,1466.6167985834181],[1738.8882894383278,1462.2878386974335],[1736.5207635395345,1459.0377826606855],[1734.9400747275795,1459.7111790776253],[1740.4967184690177,1474.8448951328173],[1746.2280225111172,1489.6013907799497],[1750.0951190311462,1498.8763442169875],[1755.0695889374474,1510.2871238486841],[1764.8260015734122,1531.2863640598953],[1771.202651481086,1543.8006704393774],[1772.9573252261616,1543.0055546378717],[1769.982939685462,1536.4545946782455]]]}},{"type":"Feature","id":"way/1353572313","properties":{"landuse":"grass","osm_type":"way","osm_id":1353572313},"geometry":{"type":"Polygon","coordinates":[[[1695.7222456614254,1033.2239992246032],[1695.7044927642564,1019.1715460037813],[1694.1572367698536,1019.1118728239089],[1694.175319220405,1033.0421320656314],[1695.7222456614254,1033.2239992246032]]]}},{"type":"Feature","id":"way/1353572322","properties":{"landuse":"grass","osm_type":"way","osm_id":1353572322},"geometry":{"type":"Polygon","coordinates":[[[1696.2538287633215,730.559993875213],[1696.8629807078396,730.106166630052],[1697.4013124823687,729.5632814634591],[1697.8766897096648,728.9424679735675],[1698.2575609330088,728.2325332993641],[1698.5517027925234,727.4779326496646],[1698.7354590829345,726.6674942448735],[1698.8009048260283,725.8123055333272],[1698.7650395880337,721.502066812478],[1698.5387452690047,720.5016872631386],[1697.7086058778223,717.9667067686096],[1697.5852169431746,716.8666244233027],[1697.5869808150455,686.6289777029306],[1697.7395126352785,685.6851525809616],[1698.7805920290994,683.1440588887781],[1699.0752994421055,682.1783961271867],[1699.115962357202,681.7341600758955],[1697.4135055711376,680.6298624211922],[1694.2790568966302,680.6214961083606],[1694.4192937666085,716.8248480809852],[1694.4944516984979,718.246951491572],[1695.6929133282392,721.8160159392282],[1695.840611004911,722.6828822074458],[1695.9305509787519,724.4827180467546],[1695.9771086667897,730.7036672532558],[1696.2538287633215,730.559993875213]]]}},{"type":"Feature","id":"way/1353572323","properties":{"landuse":"grass","osm_type":"way","osm_id":1353572323},"geometry":{"type":"Polygon","coordinates":[[[1699.0969186190632,674.0802734252065],[1698.9339336625417,673.0245198868215],[1697.7105923013296,669.8997333319858],[1697.55505755794,669.0106289479882],[1697.4452009998495,633.2628138456494],[1697.368648905016,632.3628117423505],[1697.1577860771795,631.4957769652829],[1696.804657763103,630.683905525133],[1696.3801149566425,630.0051468554884],[1696.1543293659925,631.7708138618618],[1695.8194908627192,632.9807590888813],[1694.5156331401085,636.3542978372425],[1694.3717076075845,637.0315391896293],[1694.2824272408616,637.9422072889283],[1694.2760534145054,678.7885666014627],[1697.4341593508143,678.8081046734005],[1699.1032787145232,677.6128299990669],[1699.0969186190632,674.0802734252065]]]}},{"type":"Feature","id":"way/1353572324","properties":{"leisure":"garden","osm_type":"way","osm_id":1353572324},"geometry":{"type":"Polygon","coordinates":[[[1692.4475560864084,674.6179561456665],[1692.368602646049,674.6177454497665],[1691.7368269013823,674.6716025983915],[1691.0415623547742,674.8474851604551],[1690.3855077972985,675.1234499542043],[1689.7687225341797,675.4772799015045],[1689.2070269035175,675.8979085804895],[1688.7004505528603,676.37422744371],[1688.27267950424,676.9062996692955],[1687.9316090893699,677.494146309793],[1687.7009253148572,678.1378305405378],[1687.6201344809378,678.826349131763],[1688.5439187706215,678.8177051143721],[1688.6004309289274,678.3512940583751],[1688.7674778567161,677.8851779140532],[1689.029268895276,677.4193145586178],[1689.3778198089567,676.9870085455477],[1690.272008925327,676.2340086065233],[1691.331377963128,675.7147304769605],[1691.8923326641088,675.5718153817579],[1692.4451252457802,675.5288560893387],[1692.4475560864084,674.6179561456665]]]}},{"type":"Feature","id":"way/1353572325","properties":{"leisure":"garden","osm_type":"way","osm_id":1353572325},"geometry":{"type":"Polygon","coordinates":[[[1694.098726805416,724.5222632689402],[1694.0162368901074,722.8890765784308],[1693.9152880900074,722.2556160530075],[1692.685481559427,718.5975993629545],[1692.5874081253423,716.8866108134389],[1692.4619832161115,684.0047743814066],[1691.8699518502108,683.9587600389495],[1691.2939779223525,683.8128110626712],[1690.229441827396,683.3100828193128],[1689.3550752795418,682.5523640001193],[1689.0167614449165,682.107116737403],[1688.7653555289726,681.6398841366172],[1688.6008575470187,681.1506661884487],[1688.5469238910591,680.6506346147507],[1687.631035203056,680.6592996940017],[1687.7002854223829,681.3371099643409],[1687.9195766274934,682.0042119137943],[1688.2495802895864,682.6049575582147],[1688.6665807468235,683.1503922557458],[1689.162682655151,683.6404949547723],[1689.730020318064,684.0641360729933],[1690.3449077436235,684.421252428554],[1691.015299556835,684.6896480303258],[1691.5518560400233,684.8132745642215],[1691.6707343629096,720.1500976085663],[1691.6380860473728,720.549920652993],[1691.3676898363628,721.2823677435517],[1691.1536871058634,721.5928379260004],[1690.57590841403,722.1245097368956],[1689.8565185765037,722.4669572738931],[1688.1899021109566,722.7291173199192],[1687.3677848649677,723.1046169092879],[1687.0038016292965,723.4035784890875],[1686.6790873997961,723.7804051600397],[1686.4094327497878,724.235139042139],[1686.2027329594712,724.7678011879325],[1686.0826145968167,725.4006718527526],[1686.0412416277104,726.1115128975362],[1687.2255337250535,726.1146722929552],[1687.178589109215,728.9139182493091],[1687.2637775458861,729.5362280113623],[1687.5463478578604,730.1590643636882],[1688.0028808974312,730.6823873100802],[1688.6256295608473,731.050633141771],[1688.9885750797694,731.1404704414308],[1689.3911451576278,731.1748704081401],[1694.1362347299582,731.1764243235812],[1694.098726805416,724.5222632689402]]]}},{"type":"Feature","id":"way/1353572326","properties":{"landuse":"grass","osm_type":"way","osm_id":1353572326},"geometry":{"type":"Polygon","coordinates":[[[1684.5498254616396,678.4515744037926],[1685.5280178334215,678.7652249149978],[1686.1041701450013,678.8445221539587],[1687.6201344809378,678.826349131763],[1687.7009253148572,678.1378305405378],[1687.9316090893699,677.494146309793],[1688.27267950424,676.9062996692955],[1688.7004505528603,676.37422744371],[1689.2070269035175,675.8979085804895],[1689.7687225341797,675.4772799015045],[1690.3855077972985,675.1234499542043],[1691.0415623547742,674.8474851604551],[1691.7368269013823,674.6716025983915],[1692.368602646049,674.6177454497665],[1692.4475560864084,674.6179561456665],[1692.4430105573265,673.3626705249771],[1688.5900818791706,673.3523897090927],[1687.3761076024384,675.5930911442265],[1683.7995172745432,675.5835504308343],[1683.7840664328542,678.4162060311064],[1684.5498254616396,678.4515744037926]]]}},{"type":"Feature","id":"way/1353572331","properties":{"natural":"wood","osm_type":"way","osm_id":1353572331},"geometry":{"type":"Polygon","coordinates":[[[1600.8138325877371,728.0509020071477],[1601.0687885252992,724.2079979488626],[1601.4487274294952,714.9222043789923],[1601.6813693579752,704.6140274126083],[1601.7473550563445,694.6275580516085],[1601.6510996012366,686.2736244918779],[1601.1604948038585,662.8886894453317],[1600.930737672781,648.313578274101],[1600.8387914810446,635.3606908023357],[1600.8679390868056,630.3285662950948],[1600.964400705474,626.7074143858626],[1596.9614904305781,626.6745734857395],[1596.4789367805934,731.160917933099],[1600.5292418936733,731.1605588383973],[1600.8138325877371,728.0509020071477]]]}},{"type":"Feature","id":"way/1353572332","properties":{"natural":"wood","osm_type":"way","osm_id":1353572332},"geometry":{"type":"Polygon","coordinates":[[[1456.7420810926124,613.1847401037812],[1474.9096158375614,613.1659272247925],[1474.925046000164,604.3124042488635],[1469.7036254897248,602.265774006024],[1467.1990503954585,599.9152608988807],[1465.5494330762303,596.7116368710995],[1464.8575319154188,592.6107373917475],[1465.2165163388709,585.2133474331349],[1466.3623298546881,575.8518052725121],[1467.550133807701,571.533683437854],[1471.107669305231,563.8114596633241],[1471.9297991130152,560.4366074567661],[1471.9572360108723,556.0154525870457],[1470.9621793303522,550.1030506212264],[1471.76167764602,546.3282288610935],[1473.1964111923007,544.1880463492125],[1475.4344679550268,542.8164747180417],[1484.9657197360066,542.3194885486737],[1495.1163522566785,543.479333281517],[1502.809046459617,545.5547220576555],[1506.4684253703454,547.1306940522045],[1512.378816960554,551.4008952528238],[1516.6362854317413,556.7109457142651],[1519.5185244231252,562.5505795665085],[1521.271558552573,568.4427746040747],[1522.456145765609,577.3105762563646],[1522.56351367553,584.4870231319219],[1521.965838759439,592.5502963252366],[1520.4978773623588,601.2888958947733],[1517.9943871090072,610.491322346963],[1516.0100871472387,614.440747410059],[1513.224006829667,617.043913776055],[1509.7856010217802,618.5122806765139],[1505.844412062841,619.0239816680551],[1497.0357990661869,617.9898541066796],[1479.789101937553,613.1343502234668],[1478.4844786757603,688.7472381759435],[1525.9862224130193,690.5499933790416],[1534.298177540477,691.2606984423473],[1539.2209517391748,692.7511615520343],[1542.3246266813367,695.4365466181189],[1543.307074740529,697.1276547992602],[1544.394149683416,701.051871358417],[1544.3786227182136,709.9053957741708],[1542.6724178969744,728.1190097695217],[1541.9783002501936,730.8498928509653],[1540.3620524558355,732.9673631712794],[1537.753205079469,734.2490627737716],[1536.0471217596205,734.5111579708755],[1531.7846157936146,734.1444125492126],[1522.92439104605,731.7881867997348],[1511.6713632480823,729.625609871],[1497.590059873066,728.1221072664484],[1486.7872992911143,728.8601103201509],[1481.9201489064726,730.2358563458547],[1477.1534145267215,732.4561253264546],[1476.6071671022219,747.9956371588632],[1493.2376170807984,746.8841840028763],[1505.561581444752,747.116656480357],[1513.4358821826754,749.0925618130714],[1519.1424487374607,752.7401509517804],[1521.6368189441855,755.9349131118506],[1523.6654549672385,762.0833371980116],[1525.0741482116282,772.7735473234206],[1525.5885952602257,781.2618888672441],[1525.2581397719914,783.8159971209243],[1523.9970776155242,785.9788447394967],[1521.766168285918,787.6614596638829],[1518.526170791767,788.774870319292],[1476.2327903967816,791.1960531547666],[1476.155081308505,796.7168300980702],[1496.8408971737954,796.6158492825925],[1524.171061799745,797.821088610217],[1528.2976339626475,798.8206610297784],[1531.0705742077553,801.1608000993729],[1532.74305675691,804.6422183262184],[1533.719581400801,811.5543592153117],[1532.645488272712,844.5330009991303],[1531.3914788938127,847.0180158466101],[1529.2081650465843,848.6229937495664],[1526.3555866839597,849.5374693730846],[1519.8242908500833,850.2867060508579],[1517.6655173519393,851.5696028275415],[1516.847360680753,853.4447979172692],[1517.4267289118725,855.2903586113825],[1518.2538092409377,856.0146034359932],[1524.6934678034158,857.0758275352418],[1528.2269576367107,858.418200077489],[1531.2518108017393,861.0256122304127],[1532.446875421796,862.9172364929691],[1533.9412427634234,868.0644771018997],[1533.8531927466975,883.4496789360419],[1532.943631644128,890.0346841169521],[1529.5012485752231,899.0346723888069],[1528.0153253659955,905.6292634960264],[1526.8149641263299,926.6547042131424],[1525.4315635578823,939.2704381113872],[1524.0286531380843,947.3204788649455],[1521.3436160497367,956.5557544771582],[1519.6476020709379,964.9827149733901],[1515.5867295165663,998.9310354609042],[1514.9551952259499,1001.8953687259927],[1513.8195297389757,1004.4251344809309],[1510.3671589657315,1008.2707084948197],[1508.216100650141,1009.6424978105351],[1503.4743044115603,1011.4629026968032],[1496.500884467736,1012.2776472382247],[1474.81624087214,1011.1873713647947],[1474.6701807008358,1012.6866500638425],[1474.345368620765,1016.107248862274],[1474.0718992465409,1021.0165379270911],[1473.9954810676281,1026.0485410420224],[1474.0745394896367,1029.0036420533434],[1474.2811163293663,1031.5036256825551],[1474.6449470670777,1034.2484133029357],[1475.1580194787239,1037.2824183152989],[1476.202674972592,1042.3173756795004],[1492.2448741390253,1039.4492114437744],[1497.7247805508086,1039.1415180414915],[1502.4601926116738,1039.731662550941],[1506.2145550199784,1041.1079326579347],[1509.1307669300004,1042.9707712102681],[1511.2719874980394,1045.3203438483179],[1513.147013267153,1049.813177854754],[1513.9046956729144,1058.8687042240053],[1513.6220704857842,1064.2445299522951],[1512.6528572178795,1069.5185649152845],[1511.0109657572466,1072.413578974083],[1508.2349449711037,1074.2724973345175],[1504.8215249697096,1075.3410222986713],[1483.9103104029782,1077.429821414873],[1485.82806000259,1089.6765772290528],[1486.61211193091,1100.7206133781],[1487.7870193328126,1104.2562529034913],[1489.9185743791168,1107.2723104571924],[1492.029946272145,1105.967062025331],[1494.898910278338,1107.7742266980931],[1498.7269843396498,1108.128694113344],[1512.0287958789268,1105.5310648530722],[1576.0994249986834,1089.2153900163248],[1577.4277594540617,1088.463525065221],[1578.6647725203075,1086.4228182174265],[1580.8530265728477,1085.9065148988739],[1581.3524315179675,1076.2100128727034],[1572.7755542007508,1071.388351816684],[1562.286312928889,1067.239262775518],[1557.3313704963657,1066.0819529565051],[1539.3452399322996,1063.6682173535228],[1530.0765565289184,1060.6999235656112],[1525.703565719945,1057.4113216595724],[1523.1314827830647,1053.7942228382453],[1521.7895013878588,1050.7469148831442],[1521.380846734508,1047.046664647758],[1522.3542962143547,1043.161219816655],[1524.2785081961192,1040.9890151014552],[1529.3640270423493,1037.5587843330577],[1536.255838481302,1034.755416863598],[1560.8359947759309,1027.5998642090708],[1581.7415954410098,1027.6996985841542],[1581.761212198413,1017.324299431406],[1567.8974284543074,1014.4215289102867],[1559.9703244148404,1011.6455935584381],[1556.2177501662518,1009.5916709890589],[1554.981422200799,1008.3886668439955],[1553.5764631860075,1005.2745339749381],[1553.7569309530663,999.7318105921149],[1556.0836195264128,994.6502226339653],[1563.2014516566414,987.0152330333367],[1568.2254270843114,980.0190032711253],[1570.4091183707933,978.2585188420489],[1574.2723494419479,977.2911983979866],[1578.9994932256523,978.0368979582563],[1584.6932391263545,980.473674566485],[1589.4917850337806,984.0633778348565],[1593.5205535842688,977.2422656752169],[1597.3619086359395,972.6201653033495],[1597.1833080589422,968.5206107646227],[1595.4691108930274,959.9624247448519],[1594.7388515952043,943.5863825250417],[1594.5486092966748,923.0460418360308],[1593.505740342429,914.3896609079093],[1593.6379986249376,903.2258505458012],[1594.8035688832751,892.420258029364],[1596.2013324009604,886.3475532494485],[1603.9681399397668,860.3406780902296],[1605.8518080773065,849.6814067643136],[1607.314051845402,834.1998772444203],[1609.174508198921,826.3399170804769],[1613.3587742910604,817.4974631657824],[1622.4664425607189,806.9018255500123],[1625.0739082900109,803.165152400732],[1626.7809414615622,799.570498496294],[1627.8526595522999,794.3967324094847],[1627.514130794385,791.0632474506274],[1626.728804233193,789.4837361145765],[1623.9966983422637,786.6437763441354],[1617.6414268268854,783.5164744658396],[1607.050214545161,781.9220271538943],[1604.818819004693,780.805240736343],[1602.9364635737147,779.0672992048785],[1600.1229500917252,774.1720396820456],[1598.4574538037414,768.0689891017973],[1597.7566233698162,758.4470679424703],[1598.4620595847955,748.4845120310783],[1600.5292418936733,731.1605588383973],[1596.4789367805934,731.160917933099],[1596.9614904305781,626.6745734857395],[1600.964400705474,626.7074143858626],[1600.8708485258394,620.3086048429832],[1599.5166530979332,612.9177828542888],[1597.99699900602,608.3703270647675],[1594.1936803194112,601.5506551843137],[1592.6062025101855,595.7810734435916],[1592.559689803922,589.5045839138329],[1594.2279385600123,579.7112137004733],[1594.1780116445734,571.7462061867118],[1593.0527722254628,558.4017776213586],[1590.5784002288128,541.6989699508995],[1589.8124817095231,529.8107239054516],[1589.7956899765413,527.211264282465],[1456.6457796270843,520.7719523599371],[1456.7420810926124,613.1847401037812]]]}},{"type":"Feature","id":"way/1353572336","properties":{"natural":"wood","osm_type":"way","osm_id":1353572336},"geometry":{"type":"Polygon","coordinates":[[[1648.4704461293877,1074.9219973441213],[1647.3416923534242,1042.2152113979682],[1648.5996430368396,1035.2867805380374],[1650.5191404123907,1031.937087151222],[1653.469707638491,1029.7787622557953],[1655.3818429144449,1029.1950973216444],[1660.1036484009237,1028.9632841683924],[1672.345777396171,1030.0734434640035],[1692.3439390131389,1032.9483750667423],[1692.3337475002045,1019.0181369129568],[1679.5645369293052,1017.1955821178854],[1652.2519862293848,1009.7355680540204],[1646.6335746840923,1008.6764004873112],[1639.7658110765042,1008.3470825646073],[1632.7374596335576,1009.028229358606],[1626.6531937032123,1010.9560592295602],[1624.3043541059596,1012.4716959483922],[1622.5938826006604,1014.4111578483135],[1620.6954223664943,1018.7606912022457],[1620.3786465035519,1025.0695457225665],[1622.3303365894826,1030.395762199536],[1626.557053784083,1035.2392480792478],[1628.7645326586207,1039.377524270676],[1629.7370679939631,1044.7677914239466],[1629.2453267964884,1051.553851256147],[1627.4035546458326,1055.3703197715804],[1624.5617348378291,1058.2065716190264],[1621.2090540470672,1060.1749944817275],[1617.8269211986917,1061.3435201114044],[1606.9285527012544,1062.6142778815702],[1588.2335694067879,1062.5424416400492],[1588.063583554118,1076.0278565883636],[1588.6806141507113,1081.5171522386372],[1590.3008511716034,1083.8209351394325],[1592.1053504293668,1085.114322828129],[1594.306035208574,1085.8644399093464],[1596.7615654122783,1085.7820875076577],[1602.2675700532272,1084.5525373592973],[1608.1286971349036,1083.379478160292],[1614.4316719060298,1082.3075757836923],[1617.819946323696,1081.7944733714685],[1624.9515285248635,1080.8580867061391],[1628.8053049984155,1080.457313827239],[1632.7457184438827,1080.1345340395346],[1640.6496990472078,1079.688998522237],[1648.4820061806822,1079.4765630029142],[1648.4704461293877,1074.9219973441213]]]}},{"type":"Feature","id":"way/1353572337","properties":{"landuse":"residential","osm_type":"way","osm_id":1353572337},"geometry":{"type":"Polygon","coordinates":[[[1697.10592888057,331.4520383924246],[1696.6389960201923,308.18936535622925],[1696.4580960363382,296.0916079226881],[1696.315221585217,284.5382740162313],[1696.1963401363464,275.8288080021739],[1695.8464426682913,244.21277661342174],[1695.4367538872757,220.2059830389917],[1695.0432910079835,210.82926876842976],[1694.7776354753878,206.81835278123617],[1694.2941840750282,201.57380029466003],[1693.7755910471315,197.6621869103983],[1693.1613865351537,194.07246806286275],[1692.1884436061373,188.80439253989607],[1691.018841252313,183.2580773718655],[1690.2610247844714,180.2234060605988],[1689.2822986013489,177.12149389460683],[1687.1265553294797,171.25039933715016],[1684.9302912813728,165.7679987186566],[1683.3762501850724,162.25353478826582],[1681.8687538548838,159.05023633688688],[1680.8716218207846,156.92583382409066],[1679.3713377642562,153.97805316373706],[1677.807765951089,151.07453857827932],[1675.2607171902782,146.84647881053388],[1671.234664049407,140.5704951947555],[1669.1425264558638,137.48783660773188],[1667.0419877109816,134.59400263614953],[1661.2973088992876,127.29145528189838],[1646.3353371015983,109.07794718723744],[1641.6601599951973,103.40012019407004],[1630.5556037618662,89.54037705715746],[1629.0762226086226,87.62576443701982],[1626.8341696095304,84.48717858921736],[1624.6005418631248,81.14866107143462],[1622.4695903277607,77.79930859059095],[1619.5530419253628,72.9370995638892],[1616.7632396401023,67.91970814950764],[1613.8647462537047,62.202187325805426],[1610.7471625124454,55.728701097890735],[1608.1333606405533,49.84530994575471],[1603.1344352640444,38.19022405240685],[1591.097464623279,9.620287384837866],[1587.001233103812,0.0],[1173.1804869809177,0.0],[1174.5304379361914,254.5844903215766],[1174.7336378560867,450.6852131308988],[1421.8214504190255,450.44066419266164],[1421.8892939020297,520.8138815043494],[1456.6457796270843,520.7719523599371],[1456.7420810926124,613.1847401037812],[1474.9096158375614,613.1659272247925],[1474.647584181861,622.7186431856826],[1474.158235843177,640.6355454949662],[1473.8938898797496,639.079643342644],[1473.1400296594365,637.5224516289309],[1471.959700912179,636.0085710491985],[1470.4397526764078,634.5382305979729],[1468.6432893975289,633.1338139344007],[1466.6570432954468,631.8399841375649],[1464.5442067903932,630.6457991562784],[1462.383587672084,629.607009650208],[1361.1180166740087,629.0301688844338],[1359.3462315801298,627.2370461970568],[1357.4481480991235,625.4324849611148],[1355.3920973128406,623.6497282786295],[1353.1385730158072,621.8997815800831],[1350.6953833363368,620.2159913266078],[1347.959829754138,618.6203064164147],[1343.5833935602568,616.4982282873243],[1338.1414505470311,614.2289566742256],[1333.2668711398146,612.3832991346717],[1328.620472818322,610.8381737656891],[1318.4197535829153,607.7233460349962],[1310.8936911122291,605.3375719487667],[1281.9498127244296,595.875346723944],[1277.9264069882338,594.6095961304381],[1274.604855424841,593.6678248895332],[1270.3911466784775,592.7126246932894],[1267.6763281828025,592.2389978282154],[1260.1864410763374,591.1086505604908],[1255.111980424088,590.2067646402866],[1251.4109797229175,589.4417565353215],[1243.8831680984586,587.7114648567513],[1240.4898563398747,587.0361315030605],[1237.0487672087038,586.5161963775754],[1235.2017221078277,586.3225526157767],[1231.2151825749897,586.056702023372],[1226.706937328272,586.0227804016322],[1224.3065181785496,586.0943099409342],[1219.3235946720233,586.4257456073537],[1211.4259827322676,587.2384040774778],[1200.41586722387,588.6984125552699],[1185.1489605882089,590.5917603811249],[1181.2945738353883,591.1261028675362],[1177.613542502746,591.7941996520385],[1173.5765271231066,592.7279840139672],[1169.4362687041867,593.8947846116498],[1165.4456516805803,595.2063868138939],[1161.8495497140102,596.6189890801907],[1158.228958933847,598.3425710983574],[1156.2365524095367,599.4038470899686],[1152.1565081335139,601.7150011770427],[1148.1708962548291,604.1485965289176],[1143.1170521685854,607.4903411082923],[1140.2374375109794,609.6824087006971],[1138.7498855025624,610.9227316118777],[1135.8930137256975,613.4814439695328],[1133.273006659816,616.0407690191641],[1130.1931183178676,619.3542936481535],[1129.361118770612,620.5074417740107],[1128.599834190798,621.7940757991746],[1127.9014551722794,623.1808497225866],[1127.2659530430683,624.678872060962],[1126.1999721072498,627.7754234150052],[1125.3707394307712,630.9170202212408],[1124.8025427223183,633.8704442624003],[1124.4478659376618,636.6911159213632],[1124.2034669211134,639.6120496001095],[1123.9943608407048,644.1549313059077],[1123.803152133536,650.9417983163148],[1123.6756223686389,669.770562518388],[1123.3349764364539,706.9390929434448],[1123.2877765159938,712.9931638613343],[1122.9178017826052,758.4708623532206],[996.2245235471637,757.5120787285268],[995.8672100807889,560.9110124735162],[950.9886669755215,561.0406774580479],[897.3395875457209,1010.5138164833188],[913.5471666196827,1017.0314042083919],[949.2432449803455,1031.3525691423565],[952.4532082046499,1032.6382554443553],[956.0417281036498,1034.0804307898507],[962.7455802531331,1036.7636234462261],[970.9007239396451,1039.9837464671582],[974.6785709536634,1041.4819593653083],[983.4728474281728,1044.837036093697],[990.3905495475628,1047.2430895445868],[998.626037191134,1049.9080229084939],[1007.2644413192756,1052.4629130112007],[1010.0809765604208,1053.2255154559389],[1015.8800936710322,1054.6511721694842],[1021.5217095743283,1055.9209096552804],[1025.8931608562707,1056.8319184295833],[1026.7295897782315,1057.0006930883974],[1039.4186678048573,1059.321628574282],[1046.986593922018,1060.6074423342943],[1054.8072668931563,1061.849479995668],[1086.7314715673565,1066.0195573791862],[1133.5088195691933,1072.1388055915013],[1142.4744451821316,1073.2950375443324],[1190.625334153534,1079.4404687238857],[1196.4735133133945,1080.1887906854972],[1201.051024736662,1080.7783033065498],[1214.499483912252,1082.4905807254836],[1218.7613138342858,1083.034852558747],[1278.4029133646982,1090.7548712911084],[1282.3174468966317,1091.264955131337],[1340.9254588872427,1098.6829315852374],[1355.2893529059947,1100.5089842295274],[1373.9150429734727,1102.8794442042708],[1424.2359558834578,1109.265598646365],[1426.6036393250688,1109.5606434019282],[1428.5688041588874,1109.810196799226],[1432.9647517667036,1110.377180985175],[1442.4910660684109,1111.4353295341134],[1450.6918394454988,1112.1900715371594],[1455.6883148939814,1112.5586963314563],[1459.8562741185306,1112.7585144415498],[1463.5350478072069,1112.8459608862177],[1468.3983052518452,1112.83655170165],[1474.6356683308259,1112.6752461213619],[1479.1286021570559,1112.387153771706],[1484.1588224167936,1111.933851777576],[1491.811349366384,1111.020907893777],[1499.7883278048248,1109.8200051868334],[1504.7881159972167,1108.9334028474987],[1512.4346323150094,1107.3095159539953],[1521.6775190510089,1105.0788819473237],[1576.5131395754288,1090.99386610277],[1586.862498432747,1088.3330229101703],[1596.7615654122783,1085.7820875076577],[1602.2675700532272,1084.5525373592973],[1608.1286971349036,1083.379478160292],[1614.4316719060298,1082.3075757836923],[1617.819946323696,1081.7944733714685],[1624.9515285248635,1080.8580867061391],[1628.8053049984155,1080.457313827239],[1632.7457184438827,1080.1345340395346],[1640.6496990472078,1079.688998522237],[1648.4820061806822,1079.4765630029142],[1659.321746961563,1079.4609940703958],[1683.565957296698,1079.8477713046595],[1684.8765904433676,1079.8179417736828],[1686.0926929258858,1079.7100999532267],[1687.2142351415823,1079.5353543283418],[1688.2412467612885,1079.282596311532],[1689.1894285741146,1078.9851936157793],[1690.0508857434615,1078.6431251391768],[1690.8414079654613,1078.2564329840243],[1691.5609655969893,1077.8362256707624],[1692.2173941883375,1077.4047413282096],[1692.8106937301927,1076.9619799396023],[1693.3962764040916,1076.4525462742895],[1694.0058402270079,1075.8320904532447],[1694.623506582575,1075.1338959643617],[1695.2256205933518,1074.346791042015],[1695.7884087588754,1073.5040380880237],[1696.2960813688114,1072.605594938621],[1696.7327893923502,1071.6736365174875],[1697.0669533803011,1070.708078498952],[1697.2826649530325,1069.7533128885552],[1697.3562987918267,1068.7870593573898],[1697.3605038131354,1064.2547528333962],[1697.3221860954654,1063.8214142816141],[1697.2048900642549,1063.3989735078067],[1697.0322706460138,1062.9986022841185],[1696.8123116658535,1062.5869960645214],[1696.5765036129742,1062.1975647844374],[1696.3407251850585,1061.7970249727368],[1696.1207364643342,1061.3965273192152],[1695.9402220556512,1060.9961350522935],[1695.815001357987,1060.584781769663],[1695.768758989172,1060.1625306988135],[1695.7222456614254,1033.2239992246032],[1695.7044927642564,1019.1715460037813],[1695.6355977696367,979.913496401161],[1695.686318350141,978.6583576891571],[1695.8252773243003,976.8813493661582],[1696.036329008115,974.715731786564],[1696.2954623824335,972.2836356861517],[1696.5786070852191,969.729408881627],[1696.8617223518086,967.18629063759],[1697.112872368889,964.7874991456047],[1697.3317308748956,962.6552283456549],[1697.4705719946069,960.9226542655379],[1697.5211151188123,959.7341668503359],[1697.448078902613,871.7537071639672],[1697.4887109530391,871.3205795120448],[1697.6082940321648,870.8876626268029],[1697.7910082932794,870.4660228965804],[1698.0053029929404,870.0444674817845],[1698.2432830317994,869.6229753065854],[1698.4812334461021,869.2125916806981],[1698.7033640221925,868.8132744440809],[1698.886048757122,868.4027432864532],[1699.0134084580932,868.0142816640437],[1699.061846770288,867.6145007200539],[1699.0603016765672,838.6210031108931],[1699.014146773785,838.165426553227],[1698.9048307178891,837.7096813693643],[1698.7323831542744,837.2426590248942],[1698.5283846430248,836.7644438371062],[1698.3085958125303,836.2861865023151],[1698.0809118025936,835.8079080963507],[1697.8769131972804,835.3296929327771],[1697.704495147511,834.8515620799735],[1697.5873431026703,834.3735787672922],[1697.5333522238652,833.8957640687004],[1697.4352953395573,752.3249267786741],[1697.47592808021,751.8917992077768],[1697.5956319381366,751.4144482482225],[1697.770661871822,750.91502775345],[1697.9851977410144,750.4046041080728],[1698.2155538036604,749.8831140873954],[1698.4538348098868,749.3505366165191],[1698.668370785017,748.8401129953563],[1698.851266469108,748.3518221452832],[1698.9709111808334,747.8966882899404],[1699.0115143944859,747.4746692674235],[1698.8009048260283,725.8123055333272],[1698.7354590829345,726.6674942448735],[1698.5517027925234,727.4779326496646],[1698.2575609330088,728.2325332993641],[1697.8766897096648,728.9424679735675],[1697.4013124823687,729.5632814634591],[1696.8629807078396,730.106166630052],[1696.2538287633215,730.559993875213],[1695.9771086667897,730.7036672532558],[1695.5976314094733,730.8915008315817],[1694.9022838946548,731.1007085852325],[1694.1836063775118,731.1765507552773],[1694.1362347299582,731.1764243235812],[1689.3911451576278,731.1748704081401],[1641.0006831447245,731.1681331917644],[1600.5292418936733,731.1605588383973],[1596.4789367805934,731.160917933099],[1596.9614904305781,626.6745734857395],[1600.964400705474,626.7074143858626],[1612.807298402011,626.8166202194989],[1652.8205487848609,627.1674157306552],[1653.7443108694279,627.169875212945],[1691.499502805702,627.5037918565795],[1692.4940863242955,627.5953148202971],[1693.4251508504385,627.8199717933312],[1694.284771286184,628.1888502128422],[1694.6473667921382,628.4119902234524],[1695.0651411315193,628.6686033690348],[1695.7504695596872,629.2591890897602],[1696.332950117183,629.9272606633604],[1696.3801149566425,630.0051468554884],[1696.804657763103,630.683905525133],[1697.1577860771795,631.4957769652829],[1697.368648905016,632.3628117423505],[1697.4452009998495,633.2628138456494],[1697.4804595181486,631.8854397907853],[1697.5717568136752,630.2193913562223],[1697.7109899650677,628.3424072172493],[1697.874294898007,626.3210753602907],[1698.0535390099394,624.2442429885268],[1698.2327535777004,622.1785191651434],[1698.3959402008913,620.2016214802861],[1698.5271301043686,618.3801589841023],[1698.6181609432097,616.814087415114],[1698.6530935750343,615.5589072825387],[1698.6821035447647,583.9883045107126],[1698.7234829915105,503.41764675825834],[1698.500163201592,397.7741590589285],[1698.5204913768684,396.074595968239],[1698.8435596729978,384.4891780791804],[1698.8789003276615,380.1235887259245],[1698.7364054909558,374.3467312529683],[1698.666263288469,374.0021771173924],[1698.1480223253602,372.9232586361468],[1698.0860723035294,372.4676402779296],[1697.10592888057,331.4520383924246]]]}},{"type":"Feature","id":"way/1354355242","properties":{"natural":"wood","osm_type":"way","osm_id":1354355242},"geometry":{"type":"Polygon","coordinates":[[[1121.0585217982298,707.944104006514],[1113.6404232059722,709.6356994267553],[1105.2016653309693,709.1029510283843],[1098.9293375369161,707.3649556655437],[1083.0597996404395,701.1810335917398],[1077.1582520439988,699.5550999576226],[1071.0104041207233,698.5284032989293],[1060.8420123106334,698.2023291913792],[1040.9028681500931,699.5063653765246],[1030.4973037878517,699.3019253071398],[1024.5560653950088,697.753698640503],[1022.1511279026745,696.5255848048255],[1018.409082941711,693.3056030720472],[1017.0322996358736,691.3913931194693],[1015.2116317158798,687.0765862409025],[1014.5069646462216,681.6871048808098],[1014.49421086238,677.4213663665578],[1016.4303575127851,633.6028680615127],[1016.9439697588095,596.4792172079906],[1018.413906067668,580.5421334812418],[1020.5297042550519,574.4600406559184],[1023.8175167695154,570.1027878317982],[1025.8506980327074,568.5305794309825],[1030.5932819051086,566.4765426963568],[1036.10620495677,565.757519043982],[1038.9561296923202,565.898136193864],[1044.1557689129259,567.2667335579172],[1048.6729149273597,569.9888325128704],[1052.4448585412465,573.8865328459069],[1055.4324641879648,578.8264294331893],[1060.949427491636,591.8932196814567],[1065.1379095616285,599.6022507725284],[1070.455941452179,607.1142343422398],[1076.9528925896739,613.6516976384446],[1084.6777073072735,618.6037967214361],[1088.936053112673,620.6254161326215],[1098.0074179004878,623.8924896121025],[1112.2746058100602,626.9174709646031],[1126.1999721072498,627.7754234150052],[1127.2659530430683,624.678872060962],[1127.9014551722794,623.1808497225866],[1128.599834190798,621.7940757991746],[1129.361118770612,620.5074417740107],[1130.1931183178676,619.3542936481535],[1120.7500642736559,619.3854726636782],[1120.585961642675,560.5649684602395],[995.8672100807889,560.9110124735162],[996.2245235471637,757.5120787285268],[1122.9178017826052,758.4708623532206],[1123.2877765159938,712.9931638613343],[1123.3349764364539,706.9390929434448],[1121.0585217982298,707.944104006514]]]}},{"type":"Feature","id":"way/1354355243","properties":{"natural":"grassland","osm_type":"way","osm_id":1354355243},"geometry":{"type":"Polygon","coordinates":[[[1163.1638335462194,906.619300801307],[1165.6329240572522,904.3706381814554],[1168.3448952528415,902.8446647701785],[1171.2758600087836,902.1190793644637],[1168.670604463201,902.0679043978453],[1165.9077924427693,901.8830195777118],[1163.0190327409655,901.5533982394263],[1160.0122776547796,901.0568438880146],[1156.911240832589,900.382309384644],[1151.0648164177546,898.8897520108148],[1148.3430565710296,898.0940070971847],[1145.6531920108246,897.1761509897187],[1142.9006539257825,896.069287693128],[1140.0223962276941,894.7288200100884],[1136.923849743791,893.087852243334],[1133.5262351836427,891.0795296626166],[1129.7428204987082,888.6591944368556],[1125.502778092923,885.7377955969423],[1121.1214513055165,882.493885342963],[1116.9773452226655,879.1061779344454],[1113.0545551807736,875.6190663576126],[1109.3372625221382,872.0436180429533],[1105.8016962332185,868.4130972102284],[1102.4241712090443,864.7274425281212],[1099.1967066653306,861.0199590241536],[1096.1034553695354,857.3128228811547],[1090.2246517200256,849.977107736282],[1087.439357167168,846.2485515968874],[1084.7334967878414,842.3313547549769],[1079.3304043727694,834.208162904717],[1076.514401903085,830.1351656867191],[1073.548187874665,826.1395436637104],[1070.3684008626733,822.2988943830132],[1066.9196317569003,818.6686187563464],[1063.1464143792982,815.3263349207118],[1065.642014493642,818.1210119929165],[1068.0302052363404,822.7705520633608],[1071.09261490067,832.3429421391338],[1072.5733501258073,839.8672809060663],[1073.4759372698027,848.089975583367],[1073.8924337034114,858.0554723199457],[1073.7137671263772,869.1969512822106],[1072.7683631139225,880.6919338954613],[1070.9004671380972,891.7068739384413],[1069.5689346801955,896.7800858654082],[1066.2918609967455,906.2250892901793],[1062.4801039576414,914.824465425685],[1056.1448455922073,925.3613665681332],[1051.7504321666784,930.2823009481654],[1047.5648906663992,933.8040894418955],[1044.7006110478542,939.3177150646225],[1043.7361527537578,945.9581897081807],[1044.1147079146467,949.1917683491483],[1045.1414798822952,952.104861705564],[1046.8722464106395,954.4976582787931],[1049.3628142179223,956.1592383049428],[1060.2294545075856,958.0422970214859],[1067.6210643957602,960.3941081613302],[1077.477712100197,965.1184045458212],[1086.6360983883496,971.1961696054786],[1095.0202471524826,974.4059310639277],[1102.0517483083531,975.557124229148],[1109.7334409529576,975.6213569724932],[1121.4233574938262,973.5741924382746],[1127.9456380275078,973.1911115022376],[1133.1068865113775,974.0042538847774],[1138.2715248910827,976.5614617783576],[1139.9796553999186,978.5320979673415],[1141.186012208811,982.2010567514226],[1141.2390484314528,989.1774042379111],[1139.5017104071449,995.4603935712948],[1142.070905169996,1000.2881684768945],[1143.0459217394236,1004.8785453261808],[1141.7722077466315,1033.4021812481806],[1147.4573683361523,1033.0947185494006],[1152.9145535891294,1032.408978678286],[1158.1909327608882,1031.4228433230892],[1163.3177988189855,1030.247479133308],[1173.2404104984598,1027.7181682595983],[1178.1146164992242,1026.5532706510276],[1182.9646217998816,1025.5882691750303],[1187.8375364427338,1024.9232633495703],[1192.7647091466933,1024.6472033848986],[1192.699728943233,973.5474007558078],[1185.9043138487614,972.6966520939022],[1174.731428935076,973.2453741114587],[1168.1513884241576,971.5398383084685],[1164.1866797707044,969.0301441913471],[1162.5016644941643,967.2817336404696],[1159.868392587232,962.8092607855797],[1155.743340821704,952.0787822240964],[1153.839096336742,949.6188559522852],[1151.065538407478,947.4899420319125],[1145.0544797785697,945.5637283679098],[1127.782265258371,944.7193099996075],[1113.7026955328765,942.6945479866117],[1111.5336006816942,941.900243663229],[1109.8709316619206,940.6629010103643],[1107.9217585964943,937.2475318843499],[1107.5216972563649,933.1807478731498],[1108.3372979970882,929.1837490703911],[1110.04291936988,926.0110821938142],[1112.962115295697,923.7191252503544],[1117.3879763537552,921.9309429069981],[1122.9492926438688,920.7011236371472],[1129.2749104953255,920.0620383061469],[1142.4835991471773,919.9850565753877],[1148.2255607992993,919.1223100926727],[1155.0140055614174,916.5848730029538],[1156.6986079342896,915.4450405603275],[1159.0423772817012,912.8072499176487],[1163.1638335462194,906.619300801307]]]}},{"type":"Feature","id":"way/1354355244","properties":{"natural":"wood","osm_type":"way","osm_id":1354355244},"geometry":{"type":"Polygon","coordinates":[[[1135.7802067631274,1069.9895984027535],[1136.891252172587,1067.7596353096887],[1137.6771214946057,1053.8758937409148],[1128.779138587357,1054.0306600145996],[1097.2760443905136,1051.8721177233383],[1092.7200135427993,1052.126989563927],[1089.8502831217484,1053.630371474661],[1088.1225078516873,1056.225339059718],[1087.2214358934434,1059.7000160831958],[1086.8319295213441,1063.7980927284807],[1086.7314715673565,1066.0195573791862],[1133.5088195691933,1072.1388055915013],[1135.7802067631274,1069.9895984027535]]]}},{"type":"Feature","id":"way/1354355245","properties":{"natural":"wood","osm_type":"way","osm_id":1354355245},"geometry":{"type":"Polygon","coordinates":[[[1190.625334153534,1079.4404687238857],[1192.5021684107487,1077.2236076956615],[1193.5224087013048,1073.4826470538974],[1192.7647091466933,1024.6472033848986],[1187.8375364427338,1024.9232633495703],[1182.9646217998816,1025.5882691750303],[1178.1146164992242,1026.5532706510276],[1173.2404104984598,1027.7181682595983],[1163.3177988189855,1030.247479133308],[1158.1909327608882,1031.4228433230892],[1152.9145535891294,1032.408978678286],[1147.4573683361523,1033.0947185494006],[1141.7722077466315,1033.4021812481806],[1140.090677973989,1066.9902946306393],[1140.752674402378,1070.5023273741826],[1142.0807069159346,1072.9052188862115],[1142.4744451821316,1073.2950375443324],[1190.625334153534,1079.4404687238857]]]}},{"type":"Feature","id":"way/1354355247","properties":{"natural":"wood","osm_type":"way","osm_id":1354355247},"geometry":{"type":"Polygon","coordinates":[[[1403.9575074560125,1053.7914540646598],[1407.0355761987157,1054.155007192865],[1410.7254499966512,1056.0420485595241],[1412.1810148269287,1057.945443412289],[1412.9795172670274,1063.535175157711],[1412.6352470752317,1068.3665207456797],[1410.5383929558448,1079.180811590515],[1408.3141332694795,1084.3960245745257],[1406.911120310484,1086.53630594071],[1403.6418671899592,1089.8380955969915],[1399.9103195490898,1091.8056398006156],[1395.9138753410662,1092.4283484490588],[1391.4307778790244,1091.9722474701703],[1381.568558447645,1089.5358260143548],[1374.1073797635618,1086.7169066611677],[1372.5310728689656,1097.7547457581386],[1372.8562255330035,1100.2106022732332],[1373.9150429734727,1102.8794442042708],[1424.2359558834578,1109.265598646365],[1425.616919709486,1106.5031803334132],[1428.0913141402416,1090.2244449192658],[1425.6263026022934,1087.9073751373217],[1423.660152300843,1085.025077209808],[1422.1530098347575,1081.7218580534682],[1420.285136477556,1074.4852404883131],[1419.6248222385184,1067.385098386556],[1419.7740893187001,1061.6534428335726],[1420.4147524911677,1058.200344898738],[1421.6994697208866,1056.0153213245794],[1423.6608417811804,1054.7096564574167],[1426.2362054552068,1054.094339744188],[1433.1042801491567,1054.2901264326647],[1455.153352740279,1057.847334627062],[1458.6323298497591,1058.867376288399],[1461.6521165683516,1060.3749900842085],[1464.0707804548438,1062.3031498985365],[1465.7622085519833,1064.573762585409],[1466.848974213819,1068.6090537393466],[1466.3850955212838,1076.8726452440023],[1465.1804234519368,1081.6350706359372],[1463.9023626719136,1084.286665203981],[1461.9623067193315,1086.4921721657738],[1459.3363666677033,1088.3292895695195],[1454.0567123239744,1090.5593338822946],[1449.6956383427023,1091.7364804157987],[1440.899250132672,1092.3020993117243],[1430.4742394270725,1090.7305948873982],[1428.1122346431948,1106.2986730635166],[1428.5688041588874,1109.810196799226],[1432.9647517667036,1110.377180985175],[1442.4910660684109,1111.4353295341134],[1450.6918394454988,1112.1900715371594],[1455.6883148939814,1112.5586963314563],[1459.8562741185306,1112.7585144415498],[1463.5350478072069,1112.8459608862177],[1468.3983052518452,1112.83655170165],[1472.901123681222,1111.7930948166177],[1476.539906049089,1109.0810709502548],[1480.1866850603255,1103.3364167949185],[1481.3702860198682,1097.5852712541819],[1480.0421944419504,1083.2738674841821],[1476.0450084684999,1063.201165159233],[1470.3555228073383,1038.1806722804904],[1469.194755582139,1029.268501976505],[1469.4751376881613,1015.7389425076544],[1472.1939428358455,990.6517349453643],[1473.0608136975206,976.2683579400182],[1471.8679706069524,976.5318221887574],[1470.6669400180108,976.9063512729481],[1469.4813483824837,977.414224668406],[1468.3347343859496,978.1110474551097],[1467.2428002812667,979.0301868245006],[1466.237009007251,980.2161600822583],[1465.3251970960991,981.6912050591782],[1464.538768945029,983.5220561288297],[1463.8934852417442,985.7198633626103],[1462.9634546017041,991.1162030110136],[1462.3485820466885,993.7584352353588],[1461.4970955596073,996.3111756071448],[1460.3457481022342,998.8075835658237],[1458.8312634970644,1001.2919271737337],[1456.882529243303,1003.7862367453054],[1454.436269439233,1006.3347806213424],[1451.4213426737697,1008.9706980353221],[1447.7823683845927,1011.738278567791],[1443.4403107150574,1014.6706412658095],[1438.5934202137287,1017.4350502463058],[1433.5347142756218,1019.6879096655175],[1428.4061252684915,1021.4962446857244],[1423.325959174661,1022.9048007335514],[1418.4283118422609,1023.9583643218502],[1413.8393551353365,1024.7128093810752],[1409.677366178017,1025.2239887975156],[1406.0764704245958,1025.5255795679986],[1395.8428596962476,1026.1874668514356],[1392.31931226491,1027.10024221614],[1389.054317520815,1028.7690833751112],[1386.2841120678931,1031.4278901265934],[1385.1583773634047,1033.2023184755817],[1383.5137979499996,1037.1415678793564],[1382.1886901489925,1042.6924045858905],[1381.2140092956834,1044.0673192124814],[1377.9398215781548,1046.2360297702253],[1370.6559666261892,1048.0387647887692],[1361.947649014066,1048.115943716839],[1361.5865243395674,1059.401355070062],[1370.887174513482,1059.2368579246104],[1386.3975311038666,1057.4334637755528],[1403.9575074560125,1053.7914540646598]]]}},{"type":"Feature","id":"way/1354355249","properties":{"natural":"wood","osm_type":"way","osm_id":1354355249},"geometry":{"type":"Polygon","coordinates":[[[960.4399872807553,1021.4167362023145],[956.5066893509356,1028.2273784205317],[955.7881756380666,1031.3470640247688],[956.0417281036498,1034.0804307898507],[962.7455802531331,1036.7636234462261],[970.9007239396451,1039.9837464671582],[974.6785709536634,1041.4819593653083],[983.4728474281728,1044.837036093697],[990.3905495475628,1047.2430895445868],[998.626037191134,1049.9080229084939],[1007.2644413192756,1052.4629130112007],[1010.0809765604208,1053.2255154559389],[1015.8800936710322,1054.6511721694842],[1021.5217095743283,1055.9209096552804],[1025.8931608562707,1056.8319184295833],[1026.7295897782315,1057.0006930883974],[1039.4186678048573,1059.321628574282],[1046.986593922018,1060.6074423342943],[1048.0565378763713,1058.9994409559295],[1049.0123962545185,1055.7026371108368],[1048.89552248799,1052.0253850826994],[1048.0408297047252,1049.745923629962],[1028.0291315838112,1045.906519625336],[1009.8745589410537,1041.3498767046258],[990.2455681574647,1039.1112122219056],[983.0498023342807,1037.3820731649175],[978.4146498222835,1034.6152806393802],[971.5864710998721,1028.06595582515],[967.6767563329777,1022.55719792936],[964.7395008814638,1016.5066052852198],[960.4399872807553,1021.4167362023145]]]}},{"type":"Feature","id":"way/1354355251","properties":{"natural":"grassland","osm_type":"way","osm_id":1354355251},"geometry":{"type":"Polygon","coordinates":[[[1415.192017397203,876.3718853807077],[1414.3298480525846,876.980595678091],[1413.3338414006284,877.4445427265018],[1412.2356652561575,877.7304838709533],[1411.051138888637,877.8273520739749],[1409.7961106915027,877.7129717469215],[1408.4943241289002,877.3651880156249],[1407.1695226360462,876.7618459844962],[1405.9401033250033,875.9143649693578],[1404.9007781023392,874.8341020457447],[1404.051401217701,873.576599820517],[1403.3840776106808,872.1418375046924],[1402.882842278923,870.5964248515666],[1402.5476953148027,868.940361822024],[1402.3627300450462,867.218041122891],[1402.3278300103266,865.4738968955353],[1402.4272051127045,863.7078877165914],[1401.9082527269493,865.9060321599245],[1399.6793832809199,869.8437438262627],[1398.0484469383373,871.5724099911749],[1393.9670015820884,874.4499464100227],[1386.3963944779825,877.1406014375389],[1378.6894153197645,877.6425108183175],[1374.712383351056,876.8322726069018],[1371.5508432763745,875.1465917201713],[1369.0231198952533,872.6183171244338],[1364.2802576984977,865.774102114141],[1360.1825344600365,862.8084857026115],[1351.8223752198974,859.4762459453195],[1341.4292996592121,857.6161486022174],[1338.0809538395843,863.9615247184411],[1333.9368056873209,869.6938494322821],[1330.9991618152126,872.9632159983739],[1325.4280739368987,877.9031069977209],[1313.3591456678696,885.9253462059423],[1281.3318068734952,905.9040054772049],[1247.0947063257336,928.6653425851837],[1203.147935464047,963.2212494742125],[1199.1785828607972,968.5986387301236],[1196.9788049526978,973.558488749899],[1197.0438661902444,1024.6138573428616],[1197.7936670812196,1073.4381725955755],[1198.9434705449385,1077.5846670530736],[1201.051024736662,1080.7783033065498],[1214.499483912252,1082.4905807254836],[1218.7613138342858,1083.034852558747],[1278.4029133646982,1090.7548712911084],[1282.3174468966317,1091.264955131337],[1340.9254588872427,1098.6829315852374],[1355.2893529059947,1100.5089842295274],[1356.6538887547213,1097.9797892635688],[1357.4520911732689,1094.6492920583114],[1358.8923584141303,1048.096839061007],[1358.2893594790949,1040.1859247907996],[1356.4226696440019,1035.4820948159322],[1353.7877011810779,1031.7204880658537],[1348.1902578675072,1025.6516503924504],[1343.9610353491735,1018.6643795352429],[1338.3368915120955,1019.7827565856278],[1332.6434658720973,1020.223331861198],[1322.5548640170018,1019.7748532872647],[1313.7244229412172,1018.2299208883196],[1309.0546881965129,1016.6625290606171],[1304.9152439330355,1014.5855274479836],[1301.2980498960824,1012.0544371539727],[1295.5900975822587,1005.9520319215953],[1293.498934436182,1002.5362352207303],[1290.8018358367844,995.3308216109872],[1290.0874942477676,987.6973401261494],[1290.4944013127242,983.032781525515],[1291.3526828920003,977.8472943883389],[1294.2243788192864,966.5350991636515],[1300.584888723737,949.4777389625087],[1305.5681896702154,939.8151311101392],[1308.3491648918134,936.0565649271011],[1311.498803683091,933.2209770586342],[1314.9383868575096,931.2192936670035],[1318.5496619233163,929.9845548197627],[1322.245985403948,929.4387742653489],[1325.924923836952,929.5039243232459],[1332.8050645423937,931.1770802270621],[1335.817162050109,932.6401793919504],[1344.2255575735471,938.6274845516309],[1356.3492030063644,945.8797940397635],[1370.9358864894602,953.2052278174087],[1385.9828045814647,959.6321033351123],[1390.4136450033984,961.9876364674419],[1394.4255526911584,964.5309205837548],[1401.1849378008628,970.0807411260903],[1406.2854341786588,975.981691185385],[1408.2276496620616,978.9750064266846],[1410.912361867784,984.8362946491688],[1413.335156602494,994.2294369861484],[1415.19672341767,1006.8870405852795],[1415.3480407171883,1015.4077481804416],[1413.961928993347,1020.1252717282623],[1410.9442844117875,1023.8054111292586],[1407.9167718200479,1025.2304764827713],[1406.0764704245958,1025.5255795679986],[1409.677366178017,1025.2239887975156],[1413.8393551353365,1024.7128093810752],[1418.4283118422609,1023.9583643218502],[1423.325959174661,1022.9048007335514],[1428.4061252684915,1021.4962446857244],[1433.5347142756218,1019.6879096655175],[1438.5934202137287,1017.4350502463058],[1443.4403107150574,1014.6706412658095],[1447.7823683845927,1011.738278567791],[1451.4213426737697,1008.9706980353221],[1454.436269439233,1006.3347806213424],[1456.882529243303,1003.7862367453054],[1458.8312634970644,1001.2919271737337],[1460.3457481022342,998.8075835658237],[1461.4970955596073,996.3111756071448],[1462.3485820466885,993.7584352353588],[1462.9634546017041,991.1162030110136],[1463.8934852417442,985.7198633626103],[1464.538768945029,983.5220561288297],[1465.3251970960991,981.6912050591782],[1466.237009007251,980.2161600822583],[1467.2428002812667,979.0301868245006],[1468.3347343859496,978.1110474551097],[1469.4813483824837,977.414224668406],[1470.6669400180108,976.9063512729481],[1471.8679706069524,976.5318221887574],[1473.0608136975206,976.2683579400182],[1473.0475396846887,963.3267827993259],[1462.3854455262772,964.7650386933237],[1452.6984147719922,964.695106019266],[1448.1840901164105,964.0722544360906],[1439.7824721268844,961.5618271045387],[1435.8636558071594,959.6519504440948],[1428.566407904087,954.4894815804437],[1422.620536315604,948.8195742992684],[1416.844853994553,941.4727183347568],[1413.4759448547848,934.5876390747726],[1411.0167940473184,927.0051068039611],[1409.2349552121595,917.0471092825755],[1408.3546923574177,906.502721873112],[1408.323240098136,900.4373347666115],[1409.2022284329287,893.4189961981028],[1411.1075793256168,886.403351822868],[1414.8256348896539,877.5928712086752],[1415.9045300974976,875.6294788653031],[1415.192017397203,876.3718853807077]]]}},{"type":"Feature","id":"way/1354355252","properties":{"natural":"grassland","osm_type":"way","osm_id":1354355252},"geometry":{"type":"Polygon","coordinates":[[[1471.3235799660906,793.571471628733],[1465.4870403687237,794.3114854404703],[1461.8120015764143,795.7348203537986],[1460.1262604730437,797.2744799619541],[1458.7230803266284,799.4480748390779],[1457.9472471681656,803.245179053396],[1459.9589391970076,812.8483179379255],[1461.6743743433035,839.0136235458776],[1461.6875273484038,852.0107387509197],[1467.0481708095758,852.0803973274305],[1470.5650126851979,850.7566262856126],[1471.3235799660906,793.571471628733]]]}},{"type":"Feature","id":"way/1354355254","properties":{"natural":"grassland","osm_type":"way","osm_id":1354355254},"geometry":{"type":"Polygon","coordinates":[[[1166.927048511745,660.4510812209919],[1156.9055124175502,658.2700970182195],[1153.488571771013,657.5836398145184],[1152.4624616200454,657.4699018150568],[1151.467731943354,657.43400533963],[1150.5043253670447,657.4981674477458],[1149.595899320033,657.6735578598455],[1148.750234402134,658.0046310974285],[1147.9752547265962,658.4802989987656],[1147.2945316181285,659.14505687356],[1146.715960466303,659.9989250907674],[1146.2473505460657,661.0752496263012],[1145.5067402864224,663.5283391587436],[1144.8605591743835,666.1038674153388],[1143.1825365454424,673.8422341346741],[1146.2446957341162,674.3278143713251],[1149.2762776977615,674.4245157158002],[1155.9895586122875,673.5753938201815],[1159.4817130271695,672.6512984158471],[1162.390934236988,671.214701407589],[1164.5452486198046,668.5986406356096],[1168.0870342298876,660.6984711661935],[1166.927048511745,660.4510812209919]]]}},{"type":"Feature","id":"way/1354355255","properties":{"natural":"grassland","osm_type":"way","osm_id":1354355255},"geometry":{"type":"Polygon","coordinates":[[[1194.2078385169152,656.5781472353265],[1182.7379593058722,658.7923799213022],[1180.2011038327473,659.7300441861153],[1174.796009975369,664.5705170370638],[1169.1987420217483,667.3998388620093],[1166.2007951000123,672.61313073989],[1163.811057530169,674.673151621595],[1161.542250594881,675.7670370042324],[1156.7066550271702,677.1653285557404],[1151.9596901665209,677.875118968077],[1148.185115725384,678.0986463297158],[1142.478479102254,677.4284966858104],[1141.959171052731,679.7932893782854],[1141.558494202618,682.0806282311678],[1141.2922964486643,684.2683369312435],[1141.1763109199237,686.3786733159795],[1141.1948041919968,688.3893795218319],[1141.3635380982887,690.311604869552],[1141.6983031493146,692.1453901482746],[1142.183337272203,693.8795860670507],[1142.8422689356375,695.5364709096029],[1143.6672314053285,697.1049157986417],[1144.7219610026805,698.3629132313654],[1145.9989928985015,699.1438148766756],[1147.4586785382126,699.5141700934619],[1149.0535027899314,699.5293992860243],[1150.73592181009,699.256031353958],[1152.442572375934,698.7716628881171],[1154.133863248746,698.1206260174513],[1155.7543263544212,697.3805376272649],[1158.6005453228136,695.8771243896335],[1159.8810513375793,695.3138959137723],[1161.2319547893712,695.0063477652147],[1162.62176043418,694.9210727093741],[1164.0347636831575,695.0247043287382],[1165.4473071912653,695.3060728376731],[1166.8358485568897,695.7095742933452],[1168.184625811642,696.224059291184],[1169.4621438476606,696.8161205006763],[1171.7247364491923,698.1216817349195],[1172.836509703484,698.6910975575447],[1174.114601745503,699.0609889701009],[1175.5274601664278,699.2201658077538],[1177.0434463436832,699.1907634921372],[1178.623141359596,698.9504628358409],[1180.2270400564303,698.5102702323347],[1181.8235325739952,697.8812124719843],[1183.3889906313852,697.0410111509264],[1184.868089626194,696.0117402058095],[1186.245067781012,694.7822501510382],[1187.440626739175,693.4856388783082],[1188.4387456173426,692.2107336828485],[1189.2552437058184,690.946466833353],[1189.905911538226,689.6928791608661],[1190.3986731162877,688.4388825306669],[1190.7572718764422,687.1623211912811],[1190.997527173371,685.8521274859086],[1191.1273630466312,684.4972133170813],[1191.1783895306871,683.0865519521758],[1191.0717574594892,678.5317454161122],[1191.1113096036715,675.454762775451],[1191.2928053339128,672.4447995005175],[1191.6554338263813,669.6130432281643],[1192.246337184799,667.0484849885106],[1194.1020136629231,660.8546879701316],[1194.968565706513,658.5574508206919],[1195.4449642397813,657.5255844304338],[1195.952685331169,656.5937767289579],[1196.5074909203686,655.77317717392],[1194.2078385169152,656.5781472353265]]]}},{"type":"Feature","id":"way/1354355256","properties":{"natural":"wood","osm_type":"way","osm_id":1354355256},"geometry":{"type":"Polygon","coordinates":[[[1245.291939142393,698.8234465317801],[1242.0422473429935,703.6694650156423],[1239.9361216365942,705.963475449942],[1233.4500288199051,710.545592774637],[1229.1028558692778,712.3672254225239],[1225.8478888581158,713.1697038598359],[1202.4587133558816,714.3865222949535],[1136.7938440895523,714.1055567571893],[1131.5842405525036,713.5922204935923],[1128.542946894071,714.206453429535],[1126.407949999033,715.4673256939277],[1127.8734885090962,722.747247393243],[1130.046949633048,727.9961207862943],[1136.7174282962806,740.6438307985663],[1141.1626436582883,746.6983941653743],[1144.3681493860786,749.750433168374],[1150.0197430720436,753.3642246956006],[1154.1452812300413,754.7967888489366],[1161.3734177896986,756.326246551238],[1183.643909978622,757.1503668017685],[1188.4110342370113,745.5875385990366],[1193.4405133455875,736.3804194098338],[1196.8692675487837,732.490180902183],[1198.9813067060895,730.9515572488308],[1203.8904340767767,728.5870390636846],[1212.7386465694872,726.4882386978716],[1225.5390558961662,725.6883073654026],[1230.2352474205545,726.2781472727656],[1233.7535703002359,727.4314706912264],[1236.3390374584123,729.0489345965907],[1238.244615201198,731.0090002762154],[1239.7302128360025,733.5567318340763],[1240.7479393357644,736.8919595703483],[1240.9450062956312,743.0910770948976],[1239.8984039729694,747.8317352477461],[1236.9092439344968,755.733301807195],[1235.2437020275393,761.6720831906423],[1229.2888588277856,792.7718429788947],[1227.670992886764,798.5996642513201],[1225.0914458455518,803.8362330822274],[1223.3011084308964,806.1532861012965],[1218.5539404732408,810.0178724434227],[1212.8618645778624,812.9135619010776],[1203.7363746635965,815.4226616071537],[1195.3668334530084,815.6564673706889],[1193.0231195434462,815.2060503298417],[1188.8354746171972,813.3844984509051],[1186.936248156766,812.0243286974728],[1183.684429640649,808.5833464702591],[1181.3582420152961,804.4115938646719],[1180.6219328120933,802.1546392664313],[1180.209527098632,799.8207629881799],[1180.3404358256375,794.9999640667811],[1182.6352045604144,783.8639669846743],[1186.7025509744417,774.2211152426898],[1190.9208791658748,767.2558327708393],[1188.8618529831292,763.5735487611964],[1186.4992956800852,761.2457300247625],[1183.3281433750526,760.1822002287954],[1163.0152785216342,759.518663845025],[1155.991330998775,758.4118593223393],[1148.7730138684274,756.1381560815498],[1142.4434923527879,752.111595983617],[1138.8835325074615,748.7364928880706],[1135.979649458779,745.0631531588733],[1132.4573136083782,739.3442339161411],[1127.288115628704,729.2998171718791],[1124.1987002652604,721.0270393975079],[1123.2877765159938,712.9931638613343],[1122.9178017826052,758.4708623532206],[996.2245235471637,757.5120787285268],[995.8672100807889,560.9110124735162],[950.9886669755215,561.0406774580479],[897.3395875457209,1010.5138164833188],[913.5471666196827,1017.0314042083919],[921.9845548601588,1008.6547905867919],[931.7150073070661,1000.9591109249741],[946.7005863324739,991.3328501787037],[966.3463112172321,980.907603180036],[973.3543423818192,975.8044454939663],[989.107257230964,962.5477288421243],[994.2800766750006,958.8506917105988],[1000.1841782548581,956.3108272068202],[1006.6699531438644,954.7722334852442],[1013.2956489864155,954.089368169196],[1022.5320270474767,954.4129790039733],[1022.8404230223387,938.8283848073334],[1026.0921469136956,911.5317525425926],[1023.1100882008323,904.481244106777],[1020.3678369643749,896.2760562831536],[1017.8881950626383,887.2606142563745],[1013.7131528370664,868.1986424922943],[1010.6569446951034,850.0171212553978],[1008.7915600367705,835.4378431048244],[1008.2305425961385,826.3717787507921],[1009.2190081347362,819.5980582926422],[1011.6090018754476,814.3164832061157],[1013.2565777118434,812.2211777856573],[1017.3307639231789,809.0434487545863],[1022.2542725381209,807.178716163151],[1031.3062511667958,805.6022931262851],[1038.4438650652883,805.4761971114203],[1046.2806702730013,806.7071550525725],[1054.6494071713532,809.861279011704],[1063.1464143792982,815.3263349207118],[1066.9196317569003,818.6686187563464],[1070.3684008626733,822.2988943830132],[1073.548187874665,826.1395436637104],[1076.514401903085,830.1351656867191],[1079.3304043727694,834.208162904717],[1084.7334967878414,842.3313547549769],[1087.439357167168,846.2485515968874],[1090.2246517200256,849.977107736282],[1096.1034553695354,857.3128228811547],[1099.1967066653306,861.0199590241536],[1102.4241712090443,864.7274425281212],[1105.8016962332185,868.4130972102284],[1109.3372625221382,872.0436180429533],[1113.0545551807736,875.6190663576126],[1116.9773452226655,879.1061779344454],[1121.1214513055165,882.493885342963],[1125.502778092923,885.7377955969423],[1129.7428204987082,888.6591944368556],[1133.5262351836427,891.0795296626166],[1136.923849743791,893.087852243334],[1140.0223962276941,894.7288200100884],[1142.9006539257825,896.069287693128],[1145.6531920108246,897.1761509897187],[1148.3430565710296,898.0940070971847],[1151.0648164177546,898.8897520108148],[1156.911240832589,900.382309384644],[1160.0122776547796,901.0568438880146],[1163.0190327409655,901.5533982394263],[1165.9077924427693,901.8830195777118],[1168.670604463201,902.0679043978453],[1171.2758600087836,902.1190793644637],[1177.9957080628956,901.6921257684007],[1187.6235297393869,900.2729349946603],[1191.8062735128333,900.916960798204],[1193.6108468387392,902.2324526272714],[1194.6170480358414,906.9673295123503],[1194.0560153317056,919.3408725457266],[1196.4367135409266,942.0641591111198],[1196.9830158255645,962.7942511066794],[1201.645377861918,961.1400431552902],[1245.678740255942,926.6843286426738],[1279.9949704544852,903.8565384093672],[1318.3172421319177,879.8952002637088],[1323.9330536738853,875.9663038682193],[1329.2509185002418,871.2479224344715],[1336.0000121662742,862.6674872208387],[1330.8479231820093,852.2785797994584],[1329.847242267686,848.4879281269386],[1329.27829441434,842.6322020264342],[1329.350099782052,836.3004792844877],[1330.1716834759573,830.0706926742569],[1333.592342630378,820.226288145408],[1335.7743688751361,816.077367852442],[1340.022816202778,809.7232348434627],[1347.3472914469894,801.5442260261625],[1351.5249278430128,798.1225896170363],[1356.000987683772,795.3127104276791],[1360.7593017805484,793.258958755061],[1365.7679680609726,792.083446466364],[1370.8133488395833,791.963352560997],[1375.5083732833737,792.9754235893488],[1379.473924206046,795.1742086168379],[1382.3308854589704,798.6142559610307],[1383.87436078483,803.1506152246147],[1385.3017698787735,809.797307478264],[1387.1911029208568,826.9650690639392],[1388.4025347505813,831.6671885857359],[1390.3347235195106,835.4936172924936],[1392.9401231384254,838.5108828451484],[1399.6165265471209,842.6385795855895],[1400.9231560193584,844.152778766118],[1402.578333672136,848.2339827837422],[1403.246032665833,855.5452035143971],[1402.4272051127045,863.7078877165914],[1402.3278300103266,865.4738968955353],[1402.3627300450462,867.218041122891],[1402.5476953148027,868.940361822024],[1402.882842278923,870.5964248515666],[1403.3840776106808,872.1418375046924],[1404.051401217701,873.576599820517],[1404.9007781023392,874.8341020457447],[1405.9401033250033,875.9143649693578],[1407.1695226360462,876.7618459844962],[1408.4943241289002,877.3651880156249],[1409.7961106915027,877.7129717469215],[1411.051138888637,877.8273520739749],[1412.2356652561575,877.7304838709533],[1413.3338414006284,877.4445427265018],[1414.3298480525846,876.980595678091],[1415.192017397203,876.3718853807077],[1415.9045300974976,875.6294788653031],[1417.0725763828377,872.7887401366606],[1417.9321996918297,867.1367119029164],[1417.3001438820502,843.2515285620466],[1420.2865187801654,818.4427244905382],[1420.7897244311753,807.2132363701239],[1420.737664624292,790.961196356453],[1421.465253459115,781.4763505216688],[1423.2294066987815,768.117321186699],[1422.892404032813,764.1617693686858],[1420.7933333673864,760.7459117257968],[1419.1153526328271,759.3307110927999],[1414.5809272254119,757.2859287951142],[1408.5666191190248,756.5591908171773],[1390.8463465055684,757.79020105768],[1379.0915263681673,757.3039419893175],[1373.0320539305103,755.7328644357622],[1371.5193088480155,754.5291727203876],[1369.2150475634844,751.0683604218066],[1367.9949345659115,746.6550464974716],[1367.827491680684,744.2662562765181],[1368.4717344728997,739.446804817766],[1378.4759212376084,715.0229474473745],[1379.5797318997793,709.5826188828796],[1379.5968732114998,703.0396909229457],[1378.8014371660538,696.2502448000014],[1377.4438890962047,690.0480828536674],[1375.7984112676932,685.2559608686715],[1372.7606755310553,681.4821855667979],[1367.6459676031373,677.8918204372749],[1358.04957630625,673.1899792570621],[1346.1944327102974,668.7377445353195],[1338.6907459140057,663.8636666573584],[1334.2329741654685,659.6418544864282],[1328.7318729911349,652.8290139436722],[1326.1457840023795,648.4232499655336],[1324.972993572359,644.0100687881932],[1325.291501220956,639.9562574652955],[1326.0224020885653,638.2252227878198],[1328.610924986191,635.6547852503136],[1330.476094303478,634.9487058883533],[1349.261322902923,634.1979823308066],[1360.6810840221588,633.0725599722937],[1355.3894149807165,627.6932556796819],[1351.3319703150191,624.3611680688336],[1342.3286588073242,619.2721010642126],[1332.248770400125,615.2466609477997],[1277.0503304437152,597.5177707727998],[1269.783344802272,595.6881502037868],[1254.5357094217325,593.2045907601714],[1239.960964593396,590.0340819749981],[1231.0967430121964,589.1001534201205],[1219.5841998904943,589.4479634976014],[1181.7763266492984,594.1266744406894],[1174.3426342290477,595.6848563812673],[1166.4804369274643,598.0750842578709],[1159.6115480132285,601.0566460601985],[1144.895047992759,609.9610448032618],[1135.462482971372,618.1570568140596],[1131.899082255084,622.20250058081],[1130.121279624931,625.774884221144],[1128.3534791783895,631.5912332115695],[1127.4788926898618,637.0099776070565],[1126.7594389020815,664.9240566333756],[1129.269771796011,668.1409228434786],[1132.8789890172193,670.8051960272714],[1143.1825365454424,673.8422341346741],[1144.8605591743835,666.1038674153388],[1145.5067402864224,663.5283391587436],[1146.2473505460657,661.0752496263012],[1146.715960466303,659.9989250907674],[1147.2945316181285,659.14505687356],[1147.9752547265962,658.4802989987656],[1148.750234402134,658.0046310974285],[1149.595899320033,657.6735578598455],[1150.5043253670447,657.4981674477458],[1151.467731943354,657.43400533963],[1152.4624616200454,657.4699018150568],[1153.488571771013,657.5836398145184],[1156.9055124175502,658.2700970182195],[1166.927048511745,660.4510812209919],[1168.0870342298876,660.6984711661935],[1171.9078106856323,651.777033450082],[1170.0571117558866,649.9504332616925],[1169.0523376384517,647.6927861236036],[1169.0650033462443,645.8487896732986],[1169.9075461199973,643.6736818207428],[1174.6020501210005,635.7876070104539],[1179.769110646972,628.3582118991762],[1182.1740573851275,626.5315171796829],[1186.457248624938,625.0429453104734],[1192.1895993503276,624.9467063937336],[1199.2981472088723,626.9757834831253],[1204.1868164690095,629.4878921378404],[1206.3528378875344,631.5041660480201],[1207.217414205952,633.0171786537394],[1207.5895954535808,635.6397756086662],[1206.1330745301093,640.1349861333147],[1201.5161928115995,648.5211267350242],[1196.5074909203686,655.77317717392],[1195.952685331169,656.5937767289579],[1195.4449642397813,657.5255844304338],[1194.968565706513,658.5574508206919],[1194.1020136629231,660.8546879701316],[1192.246337184799,667.0484849885106],[1191.6554338263813,669.6130432281643],[1191.2928053339128,672.4447995005175],[1191.1113096036715,675.454762775451],[1191.0717574594892,678.5317454161122],[1191.1783895306871,683.0865519521758],[1191.1273630466312,684.4972133170813],[1190.997527173371,685.8521274859086],[1190.7572718764422,687.1623211912811],[1190.3986731162877,688.4388825306669],[1189.905911538226,689.6928791608661],[1189.2552437058184,690.946466833353],[1188.4387456173426,692.2107336828485],[1187.440626739175,693.4856388783082],[1186.245067781012,694.7822501510382],[1184.868089626194,696.0117402058095],[1183.3889906313852,697.0410111509264],[1181.8235325739952,697.8812124719843],[1180.2270400564303,698.5102702323347],[1178.623141359596,698.9504628358409],[1177.0434463436832,699.1907634921372],[1175.5274601664278,699.2201658077538],[1174.114601745503,699.0609889701009],[1172.836509703484,698.6910975575447],[1171.7247364491923,698.1216817349195],[1169.4621438476606,696.8161205006763],[1168.184625811642,696.224059291184],[1166.8358485568897,695.7095742933452],[1165.4473071912653,695.3060728376731],[1164.0347636831575,695.0247043287382],[1162.62176043418,694.9210727093741],[1161.2319547893712,695.0063477652147],[1159.8810513375793,695.3138959137723],[1158.6005453228136,695.8771243896335],[1155.7543263544212,697.3805376272649],[1154.133863248746,698.1206260174513],[1152.442572375934,698.7716628881171],[1150.73592181009,699.256031353958],[1149.0535027899314,699.5293992860243],[1147.4586785382126,699.5141700934619],[1145.9989928985015,699.1438148766756],[1144.7219610026805,698.3629132313654],[1143.6672314053285,697.1049157986417],[1142.8422689356375,695.5364709096029],[1142.183337272203,693.8795860670507],[1141.6983031493146,692.1453901482746],[1141.3635380982887,690.311604869552],[1141.1948041919968,688.3893795218319],[1141.1763109199237,686.3786733159795],[1141.2922964486643,684.2683369312435],[1141.558494202618,682.0806282311678],[1141.959171052731,679.7932893782854],[1142.478479102254,677.4284966858104],[1132.3552682669251,674.8807039875537],[1129.283320878225,675.1282733809203],[1126.6675550442305,676.0546465292573],[1126.4121537696337,704.6586585612968],[1129.6232321003336,708.6216102773324],[1133.1143408928183,711.1522757411003],[1136.8632877356722,711.6729503339157],[1202.4334383691894,711.9536709254608],[1223.8481062444043,710.998333840631],[1229.7338814578834,709.5583851281554],[1236.660638096917,705.543947855942],[1241.260682731634,700.6014575436711],[1237.3998581806081,697.5587765080854],[1229.6090074648964,693.794941551052],[1220.9620510648238,691.339710530825],[1213.1878098064917,690.2975484291092],[1209.158110383025,688.431959268637],[1206.2369515032624,685.3361909491941],[1204.5496792669292,681.3882596883923],[1204.2216703672311,676.9550737012178],[1204.6144457674236,674.6788267940283],[1206.7690608728444,668.9079355197027],[1212.6246702284552,657.8034017467871],[1217.2144441801938,650.7391232689843],[1221.5152090777992,645.518127379939],[1225.169303922623,643.0503911189735],[1229.768280780234,641.5737764555961],[1238.0766479555168,640.6622303621843],[1243.8551456424175,641.032719232142],[1251.7210674638627,643.274886444211],[1257.979223829112,647.4346712930128],[1261.2073989812634,650.8756286157295],[1263.6613333091373,654.5034196022898],[1265.3259019692778,658.0625059586018],[1266.1454341416247,661.7082627490163],[1265.7143531838083,669.5942548150197],[1264.3659926666296,674.9895314546302],[1262.5940028015757,679.339496858418],[1260.715699515713,682.0673289848492],[1257.9612184159923,684.7151225414127],[1254.093556256441,687.3378054415807],[1248.8679015818052,689.9569605421275],[1245.291939142393,698.8234465317801]]]}},{"type":"Feature","id":"way/1354355269","properties":{"landuse":"cemetery","name":"Mount Hope Cemetery","osm_type":"way","osm_id":1354355269},"geometry":{"type":"Polygon","coordinates":[[[995.8672100807889,560.9110124735162],[996.2245235471637,757.5120787285268],[1122.9178017826052,758.4708623532206],[1123.2877765159938,712.9931638613343],[1123.3349764364539,706.9390929434448],[1123.6756223686389,669.770562518388],[1123.803152133536,650.9417983163148],[1123.9943608407048,644.1549313059077],[1124.2034669211134,639.6120496001095],[1124.4478659376618,636.6911159213632],[1124.8025427223183,633.8704442624003],[1125.3707394307712,630.9170202212408],[1126.1999721072498,627.7754234150052],[1127.2659530430683,624.678872060962],[1127.9014551722794,623.1808497225866],[1128.599834190798,621.7940757991746],[1129.361118770612,620.5074417740107],[1130.1931183178676,619.3542936481535],[1120.7500642736559,619.3854726636782],[1120.585961642675,560.5649684602395],[995.8672100807889,560.9110124735162]]]}},{"type":"Feature","id":"way/1354355270","properties":{"natural":"wood","osm_type":"way","osm_id":1354355270},"geometry":{"type":"Polygon","coordinates":[[[1362.9917722578975,631.0790570061654],[1374.9077296189498,630.4215202853084],[1393.1303361927276,630.458163135685],[1441.6274694156018,632.2184659317136],[1453.9852541566943,631.6844327114522],[1458.8510403922992,630.8529837233946],[1462.383587672084,629.607009650208],[1453.8405583645217,626.6629593428224],[1426.9608257013024,619.016212772578],[1419.895609109779,615.5428771656007],[1415.4987161261379,612.198748853989],[1411.5772934243432,608.1893548928201],[1393.9897640258423,582.7267148066312],[1386.7478376422077,574.354055704549],[1374.6130998638691,562.0361412093043],[1370.246594120399,559.1253599170595],[1360.7131901152316,554.4236814696342],[1351.6797963952413,551.7450919505209],[1342.2255818750127,549.9652126114815],[1332.8947881511995,549.2965306211263],[1323.2781884373398,549.2269809152931],[1305.982297567476,551.0036582006142],[1307.7827740980429,553.9188101151958],[1310.4405407060403,555.0810388093814],[1320.5862455024617,555.1075160643086],[1327.516658145585,555.8254540022463],[1335.2818142257747,557.3787261201069],[1349.8304608151084,561.4825063459575],[1358.2220697994344,565.0147771546617],[1362.247588899976,568.4911970179528],[1365.4231999878539,573.9094015453011],[1366.6743779300014,578.5338585013524],[1366.9603019678034,583.9222829984501],[1366.535024502955,589.5421266313642],[1365.3150861647446,597.1150057287887],[1363.4680226997007,602.9644091138616],[1361.0270730308257,606.4572334475815],[1357.3587704571546,608.2916645007208],[1354.0810069096042,608.7274342412129],[1350.1102476640372,608.4726594723761],[1333.6899979962618,604.5528341447935],[1327.091420871846,603.7691041287035],[1324.6227907854482,602.7517741173506],[1320.7389773165341,596.4097261792049],[1317.9588749532704,593.7252941364422],[1304.8127880101674,587.7034540614113],[1301.4941043658182,585.6619239971042],[1298.7687651385786,583.1664895555004],[1296.7079743526992,580.1617925465107],[1295.2006747671403,576.8474978357553],[1292.0933304735809,566.4195234198123],[1290.0452827633708,564.5812658704817],[1284.7338250264875,563.7231735130772],[1282.337476250308,562.2283780565485],[1280.4824164566817,559.0464845290408],[1279.9777148641879,555.7792390948161],[1264.4269591952907,557.482812969014],[1252.898652843025,557.7971966508776],[1241.3729741223506,557.1007244922221],[1216.9283155138255,554.0823707291856],[1204.0851448792964,552.9715293152258],[1182.9176749619655,552.7833882672712],[1160.6575242492254,553.7922215405852],[1160.2589215277112,564.4332375191152],[1158.760179541714,576.1045100335032],[1157.1018423453206,582.3210437372327],[1154.2035496828612,588.6787849701941],[1152.73890133237,590.219096259214],[1150.58017218631,591.479899128899],[1145.7134790503187,592.6670551877469],[1140.8578388097812,592.6322965379804],[1135.3660516348318,591.2850834466517],[1129.9960767786833,588.627373659052],[1124.5675480116624,584.1810314105824],[1122.0990065461956,580.0533695882186],[1120.9822194169392,575.2960046269],[1121.255335720838,573.486005990766],[1122.2390443891636,571.6778403446078],[1125.7824053547229,569.2875223001465],[1127.809178481868,567.1487905755639],[1134.8827502082568,558.2912695398554],[1135.8366324706003,555.8054039170966],[1135.9408709789277,552.1287238458171],[1131.6109759601532,550.2846266338602],[1126.038920856954,546.3711262959987],[1121.6612579090288,541.6164574502036],[1118.516348304809,536.4539522826672],[1117.1435138654779,533.0067437002435],[1116.075920944044,527.538556009531],[1115.5767868321855,509.8301494307816],[1114.865863200801,503.8296687146649],[1113.1798035298125,499.37077040597796],[1109.860791474057,494.35223300848156],[1101.429021830496,487.9319478534162],[1093.8517034290708,483.9022244736552],[1086.3805390796042,481.57240008283406],[1074.7014237123658,479.07623944524676],[1044.3467044313438,474.44370869826525],[1041.7072396380827,475.3478385321796],[1038.0203126725391,478.2932646451518],[1035.4902198644122,479.6531305499375],[1031.2023773231194,479.8531931079924],[1028.552310997271,478.73553494457155],[1026.4729479268426,476.75287022069097],[1025.2162629840313,474.17245106678456],[1024.955162244034,471.3057613344863],[1023.4096484204056,470.51308738347143],[1010.3624852519715,471.9015484787524],[1008.8068104143022,475.07462409697473],[1006.2660670482437,477.51200893428177],[1002.1331489377772,478.87889131810516],[999.1658033374697,478.32697173953056],[996.5040060820756,475.6207662848756],[992.4160406502197,468.6785333901644],[989.282610126771,462.0608950899914],[986.7815040933201,455.1782695716247],[986.0824935583514,450.64417059905827],[986.1249601471936,446.38968367502093],[986.6635156594566,442.6585703128949],[987.9372750491602,438.5738626476377],[989.2285550899687,436.8997672414407],[991.1183975859312,435.8159598177299],[993.3619807253708,435.34403152391315],[995.7065298428643,435.52777012065053],[1007.9552780967788,440.7024189485237],[1022.103541694989,444.0934757012874],[1025.5809264070122,445.8908774610609],[1027.2029235885711,447.6501966547221],[1028.797358099895,450.9202158562839],[1029.257330003602,453.2097682869062],[1029.0542696199263,455.41985986195505],[1028.0385599248111,457.3945864364505],[1023.2693328736932,460.5705259228125],[1012.0785100802314,464.69646043516695],[1010.2976455676253,466.3915141867474],[1010.0481007854687,468.2571205217391],[1023.2615345704253,466.69134739320725],[1027.4961677259416,465.69132343586534],[1031.187288110843,464.1900207558647],[1034.0616574591259,464.05298304744065],[1036.799179154972,464.93758714944124],[1042.6141553759808,469.618126116693],[1044.735389439098,470.66778070200235],[1082.5631315393257,476.9191783219576],[1093.5462351935566,479.88012245483696],[1100.1628163619898,482.929813102819],[1106.388740221213,481.3128892434761],[1117.4314128613914,476.4757862845436],[1116.2504835303407,475.1508169528097],[1112.9319967906922,472.98719134368],[1102.9619589077192,469.08459257520735],[1100.0052599054761,467.4662275556475],[1094.760608995508,462.08726282790303],[1091.3728477875702,456.15765276923776],[1090.8749359828653,453.2792419772595],[1091.9676182025578,449.0163507061079],[1095.3403353134636,445.45917306281626],[1103.2447464342695,442.0691919317469],[1110.853935044026,439.87818892952055],[1119.1164038386778,438.48869929555804],[1124.7544017416658,438.3032870590687],[1130.9189705904573,439.0634702220559],[1140.3872753319447,441.58734937384725],[1148.7317820587778,445.11922217626125],[1154.9591048450093,449.08997781109065],[1158.2123574285652,452.0532761178911],[1160.3439704477787,455.19141380954534],[1160.9594234275282,458.4033922627568],[1160.5604785174364,460.0131087200716],[1149.0961868307786,475.2133780308068],[1143.7038267081953,481.1869871430099],[1140.2296635701205,484.27731613628566],[1137.1689702766016,486.246745233424],[1134.4816934666596,487.31734257750213],[1131.0382488617324,487.68614721950144],[1128.18900775956,487.2677759118378],[1124.4437976769404,485.2474550222978],[1118.7350040880847,479.22297378536314],[1108.6249294348527,483.7070026714355],[1106.429695822706,486.86729793809354],[1111.496412523964,490.8128036605194],[1113.51206480182,492.9952868334949],[1117.5516796622542,500.2596228942275],[1118.9732866153936,506.2286108741537],[1119.5632902825018,525.436913988553],[1120.2531276735244,530.4264578195289],[1122.614291195001,536.3978703320026],[1127.0600356215728,542.3080106237903],[1130.5004862512578,540.0285157430917],[1131.5617814941215,538.7537649804726],[1132.6346141172107,536.0682510277256],[1132.633686088957,533.3688570261002],[1130.538386805798,525.343034606427],[1130.896827777673,521.067145910114],[1132.1078151383554,516.8601093133911],[1134.4630841164035,512.8781988723204],[1138.075210673851,508.332995403558],[1141.099571596249,505.1415261272341],[1144.4374335997272,502.85066519863904],[1147.7471630251966,502.2815674068406],[1149.3097079044674,502.58553679287434],[1152.0452167231124,504.23667902406305],[1154.0274313900154,507.13003952614963],[1155.8211556553142,512.6889791963622],[1157.3761167312623,515.9256032910198],[1160.05867283931,519.7316819708794],[1162.6581378745614,522.0823193714023],[1165.5678249514895,523.5450715562329],[1169.6312921300996,524.6108998227865],[1177.0448759201681,524.7522770995274],[1189.5341777215363,522.2851757248864],[1199.5154158252408,518.7673891987652],[1205.4062574458076,515.4389675054699],[1217.8763138846261,505.18473732378334],[1226.4021645046305,499.64145022444427],[1236.6621400681906,495.2246477017179],[1244.8932721331366,493.72415284998715],[1248.9986774467397,493.8459086799994],[1255.0751143419766,495.07254412956536],[1262.8432863229536,498.5364162661135],[1266.0569862534176,501.4996670400724],[1268.439771202451,505.1828166283667],[1269.8190094522433,509.1743963249028],[1270.0218969965354,513.1295888880268],[1267.4445766190183,520.4878890737891],[1260.4944065875025,536.4550948869437],[1258.4403681191034,539.9489641720429],[1256.0090231032227,542.7975536556914],[1253.3821700438857,544.9235761743039],[1244.1337228399934,549.0208307094872],[1242.161509636324,551.4151655780151],[1241.6982603553915,553.4579459605739],[1252.987080864783,554.1538028465584],[1264.183783132641,553.8385565485805],[1279.4344030999346,552.178634904325],[1301.1261744947988,548.113864463754],[1313.1397787327878,546.4011489432305],[1323.1613735050196,545.5830520503223],[1338.114641208027,545.9331518430263],[1346.1263098545023,546.8205646481365],[1352.557598086947,548.192632663995],[1359.2560516051599,550.054185019806],[1364.9587095018942,552.2797220386565],[1375.460320167418,558.1059121107683],[1383.8011481664144,565.9482242045924],[1390.7413773366716,556.8906793389469],[1397.4014673166093,549.2876352677122],[1403.093425421801,543.5483047831804],[1409.3369717363967,538.232554054819],[1414.3205044778879,534.679770598188],[1419.2305036610342,532.0710297627375],[1423.8366547667538,530.9167224997655],[1428.1070221983246,531.3500675763935],[1431.362763502053,533.3026288123801],[1433.0274172388017,536.806215534918],[1433.8917453070753,544.4067764794454],[1433.1858896728954,551.6144095500931],[1431.7274693250656,556.7649721633643],[1425.7829497135826,571.4793713511899],[1411.7429347538273,602.235574061051],[1414.4099795665243,605.8639822034165],[1417.9061574809602,609.4501340659335],[1421.8933062025462,612.482146746479],[1428.2173483716324,615.5758443782106],[1454.8919888450764,623.1554047334939],[1469.7463710129377,628.0045403493568],[1471.3970072126249,627.820041644387],[1472.8440310859587,627.001816092059],[1473.9451501203002,625.6161403572187],[1474.5579251422896,623.7848337329924],[1474.647584181861,622.7186431856826],[1474.9096158375614,613.1659272247925],[1456.7420810926124,613.1847401037812],[1456.6457796270843,520.7719523599371],[1421.8892939020297,520.8138815043494],[1421.8214504190255,450.44066419266164],[1174.7336378560867,450.6852131308988],[1174.5304379361914,254.5844903215766],[762.6440445539774,340.7011692756787],[614.6445718933246,239.8632704988122],[616.859829906607,370.72810366377234],[741.0789184220484,491.7682109856978],[929.185019222321,472.82716185133904],[950.9886669755215,561.0406774580479],[995.8672100807889,560.9110124735162],[1120.585961642675,560.5649684602395],[1120.7500642736559,619.3854726636782],[1130.1931183178676,619.3542936481535],[1133.273006659816,616.0407690191641],[1135.8930137256975,613.4814439695328],[1138.7498855025624,610.9227316118777],[1140.2374375109794,609.6824087006971],[1143.1170521685854,607.4903411082923],[1148.1708962548291,604.1485965289176],[1152.1565081335139,601.7150011770427],[1156.2365524095367,599.4038470899686],[1158.228958933847,598.3425710983574],[1161.8495497140102,596.6189890801907],[1165.4456516805803,595.2063868138939],[1169.4362687041867,593.8947846116498],[1173.5765271231066,592.7279840139672],[1177.613542502746,591.7941996520385],[1181.2945738353883,591.1261028675362],[1185.1489605882089,590.5917603811249],[1200.41586722387,588.6984125552699],[1211.4259827322676,587.2384040774778],[1219.3235946720233,586.4257456073537],[1224.3065181785496,586.0943099409342],[1226.706937328272,586.0227804016322],[1231.2151825749897,586.056702023372],[1235.2017221078277,586.3225526157767],[1237.0487672087038,586.5161963775754],[1240.4898563398747,587.0361315030605],[1243.8831680984586,587.7114648567513],[1251.4109797229175,589.4417565353215],[1255.111980424088,590.2067646402866],[1260.1864410763374,591.1086505604908],[1267.6763281828025,592.2389978282154],[1270.3911466784775,592.7126246932894],[1274.604855424841,593.6678248895332],[1277.9264069882338,594.6095961304381],[1281.9498127244296,595.875346723944],[1310.8936911122291,605.3375719487667],[1318.4197535829153,607.7233460349962],[1328.620472818322,610.8381737656891],[1333.2668711398146,612.3832991346717],[1338.1414505470311,614.2289566742256],[1343.5833935602568,616.4982282873243],[1347.959829754138,618.6203064164147],[1350.6953833363368,620.2159913266078],[1353.1385730158072,621.8997815800831],[1355.3920973128406,623.6497282786295],[1357.4481480991235,625.4324849611148],[1359.3462315801298,627.2370461970568],[1361.1180166740087,629.0301688844338],[1362.9917722578975,631.0790570061654]]]}},{"type":"Feature","id":"way/1354355279","properties":{"landuse":"residential","name":"Afton Coulee Ridge","osm_type":"way","osm_id":1354355279},"geometry":{"type":"Polygon","coordinates":[[[1133.273006659816,616.0407690191641],[1135.8930137256975,613.4814439695328],[1138.7498855025624,610.9227316118777],[1140.2374375109794,609.6824087006971],[1143.1170521685854,607.4903411082923],[1148.1708962548291,604.1485965289176],[1152.1565081335139,601.7150011770427],[1156.2365524095367,599.4038470899686],[1158.228958933847,598.3425710983574],[1161.8495497140102,596.6189890801907],[1165.4456516805803,595.2063868138939],[1169.4362687041867,593.8947846116498],[1173.5765271231066,592.7279840139672],[1177.613542502746,591.7941996520385],[1181.2945738353883,591.1261028675362],[1185.1489605882089,590.5917603811249],[1200.41586722387,588.6984125552699],[1211.4259827322676,587.2384040774778],[1219.3235946720233,586.4257456073537],[1224.3065181785496,586.0943099409342],[1226.706937328272,586.0227804016322],[1231.2151825749897,586.056702023372],[1235.2017221078277,586.3225526157767],[1237.0487672087038,586.5161963775754],[1240.4898563398747,587.0361315030605],[1243.8831680984586,587.7114648567513],[1251.4109797229175,589.4417565353215],[1255.111980424088,590.2067646402866],[1260.1864410763374,591.1086505604908],[1267.6763281828025,592.2389978282154],[1270.3911466784775,592.7126246932894],[1274.604855424841,593.6678248895332],[1277.9264069882338,594.6095961304381],[1281.9498127244296,595.875346723944],[1310.8936911122291,605.3375719487667],[1318.4197535829153,607.7233460349962],[1328.620472818322,610.8381737656891],[1333.2668711398146,612.3832991346717],[1338.1414505470311,614.2289566742256],[1343.5833935602568,616.4982282873243],[1347.959829754138,618.6203064164147],[1350.6953833363368,620.2159913266078],[1353.1385730158072,621.8997815800831],[1355.3920973128406,623.6497282786295],[1357.4481480991235,625.4324849611148],[1359.3462315801298,627.2370461970568],[1361.1180166740087,629.0301688844338],[1462.383587672084,629.607009650208],[1464.5442067903932,630.6457991562784],[1466.6570432954468,631.8399841375649],[1468.6432893975289,633.1338139344007],[1470.4397526764078,634.5382305979729],[1471.959700912179,636.0085710491985],[1473.1400296594365,637.5224516289309],[1473.8938898797496,639.079643342644],[1474.158235843177,640.6355454949662],[1474.647584181861,622.7186431856826],[1474.9096158375614,613.1659272247925],[1456.7420810926124,613.1847401037812],[1456.6457796270843,520.7719523599371],[1421.8892939020297,520.8138815043494],[1421.8214504190255,450.44066419266164],[1174.7336378560867,450.6852131308988],[1174.5304379361914,254.5844903215766],[762.6440445539774,340.7011692756787],[614.6445718933246,239.8632704988122],[616.859829906607,370.72810366377234],[741.0789184220484,491.7682109856978],[929.185019222321,472.82716185133904],[950.9886669755215,561.0406774580479],[995.8672100807889,560.9110124735162],[1120.585961642675,560.5649684602395],[1120.7500642736559,619.3854726636782],[1130.1931183178676,619.3542936481535],[1133.273006659816,616.0407690191641]]]}},{"type":"Feature","id":"way/1354863439","properties":{"natural":"wood","osm_type":"way","osm_id":1354863439},"geometry":{"type":"MultiPolygon","coordinates":[[[[1174.5304379361914,254.5844903215766],[1174.7336378560867,450.6852131308988],[1421.8214504190255,450.44066419266164],[1421.8892939020297,520.8138815043494],[1456.6457796270843,520.7719523599371],[1589.7956899765413,527.211264282465],[1590.7973066699342,518.7047248063609],[1593.0447129593813,510.84578995220363],[1592.6927259094664,494.7151529174298],[1581.3303593897144,494.92940921429545],[1570.546400733816,494.37872394919395],[1566.9733581790351,492.99179065134376],[1564.1377205667086,490.42929956596345],[1562.1575678280205,486.8248657491058],[1561.2439337985707,482.9899757942185],[1559.8138570838491,468.4450182998553],[1559.6966191451065,459.0468237809837],[1560.5648881352972,456.1608841866255],[1562.1022261382313,454.0543191321194],[1564.0958928989712,452.55993651784956],[1567.5502795492648,451.05831510480493],[1577.599012934661,449.00763140711933],[1595.3623377023614,446.7663641413674],[1624.8751067052945,444.2786486186087],[1638.1998764516902,442.4922659769654],[1650.0587569457712,439.69112537335604],[1679.9425539502408,431.3281957404688],[1694.2093200390227,428.65575236082077],[1694.1781020847848,413.7256964817643],[1672.9929360053502,414.0802139462903],[1654.725441858638,415.8422539597377],[1649.115056688839,417.5047188140452],[1644.4507642224198,419.69181064143777],[1640.8044825405814,422.0815690131858],[1636.6090899739647,426.09172603674233],[1634.5926268542535,427.2416586279869],[1630.6822723814403,427.98664618562907],[1624.469460487133,427.5702207935974],[1619.8371943408856,426.6247875886038],[1614.3077733470127,424.5661136545241],[1610.6110846522497,422.1568358084187],[1608.5741331332829,419.12988488562405],[1607.1347517754766,414.07164564263076],[1606.2764119241037,407.259789083153],[1606.2523617209517,389.55260196048766],[1506.613381952804,387.51146491244435],[1505.9551635640673,397.5741267837584],[1504.778080613818,403.791840958409],[1502.771504478471,407.18577990680933],[1499.5993608661229,409.44356619007885],[1495.9163159147138,410.8224263228476],[1490.876360289636,411.7644745958969],[1483.831434029853,412.50128676369786],[1480.2868067843956,412.29198970180005],[1478.4803968629567,411.6429302524775],[1477.3225435911445,410.57345299609005],[1475.426014925004,405.1696726176888],[1473.2593275993713,403.40880468674004],[1472.353506386804,429.5560828689486],[1471.0633480200777,436.75106307026],[1468.9972008169862,441.78892982471734],[1471.4776444535237,450.3268743501976],[1472.4153700636234,457.0278356131166],[1471.8950112212915,462.7362900758162],[1470.260412432428,465.8090694695711],[1465.8285216984223,469.72984609007835],[1460.1205331188394,472.51418855413795],[1454.0057202363387,473.87556363269687],[1441.718253503379,474.57641230896115],[1428.667398221558,474.3310470674187],[1425.362705931242,472.9671152373776],[1423.9223351078108,471.24149748310447],[1422.8179839800578,467.83936262410134],[1422.7616461514262,465.23980018962175],[1423.6649945235113,460.9986842125654],[1425.6182561565074,456.83808647003025],[1427.3613607331063,454.5320748835802],[1435.121673359361,448.9537276783958],[1443.3690367689123,441.3215779643506],[1445.298550469859,440.19357394240797],[1449.9212356376229,438.7838307050988],[1455.1091639942606,438.6086336998269],[1460.3488240659935,439.7777187153697],[1465.1109128595563,442.40077834017575],[1468.1124862419674,435.94347172416747],[1469.3224562593969,429.21484133042395],[1470.2120641935035,403.2230406142771],[1471.5257479683496,390.09612588305026],[1470.9819437885308,386.7176767718047],[1458.4949840721674,385.15181266516447],[1435.7866590851336,385.20317360945046],[1427.8567208222812,386.1932193245739],[1419.7350714762579,388.0270256008953],[1414.929443337256,389.9361977465451],[1408.366602143622,393.5070533333346],[1384.2901499407017,409.4625324057415],[1368.6890778274392,418.1752543654293],[1358.8348788535222,421.3265265049413],[1352.9582743690116,422.16651671379805],[1347.1465212012408,422.36238262988627],[1339.450174806232,421.6090968577191],[1330.2116457875236,418.79669982008636],[1324.2092858043034,416.3926746463403],[1311.6259245128604,409.41695323679596],[1301.2157765200245,404.73529566731304],[1296.1711439733044,401.42288838978857],[1278.3820078042336,386.27994876820594],[1272.705959354702,391.96388710290194],[1269.5989958512946,396.51032931450754],[1267.9704944643308,400.30523483268917],[1263.9891598260147,413.16975078266114],[1261.8393211899674,417.0521705094725],[1259.7559729749337,419.6572741474956],[1255.721995625936,422.4128265110776],[1252.506038820895,423.33758793212473],[1247.050229743414,423.2900806274265],[1243.0580891921418,422.1021943707019],[1238.9440893697902,419.1921600708738],[1234.951521028066,415.12714875582606],[1227.1302803381695,404.68696913309395],[1219.8615410307539,391.27112654596567],[1216.1730426195427,382.59684492088854],[1215.3447425983613,379.26211467571557],[1215.2425301095936,376.0514625813812],[1215.802894752007,373.0980271175504],[1216.9860417984892,370.523899869062],[1218.752147348714,368.4622811181471],[1225.54561335186,364.2253142064437],[1236.7232382271904,359.2221373543143],[1241.8190151685849,358.06897081714123],[1245.9376142235706,359.2238587839529],[1249.1348501295433,362.4758809739724],[1251.5616061306791,367.4921701075509],[1253.9452007272048,370.8864915808663],[1258.9962436048081,374.78763800114393],[1263.0907949547982,376.0757778212428],[1271.8960445167613,375.5099335145205],[1277.1976530837128,377.1789167486131],[1279.537067065423,379.34007758274674],[1280.2601454301039,380.6194501714781],[1280.6476697621401,383.40871944464743],[1299.886689182953,399.67741440888494],[1302.1729899408529,401.00529969856143],[1302.741710625589,400.9179138056934],[1302.9248754676664,400.31852666754276],[1293.8028348947992,383.0875151799992],[1290.5739169540466,373.8256319956854],[1288.8718979208497,366.4339743889868],[1286.9083697653841,353.34292137250304],[1286.490057348914,341.15569140482694],[1286.933501706866,334.60276943352073],[1288.7159336894401,326.2870677039027],[1282.8751479985658,322.439384422265],[1278.104652965907,319.9497429225594],[1270.7773372372612,316.9091286631301],[1262.556837078184,314.23278333526105],[1259.0113599870238,311.2908900436014],[1256.1487884778762,306.86222141608596],[1254.2929365140735,300.914292646572],[1253.8521175765782,297.3583931606263],[1253.967459328589,289.438258189708],[1255.5973133899388,269.9468957250938],[1255.5978697467363,263.65942741092294],[1254.8340009418898,256.80343282967806],[1252.8777391915792,249.98877288773656],[1250.0440494916402,243.54952545277774],[1246.7586721993866,237.73118732497096],[1240.55980375543,228.8281987607479],[1238.9579577967525,225.39147946424782],[1238.6898247608915,222.22483116853982],[1239.7242558794678,219.16154373716563],[1242.0065010962426,216.00152070168406],[1248.8946782183484,208.80993636138737],[1253.6480252138572,202.74588649719954],[1256.082876379718,198.59759959485382],[1259.0314193168888,191.2402633773163],[1261.8922547155526,187.24860697425902],[1265.4356483765878,184.94723512604833],[1268.0421198570402,184.64297574292868],[1270.4091692491202,185.31565137207508],[1272.906401424494,187.54387107212096],[1274.2567254162277,190.53559987712651],[1275.6839557557832,197.34888853225857],[1277.8517797366949,201.75353888887912],[1289.0601825264166,215.36855175253004],[1293.2749625979923,222.0669130794704],[1301.072456431284,241.6605973355472],[1311.5269341385574,265.7713163588196],[1312.1335199880414,272.36030126269907],[1310.978030302038,279.4445764189586],[1308.2367000443628,286.05815383885056],[1306.3263903307961,288.8969741621986],[1304.085703705554,291.25726352632046],[1301.5306923338212,293.039086679928],[1299.197545665491,303.60839561838657],[1291.0671948775998,326.9374930532649],[1289.6857418942382,332.8769973507151],[1288.9826318779378,339.0848758267239],[1289.0005198658328,347.37194210942835],[1289.7029633721104,356.57169774733484],[1291.2734132850892,365.97367027401924],[1293.7190375812934,375.8555941898376],[1296.047704345372,382.1380259562284],[1299.9199840445654,389.93525333795696],[1303.6545640449622,396.03250731993467],[1307.6674849257688,401.3639957169071],[1312.3946325695142,405.3087743045762],[1319.5992169724777,409.94875623472035],[1331.4681548264925,415.35631358157843],[1341.409169644874,418.2594172479585],[1347.219212752767,418.718949473463],[1354.523742636491,418.33814172726125],[1362.9297527692397,416.43834554590285],[1371.0318507790798,413.0047768186778],[1382.3401148716803,406.3692301316187],[1406.464006193215,390.39165102969855],[1416.8922786280164,385.1424322417006],[1422.075796071149,383.65638103708625],[1432.3213959919522,381.8281586365774],[1457.320334819029,381.460663494654],[1456.9772742897621,373.8059300426394],[1457.424752418825,368.7860170677304],[1458.4346424406976,366.0781746506691],[1460.5156913496903,364.38403505273163],[1463.1868153547402,363.4912692569196],[1466.1800269833184,363.22143465373665],[1489.627055635443,364.5273788170889],[1498.2574645128334,364.40572861675173],[1507.4046730913687,362.93020394351333],[1513.260246749851,361.11274201143533],[1518.5491794724949,358.593946473673],[1524.5303578144521,354.0663262549788],[1528.221954978595,349.46600882709026],[1532.2466501680901,341.3229281678796],[1534.8267745908815,339.019158443436],[1538.2503959682072,337.22861608769745],[1544.388427511265,336.1006630733609],[1564.1689374606358,338.5191510813311],[1577.6303800108726,338.86585643328726],[1587.4891165154986,337.070182075724],[1594.3909265498514,333.7670152615756],[1598.0479958545766,330.2997242882848],[1599.38904309395,327.79273761156946],[1600.9008906822419,320.4317428525537],[1601.0401236904436,306.64633011911064],[1598.8177259936929,284.2232623323798],[1599.2272115233354,269.76094250846654],[1585.6970069629606,268.49199589993805],[1568.878859095741,268.4474226394668],[1567.801876558864,278.57561918813735],[1565.705266511126,286.1239186571911],[1562.6046452418086,291.15901494119316],[1554.9106533889426,298.41478320304304],[1549.752916661615,302.05586529988796],[1540.793164599163,307.253209031187],[1531.5270474905847,311.86099928524345],[1522.85562211246,315.52614235226065],[1517.7503676363267,317.24559975229204],[1511.4458076006267,318.63974523264915],[1506.415373513475,318.937507472001],[1502.501440068474,318.0273814899847],[1500.4521707764943,316.64450719207525],[1499.0440711022238,314.65235164016485],[1498.4976665654685,312.2625597016886],[1498.804270986293,309.77504062186927],[1499.9631819939823,307.4563992302865],[1504.58531998744,303.30286783725023],[1508.878948322963,297.9709603022784],[1514.9312866017572,287.4448715755716],[1517.314755901869,278.8864301946014],[1518.2373796930187,267.38035073131323],[1488.7538836304448,267.4580703545362],[1479.5760723614367,268.51141445245594],[1463.152893106162,271.40083130449057],[1453.5651804758236,272.19763561617583],[1447.778114769375,271.9602403016761],[1441.685242956155,270.9111179886386],[1437.9141554858652,269.71258353907615],[1431.7707960302942,266.8415266741067],[1413.822221213777,255.2636579312384],[1402.8602639467572,247.1589386900887],[1392.4018346592784,236.7227514386177],[1383.4139869295177,225.5350493043661],[1378.5278784302645,215.92441548313946],[1376.5013119579526,208.86514420155436],[1375.3351807787549,198.87545547820628],[1375.830817683076,184.4911118047312],[1375.475022194907,181.65748617891222],[1373.5837039318285,177.2202008329332],[1369.4757116704714,171.97729345411062],[1366.2698178953724,169.00290481373668],[1361.6191040441045,165.96919414866716],[1352.4152561048395,161.8349351277575],[1348.8563498276635,160.99248388130218],[1345.3905391733279,160.78346832934767],[1338.9602249581949,161.91084854118526],[1336.1856325140106,163.0922195194289],[1334.065536187205,164.60855946596712],[1332.544373897952,166.57080863509327],[1331.4562140690978,169.02296762075275],[1330.2349935778766,177.07351512741297],[1331.4130950227263,182.508698919788],[1333.8313216944225,187.76938474643975],[1336.4420361965895,191.8863883195445],[1366.8854335415526,226.42488814424723],[1372.0151755278348,233.45895489118993],[1377.8731419679825,242.81663152109832],[1379.7650486220373,247.02063955646008],[1381.460263955756,253.9679582696408],[1383.662127698597,284.52239076886326],[1393.3321818923578,285.4364231172949],[1399.3771482309094,286.6853287862614],[1405.1439517013496,288.62224395759404],[1410.6796449066023,291.3694860395044],[1418.1749741451931,296.5657709464431],[1425.005030587141,302.5268111145124],[1428.781182152452,307.80220985226333],[1429.4963881620206,312.0697936229408],[1428.8569036089466,315.04522001184523],[1427.546774217859,317.83003835659474],[1425.7482747919275,320.16922990232706],[1423.5883506145328,321.829847721383],[1419.2337810693425,323.3402915438637],[1401.7996159287286,326.41605681274086],[1395.832074791775,328.77764859143645],[1391.9806325503741,331.1336841993034],[1388.2613249128335,334.2898880681023],[1377.4392170471838,345.1812937632203],[1368.4458740696427,357.25501707941294],[1364.5928890571813,360.2109298184514],[1360.3709883870906,362.33273408934474],[1356.1905160821625,363.7103728754446],[1350.7872540953686,364.6849067788571],[1341.1472418666817,364.4042069837451],[1333.7613992726547,362.64085683692247],[1321.6322701230529,357.0548792677],[1319.2753888979787,355.53795666620135],[1317.550890377548,353.74497018847615],[1316.6643540212535,351.5653697671369],[1316.7445186121622,348.0774767426774],[1318.347548164602,344.98235939163715],[1324.8847800492076,339.12297225929797],[1330.9120526775368,335.03963670227677],[1335.788148878666,333.36386647447944],[1341.9096881566802,332.49117457773536],[1348.4544636078645,332.81932454835624],[1351.8049172369647,328.7956618051976],[1355.4057152696769,325.66134410724044],[1370.0991380896303,319.9011028315872],[1373.9363290895126,316.95626069791615],[1376.0701864151633,313.1849228590727],[1378.1725396549446,306.36974527314305],[1379.9276465678122,296.4765750709921],[1380.6523443802143,288.0914764115587],[1378.9841270337347,258.7826063670218],[1378.0379408700974,252.24826845433563],[1376.1195714038913,246.08907718770206],[1371.8748225047602,238.81293469946831],[1364.4959019127418,228.31820542179048],[1352.8454815397272,214.71301201637834],[1336.3270833673305,196.59613577276468],[1332.13334958232,190.91979272384197],[1329.3206735912827,185.5247741388157],[1327.4181158397696,179.3323139315471],[1327.2237856243155,175.1327545987442],[1328.0828091671574,169.71399958152324],[1329.9032569258707,165.01981469988823],[1333.2371232753503,161.32935768458992],[1339.7113582444144,158.50247029587626],[1345.3274317997857,157.739546216093],[1351.3188827426638,158.36618398223072],[1357.3381097511738,160.44812698941678],[1366.5948442091467,165.49343694467098],[1372.2987584135262,170.38504540361464],[1372.5687045482919,169.81921343505383],[1368.8869437284302,164.63296554517],[1365.7678144857637,161.69213014654815],[1361.0156099523301,158.21381024550647],[1350.970888723852,152.54436617530882],[1327.842593377747,140.7532455669716],[1321.442146529269,136.48194074258208],[1314.0528513265308,129.88636447209865],[1303.772635199537,117.59565403312445],[1297.684843150666,111.5033779097721],[1269.960758046771,90.61365514993668],[1250.4164476782316,79.0098818782717],[1245.9506585858762,74.65481340326369],[1244.7247289965162,72.39658213220537],[1244.0446387192933,69.75096825230867],[1244.4590861711768,65.23084477800876],[1245.8952354845242,62.557403727434576],[1247.9617460399168,60.396596730686724],[1250.4690538085415,58.770148888230324],[1253.2511959595722,57.73317227791995],[1256.283963665308,57.48555911425501],[1259.456897069409,57.99369670264423],[1264.5137907115277,59.73979103472084],[1289.8932555032661,71.39213228225708],[1325.0165332823526,86.03600295260549],[1330.380492390541,88.10510066431016],[1337.4660219597863,90.08983187191188],[1341.8238688500132,60.185756204649806],[1344.329812983633,47.00639650225639],[1346.9108636187157,38.32621757686138],[1352.4904595082626,24.37729516159743],[1356.8494433860178,15.212991622276604],[1363.5064670253196,2.9442960219457746],[1365.458966715515,0.0],[1173.1804869809177,0.0],[1174.5304379361914,254.5844903215766]]],[[[1491.6302975986036,0.07045695558190346],[1488.9899187273695,4.218112433329225],[1502.6950611717766,20.206209994852543],[1532.2365284286789,58.37561954930425],[1549.5950010276865,78.23927105404437],[1557.7172889881185,88.25850938539952],[1562.8548007842037,95.3038570098579],[1573.2793523168075,112.54980473220348],[1577.5683252436575,117.9821688150987],[1581.73487101309,121.93676695134491],[1587.7101598536829,125.68510055728257],[1596.9369200572255,130.07525641657412],[1625.6248473647865,141.39334522094578],[1647.1285345758079,149.2709906566888],[1671.570836114115,156.64554326049984],[1676.0493089302909,156.1131579335779],[1679.3713377642562,153.97805316373706],[1677.807765951089,151.07453857827932],[1675.2607171902782,146.84647881053388],[1671.234664049407,140.5704951947555],[1669.1425264558638,137.48783660773188],[1667.0419877109816,134.59400263614953],[1661.2973088992876,127.29145528189838],[1646.3353371015983,109.07794718723744],[1641.6601599951973,103.40012019407004],[1630.5556037618662,89.54037705715746],[1629.0762226086226,87.62576443701982],[1626.8341696095304,84.48717858921736],[1624.6005418631248,81.14866107143462],[1622.4695903277607,77.79930859059095],[1619.5530419253628,72.9370995638892],[1616.7632396401023,67.91970814950764],[1613.8647462537047,62.202187325805426],[1610.7471625124454,55.728701097890735],[1608.1333606405533,49.84530994575471],[1603.1344352640444,38.19022405240685],[1591.097464623279,9.620287384837866],[1587.001233103812,0.0],[1491.6594084974315,0.0],[1491.6302975986036,0.07045695558190346]]],[[[1413.4717623663018,9.729288539849222],[1416.2770272250636,23.9667693907395],[1421.6485703403596,41.19920372311026],[1422.6388437290443,42.96807171404362],[1423.8909721177188,44.248849080875516],[1425.3023644444183,45.019049319438636],[1426.7782092135167,45.30064070224762],[1428.2079610917135,45.093332877382636],[1429.481074725918,44.396835409104824],[1430.4949007809628,43.21087851468474],[1431.154656680068,41.54632165282965],[1431.3497965302668,39.40287427790463],[1430.9776410429622,36.79137517977506],[1429.8797248576302,30.91204064618796],[1429.114244719909,21.723216532729566],[1429.429376342916,3.9613915141671896],[1430.5124927839177,0.0],[1412.6966452470385,0.0],[1413.4717623663018,9.729288539849222]]]]}},{"type":"Feature","id":"way/1355298717","properties":{"natural":"wood","osm_type":"way","osm_id":1355298717},"geometry":{"type":"Polygon","coordinates":[[[1739.073876821727,274.7658732961863],[1741.1834326168755,274.2605218878016],[1743.2294950273354,273.87719594314694],[1745.2200192270102,273.5936994757503],[1747.1391837041592,273.42109869606793],[1749.0107948231162,273.31502283364534],[1752.5876097410219,273.3245993340388],[1755.974418767204,273.52251529973],[1757.61612833658,273.76019309833646],[1759.2257188195945,274.1977402353659],[1760.7558150519035,274.8350297715515],[1762.19855083921,275.66093196813017],[1763.4986552431365,276.6752986777574],[1764.640366314561,277.8669789675623],[1765.5921007237048,279.23588812258095],[1766.3144091299037,280.7708117319271],[1766.7757381029078,282.46055655553937],[1766.9602663914557,284.3161887396127],[1766.938878005778,286.40454987995327],[1766.6411726280348,291.4248432787135],[1766.0409858865314,297.35523207858205],[1764.6954771607998,307.39380918163806],[1762.9367428088444,318.41994576342404],[1756.4343067771988,355.3497626418248],[1754.8847851789324,364.9212345452979],[1754.2812714853208,369.1519987685606],[1753.7647899248987,373.3163444818929],[1752.9538603859837,381.2901551257819],[1752.357782323612,388.64245908521116],[1751.5043574594893,400.6930164154619],[1776.4159483124386,400.4931614175439],[1775.2621795187588,259.51070215087384],[1710.1984587533516,260.03642667550594],[1710.245075421175,272.14493386633694],[1712.9751664529322,272.8520689792931],[1727.542544108117,273.05763112101704],[1734.37674529769,274.42004933860153],[1736.8849766722415,275.4154250435531],[1739.073876821727,274.7658732961863]]]}},{"type":"Feature","id":"way/1355298718","properties":{"landuse":"grass","osm_type":"way","osm_id":1355298718},"geometry":{"type":"Polygon","coordinates":[[[1739.2268597505172,276.6103116068989],[1740.3540617765975,277.32427856326103],[1741.3627071593073,278.082362906076],[1742.3236205868307,278.9736229768023],[1743.2604597806348,280.0092306789011],[1744.1810907868203,281.20031566079706],[1745.0618855302455,282.52459746040404],[1745.9028737132903,283.97096753306687],[1746.6882339305012,285.55049212183803],[1747.3943679162185,287.22978221438825],[1747.997558506322,289.0198829015717],[1748.4978652299033,290.89857709780335],[1748.8401364081656,292.8212826969102],[1749.0954047452542,294.79929844569415],[1749.5101503538317,299.1438748566434],[1749.6614939365536,301.5992826083675],[1749.8291194386547,306.82077761087567],[1749.7506962796324,312.5192841188982],[1749.3793262612307,318.5169388419017],[1748.4938247223618,327.8013656316325],[1746.8670776485815,342.627004631795],[1745.6082231861074,352.75468708667904],[1743.8573400480673,363.81417629960924],[1741.9824501241092,374.0068627046421],[1741.3999095851905,376.3047861047089],[1740.612467449042,378.45774933695793],[1739.659751024912,380.4103154512122],[1738.565417767968,382.1736564291641],[1737.3531845245743,383.7367271836847],[1736.0624703400536,385.1218504514545],[1734.724828241975,386.34021929465234],[1733.3560792629723,387.38076744787395],[1731.995582948497,388.2880346411839],[1730.643339210481,389.0620208689943],[1729.2439889790257,389.7359039206058],[1727.7976213129004,390.2763582309708],[1726.3278935151757,390.69455569889396],[1724.8505374996457,391.01275561656803],[1723.3339407286257,391.2419820940122],[1720.3644771706313,391.4895428586751],[1715.8084545374732,391.5551277194172],[1714.6869693428744,391.663217285648],[1713.6124131663237,391.93806158099324],[1712.481993708876,392.43492902163416],[1712.51435321779,401.0108626075089],[1751.5043574594893,400.6930164154619],[1752.357782323612,388.64245908521116],[1752.9538603859837,381.2901551257819],[1753.7647899248987,373.3163444818929],[1754.2812714853208,369.1519987685606],[1754.8847851789324,364.9212345452979],[1756.4343067771988,355.3497626418248],[1762.9367428088444,318.41994576342404],[1764.6954771607998,307.39380918163806],[1766.0409858865314,297.35523207858205],[1766.6411726280348,291.4248432787135],[1766.938878005778,286.40454987995327],[1766.9602663914557,284.3161887396127],[1766.7757381029078,282.46055655553937],[1766.3144091299037,280.7708117319271],[1765.5921007237048,279.23588812258095],[1764.640366314561,277.8669789675623],[1763.4986552431365,276.6752986777574],[1762.19855083921,275.66093196813017],[1760.7558150519035,274.8350297715515],[1759.2257188195945,274.1977402353659],[1757.61612833658,273.76019309833646],[1755.974418767204,273.52251529973],[1752.5876097410219,273.3245993340388],[1749.0107948231162,273.31502283364534],[1747.1391837041592,273.42109869606793],[1745.2200192270102,273.5936994757503],[1743.2294950273354,273.87719594314694],[1741.1834326168755,274.2605218878016],[1739.073876821727,274.7658732961863],[1736.8849766722415,275.4154250435531],[1739.2268597505172,276.6103116068989]]]}},{"type":"Feature","id":"way/1355298719","properties":{"landuse":"grass","osm_type":"way","osm_id":1355298719},"geometry":{"type":"Polygon","coordinates":[[[1708.9707215000526,441.81443236768246],[1708.9822729902808,446.3578851558268],[1710.6561455685296,446.36235629115254],[1710.6540636045975,441.2301724050194],[1708.9707215000526,441.81443236768246]]]}},{"type":"Feature","id":"way/1355298720","properties":{"landuse":"grass","osm_type":"way","osm_id":1355298720},"geometry":{"type":"Polygon","coordinates":[[[1710.6781558265793,393.7853607609868],[1710.203049481439,394.29508773237467],[1709.640289501287,395.1045130873099],[1709.2195036834455,395.9698607539758],[1708.9644087100169,396.8800854412839],[1708.8829892133363,397.80188262369484],[1708.8822508364683,401.03448624908924],[1708.9624930961872,436.02682406362146],[1710.6584529037355,436.6312191737816],[1710.6781558265793,393.7853607609868]]]}},{"type":"Feature","id":"way/1355298721","properties":{"landuse":"grass","osm_type":"way","osm_id":1355298721},"geometry":{"type":"Polygon","coordinates":[[[1707.0146053438657,308.01711089815944],[1707.4816192380385,331.23535066563636],[1708.4611919395975,372.43979932088405],[1708.4049725094228,372.79512468073517],[1707.9515641634935,374.0491866208613],[1707.8954931168118,374.34896933473647],[1707.9739201106713,377.5040239999071],[1710.3900370995398,377.49936878029257],[1708.8418460537796,321.5633850833401],[1708.303512143204,280.7044850019738],[1707.6461409393232,281.45811471529305],[1707.1305387938046,282.3454263964668],[1706.796273804037,283.3331998568028],[1706.6907505159033,284.4104530541226],[1707.0146053438657,308.01711089815944]]]}},{"type":"Feature","id":"way/1355298722","properties":{"landuse":"grass","osm_type":"way","osm_id":1355298722},"geometry":{"type":"Polygon","coordinates":[[[1710.43254502106,379.3212943552062],[1708.024324426602,379.3259706450626],[1708.0823870662716,381.2368066292256],[1708.1908797868527,382.00359048321843],[1708.4731669707107,382.73751268628985],[1708.9134571572067,383.4385310905054],[1709.5039436114603,384.07329904288054],[1710.2367009356967,384.652904025279],[1710.5283967923024,384.82031234540045],[1710.43254502106,379.3212943552062]]]}},{"type":"Feature","id":"way/1355298723","properties":{"landuse":"grass","osm_type":"way","osm_id":1355298723},"geometry":{"type":"Polygon","coordinates":[[[1713.225996245339,385.8495108494535],[1714.4572505558608,386.0305381640792],[1715.7836093765218,386.0785165168345],[1720.0948692100355,386.0122774410993],[1722.6931186126312,385.8081586798653],[1724.991925539798,385.38106821477413],[1726.0665724114515,385.0729002347216],[1727.0861276887008,384.69793346803635],[1728.0743973124772,384.21179710607976],[1730.1623086527106,382.92878158949316],[1731.1987848572317,382.1317335385829],[1732.2039756017039,381.2235158793628],[1733.1541938054143,380.2040652381256],[1734.0416032102657,379.05114341154695],[1734.8425167067908,377.7646870110184],[1735.5490980131435,376.3224578220397],[1736.1377194102388,374.70217538625],[1736.6085591641022,372.83718848600984],[1738.4432786291582,362.899891121313],[1740.170049290813,351.99585651326925],[1741.4127767993486,341.9903245959431],[1743.031407524366,327.24242283869535],[1743.9007528875372,318.091255415231],[1744.2557316007442,312.3157287184149],[1744.333466064767,306.8727183351293],[1744.1731967427186,301.85119814798236],[1744.0292711856891,299.57354812975973],[1743.637733657437,295.40677194297314],[1743.4134523345274,293.65101152285933],[1743.1254989710287,292.0839270632714],[1742.7346917422256,290.59432762954384],[1742.248956135183,289.17112584225833],[1741.6840837453492,287.81436397787184],[1741.055777009984,286.5574099039659],[1740.3955894921673,285.41145667620003],[1739.034664637118,283.51935184560716],[1737.8299021015991,282.2830730052665],[1736.4900482103112,281.3685826510191],[1734.6134260782273,280.3971137320623],[1732.570545272145,279.59182982798666],[1730.5429208988207,278.98654232546687],[1729.72219998925,278.81771846022457],[1727.1094815752585,278.51079990155995],[1722.972481215431,278.3442196631804],[1713.844750586024,278.3753703692928],[1712.92073047132,278.4506620625034],[1711.9569047996192,278.64804224390537],[1710.9769314501318,278.97868273593485],[1710.1546967977774,279.3763963524252],[1710.1257871457492,281.3314341781661],[1710.6737854963285,321.5238437941298],[1712.251050630177,378.39302891958505],[1712.3738541789353,385.6250621089712],[1713.225996245339,385.8495108494535]]]}},{"type":"Feature","id":"way/1355298729","properties":{"landuse":"grass","osm_type":"way","osm_id":1355298729},"geometry":{"type":"Polygon","coordinates":[[[1711.8302272878354,639.3554236916825],[1712.0274318127776,633.5128193227574],[1712.0031509937835,630.7800353048369],[1711.9499012950691,630.024507262744],[1711.8391282882076,630.1130802370608],[1710.999307731341,631.1994808362797],[1710.4509345929837,632.5421582376584],[1710.2492171631893,634.1634770818055],[1710.3008107206551,644.4057575045153],[1711.8483351495815,644.398783095181],[1711.8302272878354,639.3554236916825]]]}},{"type":"Feature","id":"way/1355298730","properties":{"landuse":"grass","osm_type":"way","osm_id":1355298730},"geometry":{"type":"Polygon","coordinates":[[[1710.8027733826893,613.1474576694891],[1709.0341696545365,613.1538418317214],[1709.0276713602361,615.5866109589115],[1709.088668588316,616.3977027218789],[1709.283947200398,617.186935948208],[1709.6134774723905,617.9654191853479],[1710.0457667309092,618.6997424857691],[1710.8565608612844,619.6128147849813],[1710.8027733826893,613.1474576694891]]]}},{"type":"Feature","id":"way/1355298733","properties":{"natural":"wood","osm_type":"way","osm_id":1355298733},"geometry":{"type":"Polygon","coordinates":[[[1807.5832184494939,546.4106768965721],[1773.5068554049358,546.0859414320439],[1770.0874773941468,546.3100553452969],[1767.4632825836889,547.3805569149554],[1766.3925669699092,549.1772826379165],[1766.141792768496,551.4205504795536],[1766.3311601316673,563.2517314823344],[1766.994105774851,575.1397250341251],[1768.2874540275661,581.5972962817177],[1768.389142189757,581.9530444927514],[1769.0480133634992,583.576668211259],[1769.8964346644934,585.1785828871652],[1770.9740023416234,586.7144602844492],[1772.3123278493294,588.1732766572386],[1773.9351569777355,589.5328786093742],[1775.8899218852748,590.7711763205007],[1778.2082340674824,591.8771462598816],[1780.740556773846,592.6726498808712],[1783.289831988106,593.0349640268832],[1785.8243890271988,592.9973295778036],[1788.2810349927167,592.5706855505705],[1790.6360243466916,591.7771853534505],[1792.834059503104,590.6277890568599],[1794.8276785765192,589.1556949326769],[1796.585270095151,587.3719265339896],[1798.0594017318217,585.2985735423863],[1799.1947455531918,582.9577044257894],[1807.8128692975151,560.8524919599295],[1811.1209417416248,552.0966835608706],[1811.5665520518087,550.8092817282304],[1811.9098494114005,549.3994102450088],[1812.0392818441615,548.2444622060284],[1812.0168789117015,547.7667316095904],[1811.938998516067,547.3666122332215],[1811.7898496437701,547.0440616477281],[1811.5773277913686,546.7991010732949],[1811.3014031112543,546.6428390499204],[1810.8436729256064,546.5638488251716],[1807.5832184494939,546.4106768965721]]]}},{"type":"Feature","id":"way/1355298742","properties":{"leisure":"park","name":"Carver Park","osm_type":"way","osm_id":1355298742},"geometry":{"type":"Polygon","coordinates":[[[1712.51435321779,401.0108626075089],[1751.5043574594893,400.6930164154619],[1776.4159483124386,400.4931614175439],[1775.2621795187588,259.51070215087384],[1710.1984587533516,260.03642667550594],[1708.3744569356204,260.05377217475325],[1706.4083297434263,260.07073865365237],[1706.5106348058907,269.0689842524007],[1706.6907505159033,284.4104530541226],[1707.0146053438657,308.01711089815944],[1707.4816192380385,331.23535066563636],[1708.4611919395975,372.43979932088405],[1708.4049725094228,372.79512468073517],[1707.9515641634935,374.0491866208613],[1707.8954931168118,374.34896933473647],[1707.9739201106713,377.5040239999071],[1707.9954711045139,378.3039014702663],[1708.024324426602,379.3259706450626],[1708.0823870662716,381.2368066292256],[1708.7145025798818,392.89142688922584],[1708.8829892133363,397.80188262369484],[1708.8822508364683,401.03448624908924],[1712.51435321779,401.0108626075089]]]}},{"type":"Feature","id":"way/1355298744","properties":{"landuse":"residential","osm_type":"way","osm_id":1355298744},"geometry":{"type":"Polygon","coordinates":[[[1710.8027733826893,613.1474576694891],[1712.6345107980887,613.1523512834683],[1768.2976974679623,613.1235712114722],[1768.2874540275661,581.5972962817177],[1768.2666585708503,548.115878672339],[1810.2237048159586,548.0951717225835],[1810.8436729256064,546.5638488251716],[1811.7418645197758,544.3334309319034],[1813.6514436529833,538.8842331198975],[1814.336547953717,536.6199171161279],[1814.8791154468781,534.5107387006283],[1815.2551906929002,532.656610972248],[1815.4726391659933,531.0686636567116],[1815.5555354275275,529.6025494616479],[1815.4405822635163,525.3698587445542],[1814.9349722724874,519.6031294669956],[1814.0136142481933,512.8243991658092],[1813.3997176090488,509.1569070145488],[1811.8650998777593,501.41007980611175],[1810.944139527448,497.41961308941245],[1809.951879128057,493.5178238702938],[1808.8801245791838,489.81577629595995],[1807.7052189589012,486.30229823477566],[1806.4034456186346,482.9884346453473],[1804.9669984178036,479.8408387992531],[1803.3485335783917,476.84827501606196],[1801.5402448667446,473.977396633476],[1799.4868927970529,471.2169468700886],[1797.1491184653132,468.52238584309816],[1794.4165620795102,465.8267659479752],[1791.399552916817,463.2081440826878],[1788.373960078694,460.8449987070635],[1785.3871277815779,458.7485654614866],[1782.4233248090022,456.8965848647058],[1779.474804871017,455.23349304683506],[1776.5178813944804,453.7592264637351],[1773.544807930477,452.4182212976739],[1770.531957353116,451.1881970120594],[1767.4635683256201,450.0580028053373],[1764.5763905622298,449.07270761486143],[1761.8622906188248,448.321158291772],[1758.847769483691,447.7132173003629],[1755.3197049212176,447.2260970501229],[1751.3017838948872,446.859861811623],[1746.8335144116427,446.60350964963436],[1741.97809138702,446.44610201660544],[1730.9560063420213,446.3388544479385],[1712.487960329745,446.3561412030831],[1710.6561455685296,446.36235629115254],[1708.9822729902808,446.3578851558268],[1709.0983609954128,503.400915925391],[1709.0567917819135,583.9937910251319],[1709.0341696545365,613.1538418317214],[1710.8027733826893,613.1474576694891]]]}},{"type":"Feature","id":"way/1355588423","properties":{"landuse":"grass","osm_type":"way","osm_id":1355588423},"geometry":{"type":"Polygon","coordinates":[[[1816.4458228278672,962.0856347577646],[1827.8798904788564,961.3276699604467],[1828.4722538909991,961.2403944693506],[1829.0886310180067,961.0309887984768],[1830.385262600379,960.3457425767556],[1832.3630458330736,958.8513999916613],[1834.1913930224837,957.1455920794979],[1819.691394100315,853.1743385540321],[1805.458142688556,855.4577879784629],[1802.4016863103607,855.8383795134723],[1800.8855545319966,855.9342850511894],[1800.5377813696978,856.0777631001547],[1800.2845110075432,856.3103639176115],[1800.133757896896,856.5876745376736],[1800.0934768115403,856.8874990772456],[1802.697786803241,866.1146476715803],[1806.5089511113474,878.6887341989204],[1818.6262356923544,917.5237097525969],[1820.2221297730575,922.9934418108314],[1820.5966411607224,924.6496332585812],[1820.8757548116846,926.549957874231],[1821.0199956194265,928.69430950284],[1821.0167696971912,929.8940318608657],[1820.8444924133946,932.3041393198073],[1820.6272346276673,933.8254361869767],[1819.4737150488654,940.0098364455625],[1816.6501328363083,953.6325233075768],[1815.6187897785567,961.3613511994481],[1816.4458228278672,962.0856347577646]]]}},{"type":"Feature","id":"way/1355588424","properties":{"landuse":"grass","osm_type":"way","osm_id":1355588424},"geometry":{"type":"Polygon","coordinates":[[[1793.923824930389,852.3163992194459],[1794.5319881805335,852.2291629696265],[1794.9826366404304,851.9970918372273],[1795.2677857261733,851.653490209952],[1795.4111208058894,851.1984216570854],[1795.2214074461954,848.3429972231388],[1795.1575090438128,845.6767571140081],[1795.1729496589978,842.8663179799914],[1795.2671329170698,840.1338505968451],[1796.4117720616632,822.551980400458],[1796.9527174669201,815.1550929201767],[1797.990154503961,802.2163382088766],[1799.2187210776028,788.6671231705695],[1799.4057201131363,783.7131817303598],[1799.2509281629464,779.6136860623956],[1795.2900635714177,746.3105242652819],[1777.6834338666522,746.3410398699343],[1784.1295825508423,792.0925097865984],[1792.6131148152635,852.3573151007295],[1793.923824930389,852.3163992194459]]]}},{"type":"Feature","id":"way/1355588425","properties":{"landuse":"grass","osm_type":"way","osm_id":1355588425},"geometry":{"type":"Polygon","coordinates":[[[1804.78817604715,746.2915966231376],[1798.3613480313797,746.3076619263738],[1799.4121333537041,754.8641189197078],[1802.2836455089273,779.2663549697027],[1802.3823449661722,780.7329576201737],[1802.4532115230104,783.743583410047],[1802.2657924295054,788.8530442994088],[1801.0370404420537,802.468910003081],[1799.9996569518116,815.3854471659288],[1799.4587677071686,822.7601173222065],[1798.3142992094508,840.275335771963],[1798.2051499708905,845.6405056240037],[1798.2693454014952,848.19566037599],[1798.437340791279,850.317857729271],[1798.6239900041255,851.3736777538434],[1798.9225132872816,851.9299103496596],[1799.3871324649663,852.3755028080195],[1799.6787747969502,852.5540239121765],[1800.349233946472,852.7891054647043],[1800.720155651914,852.845644718036],[1802.141367640521,852.816135908477],[1805.0240730008227,852.4572947267443],[1819.2731510291924,850.1627782443538],[1804.78817604715,746.2915966231376]]]}},{"type":"Feature","id":"way/1355588426","properties":{"landuse":"grass","osm_type":"way","osm_id":1355588426},"geometry":{"type":"Polygon","coordinates":[[[1808.1388005887275,962.6187402214855],[1811.707962851273,962.3950501866639],[1812.5394147838815,961.4752691816539],[1813.635615966923,953.1134237376973],[1816.4751611911342,939.4241267787293],[1817.6126490113093,933.3285518651828],[1817.8136382158264,931.9849490970373],[1817.9695867488044,929.7747528366745],[1817.9722148131113,928.7972012851387],[1817.843165773782,926.8750629834831],[1817.595034109254,925.1969942059368],[1817.267294945137,923.7631010850891],[1815.7026801165775,918.4045400517061],[1803.5853795575094,879.5695700142533],[1799.7742697247304,866.973268144764],[1797.1384350695298,857.7238188618794],[1796.7695716769667,856.9007906178012],[1796.4941671011038,856.5556839555502],[1795.8404230311862,855.9762804880738],[1795.0756401323597,855.5854254988953],[1794.2866647897172,855.3833521772176],[1793.8998634694726,855.3600965235382],[1793.0392057345016,855.3911119177938],[1808.1388005887275,962.6187402214855]]]}},{"type":"Feature","id":"way/1355588427","properties":{"landuse":"retail","osm_type":"way","osm_id":1355588427},"geometry":{"type":"Polygon","coordinates":[[[1708.954118286958,867.7520050052553],[1709.0079002847779,868.3075796030462],[1709.2115705647739,868.9079890856519],[1710.3349318762776,871.0216276561841],[1710.4754114550306,871.6329769827425],[1710.4789945968078,958.9467349918559],[1710.5239012542297,959.8688704427332],[1710.6795158507884,960.7246499489993],[1710.9221830556053,961.5029017012566],[1711.2518731654272,962.2147342497483],[1711.6449308775482,962.8489757822827],[1712.0934908784693,963.3944966765121],[1712.5896581843263,963.8512758463621],[1713.1176428322797,964.2192711122334],[1713.669579536945,964.4873528433964],[1714.8135808268562,964.7792340377346],[1718.372467998648,965.4441542094573],[1719.9903165141004,965.68175979238],[1721.1821920677903,965.7849235571921],[1726.3297226036084,965.7986867334694],[1742.917830468621,965.5653516985476],[1756.1743448834168,965.2898081885651],[1765.6651901726727,964.915328964591],[1782.5390716090333,964.1052141431719],[1798.5998930276255,963.2485257871449],[1808.1388005887275,962.6187402214855],[1793.0392057345016,855.3911119177938],[1792.6131148152635,852.3573151007295],[1784.1295825508423,792.0925097865984],[1710.4431794132688,792.0840779161081],[1710.409121681063,834.3856027377769],[1710.256650710362,835.3072106959298],[1708.978944418137,837.7699105907232],[1708.8820661424543,838.5694722952321],[1708.954118286958,867.7520050052553]]]}},{"type":"Feature","id":"way/1355588428","properties":{"leisure":"park","osm_type":"way","osm_id":1355588428},"geometry":{"type":"Polygon","coordinates":[[[1828.4722538909991,961.2403944693506],[1829.0886310180067,961.0309887984768],[1830.385262600379,960.3457425767556],[1832.3630458330736,958.8513999916613],[1834.1913930224837,957.1455920794979],[1819.691394100315,853.1743385540321],[1819.2731510291924,850.1627782443538],[1804.78817604715,746.2915966231376],[1798.3613480313797,746.3076619263738],[1795.2900635714177,746.3105242652819],[1777.6834338666522,746.3410398699343],[1784.1295825508423,792.0925097865984],[1792.6131148152635,852.3573151007295],[1793.0392057345016,855.3911119177938],[1808.1388005887275,962.6187402214855],[1811.707962851273,962.3950501866639],[1815.5377197733033,962.1498453821987],[1816.4458228278672,962.0856347577646],[1827.8798904788564,961.3276699604467],[1828.4722538909991,961.2403944693506]]]}},{"type":"Feature","id":"way/1355588429","properties":{"landuse":"residential","osm_type":"way","osm_id":1355588429},"geometry":{"type":"Polygon","coordinates":[[[1784.1295825508423,792.0925097865984],[1777.6834338666522,746.3410398699343],[1761.0716366015258,746.3631606865674],[1760.979102034471,692.4972317628562],[1710.4089988345513,692.573001361452],[1710.399492513854,734.5524352276698],[1710.4431794132688,792.0840779161081],[1784.1295825508423,792.0925097865984]]]}},{"type":"Feature","id":"way/1355588430","properties":{"landuse":"retail","osm_type":"way","osm_id":1355588430},"geometry":{"type":"Polygon","coordinates":[[[1760.979102034471,692.4972317628562],[1760.9029052726692,644.318962123245],[1713.6800933156046,644.3925684969872],[1711.8483351495815,644.398783095181],[1710.3008107206551,644.4057575045153],[1710.377048279799,669.0670861089602],[1710.3347820412018,670.1111830146983],[1710.2147790117888,670.6996190389618],[1709.0571323139593,672.5405567307025],[1708.9134730821825,673.1178209744394],[1708.8634897949523,674.0952455922961],[1708.8820471019717,681.926868878305],[1708.9826983600506,682.6714149601758],[1709.1864043548703,683.2607157137245],[1710.1601435252232,685.240650399588],[1710.3789574513794,686.0854897070676],[1710.4089988345513,692.573001361452],[1760.979102034471,692.4972317628562]]]}},{"type":"Feature","id":"way/1355588434","properties":{"highway":"service","leisure":"slipway","service":"slipway","osm_type":"way","osm_id":1355588434},"geometry":{"type":"LineString","coordinates":[[2020.644279383705,944.3308048378676],[2001.6561438034405,950.3222749354318],[1988.949302700872,954.5867987815291]]}},{"type":"Feature","id":"way/1385679850","properties":{"natural":"wood","osm_type":"way","osm_id":1385679850},"geometry":{"type":"Polygon","coordinates":[[[1826.61457962665,1393.5386513965204],[1824.4556512279669,1391.988744493574],[1820.0025100029889,1389.2884797388688],[1817.9459676843253,1387.8277194164693],[1816.142883624998,1386.0565995806828],[1814.7199575204286,1383.8310484550893],[1813.7802954026847,1380.9736048923805],[1812.9595572215621,1377.9276344692335],[1811.8457072551828,1375.2585696950555],[1810.49400672497,1372.9665592396632],[1808.9517628314206,1371.0739476364106],[1807.2742371173226,1369.580883514136],[1805.5088265893864,1368.4763856939971],[1803.7185979165952,1367.793949562125],[1801.950948230282,1367.5225938307121],[1800.245290654595,1367.6846416005865],[1798.6727057725075,1368.2691750945523],[1797.044531599735,1368.9757545981556],[1795.1799705796875,1369.5150703331456],[1793.0789928020677,1369.8982310574502],[1790.7652517989045,1370.1364091262221],[1788.2702359351679,1370.2630151780322],[1785.6097340687993,1370.2780917966738],[1779.8393406652613,1370.0848701298237],[1770.42267652991,1369.51529091876],[1767.2254981407896,1369.4733930276707],[1764.0674944084603,1369.542688014917],[1760.9960919639561,1369.7010856624693],[1755.2633545111748,1370.1856133472174],[1750.3670765295974,1370.8056898722425],[1746.6313781609642,1371.3955517774448],[1745.11516100663,1371.5692300954834],[1743.6389219367993,1371.554169128649],[1742.2025716105709,1371.3836944960058],[1740.837658136792,1371.0689992411062],[1739.551986722392,1370.64343009796],[1738.361316559778,1370.1181378224865],[1737.2734529175214,1369.526469132863],[1736.312079257972,1368.8684873562306],[1735.4928359425976,1368.1997774206102],[1734.8236472241697,1367.5092518543825],[1733.3839074763237,1368.6051536798477],[1729.6721505269525,1372.0500068161637],[1728.6634893380105,1374.3134687552229],[1730.171453774441,1383.1266443096101],[1734.1980378055596,1400.6890493202955],[1826.61457962665,1393.5386513965204]]]}},{"type":"Feature","id":"way/1385679851","properties":{"landuse":"grass","osm_type":"way","osm_id":1385679851},"geometry":{"type":"Polygon","coordinates":[[[1730.9532684909645,1409.5894878134131],[1734.3151808070834,1421.8179738838226],[1738.2493582661846,1435.547658495605],[1742.6388952031848,1450.211689782329],[1745.438428841997,1451.3300479324535],[1741.7586662376416,1439.8894170327112],[1737.2139964353992,1424.1918690036982],[1735.6583751924918,1418.4445450408384],[1731.243492764188,1401.4365311255679],[1728.83046459069,1391.5767229897901],[1727.1778447373072,1383.7185027217492],[1725.433992550068,1374.5492209494114],[1722.3172721288283,1362.1325496146455],[1721.0527740582475,1353.7865895666182],[1720.1369220995693,1353.8174668494612],[1721.0214517754503,1359.5963178817183],[1722.4580829061451,1368.5203868951648],[1723.4534875588724,1374.1662313574925],[1724.7367973240325,1381.3791624642909],[1726.4964969154098,1390.526269278489],[1727.7435959236464,1396.5171552794054],[1728.922108827217,1401.5858419938013],[1730.9532684909645,1409.5894878134131]]]}},{"type":"Feature","id":"way/1385679852","properties":{"natural":"grassland","osm_type":"way","osm_id":1385679852},"geometry":{"type":"Polygon","coordinates":[[[1809.7054741787142,1316.8103260733187],[1806.4815713202697,1317.890308282338],[1797.9864964192384,1318.0674433661625],[1798.0092653264292,1338.9850500663742],[1801.0716550938087,1339.2487737284973],[1803.6510162446648,1340.0555239263922],[1804.5725566311157,1340.8467123042792],[1805.033886499179,1342.5031373044476],[1804.7844109089929,1344.2687388518825],[1803.6582560699317,1346.1763972891495],[1798.6739399147336,1350.173223347403],[1792.5256569002522,1352.5228512240574],[1783.5629147953587,1353.4208104191348],[1760.5622476802673,1351.8927928125486],[1749.257101252908,1351.9402675116435],[1746.061639142863,1351.2540844380856],[1744.0914316115668,1349.9713172679767],[1744.8224091639859,1351.1730060679838],[1745.4267768655554,1352.4854422379285],[1746.0925157541642,1354.4645604388788],[1746.451112170529,1356.1651406157762],[1749.9595150102396,1354.9636953221634],[1761.0468548386707,1353.70479777921],[1765.956017706194,1354.1734094033018],[1780.3242855599965,1357.0557506065816],[1788.0995963843889,1357.3654400343075],[1795.540036624705,1355.963510967791],[1801.2478065132163,1353.0239453958347],[1805.408525864943,1349.980250426568],[1808.456122391508,1346.9335667807609],[1811.4301210008562,1341.8982423841953],[1813.084692892502,1337.2481746040285],[1814.3000588302966,1328.5867120046169],[1814.7767337788246,1315.7242027325556],[1813.374489053269,1314.609570573084],[1809.7054741787142,1316.8103260733187]]]}},{"type":"Feature","id":"way/1385679853","properties":{"natural":"grassland","osm_type":"way","osm_id":1385679853},"geometry":{"type":"Polygon","coordinates":[[[1835.7922083805315,1368.5133893629536],[1832.7516615400673,1366.0057648401707],[1830.1900426439825,1361.5443118140101],[1828.343019928143,1355.562900298275],[1827.446234100149,1348.5065087638795],[1828.0391705844086,1336.455242548138],[1829.906059798901,1323.3187586748973],[1832.313854916254,1311.6056354390457],[1834.7741121289437,1303.8695430634543],[1837.362902361434,1301.177114480175],[1840.8081062255078,1300.0088745467365],[1844.8343988448614,1299.9974985141307],[1855.7623673997587,1302.2597701158375],[1860.017691075278,1302.2156949043274],[1863.8966209280188,1301.2263744389638],[1867.1703655835008,1299.235647978261],[1869.5943737992202,1296.1762033253908],[1870.3338423505193,1294.2230791002512],[1870.5749485510169,1289.713626571931],[1869.1741895320592,1285.1219858508557],[1867.869228701049,1283.0633708275855],[1864.0723293632036,1279.9760438557714],[1861.5956411252264,1279.1473290026188],[1853.220368524373,1278.791499959305],[1848.7544483667589,1277.879670592025],[1843.5739169532317,1275.5551244402304],[1835.339273453399,1269.8786652171984],[1829.4716303293826,1267.6522589344531],[1824.412258437078,1267.238738156855],[1818.25189053762,1268.1775134308264],[1818.2040793930646,1297.704115097411],[1818.1175863769022,1303.4470427893102],[1817.2819164186367,1308.8880232954398],[1818.012496754527,1310.234131502919],[1817.069110380311,1332.2488948199898],[1816.4741034963517,1336.2686183508486],[1815.095747629588,1340.9527536956593],[1811.6908735760953,1347.686538361013],[1808.6895383941592,1351.1443640310317],[1802.9303974759532,1355.572341138497],[1796.5507313032867,1358.83225105796],[1798.8815844726632,1363.9818056309596],[1795.9175393386977,1365.3179894769564],[1793.3825904977857,1359.7346515022218],[1788.2493166208733,1360.4096059547737],[1783.102102944511,1360.3957921788096],[1763.9434287687764,1356.9229543171823],[1755.4086964905146,1357.1889083022252],[1750.5988910833257,1357.9425198836252],[1747.6831127541955,1358.9455964351073],[1743.4688902088674,1361.3448851183057],[1734.8236472241697,1367.5092518543825],[1735.4928359425976,1368.1997774206102],[1736.312079257972,1368.8684873562306],[1737.2734529175214,1369.526469132863],[1738.361316559778,1370.1181378224865],[1739.551986722392,1370.64343009796],[1740.837658136792,1371.0689992411062],[1742.2025716105709,1371.3836944960058],[1743.6389219367993,1371.554169128649],[1745.11516100663,1371.5692300954834],[1746.6313781609642,1371.3955517774448],[1750.3670765295974,1370.8056898722425],[1755.2633545111748,1370.1856133472174],[1760.9960919639561,1369.7010856624693],[1764.0674944084603,1369.542688014917],[1767.2254981407896,1369.4733930276707],[1770.42267652991,1369.51529091876],[1779.8393406652613,1370.0848701298237],[1785.6097340687993,1370.2780917966738],[1788.2702359351679,1370.2630151780322],[1790.7652517989045,1370.1364091262221],[1793.0789928020677,1369.8982310574502],[1795.1799705796875,1369.5150703331456],[1797.044531599735,1368.9757545981556],[1798.6727057725075,1368.2691750945523],[1800.245290654595,1367.6846416005865],[1801.950948230282,1367.5225938307121],[1803.7185979165952,1367.793949562125],[1805.5088265893864,1368.4763856939971],[1807.2742371173226,1369.580883514136],[1808.9517628314206,1371.0739476364106],[1810.49400672497,1372.9665592396632],[1811.8457072551828,1375.2585696950555],[1812.9595572215621,1377.9276344692335],[1813.7802954026847,1380.9736048923805],[1814.7199575204286,1383.8310484550893],[1816.142883624998,1386.0565995806828],[1817.9459676843253,1387.8277194164693],[1820.0025100029889,1389.2884797388688],[1824.4556512279669,1391.988744493574],[1826.61457962665,1393.5386513965204],[1828.5909183089389,1395.465761163272],[1830.2579672597349,1397.9141448941082],[1831.5126202929532,1401.0612629689276],[1835.203729218396,1414.1016186121851],[1836.5795444547548,1419.1597481602803],[1837.9312555744546,1424.373333982192],[1839.2039605070022,1429.6089247055352],[1840.3269985598163,1434.7219178564847],[1841.2611673355568,1439.6122301258147],[1841.935836550896,1444.124150431715],[1842.5850245355396,1452.235198364593],[1843.1091896597645,1456.9355603475124],[1843.8451858859626,1462.1252725804225],[1844.777552859101,1467.682098582387],[1845.8987246387405,1473.4838231410831],[1847.1932110750931,1479.4193183369935],[1848.6376577172196,1485.3663264364004],[1850.2324232451501,1491.1915449388325],[1851.9541535649332,1496.772716092877],[1853.7873592159594,1501.9987119492143],[1855.732130041637,1506.8362069446594],[1857.7726176487631,1511.3073757169768],[1859.900897938467,1515.4233056241646],[1862.1091366925393,1519.1617583623156],[1864.40525841841,1522.5116467401385],[1866.7656404200243,1525.4506898839027],[1869.1902531080996,1527.989996407181],[1871.6712924663443,1530.0962194278836],[1874.208788911521,1531.75825046096],[1876.7869543546112,1532.9760469654575],[1879.3901506246184,1533.6940236277878],[1881.9473897100543,1533.889771617949],[1884.41902089637,1533.6298356410116],[1886.7338761573192,1532.9584579896182],[1888.8601987742586,1531.942204548046],[1890.72682040371,1530.6253174766898],[1892.2861953987158,1529.0743199456483],[1893.4908379353,1527.3335180133581],[1894.2774134451756,1525.4693922149017],[1894.598435798136,1523.526248678565],[1894.4794776524068,1520.8043125979602],[1894.0405430863611,1516.7151506384835],[1892.4054731012438,1505.368822036311],[1887.8332138973055,1476.6517732189968],[1886.7786542548565,1469.5838369997218],[1884.1466223608004,1450.2921493565664],[1883.1773033961654,1443.8132015578449],[1882.1131596150808,1437.367323952727],[1880.930237708555,1431.0544296214357],[1879.5966599620297,1424.9855189025402],[1878.112276239728,1419.2161346301436],[1876.437284506741,1413.8683644440025],[1874.5714748538448,1409.0199683252722],[1872.475135364104,1404.7597083505243],[1870.2509838883998,1401.054535869509],[1868.002038110746,1397.7603166215122],[1865.7204638757976,1394.8548122411594],[1863.374803506711,1392.29350343626],[1860.973041603167,1390.0430859029293],[1858.491614815197,1388.0590616781265],[1855.922718719521,1386.308083933778],[1853.2506244445103,1384.767893130891],[1850.4676172601175,1383.3718168446794],[1842.290472293971,1379.8505758168176],[1840.169609773904,1378.8228717064485],[1838.364376187441,1377.8515611039475],[1836.8668772424571,1376.936622492969],[1835.653459569905,1376.0668833646923],[1834.7241831057472,1375.220126459375],[1834.0553047293215,1374.4185050083324],[1833.6311252749874,1373.6286507965997],[1833.4437802456087,1372.8394339783117],[1833.4220698836725,1372.1062060659751],[1833.5107328454033,1371.4288183329627],[1833.7097093710909,1370.8294878806919],[1833.995316022716,1370.3081509834155],[1834.3833417878486,1369.864850141108],[1834.850103207049,1369.4995216336101],[1835.3956002768828,1369.2121654767543],[1836.0040141125792,1369.0138477412984],[1836.683209280949,1368.9156982423738],[1837.4174565779394,1368.8954574037343],[1835.7922083805315,1368.5133893629536]]]}},{"type":"Feature","id":"way/1385679856","properties":{"natural":"wood","osm_type":"way","osm_id":1385679856},"geometry":{"type":"Polygon","coordinates":[[[1746.451112170529,1356.1651406157762],[1746.0925157541642,1354.4645604388788],[1745.4267768655554,1352.4854422379285],[1744.8224091639859,1351.1730060679838],[1744.0914316115668,1349.9713172679767],[1737.9118069300894,1337.4908962016925],[1733.7147352328175,1330.5256646107882],[1730.9561646093498,1328.8297730777413],[1728.9511598984245,1328.746649269946],[1727.1095635961974,1329.552653283812],[1725.2385209152708,1332.5136526878923],[1724.332714504737,1337.6434160042554],[1723.9763178079156,1343.974380354397],[1724.3025854534353,1351.8623781027272],[1723.7308240847196,1353.1161240264773],[1722.8691642472986,1353.547056411393],[1724.0872733041178,1361.5263080745935],[1725.609774566081,1364.9074023533612],[1727.6628985911957,1367.656724480912],[1729.5494143540855,1367.7617482524365],[1741.7783232409274,1358.8187009925023],[1746.451112170529,1356.1651406157762]]]}},{"type":"Feature","id":"way/1385679857","properties":{"landuse":"grass","osm_type":"way","osm_id":1385679857},"geometry":{"type":"Polygon","coordinates":[[[1714.3487163528334,1307.1124364808202],[1714.8664918275317,1308.3357691867277],[1715.3697843413102,1309.0702836681157],[1715.9998054035823,1309.6496161436662],[1714.964349550486,1301.2598357778043],[1713.6218566693133,1301.4117686655372],[1713.8373531482066,1303.489657680504],[1714.1070426880033,1305.9676020871848],[1714.3487163528334,1307.1124364808202]]]}},{"type":"Feature","id":"way/1385679858","properties":{"natural":"wood","osm_type":"way","osm_id":1385679858},"geometry":{"type":"Polygon","coordinates":[[[1718.434957674588,1305.3459783000872],[1723.1958271989715,1305.192077420652],[1728.8255748130032,1304.8627660851926],[1733.7212470785016,1304.4870610684156],[1738.7822004618356,1304.3006487917155],[1751.9348490677658,1304.2247774126008],[1772.8157149300096,1304.3807169161737],[1784.8549914918258,1304.3907965105027],[1799.4602415990666,1304.3189209969714],[1809.305246352742,1304.1676326580346],[1809.9952980824164,1302.969755393453],[1811.0604553457815,1300.2621130561456],[1811.4714085865417,1297.1639106106013],[1806.4520690763602,1296.550556184724],[1798.6318719655392,1298.2291685789824],[1793.412483419932,1298.615063519217],[1780.1434600726352,1297.9240423599258],[1760.944213132665,1300.6830454897135],[1728.546341464098,1300.05198397208],[1721.3531968363677,1300.4770930409431],[1716.7806949910591,1301.042517970316],[1717.3139588386985,1305.3318731198087],[1718.434957674588,1305.3459783000872]]]}},{"type":"Feature","id":"way/1385679859","properties":{"landuse":"grass","osm_type":"way","osm_id":1385679859},"geometry":{"type":"Polygon","coordinates":[[[1717.970743645972,1310.6657694159076],[1718.3178370543756,1310.7666748892516],[1719.8251635367633,1310.970659704879],[1721.7117555140867,1311.053464019671],[1730.0722135168035,1311.0313884429634],[1730.4908035025,1310.9658564329147],[1730.957384917012,1310.6671716775745],[1731.155521586421,1310.3788774367422],[1731.2673232977977,1309.9015055876225],[1731.2713454974,1305.4469571225345],[1796.6545076472685,1305.4889003206044],[1796.6597962725791,1309.3991512609646],[1796.8083312257659,1309.9438728708774],[1797.0679269795073,1310.2889374438673],[1797.4382553824107,1310.5565390130505],[1797.935254725453,1310.69117726665],[1800.5884537458187,1310.4650221029297],[1801.4494383333367,1310.2895967494696],[1802.9902505170903,1309.7827389491722],[1804.4608475313871,1308.9646513145417],[1806.0982754218858,1307.758210315369],[1806.8975367494277,1307.049405746162],[1807.7208401525277,1306.2073623528704],[1808.528683004144,1305.2430826202035],[1809.305246352742,1304.1676326580346],[1799.4602415990666,1304.3189209969714],[1784.8549914918258,1304.3907965105027],[1772.8157149300096,1304.3807169161737],[1751.9348490677658,1304.2247774126008],[1738.7822004618356,1304.3006487917155],[1733.7212470785016,1304.4870610684156],[1728.8255748130032,1304.8627660851926],[1723.1958271989715,1305.192077420652],[1718.434957674588,1305.3459783000872],[1717.3139588386985,1305.3318731198087],[1717.970743645972,1310.6657694159076]]]}},{"type":"Feature","id":"way/1385679860","properties":{"landuse":"residential","osm_type":"way","osm_id":1385679860},"geometry":{"type":"Polygon","coordinates":[[[1709.3787020103773,1187.570348257199],[1709.3636861693813,1222.7402132675052],[1709.6205294356332,1247.7575230291113],[1709.8383140472579,1254.8898423509672],[1710.4428740330623,1267.9552012253553],[1710.8664805316948,1274.877006872557],[1711.5657142056152,1282.0550475241616],[1713.6218566693133,1301.4117686655372],[1713.8373531482066,1303.489657680504],[1818.1175863769022,1303.4470427893102],[1818.2040793930646,1297.704115097411],[1818.25189053762,1268.1775134308264],[1818.297421520867,1236.562485313043],[1818.0835922273109,1195.7043850962073],[1817.5676872160984,1161.4884329456836],[1816.1987565462478,1089.2342616692185],[1816.1431607964914,1080.5471687428653],[1815.9614076523576,1074.7368701957166],[1815.832182132348,1072.8813827428967],[1815.3006358029088,1067.969942449592],[1814.994277321035,1064.4587940555066],[1814.7604951682151,1060.3813010137528],[1814.6236608079635,1055.4820305136964],[1814.5560552092502,977.8325799908489],[1814.7230196543387,971.5233318209648],[1815.0755524344277,966.6698119053617],[1815.5377197733033,962.1498453821987],[1811.707962851273,962.3950501866639],[1808.1388005887275,962.6187402214855],[1798.5998930276255,963.2485257871449],[1782.5390716090333,964.1052141431719],[1765.6651901726727,964.915328964591],[1756.1743448834168,965.2898081885651],[1742.917830468621,965.5653516985476],[1726.3297226036084,965.7986867334694],[1721.1821920677903,965.7849235571921],[1719.9903165141004,965.68175979238],[1718.372467998648,965.4441542094573],[1714.8135808268562,964.7792340377346],[1713.669579536945,964.4873528433964],[1713.1176428322797,964.2192711122334],[1712.5896581843263,963.8512758463621],[1712.0934908784693,963.3944966765121],[1711.6449308775482,962.8489757822827],[1711.2518731654272,962.2147342497483],[1710.9221830556053,961.5029017012566],[1710.6795158507884,960.7246499489993],[1710.5239012542297,959.8688704427332],[1710.4789945968078,958.9467349918559],[1710.522536047909,960.3798633227125],[1710.6823357847752,962.6242315387353],[1712.2260717609315,978.7802901677787],[1712.4430046922644,983.2798611363396],[1712.217457522347,1029.2800580915064],[1756.3188854217296,1029.2203107504174],[1756.3508721276303,1055.5922652045265],[1712.2575205948087,1055.6520329359919],[1712.260190750705,1060.5620509628206],[1712.1943307165056,1061.572759582661],[1711.963123741094,1062.4163970686495],[1711.5111574051552,1063.148358490318],[1711.1458565999055,1063.9472032329068],[1710.8985929979826,1064.8907754560933],[1710.833623616374,1065.5682278135791],[1710.8793008605135,1078.0211152890697],[1710.6086502145627,1099.5377938477322],[1710.1784129836597,1115.7774508567527],[1709.5869876875076,1133.249734831974],[1709.3838915303932,1144.2578379372135],[1770.9474520649528,1144.3559582456946],[1770.8686841488816,1197.2883425727487],[1720.5944893948035,1197.431455699727],[1718.376464697416,1197.28111420013],[1716.4038585009403,1196.8759310543537],[1714.6924600208295,1196.2159482361749],[1713.2264500394813,1195.3122318852693],[1711.997904103715,1194.1758692888543],[1711.0147465922637,1192.7957728533074],[1710.2610990951653,1191.20522592403],[1709.737021064735,1189.38201132603],[1709.4424532795674,1187.3483460964635],[1709.369501214358,1185.1042091110721],[1709.3787020103773,1187.570348257199]]]}},{"type":"Feature","id":"way/1385679861","properties":{"landuse":"commercial","osm_type":"way","osm_id":1385679861},"geometry":{"type":"Polygon","coordinates":[[[1756.3508721276303,1055.5922652045265],[1756.3188854217296,1029.2203107504174],[1712.217457522347,1029.2800580915064],[1712.2575205948087,1055.6520329359919],[1756.3508721276303,1055.5922652045265]]]}},{"type":"Feature","id":"way/1385679862","properties":{"landuse":"commercial","osm_type":"way","osm_id":1385679862},"geometry":{"type":"Polygon","coordinates":[[[1709.369501214358,1185.1042091110721],[1709.4424532795674,1187.3483460964635],[1709.737021064735,1189.38201132603],[1710.2610990951653,1191.20522592403],[1711.0147465922637,1192.7957728533074],[1711.997904103715,1194.1758692888543],[1713.2264500394813,1195.3122318852693],[1714.6924600208295,1196.2159482361749],[1716.4038585009403,1196.8759310543537],[1718.376464697416,1197.28111420013],[1720.5944893948035,1197.431455699727],[1770.8686841488816,1197.2883425727487],[1770.9474520649528,1144.3559582456946],[1709.3838915303932,1144.2578379372135],[1709.369501214358,1185.1042091110721]]]}},{"type":"Feature","id":"way/1385686412","properties":{"natural":"wood","osm_type":"way","osm_id":1385686412},"geometry":{"type":"Polygon","coordinates":[[[1916.0566853772034,1803.244113820605],[1918.7780437340843,1818.6036106906831],[1921.9232358402805,1840.6960901776329],[1984.2317178079975,1831.4559466568753],[1982.4913007038413,1827.0188748650253],[1980.8617279040045,1822.4599094698206],[1979.3429995484767,1817.779050390236],[1977.9271012495155,1813.020710343495],[1976.6377753222478,1808.162736427039],[1975.4591737931478,1803.227302829735],[1974.3991908330354,1798.2144309151918],[1973.465630221588,1793.1574677107856],[1972.6506284042844,1788.0452831871808],[1971.2043825205183,1777.0104826344177],[1969.9181812802562,1765.1762949535623],[1968.9073917879723,1753.6650053355843],[1968.2715645463904,1743.6099645672366],[1968.1339931929251,1736.1223705196753],[1968.9654304628493,1729.3594664279372],[1970.8428023352171,1721.1552773024887],[1972.0230877136928,1716.7483509723097],[1975.8330152784474,1703.2839136086404],[1977.9869074379676,1695.0027167787775],[1979.3535360171809,1685.930670757778],[1979.959414792189,1675.0236353389919],[1979.9352127055754,1663.5816754037514],[1979.4115387707134,1652.9270730558783],[1978.1183362004813,1640.7596080675721],[1977.6567506653373,1633.4044392304495],[1977.7005418014596,1625.99509888608],[1978.1937285204185,1618.798042325303],[1979.1041325285914,1612.0353549839929],[1980.5735188583494,1605.8296167943627],[1983.4718797957757,1599.5833236910403],[1987.3959209322347,1593.5508810440078],[1991.7445375274983,1588.152786119841],[1995.9324098907528,1583.809577663429],[1999.4938365021953,1580.4977726200595],[2002.7818065763568,1576.141014768742],[2005.5828142862883,1570.872026950121],[2007.524350173131,1565.2341189002618],[2008.2260082305875,1559.770578703843],[2008.0038395953015,1557.2816408062354],[2006.7730045672506,1551.2240895591676],[2005.0023236614652,1543.3765812786296],[2002.9724855417153,1535.0284807793796],[2000.9485439836862,1527.4135668557137],[2000.02552958444,1524.278424186632],[1999.203329149168,1521.810073569417],[1998.1670763827278,1519.6744004581124],[1996.6098892246955,1517.5039863362908],[1994.6105895094806,1515.3434802349657],[1992.2636671682121,1513.282008273527],[1989.6400501368335,1511.3641979834065],[1986.8264250123757,1509.6458282424137],[1983.8936296678148,1508.2048520352691],[1980.9283511599642,1507.0970479799435],[1978.009382401593,1506.3781731138006],[1975.215456151811,1506.1262014321983],[1972.0969584215782,1506.2066093804315],[1968.2674898583791,1506.4628285132349],[1959.2023710343638,1507.3380462666973],[1949.4733796019573,1508.4891938837245],[1933.9158905502409,1510.5465923110023],[1931.5154475213494,1510.7511587636545],[1929.3368270925712,1510.6675019962713],[1927.3720745421015,1510.3178175240755],[1925.6133253994049,1509.690975241363],[1924.060549441434,1508.798083527945],[1922.7058522427105,1507.6391208805144],[1921.557098007761,1506.2252170816064],[1920.590603768418,1504.556307958439],[1919.8142338287435,1502.6435233354568],[1919.2279882652801,1500.486863146536],[1918.9500117555726,1498.1866245632991],[1892.4054731012438,1505.368822036311],[1894.0405430863611,1516.7151506384835],[1894.4794776524068,1520.8043125979602],[1894.598435798136,1523.526248678565],[1894.2774134451756,1525.4693922149017],[1893.4908379353,1527.3335180133581],[1892.2861953987158,1529.0743199456483],[1890.72682040371,1530.6253174766898],[1888.8601987742586,1531.942204548046],[1886.7338761573192,1532.9584579896182],[1884.41902089637,1533.6298356410116],[1881.9473897100543,1533.889771617949],[1879.3901506246184,1533.6940236277878],[1876.7869543546112,1532.9760469654575],[1874.208788911521,1531.75825046096],[1871.6712924663443,1530.0962194278836],[1869.1902531080996,1527.989996407181],[1866.7656404200243,1525.4506898839027],[1864.40525841841,1522.5116467401385],[1862.1091366925393,1519.1617583623156],[1859.900897938467,1515.4233056241646],[1857.7726176487631,1511.3073757169768],[1855.732130041637,1506.8362069446594],[1853.7873592159594,1501.9987119492143],[1851.9541535649332,1496.772716092877],[1850.2324232451501,1491.1915449388325],[1848.6376577172196,1485.3663264364004],[1847.1932110750931,1479.4193183369935],[1845.8987246387405,1473.4838231410831],[1844.777552859101,1467.682098582387],[1843.8451858859626,1462.1252725804225],[1843.1091896597645,1456.9355603475124],[1842.5850245355396,1452.235198364593],[1841.935836550896,1444.124150431715],[1841.2611673355568,1439.6122301258147],[1840.3269985598163,1434.7219178564847],[1839.2039605070022,1429.6089247055352],[1837.9312555744546,1424.373333982192],[1836.5795444547548,1419.1597481602803],[1835.203729218396,1414.1016186121851],[1831.5126202929532,1401.0612629689276],[1830.2579672597349,1397.9141448941082],[1828.5909183089389,1395.465761163272],[1826.61457962665,1393.5386513965204],[1734.1980378055596,1400.6890493202955],[1742.8746938207187,1432.9050771202892],[1749.48924179998,1453.9180973852053],[1756.3521913129953,1473.5432122284546],[1769.2549564573565,1507.6479634707794],[1776.7611601802637,1522.864700872451],[1788.8226997246384,1543.8368365559727],[1793.3237876776257,1549.2254983251914],[1799.1930217539193,1553.7069302704185],[1874.1844464297756,1552.4868920231238],[1908.9723921086988,1553.3473300524056],[1920.093634737539,1554.0328113567084],[1922.5013336300617,1551.1399712432176],[1938.5028342289734,1539.5858669066802],[1947.9509645381477,1531.357743004337],[1951.5651266539353,1528.9791795685887],[1959.4612218436087,1525.4236013898626],[1967.4713414951111,1523.49020251818],[1971.2221280771191,1523.1337918126956],[1977.6309729124769,1523.6399609930813],[1980.0600652338471,1524.5130269555375],[1983.724128372618,1527.0224154181778],[1987.5078009099816,1531.998247269541],[1989.961909555539,1538.1924201240763],[1991.7266168749193,1545.340063964948],[1991.8788494876353,1550.3282537283376],[1990.398468385858,1557.667039643973],[1987.3727183185401,1564.3017855947837],[1984.5758244565222,1568.0600182730705],[1980.20171412098,1571.214104771614],[1974.5350029582041,1573.6092997053638],[1964.7330728082452,1575.4933956349269],[1954.953530611121,1574.944776517339],[1949.4873099204851,1573.2747771823779],[1944.6791066863225,1570.5734620112926],[1940.1106146255042,1566.8063708478585],[1932.797728531761,1559.0771803921089],[1913.7222396518337,1557.2037582052872],[1903.2474305415526,1556.8532936992124],[1901.8324373835349,1557.5604226617143],[1903.7502600147272,1563.5864838175476],[1905.6405200468726,1576.888625614345],[1907.6222676503821,1582.6260364744812],[1909.744789889257,1585.9310379279777],[1920.5534567100112,1594.1695459987968],[1923.4419169647736,1597.3988635726273],[1926.2834487741347,1603.3829966057092],[1928.035925294971,1612.1524507747963],[1934.9650691460702,1612.8932671612129],[1940.8979192128754,1614.231259056367],[1946.9001894011744,1616.169310762547],[1952.151033572969,1618.649654822424],[1956.066101404198,1621.7373572615907],[1959.512006033503,1626.0790658332407],[1963.5783238139702,1634.521544765681],[1965.1238345124293,1640.9909612452611],[1965.3974505356746,1647.8012963104993],[1964.993615035608,1651.166117423214],[1963.2712800829322,1657.5044771814719],[1960.5559752216213,1663.218061589636],[1955.279005866032,1670.3910431591794],[1951.3771513339598,1674.090752559714],[1949.1079589910223,1675.4065313190222],[1946.3509277243284,1676.1322316089645],[1939.9886653192225,1675.970586616546],[1933.56824165734,1673.9647571090609],[1928.3440343180555,1670.4069623723626],[1926.5738997511216,1668.169336588122],[1925.1355384236085,1662.9332776572555],[1924.828871854872,1653.734498552978],[1925.7484726872062,1643.550369120203],[1927.4661984818522,1633.0684666056186],[1923.2290445147664,1606.0519131310284],[1921.7092599134776,1601.7265432346612],[1918.9651499089086,1597.6644693417475],[1909.1565302351373,1590.3617923194543],[1906.2749030045816,1587.5213019028306],[1904.8992085980717,1585.3736177152023],[1902.0701054510428,1577.701015876606],[1899.836242862686,1563.0093677528203],[1898.6053384374827,1559.8622992979363],[1896.8674898755853,1557.3470537438989],[1895.0694894795888,1556.6423532897606],[1874.158828503394,1556.1304542636499],[1803.8963451154414,1557.2743272669613],[1808.9568577778991,1563.0533054219559],[1816.2613159602624,1573.9705085037276],[1823.6194848078303,1585.4544049529359],[1836.7099875723943,1608.2512179538608],[1865.9471398941241,1662.1179920192808],[1880.7849555294379,1692.573460675776],[1886.586605018645,1707.3969314200804],[1890.8458825182752,1720.405535062775],[1891.9043760608183,1720.1528949560598],[1893.0809205162805,1720.0338774779812],[1894.3518036441528,1720.0595272835344],[1895.677465056011,1720.263063473627],[1897.0421165226726,1720.6444434318691],[1898.4062276249751,1721.2257776567712],[1899.7381319774431,1722.0403064992279],[1901.0062532326556,1723.0879446212202],[1902.1947431440349,1724.3908664286137],[1903.2562073019217,1725.960052437149],[1904.3008320847293,1727.9179953616112],[1905.4232858029427,1730.287168333307],[1906.576504157798,1732.956357830204],[1907.7212870108779,1735.8254801919684],[1908.8262983648456,1738.8055816208944],[1909.844444317976,1741.7965570595115],[1910.7365251539159,1744.6983227645978],[1911.4633713067742,1747.3996864156798],[1911.9857532361639,1749.8116728020832],[1912.264471480099,1751.8341981507838],[1912.3542137521436,1753.6784743778408],[1912.3489274532767,1755.6335800308734],[1912.248702776793,1757.6661894442514],[1912.053539816232,1759.7763026235625],[1911.755604736507,1761.9416811252013],[1911.3786397243384,1764.1401718808338],[1910.8989628680865,1766.3717108769342],[1910.34034637094,1768.6030365005136],[1909.6949263507267,1770.8230188740417],[1908.9627028954565,1773.0316580208018],[1916.0566853772034,1803.244113820605]]]}},{"type":"Feature","id":"way/1385686413","properties":{"natural":"grassland","osm_type":"way","osm_id":1385686413},"geometry":{"type":"Polygon","coordinates":[[[1878.0234604388825,1750.5419752290472],[1879.6918360776617,1752.457162866369],[1881.979002118227,1753.2409402504563],[1883.731803472736,1753.1234764838591],[1890.7560932827182,1750.7318675545976],[1893.872607506055,1748.418579481542],[1894.8495132484823,1746.2217082520947],[1895.1243913377984,1743.8229854172096],[1894.5492947556195,1740.4666240494698],[1883.6946758480626,1708.3889016425237],[1878.0185466594994,1693.854596734047],[1863.2435145399068,1663.532607355155],[1834.0378032822045,1609.7103647487238],[1821.0101490682573,1587.0248125409707],[1808.3529371214681,1567.4618091918528],[1802.759169754223,1560.359471644275],[1799.0016372418613,1557.3611559737474],[1789.5721967264544,1558.7133058849722],[1788.780683831661,1559.4887853087857],[1788.3030030308873,1560.9871682934463],[1792.7410944331205,1569.2527963565663],[1808.751997747051,1598.1560320472345],[1816.5315488310298,1614.395548146218],[1817.6545629465254,1616.5758597832173],[1824.0887331854901,1628.1794682620093],[1828.7308735368424,1636.8566909497604],[1838.5782903898507,1656.1455652993172],[1844.341202739277,1667.8140399046242],[1850.2503111234982,1680.8826017901301],[1859.453742404061,1701.8138532759622],[1863.1793800455634,1710.7441306710243],[1869.2637411407195,1726.12378001865],[1872.58705444698,1734.9418919254094],[1877.6469455673941,1749.6522683706135],[1878.0234604388825,1750.5419752290472]]]}},{"type":"Feature","id":"way/1385686414","properties":{"landuse":"grass","osm_type":"way","osm_id":1385686414},"geometry":{"type":"Polygon","coordinates":[[[1749.0784002859145,1468.7803431889042],[1756.6890352104092,1489.2517172545195],[1761.4164546948741,1501.5283128907904],[1765.6434740239056,1511.9928641300648],[1770.47530216648,1523.5921204984188],[1774.8847543118172,1533.7239086274058],[1778.6447790813982,1541.6877746582031],[1785.0360769914696,1554.6131538683549],[1786.5584765797248,1555.061585121788],[1787.3475745573523,1555.1858980869874],[1788.1132580937701,1555.2101706154644],[1788.8397685238742,1555.1232517641038],[1792.1257489945856,1554.3989038076252],[1794.613306115265,1554.0834328429773],[1791.2967116188956,1551.5084338150918],[1790.0684570069425,1550.2942955279723],[1788.6203850423335,1548.624113528058],[1786.3233984817634,1545.5852916855365],[1784.8768151108525,1543.359682993032],[1774.073225216649,1524.3016130859032],[1769.7539098192938,1515.8807964939624],[1768.0424515734776,1512.3325545247644],[1766.457092020195,1508.8624115074053],[1765.0687611983158,1505.514992006123],[1763.3675143316505,1501.1003055879846],[1753.4915762518067,1474.6019769897684],[1749.9179894642439,1464.7945937830955],[1746.2997321286239,1453.976207908243],[1744.737132617156,1456.7380726458505],[1749.0784002859145,1468.7803431889042]]]}},{"type":"Feature","id":"way/1385686415","properties":{"natural":"grassland","osm_type":"way","osm_id":1385686415},"geometry":{"type":"Polygon","coordinates":[[[1886.7199965586187,1777.870475821197],[1894.8643310622429,1805.0308686448261],[1906.0499948744546,1843.0526319229975],[1918.906530952896,1841.1433836081997],[1915.7612385581015,1819.0842312807217],[1913.055360721366,1803.835863946937],[1906.008248327009,1773.8012763811275],[1902.3472713833326,1761.4274702044204],[1901.0332047066186,1759.857601669617],[1899.212510152196,1758.8084704810753],[1897.0824481353047,1758.3139358581975],[1894.840249356872,1758.4189653936774],[1885.3580514370115,1761.8703629598022],[1883.537752445438,1763.5983962789178],[1883.0826068441966,1765.518961718306],[1883.159777719702,1766.1745795467868],[1886.7199965586187,1777.870475821197]]]}},{"type":"Feature","id":"way/1385686416","properties":{"landuse":"grass","osm_type":"way","osm_id":1385686416},"geometry":{"type":"Polygon","coordinates":[[[1897.425483147672,1739.4523989511654],[1897.5905375964358,1739.7194521026686],[1897.8348324572435,1739.8756329761818],[1898.2766881877906,1739.9545871438459],[1898.7111000565928,1739.8668916942552],[1902.701488840743,1738.433551135473],[1909.2521920650615,1756.4694640310481],[1905.4672674239264,1757.825595364906],[1905.2063447581022,1757.9804110601544],[1904.9133056544815,1758.3350954148918],[1904.8099029375007,1758.6236404888332],[1904.8090923232376,1758.9235714701936],[1905.6547997561283,1761.4586262227967],[1906.7033484928543,1764.8829202651978],[1908.9627028954565,1773.0316580208018],[1909.6949263507267,1770.8230188740417],[1910.34034637094,1768.6030365005136],[1910.8989628680865,1766.3717108769342],[1911.3786397243384,1764.1401718808338],[1911.755604736507,1761.9416811252013],[1912.053539816232,1759.7763026235625],[1912.248702776793,1757.6661894442514],[1912.3489274532767,1755.6335800308734],[1912.3542137521436,1753.6784743778408],[1912.264471480099,1751.8341981507838],[1911.9857532361639,1749.8116728020832],[1911.4633713067742,1747.3996864156798],[1910.7365251539159,1744.6983227645978],[1909.844444317976,1741.7965570595115],[1908.8262983648456,1738.8055816208944],[1907.7212870108779,1735.8254801919684],[1906.576504157798,1732.956357830204],[1905.4232858029427,1730.287168333307],[1904.3008320847293,1727.9179953616112],[1903.2562073019217,1725.960052437149],[1902.1947431440349,1724.3908664286137],[1901.0062532326556,1723.0879446212202],[1899.7381319774431,1722.0403064992279],[1898.4062276249751,1721.2257776567712],[1897.0421165226726,1720.6444434318691],[1895.677465056011,1720.263063473627],[1894.3518036441528,1720.0595272835344],[1893.0809205162805,1720.0338774779812],[1891.9043760608183,1720.1528949560598],[1890.8458825182752,1720.405535062775],[1893.6422483706847,1728.489065039903],[1895.5503270956688,1729.3384751472622],[1896.7174172707018,1732.7186529878527],[1895.7883832145017,1734.7268064077944],[1897.425483147672,1739.4523989511654]]]}},{"type":"Feature","id":"way/1385686418","properties":{"natural":"wood","osm_type":"way","osm_id":1385686418},"geometry":{"type":"Polygon","coordinates":[[[1836.683209280949,1368.9156982423738],[1836.0040141125792,1369.0138477412984],[1835.3956002768828,1369.2121654767543],[1834.850103207049,1369.4995216336101],[1834.3833417878486,1369.864850141108],[1833.995316022716,1370.3081509834155],[1833.7097093710909,1370.8294878806919],[1833.5107328454033,1371.4288183329627],[1833.4220698836725,1372.1062060659751],[1833.4437802456087,1372.8394339783117],[1833.6311252749874,1373.6286507965997],[1834.0553047293215,1374.4185050083324],[1834.7241831057472,1375.220126459375],[1835.653459569905,1376.0668833646923],[1836.8668772424571,1376.936622492969],[1838.364376187441,1377.8515611039475],[1840.169609773904,1378.8228717064485],[1842.290472293971,1379.8505758168176],[1850.4676172601175,1383.3718168446794],[1853.2506244445103,1384.767893130891],[1855.922718719521,1386.308083933778],[1858.491614815197,1388.0590616781265],[1860.973041603167,1390.0430859029293],[1863.374803506711,1392.29350343626],[1865.7204638757976,1394.8548122411594],[1868.002038110746,1397.7603166215122],[1870.2509838883998,1401.054535869509],[1872.475135364104,1404.7597083505243],[1874.5714748538448,1409.0199683252722],[1876.437284506741,1413.8683644440025],[1878.112276239728,1419.2161346301436],[1879.5966599620297,1424.9855189025402],[1880.930237708555,1431.0544296214357],[1882.1131596150808,1437.367323952727],[1883.1773033961654,1443.8132015578449],[1884.1466223608004,1450.2921493565664],[1886.7786542548565,1469.5838369997218],[1887.8332138973055,1476.6517732189968],[1892.4054731012438,1505.368822036311],[1918.9500117555726,1498.1866245632991],[1919.0825103117386,1495.898604822345],[1919.5938168918365,1493.656044186093],[1920.4206269386923,1491.514314673841],[1921.5154845401412,1489.5066139250994],[1922.8466622486594,1487.6883994042873],[1924.342990828678,1486.1039132298902],[1925.972772626148,1484.7975042806938],[1927.688521185366,1483.8134786821902],[1929.4348255323712,1483.2072297018021],[1944.1602719439543,1479.4146199105307],[1950.4089193638647,1477.876339466311],[1956.980997577717,1476.4278108282015],[1960.5510238840943,1475.7820793744177],[1964.507573261566,1475.248484362848],[1968.7243358586566,1474.826683905907],[1973.0828659780673,1474.5274657970294],[1977.4567933409126,1474.3727046474814],[1981.7277022579801,1474.3620790559798],[1985.7770865656785,1474.5285929655656],[1989.4628776421887,1474.860751511529],[1992.6823882486206,1475.380492423661],[1995.3092481364147,1476.1096889656037],[1997.6274428123725,1477.126872397028],[1999.999931317172,1478.499680426903],[2002.3952867560438,1480.1724845543504],[2004.7740974063636,1482.1229604231194],[2007.12072526681,1484.29552234523],[2009.3879248630255,1486.6456073140725],[2011.5599980209372,1489.1398466629907],[2013.5975938483025,1491.733698756434],[2015.4771200441755,1494.3937734048814],[2017.1671807064558,1497.0533332787454],[2018.7541302012396,1499.890351251699],[2020.3403227676172,1503.0050833933055],[2023.4245962607092,1509.700871755369],[2030.64101140626,1526.7500458760187],[2031.6470056232065,1528.3968620942906],[2033.0639258693554,1529.8892763424665],[2034.8128895574482,1531.2048568483442],[2036.8387878565118,1532.2879106458277],[2039.0706630229251,1533.1049188533798],[2041.4612403083593,1533.6224270127714],[2043.931698193308,1533.795786040835],[2046.426867857168,1533.5915198130533],[2048.883716523589,1532.9650220628828],[2051.239150905516,1531.8939035283402],[2057.977229958633,1527.457708550617],[2064.9997555447626,1522.9334273850545],[2072.0852030262467,1518.4981946498156],[2078.988424085721,1514.3068622443825],[2085.487952064257,1510.5143456971273],[2091.3543946003774,1507.2866466781124],[2096.2811150383786,1504.1674716407433],[2094.662866329134,1501.2414796752855],[2093.3477305198903,1500.0603716224432],[2089.6654785408173,1498.4395614052191],[2087.258739197685,1498.0552948005497],[2081.2661838772474,1498.316648216918],[2069.472190046974,1501.1282716551796],[2065.5717561954516,1501.3509131632745],[2061.846936536196,1500.8630834231153],[2058.266001118871,1499.7202387945727],[2054.7657639912213,1497.9333154391497],[2047.8568434324698,1492.6267772689462],[2033.0907667920692,1476.5345862517133],[2025.1129478359362,1469.4699992062524],[2017.1138838892803,1464.4049182264134],[2013.1953350271215,1462.5724455490708],[2005.6940655134385,1460.2414560718462],[1998.882968579419,1459.5786453913897],[1992.424522543617,1459.8721420997754],[1972.4682877188898,1462.4507158948109],[1962.3260075375438,1464.6004998954013],[1951.1154358998756,1467.6916387993842],[1925.1411618185812,1477.0414295261726],[1920.6402970399358,1477.4291642745957],[1916.8060734489118,1476.5189950959757],[1913.6540374241886,1474.3998318938538],[1911.168158868968,1471.1604993930086],[1909.182235338958,1466.9560684021562],[1906.5755375301815,1458.7619618093595],[1903.2541959377704,1443.3342068064958],[1891.495959634427,1380.2720793550834],[1889.3874319301103,1374.6787456199527],[1886.607726764225,1372.0607133563608],[1884.6129405988613,1371.1222038986161],[1879.0897074856912,1370.0297610219568],[1839.8882821691805,1368.9576520444825],[1837.4174565779394,1368.8954574037343],[1836.683209280949,1368.9156982423738]]]}},{"type":"Feature","id":"way/1385686422","properties":{"highway":"service","leisure":"slipway","service":"slipway","osm_type":"way","osm_id":1385686422},"geometry":{"type":"LineString","coordinates":[[2022.1925986573333,1408.3201450845227],[2020.980178995058,1407.0948971724138],[2019.9729237619322,1405.9035335015506],[2018.4713699356653,1403.5888537084684],[2017.5696723554283,1401.3202403662726],[2017.1337468378479,1399.0528939953074],[2017.0216145344893,1396.7419938100502],[2017.1509688580409,1392.7210213253275],[2018.2238937275833,1372.6728615993634]]}},{"type":"Feature","id":"way/1385686427","properties":{"highway":"service","leisure":"slipway","service":"slipway","osm_type":"way","osm_id":1385686427},"geometry":{"type":"LineString","coordinates":[[1954.601569806924,1396.0504174949601],[1985.751763978391,1361.7314868737012]]}},{"type":"Feature","id":"way/1426164337","properties":{"natural":"wetland","wetland":"marsh","osm_type":"way","osm_id":1426164337},"geometry":{"type":"Polygon","coordinates":[[[2051.239150905516,1531.8939035283402],[2048.883716523589,1532.9650220628828],[2046.426867857168,1533.5915198130533],[2043.931698193308,1533.795786040835],[2041.4612403083593,1533.6224270127714],[2039.0706630229251,1533.1049188533798],[2036.8387878565118,1532.2879106458277],[2034.8128895574482,1531.2048568483442],[2033.0639258693554,1529.8892763424665],[2031.6470056232065,1528.3968620942906],[2030.64101140626,1526.7500458760187],[2023.4245962607092,1509.700871755369],[2020.3403227676172,1503.0050833933055],[2018.7541302012396,1499.890351251699],[2017.1671807064558,1497.0533332787454],[2015.4771200441755,1494.3937734048814],[2013.5975938483025,1491.733698756434],[2011.5599980209372,1489.1398466629907],[2009.3879248630255,1486.6456073140725],[2007.12072526681,1484.29552234523],[2004.7740974063636,1482.1229604231194],[2002.3952867560438,1480.1724845543504],[1999.999931317172,1478.499680426903],[1997.6274428123725,1477.126872397028],[1995.3092481364147,1476.1096889656037],[1992.6823882486206,1475.380492423661],[1989.4628776421887,1474.860751511529],[1985.7770865656785,1474.5285929655656],[1981.7277022579801,1474.3620790559798],[1977.4567933409126,1474.3727046474814],[1973.0828659780673,1474.5274657970294],[1968.7243358586566,1474.826683905907],[1964.507573261566,1475.248484362848],[1960.5510238840943,1475.7820793744177],[1956.980997577717,1476.4278108282015],[1950.4089193638647,1477.876339466311],[1944.1602719439543,1479.4146199105307],[1929.4348255323712,1483.2072297018021],[1927.688521185366,1483.8134786821902],[1925.972772626148,1484.7975042806938],[1924.342990828678,1486.1039132298902],[1922.8466622486594,1487.6883994042873],[1921.5154845401412,1489.5066139250994],[1920.4206269386923,1491.514314673841],[1919.5938168918365,1493.656044186093],[1919.0825103117386,1495.898604822345],[1918.9500117555726,1498.1866245632991],[1919.2279882652801,1500.486863146536],[1919.8142338287435,1502.6435233354568],[1920.590603768418,1504.556307958439],[1921.557098007761,1506.2252170816064],[1922.7058522427105,1507.6391208805144],[1924.060549441434,1508.798083527945],[1925.6133253994049,1509.690975241363],[1927.3720745421015,1510.3178175240755],[1929.3368270925712,1510.6675019962713],[1931.5154475213494,1510.7511587636545],[1933.9158905502409,1510.5465923110023],[1949.4733796019573,1508.4891938837245],[1959.2023710343638,1507.3380462666973],[1968.2674898583791,1506.4628285132349],[1972.0969584215782,1506.2066093804315],[1975.215456151811,1506.1262014321983],[1978.009382401593,1506.3781731138006],[1980.9283511599642,1507.0970479799435],[1983.8936296678148,1508.2048520352691],[1986.8264250123757,1509.6458282424137],[1989.6400501368335,1511.3641979834065],[1992.2636671682121,1513.282008273527],[1994.6105895094806,1515.3434802349657],[1996.6098892246955,1517.5039863362908],[1998.1670763827278,1519.6744004581124],[1999.203329149168,1521.810073569417],[2000.02552958444,1524.278424186632],[2000.9485439836862,1527.4135668557137],[2002.9724855417153,1535.0284807793796],[2005.0023236614652,1543.3765812786296],[2006.7730045672506,1551.2240895591676],[2008.0038395953015,1557.2816408062354],[2008.2260082305875,1559.770578703843],[2007.524350173131,1565.2341189002618],[2005.5828142862883,1570.872026950121],[2002.7818065763568,1576.141014768742],[1999.4938365021953,1580.4977726200595],[1995.9324098907528,1583.809577663429],[1991.7445375274983,1588.152786119841],[1987.3959209322347,1593.5508810440078],[1983.4718797957757,1599.5833236910403],[1980.5735188583494,1605.8296167943627],[1979.1041325285914,1612.0353549839929],[1978.1937285204185,1618.798042325303],[1977.7005418014596,1625.99509888608],[1977.6567506653373,1633.4044392304495],[1978.1183362004813,1640.7596080675721],[1979.4115387707134,1652.9270730558783],[1979.9352127055754,1663.5816754037514],[1979.959414792189,1675.0236353389919],[1979.3535360171809,1685.930670757778],[1977.9869074379676,1695.0027167787775],[1975.8330152784474,1703.2839136086404],[1972.0230877136928,1716.7483509723097],[1970.8428023352171,1721.1552773024887],[1968.9654304628493,1729.3594664279372],[1968.1339931929251,1736.1223705196753],[1968.2715645463904,1743.6099645672366],[1968.9073917879723,1753.6650053355843],[1969.9181812802562,1765.1762949535623],[1971.2043825205183,1777.0104826344177],[1972.6506284042844,1788.0452831871808],[1973.465630221588,1793.1574677107856],[1974.3991908330354,1798.2144309151918],[1975.4591737931478,1803.227302829735],[1976.6377753222478,1808.162736427039],[1977.9271012495155,1813.020710343495],[1979.3429995484767,1817.779050390236],[1980.8617279040045,1822.4599094698206],[1982.4913007038413,1827.0188748650253],[1984.2317178079975,1831.4559466568753],[1986.0750851718476,1835.7711035003886],[1988.3624698906206,1839.3654052671045],[1991.3164704047958,1841.6618078527972],[1994.7239825286088,1842.6486245663837],[1998.3639787700376,1842.3252555001527],[2002.0469774063095,1840.7022946840152],[2005.5520115586696,1837.7569242129102],[2008.6737808809266,1833.5108028799295],[2011.1992109502316,1827.9411334460601],[2012.9309232155792,1821.058487080969],[2013.6558099049726,1812.8511749636382],[2013.995677209401,1803.987406220287],[2014.6748347657267,1795.1801036130637],[2015.677314715751,1786.4958756323904],[2016.9555428819149,1778.012353467755],[2018.4855965018505,1769.818341292441],[2020.2278552019852,1761.969274659641],[2022.1583956378745,1754.5539577323943],[2024.2296423369553,1747.6500216489658],[2026.4177317791618,1741.3240534095094],[2028.6908759183134,1735.6537270471454],[2031.1609820276499,1730.1283499952406],[2033.9478525577579,1724.2372513888404],[2036.996048923058,1718.0469324896112],[2040.2579355855705,1711.6572416527197],[2043.7016950763064,1705.1569616151974],[2047.264024111384,1698.6014633588493],[2050.91304402455,1692.1017465628684],[2054.6011784150032,1685.735442129895],[2058.272986695578,1679.5690507795662],[2061.8887252554414,1673.7024418218061],[2065.8582211240428,1668.3811230277643],[2070.5441493813414,1663.7727141184732],[2075.8201432866044,1659.8990890290588],[2081.5677294326015,1656.782143025659],[2087.668524748762,1654.4104454191402],[2093.9882057256764,1652.828064776957],[2100.41628258524,1652.0235911300406],[2106.8263860237785,1652.018896581605],[2113.1000711533707,1652.8247657679021],[2119.110999032622,1654.4519612723961],[2125.208181712602,1656.2904626037925],[2131.7959834169596,1657.6970762442797],[2138.8350866383407,1658.6161528211087],[2146.286174336972,1658.9920428888872],[2154.086247551255,1658.769031980075],[2162.211808917171,1657.880405089818],[2170.6156182207633,1656.2815992655233],[2179.2504661198473,1653.9169427994639],[2188.0770683267037,1650.7196768894792],[2197.0560799353407,1646.645259641111],[2205.649633406487,1642.0810150820762],[2213.4380865593557,1637.48124143295],[2220.5317726715584,1632.9128912091255],[2227.049041541526,1628.3985051801428],[2233.08443835011,1624.0049937730655],[2244.1906967210234,1615.7485446669161],[2249.474393090757,1611.9972783094272],[2254.725691913569,1608.5458601638675],[2260.0549580072984,1605.450137716718],[2265.9212802466354,1602.2670322572812],[2279.6944826017716,1594.5178915578872],[2294.6465053366846,1585.8500209394842],[2308.9193572677323,1577.291393131949],[2320.631192021072,1569.925441890955],[2328.737154285074,1564.7601462015882],[2336.63878854434,1562.115955291316],[2344.558201741369,1561.6046816231683],[2351.959623940871,1562.8471463117748],[2358.3231380211073,1565.4419947750866],[2366.0715652022045,1569.6514442702755],[2371.5008625395712,1570.3663543127477],[2376.7526002246304,1569.636653185822],[2381.367928342079,1567.8165426384658],[2384.8800389525713,1565.2824184149504],[2387.400037744839,1561.823523234576],[2389.3070029089577,1557.385365872644],[2390.5597960954765,1552.5676979068667],[2391.093595221406,1547.9702052678913],[2390.8672606852488,1544.1926398715004],[2389.73931144987,1541.0124359894544],[2387.7426196653396,1537.9631226696074],[2385.0581048830063,1535.278484585695],[2381.882506977825,1533.1812416650355],[2378.412505089713,1531.9163306877017],[2373.9377375774784,1531.4373457906768],[2368.0323149044416,1531.5986950295046],[2361.288125812949,1532.4686758788303],[2354.3127866310533,1534.1378447376192],[2347.698155951046,1536.6856031781062],[2331.2397398669855,1544.7715298086405],[2317.8005091251107,1551.5883586518466],[2313.70031222963,1552.687878540717],[2309.438976307749,1552.1095513151959],[2305.5920730548096,1550.1104674078524],[2302.7588278815383,1546.9588899584487],[2301.5148780496093,1542.889690257609],[2302.142700473254,1538.5257319025695],[2304.4117061933503,1534.4662442142144],[2308.1949749596533,1530.9330506427214],[2313.3654621534515,1528.192409677431],[2316.423320226895,1527.2010919488966],[2323.745821469405,1525.5994945727289],[2328.533917878056,1524.1130832796916],[2333.9549758143257,1522.1174312271178],[2339.795666278864,1519.6786008263007],[2345.8741447950015,1516.8960669999942],[2351.9770198510378,1513.858107926324],[2357.914643778815,1510.6308495635167],[2363.4973066308885,1507.3026342755184],[2368.5195398962824,1503.9506514444947],[2372.7837070421083,1500.6743289409205],[2376.44852602476,1497.1741726947948],[2379.83840432961,1493.1844751611352],[2382.9452010712703,1488.7940823892131],[2385.7922598980367,1484.1252538058907],[2388.4030168019235,1479.2669232627377],[2390.7850572056486,1474.330197909847],[2392.945997238392,1469.4150763722137],[2394.9171669004136,1464.6105145839974],[2398.312579412188,1455.799694458954],[2399.7065712846234,1451.3156804265454],[2400.8815909709665,1446.0867794454098],[2401.9398332318524,1440.2687964048237],[2404.0673989812494,1427.4886723887175],[2405.341051348718,1420.860358612612],[2406.875099099416,1414.277203769423],[2408.7717073720414,1407.9061216851696],[2411.133072364668,1401.9029177986085],[2414.045570488728,1396.4344624113292],[2418.1676883707987,1390.3361818287522],[2419.6585247086477,1387.9408651813865],[2420.8325631704647,1385.9112521968782],[2421.737324666814,1384.1919317804277],[2422.428224753472,1382.7275148760527],[2423.3347494560876,1380.375007440336],[2423.9401714901906,1378.421572885476],[2424.187621278339,1377.444701815024],[2424.324672074057,1376.4230889333412],[2424.343336582533,1375.3900378989056],[2424.2277330220095,1374.3788304086775],[2423.9383888997254,1373.38935660664],[2423.4751804650296,1372.4660507086664],[2422.814362360281,1371.6310639306903],[2421.92432566511,1370.8954170020297],[2420.797083111538,1370.2924136882648],[2419.4088585022837,1369.85531385988],[2417.0338223858853,1369.4154686685652],[2407.8246588542825,1368.0568167194724],[2386.059517012327,1365.1636266298592],[2343.0335927099804,1359.6787991290912],[2329.3804094606894,1358.0857758410275],[2318.7336740019964,1356.9898794582114],[2310.604207390803,1356.2897643502802],[2302.032308873255,1355.710631487891],[2299.9646542226546,1355.4494176059961],[2298.3002947221394,1354.9449290633202],[2297.0075294458657,1354.2415124708787],[2296.05462686572,1353.3946230811998],[2295.3862947798334,1352.4152165856212],[2294.978665565315,1351.3698787409812],[2294.7921746838256,1350.2918260702863],[2294.7872575836373,1349.2142751244828],[2294.932182814402,1348.1926813907921],[2295.1795219482738,1347.2491310788319],[2295.5452482360997,1346.317016551271],[2296.0768516368116,1345.3520345259458],[2292.359576306946,1344.9640698432922],[2284.724378810264,1345.3762165075168],[2276.532872354146,1344.2649540212005],[2268.4157852262724,1341.9319578101858],[2260.995861494681,1338.7122040297836],[2253.4951170040877,1336.1698626466095],[2244.953448781045,1336.06856084615],[2235.7480601393618,1339.0425335383043],[2226.2719483900582,1345.7260572733358],[2221.553212253959,1350.6564119020477],[2216.910250191111,1356.7422761777416],[2212.3668396180146,1363.9503894597292],[2207.9630353338434,1372.0697976900265],[2203.715146740724,1380.9116986952722],[2199.6553020093706,1390.2762251086533],[2195.8234314039,1399.9968568282202],[2192.243736632867,1409.8848131932318],[2188.948313216679,1419.751335198991],[2185.9692255837144,1429.4187723407522],[2183.3385986927315,1438.6872569965199],[2181.0805712157744,1447.390225501731],[2178.728914995794,1455.6930270623416],[2175.809205304773,1463.872075425461],[2172.3689627562417,1471.87195858825],[2168.447752224398,1479.6594600202516],[2164.085199153633,1487.1791461091489],[2159.3367172215367,1494.3756265277043],[2154.2340061429422,1501.2045544851571],[2148.8245538772317,1507.6216264199466],[2143.155878357298,1513.571430111304],[2137.267541874491,1519.0207486841828],[2131.190603799594,1524.1585145499557],[2124.94810814003,1529.2180726239458],[2118.532130387146,1534.2105103405192],[2111.9584593094187,1539.135871399194],[2105.227095068025,1543.9941562805325],[2098.3380378122674,1548.785365481861],[2091.307045866328,1553.520651188679],[2084.1341496981913,1558.1889053173363],[2076.8193190735183,1562.8012368883938],[2069.378312299319,1567.3687980175018],[2062.223356714938,1571.2595211528242],[2050.0147669199505,1575.6252581169829],[2040.5078082466498,1576.443613210693],[2033.5965723378467,1574.9140186132863],[2026.9255126282806,1569.2526733307168],[2025.278988747974,1559.30596519541],[2026.4395274030976,1553.4770908178762],[2029.438314182742,1548.0642394749448],[2031.7497913355473,1545.7377185616642],[2035.0407651743153,1543.19169272203],[2039.5415327347,1539.926902167499],[2045.014814905997,1536.1093325046822],[2051.239150905516,1531.8939035283402]]]}},{"type":"Feature","id":"way/1426171262","properties":{"leisure":"park","name":"Steamboat Park","osm_type":"way","osm_id":1426171262},"geometry":{"type":"Polygon","coordinates":[[[2019.5532130802167,738.7961317189038],[2015.6071272103,732.4090533750132],[2014.2827626170474,728.7507168026641],[2011.9031497195829,718.2799284271896],[2009.068725989142,709.5630666669458],[2004.407834131387,698.9083433821797],[2000.2366671096534,691.0765431504697],[1990.4256778021809,675.4422894120216],[1972.710202725546,651.4884697711095],[1965.6902638741885,640.1719697369263],[1961.7622325185803,632.9073943914846],[1958.6934667453752,626.1339293681085],[1956.3360943446169,619.0624609319493],[1953.917770471715,608.2583332564682],[1952.6107091023587,598.1903858566657],[1952.2882877967786,588.9693611115217],[1953.438564237149,575.308879985474],[1955.6419941951171,563.4397399500012],[1958.8155325417174,554.8724885974079],[1963.8635356767336,545.1216981839389],[1969.5638696051901,536.4835422402248],[1989.0799093740643,513.886028076522],[1997.965390706784,501.17968353349715],[2003.6196855206508,489.1755227316171],[2008.224522086617,476.93523390963674],[2011.429347985366,465.61315784975886],[2012.4731698431424,459.2174334572628],[2012.61677434569,447.0538914119825],[2011.7809261836228,440.84190414100885],[2010.1549084127764,434.84994160570204],[1999.4983379236655,413.53688272088766],[1989.5006272300961,390.90370632801205],[1971.516899381415,343.28783337119967],[1957.6150837848545,310.23535554204136],[1955.9232265155879,305.1985705969855],[1955.2310340318945,301.3086813855916],[1955.2167260738206,294.932300016284],[1955.9786867175135,290.55757181346416],[1957.4194784992142,286.2624433422461],[1959.633611848636,282.13604006078094],[1962.787833976152,277.8344477908686],[1968.9802070062142,271.2749375272542],[1982.8769263614086,259.65970002952963],[1984.725946162769,256.2432657601312],[1985.0262328349054,253.24475591722876],[1983.8345624931972,250.10889384895563],[1982.0537133945036,248.77102814707905],[1968.6188840921968,244.36890387535095],[1963.3120359742898,241.74399406742305],[1957.6368161871214,238.1072070384398],[1946.6621267592418,229.11283123213798],[1942.0953194030444,224.368198774755],[1938.3029053324135,219.40349337551743],[1935.2136423722259,214.2851725257933],[1931.720759393007,206.58856391347945],[1930.0445254367078,201.5962635912001],[1929.3939488644246,196.906670704484],[1930.7773459881428,190.47852873336524],[1937.6026703921962,177.63322873972356],[1938.1558496621437,174.5465327501297],[1937.6135648039053,170.69037793762982],[1935.5779488428961,167.19676596391946],[1929.8201788282604,161.93792425096035],[1925.7115726689226,160.005021690391],[1917.9770569904358,158.673292032443],[1794.933605886239,158.48625327367336],[1727.651750041463,158.3837706334889],[1719.5335523785907,167.64886516705155],[1718.5590235134587,168.89042480196804],[1717.5918863738189,170.3208506461233],[1716.6401557308855,171.89572968427092],[1715.6723368309322,173.58165194373578],[1714.6885187689913,175.34529185201973],[1713.6651621077908,177.131043497473],[1712.5865343300393,178.91664766147733],[1711.4527838465292,180.64656173437834],[1710.2403118303046,182.28739689290524],[1708.9334154011449,183.8057854231447],[1707.6899244945962,185.23547469824553],[1706.9767084068153,186.20001880079508],[1706.6596839941922,186.64351646509022],[1705.819035578228,188.0187388435006],[1705.4697156642214,188.72875688690692],[1705.1600831708056,189.36112067382783],[1704.6670644271653,190.65951120853424],[1704.3084251423134,191.9027175474912],[1704.092120487243,193.06854369770736],[1703.9786410345114,194.16799276135862],[1703.9680163908633,195.1899562049657],[1704.0445139561198,196.1121748071164],[1704.609408630291,200.42382251936942],[1705.1235455173883,206.00171595998108],[1705.404274548695,210.27927922364324],[1705.8128615319729,219.9004239430651],[1706.2220961837447,244.06273766979575],[1706.4083297434263,260.07073865365237],[1708.3744569356204,260.05377217475325],[1710.1984587533516,260.03642667550594],[1775.2621795187588,259.51070215087384],[1776.4159483124386,400.4931614175439],[1751.5043574594893,400.6930164154619],[1712.51435321779,401.0108626075089],[1708.8822508364683,401.03448624908924],[1708.9624930961872,436.02682406362146],[1708.9707215000526,441.81443236768246],[1708.9822729902808,446.3578851558268],[1710.6561455685296,446.36235629115254],[1712.487960329745,446.3561412030831],[1730.9560063420213,446.3388544479385],[1741.97809138702,446.44610201660544],[1746.8335144116427,446.60350964963436],[1751.3017838948872,446.859861811623],[1755.3197049212176,447.2260970501229],[1758.847769483691,447.7132173003629],[1761.8622906188248,448.321158291772],[1764.5763905622298,449.07270761486143],[1767.4635683256201,450.0580028053373],[1770.531957353116,451.1881970120594],[1773.544807930477,452.4182212976739],[1776.5178813944804,453.7592264637351],[1779.474804871017,455.23349304683506],[1782.4233248090022,456.8965848647058],[1785.3871277815779,458.7485654614866],[1788.373960078694,460.8449987070635],[1791.399552916817,463.2081440826878],[1794.4165620795102,465.8267659479752],[1797.1491184653132,468.52238584309816],[1799.4868927970529,471.2169468700886],[1801.5402448667446,473.977396633476],[1803.3485335783917,476.84827501606196],[1804.9669984178036,479.8408387992531],[1806.4034456186346,482.9884346453473],[1807.7052189589012,486.30229823477566],[1808.8801245791838,489.81577629595995],[1809.951879128057,493.5178238702938],[1810.944139527448,497.41961308941245],[1811.8650998777593,501.41007980611175],[1813.3997176090488,509.1569070145488],[1814.0136142481933,512.8243991658092],[1814.9349722724874,519.6031294669956],[1815.4405822635163,525.3698587445542],[1815.5555354275275,529.6025494616479],[1815.4726391659933,531.0686636567116],[1815.2551906929002,532.656610972248],[1814.8791154468781,534.5107387006283],[1814.336547953717,536.6199171161279],[1813.6514436529833,538.8842331198975],[1811.7418645197758,544.3334309319034],[1810.8436729256064,546.5638488251716],[1810.2237048159586,548.0951717225835],[1768.2666585708503,548.115878672339],[1768.2874540275661,581.5972962817177],[1768.2976974679623,613.1235712114722],[1712.6345107980887,613.1523512834683],[1710.8027733826893,613.1474576694891],[1709.0341696545365,613.1538418317214],[1709.0276713602361,615.5866109589115],[1709.1542972050374,618.4307544138283],[1710.012232650246,628.2974956193939],[1710.2395987414056,631.8528595864773],[1710.2492171631893,634.1634770818055],[1710.3008107206551,644.4057575045153],[1711.8483351495815,644.398783095181],[1713.6800933156046,644.3925684969872],[1760.9029052726692,644.318962123245],[1760.979102034471,692.4972317628562],[1761.0716366015258,746.3631606865674],[1777.6834338666522,746.3410398699343],[1795.2900635714177,746.3105242652819],[1798.3613480313797,746.3076619263738],[1804.78817604715,746.2915966231376],[1810.66230634338,746.2851611906663],[2005.029957539402,745.9883601777256],[2026.1973839510465,745.9570475863293],[2019.5532130802167,738.7961317189038]]]}},{"type":"Feature","id":"way/1426171266","properties":{"leisure":"marina","name":"Windmill Marina","seamark:harbour:category":"marina","seamark:type":"harbour","osm_type":"way","osm_id":1426171266},"geometry":{"type":"Polygon","coordinates":[[[2124.296988693881,979.5724242292345],[2082.577628842264,746.0329319238663],[2026.1973839510465,745.9570475863293],[2030.460041877057,749.1568204164505],[2040.9398872003076,756.839187967591],[2041.9797300750506,757.697383325547],[2043.6244506512885,759.6791967973113],[2045.115287847293,763.0824949042872],[2045.4877841502894,765.4607541412115],[2045.2574590274016,768.8593644862995],[2044.641690132732,771.7348198881373],[2043.1649795321864,774.7412340333685],[2041.3050043694675,776.4246790455654],[2039.0685701657785,777.185084104538],[2036.2897555236705,777.0664323857054],[2034.846321427205,776.5515064923093],[2032.5318087402848,774.0902015035972],[2030.1909432852408,769.7070344220847],[2028.449422924372,768.4803471164778],[2026.7217882047407,767.953541113995],[2008.7153042831342,766.9714493779466],[1979.4723619380966,766.5254481118172],[1940.7308202203712,766.2871374413371],[1923.6400766654406,765.3410900663584],[1914.8767583148438,765.1729812948033],[1863.6281403354951,765.2790304040536],[1835.8838133319514,765.3820462543517],[1833.347231793392,766.1972583597526],[1832.4770825734013,766.8169997297227],[1831.336104813905,768.3247020216659],[1830.755389874801,769.9449979308993],[1830.23365324497,773.1206590784714],[1830.0809362932923,779.9964828221127],[1831.9353004461154,800.9189999653026],[1833.6714255975094,815.8980891704559],[1834.3444020315073,818.1327324127778],[1835.5315203164355,820.0132834995165],[1837.2882556263357,821.4621316837147],[1839.6622181130224,822.3905366323888],[1842.7088536677766,822.7319965865463],[1872.512072148209,823.189994734712],[1930.8015397426789,823.5363035248592],[2000.0741992436815,823.5352785196155],[2030.1707369249198,823.5504619944841],[2031.8372207373613,823.3328250283375],[2033.5372507207212,822.3932194551453],[2034.4966476892587,820.8961671646684],[2035.978845429956,812.9686468597502],[2036.4311990244896,812.1145145455375],[2037.657643004146,811.1291863052174],[2039.545860715618,810.6677653705701],[2042.7577156305779,811.2208341164514],[2044.9804339582915,812.593248181045],[2046.16129100736,813.8517387798056],[2047.9653787971474,818.1890153475106],[2049.0195144213503,822.4909234046936],[2049.63687266974,827.7247658353299],[2049.875401547004,841.6000835197046],[2049.9228378749103,858.9629880497232],[2049.563316334621,863.4165657898411],[2048.7254622159526,866.6691092634574],[2047.5823931545601,868.9321540519595],[2046.291375587578,870.439409754239],[2044.3536258848035,871.70051450748],[2041.7875965718995,871.7379604326561],[2038.9723116719979,870.5305630657822],[2037.3340012991684,869.1041988274083],[2035.3204446266172,866.3104530237615],[2033.5724776952993,864.5616412293166],[2031.255184873531,863.1334304157645],[2028.178509055986,862.2363678310066],[2024.1919297593995,862.0588916298002],[1989.1145030942862,864.6629530740902],[1920.4439937638817,866.965206974186],[1870.7824770151637,867.3087677909061],[1847.0642883546534,867.7225237768143],[1843.1691894394462,868.7562460983172],[1841.4767660414218,869.8181173186749],[1840.0910561263445,871.325159384869],[1839.2574955770979,873.0225344803184],[1838.8895369525999,874.7989232391119],[1839.1513037857949,880.2095257267356],[1842.6413200658862,906.4685902986676],[1843.4425485501997,907.9815198387951],[1845.216064904409,909.0527226207778],[1848.609652449959,909.5395319461823],[1915.0617649793276,907.008340398781],[1979.1803112077178,903.2495565935969],[1986.143063540454,903.5239524496719],[1991.1604324574,904.9705869583413],[1993.8555051957956,906.8330456344411],[2003.3845456342679,918.5896370140836],[2017.0521988020046,935.5563318841159],[2017.9480019535404,937.113975240849],[2020.644279383705,944.3308048378676],[2022.415709253226,949.0567881856114],[2023.5168699871865,950.5816651480272],[2025.5338808089728,952.0979254860431],[2030.8637074780418,954.7562815127894],[2032.6360610168194,956.238552373834],[2034.2261937868316,957.953608777374],[2036.9314869926893,961.8489917907864],[2038.5224641308305,963.2530101360753],[2040.80048602866,964.5922480784357],[2044.9964742772863,966.1255574468523],[2051.909697282361,967.1663852836937],[2059.988801495405,969.1546319341287],[2068.208283369255,971.7764632357284],[2072.3801512261853,973.465245557949],[2075.5961186776985,975.3735946957022],[2078.392013594159,977.8806647248566],[2079.5013542043744,979.2944875610992],[2124.296988693881,979.5724242292345]]]}},{"type":"Feature","id":"way/1426171268","properties":{"natural":"wood","osm_type":"way","osm_id":1426171268},"geometry":{"type":"Polygon","coordinates":[[[2016.9830188396154,960.9948900509626],[2006.5083716033841,963.1325943144038],[1999.0290399227524,964.1342641767114],[1991.890401724202,964.6925230147317],[1982.5031708554598,964.7003639331087],[1966.2916554959957,962.8901134375483],[1875.2909304002533,966.7097586020827],[1873.4803423045087,967.6824337141588],[1872.4564068804611,969.7125499267131],[1873.1492193603772,982.1449664374813],[1894.4692324405187,983.7910364661366],[1947.3982437681407,983.500948201865],[1981.1932739305776,981.9040657877922],[1983.4419524029945,982.4211656041443],[1985.7432717268239,983.9048593267798],[1988.498509506404,989.7665838571265],[1991.2219897756586,992.7844158243388],[1993.8621227403637,994.5134222907946],[1997.150937642029,995.7665211167186],[1998.0584458164521,993.0140477456152],[1998.7959658810287,991.8052113577724],[2000.9720583878225,989.9782006200403],[2004.1796446656808,989.1648783776909],[2008.2625153571717,988.7427386594936],[2030.0937979354057,988.16892522946],[2037.9885753991548,988.2570680007339],[2049.0155630192603,989.1202485458925],[2066.9845654809615,992.0352556621656],[2069.352779066947,992.1416926085949],[2073.491129220871,991.6419853987172],[2076.755019421398,990.4511598302051],[2079.8169466927648,988.0489446613938],[2080.936836835579,985.5969953741878],[2081.1307428072323,983.9756655255333],[2080.3657077486278,980.796510912478],[2079.5013542043744,979.2944875610992],[2078.392013594159,977.8806647248566],[2075.5961186776985,975.3735946957022],[2072.3801512261853,973.465245557949],[2068.208283369255,971.7764632357284],[2059.988801495405,969.1546319341287],[2051.909697282361,967.1663852836937],[2044.9964742772863,966.1255574468523],[2040.80048602866,964.5922480784357],[2038.5224641308305,963.2530101360753],[2036.9314869926893,961.8489917907864],[2034.2261937868316,957.953608777374],[2032.6360610168194,956.238552373834],[2016.9830188396154,960.9948900509626]]]}}]}