{"type":"FeatureCollection","features":[{"type":"Feature","properties":{"OBJECTID":1275,"ADD_ID_LOC":null,"ANUMBERPRE":null,"ANUMBER":15882,"ANUMBERSUF":null,"ST_PRE_MOD":null,"ST_PRE_DIR":null,"ST_PRE_TYP":null,"ST_CONCAT":"35th Street South","ST_NAME":"35th","ST_POS_TYP":"Street","ST_POS_DIR":"South","ST_POS_MOD":null,"SUB_TYPE1":null,"SUB_ID1":null,"SUB_TYPE2":null,"SUB_ID2":null,"CO_CODE":"163","CO_NAME":"Washington","STATE_CODE":"MN","ZIP":"55001","ZIP4":null,"LOC_NAME":null,"LOC_DESC":null,"LANDMARK":null,"RESIDENCE":"Yes","MAILABLE":null,"STATUS":null,"PIN":"2202820410019","LONGITUDE":null,"LATITUDE":null,"SOURCE":null,"AAUTHORITY":null,"EDIT_ORG":null,"UPDATEDATE":null,"COMMENTS":null,"EX_KEY":"5BAF24C5-C1D0-4F42-BF91-164E5B61F3B1","RT_ST_EX_KEY":null,"created_user":null,"created_date":null,"last_edited_user":"DDMATZE","last_edited_date":1557844072000,"ESN":"3","PS_MUNICODE":"A","SERV_AREA":null,"PS_STNAME":"35TH ST S","CTU_NAME":"Afton","CTU_ID_TXT":"02393887","POSTCOMM":null,"PLACE_LOC":"3","CEN_GEO":null,"UNI_WO_SUB":null,"USNG_CODE":null,"GIS911POC":null,"PSAP_CODE":"WASH","MSAG_C":"Afton","VERROR_911":null},"geometry":{"type":"Point","coordinates":[1618.1501610685955,527.160168742761]}},{"type":"Feature","properties":{"OBJECTID":1502,"ADD_ID_LOC":null,"ANUMBERPRE":null,"ANUMBER":15702,"ANUMBERSUF":null,"ST_PRE_MOD":null,"ST_PRE_DIR":null,"ST_PRE_TYP":null,"ST_CONCAT":"Afton Boulevard South","ST_NAME":"Afton","ST_POS_TYP":"Boulevard","ST_POS_DIR":"South","ST_POS_MOD":null,"SUB_TYPE1":null,"SUB_ID1":null,"SUB_TYPE2":null,"SUB_ID2":null,"CO_CODE":"163","CO_NAME":"Washington","STATE_CODE":"MN","ZIP":"55001","ZIP4":null,"LOC_NAME":null,"LOC_DESC":null,"LANDMARK":null,"RESIDENCE":null,"MAILABLE":null,"STATUS":null,"PIN":"2202820120023","LONGITUDE":null,"LATITUDE":null,"SOURCE":null,"AAUTHORITY":null,"EDIT_ORG":null,"UPDATEDATE":null,"COMMENTS":null,"EX_KEY":"6F798CFF-9BB7-4495-894E-3ED899C64F53","RT_ST_EX_KEY":null,"created_user":null,"created_date":null,"last_edited_user":"DDMATZE","last_edited_date":1557844073000,"ESN":"3","PS_MUNICODE":"A","SERV_AREA":null,"PS_STNAME":"AFTON BLVD S","CTU_NAME":"Afton","CTU_ID_TXT":"02393887","POSTCOMM":null,"PLACE_LOC":"1","CEN_GEO":null,"UNI_WO_SUB":null,"USNG_CODE":null,"GIS911POC":null,"PSAP_CODE":"WASH","MSAG_C":"Afton","VERROR_911":null},"geometry":{"type":"Point","coordinates":[1322.9602098601172,1147.8311864966527]}},{"type":"Feature","properties":{"OBJECTID":5251,"ADD_ID_LOC":null,"ANUMBERPRE":null,"ANUMBER":15800,"ANUMBERSUF":null,"ST_PRE_MOD":null,"ST_PRE_DIR":null,"ST_PRE_TYP":null,"ST_CONCAT":"36th Street South","ST_NAME":"36th","ST_POS_TYP":"Street","ST_POS_DIR":"South","ST_POS_MOD":null,"SUB_TYPE1":null,"SUB_ID1":null,"SUB_TYPE2":null,"SUB_ID2":null,"CO_CODE":"163","CO_NAME":"Washington","STATE_CODE":"MN","ZIP":"55001","ZIP4":null,"LOC_NAME":null,"LOC_DESC":null,"LANDMARK":null,"RESIDENCE":"Yes","MAILABLE":null,"STATUS":null,"PIN":"2202820410038","LONGITUDE":null,"LATITUDE":null,"SOURCE":null,"AAUTHORITY":null,"EDIT_ORG":null,"UPDATEDATE":null,"COMMENTS":null,"EX_KEY":"6D027151-67A4-40D5-B1AD-E2E039099370","RT_ST_EX_KEY":null,"created_user":null,"created_date":null,"last_edited_user":"DDMATZE","last_edited_date":1557844094000,"ESN":"3","PS_MUNICODE":"A","SERV_AREA":null,"PS_STNAME":"36TH ST S","CTU_NAME":"Afton","CTU_ID_TXT":"02393887","POSTCOMM":null,"PLACE_LOC":"3","CEN_GEO":null,"UNI_WO_SUB":null,"USNG_CODE":null,"GIS911POC":null,"PSAP_CODE":"WASH","MSAG_C":"Afton","VERROR_911":null},"geometry":{"type":"Point","coordinates":[1484.951916360238,401.8551689097658]}},{"type":"Feature","properties":{"OBJECTID":5329,"ADD_ID_LOC":null,"ANUMBERPRE":null,"ANUMBER":15751,"ANUMBERSUF":null,"ST_PRE_MOD":null,"ST_PRE_DIR":null,"ST_PRE_TYP":null,"ST_CONCAT":"Afton Boulevard South","ST_NAME":"Afton","ST_POS_TYP":"Boulevard","ST_POS_DIR":"South","ST_POS_MOD":null,"SUB_TYPE1":null,"SUB_ID1":null,"SUB_TYPE2":null,"SUB_ID2":null,"CO_CODE":"163","CO_NAME":"Washington","STATE_CODE":"MN","ZIP":"55001","ZIP4":null,"LOC_NAME":null,"LOC_DESC":null,"LANDMARK":null,"RESIDENCE":"Yes","MAILABLE":null,"STATUS":null,"PIN":"2202820110046","LONGITUDE":null,"LATITUDE":null,"SOURCE":null,"AAUTHORITY":null,"EDIT_ORG":null,"UPDATEDATE":null,"COMMENTS":null,"EX_KEY":"CD8B5AFC-D49C-4F24-815A-1848FD47AC30","RT_ST_EX_KEY":null,"created_user":null,"created_date":null,"last_edited_user":"DDMATZE","last_edited_date":1571063390000,"ESN":"3","PS_MUNICODE":"A","SERV_AREA":null,"PS_STNAME":"AFTON BLVD S","CTU_NAME":"Afton","CTU_ID_TXT":"02393887","POSTCOMM":null,"PLACE_LOC":"3","CEN_GEO":null,"UNI_WO_SUB":null,"USNG_CODE":null,"GIS911POC":null,"PSAP_CODE":"WASH","MSAG_C":"Afton","VERROR_911":null},"geometry":{"type":"Point","coordinates":[1453.8107203164836,1074.1970030590892]}},{"type":"Feature","properties":{"OBJECTID":5597,"ADD_ID_LOC":null,"ANUMBERPRE":null,"ANUMBER":3601,"ANUMBERSUF":null,"ST_PRE_MOD":null,"ST_PRE_DIR":null,"ST_PRE_TYP":null,"ST_CONCAT":"Saint Croix Trail South","ST_NAME":"Saint Croix","ST_POS_TYP":"Trail","ST_POS_DIR":"South","ST_POS_MOD":null,"SUB_TYPE1":null,"SUB_ID1":null,"SUB_TYPE2":null,"SUB_ID2":null,"CO_CODE":"163","CO_NAME":"Washington","STATE_CODE":"MN","ZIP":"55001","ZIP4":null,"LOC_NAME":null,"LOC_DESC":"Carver Park","LANDMARK":null,"RESIDENCE":null,"MAILABLE":null,"STATUS":null,"PIN":"2202820410007","LONGITUDE":null,"LATITUDE":null,"SOURCE":null,"AAUTHORITY":null,"EDIT_ORG":null,"UPDATEDATE":null,"COMMENTS":null,"EX_KEY":"3E309076-97F4-42FF-A776-C897A35878B4","RT_ST_EX_KEY":null,"created_user":null,"created_date":null,"last_edited_user":"DDMATZE","last_edited_date":1632849749000,"ESN":"3","PS_MUNICODE":"A","SERV_AREA":null,"PS_STNAME":"SAINT CROIX TRL S","CTU_NAME":"Afton","CTU_ID_TXT":"02393887","POSTCOMM":null,"PLACE_LOC":"1","CEN_GEO":null,"UNI_WO_SUB":null,"USNG_CODE":null,"GIS911POC":null,"PSAP_CODE":"WASH","MSAG_C":"Afton","VERROR_911":null},"geometry":{"type":"Point","coordinates":[1743.8630017993855,357.8914775950834]}},{"type":"Feature","properties":{"OBJECTID":6438,"ADD_ID_LOC":null,"ANUMBERPRE":null,"ANUMBER":16065,"ANUMBERSUF":null,"ST_PRE_MOD":null,"ST_PRE_DIR":null,"ST_PRE_TYP":null,"ST_CONCAT":"32nd Street South","ST_NAME":"32nd","ST_POS_TYP":"Street","ST_POS_DIR":"South","ST_POS_MOD":null,"SUB_TYPE1":null,"SUB_ID1":null,"SUB_TYPE2":null,"SUB_ID2":null,"CO_CODE":"163","CO_NAME":"Washington","STATE_CODE":"MN","ZIP":"55001","ZIP4":null,"LOC_NAME":null,"LOC_DESC":"Windmill Marina","LANDMARK":"Marina","RESIDENCE":"No","MAILABLE":null,"STATUS":null,"PIN":"2302820230005","LONGITUDE":null,"LATITUDE":null,"SOURCE":null,"AAUTHORITY":null,"EDIT_ORG":null,"UPDATEDATE":null,"COMMENTS":null,"EX_KEY":"E612D4B2-946E-403C-9523-1E7644C83D18","RT_ST_EX_KEY":null,"created_user":null,"created_date":null,"last_edited_user":"DDMATZE","last_edited_date":1622737555000,"ESN":"3","PS_MUNICODE":"A","SERV_AREA":null,"PS_STNAME":"32ND ST S","CTU_NAME":"Afton","CTU_ID_TXT":"02393887","POSTCOMM":null,"PLACE_LOC":"3","CEN_GEO":null,"UNI_WO_SUB":null,"USNG_CODE":null,"GIS911POC":null,"PSAP_CODE":"WASH","MSAG_C":"Afton","VERROR_911":null},"geometry":{"type":"Point","coordinates":[1953.0124866319238,938.5543072121218]}},{"type":"Feature","properties":{"OBJECTID":7590,"ADD_ID_LOC":null,"ANUMBERPRE":null,"ANUMBER":15711,"ANUMBERSUF":null,"ST_PRE_MOD":null,"ST_PRE_DIR":null,"ST_PRE_TYP":null,"ST_CONCAT":"Upper 34th Street South","ST_NAME":"Upper 34th","ST_POS_TYP":"Street","ST_POS_DIR":"South","ST_POS_MOD":null,"SUB_TYPE1":null,"SUB_ID1":null,"SUB_TYPE2":null,"SUB_ID2":null,"CO_CODE":"163","CO_NAME":"Washington","STATE_CODE":"MN","ZIP":"55001","ZIP4":null,"LOC_NAME":null,"LOC_DESC":null,"LANDMARK":null,"RESIDENCE":"Yes","MAILABLE":null,"STATUS":null,"PIN":"2202820130016","LONGITUDE":null,"LATITUDE":null,"SOURCE":null,"AAUTHORITY":null,"EDIT_ORG":null,"UPDATEDATE":null,"COMMENTS":null,"EX_KEY":"DF03EB1B-6F7B-410E-9091-BFA7BD80ECBD","RT_ST_EX_KEY":null,"created_user":null,"created_date":null,"last_edited_user":"DDMATZE","last_edited_date":1557844107000,"ESN":"3","PS_MUNICODE":"A","SERV_AREA":null,"PS_STNAME":"UPPER 34TH ST S","CTU_NAME":"Afton","CTU_ID_TXT":"02393887","POSTCOMM":null,"PLACE_LOC":"3","CEN_GEO":null,"UNI_WO_SUB":null,"USNG_CODE":null,"GIS911POC":null,"PSAP_CODE":"WASH","MSAG_C":"Afton","VERROR_911":null},"geometry":{"type":"Point","coordinates":[1339.7420017003897,642.7540488149971]}},{"type":"Feature","properties":{"OBJECTID":7750,"ADD_ID_LOC":null,"ANUMBERPRE":null,"ANUMBER":15954,"ANUMBERSUF":null,"ST_PRE_MOD":null,"ST_PRE_DIR":null,"ST_PRE_TYP":null,"ST_CONCAT":"Afton Boulevard South","ST_NAME":"Afton","ST_POS_TYP":"Boulevard","ST_POS_DIR":"South","ST_POS_MOD":null,"SUB_TYPE1":null,"SUB_ID1":null,"SUB_TYPE2":null,"SUB_ID2":null,"CO_CODE":"163","CO_NAME":"Washington","STATE_CODE":"MN","ZIP":"55001","ZIP4":null,"LOC_NAME":null,"LOC_DESC":null,"LANDMARK":null,"RESIDENCE":"Yes","MAILABLE":null,"STATUS":null,"PIN":"2202820110010","LONGITUDE":null,"LATITUDE":null,"SOURCE":null,"AAUTHORITY":null,"EDIT_ORG":null,"UPDATEDATE":null,"COMMENTS":null,"EX_KEY":"910A68F6-5069-4C89-AB67-4E1E06A55DB1","RT_ST_EX_KEY":null,"created_user":null,"created_date":null,"last_edited_user":"DDMATZE","last_edited_date":1571063278000,"ESN":"3","PS_MUNICODE":"A","SERV_AREA":null,"PS_STNAME":"AFTON BLVD S","CTU_NAME":"Afton","CTU_ID_TXT":"02393887","POSTCOMM":null,"PLACE_LOC":"3","CEN_GEO":null,"UNI_WO_SUB":null,"USNG_CODE":null,"GIS911POC":null,"PSAP_CODE":"WASH","MSAG_C":"Afton","VERROR_911":null},"geometry":{"type":"Point","coordinates":[1782.0623828245443,1115.291475245729]}},{"type":"Feature","properties":{"OBJECTID":8087,"ADD_ID_LOC":null,"ANUMBERPRE":null,"ANUMBER":3180,"ANUMBERSUF":null,"ST_PRE_MOD":null,"ST_PRE_DIR":null,"ST_PRE_TYP":null,"ST_CONCAT":"Pennington Avenue South","ST_NAME":"Pennington","ST_POS_TYP":"Avenue","ST_POS_DIR":"South","ST_POS_MOD":null,"SUB_TYPE1":null,"SUB_ID1":null,"SUB_TYPE2":null,"SUB_ID2":null,"CO_CODE":"163","CO_NAME":"Washington","STATE_CODE":"MN","ZIP":"55001","ZIP4":null,"LOC_NAME":null,"LOC_DESC":null,"LANDMARK":null,"RESIDENCE":"Yes","MAILABLE":null,"STATUS":null,"PIN":"2202820110045","LONGITUDE":null,"LATITUDE":null,"SOURCE":null,"AAUTHORITY":null,"EDIT_ORG":null,"UPDATEDATE":null,"COMMENTS":null,"EX_KEY":"01B79043-4B46-4959-8ED4-86A01EACDE3B","RT_ST_EX_KEY":null,"created_user":null,"created_date":null,"last_edited_user":"DDMATZE","last_edited_date":1660047976000,"ESN":"3","PS_MUNICODE":"A","SERV_AREA":null,"PS_STNAME":"PENNINGTON AVE S","CTU_NAME":"Afton","CTU_ID_TXT":"02393887","POSTCOMM":null,"PLACE_LOC":"1","CEN_GEO":null,"UNI_WO_SUB":null,"USNG_CODE":null,"GIS911POC":null,"PSAP_CODE":"WASH","MSAG_C":"Afton","VERROR_911":null},"geometry":{"type":"Point","coordinates":[1440.1375674348092,995.3536260621622]}},{"type":"Feature","properties":{"OBJECTID":8173,"ADD_ID_LOC":null,"ANUMBERPRE":null,"ANUMBER":15695,"ANUMBERSUF":null,"ST_PRE_MOD":null,"ST_PRE_DIR":null,"ST_PRE_TYP":null,"ST_CONCAT":"37th Street South","ST_NAME":"37th","ST_POS_TYP":"Street","ST_POS_DIR":"South","ST_POS_MOD":null,"SUB_TYPE1":null,"SUB_ID1":null,"SUB_TYPE2":null,"SUB_ID2":null,"CO_CODE":"163","CO_NAME":"Washington","STATE_CODE":"MN","ZIP":"55001","ZIP4":null,"LOC_NAME":null,"LOC_DESC":null,"LANDMARK":null,"RESIDENCE":"Yes","MAILABLE":null,"STATUS":null,"PIN":"2202820430001","LONGITUDE":null,"LATITUDE":null,"SOURCE":null,"AAUTHORITY":null,"EDIT_ORG":null,"UPDATEDATE":null,"COMMENTS":null,"EX_KEY":"F75A595D-C258-451A-A403-5FA82C2E3BDD","RT_ST_EX_KEY":null,"created_user":null,"created_date":null,"last_edited_user":"DDMATZE","last_edited_date":1557844110000,"ESN":"3","PS_MUNICODE":"A","SERV_AREA":null,"PS_STNAME":"37TH ST S","CTU_NAME":"Afton","CTU_ID_TXT":"02393887","POSTCOMM":null,"PLACE_LOC":"3","CEN_GEO":null,"UNI_WO_SUB":null,"USNG_CODE":null,"GIS911POC":null,"PSAP_CODE":"WASH","MSAG_C":"Afton","VERROR_911":null},"geometry":{"type":"Point","coordinates":[1402.6966681741178,75.82152450736612]}},{"type":"Feature","properties":{"OBJECTID":9072,"ADD_ID_LOC":null,"ANUMBERPRE":null,"ANUMBER":3752,"ANUMBERSUF":null,"ST_PRE_MOD":null,"ST_PRE_DIR":null,"ST_PRE_TYP":null,"ST_CONCAT":"River Road South","ST_NAME":"River","ST_POS_TYP":"Road","ST_POS_DIR":"South","ST_POS_MOD":null,"SUB_TYPE1":null,"SUB_ID1":null,"SUB_TYPE2":null,"SUB_ID2":null,"CO_CODE":"163","CO_NAME":"Washington","STATE_CODE":"MN","ZIP":"55001","ZIP4":null,"LOC_NAME":null,"LOC_DESC":null,"LANDMARK":null,"RESIDENCE":"Yes","MAILABLE":null,"STATUS":null,"PIN":"2202820440018","LONGITUDE":null,"LATITUDE":null,"SOURCE":null,"AAUTHORITY":null,"EDIT_ORG":null,"UPDATEDATE":null,"COMMENTS":null,"EX_KEY":"E60556D9-9767-4C38-97ED-68027239DE20","RT_ST_EX_KEY":null,"created_user":null,"created_date":null,"last_edited_user":"DDMATZE","last_edited_date":1668790974000,"ESN":"3","PS_MUNICODE":"A","SERV_AREA":null,"PS_STNAME":"RIVER RD S","CTU_NAME":"Afton","CTU_ID_TXT":"02393887","POSTCOMM":null,"PLACE_LOC":"3","CEN_GEO":null,"UNI_WO_SUB":null,"USNG_CODE":null,"GIS911POC":null,"PSAP_CODE":"WASH","MSAG_C":"Afton","VERROR_911":null},"geometry":{"type":"Point","coordinates":[1692.87286921317,106.41539883427322]}},{"type":"Feature","properties":{"OBJECTID":9472,"ADD_ID_LOC":null,"ANUMBERPRE":null,"ANUMBER":3085,"ANUMBERSUF":null,"ST_PRE_MOD":null,"ST_PRE_DIR":null,"ST_PRE_TYP":null,"ST_CONCAT":"Saint Croix Trail South","ST_NAME":"Saint Croix","ST_POS_TYP":"Trail","ST_POS_DIR":"South","ST_POS_MOD":null,"SUB_TYPE1":null,"SUB_ID1":null,"SUB_TYPE2":null,"SUB_ID2":null,"CO_CODE":"163","CO_NAME":"Washington","STATE_CODE":"MN","ZIP":"55001","ZIP4":null,"LOC_NAME":null,"LOC_DESC":null,"LANDMARK":null,"RESIDENCE":"Yes","MAILABLE":null,"STATUS":null,"PIN":"2202820110014","LONGITUDE":null,"LATITUDE":null,"SOURCE":null,"AAUTHORITY":null,"EDIT_ORG":null,"UPDATEDATE":null,"COMMENTS":null,"EX_KEY":"5F4E2D5B-CA52-4193-8EAC-437FD45E9915","RT_ST_EX_KEY":null,"created_user":null,"created_date":null,"last_edited_user":"DDMATZE","last_edited_date":1571063390000,"ESN":"3","PS_MUNICODE":"A","SERV_AREA":null,"PS_STNAME":"SAINT CROIX TRL S","CTU_NAME":"Afton","CTU_ID_TXT":"02393887","POSTCOMM":null,"PLACE_LOC":"3","CEN_GEO":null,"UNI_WO_SUB":null,"USNG_CODE":null,"GIS911POC":null,"PSAP_CODE":"WASH","MSAG_C":"Afton","VERROR_911":null},"geometry":{"type":"Point","coordinates":[1729.2668291936861,1236.1605554949492]}},{"type":"Feature","properties":{"OBJECTID":9519,"ADD_ID_LOC":null,"ANUMBERPRE":null,"ANUMBER":15800,"ANUMBERSUF":null,"ST_PRE_MOD":null,"ST_PRE_DIR":null,"ST_PRE_TYP":null,"ST_CONCAT":"33rd Street South","ST_NAME":"33rd","ST_POS_TYP":"Street","ST_POS_DIR":"South","ST_POS_MOD":null,"SUB_TYPE1":null,"SUB_ID1":null,"SUB_TYPE2":null,"SUB_ID2":null,"CO_CODE":"163","CO_NAME":"Washington","STATE_CODE":"MN","ZIP":"55001","ZIP4":null,"LOC_NAME":null,"LOC_DESC":null,"LANDMARK":null,"RESIDENCE":null,"MAILABLE":null,"STATUS":null,"PIN":"2202820140063","LONGITUDE":null,"LATITUDE":null,"SOURCE":null,"AAUTHORITY":null,"EDIT_ORG":null,"UPDATEDATE":null,"COMMENTS":null,"EX_KEY":"1D55754C-D166-4D5D-A3C1-7A45151C5800","RT_ST_EX_KEY":null,"created_user":null,"created_date":null,"last_edited_user":"DDMATZE","last_edited_date":1557844117000,"ESN":"3","PS_MUNICODE":"A","SERV_AREA":null,"PS_STNAME":"33RD ST S","CTU_NAME":"Afton","CTU_ID_TXT":"02393887","POSTCOMM":null,"PLACE_LOC":"3","CEN_GEO":null,"UNI_WO_SUB":null,"USNG_CODE":null,"GIS911POC":null,"PSAP_CODE":"WASH","MSAG_C":"Afton","VERROR_911":null},"geometry":{"type":"Point","coordinates":[1620.0800805449253,871.2821413502097]}},{"type":"Feature","properties":{"OBJECTID":9584,"ADD_ID_LOC":null,"ANUMBERPRE":null,"ANUMBER":15876,"ANUMBERSUF":null,"ST_PRE_MOD":null,"ST_PRE_DIR":null,"ST_PRE_TYP":null,"ST_CONCAT":"Afton Boulevard South","ST_NAME":"Afton","ST_POS_TYP":"Boulevard","ST_POS_DIR":"South","ST_POS_MOD":null,"SUB_TYPE1":null,"SUB_ID1":null,"SUB_TYPE2":null,"SUB_ID2":null,"CO_CODE":"163","CO_NAME":"Washington","STATE_CODE":"MN","ZIP":"55001","ZIP4":null,"LOC_NAME":null,"LOC_DESC":null,"LANDMARK":null,"RESIDENCE":null,"MAILABLE":null,"STATUS":null,"PIN":"2202820110025","LONGITUDE":null,"LATITUDE":null,"SOURCE":null,"AAUTHORITY":null,"EDIT_ORG":null,"UPDATEDATE":null,"COMMENTS":null,"EX_KEY":"A2980E2B-3A59-4A5F-9DA0-458946839922","RT_ST_EX_KEY":null,"created_user":null,"created_date":null,"last_edited_user":"DDMATZE","last_edited_date":1557844117000,"ESN":"3","PS_MUNICODE":"A","SERV_AREA":null,"PS_STNAME":"AFTON BLVD S","CTU_NAME":"Afton","CTU_ID_TXT":"02393887","POSTCOMM":null,"PLACE_LOC":"1","CEN_GEO":null,"UNI_WO_SUB":null,"USNG_CODE":null,"GIS911POC":null,"PSAP_CODE":"WASH","MSAG_C":"Afton","VERROR_911":null},"geometry":{"type":"Point","coordinates":[1608.38055079052,1118.7053737267852]}},{"type":"Feature","properties":{"OBJECTID":9937,"ADD_ID_LOC":null,"ANUMBERPRE":null,"ANUMBER":15894,"ANUMBERSUF":null,"ST_PRE_MOD":null,"ST_PRE_DIR":null,"ST_PRE_TYP":null,"ST_CONCAT":"Afton Boulevard South","ST_NAME":"Afton","ST_POS_TYP":"Boulevard","ST_POS_DIR":"South","ST_POS_MOD":null,"SUB_TYPE1":null,"SUB_ID1":null,"SUB_TYPE2":null,"SUB_ID2":null,"CO_CODE":"163","CO_NAME":"Washington","STATE_CODE":"MN","ZIP":"55001","ZIP4":null,"LOC_NAME":null,"LOC_DESC":null,"LANDMARK":null,"RESIDENCE":"Yes","MAILABLE":null,"STATUS":null,"PIN":"2202820110022","LONGITUDE":null,"LATITUDE":null,"SOURCE":null,"AAUTHORITY":null,"EDIT_ORG":null,"UPDATEDATE":null,"COMMENTS":null,"EX_KEY":"68611ED0-2523-4B59-8EDB-BF491E6804DE","RT_ST_EX_KEY":null,"created_user":null,"created_date":null,"last_edited_user":"DDMATZE","last_edited_date":1557844118000,"ESN":"3","PS_MUNICODE":"A","SERV_AREA":null,"PS_STNAME":"AFTON BLVD S","CTU_NAME":"Afton","CTU_ID_TXT":"02393887","POSTCOMM":null,"PLACE_LOC":"3","CEN_GEO":null,"UNI_WO_SUB":null,"USNG_CODE":null,"GIS911POC":null,"PSAP_CODE":"WASH","MSAG_C":"Afton","VERROR_911":null},"geometry":{"type":"Point","coordinates":[1652.6808957979665,1104.8696136986837]}},{"type":"Feature","properties":{"OBJECTID":10461,"ADD_ID_LOC":null,"ANUMBERPRE":null,"ANUMBER":16052,"ANUMBERSUF":null,"ST_PRE_MOD":null,"ST_PRE_DIR":null,"ST_PRE_TYP":null,"ST_CONCAT":"32nd Street South","ST_NAME":"32nd","ST_POS_TYP":"Street","ST_POS_DIR":"South","ST_POS_MOD":null,"SUB_TYPE1":null,"SUB_ID1":null,"SUB_TYPE2":null,"SUB_ID2":null,"CO_CODE":"163","CO_NAME":"Washington","STATE_CODE":"MN","ZIP":"55001","ZIP4":null,"LOC_NAME":null,"LOC_DESC":null,"LANDMARK":null,"RESIDENCE":"No","MAILABLE":null,"STATUS":null,"PIN":"2302820220002","LONGITUDE":null,"LATITUDE":null,"SOURCE":null,"AAUTHORITY":null,"EDIT_ORG":null,"UPDATEDATE":null,"COMMENTS":null,"EX_KEY":"EA425CF8-3326-4C9F-A8BB-A6F406D1CCC6","RT_ST_EX_KEY":null,"created_user":null,"created_date":null,"last_edited_user":"DDMATZE","last_edited_date":1738244300000,"ESN":"3","PS_MUNICODE":"A","SERV_AREA":null,"PS_STNAME":"32ND ST S","CTU_NAME":"Afton","CTU_ID_TXT":"02393887","POSTCOMM":null,"PLACE_LOC":"3","CEN_GEO":null,"UNI_WO_SUB":null,"USNG_CODE":null,"GIS911POC":null,"PSAP_CODE":"WASH","MSAG_C":"Afton","VERROR_911":null},"geometry":{"type":"Point","coordinates":[1860.0259454878396,1036.0096887759864]}},{"type":"Feature","properties":{"OBJECTID":11094,"ADD_ID_LOC":null,"ANUMBERPRE":null,"ANUMBER":3579,"ANUMBERSUF":null,"ST_PRE_MOD":null,"ST_PRE_DIR":null,"ST_PRE_TYP":null,"ST_CONCAT":"Saint Croix Trail South","ST_NAME":"Saint Croix","ST_POS_TYP":"Trail","ST_POS_DIR":"South","ST_POS_MOD":null,"SUB_TYPE1":null,"SUB_ID1":null,"SUB_TYPE2":null,"SUB_ID2":null,"CO_CODE":"163","CO_NAME":"Washington","STATE_CODE":"MN","ZIP":"55001","ZIP4":null,"LOC_NAME":null,"LOC_DESC":null,"LANDMARK":null,"RESIDENCE":null,"MAILABLE":null,"STATUS":null,"PIN":"2202820410012","LONGITUDE":null,"LATITUDE":null,"SOURCE":null,"AAUTHORITY":null,"EDIT_ORG":null,"UPDATEDATE":null,"COMMENTS":null,"EX_KEY":"F28004B9-A474-4306-9317-B4CA4D560CAF","RT_ST_EX_KEY":null,"created_user":null,"created_date":null,"last_edited_user":"DDMATZE","last_edited_date":1557844126000,"ESN":"3","PS_MUNICODE":"A","SERV_AREA":null,"PS_STNAME":"SAINT CROIX TRL S","CTU_NAME":"Afton","CTU_ID_TXT":"02393887","POSTCOMM":null,"PLACE_LOC":"1","CEN_GEO":null,"UNI_WO_SUB":null,"USNG_CODE":null,"GIS911POC":null,"PSAP_CODE":"WASH","MSAG_C":"Afton","VERROR_911":null},"geometry":{"type":"Point","coordinates":[1729.9848395653535,408.3243571314961]}},{"type":"Feature","properties":{"OBJECTID":12146,"ADD_ID_LOC":null,"ANUMBERPRE":null,"ANUMBER":3080,"ANUMBERSUF":null,"ST_PRE_MOD":null,"ST_PRE_DIR":null,"ST_PRE_TYP":null,"ST_CONCAT":"Perrot Avenue South","ST_NAME":"Perrot","ST_POS_TYP":"Avenue","ST_POS_DIR":"South","ST_POS_MOD":null,"SUB_TYPE1":null,"SUB_ID1":null,"SUB_TYPE2":null,"SUB_ID2":null,"CO_CODE":"163","CO_NAME":"Washington","STATE_CODE":"MN","ZIP":"55001","ZIP4":null,"LOC_NAME":null,"LOC_DESC":null,"LANDMARK":null,"RESIDENCE":"Yes","MAILABLE":null,"STATUS":null,"PIN":"2202820110049","LONGITUDE":null,"LATITUDE":null,"SOURCE":null,"AAUTHORITY":null,"EDIT_ORG":null,"UPDATEDATE":null,"COMMENTS":null,"EX_KEY":"1BBED58D-1029-4DB5-97C6-9C819C92C53B","RT_ST_EX_KEY":null,"created_user":null,"created_date":null,"last_edited_user":"DDMATZE","last_edited_date":1571063390000,"ESN":"3","PS_MUNICODE":"A","SERV_AREA":null,"PS_STNAME":"PERROT AVE S","CTU_NAME":"Afton","CTU_ID_TXT":"02393887","POSTCOMM":null,"PLACE_LOC":"3","CEN_GEO":null,"UNI_WO_SUB":null,"USNG_CODE":null,"GIS911POC":null,"PSAP_CODE":"WASH","MSAG_C":"Afton","VERROR_911":null},"geometry":{"type":"Point","coordinates":[1561.6743558820453,1274.424022915773]}},{"type":"Feature","properties":{"OBJECTID":12327,"ADD_ID_LOC":null,"ANUMBERPRE":null,"ANUMBER":15730,"ANUMBERSUF":null,"ST_PRE_MOD":null,"ST_PRE_DIR":null,"ST_PRE_TYP":null,"ST_CONCAT":"Afton Boulevard South","ST_NAME":"Afton","ST_POS_TYP":"Boulevard","ST_POS_DIR":"South","ST_POS_MOD":null,"SUB_TYPE1":null,"SUB_ID1":null,"SUB_TYPE2":null,"SUB_ID2":null,"CO_CODE":"163","CO_NAME":"Washington","STATE_CODE":"MN","ZIP":"55001","ZIP4":null,"LOC_NAME":null,"LOC_DESC":null,"LANDMARK":null,"RESIDENCE":null,"MAILABLE":null,"STATUS":null,"PIN":"2202820110053","LONGITUDE":null,"LATITUDE":null,"SOURCE":null,"AAUTHORITY":null,"EDIT_ORG":null,"UPDATEDATE":null,"COMMENTS":null,"EX_KEY":"C8816E2D-351A-47DF-84CD-EF64D4780083","RT_ST_EX_KEY":null,"created_user":null,"created_date":null,"last_edited_user":"DDMATZE","last_edited_date":1571063390000,"ESN":"3","PS_MUNICODE":"A","SERV_AREA":null,"PS_STNAME":"AFTON BLVD S","CTU_NAME":"Afton","CTU_ID_TXT":"02393887","POSTCOMM":null,"PLACE_LOC":"3","CEN_GEO":null,"UNI_WO_SUB":null,"USNG_CODE":null,"GIS911POC":null,"PSAP_CODE":"WASH","MSAG_C":"Afton","VERROR_911":null},"geometry":{"type":"Point","coordinates":[1484.661444837635,1164.298575735651]}},{"type":"Feature","properties":{"OBJECTID":12937,"ADD_ID_LOC":null,"ANUMBERPRE":null,"ANUMBER":3570,"ANUMBERSUF":null,"ST_PRE_MOD":null,"ST_PRE_DIR":null,"ST_PRE_TYP":null,"ST_CONCAT":"Pennington Avenue South","ST_NAME":"Pennington","ST_POS_TYP":"Avenue","ST_POS_DIR":"South","ST_POS_MOD":null,"SUB_TYPE1":null,"SUB_ID1":null,"SUB_TYPE2":null,"SUB_ID2":null,"CO_CODE":"163","CO_NAME":"Washington","STATE_CODE":"MN","ZIP":"55001","ZIP4":null,"LOC_NAME":null,"LOC_DESC":null,"LANDMARK":null,"RESIDENCE":"Yes","MAILABLE":null,"STATUS":null,"PIN":"2202820410044","LONGITUDE":null,"LATITUDE":null,"SOURCE":null,"AAUTHORITY":null,"EDIT_ORG":null,"UPDATEDATE":null,"COMMENTS":null,"EX_KEY":"CFFDFBB7-57E9-41C9-A656-94E732079062","RT_ST_EX_KEY":null,"created_user":null,"created_date":null,"last_edited_user":"DDMATZE","last_edited_date":1571063087000,"ESN":"3","PS_MUNICODE":"A","SERV_AREA":null,"PS_STNAME":"PENNINGTON AVE S","CTU_NAME":"Afton","CTU_ID_TXT":"02393887","POSTCOMM":null,"PLACE_LOC":"3","CEN_GEO":null,"UNI_WO_SUB":null,"USNG_CODE":null,"GIS911POC":null,"PSAP_CODE":"WASH","MSAG_C":"Afton","VERROR_911":null},"geometry":{"type":"Point","coordinates":[1448.707767727028,462.33598392736167]}},{"type":"Feature","properties":{"OBJECTID":13131,"ADD_ID_LOC":null,"ANUMBERPRE":null,"ANUMBER":3090,"ANUMBERSUF":null,"ST_PRE_MOD":null,"ST_PRE_DIR":null,"ST_PRE_TYP":null,"ST_CONCAT":"Perrot Avenue South","ST_NAME":"Perrot","ST_POS_TYP":"Avenue","ST_POS_DIR":"South","ST_POS_MOD":null,"SUB_TYPE1":null,"SUB_ID1":null,"SUB_TYPE2":null,"SUB_ID2":null,"CO_CODE":"163","CO_NAME":"Washington","STATE_CODE":"MN","ZIP":"55001","ZIP4":null,"LOC_NAME":null,"LOC_DESC":null,"LANDMARK":null,"RESIDENCE":"Yes","MAILABLE":null,"STATUS":null,"PIN":"2202820110047","LONGITUDE":null,"LATITUDE":null,"SOURCE":null,"AAUTHORITY":null,"EDIT_ORG":null,"UPDATEDATE":null,"COMMENTS":null,"EX_KEY":"45BF4C9F-B2BE-4303-95FB-3D80FEF59A92","RT_ST_EX_KEY":null,"created_user":null,"created_date":null,"last_edited_user":"DDMATZE","last_edited_date":1571063390000,"ESN":"3","PS_MUNICODE":"A","SERV_AREA":null,"PS_STNAME":"PERROT AVE S","CTU_NAME":"Afton","CTU_ID_TXT":"02393887","POSTCOMM":null,"PLACE_LOC":"3","CEN_GEO":null,"UNI_WO_SUB":null,"USNG_CODE":null,"GIS911POC":null,"PSAP_CODE":"WASH","MSAG_C":"Afton","VERROR_911":null},"geometry":{"type":"Point","coordinates":[1576.2388364960207,1229.212715845555]}},{"type":"Feature","properties":{"OBJECTID":14008,"ADD_ID_LOC":null,"ANUMBERPRE":null,"ANUMBER":3633,"ANUMBERSUF":null,"ST_PRE_MOD":null,"ST_PRE_DIR":null,"ST_PRE_TYP":null,"ST_CONCAT":"Saint Croix Trail South","ST_NAME":"Saint Croix","ST_POS_TYP":"Trail","ST_POS_DIR":"South","ST_POS_MOD":null,"SUB_TYPE1":null,"SUB_ID1":null,"SUB_TYPE2":null,"SUB_ID2":null,"CO_CODE":"163","CO_NAME":"Washington","STATE_CODE":"MN","ZIP":"55001","ZIP4":null,"LOC_NAME":null,"LOC_DESC":null,"LANDMARK":null,"RESIDENCE":null,"MAILABLE":null,"STATUS":null,"PIN":"2202820410006","LONGITUDE":null,"LATITUDE":null,"SOURCE":null,"AAUTHORITY":null,"EDIT_ORG":null,"UPDATEDATE":null,"COMMENTS":null,"EX_KEY":"FB89F3CB-FB85-44C5-BDC3-857DEBA6C482","RT_ST_EX_KEY":null,"created_user":null,"created_date":null,"last_edited_user":"DDMATZE","last_edited_date":1557844140000,"ESN":"3","PS_MUNICODE":"A","SERV_AREA":null,"PS_STNAME":"SAINT CROIX TRL S","CTU_NAME":"Afton","CTU_ID_TXT":"02393887","POSTCOMM":null,"PLACE_LOC":"1","CEN_GEO":null,"UNI_WO_SUB":null,"USNG_CODE":null,"GIS911POC":null,"PSAP_CODE":"WASH","MSAG_C":"Afton","VERROR_911":null},"geometry":{"type":"Point","coordinates":[1745.7983056065277,310.5625119926408]}},{"type":"Feature","properties":{"OBJECTID":14267,"ADD_ID_LOC":null,"ANUMBERPRE":null,"ANUMBER":3326,"ANUMBERSUF":null,"ST_PRE_MOD":null,"ST_PRE_DIR":null,"ST_PRE_TYP":null,"ST_CONCAT":"Saint Croix Trail South","ST_NAME":"Saint Croix","ST_POS_TYP":"Trail","ST_POS_DIR":"South","ST_POS_MOD":null,"SUB_TYPE1":null,"SUB_ID1":null,"SUB_TYPE2":null,"SUB_ID2":null,"CO_CODE":"163","CO_NAME":"Washington","STATE_CODE":"MN","ZIP":"55001","ZIP4":null,"LOC_NAME":null,"LOC_DESC":null,"LANDMARK":null,"RESIDENCE":"No","MAILABLE":null,"STATUS":null,"PIN":"2202820140035","LONGITUDE":null,"LATITUDE":null,"SOURCE":null,"AAUTHORITY":null,"EDIT_ORG":null,"UPDATEDATE":null,"COMMENTS":null,"EX_KEY":"EDE7D393-5DEC-4F07-8EFC-9EA2616024EC","RT_ST_EX_KEY":null,"created_user":null,"created_date":null,"last_edited_user":"DDMATZE","last_edited_date":1557844143000,"ESN":"3","PS_MUNICODE":"A","SERV_AREA":null,"PS_STNAME":"SAINT CROIX TRL S","CTU_NAME":"Afton","CTU_ID_TXT":"02393887","POSTCOMM":null,"PLACE_LOC":"3","CEN_GEO":null,"UNI_WO_SUB":null,"USNG_CODE":null,"GIS911POC":null,"PSAP_CODE":"WASH","MSAG_C":"Afton","VERROR_911":null},"geometry":{"type":"Point","coordinates":[1678.2114956476726,829.2706103483215]}},{"type":"Feature","properties":{"OBJECTID":14868,"ADD_ID_LOC":null,"ANUMBERPRE":null,"ANUMBER":15820,"ANUMBERSUF":null,"ST_PRE_MOD":null,"ST_PRE_DIR":null,"ST_PRE_TYP":null,"ST_CONCAT":"37th Street South","ST_NAME":"37th","ST_POS_TYP":"Street","ST_POS_DIR":"South","ST_POS_MOD":null,"SUB_TYPE1":null,"SUB_ID1":null,"SUB_TYPE2":null,"SUB_ID2":null,"CO_CODE":"163","CO_NAME":"Washington","STATE_CODE":"MN","ZIP":"55001","ZIP4":null,"LOC_NAME":null,"LOC_DESC":null,"LANDMARK":null,"RESIDENCE":"Yes","MAILABLE":null,"STATUS":null,"PIN":"2202820410053","LONGITUDE":null,"LATITUDE":null,"SOURCE":null,"AAUTHORITY":null,"EDIT_ORG":null,"UPDATEDATE":null,"COMMENTS":null,"EX_KEY":"1B1D272B-A583-4ABC-A462-8247CA05B262","RT_ST_EX_KEY":null,"created_user":null,"created_date":null,"last_edited_user":"DDMATZE","last_edited_date":1557844145000,"ESN":"3","PS_MUNICODE":"A","SERV_AREA":null,"PS_STNAME":"37TH ST S","CTU_NAME":"Afton","CTU_ID_TXT":"02393887","POSTCOMM":null,"PLACE_LOC":"3","CEN_GEO":null,"UNI_WO_SUB":null,"USNG_CODE":null,"GIS911POC":null,"PSAP_CODE":"WASH","MSAG_C":"Afton","VERROR_911":null},"geometry":{"type":"Point","coordinates":[1511.2647494658595,307.3823777670041]}},{"type":"Feature","properties":{"OBJECTID":16441,"ADD_ID_LOC":null,"ANUMBERPRE":null,"ANUMBER":15871,"ANUMBERSUF":null,"ST_PRE_MOD":null,"ST_PRE_DIR":null,"ST_PRE_TYP":null,"ST_CONCAT":"32nd Street South","ST_NAME":"32nd","ST_POS_TYP":"Street","ST_POS_DIR":"South","ST_POS_MOD":null,"SUB_TYPE1":null,"SUB_ID1":null,"SUB_TYPE2":null,"SUB_ID2":null,"CO_CODE":"163","CO_NAME":"Washington","STATE_CODE":"MN","ZIP":"55001","ZIP4":null,"LOC_NAME":null,"LOC_DESC":null,"LANDMARK":null,"RESIDENCE":"Yes","MAILABLE":null,"STATUS":null,"PIN":"2202820140026","LONGITUDE":null,"LATITUDE":null,"SOURCE":null,"AAUTHORITY":null,"EDIT_ORG":null,"UPDATEDATE":null,"COMMENTS":null,"EX_KEY":"A70E280B-7F2A-4F62-B990-FED8B0BAF600","RT_ST_EX_KEY":null,"created_user":null,"created_date":null,"last_edited_user":"DDMATZE","last_edited_date":1644003130000,"ESN":"3","PS_MUNICODE":"A","SERV_AREA":null,"PS_STNAME":"32ND ST S","CTU_NAME":"Afton","CTU_ID_TXT":"02393887","POSTCOMM":null,"PLACE_LOC":"3","CEN_GEO":null,"UNI_WO_SUB":null,"USNG_CODE":null,"GIS911POC":null,"PSAP_CODE":"WASH","MSAG_C":"Afton","VERROR_911":null},"geometry":{"type":"Point","coordinates":[1606.2907548088115,919.6157195176929]}},{"type":"Feature","properties":{"OBJECTID":17745,"ADD_ID_LOC":null,"ANUMBERPRE":null,"ANUMBER":15847,"ANUMBERSUF":null,"ST_PRE_MOD":null,"ST_PRE_DIR":null,"ST_PRE_TYP":null,"ST_CONCAT":"36th Street South","ST_NAME":"36th","ST_POS_TYP":"Street","ST_POS_DIR":"South","ST_POS_MOD":null,"SUB_TYPE1":null,"SUB_ID1":null,"SUB_TYPE2":null,"SUB_ID2":null,"CO_CODE":"163","CO_NAME":"Washington","STATE_CODE":"MN","ZIP":"55001","ZIP4":null,"LOC_NAME":null,"LOC_DESC":null,"LANDMARK":null,"RESIDENCE":"Yes","MAILABLE":null,"STATUS":null,"PIN":"2202820410035","LONGITUDE":null,"LATITUDE":null,"SOURCE":null,"AAUTHORITY":null,"EDIT_ORG":null,"UPDATEDATE":null,"COMMENTS":null,"EX_KEY":"28DE4CED-FBDC-4681-A897-B7D4177BF040","RT_ST_EX_KEY":null,"created_user":null,"created_date":null,"last_edited_user":"DDMATZE","last_edited_date":1557844160000,"ESN":"3","PS_MUNICODE":"A","SERV_AREA":null,"PS_STNAME":"36TH ST S","CTU_NAME":"Afton","CTU_ID_TXT":"02393887","POSTCOMM":null,"PLACE_LOC":"3","CEN_GEO":null,"UNI_WO_SUB":null,"USNG_CODE":null,"GIS911POC":null,"PSAP_CODE":"WASH","MSAG_C":"Afton","VERROR_911":null},"geometry":{"type":"Point","coordinates":[1566.6569037389127,364.8736333148554]}},{"type":"Feature","properties":{"OBJECTID":17757,"ADD_ID_LOC":null,"ANUMBERPRE":null,"ANUMBER":15895,"ANUMBERSUF":null,"ST_PRE_MOD":null,"ST_PRE_DIR":null,"ST_PRE_TYP":null,"ST_CONCAT":"31st Street South","ST_NAME":"31st","ST_POS_TYP":"Street","ST_POS_DIR":"South","ST_POS_MOD":null,"SUB_TYPE1":null,"SUB_ID1":null,"SUB_TYPE2":null,"SUB_ID2":null,"CO_CODE":"163","CO_NAME":"Washington","STATE_CODE":"MN","ZIP":"55001","ZIP4":null,"LOC_NAME":null,"LOC_DESC":null,"LANDMARK":null,"RESIDENCE":"Yes","MAILABLE":null,"STATUS":null,"PIN":"2202820110023","LONGITUDE":null,"LATITUDE":null,"SOURCE":null,"AAUTHORITY":null,"EDIT_ORG":null,"UPDATEDATE":null,"COMMENTS":null,"EX_KEY":"E65FB22D-EC97-4849-8779-0EE12DB35BC6","RT_ST_EX_KEY":null,"created_user":null,"created_date":null,"last_edited_user":"DDMATZE","last_edited_date":1571063390000,"ESN":"3","PS_MUNICODE":"A","SERV_AREA":null,"PS_STNAME":"31ST ST S","CTU_NAME":"Afton","CTU_ID_TXT":"02393887","POSTCOMM":null,"PLACE_LOC":"3","CEN_GEO":null,"UNI_WO_SUB":null,"USNG_CODE":null,"GIS911POC":null,"PSAP_CODE":"WASH","MSAG_C":"Afton","VERROR_911":null},"geometry":{"type":"Point","coordinates":[1653.1855173842632,1176.2652251916006]}},{"type":"Feature","properties":{"OBJECTID":18193,"ADD_ID_LOC":null,"ANUMBERPRE":null,"ANUMBER":15890,"ANUMBERSUF":null,"ST_PRE_MOD":null,"ST_PRE_DIR":null,"ST_PRE_TYP":null,"ST_CONCAT":"31st Street South","ST_NAME":"31st","ST_POS_TYP":"Street","ST_POS_DIR":"South","ST_POS_MOD":null,"SUB_TYPE1":null,"SUB_ID1":null,"SUB_TYPE2":null,"SUB_ID2":null,"CO_CODE":"163","CO_NAME":"Washington","STATE_CODE":"MN","ZIP":"55001","ZIP4":null,"LOC_NAME":null,"LOC_DESC":null,"LANDMARK":null,"RESIDENCE":"Yes","MAILABLE":null,"STATUS":null,"PIN":"2202820110021","LONGITUDE":null,"LATITUDE":null,"SOURCE":null,"AAUTHORITY":null,"EDIT_ORG":null,"UPDATEDATE":null,"COMMENTS":null,"EX_KEY":"7A203079-BA18-4481-B962-DBEFACF7ED8D","RT_ST_EX_KEY":null,"created_user":null,"created_date":null,"last_edited_user":"DDMATZE","last_edited_date":1660047976000,"ESN":"3","PS_MUNICODE":"A","SERV_AREA":null,"PS_STNAME":"31ST ST S","CTU_NAME":"Afton","CTU_ID_TXT":"02393887","POSTCOMM":null,"PLACE_LOC":"3","CEN_GEO":null,"UNI_WO_SUB":null,"USNG_CODE":null,"GIS911POC":null,"PSAP_CODE":"WASH","MSAG_C":"Afton","VERROR_911":null},"geometry":{"type":"Point","coordinates":[1646.4901226811926,1234.4705135636032]}},{"type":"Feature","properties":{"OBJECTID":18283,"ADD_ID_LOC":null,"ANUMBERPRE":null,"ANUMBER":15887,"ANUMBERSUF":null,"ST_PRE_MOD":null,"ST_PRE_DIR":null,"ST_PRE_TYP":null,"ST_CONCAT":"35th Street South","ST_NAME":"35th","ST_POS_TYP":"Street","ST_POS_DIR":"South","ST_POS_MOD":null,"SUB_TYPE1":null,"SUB_ID1":null,"SUB_TYPE2":null,"SUB_ID2":null,"CO_CODE":"163","CO_NAME":"Washington","STATE_CODE":"MN","ZIP":"55001","ZIP4":null,"LOC_NAME":null,"LOC_DESC":null,"LANDMARK":null,"RESIDENCE":"Yes","MAILABLE":null,"STATUS":null,"PIN":"2202820410020","LONGITUDE":null,"LATITUDE":null,"SOURCE":null,"AAUTHORITY":null,"EDIT_ORG":null,"UPDATEDATE":null,"COMMENTS":null,"EX_KEY":"58364C58-BEFA-48A9-8631-B6132037EC67","RT_ST_EX_KEY":null,"created_user":null,"created_date":null,"last_edited_user":"DDMATZE","last_edited_date":1557844164000,"ESN":"3","PS_MUNICODE":"A","SERV_AREA":null,"PS_STNAME":"35TH ST S","CTU_NAME":"Afton","CTU_ID_TXT":"02393887","POSTCOMM":null,"PLACE_LOC":"3","CEN_GEO":null,"UNI_WO_SUB":null,"USNG_CODE":null,"GIS911POC":null,"PSAP_CODE":"WASH","MSAG_C":"Afton","VERROR_911":null},"geometry":{"type":"Point","coordinates":[1635.2521608507377,473.2507550539449]}},{"type":"Feature","properties":{"OBJECTID":19586,"ADD_ID_LOC":null,"ANUMBERPRE":null,"ANUMBER":15965,"ANUMBERSUF":null,"ST_PRE_MOD":null,"ST_PRE_DIR":null,"ST_PRE_TYP":null,"ST_CONCAT":"32nd Street South","ST_NAME":"32nd","ST_POS_TYP":"Street","ST_POS_DIR":"South","ST_POS_MOD":null,"SUB_TYPE1":null,"SUB_ID1":null,"SUB_TYPE2":null,"SUB_ID2":null,"CO_CODE":"163","CO_NAME":"Washington","STATE_CODE":"MN","ZIP":"55001","ZIP4":null,"LOC_NAME":null,"LOC_DESC":null,"LANDMARK":null,"RESIDENCE":"No","MAILABLE":null,"STATUS":null,"PIN":"2202820140062","LONGITUDE":null,"LATITUDE":null,"SOURCE":null,"AAUTHORITY":null,"EDIT_ORG":null,"UPDATEDATE":null,"COMMENTS":null,"EX_KEY":"3EB69DAD-FCDB-48D6-A375-74C8CB1FD8B7","RT_ST_EX_KEY":null,"created_user":null,"created_date":null,"last_edited_user":"DDMATZE","last_edited_date":1691755200000,"ESN":"3","PS_MUNICODE":"A","SERV_AREA":null,"PS_STNAME":"32ND ST S","CTU_NAME":"Afton","CTU_ID_TXT":"02393887","POSTCOMM":null,"PLACE_LOC":"3","CEN_GEO":null,"UNI_WO_SUB":null,"USNG_CODE":null,"GIS911POC":null,"PSAP_CODE":"WASH","MSAG_C":"Afton","VERROR_911":null},"geometry":{"type":"Point","coordinates":[1771.0107239802019,946.0049939779565]}},{"type":"Feature","properties":{"OBJECTID":20757,"ADD_ID_LOC":null,"ANUMBERPRE":null,"ANUMBER":3165,"ANUMBERSUF":null,"ST_PRE_MOD":null,"ST_PRE_DIR":null,"ST_PRE_TYP":null,"ST_CONCAT":"Saint Croix Trail South","ST_NAME":"Saint Croix","ST_POS_TYP":"Trail","ST_POS_DIR":"South","ST_POS_MOD":null,"SUB_TYPE1":null,"SUB_ID1":null,"SUB_TYPE2":null,"SUB_ID2":null,"CO_CODE":"163","CO_NAME":"Washington","STATE_CODE":"MN","ZIP":"55001","ZIP4":null,"LOC_NAME":null,"LOC_DESC":null,"LANDMARK":null,"RESIDENCE":null,"MAILABLE":null,"STATUS":null,"PIN":"2202820110004","LONGITUDE":null,"LATITUDE":null,"SOURCE":null,"AAUTHORITY":null,"EDIT_ORG":null,"UPDATEDATE":null,"COMMENTS":null,"EX_KEY":"E2FA755C-E850-4878-84A1-E54FA889BC05","RT_ST_EX_KEY":null,"created_user":null,"created_date":null,"last_edited_user":"DDMATZE","last_edited_date":1571063278000,"ESN":"3","PS_MUNICODE":"A","SERV_AREA":null,"PS_STNAME":"SAINT CROIX TRL S","CTU_NAME":"Afton","CTU_ID_TXT":"02393887","POSTCOMM":null,"PLACE_LOC":"3","CEN_GEO":null,"UNI_WO_SUB":null,"USNG_CODE":null,"GIS911POC":null,"PSAP_CODE":"WASH","MSAG_C":"Afton","VERROR_911":null},"geometry":{"type":"Point","coordinates":[1730.9747133779456,1048.53284965083]}},{"type":"Feature","properties":{"OBJECTID":25506,"ADD_ID_LOC":null,"ANUMBERPRE":null,"ANUMBER":3335,"ANUMBERSUF":null,"ST_PRE_MOD":null,"ST_PRE_DIR":null,"ST_PRE_TYP":null,"ST_CONCAT":"Saint Croix Trail South","ST_NAME":"Saint Croix","ST_POS_TYP":"Trail","ST_POS_DIR":"South","ST_POS_MOD":null,"SUB_TYPE1":null,"SUB_ID1":null,"SUB_TYPE2":null,"SUB_ID2":null,"CO_CODE":"163","CO_NAME":"Washington","STATE_CODE":"MN","ZIP":"55001","ZIP4":null,"LOC_NAME":null,"LOC_DESC":"Herb's Salon ","LANDMARK":null,"RESIDENCE":"Yes","MAILABLE":null,"STATUS":null,"PIN":"2202820140012","LONGITUDE":null,"LATITUDE":null,"SOURCE":null,"AAUTHORITY":null,"EDIT_ORG":null,"UPDATEDATE":null,"COMMENTS":null,"EX_KEY":"AFB14544-8F07-47A5-999A-72655D849503","RT_ST_EX_KEY":null,"created_user":null,"created_date":null,"last_edited_user":"DDMATZE","last_edited_date":1593014543000,"ESN":"3","PS_MUNICODE":"A","SERV_AREA":null,"PS_STNAME":"SAINT CROIX TRL S","CTU_NAME":"Afton","CTU_ID_TXT":"02393887","POSTCOMM":null,"PLACE_LOC":"3","CEN_GEO":null,"UNI_WO_SUB":null,"USNG_CODE":null,"GIS911POC":null,"PSAP_CODE":"WASH","MSAG_C":"Afton","VERROR_911":null},"geometry":{"type":"Point","coordinates":[1718.4613069457118,814.9094220977277]}},{"type":"Feature","properties":{"OBJECTID":25507,"ADD_ID_LOC":null,"ANUMBERPRE":null,"ANUMBER":3321,"ANUMBERSUF":null,"ST_PRE_MOD":null,"ST_PRE_DIR":null,"ST_PRE_TYP":null,"ST_CONCAT":"Saint Croix Trail South","ST_NAME":"Saint Croix","ST_POS_TYP":"Trail","ST_POS_DIR":"South","ST_POS_MOD":null,"SUB_TYPE1":null,"SUB_ID1":null,"SUB_TYPE2":null,"SUB_ID2":null,"CO_CODE":"163","CO_NAME":"Washington","STATE_CODE":"MN","ZIP":"55001","ZIP4":null,"LOC_NAME":null,"LOC_DESC":"Afton Historical Society Press","LANDMARK":null,"RESIDENCE":"No","MAILABLE":null,"STATUS":null,"PIN":"2202820140013","LONGITUDE":null,"LATITUDE":null,"SOURCE":null,"AAUTHORITY":null,"EDIT_ORG":null,"UPDATEDATE":null,"COMMENTS":null,"EX_KEY":"1EDEEDC2-B951-4C59-B5F2-2E92C0C5D8B5","RT_ST_EX_KEY":null,"created_user":null,"created_date":null,"last_edited_user":"DDMATZE","last_edited_date":1593014543000,"ESN":"3","PS_MUNICODE":"A","SERV_AREA":null,"PS_STNAME":"SAINT CROIX TRL S","CTU_NAME":"Afton","CTU_ID_TXT":"02393887","POSTCOMM":null,"PLACE_LOC":"3","CEN_GEO":null,"UNI_WO_SUB":null,"USNG_CODE":null,"GIS911POC":null,"PSAP_CODE":"WASH","MSAG_C":"Afton","VERROR_911":null},"geometry":{"type":"Point","coordinates":[1722.748469588987,835.4627643041313]}},{"type":"Feature","properties":{"OBJECTID":25508,"ADD_ID_LOC":null,"ANUMBERPRE":null,"ANUMBER":3411,"ANUMBERSUF":null,"ST_PRE_MOD":null,"ST_PRE_DIR":null,"ST_PRE_TYP":null,"ST_CONCAT":"Saint Croix Trail South","ST_NAME":"Saint Croix","ST_POS_TYP":"Trail","ST_POS_DIR":"South","ST_POS_MOD":null,"SUB_TYPE1":null,"SUB_ID1":null,"SUB_TYPE2":null,"SUB_ID2":null,"CO_CODE":"163","CO_NAME":"Washington","STATE_CODE":"MN","ZIP":"55001","ZIP4":null,"LOC_NAME":null,"LOC_DESC":"Afton Leather & Gifts","LANDMARK":null,"RESIDENCE":"Yes","MAILABLE":null,"STATUS":null,"PIN":"2202820140007","LONGITUDE":null,"LATITUDE":null,"SOURCE":null,"AAUTHORITY":null,"EDIT_ORG":null,"UPDATEDATE":null,"COMMENTS":null,"EX_KEY":"9CE97FA4-E465-40D5-8C1C-DCF05F2A53D0","RT_ST_EX_KEY":null,"created_user":null,"created_date":null,"last_edited_user":"DDMATZE","last_edited_date":1593014543000,"ESN":"3","PS_MUNICODE":"A","SERV_AREA":null,"PS_STNAME":"SAINT CROIX TRL S","CTU_NAME":"Afton","CTU_ID_TXT":"02393887","POSTCOMM":null,"PLACE_LOC":"3","CEN_GEO":null,"UNI_WO_SUB":null,"USNG_CODE":null,"GIS911POC":null,"PSAP_CODE":"WASH","MSAG_C":"Afton","VERROR_911":null},"geometry":{"type":"Point","coordinates":[1735.40392684791,711.599254289642]}},{"type":"Feature","properties":{"OBJECTID":25509,"ADD_ID_LOC":null,"ANUMBERPRE":null,"ANUMBER":3329,"ANUMBERSUF":null,"ST_PRE_MOD":null,"ST_PRE_DIR":null,"ST_PRE_TYP":null,"ST_CONCAT":"Saint Croix Trail South","ST_NAME":"Saint Croix","ST_POS_TYP":"Trail","ST_POS_DIR":"South","ST_POS_MOD":null,"SUB_TYPE1":null,"SUB_ID1":null,"SUB_TYPE2":null,"SUB_ID2":null,"CO_CODE":"163","CO_NAME":"Washington","STATE_CODE":"MN","ZIP":"55001","ZIP4":null,"LOC_NAME":null,"LOC_DESC":"Lerk's Bar","LANDMARK":null,"RESIDENCE":"No","MAILABLE":null,"STATUS":null,"PIN":"2202820140014","LONGITUDE":null,"LATITUDE":null,"SOURCE":null,"AAUTHORITY":null,"EDIT_ORG":null,"UPDATEDATE":null,"COMMENTS":null,"EX_KEY":"3EB7F0A1-F558-4497-9221-122ECB1988E1","RT_ST_EX_KEY":null,"created_user":null,"created_date":null,"last_edited_user":"DDMATZE","last_edited_date":1593014543000,"ESN":"3","PS_MUNICODE":"A","SERV_AREA":null,"PS_STNAME":"SAINT CROIX TRL S","CTU_NAME":"Afton","CTU_ID_TXT":"02393887","POSTCOMM":null,"PLACE_LOC":"3","CEN_GEO":null,"UNI_WO_SUB":null,"USNG_CODE":null,"GIS911POC":null,"PSAP_CODE":"WASH","MSAG_C":"Afton","VERROR_911":null},"geometry":{"type":"Point","coordinates":[1718.926541529654,820.9694998245686]}},{"type":"Feature","properties":{"OBJECTID":25510,"ADD_ID_LOC":null,"ANUMBERPRE":null,"ANUMBER":3291,"ANUMBERSUF":null,"ST_PRE_MOD":null,"ST_PRE_DIR":null,"ST_PRE_TYP":null,"ST_CONCAT":"Saint Croix Trail South","ST_NAME":"Saint Croix","ST_POS_TYP":"Trail","ST_POS_DIR":"South","ST_POS_MOD":null,"SUB_TYPE1":null,"SUB_ID1":null,"SUB_TYPE2":null,"SUB_ID2":null,"CO_CODE":"163","CO_NAME":"Washington","STATE_CODE":"MN","ZIP":"55001","ZIP4":null,"LOC_NAME":null,"LOC_DESC":"Afton House Inn ","LANDMARK":null,"RESIDENCE":"No","MAILABLE":null,"STATUS":null,"PIN":"2202820140062","LONGITUDE":null,"LATITUDE":null,"SOURCE":null,"AAUTHORITY":null,"EDIT_ORG":null,"UPDATEDATE":null,"COMMENTS":null,"EX_KEY":"9583B6CF-7F0A-4D5A-BEFA-9CDA4F05E7F6","RT_ST_EX_KEY":null,"created_user":null,"created_date":null,"last_edited_user":"DDMATZE","last_edited_date":1691755200000,"ESN":"3","PS_MUNICODE":"A","SERV_AREA":null,"PS_STNAME":"SAINT CROIX TRL S","CTU_NAME":"Afton","CTU_ID_TXT":"02393887","POSTCOMM":null,"PLACE_LOC":"3","CEN_GEO":null,"UNI_WO_SUB":null,"USNG_CODE":null,"GIS911POC":null,"PSAP_CODE":"WASH","MSAG_C":"Afton","VERROR_911":null},"geometry":{"type":"Point","coordinates":[1723.5537193584023,868.4963317234069]}},{"type":"Feature","properties":{"OBJECTID":25511,"ADD_ID_LOC":null,"ANUMBERPRE":null,"ANUMBER":3291,"ANUMBERSUF":null,"ST_PRE_MOD":null,"ST_PRE_DIR":null,"ST_PRE_TYP":null,"ST_CONCAT":"Saint Croix Trail South","ST_NAME":"Saint Croix","ST_POS_TYP":"Trail","ST_POS_DIR":"South","ST_POS_MOD":null,"SUB_TYPE1":"Suite","SUB_ID1":"1","SUB_TYPE2":null,"SUB_ID2":null,"CO_CODE":"163","CO_NAME":"Washington","STATE_CODE":"MN","ZIP":"55001","ZIP4":null,"LOC_NAME":null,"LOC_DESC":"Velo Du Nord Bike Shop","LANDMARK":null,"RESIDENCE":"No","MAILABLE":null,"STATUS":null,"PIN":"2202820140062","LONGITUDE":null,"LATITUDE":null,"SOURCE":null,"AAUTHORITY":null,"EDIT_ORG":null,"UPDATEDATE":null,"COMMENTS":null,"EX_KEY":"B3C18658-5047-4D2F-9B0D-9D88509C7CBB","RT_ST_EX_KEY":null,"created_user":null,"created_date":null,"last_edited_user":"DDMATZE","last_edited_date":1691755200000,"ESN":"3","PS_MUNICODE":"A","SERV_AREA":null,"PS_STNAME":"SAINT CROIX TRL S","CTU_NAME":"Afton","CTU_ID_TXT":"02393887","POSTCOMM":null,"PLACE_LOC":"3","CEN_GEO":null,"UNI_WO_SUB":null,"USNG_CODE":null,"GIS911POC":null,"PSAP_CODE":"WASH","MSAG_C":"Afton","VERROR_911":null},"geometry":{"type":"Point","coordinates":[1722.3001951989718,906.0962112182751]}},{"type":"Feature","properties":{"OBJECTID":25512,"ADD_ID_LOC":null,"ANUMBERPRE":null,"ANUMBER":3291,"ANUMBERSUF":null,"ST_PRE_MOD":null,"ST_PRE_DIR":null,"ST_PRE_TYP":null,"ST_CONCAT":"Saint Croix Trail South","ST_NAME":"Saint Croix","ST_POS_TYP":"Trail","ST_POS_DIR":"South","ST_POS_MOD":null,"SUB_TYPE1":"Suite","SUB_ID1":"2 & 3","SUB_TYPE2":null,"SUB_ID2":null,"CO_CODE":"163","CO_NAME":"Washington","STATE_CODE":"MN","ZIP":"55001","ZIP4":null,"LOC_NAME":null,"LOC_DESC":"Swirl Wine Bar ","LANDMARK":null,"RESIDENCE":"No","MAILABLE":null,"STATUS":null,"PIN":"2202820140062","LONGITUDE":null,"LATITUDE":null,"SOURCE":null,"AAUTHORITY":null,"EDIT_ORG":null,"UPDATEDATE":null,"COMMENTS":null,"EX_KEY":"37DAE940-1451-42F0-938C-1A1B3471667C","RT_ST_EX_KEY":null,"created_user":null,"created_date":null,"last_edited_user":"DDMATZE","last_edited_date":1691755200000,"ESN":"3","PS_MUNICODE":"A","SERV_AREA":null,"PS_STNAME":"SAINT CROIX TRL S","CTU_NAME":"Afton","CTU_ID_TXT":"02393887","POSTCOMM":null,"PLACE_LOC":"3","CEN_GEO":null,"UNI_WO_SUB":null,"USNG_CODE":null,"GIS911POC":null,"PSAP_CODE":"WASH","MSAG_C":"Afton","VERROR_911":null},"geometry":{"type":"Point","coordinates":[1720.246680257842,916.1552699515596]}},{"type":"Feature","properties":{"OBJECTID":25513,"ADD_ID_LOC":null,"ANUMBERPRE":null,"ANUMBER":3291,"ANUMBERSUF":null,"ST_PRE_MOD":null,"ST_PRE_DIR":null,"ST_PRE_TYP":null,"ST_CONCAT":"Saint Croix Trail South","ST_NAME":"Saint Croix","ST_POS_TYP":"Trail","ST_POS_DIR":"South","ST_POS_MOD":null,"SUB_TYPE1":"Suite","SUB_ID1":"4","SUB_TYPE2":null,"SUB_ID2":null,"CO_CODE":"163","CO_NAME":"Washington","STATE_CODE":"MN","ZIP":"55001","ZIP4":null,"LOC_NAME":null,"LOC_DESC":"Bisou Bisou Salon ","LANDMARK":null,"RESIDENCE":"No","MAILABLE":null,"STATUS":null,"PIN":"2202820140062","LONGITUDE":null,"LATITUDE":null,"SOURCE":null,"AAUTHORITY":null,"EDIT_ORG":null,"UPDATEDATE":null,"COMMENTS":null,"EX_KEY":"3247D10C-4CCD-414E-9BC5-76661FF5588D","RT_ST_EX_KEY":null,"created_user":null,"created_date":null,"last_edited_user":"DDMATZE","last_edited_date":1691755200000,"ESN":"3","PS_MUNICODE":"A","SERV_AREA":null,"PS_STNAME":"SAINT CROIX TRL S","CTU_NAME":"Afton","CTU_ID_TXT":"02393887","POSTCOMM":null,"PLACE_LOC":"3","CEN_GEO":null,"UNI_WO_SUB":null,"USNG_CODE":null,"GIS911POC":null,"PSAP_CODE":"WASH","MSAG_C":"Afton","VERROR_911":null},"geometry":{"type":"Point","coordinates":[1719.8112747638952,922.9511379338801]}},{"type":"Feature","properties":{"OBJECTID":25514,"ADD_ID_LOC":null,"ANUMBERPRE":null,"ANUMBER":3290,"ANUMBERSUF":null,"ST_PRE_MOD":null,"ST_PRE_DIR":null,"ST_PRE_TYP":null,"ST_CONCAT":"Saint Croix Trail South","ST_NAME":"Saint Croix","ST_POS_TYP":"Trail","ST_POS_DIR":"South","ST_POS_MOD":null,"SUB_TYPE1":"Building","SUB_ID1":"B","SUB_TYPE2":null,"SUB_ID2":null,"CO_CODE":"163","CO_NAME":"Washington","STATE_CODE":"MN","ZIP":"55001","ZIP4":null,"LOC_NAME":null,"LOC_DESC":"Vintage Vouge Cottage","LANDMARK":null,"RESIDENCE":"No","MAILABLE":null,"STATUS":null,"PIN":"2202820140029","LONGITUDE":null,"LATITUDE":null,"SOURCE":null,"AAUTHORITY":null,"EDIT_ORG":null,"UPDATEDATE":null,"COMMENTS":null,"EX_KEY":"A1B9CA8B-20DD-4832-86A1-778D3972994E","RT_ST_EX_KEY":null,"created_user":null,"created_date":null,"last_edited_user":"DDMATZE","last_edited_date":1580935823000,"ESN":"3","PS_MUNICODE":"A","SERV_AREA":null,"PS_STNAME":"SAINT CROIX TRL S","CTU_NAME":"Afton","CTU_ID_TXT":"02393887","POSTCOMM":null,"PLACE_LOC":"3","CEN_GEO":null,"UNI_WO_SUB":null,"USNG_CODE":null,"GIS911POC":null,"PSAP_CODE":"WASH","MSAG_C":"Afton","VERROR_911":null},"geometry":{"type":"Point","coordinates":[1661.9570277609746,866.939316204749]}},{"type":"Feature","properties":{"OBJECTID":25515,"ADD_ID_LOC":null,"ANUMBERPRE":null,"ANUMBER":3290,"ANUMBERSUF":null,"ST_PRE_MOD":null,"ST_PRE_DIR":null,"ST_PRE_TYP":null,"ST_CONCAT":"Saint Croix Trail South","ST_NAME":"Saint Croix","ST_POS_TYP":"Trail","ST_POS_DIR":"South","ST_POS_MOD":null,"SUB_TYPE1":"Building","SUB_ID1":"A","SUB_TYPE2":null,"SUB_ID2":null,"CO_CODE":"163","CO_NAME":"Washington","STATE_CODE":"MN","ZIP":"55001","ZIP4":null,"LOC_NAME":null,"LOC_DESC":"The Foundry","LANDMARK":null,"RESIDENCE":"No","MAILABLE":null,"STATUS":null,"PIN":"2202820140029","LONGITUDE":null,"LATITUDE":null,"SOURCE":null,"AAUTHORITY":null,"EDIT_ORG":null,"UPDATEDATE":null,"COMMENTS":null,"EX_KEY":"86DABCEA-7986-4302-B8E2-CEBECFD7FC92","RT_ST_EX_KEY":null,"created_user":null,"created_date":null,"last_edited_user":"DDMATZE","last_edited_date":1580935823000,"ESN":"3","PS_MUNICODE":"A","SERV_AREA":null,"PS_STNAME":"SAINT CROIX TRL S","CTU_NAME":"Afton","CTU_ID_TXT":"02393887","POSTCOMM":null,"PLACE_LOC":"3","CEN_GEO":null,"UNI_WO_SUB":null,"USNG_CODE":null,"GIS911POC":null,"PSAP_CODE":"WASH","MSAG_C":"Afton","VERROR_911":null},"geometry":{"type":"Point","coordinates":[1682.6309285683674,873.0032363794744]}},{"type":"Feature","properties":{"OBJECTID":25516,"ADD_ID_LOC":null,"ANUMBERPRE":null,"ANUMBER":3192,"ANUMBERSUF":null,"ST_PRE_MOD":null,"ST_PRE_DIR":null,"ST_PRE_TYP":null,"ST_CONCAT":"Saint Croix Trail South","ST_NAME":"Saint Croix","ST_POS_TYP":"Trail","ST_POS_DIR":"South","ST_POS_MOD":null,"SUB_TYPE1":null,"SUB_ID1":null,"SUB_TYPE2":null,"SUB_ID2":null,"CO_CODE":"163","CO_NAME":"Washington","STATE_CODE":"MN","ZIP":"55001","ZIP4":null,"LOC_NAME":null,"LOC_DESC":"Dwell Furniture and Home Decor ","LANDMARK":null,"RESIDENCE":"No","MAILABLE":null,"STATUS":null,"PIN":"2202820110028","LONGITUDE":null,"LATITUDE":null,"SOURCE":null,"AAUTHORITY":null,"EDIT_ORG":null,"UPDATEDATE":null,"COMMENTS":null,"EX_KEY":"0D74E14C-8031-4EA5-8B26-D2B67E3D7E61","RT_ST_EX_KEY":null,"created_user":null,"created_date":null,"last_edited_user":"DDMATZE","last_edited_date":1593014543000,"ESN":"3","PS_MUNICODE":"A","SERV_AREA":null,"PS_STNAME":"SAINT CROIX TRL S","CTU_NAME":"Afton","CTU_ID_TXT":"02393887","POSTCOMM":null,"PLACE_LOC":"3","CEN_GEO":null,"UNI_WO_SUB":null,"USNG_CODE":null,"GIS911POC":null,"PSAP_CODE":"WASH","MSAG_C":"Afton","VERROR_911":null},"geometry":{"type":"Point","coordinates":[1678.6309895166196,990.0526845650747]}},{"type":"Feature","properties":{"OBJECTID":25517,"ADD_ID_LOC":null,"ANUMBERPRE":null,"ANUMBER":3121,"ANUMBERSUF":null,"ST_PRE_MOD":null,"ST_PRE_DIR":null,"ST_PRE_TYP":null,"ST_CONCAT":"Saint Croix Trail South","ST_NAME":"Saint Croix","ST_POS_TYP":"Trail","ST_POS_DIR":"South","ST_POS_MOD":null,"SUB_TYPE1":"Suite","SUB_ID1":"201","SUB_TYPE2":null,"SUB_ID2":null,"CO_CODE":"163","CO_NAME":"Washington","STATE_CODE":"MN","ZIP":"55001","ZIP4":null,"LOC_NAME":null,"LOC_DESC":"Seeberger Law Office, PLLC","LANDMARK":null,"RESIDENCE":"No","MAILABLE":null,"STATUS":null,"PIN":"2202820110008","LONGITUDE":null,"LATITUDE":null,"SOURCE":null,"AAUTHORITY":null,"EDIT_ORG":null,"UPDATEDATE":null,"COMMENTS":null,"EX_KEY":"DEE93C89-4018-40C5-8F3C-6056254E700C","RT_ST_EX_KEY":null,"created_user":null,"created_date":null,"last_edited_user":"DDMATZE","last_edited_date":1580934588000,"ESN":"3","PS_MUNICODE":"A","SERV_AREA":null,"PS_STNAME":"SAINT CROIX TRL S","CTU_NAME":"Afton","CTU_ID_TXT":"02393887","POSTCOMM":null,"PLACE_LOC":"3","CEN_GEO":null,"UNI_WO_SUB":null,"USNG_CODE":null,"GIS911POC":null,"PSAP_CODE":"WASH","MSAG_C":"Afton","VERROR_911":null},"geometry":{"type":"Point","coordinates":[1737.0420692265616,1170.1197906509042]}},{"type":"Feature","properties":{"OBJECTID":25518,"ADD_ID_LOC":null,"ANUMBERPRE":null,"ANUMBER":3121,"ANUMBERSUF":null,"ST_PRE_MOD":null,"ST_PRE_DIR":null,"ST_PRE_TYP":null,"ST_CONCAT":"Saint Croix Trail South","ST_NAME":"Saint Croix","ST_POS_TYP":"Trail","ST_POS_DIR":"South","ST_POS_MOD":null,"SUB_TYPE1":"Suite","SUB_ID1":"204","SUB_TYPE2":null,"SUB_ID2":null,"CO_CODE":"163","CO_NAME":"Washington","STATE_CODE":"MN","ZIP":"55001","ZIP4":null,"LOC_NAME":null,"LOC_DESC":null,"LANDMARK":"Afton Law Office ","RESIDENCE":"No","MAILABLE":null,"STATUS":null,"PIN":"2202820110008","LONGITUDE":null,"LATITUDE":null,"SOURCE":null,"AAUTHORITY":null,"EDIT_ORG":null,"UPDATEDATE":null,"COMMENTS":null,"EX_KEY":"438D908C-A02D-46E1-B2C8-4FC227A301A6","RT_ST_EX_KEY":null,"created_user":null,"created_date":null,"last_edited_user":"DDMATZE","last_edited_date":1674596182000,"ESN":"3","PS_MUNICODE":"A","SERV_AREA":null,"PS_STNAME":"SAINT CROIX TRL S","CTU_NAME":"Afton","CTU_ID_TXT":"02393887","POSTCOMM":null,"PLACE_LOC":"3","CEN_GEO":null,"UNI_WO_SUB":null,"USNG_CODE":null,"GIS911POC":null,"PSAP_CODE":"WASH","MSAG_C":"Afton","VERROR_911":null},"geometry":{"type":"Point","coordinates":[1734.1019691060064,1178.56248320546]}},{"type":"Feature","properties":{"OBJECTID":25519,"ADD_ID_LOC":null,"ANUMBERPRE":null,"ANUMBER":3121,"ANUMBERSUF":null,"ST_PRE_MOD":null,"ST_PRE_DIR":null,"ST_PRE_TYP":null,"ST_CONCAT":"Saint Croix Trail South","ST_NAME":"Saint Croix","ST_POS_TYP":"Trail","ST_POS_DIR":"South","ST_POS_MOD":null,"SUB_TYPE1":"Suite","SUB_ID1":"205","SUB_TYPE2":null,"SUB_ID2":null,"CO_CODE":"163","CO_NAME":"Washington","STATE_CODE":"MN","ZIP":"55001","ZIP4":null,"LOC_NAME":null,"LOC_DESC":"Beck Best, CMT Massage Therapy ","LANDMARK":null,"RESIDENCE":"No","MAILABLE":null,"STATUS":null,"PIN":"2202820110008","LONGITUDE":null,"LATITUDE":null,"SOURCE":null,"AAUTHORITY":null,"EDIT_ORG":null,"UPDATEDATE":null,"COMMENTS":null,"EX_KEY":"D9B37AE5-91FF-4CAE-A8FC-75A874EAD246","RT_ST_EX_KEY":null,"created_user":null,"created_date":null,"last_edited_user":"DDMATZE","last_edited_date":1580934588000,"ESN":"3","PS_MUNICODE":"A","SERV_AREA":null,"PS_STNAME":"SAINT CROIX TRL S","CTU_NAME":"Afton","CTU_ID_TXT":"02393887","POSTCOMM":null,"PLACE_LOC":"3","CEN_GEO":null,"UNI_WO_SUB":null,"USNG_CODE":null,"GIS911POC":null,"PSAP_CODE":"WASH","MSAG_C":"Afton","VERROR_911":null},"geometry":{"type":"Point","coordinates":[1740.5724596887012,1176.4042358295992]}},{"type":"Feature","properties":{"OBJECTID":25520,"ADD_ID_LOC":null,"ANUMBERPRE":null,"ANUMBER":3121,"ANUMBERSUF":null,"ST_PRE_MOD":null,"ST_PRE_DIR":null,"ST_PRE_TYP":null,"ST_CONCAT":"Saint Croix Trail South","ST_NAME":"Saint Croix","ST_POS_TYP":"Trail","ST_POS_DIR":"South","ST_POS_MOD":null,"SUB_TYPE1":"Suite","SUB_ID1":"101","SUB_TYPE2":null,"SUB_ID2":null,"CO_CODE":"163","CO_NAME":"Washington","STATE_CODE":"MN","ZIP":"55001","ZIP4":null,"LOC_NAME":null,"LOC_DESC":null,"LANDMARK":null,"RESIDENCE":"No","MAILABLE":null,"STATUS":null,"PIN":"2202820110008","LONGITUDE":null,"LATITUDE":null,"SOURCE":null,"AAUTHORITY":null,"EDIT_ORG":null,"UPDATEDATE":null,"COMMENTS":null,"EX_KEY":"F07CF418-7FC0-473E-A1F5-AD2EDFD45653","RT_ST_EX_KEY":null,"created_user":null,"created_date":null,"last_edited_user":"DDMATZE","last_edited_date":1674596182000,"ESN":"3","PS_MUNICODE":"A","SERV_AREA":null,"PS_STNAME":"SAINT CROIX TRL S","CTU_NAME":"Afton","CTU_ID_TXT":"02393887","POSTCOMM":null,"PLACE_LOC":"3","CEN_GEO":null,"UNI_WO_SUB":null,"USNG_CODE":null,"GIS911POC":null,"PSAP_CODE":"WASH","MSAG_C":"Afton","VERROR_911":null},"geometry":{"type":"Point","coordinates":[1726.7375780844013,1168.108982150443]}},{"type":"Feature","properties":{"OBJECTID":25521,"ADD_ID_LOC":null,"ANUMBERPRE":null,"ANUMBER":3121,"ANUMBERSUF":null,"ST_PRE_MOD":null,"ST_PRE_DIR":null,"ST_PRE_TYP":null,"ST_CONCAT":"Saint Croix Trail South","ST_NAME":"Saint Croix","ST_POS_TYP":"Trail","ST_POS_DIR":"South","ST_POS_MOD":null,"SUB_TYPE1":"Suite","SUB_ID1":"104","SUB_TYPE2":null,"SUB_ID2":null,"CO_CODE":"163","CO_NAME":"Washington","STATE_CODE":"MN","ZIP":"55001","ZIP4":null,"LOC_NAME":null,"LOC_DESC":null,"LANDMARK":"US Postal Service ","RESIDENCE":"No","MAILABLE":null,"STATUS":null,"PIN":"2202820110008","LONGITUDE":null,"LATITUDE":null,"SOURCE":null,"AAUTHORITY":null,"EDIT_ORG":null,"UPDATEDATE":null,"COMMENTS":null,"EX_KEY":"46CD54E6-C7DC-4968-B19D-8CCADCB9F5F3","RT_ST_EX_KEY":null,"created_user":null,"created_date":null,"last_edited_user":"DDMATZE","last_edited_date":1674596182000,"ESN":"3","PS_MUNICODE":"A","SERV_AREA":null,"PS_STNAME":"SAINT CROIX TRL S","CTU_NAME":"Afton","CTU_ID_TXT":"02393887","POSTCOMM":null,"PLACE_LOC":"3","CEN_GEO":null,"UNI_WO_SUB":null,"USNG_CODE":null,"GIS911POC":null,"PSAP_CODE":"WASH","MSAG_C":"Afton","VERROR_911":null},"geometry":{"type":"Point","coordinates":[1740.682258359855,1184.0033753756434]}},{"type":"Feature","properties":{"OBJECTID":31190,"ADD_ID_LOC":null,"ANUMBERPRE":null,"ANUMBER":3418,"ANUMBERSUF":null,"ST_PRE_MOD":null,"ST_PRE_DIR":null,"ST_PRE_TYP":null,"ST_CONCAT":"Saint Croix Trail South","ST_NAME":"Saint Croix","ST_POS_TYP":"Trail","ST_POS_DIR":"South","ST_POS_MOD":null,"SUB_TYPE1":null,"SUB_ID1":null,"SUB_TYPE2":null,"SUB_ID2":null,"CO_CODE":"163","CO_NAME":"Washington","STATE_CODE":"MN","ZIP":"55001","ZIP4":null,"LOC_NAME":"","LOC_DESC":"Public Restrooms at Town Square Park","LANDMARK":"Town Square Park","RESIDENCE":"No","MAILABLE":"No","STATUS":null,"PIN":"2202820140041","LONGITUDE":null,"LATITUDE":null,"SOURCE":null,"AAUTHORITY":null,"EDIT_ORG":null,"UPDATEDATE":1508457600000,"COMMENTS":null,"EX_KEY":"FD1F2F19-D46F-4B45-A861-AAC008300532","RT_ST_EX_KEY":null,"created_user":"TASIEBE","created_date":1508514037000,"last_edited_user":"DDMATZE","last_edited_date":1571063134000,"ESN":"3","PS_MUNICODE":"A","SERV_AREA":null,"PS_STNAME":"SAINT CROIX TRL S","CTU_NAME":"Afton","CTU_ID_TXT":"02393887","POSTCOMM":null,"PLACE_LOC":"3","CEN_GEO":null,"UNI_WO_SUB":null,"USNG_CODE":null,"GIS911POC":null,"PSAP_CODE":"WASH","MSAG_C":"Afton","VERROR_911":null},"geometry":{"type":"Point","coordinates":[1678.4572668724577,677.0135075803846]}},{"type":"Feature","properties":{"OBJECTID":33218,"ADD_ID_LOC":null,"ANUMBERPRE":null,"ANUMBER":15893,"ANUMBERSUF":null,"ST_PRE_MOD":null,"ST_PRE_DIR":null,"ST_PRE_TYP":null,"ST_CONCAT":"Afton Boulevard South","ST_NAME":"Afton","ST_POS_TYP":"Boulevard","ST_POS_DIR":"South","ST_POS_MOD":null,"SUB_TYPE1":null,"SUB_ID1":null,"SUB_TYPE2":null,"SUB_ID2":null,"CO_CODE":"163","CO_NAME":"Washington","STATE_CODE":"MN","ZIP":"55001","ZIP4":null,"LOC_NAME":null,"LOC_DESC":null,"LANDMARK":null,"RESIDENCE":"Yes","MAILABLE":null,"STATUS":null,"PIN":"2202820110027","LONGITUDE":null,"LATITUDE":null,"SOURCE":null,"AAUTHORITY":null,"EDIT_ORG":null,"UPDATEDATE":null,"COMMENTS":null,"EX_KEY":"DD6F0003-4F9D-4EAF-94E5-ADE631858AC2","RT_ST_EX_KEY":null,"created_user":"DDMATZE","created_date":1514381621000,"last_edited_user":"DDMATZE","last_edited_date":1557844245000,"ESN":"3","PS_MUNICODE":"A","SERV_AREA":null,"PS_STNAME":"AFTON BLVD S","CTU_NAME":"Afton","CTU_ID_TXT":"02393887","POSTCOMM":null,"PLACE_LOC":"3","CEN_GEO":null,"UNI_WO_SUB":null,"USNG_CODE":null,"GIS911POC":null,"PSAP_CODE":"WASH","MSAG_C":"Afton","VERROR_911":null},"geometry":{"type":"Point","coordinates":[1664.6448230237002,1045.8051168639213]}},{"type":"Feature","properties":{"OBJECTID":34681,"ADD_ID_LOC":null,"ANUMBERPRE":null,"ANUMBER":15889,"ANUMBERSUF":null,"ST_PRE_MOD":null,"ST_PRE_DIR":null,"ST_PRE_TYP":null,"ST_CONCAT":"36th Street South","ST_NAME":"36th","ST_POS_TYP":"Street","ST_POS_DIR":"South","ST_POS_MOD":null,"SUB_TYPE1":null,"SUB_ID1":null,"SUB_TYPE2":null,"SUB_ID2":null,"CO_CODE":"163","CO_NAME":"Washington","STATE_CODE":"MN","ZIP":"55001","ZIP4":null,"LOC_NAME":null,"LOC_DESC":null,"LANDMARK":null,"RESIDENCE":"Yes","MAILABLE":null,"STATUS":null,"PIN":"2202820410027","LONGITUDE":null,"LATITUDE":null,"SOURCE":null,"AAUTHORITY":null,"EDIT_ORG":null,"UPDATEDATE":null,"COMMENTS":null,"EX_KEY":"BD7C6ADD-33E1-4302-9419-61E8E4D9847C","RT_ST_EX_KEY":null,"created_user":"DDMATZE","created_date":1514381621000,"last_edited_user":"DDMATZE","last_edited_date":1557844252000,"ESN":"3","PS_MUNICODE":"A","SERV_AREA":null,"PS_STNAME":"36TH ST S","CTU_NAME":"Afton","CTU_ID_TXT":"02393887","POSTCOMM":null,"PLACE_LOC":"3","CEN_GEO":null,"UNI_WO_SUB":null,"USNG_CODE":null,"GIS911POC":null,"PSAP_CODE":"WASH","MSAG_C":"Afton","VERROR_911":null},"geometry":{"type":"Point","coordinates":[1646.1645304807462,362.6201153732836]}},{"type":"Feature","properties":{"OBJECTID":34925,"ADD_ID_LOC":null,"ANUMBERPRE":null,"ANUMBER":5,"ANUMBERSUF":null,"ST_PRE_MOD":null,"ST_PRE_DIR":null,"ST_PRE_TYP":null,"ST_CONCAT":"Coulee Ridge Road South","ST_NAME":"Coulee Ridge","ST_POS_TYP":"Road","ST_POS_DIR":"South","ST_POS_MOD":null,"SUB_TYPE1":null,"SUB_ID1":null,"SUB_TYPE2":null,"SUB_ID2":null,"CO_CODE":"163","CO_NAME":"Washington","STATE_CODE":"MN","ZIP":"55001","ZIP4":null,"LOC_NAME":null,"LOC_DESC":null,"LANDMARK":null,"RESIDENCE":"Yes","MAILABLE":null,"STATUS":null,"PIN":"2202820420007","LONGITUDE":null,"LATITUDE":null,"SOURCE":null,"AAUTHORITY":null,"EDIT_ORG":null,"UPDATEDATE":null,"COMMENTS":null,"EX_KEY":"98C93A07-DA50-49E2-ACA0-11F829022FE9","RT_ST_EX_KEY":null,"created_user":"DDMATZE","created_date":1514381621000,"last_edited_user":"DDMATZE","last_edited_date":1557844252000,"ESN":"3","PS_MUNICODE":"A","SERV_AREA":null,"PS_STNAME":"COULEE RIDGE RD S","CTU_NAME":"Afton","CTU_ID_TXT":"02393887","POSTCOMM":null,"PLACE_LOC":"3","CEN_GEO":null,"UNI_WO_SUB":null,"USNG_CODE":null,"GIS911POC":null,"PSAP_CODE":"WASH","MSAG_C":"Afton","VERROR_911":null},"geometry":{"type":"Point","coordinates":[1410.4341928923968,557.4463882297277]}},{"type":"Feature","properties":{"OBJECTID":36688,"ADD_ID_LOC":null,"ANUMBERPRE":null,"ANUMBER":3369,"ANUMBERSUF":null,"ST_PRE_MOD":null,"ST_PRE_DIR":null,"ST_PRE_TYP":null,"ST_CONCAT":"Pennington Avenue South","ST_NAME":"Pennington","ST_POS_TYP":"Avenue","ST_POS_DIR":"South","ST_POS_MOD":null,"SUB_TYPE1":null,"SUB_ID1":null,"SUB_TYPE2":null,"SUB_ID2":null,"CO_CODE":"163","CO_NAME":"Washington","STATE_CODE":"MN","ZIP":"55001","ZIP4":null,"LOC_NAME":null,"LOC_DESC":null,"LANDMARK":null,"RESIDENCE":"Yes","MAILABLE":null,"STATUS":null,"PIN":"2202820140065","LONGITUDE":null,"LATITUDE":null,"SOURCE":null,"AAUTHORITY":null,"EDIT_ORG":null,"UPDATEDATE":null,"COMMENTS":null,"EX_KEY":"C9E0FBE3-4F00-4FD6-A3ED-C7B9B2620EAF","RT_ST_EX_KEY":null,"created_user":"DDMATZE","created_date":1514381621000,"last_edited_user":"DDMATZE","last_edited_date":1557844262000,"ESN":"3","PS_MUNICODE":"A","SERV_AREA":null,"PS_STNAME":"PENNINGTON AVE S","CTU_NAME":"Afton","CTU_ID_TXT":"02393887","POSTCOMM":null,"PLACE_LOC":"3","CEN_GEO":null,"UNI_WO_SUB":null,"USNG_CODE":null,"GIS911POC":null,"PSAP_CODE":"WASH","MSAG_C":"Afton","VERROR_911":null},"geometry":{"type":"Point","coordinates":[1501.5485509807477,762.7101678093895]}},{"type":"Feature","properties":{"OBJECTID":36712,"ADD_ID_LOC":null,"ANUMBERPRE":null,"ANUMBER":3070,"ANUMBERSUF":null,"ST_PRE_MOD":null,"ST_PRE_DIR":null,"ST_PRE_TYP":null,"ST_CONCAT":"Pike Avenue South","ST_NAME":"Pike","ST_POS_TYP":"Avenue","ST_POS_DIR":"South","ST_POS_MOD":null,"SUB_TYPE1":null,"SUB_ID1":null,"SUB_TYPE2":null,"SUB_ID2":null,"CO_CODE":"163","CO_NAME":"Washington","STATE_CODE":"MN","ZIP":"55001","ZIP4":null,"LOC_NAME":null,"LOC_DESC":null,"LANDMARK":null,"RESIDENCE":"Yes","MAILABLE":null,"STATUS":null,"PIN":"2202820110013","LONGITUDE":null,"LATITUDE":null,"SOURCE":null,"AAUTHORITY":null,"EDIT_ORG":null,"UPDATEDATE":null,"COMMENTS":null,"EX_KEY":"E35AC3CE-D33E-4989-AC63-9DFC444AB46B","RT_ST_EX_KEY":null,"created_user":"DDMATZE","created_date":1514381621000,"last_edited_user":"DDMATZE","last_edited_date":1557844263000,"ESN":"3","PS_MUNICODE":"A","SERV_AREA":null,"PS_STNAME":"PIKE AVE S","CTU_NAME":"Afton","CTU_ID_TXT":"02393887","POSTCOMM":null,"PLACE_LOC":"3","CEN_GEO":null,"UNI_WO_SUB":null,"USNG_CODE":null,"GIS911POC":null,"PSAP_CODE":"WASH","MSAG_C":"Afton","VERROR_911":null},"geometry":{"type":"Point","coordinates":[1783.4339965466643,1248.1297870697454]}},{"type":"Feature","properties":{"OBJECTID":39052,"ADD_ID_LOC":null,"ANUMBERPRE":null,"ANUMBER":3561,"ANUMBERSUF":null,"ST_PRE_MOD":null,"ST_PRE_DIR":null,"ST_PRE_TYP":null,"ST_CONCAT":"Saint Croix Trail South","ST_NAME":"Saint Croix","ST_POS_TYP":"Trail","ST_POS_DIR":"South","ST_POS_MOD":null,"SUB_TYPE1":null,"SUB_ID1":null,"SUB_TYPE2":null,"SUB_ID2":null,"CO_CODE":"163","CO_NAME":"Washington","STATE_CODE":"MN","ZIP":"55001","ZIP4":null,"LOC_NAME":null,"LOC_DESC":null,"LANDMARK":null,"RESIDENCE":"Yes","MAILABLE":null,"STATUS":null,"PIN":"2202820410054","LONGITUDE":null,"LATITUDE":null,"SOURCE":null,"AAUTHORITY":null,"EDIT_ORG":null,"UPDATEDATE":null,"COMMENTS":null,"EX_KEY":"785F6E42-C90E-455C-9A00-F95510CF8392","RT_ST_EX_KEY":null,"created_user":"DDMATZE","created_date":1514381621000,"last_edited_user":"DDMATZE","last_edited_date":1557844276000,"ESN":"3","PS_MUNICODE":"A","SERV_AREA":null,"PS_STNAME":"SAINT CROIX TRL S","CTU_NAME":"Afton","CTU_ID_TXT":"02393887","POSTCOMM":null,"PLACE_LOC":"3","CEN_GEO":null,"UNI_WO_SUB":null,"USNG_CODE":null,"GIS911POC":null,"PSAP_CODE":"WASH","MSAG_C":"Afton","VERROR_911":null},"geometry":{"type":"Point","coordinates":[1722.977300094557,435.71165968384594]}},{"type":"Feature","properties":{"OBJECTID":41577,"ADD_ID_LOC":null,"ANUMBERPRE":null,"ANUMBER":3403,"ANUMBERSUF":null,"ST_PRE_MOD":null,"ST_PRE_DIR":null,"ST_PRE_TYP":null,"ST_CONCAT":"Pennington Avenue South","ST_NAME":"Pennington","ST_POS_TYP":"Avenue","ST_POS_DIR":"South","ST_POS_MOD":null,"SUB_TYPE1":null,"SUB_ID1":null,"SUB_TYPE2":null,"SUB_ID2":null,"CO_CODE":"163","CO_NAME":"Washington","STATE_CODE":"MN","ZIP":"55001","ZIP4":null,"LOC_NAME":null,"LOC_DESC":null,"LANDMARK":null,"RESIDENCE":"Yes","MAILABLE":null,"STATUS":null,"PIN":"2202820140048","LONGITUDE":null,"LATITUDE":null,"SOURCE":null,"AAUTHORITY":null,"EDIT_ORG":null,"UPDATEDATE":null,"COMMENTS":null,"EX_KEY":"CCCB8680-FB76-4D32-B174-1340F9F23A26","RT_ST_EX_KEY":null,"created_user":"DDMATZE","created_date":1514381621000,"last_edited_user":"DDMATZE","last_edited_date":1557844288000,"ESN":"3","PS_MUNICODE":"A","SERV_AREA":null,"PS_STNAME":"PENNINGTON AVE S","CTU_NAME":"Afton","CTU_ID_TXT":"02393887","POSTCOMM":null,"PLACE_LOC":"3","CEN_GEO":null,"UNI_WO_SUB":null,"USNG_CODE":null,"GIS911POC":null,"PSAP_CODE":"WASH","MSAG_C":"Afton","VERROR_911":null},"geometry":{"type":"Point","coordinates":[1495.9747458778438,711.6207636445761]}},{"type":"Feature","properties":{"OBJECTID":44374,"ADD_ID_LOC":null,"ANUMBERPRE":null,"ANUMBER":3329,"ANUMBERSUF":null,"ST_PRE_MOD":null,"ST_PRE_DIR":null,"ST_PRE_TYP":null,"ST_CONCAT":"Pennington Avenue South","ST_NAME":"Pennington","ST_POS_TYP":"Avenue","ST_POS_DIR":"South","ST_POS_MOD":null,"SUB_TYPE1":null,"SUB_ID1":null,"SUB_TYPE2":null,"SUB_ID2":null,"CO_CODE":"163","CO_NAME":"Washington","STATE_CODE":"MN","ZIP":"55001","ZIP4":null,"LOC_NAME":null,"LOC_DESC":null,"LANDMARK":null,"RESIDENCE":"Yes","MAILABLE":null,"STATUS":null,"PIN":"2202820140049","LONGITUDE":null,"LATITUDE":null,"SOURCE":null,"AAUTHORITY":null,"EDIT_ORG":null,"UPDATEDATE":null,"COMMENTS":null,"EX_KEY":"BB0F5E3C-BCFF-4020-B04F-E9500C63A5A2","RT_ST_EX_KEY":null,"created_user":"DDMATZE","created_date":1514381621000,"last_edited_user":"DDMATZE","last_edited_date":1557844303000,"ESN":"3","PS_MUNICODE":"A","SERV_AREA":null,"PS_STNAME":"PENNINGTON AVE S","CTU_NAME":"Afton","CTU_ID_TXT":"02393887","POSTCOMM":null,"PLACE_LOC":"3","CEN_GEO":null,"UNI_WO_SUB":null,"USNG_CODE":null,"GIS911POC":null,"PSAP_CODE":"WASH","MSAG_C":"Afton","VERROR_911":null},"geometry":{"type":"Point","coordinates":[1502.7092577529256,822.0658653471619]}},{"type":"Feature","properties":{"OBJECTID":45128,"ADD_ID_LOC":null,"ANUMBERPRE":null,"ANUMBER":15953,"ANUMBERSUF":null,"ST_PRE_MOD":null,"ST_PRE_DIR":null,"ST_PRE_TYP":null,"ST_CONCAT":"31st Street South","ST_NAME":"31st","ST_POS_TYP":"Street","ST_POS_DIR":"South","ST_POS_MOD":null,"SUB_TYPE1":null,"SUB_ID1":null,"SUB_TYPE2":null,"SUB_ID2":null,"CO_CODE":"163","CO_NAME":"Washington","STATE_CODE":"MN","ZIP":"55001","ZIP4":null,"LOC_NAME":null,"LOC_DESC":null,"LANDMARK":null,"RESIDENCE":"Yes","MAILABLE":null,"STATUS":null,"PIN":"2202820110012","LONGITUDE":null,"LATITUDE":null,"SOURCE":null,"AAUTHORITY":null,"EDIT_ORG":null,"UPDATEDATE":null,"COMMENTS":null,"EX_KEY":"6BAB0AD1-74EE-4930-B356-4051D56AA027","RT_ST_EX_KEY":null,"created_user":"DDMATZE","created_date":1514381621000,"last_edited_user":"DDMATZE","last_edited_date":1557844308000,"ESN":"3","PS_MUNICODE":"A","SERV_AREA":null,"PS_STNAME":"31ST ST S","CTU_NAME":"Afton","CTU_ID_TXT":"02393887","POSTCOMM":null,"PLACE_LOC":"3","CEN_GEO":null,"UNI_WO_SUB":null,"USNG_CODE":null,"GIS911POC":null,"PSAP_CODE":"WASH","MSAG_C":"Afton","VERROR_911":null},"geometry":{"type":"Point","coordinates":[1780.5005134218372,1168.790873695165]}},{"type":"Feature","properties":{"OBJECTID":47246,"ADD_ID_LOC":null,"ANUMBERPRE":null,"ANUMBER":15872,"ANUMBERSUF":null,"ST_PRE_MOD":null,"ST_PRE_DIR":null,"ST_PRE_TYP":null,"ST_CONCAT":"32nd Street South","ST_NAME":"32nd","ST_POS_TYP":"Street","ST_POS_DIR":"South","ST_POS_MOD":null,"SUB_TYPE1":null,"SUB_ID1":null,"SUB_TYPE2":null,"SUB_ID2":null,"CO_CODE":"163","CO_NAME":"Washington","STATE_CODE":"MN","ZIP":"55001","ZIP4":null,"LOC_NAME":null,"LOC_DESC":null,"LANDMARK":null,"RESIDENCE":"Yes","MAILABLE":null,"STATUS":null,"PIN":"2202820110029","LONGITUDE":null,"LATITUDE":null,"SOURCE":null,"AAUTHORITY":null,"EDIT_ORG":null,"UPDATEDATE":null,"COMMENTS":null,"EX_KEY":"1CD198A7-3CB9-4165-9648-5C0FDDC6D104","RT_ST_EX_KEY":null,"created_user":"DDMATZE","created_date":1514381621000,"last_edited_user":"DDMATZE","last_edited_date":1557844319000,"ESN":"3","PS_MUNICODE":"A","SERV_AREA":null,"PS_STNAME":"32ND ST S","CTU_NAME":"Afton","CTU_ID_TXT":"02393887","POSTCOMM":null,"PLACE_LOC":"3","CEN_GEO":null,"UNI_WO_SUB":null,"USNG_CODE":null,"GIS911POC":null,"PSAP_CODE":"WASH","MSAG_C":"Afton","VERROR_911":null},"geometry":{"type":"Point","coordinates":[1608.9135673012934,991.3924877811223]}},{"type":"Feature","properties":{"OBJECTID":47887,"ADD_ID_LOC":null,"ANUMBERPRE":null,"ANUMBER":3632,"ANUMBERSUF":null,"ST_PRE_MOD":null,"ST_PRE_DIR":null,"ST_PRE_TYP":null,"ST_CONCAT":"Saint Croix Trail South","ST_NAME":"Saint Croix","ST_POS_TYP":"Trail","ST_POS_DIR":"South","ST_POS_MOD":null,"SUB_TYPE1":null,"SUB_ID1":null,"SUB_TYPE2":null,"SUB_ID2":null,"CO_CODE":"163","CO_NAME":"Washington","STATE_CODE":"MN","ZIP":"55001","ZIP4":null,"LOC_NAME":null,"LOC_DESC":null,"LANDMARK":null,"RESIDENCE":"Yes","MAILABLE":null,"STATUS":null,"PIN":"2202820410056","LONGITUDE":null,"LATITUDE":null,"SOURCE":null,"AAUTHORITY":null,"EDIT_ORG":null,"UPDATEDATE":null,"COMMENTS":null,"EX_KEY":"8C84B439-D6DC-475E-9F00-9D52BA41B286","RT_ST_EX_KEY":null,"created_user":"DDMATZE","created_date":1514381621000,"last_edited_user":"DDMATZE","last_edited_date":1668790974000,"ESN":"3","PS_MUNICODE":"A","SERV_AREA":null,"PS_STNAME":"SAINT CROIX TRL S","CTU_NAME":"Afton","CTU_ID_TXT":"02393887","POSTCOMM":null,"PLACE_LOC":"3","CEN_GEO":null,"UNI_WO_SUB":null,"USNG_CODE":null,"GIS911POC":null,"PSAP_CODE":"WASH","MSAG_C":"Afton","VERROR_911":null},"geometry":{"type":"Point","coordinates":[1676.9705049065524,312.0939605580643]}},{"type":"Feature","properties":{"OBJECTID":48121,"ADD_ID_LOC":null,"ANUMBERPRE":null,"ANUMBER":15858,"ANUMBERSUF":null,"ST_PRE_MOD":null,"ST_PRE_DIR":null,"ST_PRE_TYP":null,"ST_CONCAT":"34th Street South","ST_NAME":"34th","ST_POS_TYP":"Street","ST_POS_DIR":"South","ST_POS_MOD":null,"SUB_TYPE1":null,"SUB_ID1":null,"SUB_TYPE2":null,"SUB_ID2":null,"CO_CODE":"163","CO_NAME":"Washington","STATE_CODE":"MN","ZIP":"55001","ZIP4":null,"LOC_NAME":null,"LOC_DESC":null,"LANDMARK":null,"RESIDENCE":"Yes","MAILABLE":null,"STATUS":null,"PIN":"2202820140040","LONGITUDE":null,"LATITUDE":null,"SOURCE":null,"AAUTHORITY":null,"EDIT_ORG":null,"UPDATEDATE":null,"COMMENTS":null,"EX_KEY":"3D935AFC-6F36-4A02-8628-43A7A99653D0","RT_ST_EX_KEY":null,"created_user":"DDMATZE","created_date":1514381621000,"last_edited_user":"DDMATZE","last_edited_date":1557844325000,"ESN":"3","PS_MUNICODE":"A","SERV_AREA":null,"PS_STNAME":"34TH ST S","CTU_NAME":"Afton","CTU_ID_TXT":"02393887","POSTCOMM":null,"PLACE_LOC":"3","CEN_GEO":null,"UNI_WO_SUB":null,"USNG_CODE":null,"GIS911POC":null,"PSAP_CODE":"WASH","MSAG_C":"Afton","VERROR_911":null},"geometry":{"type":"Point","coordinates":[1611.8649573061266,758.5986596094444]}},{"type":"Feature","properties":{"OBJECTID":49283,"ADD_ID_LOC":null,"ANUMBERPRE":null,"ANUMBER":3520,"ANUMBERSUF":null,"ST_PRE_MOD":null,"ST_PRE_DIR":null,"ST_PRE_TYP":null,"ST_CONCAT":"Perrot Avenue South","ST_NAME":"Perrot","ST_POS_TYP":"Avenue","ST_POS_DIR":"South","ST_POS_MOD":null,"SUB_TYPE1":null,"SUB_ID1":null,"SUB_TYPE2":null,"SUB_ID2":null,"CO_CODE":"163","CO_NAME":"Washington","STATE_CODE":"MN","ZIP":"55001","ZIP4":null,"LOC_NAME":null,"LOC_DESC":null,"LANDMARK":null,"RESIDENCE":"Yes","MAILABLE":null,"STATUS":null,"PIN":"2202820410040","LONGITUDE":null,"LATITUDE":null,"SOURCE":null,"AAUTHORITY":null,"EDIT_ORG":null,"UPDATEDATE":null,"COMMENTS":null,"EX_KEY":"B32B3E03-DDF9-4260-8DB6-049292C3A8D5","RT_ST_EX_KEY":null,"created_user":"DDMATZE","created_date":1514381621000,"last_edited_user":"DDMATZE","last_edited_date":1557844331000,"ESN":"3","PS_MUNICODE":"A","SERV_AREA":null,"PS_STNAME":"PERROT AVE S","CTU_NAME":"Afton","CTU_ID_TXT":"02393887","POSTCOMM":null,"PLACE_LOC":"3","CEN_GEO":null,"UNI_WO_SUB":null,"USNG_CODE":null,"GIS911POC":null,"PSAP_CODE":"WASH","MSAG_C":"Afton","VERROR_911":null},"geometry":{"type":"Point","coordinates":[1568.6484348372323,466.2746246671304]}},{"type":"Feature","properties":{"OBJECTID":50326,"ADD_ID_LOC":null,"ANUMBERPRE":null,"ANUMBER":3418,"ANUMBERSUF":null,"ST_PRE_MOD":null,"ST_PRE_DIR":null,"ST_PRE_TYP":null,"ST_CONCAT":"Pennington Avenue South","ST_NAME":"Pennington","ST_POS_TYP":"Avenue","ST_POS_DIR":"South","ST_POS_MOD":null,"SUB_TYPE1":null,"SUB_ID1":null,"SUB_TYPE2":null,"SUB_ID2":null,"CO_CODE":"163","CO_NAME":"Washington","STATE_CODE":"MN","ZIP":"55001","ZIP4":null,"LOC_NAME":null,"LOC_DESC":null,"LANDMARK":null,"RESIDENCE":"Yes","MAILABLE":null,"STATUS":null,"PIN":"2202820140058","LONGITUDE":null,"LATITUDE":null,"SOURCE":null,"AAUTHORITY":null,"EDIT_ORG":null,"UPDATEDATE":null,"COMMENTS":null,"EX_KEY":"EE7FDD4D-9BCC-4959-94B0-611C6C05AB8F","RT_ST_EX_KEY":null,"created_user":"DDMATZE","created_date":1514381621000,"last_edited_user":"DDMATZE","last_edited_date":1557844337000,"ESN":"3","PS_MUNICODE":"A","SERV_AREA":null,"PS_STNAME":"PENNINGTON AVE S","CTU_NAME":"Afton","CTU_ID_TXT":"02393887","POSTCOMM":null,"PLACE_LOC":"3","CEN_GEO":null,"UNI_WO_SUB":null,"USNG_CODE":null,"GIS911POC":null,"PSAP_CODE":"WASH","MSAG_C":"Afton","VERROR_911":null},"geometry":{"type":"Point","coordinates":[1440.9012370767887,657.7459781225771]}},{"type":"Feature","properties":{"OBJECTID":50929,"ADD_ID_LOC":null,"ANUMBERPRE":null,"ANUMBER":3250,"ANUMBERSUF":null,"ST_PRE_MOD":null,"ST_PRE_DIR":null,"ST_PRE_TYP":null,"ST_CONCAT":"Pennington Avenue South","ST_NAME":"Pennington","ST_POS_TYP":"Avenue","ST_POS_DIR":"South","ST_POS_MOD":null,"SUB_TYPE1":null,"SUB_ID1":null,"SUB_TYPE2":null,"SUB_ID2":null,"CO_CODE":"163","CO_NAME":"Washington","STATE_CODE":"MN","ZIP":"55001","ZIP4":null,"LOC_NAME":null,"LOC_DESC":null,"LANDMARK":null,"RESIDENCE":"Yes","MAILABLE":null,"STATUS":null,"PIN":"2202820130003","LONGITUDE":null,"LATITUDE":null,"SOURCE":null,"AAUTHORITY":null,"EDIT_ORG":null,"UPDATEDATE":null,"COMMENTS":null,"EX_KEY":"31CD10FF-78FE-4944-8829-80926A43F9CA","RT_ST_EX_KEY":null,"created_user":"DDMATZE","created_date":1514381621000,"last_edited_user":"DDMATZE","last_edited_date":1557844339000,"ESN":"3","PS_MUNICODE":"A","SERV_AREA":null,"PS_STNAME":"PENNINGTON AVE S","CTU_NAME":"Afton","CTU_ID_TXT":"02393887","POSTCOMM":null,"PLACE_LOC":"3","CEN_GEO":null,"UNI_WO_SUB":null,"USNG_CODE":null,"GIS911POC":null,"PSAP_CODE":"WASH","MSAG_C":"Afton","VERROR_911":null},"geometry":{"type":"Point","coordinates":[1433.6841165286605,926.8081918628886]}},{"type":"Feature","properties":{"OBJECTID":53524,"ADD_ID_LOC":null,"ANUMBERPRE":null,"ANUMBER":3491,"ANUMBERSUF":null,"ST_PRE_MOD":null,"ST_PRE_DIR":null,"ST_PRE_TYP":null,"ST_CONCAT":"Saint Croix Trail South","ST_NAME":"Saint Croix","ST_POS_TYP":"Trail","ST_POS_DIR":"South","ST_POS_MOD":null,"SUB_TYPE1":null,"SUB_ID1":null,"SUB_TYPE2":null,"SUB_ID2":null,"CO_CODE":"163","CO_NAME":"Washington","STATE_CODE":"MN","ZIP":"55001","ZIP4":null,"LOC_NAME":null,"LOC_DESC":null,"LANDMARK":null,"RESIDENCE":"Yes","MAILABLE":null,"STATUS":null,"PIN":"2202820410016","LONGITUDE":null,"LATITUDE":null,"SOURCE":null,"AAUTHORITY":null,"EDIT_ORG":null,"UPDATEDATE":null,"COMMENTS":null,"EX_KEY":"98A08C7B-2258-49F3-AD92-1EA941C70753","RT_ST_EX_KEY":null,"created_user":"DDMATZE","created_date":1514381621000,"last_edited_user":"DDMATZE","last_edited_date":1557844354000,"ESN":"3","PS_MUNICODE":"A","SERV_AREA":null,"PS_STNAME":"SAINT CROIX TRL S","CTU_NAME":"Afton","CTU_ID_TXT":"02393887","POSTCOMM":null,"PLACE_LOC":"3","CEN_GEO":null,"UNI_WO_SUB":null,"USNG_CODE":null,"GIS911POC":null,"PSAP_CODE":"WASH","MSAG_C":"Afton","VERROR_911":null},"geometry":{"type":"Point","coordinates":[1735.6072743884288,547.7307469425723]}},{"type":"Feature","properties":{"OBJECTID":53662,"ADD_ID_LOC":null,"ANUMBERPRE":null,"ANUMBER":15875,"ANUMBERSUF":null,"ST_PRE_MOD":null,"ST_PRE_DIR":null,"ST_PRE_TYP":null,"ST_CONCAT":"36th Street South","ST_NAME":"36th","ST_POS_TYP":"Street","ST_POS_DIR":"South","ST_POS_MOD":null,"SUB_TYPE1":null,"SUB_ID1":null,"SUB_TYPE2":null,"SUB_ID2":null,"CO_CODE":"163","CO_NAME":"Washington","STATE_CODE":"MN","ZIP":"55001","ZIP4":null,"LOC_NAME":null,"LOC_DESC":null,"LANDMARK":null,"RESIDENCE":"Yes","MAILABLE":null,"STATUS":null,"PIN":"2202820410028","LONGITUDE":null,"LATITUDE":null,"SOURCE":null,"AAUTHORITY":null,"EDIT_ORG":null,"UPDATEDATE":null,"COMMENTS":null,"EX_KEY":"39A36587-6639-408C-891A-6DBDC57D8B8B","RT_ST_EX_KEY":null,"created_user":"DDMATZE","created_date":1514381621000,"last_edited_user":"DDMATZE","last_edited_date":1557844354000,"ESN":"3","PS_MUNICODE":"A","SERV_AREA":null,"PS_STNAME":"36TH ST S","CTU_NAME":"Afton","CTU_ID_TXT":"02393887","POSTCOMM":null,"PLACE_LOC":"3","CEN_GEO":null,"UNI_WO_SUB":null,"USNG_CODE":null,"GIS911POC":null,"PSAP_CODE":"WASH","MSAG_C":"Afton","VERROR_911":null},"geometry":{"type":"Point","coordinates":[1616.0692025002209,359.147686063312]}},{"type":"Feature","properties":{"OBJECTID":53750,"ADD_ID_LOC":null,"ANUMBERPRE":null,"ANUMBER":3395,"ANUMBERSUF":null,"ST_PRE_MOD":null,"ST_PRE_DIR":null,"ST_PRE_TYP":null,"ST_CONCAT":"Saint Croix Trail South","ST_NAME":"Saint Croix","ST_POS_TYP":"Trail","ST_POS_DIR":"South","ST_POS_MOD":null,"SUB_TYPE1":null,"SUB_ID1":null,"SUB_TYPE2":null,"SUB_ID2":null,"CO_CODE":"163","CO_NAME":"Washington","STATE_CODE":"MN","ZIP":"55001","ZIP4":null,"LOC_NAME":null,"LOC_DESC":null,"LANDMARK":null,"RESIDENCE":"Yes","MAILABLE":null,"STATUS":null,"PIN":"2202820140066","LONGITUDE":null,"LATITUDE":null,"SOURCE":null,"AAUTHORITY":null,"EDIT_ORG":null,"UPDATEDATE":null,"COMMENTS":null,"EX_KEY":"9B9A205A-53EE-48C9-90F8-5D28924D0FBC","RT_ST_EX_KEY":null,"created_user":"DDMATZE","created_date":1514381621000,"last_edited_user":"DDMATZE","last_edited_date":1668790974000,"ESN":"3","PS_MUNICODE":"A","SERV_AREA":null,"PS_STNAME":"SAINT CROIX TRL S","CTU_NAME":"Afton","CTU_ID_TXT":"02393887","POSTCOMM":null,"PLACE_LOC":"3","CEN_GEO":null,"UNI_WO_SUB":null,"USNG_CODE":null,"GIS911POC":null,"PSAP_CODE":"WASH","MSAG_C":"Afton","VERROR_911":null},"geometry":{"type":"Point","coordinates":[1733.339050729177,760.6609724024311]}},{"type":"Feature","properties":{"OBJECTID":54185,"ADD_ID_LOC":null,"ANUMBERPRE":null,"ANUMBER":3190,"ANUMBERSUF":null,"ST_PRE_MOD":null,"ST_PRE_DIR":null,"ST_PRE_TYP":null,"ST_CONCAT":"Perrot Avenue South","ST_NAME":"Perrot","ST_POS_TYP":"Avenue","ST_POS_DIR":"South","ST_POS_MOD":null,"SUB_TYPE1":null,"SUB_ID1":null,"SUB_TYPE2":null,"SUB_ID2":null,"CO_CODE":"163","CO_NAME":"Washington","STATE_CODE":"MN","ZIP":"55001","ZIP4":null,"LOC_NAME":null,"LOC_DESC":null,"LANDMARK":null,"RESIDENCE":"Yes","MAILABLE":null,"STATUS":null,"PIN":"2202820110032","LONGITUDE":null,"LATITUDE":null,"SOURCE":null,"AAUTHORITY":null,"EDIT_ORG":null,"UPDATEDATE":null,"COMMENTS":null,"EX_KEY":"A575324B-C710-4221-B49F-127A991BCDFC","RT_ST_EX_KEY":null,"created_user":"DDMATZE","created_date":1514381621000,"last_edited_user":"DDMATZE","last_edited_date":1557844358000,"ESN":"3","PS_MUNICODE":"A","SERV_AREA":null,"PS_STNAME":"PERROT AVE S","CTU_NAME":"Afton","CTU_ID_TXT":"02393887","POSTCOMM":null,"PLACE_LOC":"3","CEN_GEO":null,"UNI_WO_SUB":null,"USNG_CODE":null,"GIS911POC":null,"PSAP_CODE":"WASH","MSAG_C":"Afton","VERROR_911":null},"geometry":{"type":"Point","coordinates":[1572.6582266357727,991.6781317740679]}},{"type":"Feature","properties":{"OBJECTID":54894,"ADD_ID_LOC":null,"ANUMBERPRE":null,"ANUMBER":15960,"ANUMBERSUF":null,"ST_PRE_MOD":null,"ST_PRE_DIR":null,"ST_PRE_TYP":null,"ST_CONCAT":"35th Street South","ST_NAME":"35th","ST_POS_TYP":"Street","ST_POS_DIR":"South","ST_POS_MOD":null,"SUB_TYPE1":null,"SUB_ID1":null,"SUB_TYPE2":null,"SUB_ID2":null,"CO_CODE":"163","CO_NAME":"Washington","STATE_CODE":"MN","ZIP":"55001","ZIP4":null,"LOC_NAME":null,"LOC_DESC":null,"LANDMARK":null,"RESIDENCE":"Yes","MAILABLE":null,"STATUS":null,"PIN":"2202820410017","LONGITUDE":null,"LATITUDE":null,"SOURCE":null,"AAUTHORITY":null,"EDIT_ORG":null,"UPDATEDATE":null,"COMMENTS":null,"EX_KEY":"766346AF-FD56-4B1E-8F43-BD0045B9629C","RT_ST_EX_KEY":null,"created_user":"DDMATZE","created_date":1514381621000,"last_edited_user":"DDMATZE","last_edited_date":1557844360000,"ESN":"3","PS_MUNICODE":"A","SERV_AREA":null,"PS_STNAME":"35TH ST S","CTU_NAME":"Afton","CTU_ID_TXT":"02393887","POSTCOMM":null,"PLACE_LOC":"3","CEN_GEO":null,"UNI_WO_SUB":null,"USNG_CODE":null,"GIS911POC":null,"PSAP_CODE":"WASH","MSAG_C":"Afton","VERROR_911":null},"geometry":{"type":"Point","coordinates":[1782.3734700214118,521.8254917813465]}},{"type":"Feature","properties":{"OBJECTID":55364,"ADD_ID_LOC":null,"ANUMBERPRE":null,"ANUMBER":3193,"ANUMBERSUF":null,"ST_PRE_MOD":null,"ST_PRE_DIR":null,"ST_PRE_TYP":null,"ST_CONCAT":"Pennington Avenue South","ST_NAME":"Pennington","ST_POS_TYP":"Avenue","ST_POS_DIR":"South","ST_POS_MOD":null,"SUB_TYPE1":null,"SUB_ID1":null,"SUB_TYPE2":null,"SUB_ID2":null,"CO_CODE":"163","CO_NAME":"Washington","STATE_CODE":"MN","ZIP":"55001","ZIP4":null,"LOC_NAME":null,"LOC_DESC":null,"LANDMARK":null,"RESIDENCE":"Yes","MAILABLE":null,"STATUS":null,"PIN":"2202820110031","LONGITUDE":null,"LATITUDE":null,"SOURCE":null,"AAUTHORITY":null,"EDIT_ORG":null,"UPDATEDATE":null,"COMMENTS":null,"EX_KEY":"F2BC4E50-0AA1-4A00-9F9C-87F77980E6D9","RT_ST_EX_KEY":null,"created_user":"DDMATZE","created_date":1514381621000,"last_edited_user":"DDMATZE","last_edited_date":1557844364000,"ESN":"3","PS_MUNICODE":"A","SERV_AREA":null,"PS_STNAME":"PENNINGTON AVE S","CTU_NAME":"Afton","CTU_ID_TXT":"02393887","POSTCOMM":null,"PLACE_LOC":"3","CEN_GEO":null,"UNI_WO_SUB":null,"USNG_CODE":null,"GIS911POC":null,"PSAP_CODE":"WASH","MSAG_C":"Afton","VERROR_911":null},"geometry":{"type":"Point","coordinates":[1498.349655660335,991.9651739001274]}},{"type":"Feature","properties":{"OBJECTID":57456,"ADD_ID_LOC":null,"ANUMBERPRE":null,"ANUMBER":15945,"ANUMBERSUF":null,"ST_PRE_MOD":null,"ST_PRE_DIR":null,"ST_PRE_TYP":null,"ST_CONCAT":"35th Street South","ST_NAME":"35th","ST_POS_TYP":"Street","ST_POS_DIR":"South","ST_POS_MOD":null,"SUB_TYPE1":null,"SUB_ID1":null,"SUB_TYPE2":null,"SUB_ID2":null,"CO_CODE":"163","CO_NAME":"Washington","STATE_CODE":"MN","ZIP":"55001","ZIP4":null,"LOC_NAME":null,"LOC_DESC":null,"LANDMARK":null,"RESIDENCE":"Yes","MAILABLE":null,"STATUS":null,"PIN":"2202820410009","LONGITUDE":null,"LATITUDE":null,"SOURCE":null,"AAUTHORITY":null,"EDIT_ORG":null,"UPDATEDATE":null,"COMMENTS":null,"EX_KEY":"8E6FA148-99E4-4178-A3C1-4AB93815E5BA","RT_ST_EX_KEY":null,"created_user":"DDMATZE","created_date":1514381621000,"last_edited_user":"DDMATZE","last_edited_date":1557844374000,"ESN":"3","PS_MUNICODE":"A","SERV_AREA":null,"PS_STNAME":"35TH ST S","CTU_NAME":"Afton","CTU_ID_TXT":"02393887","POSTCOMM":null,"PLACE_LOC":"3","CEN_GEO":null,"UNI_WO_SUB":null,"USNG_CODE":null,"GIS911POC":null,"PSAP_CODE":"WASH","MSAG_C":"Afton","VERROR_911":null},"geometry":{"type":"Point","coordinates":[1737.9370918067289,469.34010653663427]}},{"type":"Feature","properties":{"OBJECTID":59635,"ADD_ID_LOC":null,"ANUMBERPRE":null,"ANUMBER":3055,"ANUMBERSUF":null,"ST_PRE_MOD":null,"ST_PRE_DIR":null,"ST_PRE_TYP":null,"ST_CONCAT":"Saint Croix Trail South","ST_NAME":"Saint Croix","ST_POS_TYP":"Trail","ST_POS_DIR":"South","ST_POS_MOD":null,"SUB_TYPE1":null,"SUB_ID1":null,"SUB_TYPE2":null,"SUB_ID2":null,"CO_CODE":"163","CO_NAME":"Washington","STATE_CODE":"MN","ZIP":"55001","ZIP4":null,"LOC_NAME":null,"LOC_DESC":null,"LANDMARK":null,"RESIDENCE":"Yes","MAILABLE":null,"STATUS":null,"PIN":"2202820110015","LONGITUDE":null,"LATITUDE":null,"SOURCE":null,"AAUTHORITY":null,"EDIT_ORG":null,"UPDATEDATE":null,"COMMENTS":null,"EX_KEY":"7A06501D-2623-4949-880C-75DFE80D2C29","RT_ST_EX_KEY":null,"created_user":"DDMATZE","created_date":1514381621000,"last_edited_user":"DDMATZE","last_edited_date":1557844386000,"ESN":"3","PS_MUNICODE":"A","SERV_AREA":null,"PS_STNAME":"SAINT CROIX TRL S","CTU_NAME":"Afton","CTU_ID_TXT":"02393887","POSTCOMM":null,"PLACE_LOC":"3","CEN_GEO":null,"UNI_WO_SUB":null,"USNG_CODE":null,"GIS911POC":null,"PSAP_CODE":"WASH","MSAG_C":"Afton","VERROR_911":null},"geometry":{"type":"Point","coordinates":[1747.0358019357664,1283.5243678959087]}},{"type":"Feature","properties":{"OBJECTID":60528,"ADD_ID_LOC":null,"ANUMBERPRE":null,"ANUMBER":3,"ANUMBERSUF":null,"ST_PRE_MOD":null,"ST_PRE_DIR":null,"ST_PRE_TYP":null,"ST_CONCAT":"Coulee Ridge Road South","ST_NAME":"Coulee Ridge","ST_POS_TYP":"Road","ST_POS_DIR":"South","ST_POS_MOD":null,"SUB_TYPE1":null,"SUB_ID1":null,"SUB_TYPE2":null,"SUB_ID2":null,"CO_CODE":"163","CO_NAME":"Washington","STATE_CODE":"MN","ZIP":"55001","ZIP4":null,"LOC_NAME":null,"LOC_DESC":null,"LANDMARK":null,"RESIDENCE":"Yes","MAILABLE":null,"STATUS":null,"PIN":"2202820130022","LONGITUDE":null,"LATITUDE":null,"SOURCE":null,"AAUTHORITY":null,"EDIT_ORG":null,"UPDATEDATE":null,"COMMENTS":null,"EX_KEY":"49A04C2E-90EB-4E0B-AE06-9149CE703407","RT_ST_EX_KEY":null,"created_user":"DDMATZE","created_date":1514381621000,"last_edited_user":"DDMATZE","last_edited_date":1557844391000,"ESN":"3","PS_MUNICODE":"A","SERV_AREA":null,"PS_STNAME":"COULEE RIDGE RD S","CTU_NAME":"Afton","CTU_ID_TXT":"02393887","POSTCOMM":null,"PLACE_LOC":"3","CEN_GEO":null,"UNI_WO_SUB":null,"USNG_CODE":null,"GIS911POC":null,"PSAP_CODE":"WASH","MSAG_C":"Afton","VERROR_911":null},"geometry":{"type":"Point","coordinates":[1312.5545026715263,568.9142353199422]}},{"type":"Feature","properties":{"OBJECTID":63180,"ADD_ID_LOC":null,"ANUMBERPRE":null,"ANUMBER":3160,"ANUMBERSUF":null,"ST_PRE_MOD":null,"ST_PRE_DIR":null,"ST_PRE_TYP":null,"ST_CONCAT":"Perrot Avenue South","ST_NAME":"Perrot","ST_POS_TYP":"Avenue","ST_POS_DIR":"South","ST_POS_MOD":null,"SUB_TYPE1":null,"SUB_ID1":null,"SUB_TYPE2":null,"SUB_ID2":null,"CO_CODE":"163","CO_NAME":"Washington","STATE_CODE":"MN","ZIP":"55001","ZIP4":null,"LOC_NAME":null,"LOC_DESC":null,"LANDMARK":null,"RESIDENCE":"Yes","MAILABLE":null,"STATUS":null,"PIN":"2202820110036","LONGITUDE":null,"LATITUDE":null,"SOURCE":null,"AAUTHORITY":null,"EDIT_ORG":null,"UPDATEDATE":null,"COMMENTS":null,"EX_KEY":"8C2476EB-2EDB-42F4-BEA9-4ABFB96C30FE","RT_ST_EX_KEY":null,"created_user":"DDMATZE","created_date":1514381621000,"last_edited_user":"DDMATZE","last_edited_date":1557844407000,"ESN":"3","PS_MUNICODE":"A","SERV_AREA":null,"PS_STNAME":"PERROT AVE S","CTU_NAME":"Afton","CTU_ID_TXT":"02393887","POSTCOMM":null,"PLACE_LOC":"3","CEN_GEO":null,"UNI_WO_SUB":null,"USNG_CODE":null,"GIS911POC":null,"PSAP_CODE":"WASH","MSAG_C":"Afton","VERROR_911":null},"geometry":{"type":"Point","coordinates":[1564.059207573766,1034.3038163827732]}},{"type":"Feature","properties":{"OBJECTID":63861,"ADD_ID_LOC":null,"ANUMBERPRE":null,"ANUMBER":3322,"ANUMBERSUF":null,"ST_PRE_MOD":null,"ST_PRE_DIR":null,"ST_PRE_TYP":null,"ST_CONCAT":"Pennington Avenue South","ST_NAME":"Pennington","ST_POS_TYP":"Avenue","ST_POS_DIR":"South","ST_POS_MOD":null,"SUB_TYPE1":null,"SUB_ID1":null,"SUB_TYPE2":null,"SUB_ID2":null,"CO_CODE":"163","CO_NAME":"Washington","STATE_CODE":"MN","ZIP":"55001","ZIP4":null,"LOC_NAME":null,"LOC_DESC":null,"LANDMARK":null,"RESIDENCE":"Yes","MAILABLE":null,"STATUS":null,"PIN":"2202820140055","LONGITUDE":null,"LATITUDE":null,"SOURCE":null,"AAUTHORITY":null,"EDIT_ORG":null,"UPDATEDATE":null,"COMMENTS":null,"EX_KEY":"F0A24F4B-8330-4F03-8138-9925521E667F","RT_ST_EX_KEY":null,"created_user":"DDMATZE","created_date":1514381621000,"last_edited_user":"DDMATZE","last_edited_date":1557844409000,"ESN":"3","PS_MUNICODE":"A","SERV_AREA":null,"PS_STNAME":"PENNINGTON AVE S","CTU_NAME":"Afton","CTU_ID_TXT":"02393887","POSTCOMM":null,"PLACE_LOC":"3","CEN_GEO":null,"UNI_WO_SUB":null,"USNG_CODE":null,"GIS911POC":null,"PSAP_CODE":"WASH","MSAG_C":"Afton","VERROR_911":null},"geometry":{"type":"Point","coordinates":[1437.1749631762505,830.2440990433097]}},{"type":"Feature","properties":{"OBJECTID":65387,"ADD_ID_LOC":null,"ANUMBERPRE":null,"ANUMBER":15740,"ANUMBERSUF":null,"ST_PRE_MOD":null,"ST_PRE_DIR":null,"ST_PRE_TYP":null,"ST_CONCAT":"Upper 34th Street South","ST_NAME":"Upper 34th","ST_POS_TYP":"Street","ST_POS_DIR":"South","ST_POS_MOD":null,"SUB_TYPE1":null,"SUB_ID1":null,"SUB_TYPE2":null,"SUB_ID2":null,"CO_CODE":"163","CO_NAME":"Washington","STATE_CODE":"MN","ZIP":"55001","ZIP4":null,"LOC_NAME":null,"LOC_DESC":null,"LANDMARK":null,"RESIDENCE":"Yes","MAILABLE":null,"STATUS":null,"PIN":"2202820130015","LONGITUDE":null,"LATITUDE":null,"SOURCE":null,"AAUTHORITY":null,"EDIT_ORG":null,"UPDATEDATE":null,"COMMENTS":null,"EX_KEY":"BEFF98CE-8354-4338-8D70-F3DC0184A143","RT_ST_EX_KEY":null,"created_user":"DDMATZE","created_date":1514381621000,"last_edited_user":"DDMATZE","last_edited_date":1557844418000,"ESN":"3","PS_MUNICODE":"A","SERV_AREA":null,"PS_STNAME":"UPPER 34TH ST S","CTU_NAME":"Afton","CTU_ID_TXT":"02393887","POSTCOMM":null,"PLACE_LOC":"3","CEN_GEO":null,"UNI_WO_SUB":null,"USNG_CODE":null,"GIS911POC":null,"PSAP_CODE":"WASH","MSAG_C":"Afton","VERROR_911":null},"geometry":{"type":"Point","coordinates":[1394.9827395370812,733.627384327352]}},{"type":"Feature","properties":{"OBJECTID":66808,"ADD_ID_LOC":null,"ANUMBERPRE":null,"ANUMBER":15895,"ANUMBERSUF":null,"ST_PRE_MOD":null,"ST_PRE_DIR":null,"ST_PRE_TYP":null,"ST_CONCAT":"35th Street South","ST_NAME":"35th","ST_POS_TYP":"Street","ST_POS_DIR":"South","ST_POS_MOD":null,"SUB_TYPE1":null,"SUB_ID1":null,"SUB_TYPE2":null,"SUB_ID2":null,"CO_CODE":"163","CO_NAME":"Washington","STATE_CODE":"MN","ZIP":"55001","ZIP4":null,"LOC_NAME":null,"LOC_DESC":null,"LANDMARK":null,"RESIDENCE":"Yes","MAILABLE":null,"STATUS":null,"PIN":"2202820410021","LONGITUDE":null,"LATITUDE":null,"SOURCE":null,"AAUTHORITY":null,"EDIT_ORG":null,"UPDATEDATE":null,"COMMENTS":null,"EX_KEY":"E0AA4E49-4113-468E-88E7-AB919AF6556C","RT_ST_EX_KEY":null,"created_user":"DDMATZE","created_date":1514381621000,"last_edited_user":"DDMATZE","last_edited_date":1557844425000,"ESN":"3","PS_MUNICODE":"A","SERV_AREA":null,"PS_STNAME":"35TH ST S","CTU_NAME":"Afton","CTU_ID_TXT":"02393887","POSTCOMM":null,"PLACE_LOC":"3","CEN_GEO":null,"UNI_WO_SUB":null,"USNG_CODE":null,"GIS911POC":null,"PSAP_CODE":"WASH","MSAG_C":"Afton","VERROR_911":null},"geometry":{"type":"Point","coordinates":[1662.7584663209273,466.9923020284623]}},{"type":"Feature","properties":{"OBJECTID":67117,"ADD_ID_LOC":null,"ANUMBERPRE":null,"ANUMBER":15721,"ANUMBERSUF":null,"ST_PRE_MOD":null,"ST_PRE_DIR":null,"ST_PRE_TYP":null,"ST_CONCAT":"Afton Boulevard South","ST_NAME":"Afton","ST_POS_TYP":"Boulevard","ST_POS_DIR":"South","ST_POS_MOD":null,"SUB_TYPE1":null,"SUB_ID1":null,"SUB_TYPE2":null,"SUB_ID2":null,"CO_CODE":"163","CO_NAME":"Washington","STATE_CODE":"MN","ZIP":"55001","ZIP4":null,"LOC_NAME":null,"LOC_DESC":null,"LANDMARK":null,"RESIDENCE":"Yes","MAILABLE":null,"STATUS":null,"PIN":"2202820120036","LONGITUDE":null,"LATITUDE":null,"SOURCE":null,"AAUTHORITY":null,"EDIT_ORG":null,"UPDATEDATE":null,"COMMENTS":null,"EX_KEY":"152640C6-185C-46CC-939E-AEE85254C4DC","RT_ST_EX_KEY":null,"created_user":"DDMATZE","created_date":1514381621000,"last_edited_user":"DDMATZE","last_edited_date":1557844428000,"ESN":"3","PS_MUNICODE":"A","SERV_AREA":null,"PS_STNAME":"AFTON BLVD S","CTU_NAME":"Afton","CTU_ID_TXT":"02393887","POSTCOMM":null,"PLACE_LOC":"3","CEN_GEO":null,"UNI_WO_SUB":null,"USNG_CODE":null,"GIS911POC":null,"PSAP_CODE":"WASH","MSAG_C":"Afton","VERROR_911":null},"geometry":{"type":"Point","coordinates":[1369.4765723017044,961.270740753971]}},{"type":"Feature","properties":{"OBJECTID":67291,"ADD_ID_LOC":null,"ANUMBERPRE":null,"ANUMBER":3602,"ANUMBERSUF":null,"ST_PRE_MOD":null,"ST_PRE_DIR":null,"ST_PRE_TYP":null,"ST_CONCAT":"Saint Croix Trail South","ST_NAME":"Saint Croix","ST_POS_TYP":"Trail","ST_POS_DIR":"South","ST_POS_MOD":null,"SUB_TYPE1":null,"SUB_ID1":null,"SUB_TYPE2":null,"SUB_ID2":null,"CO_CODE":"163","CO_NAME":"Washington","STATE_CODE":"MN","ZIP":"55001","ZIP4":null,"LOC_NAME":null,"LOC_DESC":null,"LANDMARK":null,"RESIDENCE":"Yes","MAILABLE":null,"STATUS":null,"PIN":"2202820410029","LONGITUDE":null,"LATITUDE":null,"SOURCE":null,"AAUTHORITY":null,"EDIT_ORG":null,"UPDATEDATE":null,"COMMENTS":null,"EX_KEY":"9CC10A42-D788-4FF9-B889-583BFC2F613E","RT_ST_EX_KEY":null,"created_user":"DDMATZE","created_date":1514381621000,"last_edited_user":"DDMATZE","last_edited_date":1557844429000,"ESN":"3","PS_MUNICODE":"A","SERV_AREA":null,"PS_STNAME":"SAINT CROIX TRL S","CTU_NAME":"Afton","CTU_ID_TXT":"02393887","POSTCOMM":null,"PLACE_LOC":"3","CEN_GEO":null,"UNI_WO_SUB":null,"USNG_CODE":null,"GIS911POC":null,"PSAP_CODE":"WASH","MSAG_C":"Afton","VERROR_911":null},"geometry":{"type":"Point","coordinates":[1683.1802404065384,367.47078669443727]}},{"type":"Feature","properties":{"OBJECTID":67935,"ADD_ID_LOC":null,"ANUMBERPRE":null,"ANUMBER":15674,"ANUMBERSUF":null,"ST_PRE_MOD":null,"ST_PRE_DIR":null,"ST_PRE_TYP":null,"ST_CONCAT":"37th Street South","ST_NAME":"37th","ST_POS_TYP":"Street","ST_POS_DIR":"South","ST_POS_MOD":null,"SUB_TYPE1":null,"SUB_ID1":null,"SUB_TYPE2":null,"SUB_ID2":null,"CO_CODE":"163","CO_NAME":"Washington","STATE_CODE":"MN","ZIP":"55001","ZIP4":null,"LOC_NAME":null,"LOC_DESC":null,"LANDMARK":null,"RESIDENCE":"Yes","MAILABLE":null,"STATUS":null,"PIN":"2202820420003","LONGITUDE":null,"LATITUDE":null,"SOURCE":null,"AAUTHORITY":null,"EDIT_ORG":null,"UPDATEDATE":null,"COMMENTS":null,"EX_KEY":"847D81E7-BE0A-417F-9C7E-3CB6C3F5D1E3","RT_ST_EX_KEY":null,"created_user":"DDMATZE","created_date":1514381621000,"last_edited_user":"DDMATZE","last_edited_date":1557844431000,"ESN":"3","PS_MUNICODE":"A","SERV_AREA":null,"PS_STNAME":"37TH ST S","CTU_NAME":"Afton","CTU_ID_TXT":"02393887","POSTCOMM":null,"PLACE_LOC":"3","CEN_GEO":null,"UNI_WO_SUB":null,"USNG_CODE":null,"GIS911POC":null,"PSAP_CODE":"WASH","MSAG_C":"Afton","VERROR_911":null},"geometry":{"type":"Point","coordinates":[1360.271527294186,344.84664050862193]}},{"type":"Feature","properties":{"OBJECTID":68383,"ADD_ID_LOC":null,"ANUMBERPRE":null,"ANUMBER":15859,"ANUMBERSUF":null,"ST_PRE_MOD":null,"ST_PRE_DIR":null,"ST_PRE_TYP":null,"ST_CONCAT":"Upper 34th Street South","ST_NAME":"Upper 34th","ST_POS_TYP":"Street","ST_POS_DIR":"South","ST_POS_MOD":null,"SUB_TYPE1":null,"SUB_ID1":null,"SUB_TYPE2":null,"SUB_ID2":null,"CO_CODE":"163","CO_NAME":"Washington","STATE_CODE":"MN","ZIP":"55001","ZIP4":null,"LOC_NAME":null,"LOC_DESC":null,"LANDMARK":null,"RESIDENCE":"Yes","MAILABLE":null,"STATUS":null,"PIN":"2202820140043","LONGITUDE":null,"LATITUDE":null,"SOURCE":null,"AAUTHORITY":null,"EDIT_ORG":null,"UPDATEDATE":null,"COMMENTS":null,"EX_KEY":"0FD7490E-D88A-463B-B4E7-D39758CFB5B1","RT_ST_EX_KEY":null,"created_user":"DDMATZE","created_date":1514381621000,"last_edited_user":"DDMATZE","last_edited_date":1557844434000,"ESN":"3","PS_MUNICODE":"A","SERV_AREA":null,"PS_STNAME":"UPPER 34TH ST S","CTU_NAME":"Afton","CTU_ID_TXT":"02393887","POSTCOMM":null,"PLACE_LOC":"3","CEN_GEO":null,"UNI_WO_SUB":null,"USNG_CODE":null,"GIS911POC":null,"PSAP_CODE":"WASH","MSAG_C":"Afton","VERROR_911":null},"geometry":{"type":"Point","coordinates":[1620.8848010039655,593.4979674853384]}},{"type":"Feature","properties":{"OBJECTID":68622,"ADD_ID_LOC":null,"ANUMBERPRE":null,"ANUMBER":15737,"ANUMBERSUF":null,"ST_PRE_MOD":null,"ST_PRE_DIR":null,"ST_PRE_TYP":null,"ST_CONCAT":"Afton Boulevard South","ST_NAME":"Afton","ST_POS_TYP":"Boulevard","ST_POS_DIR":"South","ST_POS_MOD":null,"SUB_TYPE1":null,"SUB_ID1":null,"SUB_TYPE2":null,"SUB_ID2":null,"CO_CODE":"163","CO_NAME":"Washington","STATE_CODE":"MN","ZIP":"55001","ZIP4":null,"LOC_NAME":null,"LOC_DESC":null,"LANDMARK":null,"RESIDENCE":"Yes","MAILABLE":null,"STATUS":null,"PIN":"2202820120028","LONGITUDE":null,"LATITUDE":null,"SOURCE":null,"AAUTHORITY":null,"EDIT_ORG":null,"UPDATEDATE":null,"COMMENTS":null,"EX_KEY":"4DA04D5F-1373-4213-AC90-934E58327F1F","RT_ST_EX_KEY":null,"created_user":"DDMATZE","created_date":1514381621000,"last_edited_user":"DDMATZE","last_edited_date":1557844435000,"ESN":"3","PS_MUNICODE":"A","SERV_AREA":null,"PS_STNAME":"AFTON BLVD S","CTU_NAME":"Afton","CTU_ID_TXT":"02393887","POSTCOMM":null,"PLACE_LOC":"3","CEN_GEO":null,"UNI_WO_SUB":null,"USNG_CODE":null,"GIS911POC":null,"PSAP_CODE":"WASH","MSAG_C":"Afton","VERROR_911":null},"geometry":{"type":"Point","coordinates":[1394.7356318281381,1071.26703716442]}},{"type":"Feature","properties":{"OBJECTID":70782,"ADD_ID_LOC":null,"ANUMBERPRE":null,"ANUMBER":15904,"ANUMBERSUF":null,"ST_PRE_MOD":null,"ST_PRE_DIR":null,"ST_PRE_TYP":null,"ST_CONCAT":"Afton Boulevard South","ST_NAME":"Afton","ST_POS_TYP":"Boulevard","ST_POS_DIR":"South","ST_POS_MOD":null,"SUB_TYPE1":null,"SUB_ID1":null,"SUB_TYPE2":null,"SUB_ID2":null,"CO_CODE":"163","CO_NAME":"Washington","STATE_CODE":"MN","ZIP":"55001","ZIP4":null,"LOC_NAME":null,"LOC_DESC":null,"LANDMARK":null,"RESIDENCE":"Yes","MAILABLE":null,"STATUS":null,"PIN":"2202820110009","LONGITUDE":null,"LATITUDE":null,"SOURCE":null,"AAUTHORITY":null,"EDIT_ORG":null,"UPDATEDATE":null,"COMMENTS":null,"EX_KEY":"6B51B771-B828-4A70-A081-1D53B2EA3E2E","RT_ST_EX_KEY":null,"created_user":"DDMATZE","created_date":1514381621000,"last_edited_user":"DDMATZE","last_edited_date":1557844447000,"ESN":"3","PS_MUNICODE":"A","SERV_AREA":null,"PS_STNAME":"AFTON BLVD S","CTU_NAME":"Afton","CTU_ID_TXT":"02393887","POSTCOMM":null,"PLACE_LOC":"3","CEN_GEO":null,"UNI_WO_SUB":null,"USNG_CODE":null,"GIS911POC":null,"PSAP_CODE":"WASH","MSAG_C":"Afton","VERROR_911":null},"geometry":{"type":"Point","coordinates":[1730.521927841648,1108.0380087392405]}},{"type":"Feature","properties":{"OBJECTID":71344,"ADD_ID_LOC":null,"ANUMBERPRE":null,"ANUMBER":3710,"ANUMBERSUF":null,"ST_PRE_MOD":null,"ST_PRE_DIR":null,"ST_PRE_TYP":null,"ST_CONCAT":"Saint Croix Trail South","ST_NAME":"Saint Croix","ST_POS_TYP":"Trail","ST_POS_DIR":"South","ST_POS_MOD":null,"SUB_TYPE1":null,"SUB_ID1":null,"SUB_TYPE2":null,"SUB_ID2":null,"CO_CODE":"163","CO_NAME":"Washington","STATE_CODE":"MN","ZIP":"55001","ZIP4":null,"LOC_NAME":null,"LOC_DESC":null,"LANDMARK":null,"RESIDENCE":"Yes","MAILABLE":null,"STATUS":null,"PIN":"2202820410031","LONGITUDE":null,"LATITUDE":null,"SOURCE":null,"AAUTHORITY":null,"EDIT_ORG":null,"UPDATEDATE":null,"COMMENTS":null,"EX_KEY":"185F7015-A4C0-412F-BF32-EDDA55B48C61","RT_ST_EX_KEY":null,"created_user":"DDMATZE","created_date":1514381621000,"last_edited_user":"DDMATZE","last_edited_date":1557844451000,"ESN":"3","PS_MUNICODE":"A","SERV_AREA":null,"PS_STNAME":"SAINT CROIX TRL S","CTU_NAME":"Afton","CTU_ID_TXT":"02393887","POSTCOMM":null,"PLACE_LOC":"3","CEN_GEO":null,"UNI_WO_SUB":null,"USNG_CODE":null,"GIS911POC":null,"PSAP_CODE":"WASH","MSAG_C":"Afton","VERROR_911":null},"geometry":{"type":"Point","coordinates":[1606.1378856055671,185.25867718085647]}},{"type":"Feature","properties":{"OBJECTID":72070,"ADD_ID_LOC":null,"ANUMBERPRE":null,"ANUMBER":15888,"ANUMBERSUF":null,"ST_PRE_MOD":null,"ST_PRE_DIR":null,"ST_PRE_TYP":null,"ST_CONCAT":"34th Street South","ST_NAME":"34th","ST_POS_TYP":"Street","ST_POS_DIR":"South","ST_POS_MOD":null,"SUB_TYPE1":null,"SUB_ID1":null,"SUB_TYPE2":null,"SUB_ID2":null,"CO_CODE":"163","CO_NAME":"Washington","STATE_CODE":"MN","ZIP":"55001","ZIP4":null,"LOC_NAME":null,"LOC_DESC":null,"LANDMARK":null,"RESIDENCE":"Yes","MAILABLE":null,"STATUS":null,"PIN":"2202820140038","LONGITUDE":null,"LATITUDE":null,"SOURCE":null,"AAUTHORITY":null,"EDIT_ORG":null,"UPDATEDATE":null,"COMMENTS":null,"EX_KEY":"20BEFE14-8D0A-456B-B207-67DA3CF168A4","RT_ST_EX_KEY":null,"created_user":"DDMATZE","created_date":1514381621000,"last_edited_user":"DDMATZE","last_edited_date":1557844455000,"ESN":"3","PS_MUNICODE":"A","SERV_AREA":null,"PS_STNAME":"34TH ST S","CTU_NAME":"Afton","CTU_ID_TXT":"02393887","POSTCOMM":null,"PLACE_LOC":"3","CEN_GEO":null,"UNI_WO_SUB":null,"USNG_CODE":null,"GIS911POC":null,"PSAP_CODE":"WASH","MSAG_C":"Afton","VERROR_911":null},"geometry":{"type":"Point","coordinates":[1636.7070011639153,755.4350638203323]}},{"type":"Feature","properties":{"OBJECTID":72267,"ADD_ID_LOC":null,"ANUMBERPRE":null,"ANUMBER":16053,"ANUMBERSUF":null,"ST_PRE_MOD":null,"ST_PRE_DIR":null,"ST_PRE_TYP":null,"ST_CONCAT":"31st Street South","ST_NAME":"31st","ST_POS_TYP":"Street","ST_POS_DIR":"South","ST_POS_MOD":null,"SUB_TYPE1":null,"SUB_ID1":null,"SUB_TYPE2":null,"SUB_ID2":null,"CO_CODE":"163","CO_NAME":"Washington","STATE_CODE":"MN","ZIP":"55001","ZIP4":null,"LOC_NAME":null,"LOC_DESC":null,"LANDMARK":null,"RESIDENCE":"Yes","MAILABLE":null,"STATUS":null,"PIN":"2302820220004","LONGITUDE":null,"LATITUDE":null,"SOURCE":null,"AAUTHORITY":null,"EDIT_ORG":null,"UPDATEDATE":null,"COMMENTS":null,"EX_KEY":"7F7361E9-F622-4379-89E3-749CC95BAF5E","RT_ST_EX_KEY":null,"created_user":"DDMATZE","created_date":1514381621000,"last_edited_user":"DDMATZE","last_edited_date":1662491669000,"ESN":"3","PS_MUNICODE":"A","SERV_AREA":null,"PS_STNAME":"31ST ST S","CTU_NAME":"Afton","CTU_ID_TXT":"02393887","POSTCOMM":null,"PLACE_LOC":"3","CEN_GEO":null,"UNI_WO_SUB":null,"USNG_CODE":null,"GIS911POC":null,"PSAP_CODE":"WASH","MSAG_C":"Afton","VERROR_911":null},"geometry":{"type":"Point","coordinates":[1879.8221341667813,1177.0839404417202]}},{"type":"Feature","properties":{"OBJECTID":73153,"ADD_ID_LOC":null,"ANUMBERPRE":null,"ANUMBER":15825,"ANUMBERSUF":null,"ST_PRE_MOD":null,"ST_PRE_DIR":null,"ST_PRE_TYP":null,"ST_CONCAT":"37th Street South","ST_NAME":"37th","ST_POS_TYP":"Street","ST_POS_DIR":"South","ST_POS_MOD":null,"SUB_TYPE1":null,"SUB_ID1":null,"SUB_TYPE2":null,"SUB_ID2":null,"CO_CODE":"163","CO_NAME":"Washington","STATE_CODE":"MN","ZIP":"55001","ZIP4":null,"LOC_NAME":null,"LOC_DESC":null,"LANDMARK":null,"RESIDENCE":"Yes","MAILABLE":null,"STATUS":null,"PIN":"2202820410032","LONGITUDE":null,"LATITUDE":null,"SOURCE":null,"AAUTHORITY":null,"EDIT_ORG":null,"UPDATEDATE":null,"COMMENTS":null,"EX_KEY":"94D2F2C2-C677-40F9-8239-329F03DB43BA","RT_ST_EX_KEY":null,"created_user":"DDMATZE","created_date":1514381621000,"last_edited_user":"DDMATZE","last_edited_date":1557844461000,"ESN":"3","PS_MUNICODE":"A","SERV_AREA":null,"PS_STNAME":"37TH ST S","CTU_NAME":"Afton","CTU_ID_TXT":"02393887","POSTCOMM":null,"PLACE_LOC":"3","CEN_GEO":null,"UNI_WO_SUB":null,"USNG_CODE":null,"GIS911POC":null,"PSAP_CODE":"WASH","MSAG_C":"Afton","VERROR_911":null},"geometry":{"type":"Point","coordinates":[1526.6342940607574,243.43709358759224]}},{"type":"Feature","properties":{"OBJECTID":74732,"ADD_ID_LOC":null,"ANUMBERPRE":null,"ANUMBER":15680,"ANUMBERSUF":null,"ST_PRE_MOD":null,"ST_PRE_DIR":null,"ST_PRE_TYP":null,"ST_CONCAT":"37th Street South","ST_NAME":"37th","ST_POS_TYP":"Street","ST_POS_DIR":"South","ST_POS_MOD":null,"SUB_TYPE1":null,"SUB_ID1":null,"SUB_TYPE2":null,"SUB_ID2":null,"CO_CODE":"163","CO_NAME":"Washington","STATE_CODE":"MN","ZIP":"55001","ZIP4":null,"LOC_NAME":null,"LOC_DESC":null,"LANDMARK":null,"RESIDENCE":"Yes","MAILABLE":null,"STATUS":null,"PIN":"2202820420005","LONGITUDE":null,"LATITUDE":null,"SOURCE":null,"AAUTHORITY":null,"EDIT_ORG":null,"UPDATEDATE":null,"COMMENTS":null,"EX_KEY":"F1145D5D-C1B8-406F-8D17-00C754FABE13","RT_ST_EX_KEY":null,"created_user":"DDMATZE","created_date":1514381621000,"last_edited_user":"DDMATZE","last_edited_date":1557844469000,"ESN":"3","PS_MUNICODE":"A","SERV_AREA":null,"PS_STNAME":"37TH ST S","CTU_NAME":"Afton","CTU_ID_TXT":"02393887","POSTCOMM":null,"PLACE_LOC":"3","CEN_GEO":null,"UNI_WO_SUB":null,"USNG_CODE":null,"GIS911POC":null,"PSAP_CODE":"WASH","MSAG_C":"Afton","VERROR_911":null},"geometry":{"type":"Point","coordinates":[1402.4064922174439,306.6248302962631]}},{"type":"Feature","properties":{"OBJECTID":75149,"ADD_ID_LOC":null,"ANUMBERPRE":null,"ANUMBER":3296,"ANUMBERSUF":null,"ST_PRE_MOD":null,"ST_PRE_DIR":null,"ST_PRE_TYP":null,"ST_CONCAT":"Pennington Avenue South","ST_NAME":"Pennington","ST_POS_TYP":"Avenue","ST_POS_DIR":"South","ST_POS_MOD":null,"SUB_TYPE1":null,"SUB_ID1":null,"SUB_TYPE2":null,"SUB_ID2":null,"CO_CODE":"163","CO_NAME":"Washington","STATE_CODE":"MN","ZIP":"55001","ZIP4":null,"LOC_NAME":null,"LOC_DESC":null,"LANDMARK":null,"RESIDENCE":"Yes","MAILABLE":null,"STATUS":null,"PIN":"2202820130002","LONGITUDE":null,"LATITUDE":null,"SOURCE":null,"AAUTHORITY":null,"EDIT_ORG":null,"UPDATEDATE":null,"COMMENTS":null,"EX_KEY":"13DF7534-BEE5-42D4-93F6-B065B0E4ECBC","RT_ST_EX_KEY":null,"created_user":"DDMATZE","created_date":1514381621000,"last_edited_user":"DDMATZE","last_edited_date":1557844472000,"ESN":"3","PS_MUNICODE":"A","SERV_AREA":null,"PS_STNAME":"PENNINGTON AVE S","CTU_NAME":"Afton","CTU_ID_TXT":"02393887","POSTCOMM":null,"PLACE_LOC":"3","CEN_GEO":null,"UNI_WO_SUB":null,"USNG_CODE":null,"GIS911POC":null,"PSAP_CODE":"WASH","MSAG_C":"Afton","VERROR_911":null},"geometry":{"type":"Point","coordinates":[1433.6010846049758,885.2739871721715]}},{"type":"Feature","properties":{"OBJECTID":77092,"ADD_ID_LOC":null,"ANUMBERPRE":null,"ANUMBER":3245,"ANUMBERSUF":null,"ST_PRE_MOD":null,"ST_PRE_DIR":null,"ST_PRE_TYP":null,"ST_CONCAT":"Pennington Avenue South","ST_NAME":"Pennington","ST_POS_TYP":"Avenue","ST_POS_DIR":"South","ST_POS_MOD":null,"SUB_TYPE1":null,"SUB_ID1":null,"SUB_TYPE2":null,"SUB_ID2":null,"CO_CODE":"163","CO_NAME":"Washington","STATE_CODE":"MN","ZIP":"55001","ZIP4":null,"LOC_NAME":null,"LOC_DESC":null,"LANDMARK":null,"RESIDENCE":"Yes","MAILABLE":null,"STATUS":null,"PIN":"2202820140054","LONGITUDE":null,"LATITUDE":null,"SOURCE":null,"AAUTHORITY":null,"EDIT_ORG":null,"UPDATEDATE":null,"COMMENTS":null,"EX_KEY":"82018E0D-8B46-41A6-89F6-152FF002BFBC","RT_ST_EX_KEY":null,"created_user":"DDMATZE","created_date":1514381621000,"last_edited_user":"DDMATZE","last_edited_date":1557844483000,"ESN":"3","PS_MUNICODE":"A","SERV_AREA":null,"PS_STNAME":"PENNINGTON AVE S","CTU_NAME":"Afton","CTU_ID_TXT":"02393887","POSTCOMM":null,"PLACE_LOC":"3","CEN_GEO":null,"UNI_WO_SUB":null,"USNG_CODE":null,"GIS911POC":null,"PSAP_CODE":"WASH","MSAG_C":"Afton","VERROR_911":null},"geometry":{"type":"Point","coordinates":[1508.9898031455814,936.9533960726112]}},{"type":"Feature","properties":{"OBJECTID":78148,"ADD_ID_LOC":null,"ANUMBERPRE":null,"ANUMBER":3175,"ANUMBERSUF":null,"ST_PRE_MOD":null,"ST_PRE_DIR":null,"ST_PRE_TYP":null,"ST_CONCAT":"Perrot Avenue South","ST_NAME":"Perrot","ST_POS_TYP":"Avenue","ST_POS_DIR":"South","ST_POS_MOD":null,"SUB_TYPE1":null,"SUB_ID1":null,"SUB_TYPE2":null,"SUB_ID2":null,"CO_CODE":"163","CO_NAME":"Washington","STATE_CODE":"MN","ZIP":"55001","ZIP4":null,"LOC_NAME":null,"LOC_DESC":null,"LANDMARK":null,"RESIDENCE":"Yes","MAILABLE":null,"STATUS":null,"PIN":"2202820110026","LONGITUDE":null,"LATITUDE":null,"SOURCE":null,"AAUTHORITY":null,"EDIT_ORG":null,"UPDATEDATE":null,"COMMENTS":null,"EX_KEY":"025086C2-4A76-468F-86E1-0EFA5904558A","RT_ST_EX_KEY":null,"created_user":"DDMATZE","created_date":1514381621000,"last_edited_user":"DDMATZE","last_edited_date":1557844489000,"ESN":"3","PS_MUNICODE":"A","SERV_AREA":null,"PS_STNAME":"PERROT AVE S","CTU_NAME":"Afton","CTU_ID_TXT":"02393887","POSTCOMM":null,"PLACE_LOC":"3","CEN_GEO":null,"UNI_WO_SUB":null,"USNG_CODE":null,"GIS911POC":null,"PSAP_CODE":"WASH","MSAG_C":"Afton","VERROR_911":null},"geometry":{"type":"Point","coordinates":[1611.750052931602,1042.965098656714]}},{"type":"Feature","properties":{"OBJECTID":78379,"ADD_ID_LOC":null,"ANUMBERPRE":null,"ANUMBER":15892,"ANUMBERSUF":null,"ST_PRE_MOD":null,"ST_PRE_DIR":null,"ST_PRE_TYP":null,"ST_CONCAT":"33rd Street South","ST_NAME":"33rd","ST_POS_TYP":"Street","ST_POS_DIR":"South","ST_POS_MOD":null,"SUB_TYPE1":null,"SUB_ID1":null,"SUB_TYPE2":null,"SUB_ID2":null,"CO_CODE":"163","CO_NAME":"Washington","STATE_CODE":"MN","ZIP":"55001","ZIP4":null,"LOC_NAME":null,"LOC_DESC":null,"LANDMARK":null,"RESIDENCE":"Yes","MAILABLE":null,"STATUS":null,"PIN":"2202820140030","LONGITUDE":null,"LATITUDE":null,"SOURCE":null,"AAUTHORITY":null,"EDIT_ORG":null,"UPDATEDATE":null,"COMMENTS":null,"EX_KEY":"C740AD4D-6681-47A3-8F20-B06EE1347812","RT_ST_EX_KEY":null,"created_user":"DDMATZE","created_date":1514381621000,"last_edited_user":"DDMATZE","last_edited_date":1557844489000,"ESN":"3","PS_MUNICODE":"A","SERV_AREA":null,"PS_STNAME":"33RD ST S","CTU_NAME":"Afton","CTU_ID_TXT":"02393887","POSTCOMM":null,"PLACE_LOC":"3","CEN_GEO":null,"UNI_WO_SUB":null,"USNG_CODE":null,"GIS911POC":null,"PSAP_CODE":"WASH","MSAG_C":"Afton","VERROR_911":null},"geometry":{"type":"Point","coordinates":[1644.6055185651057,874.3535001864657]}},{"type":"Feature","properties":{"OBJECTID":78853,"ADD_ID_LOC":null,"ANUMBERPRE":null,"ANUMBER":3466,"ANUMBERSUF":null,"ST_PRE_MOD":null,"ST_PRE_DIR":null,"ST_PRE_TYP":null,"ST_CONCAT":"Saint Croix Trail South","ST_NAME":"Saint Croix","ST_POS_TYP":"Trail","ST_POS_DIR":"South","ST_POS_MOD":null,"SUB_TYPE1":null,"SUB_ID1":null,"SUB_TYPE2":null,"SUB_ID2":null,"CO_CODE":"163","CO_NAME":"Washington","STATE_CODE":"MN","ZIP":"55001","ZIP4":null,"LOC_NAME":null,"LOC_DESC":null,"LANDMARK":null,"RESIDENCE":"Yes","MAILABLE":null,"STATUS":null,"PIN":"2202820140045","LONGITUDE":null,"LATITUDE":null,"SOURCE":null,"AAUTHORITY":null,"EDIT_ORG":null,"UPDATEDATE":null,"COMMENTS":null,"EX_KEY":"93A63112-50E1-4D0C-859B-43757325E46D","RT_ST_EX_KEY":null,"created_user":"DDMATZE","created_date":1514381621000,"last_edited_user":"DDMATZE","last_edited_date":1557844491000,"ESN":"3","PS_MUNICODE":"A","SERV_AREA":null,"PS_STNAME":"SAINT CROIX TRL S","CTU_NAME":"Afton","CTU_ID_TXT":"02393887","POSTCOMM":null,"PLACE_LOC":"3","CEN_GEO":null,"UNI_WO_SUB":null,"USNG_CODE":null,"GIS911POC":null,"PSAP_CODE":"WASH","MSAG_C":"Afton","VERROR_911":null},"geometry":{"type":"Point","coordinates":[1672.9770389168407,588.5221577752382]}},{"type":"Feature","properties":{"OBJECTID":80204,"ADD_ID_LOC":null,"ANUMBERPRE":null,"ANUMBER":15990,"ANUMBERSUF":null,"ST_PRE_MOD":null,"ST_PRE_DIR":null,"ST_PRE_TYP":null,"ST_CONCAT":"32nd Street South","ST_NAME":"32nd","ST_POS_TYP":"Street","ST_POS_DIR":"South","ST_POS_MOD":null,"SUB_TYPE1":null,"SUB_ID1":null,"SUB_TYPE2":null,"SUB_ID2":null,"CO_CODE":"163","CO_NAME":"Washington","STATE_CODE":"MN","ZIP":"55001","ZIP4":null,"LOC_NAME":null,"LOC_DESC":null,"LANDMARK":null,"RESIDENCE":"Yes","MAILABLE":null,"STATUS":null,"PIN":"2202820110058","LONGITUDE":null,"LATITUDE":null,"SOURCE":null,"AAUTHORITY":null,"EDIT_ORG":null,"UPDATEDATE":null,"COMMENTS":null,"EX_KEY":"5452600E-11EE-49A6-A1BB-869CC19F767F","RT_ST_EX_KEY":null,"created_user":"DDMATZE","created_date":1514381621000,"last_edited_user":"DDMATZE","last_edited_date":1668790974000,"ESN":"3","PS_MUNICODE":"A","SERV_AREA":null,"PS_STNAME":"32ND ST S","CTU_NAME":"Afton","CTU_ID_TXT":"02393887","POSTCOMM":null,"PLACE_LOC":"3","CEN_GEO":null,"UNI_WO_SUB":null,"USNG_CODE":null,"GIS911POC":null,"PSAP_CODE":"WASH","MSAG_C":"Afton","VERROR_911":null},"geometry":{"type":"Point","coordinates":[1790.3353958741645,993.4987778700888]}},{"type":"Feature","properties":{"OBJECTID":80425,"ADD_ID_LOC":null,"ANUMBERPRE":null,"ANUMBER":3419,"ANUMBERSUF":null,"ST_PRE_MOD":null,"ST_PRE_DIR":null,"ST_PRE_TYP":null,"ST_CONCAT":"Saint Croix Trail South","ST_NAME":"Saint Croix","ST_POS_TYP":"Trail","ST_POS_DIR":"South","ST_POS_MOD":null,"SUB_TYPE1":null,"SUB_ID1":null,"SUB_TYPE2":null,"SUB_ID2":null,"CO_CODE":"163","CO_NAME":"Washington","STATE_CODE":"MN","ZIP":"55001","ZIP4":null,"LOC_NAME":null,"LOC_DESC":null,"LANDMARK":null,"RESIDENCE":"Yes","MAILABLE":null,"STATUS":null,"PIN":"2202820140006","LONGITUDE":null,"LATITUDE":null,"SOURCE":null,"AAUTHORITY":null,"EDIT_ORG":null,"UPDATEDATE":null,"COMMENTS":null,"EX_KEY":"A2173006-386D-4CC2-A938-CF647DD80D45","RT_ST_EX_KEY":null,"created_user":"DDMATZE","created_date":1514381621000,"last_edited_user":"DDMATZE","last_edited_date":1557844501000,"ESN":"3","PS_MUNICODE":"A","SERV_AREA":null,"PS_STNAME":"SAINT CROIX TRL S","CTU_NAME":"Afton","CTU_ID_TXT":"02393887","POSTCOMM":null,"PLACE_LOC":"3","CEN_GEO":null,"UNI_WO_SUB":null,"USNG_CODE":null,"GIS911POC":null,"PSAP_CODE":"WASH","MSAG_C":"Afton","VERROR_911":null},"geometry":{"type":"Point","coordinates":[1732.092506977613,671.0010074758902]}},{"type":"Feature","properties":{"OBJECTID":80726,"ADD_ID_LOC":null,"ANUMBERPRE":null,"ANUMBER":15685,"ANUMBERSUF":null,"ST_PRE_MOD":null,"ST_PRE_DIR":null,"ST_PRE_TYP":null,"ST_CONCAT":"Afton Boulevard South","ST_NAME":"Afton","ST_POS_TYP":"Boulevard","ST_POS_DIR":"South","ST_POS_MOD":null,"SUB_TYPE1":null,"SUB_ID1":null,"SUB_TYPE2":null,"SUB_ID2":null,"CO_CODE":"163","CO_NAME":"Washington","STATE_CODE":"MN","ZIP":"55001","ZIP4":null,"LOC_NAME":null,"LOC_DESC":null,"LANDMARK":null,"RESIDENCE":"Yes","MAILABLE":null,"STATUS":null,"PIN":"2202820130004","LONGITUDE":null,"LATITUDE":null,"SOURCE":null,"AAUTHORITY":null,"EDIT_ORG":null,"UPDATEDATE":null,"COMMENTS":null,"EX_KEY":"61E02158-DFE1-4DB9-976F-BD5E9EC02AB0","RT_ST_EX_KEY":null,"created_user":"DDMATZE","created_date":1514381621000,"last_edited_user":"DDMATZE","last_edited_date":1557844502000,"ESN":"3","PS_MUNICODE":"A","SERV_AREA":null,"PS_STNAME":"AFTON BLVD S","CTU_NAME":"Afton","CTU_ID_TXT":"02393887","POSTCOMM":null,"PLACE_LOC":"3","CEN_GEO":null,"UNI_WO_SUB":null,"USNG_CODE":null,"GIS911POC":null,"PSAP_CODE":"WASH","MSAG_C":"Afton","VERROR_911":null},"geometry":{"type":"Point","coordinates":[1343.5918569387286,823.8231663499027]}},{"type":"Feature","properties":{"OBJECTID":80970,"ADD_ID_LOC":null,"ANUMBERPRE":null,"ANUMBER":3167,"ANUMBERSUF":null,"ST_PRE_MOD":null,"ST_PRE_DIR":null,"ST_PRE_TYP":null,"ST_CONCAT":"Pennington Avenue South","ST_NAME":"Pennington","ST_POS_TYP":"Avenue","ST_POS_DIR":"South","ST_POS_MOD":null,"SUB_TYPE1":null,"SUB_ID1":null,"SUB_TYPE2":null,"SUB_ID2":null,"CO_CODE":"163","CO_NAME":"Washington","STATE_CODE":"MN","ZIP":"55001","ZIP4":null,"LOC_NAME":null,"LOC_DESC":null,"LANDMARK":null,"RESIDENCE":"Yes","MAILABLE":null,"STATUS":null,"PIN":"2202820110030","LONGITUDE":null,"LATITUDE":null,"SOURCE":null,"AAUTHORITY":null,"EDIT_ORG":null,"UPDATEDATE":null,"COMMENTS":null,"EX_KEY":"08E32D4E-EE42-4754-AC3C-47A3945AD70C","RT_ST_EX_KEY":null,"created_user":"DDMATZE","created_date":1514381621000,"last_edited_user":"DDMATZE","last_edited_date":1557844502000,"ESN":"3","PS_MUNICODE":"A","SERV_AREA":null,"PS_STNAME":"PENNINGTON AVE S","CTU_NAME":"Afton","CTU_ID_TXT":"02393887","POSTCOMM":null,"PLACE_LOC":"3","CEN_GEO":null,"UNI_WO_SUB":null,"USNG_CODE":null,"GIS911POC":null,"PSAP_CODE":"WASH","MSAG_C":"Afton","VERROR_911":null},"geometry":{"type":"Point","coordinates":[1500.392858965206,1054.7149057993665]}},{"type":"Feature","properties":{"OBJECTID":81085,"ADD_ID_LOC":null,"ANUMBERPRE":null,"ANUMBER":3297,"ANUMBERSUF":null,"ST_PRE_MOD":null,"ST_PRE_DIR":null,"ST_PRE_TYP":null,"ST_CONCAT":"Pennington Avenue South","ST_NAME":"Pennington","ST_POS_TYP":"Avenue","ST_POS_DIR":"South","ST_POS_MOD":null,"SUB_TYPE1":null,"SUB_ID1":null,"SUB_TYPE2":null,"SUB_ID2":null,"CO_CODE":"163","CO_NAME":"Washington","STATE_CODE":"MN","ZIP":"55001","ZIP4":null,"LOC_NAME":null,"LOC_DESC":null,"LANDMARK":null,"RESIDENCE":"Yes","MAILABLE":null,"STATUS":null,"PIN":"2202820140053","LONGITUDE":null,"LATITUDE":null,"SOURCE":null,"AAUTHORITY":null,"EDIT_ORG":null,"UPDATEDATE":null,"COMMENTS":null,"EX_KEY":"67E5B404-515A-4C91-A706-B499038EC7CB","RT_ST_EX_KEY":null,"created_user":"DDMATZE","created_date":1514381621000,"last_edited_user":"DDMATZE","last_edited_date":1557844503000,"ESN":"3","PS_MUNICODE":"A","SERV_AREA":null,"PS_STNAME":"PENNINGTON AVE S","CTU_NAME":"Afton","CTU_ID_TXT":"02393887","POSTCOMM":null,"PLACE_LOC":"3","CEN_GEO":null,"UNI_WO_SUB":null,"USNG_CODE":null,"GIS911POC":null,"PSAP_CODE":"WASH","MSAG_C":"Afton","VERROR_911":null},"geometry":{"type":"Point","coordinates":[1498.8400908355834,887.5650474904105]}},{"type":"Feature","properties":{"OBJECTID":82115,"ADD_ID_LOC":null,"ANUMBERPRE":null,"ANUMBER":3343,"ANUMBERSUF":null,"ST_PRE_MOD":null,"ST_PRE_DIR":null,"ST_PRE_TYP":null,"ST_CONCAT":"Saint Croix Trail South","ST_NAME":"Saint Croix","ST_POS_TYP":"Trail","ST_POS_DIR":"South","ST_POS_MOD":null,"SUB_TYPE1":null,"SUB_ID1":null,"SUB_TYPE2":null,"SUB_ID2":null,"CO_CODE":"163","CO_NAME":"Washington","STATE_CODE":"MN","ZIP":"55001","ZIP4":null,"LOC_NAME":null,"LOC_DESC":null,"LANDMARK":null,"RESIDENCE":"Yes","MAILABLE":null,"STATUS":null,"PIN":"2202820140012","LONGITUDE":null,"LATITUDE":null,"SOURCE":null,"AAUTHORITY":null,"EDIT_ORG":null,"UPDATEDATE":null,"COMMENTS":null,"EX_KEY":"252F3605-FA51-4B85-8C9D-C68F6FE0FF03","RT_ST_EX_KEY":null,"created_user":"DDMATZE","created_date":1514381621000,"last_edited_user":"DDMATZE","last_edited_date":1557844510000,"ESN":"3","PS_MUNICODE":"A","SERV_AREA":null,"PS_STNAME":"SAINT CROIX TRL S","CTU_NAME":"Afton","CTU_ID_TXT":"02393887","POSTCOMM":null,"PLACE_LOC":"3","CEN_GEO":null,"UNI_WO_SUB":null,"USNG_CODE":null,"GIS911POC":null,"PSAP_CODE":"WASH","MSAG_C":"Afton","VERROR_911":null},"geometry":{"type":"Point","coordinates":[1730.9403729609912,801.2339088562876]}},{"type":"Feature","properties":{"OBJECTID":83067,"ADD_ID_LOC":null,"ANUMBERPRE":null,"ANUMBER":15909,"ANUMBERSUF":null,"ST_PRE_MOD":null,"ST_PRE_DIR":null,"ST_PRE_TYP":null,"ST_CONCAT":"Afton Boulevard South","ST_NAME":"Afton","ST_POS_TYP":"Boulevard","ST_POS_DIR":"South","ST_POS_MOD":null,"SUB_TYPE1":null,"SUB_ID1":null,"SUB_TYPE2":null,"SUB_ID2":null,"CO_CODE":"163","CO_NAME":"Washington","STATE_CODE":"MN","ZIP":"55001","ZIP4":null,"LOC_NAME":null,"LOC_DESC":null,"LANDMARK":null,"RESIDENCE":"Yes","MAILABLE":null,"STATUS":null,"PIN":"2202820110005","LONGITUDE":null,"LATITUDE":null,"SOURCE":null,"AAUTHORITY":null,"EDIT_ORG":null,"UPDATEDATE":null,"COMMENTS":null,"EX_KEY":"7494F6E3-A2D1-4243-A8A1-AD23CC4D8EBC","RT_ST_EX_KEY":null,"created_user":"DDMATZE","created_date":1514381621000,"last_edited_user":"DDMATZE","last_edited_date":1557844513000,"ESN":"3","PS_MUNICODE":"A","SERV_AREA":null,"PS_STNAME":"AFTON BLVD S","CTU_NAME":"Afton","CTU_ID_TXT":"02393887","POSTCOMM":null,"PLACE_LOC":"3","CEN_GEO":null,"UNI_WO_SUB":null,"USNG_CODE":null,"GIS911POC":null,"PSAP_CODE":"WASH","MSAG_C":"Afton","VERROR_911":null},"geometry":{"type":"Point","coordinates":[1744.306055663852,1062.6444967817515]}},{"type":"Feature","properties":{"OBJECTID":84890,"ADD_ID_LOC":null,"ANUMBERPRE":null,"ANUMBER":3060,"ANUMBERSUF":null,"ST_PRE_MOD":null,"ST_PRE_DIR":null,"ST_PRE_TYP":null,"ST_CONCAT":"Saint Croix Trail South","ST_NAME":"Saint Croix","ST_POS_TYP":"Trail","ST_POS_DIR":"South","ST_POS_MOD":null,"SUB_TYPE1":null,"SUB_ID1":null,"SUB_TYPE2":null,"SUB_ID2":null,"CO_CODE":"163","CO_NAME":"Washington","STATE_CODE":"MN","ZIP":"55001","ZIP4":null,"LOC_NAME":null,"LOC_DESC":null,"LANDMARK":null,"RESIDENCE":"Yes","MAILABLE":null,"STATUS":null,"PIN":"2202820110020","LONGITUDE":null,"LATITUDE":null,"SOURCE":null,"AAUTHORITY":null,"EDIT_ORG":null,"UPDATEDATE":null,"COMMENTS":null,"EX_KEY":"827963D9-42C4-4767-B218-724128210CCD","RT_ST_EX_KEY":null,"created_user":"DDMATZE","created_date":1514381621000,"last_edited_user":"DDMATZE","last_edited_date":1557844523000,"ESN":"3","PS_MUNICODE":"A","SERV_AREA":null,"PS_STNAME":"SAINT CROIX TRL S","CTU_NAME":"Afton","CTU_ID_TXT":"02393887","POSTCOMM":null,"PLACE_LOC":"3","CEN_GEO":null,"UNI_WO_SUB":null,"USNG_CODE":null,"GIS911POC":null,"PSAP_CODE":"WASH","MSAG_C":"Afton","VERROR_911":null},"geometry":{"type":"Point","coordinates":[1668.4815779012279,1277.8444494204596]}},{"type":"Feature","properties":{"OBJECTID":85880,"ADD_ID_LOC":null,"ANUMBERPRE":null,"ANUMBER":3404,"ANUMBERSUF":null,"ST_PRE_MOD":null,"ST_PRE_DIR":null,"ST_PRE_TYP":null,"ST_CONCAT":"Pennington Avenue South","ST_NAME":"Pennington","ST_POS_TYP":"Avenue","ST_POS_DIR":"South","ST_POS_MOD":null,"SUB_TYPE1":null,"SUB_ID1":null,"SUB_TYPE2":null,"SUB_ID2":null,"CO_CODE":"163","CO_NAME":"Washington","STATE_CODE":"MN","ZIP":"55001","ZIP4":null,"LOC_NAME":null,"LOC_DESC":null,"LANDMARK":null,"RESIDENCE":"Yes","MAILABLE":null,"STATUS":null,"PIN":"2202820140057","LONGITUDE":null,"LATITUDE":null,"SOURCE":null,"AAUTHORITY":null,"EDIT_ORG":null,"UPDATEDATE":null,"COMMENTS":null,"EX_KEY":"38F6200F-E4D7-4ED2-8091-75B7DAF36627","RT_ST_EX_KEY":null,"created_user":"DDMATZE","created_date":1514381621000,"last_edited_user":"DDMATZE","last_edited_date":1557844529000,"ESN":"3","PS_MUNICODE":"A","SERV_AREA":null,"PS_STNAME":"PENNINGTON AVE S","CTU_NAME":"Afton","CTU_ID_TXT":"02393887","POSTCOMM":null,"PLACE_LOC":"3","CEN_GEO":null,"UNI_WO_SUB":null,"USNG_CODE":null,"GIS911POC":null,"PSAP_CODE":"WASH","MSAG_C":"Afton","VERROR_911":null},"geometry":{"type":"Point","coordinates":[1446.5618701764615,705.7525838995352]}},{"type":"Feature","properties":{"OBJECTID":87016,"ADD_ID_LOC":null,"ANUMBERPRE":null,"ANUMBER":3465,"ANUMBERSUF":null,"ST_PRE_MOD":null,"ST_PRE_DIR":null,"ST_PRE_TYP":null,"ST_CONCAT":"Saint Croix Trail South","ST_NAME":"Saint Croix","ST_POS_TYP":"Trail","ST_POS_DIR":"South","ST_POS_MOD":null,"SUB_TYPE1":null,"SUB_ID1":null,"SUB_TYPE2":null,"SUB_ID2":null,"CO_CODE":"163","CO_NAME":"Washington","STATE_CODE":"MN","ZIP":"55001","ZIP4":null,"LOC_NAME":null,"LOC_DESC":null,"LANDMARK":null,"RESIDENCE":"Yes","MAILABLE":null,"STATUS":null,"PIN":"2202820140004","LONGITUDE":null,"LATITUDE":null,"SOURCE":null,"AAUTHORITY":null,"EDIT_ORG":null,"UPDATEDATE":null,"COMMENTS":null,"EX_KEY":"8775B684-7118-4C8D-B7B1-467B84544730","RT_ST_EX_KEY":null,"created_user":"DDMATZE","created_date":1514381621000,"last_edited_user":"DDMATZE","last_edited_date":1557844537000,"ESN":"3","PS_MUNICODE":"A","SERV_AREA":null,"PS_STNAME":"SAINT CROIX TRL S","CTU_NAME":"Afton","CTU_ID_TXT":"02393887","POSTCOMM":null,"PLACE_LOC":"3","CEN_GEO":null,"UNI_WO_SUB":null,"USNG_CODE":null,"GIS911POC":null,"PSAP_CODE":"WASH","MSAG_C":"Afton","VERROR_911":null},"geometry":{"type":"Point","coordinates":[1746.6898283849587,590.6268480597064]}},{"type":"Feature","properties":{"OBJECTID":87541,"ADD_ID_LOC":null,"ANUMBERPRE":null,"ANUMBER":3222,"ANUMBERSUF":null,"ST_PRE_MOD":null,"ST_PRE_DIR":null,"ST_PRE_TYP":null,"ST_CONCAT":"Saint Croix Trail South","ST_NAME":"Saint Croix","ST_POS_TYP":"Trail","ST_POS_DIR":"South","ST_POS_MOD":null,"SUB_TYPE1":null,"SUB_ID1":null,"SUB_TYPE2":null,"SUB_ID2":null,"CO_CODE":"163","CO_NAME":"Washington","STATE_CODE":"MN","ZIP":"55001","ZIP4":null,"LOC_NAME":null,"LOC_DESC":null,"LANDMARK":null,"RESIDENCE":"Yes","MAILABLE":null,"STATUS":null,"PIN":"2202820140028","LONGITUDE":null,"LATITUDE":null,"SOURCE":null,"AAUTHORITY":null,"EDIT_ORG":null,"UPDATEDATE":null,"COMMENTS":null,"EX_KEY":"F22EE1A2-6CA6-4B03-9E1B-5054F261E4BD","RT_ST_EX_KEY":null,"created_user":"DDMATZE","created_date":1514381621000,"last_edited_user":"DDMATZE","last_edited_date":1557844541000,"ESN":"3","PS_MUNICODE":"A","SERV_AREA":null,"PS_STNAME":"SAINT CROIX TRL S","CTU_NAME":"Afton","CTU_ID_TXT":"02393887","POSTCOMM":null,"PLACE_LOC":"3","CEN_GEO":null,"UNI_WO_SUB":null,"USNG_CODE":null,"GIS911POC":null,"PSAP_CODE":"WASH","MSAG_C":"Afton","VERROR_911":null},"geometry":{"type":"Point","coordinates":[1677.6023285774281,944.3880047416314]}},{"type":"Feature","properties":{"OBJECTID":88759,"ADD_ID_LOC":null,"ANUMBERPRE":null,"ANUMBER":15955,"ANUMBERSUF":null,"ST_PRE_MOD":null,"ST_PRE_DIR":null,"ST_PRE_TYP":null,"ST_CONCAT":"35th Street South","ST_NAME":"35th","ST_POS_TYP":"Street","ST_POS_DIR":"South","ST_POS_MOD":null,"SUB_TYPE1":null,"SUB_ID1":null,"SUB_TYPE2":null,"SUB_ID2":null,"CO_CODE":"163","CO_NAME":"Washington","STATE_CODE":"MN","ZIP":"55001","ZIP4":null,"LOC_NAME":null,"LOC_DESC":null,"LANDMARK":null,"RESIDENCE":"Yes","MAILABLE":null,"STATUS":null,"PIN":"2202820410014","LONGITUDE":null,"LATITUDE":null,"SOURCE":null,"AAUTHORITY":null,"EDIT_ORG":null,"UPDATEDATE":null,"COMMENTS":null,"EX_KEY":"737CA82C-916C-46CE-B9B9-5EFEBA626302","RT_ST_EX_KEY":null,"created_user":"DDMATZE","created_date":1514381621000,"last_edited_user":"DDMATZE","last_edited_date":1557844547000,"ESN":"3","PS_MUNICODE":"A","SERV_AREA":null,"PS_STNAME":"35TH ST S","CTU_NAME":"Afton","CTU_ID_TXT":"02393887","POSTCOMM":null,"PLACE_LOC":"3","CEN_GEO":null,"UNI_WO_SUB":null,"USNG_CODE":null,"GIS911POC":null,"PSAP_CODE":"WASH","MSAG_C":"Afton","VERROR_911":null},"geometry":{"type":"Point","coordinates":[1769.5396606754512,477.2708378704265]}},{"type":"Feature","properties":{"OBJECTID":89985,"ADD_ID_LOC":null,"ANUMBERPRE":null,"ANUMBER":3494,"ANUMBERSUF":null,"ST_PRE_MOD":null,"ST_PRE_DIR":null,"ST_PRE_TYP":null,"ST_CONCAT":"Saint Croix Trail South","ST_NAME":"Saint Croix","ST_POS_TYP":"Trail","ST_POS_DIR":"South","ST_POS_MOD":null,"SUB_TYPE1":null,"SUB_ID1":null,"SUB_TYPE2":null,"SUB_ID2":null,"CO_CODE":"163","CO_NAME":"Washington","STATE_CODE":"MN","ZIP":"55001","ZIP4":null,"LOC_NAME":null,"LOC_DESC":null,"LANDMARK":null,"RESIDENCE":"Yes","MAILABLE":null,"STATUS":null,"PIN":"2202820410018","LONGITUDE":null,"LATITUDE":null,"SOURCE":null,"AAUTHORITY":null,"EDIT_ORG":null,"UPDATEDATE":null,"COMMENTS":null,"EX_KEY":"0BFABF58-6CD8-4B98-B0FF-75AD3B654179","RT_ST_EX_KEY":null,"created_user":"DDMATZE","created_date":1514381621000,"last_edited_user":"DDMATZE","last_edited_date":1557844553000,"ESN":"3","PS_MUNICODE":"A","SERV_AREA":null,"PS_STNAME":"SAINT CROIX TRL S","CTU_NAME":"Afton","CTU_ID_TXT":"02393887","POSTCOMM":null,"PLACE_LOC":"3","CEN_GEO":null,"UNI_WO_SUB":null,"USNG_CODE":null,"GIS911POC":null,"PSAP_CODE":"WASH","MSAG_C":"Afton","VERROR_911":null},"geometry":{"type":"Point","coordinates":[1676.5210955334478,523.2097381427884]}},{"type":"Feature","properties":{"OBJECTID":90831,"ADD_ID_LOC":null,"ANUMBERPRE":null,"ANUMBER":15880,"ANUMBERSUF":null,"ST_PRE_MOD":null,"ST_PRE_DIR":null,"ST_PRE_TYP":null,"ST_CONCAT":"36th Street South","ST_NAME":"36th","ST_POS_TYP":"Street","ST_POS_DIR":"South","ST_POS_MOD":null,"SUB_TYPE1":null,"SUB_ID1":null,"SUB_TYPE2":null,"SUB_ID2":null,"CO_CODE":"163","CO_NAME":"Washington","STATE_CODE":"MN","ZIP":"55001","ZIP4":null,"LOC_NAME":null,"LOC_DESC":null,"LANDMARK":null,"RESIDENCE":"Yes","MAILABLE":null,"STATUS":null,"PIN":"2202820410024","LONGITUDE":null,"LATITUDE":null,"SOURCE":null,"AAUTHORITY":null,"EDIT_ORG":null,"UPDATEDATE":null,"COMMENTS":null,"EX_KEY":"9953622C-C0E5-4810-AAFE-FD404695C69B","RT_ST_EX_KEY":null,"created_user":"DDMATZE","created_date":1514381621000,"last_edited_user":"DDMATZE","last_edited_date":1557844557000,"ESN":"3","PS_MUNICODE":"A","SERV_AREA":null,"PS_STNAME":"36TH ST S","CTU_NAME":"Afton","CTU_ID_TXT":"02393887","POSTCOMM":null,"PLACE_LOC":"3","CEN_GEO":null,"UNI_WO_SUB":null,"USNG_CODE":null,"GIS911POC":null,"PSAP_CODE":"WASH","MSAG_C":"Afton","VERROR_911":null},"geometry":{"type":"Point","coordinates":[1618.4608537842869,412.356671679765]}},{"type":"Feature","properties":{"OBJECTID":91857,"ADD_ID_LOC":null,"ANUMBERPRE":null,"ANUMBER":3435,"ANUMBERSUF":null,"ST_PRE_MOD":null,"ST_PRE_DIR":null,"ST_PRE_TYP":null,"ST_CONCAT":"Pennington Avenue South","ST_NAME":"Pennington","ST_POS_TYP":"Avenue","ST_POS_DIR":"South","ST_POS_MOD":null,"SUB_TYPE1":null,"SUB_ID1":null,"SUB_TYPE2":null,"SUB_ID2":null,"CO_CODE":"163","CO_NAME":"Washington","STATE_CODE":"MN","ZIP":"55001","ZIP4":null,"LOC_NAME":null,"LOC_DESC":null,"LANDMARK":null,"RESIDENCE":"Yes","MAILABLE":null,"STATUS":null,"PIN":"2202820140046","LONGITUDE":null,"LATITUDE":null,"SOURCE":null,"AAUTHORITY":null,"EDIT_ORG":null,"UPDATEDATE":null,"COMMENTS":null,"EX_KEY":"60131409-63D7-4C7B-A696-CE8BCDE96E40","RT_ST_EX_KEY":null,"created_user":"DDMATZE","created_date":1514381621000,"last_edited_user":"DDMATZE","last_edited_date":1557844563000,"ESN":"3","PS_MUNICODE":"A","SERV_AREA":null,"PS_STNAME":"PENNINGTON AVE S","CTU_NAME":"Afton","CTU_ID_TXT":"02393887","POSTCOMM":null,"PLACE_LOC":"3","CEN_GEO":null,"UNI_WO_SUB":null,"USNG_CODE":null,"GIS911POC":null,"PSAP_CODE":"WASH","MSAG_C":"Afton","VERROR_911":null},"geometry":{"type":"Point","coordinates":[1498.596501956752,587.4198550004512]}},{"type":"Feature","properties":{"OBJECTID":94472,"ADD_ID_LOC":null,"ANUMBERPRE":null,"ANUMBER":3100,"ANUMBERSUF":null,"ST_PRE_MOD":null,"ST_PRE_DIR":null,"ST_PRE_TYP":null,"ST_CONCAT":"Perrot Avenue South","ST_NAME":"Perrot","ST_POS_TYP":"Avenue","ST_POS_DIR":"South","ST_POS_MOD":null,"SUB_TYPE1":null,"SUB_ID1":null,"SUB_TYPE2":null,"SUB_ID2":null,"CO_CODE":"163","CO_NAME":"Washington","STATE_CODE":"MN","ZIP":"55001","ZIP4":null,"LOC_NAME":null,"LOC_DESC":null,"LANDMARK":null,"RESIDENCE":"Yes","MAILABLE":null,"STATUS":null,"PIN":"2202820110051","LONGITUDE":null,"LATITUDE":null,"SOURCE":null,"AAUTHORITY":null,"EDIT_ORG":null,"UPDATEDATE":null,"COMMENTS":null,"EX_KEY":"F0489B90-D742-4EA0-BE77-7E09D44048DA","RT_ST_EX_KEY":null,"created_user":"DDMATZE","created_date":1514381621000,"last_edited_user":"DDMATZE","last_edited_date":1557844578000,"ESN":"3","PS_MUNICODE":"A","SERV_AREA":null,"PS_STNAME":"PERROT AVE S","CTU_NAME":"Afton","CTU_ID_TXT":"02393887","POSTCOMM":null,"PLACE_LOC":"3","CEN_GEO":null,"UNI_WO_SUB":null,"USNG_CODE":null,"GIS911POC":null,"PSAP_CODE":"WASH","MSAG_C":"Afton","VERROR_911":null},"geometry":{"type":"Point","coordinates":[1468.7488465559436,1249.2262971671298]}},{"type":"Feature","properties":{"OBJECTID":95844,"ADD_ID_LOC":null,"ANUMBERPRE":null,"ANUMBER":3185,"ANUMBERSUF":null,"ST_PRE_MOD":null,"ST_PRE_DIR":null,"ST_PRE_TYP":null,"ST_CONCAT":"Saint Croix Trail South","ST_NAME":"Saint Croix","ST_POS_TYP":"Trail","ST_POS_DIR":"South","ST_POS_MOD":null,"SUB_TYPE1":null,"SUB_ID1":null,"SUB_TYPE2":null,"SUB_ID2":null,"CO_CODE":"163","CO_NAME":"Washington","STATE_CODE":"MN","ZIP":"55001","ZIP4":null,"LOC_NAME":null,"LOC_DESC":null,"LANDMARK":null,"RESIDENCE":"Yes","MAILABLE":null,"STATUS":null,"PIN":"2202820110006","LONGITUDE":null,"LATITUDE":null,"SOURCE":null,"AAUTHORITY":null,"EDIT_ORG":null,"UPDATEDATE":null,"COMMENTS":null,"EX_KEY":"A7350E73-3B0F-4C39-94B6-8D135B062406","RT_ST_EX_KEY":null,"created_user":"DDMATZE","created_date":1514381621000,"last_edited_user":"DDMATZE","last_edited_date":1557844585000,"ESN":"3","PS_MUNICODE":"A","SERV_AREA":null,"PS_STNAME":"SAINT CROIX TRL S","CTU_NAME":"Afton","CTU_ID_TXT":"02393887","POSTCOMM":null,"PLACE_LOC":"3","CEN_GEO":null,"UNI_WO_SUB":null,"USNG_CODE":null,"GIS911POC":null,"PSAP_CODE":"WASH","MSAG_C":"Afton","VERROR_911":null},"geometry":{"type":"Point","coordinates":[1733.035449775285,1016.2008434599265]}},{"type":"Feature","properties":{"OBJECTID":96217,"ADD_ID_LOC":null,"ANUMBERPRE":null,"ANUMBER":3390,"ANUMBERSUF":null,"ST_PRE_MOD":null,"ST_PRE_DIR":null,"ST_PRE_TYP":null,"ST_CONCAT":"Saint Croix Trail South","ST_NAME":"Saint Croix","ST_POS_TYP":"Trail","ST_POS_DIR":"South","ST_POS_MOD":null,"SUB_TYPE1":null,"SUB_ID1":null,"SUB_TYPE2":null,"SUB_ID2":null,"CO_CODE":"163","CO_NAME":"Washington","STATE_CODE":"MN","ZIP":"55001","ZIP4":null,"LOC_NAME":null,"LOC_DESC":null,"LANDMARK":null,"RESIDENCE":"Yes","MAILABLE":null,"STATUS":null,"PIN":"2202820140037","LONGITUDE":null,"LATITUDE":null,"SOURCE":null,"AAUTHORITY":null,"EDIT_ORG":null,"UPDATEDATE":null,"COMMENTS":null,"EX_KEY":"39AD9EE6-DBA3-4B39-8C38-EC2A49AB9C80","RT_ST_EX_KEY":null,"created_user":"DDMATZE","created_date":1514381621000,"last_edited_user":"DDMATZE","last_edited_date":1557844588000,"ESN":"3","PS_MUNICODE":"A","SERV_AREA":null,"PS_STNAME":"SAINT CROIX TRL S","CTU_NAME":"Afton","CTU_ID_TXT":"02393887","POSTCOMM":null,"PLACE_LOC":"3","CEN_GEO":null,"UNI_WO_SUB":null,"USNG_CODE":null,"GIS911POC":null,"PSAP_CODE":"WASH","MSAG_C":"Afton","VERROR_911":null},"geometry":{"type":"Point","coordinates":[1671.3215655323584,759.3001484563574]}},{"type":"Feature","properties":{"OBJECTID":96502,"ADD_ID_LOC":null,"ANUMBERPRE":null,"ANUMBER":15885,"ANUMBERSUF":null,"ST_PRE_MOD":null,"ST_PRE_DIR":null,"ST_PRE_TYP":null,"ST_CONCAT":"Upper 34th Street South","ST_NAME":"Upper 34th","ST_POS_TYP":"Street","ST_POS_DIR":"South","ST_POS_MOD":null,"SUB_TYPE1":null,"SUB_ID1":null,"SUB_TYPE2":null,"SUB_ID2":null,"CO_CODE":"163","CO_NAME":"Washington","STATE_CODE":"MN","ZIP":"55001","ZIP4":null,"LOC_NAME":null,"LOC_DESC":null,"LANDMARK":null,"RESIDENCE":"Yes","MAILABLE":null,"STATUS":null,"PIN":"2202820140044","LONGITUDE":null,"LATITUDE":null,"SOURCE":null,"AAUTHORITY":null,"EDIT_ORG":null,"UPDATEDATE":null,"COMMENTS":null,"EX_KEY":"95F33252-6931-4B9E-A03F-698FE1481FE9","RT_ST_EX_KEY":null,"created_user":"DDMATZE","created_date":1514381621000,"last_edited_user":"DDMATZE","last_edited_date":1557844589000,"ESN":"3","PS_MUNICODE":"A","SERV_AREA":null,"PS_STNAME":"UPPER 34TH ST S","CTU_NAME":"Afton","CTU_ID_TXT":"02393887","POSTCOMM":null,"PLACE_LOC":"3","CEN_GEO":null,"UNI_WO_SUB":null,"USNG_CODE":null,"GIS911POC":null,"PSAP_CODE":"WASH","MSAG_C":"Afton","VERROR_911":null},"geometry":{"type":"Point","coordinates":[1640.2885887315497,602.6404528990388]}},{"type":"Feature","properties":{"OBJECTID":98376,"ADD_ID_LOC":null,"ANUMBERPRE":null,"ANUMBER":3364,"ANUMBERSUF":null,"ST_PRE_MOD":null,"ST_PRE_DIR":null,"ST_PRE_TYP":null,"ST_CONCAT":"Pennington Avenue South","ST_NAME":"Pennington","ST_POS_TYP":"Avenue","ST_POS_DIR":"South","ST_POS_MOD":null,"SUB_TYPE1":null,"SUB_ID1":null,"SUB_TYPE2":null,"SUB_ID2":null,"CO_CODE":"163","CO_NAME":"Washington","STATE_CODE":"MN","ZIP":"55001","ZIP4":null,"LOC_NAME":null,"LOC_DESC":null,"LANDMARK":null,"RESIDENCE":"Yes","MAILABLE":null,"STATUS":null,"PIN":"2202820140056","LONGITUDE":null,"LATITUDE":null,"SOURCE":null,"AAUTHORITY":null,"EDIT_ORG":null,"UPDATEDATE":null,"COMMENTS":null,"EX_KEY":"4F187087-B31F-4ED0-8262-BCC3D0611393","RT_ST_EX_KEY":null,"created_user":"DDMATZE","created_date":1514381621000,"last_edited_user":"DDMATZE","last_edited_date":1557844600000,"ESN":"3","PS_MUNICODE":"A","SERV_AREA":null,"PS_STNAME":"PENNINGTON AVE S","CTU_NAME":"Afton","CTU_ID_TXT":"02393887","POSTCOMM":null,"PLACE_LOC":"3","CEN_GEO":null,"UNI_WO_SUB":null,"USNG_CODE":null,"GIS911POC":null,"PSAP_CODE":"WASH","MSAG_C":"Afton","VERROR_911":null},"geometry":{"type":"Point","coordinates":[1449.437262014253,765.0059307040647]}},{"type":"Feature","properties":{"OBJECTID":101071,"ADD_ID_LOC":null,"ANUMBERPRE":null,"ANUMBER":16071,"ANUMBERSUF":null,"ST_PRE_MOD":null,"ST_PRE_DIR":null,"ST_PRE_TYP":null,"ST_CONCAT":"31st Street South","ST_NAME":"31st","ST_POS_TYP":"Street","ST_POS_DIR":"South","ST_POS_MOD":null,"SUB_TYPE1":"Building","SUB_ID1":"Pool","SUB_TYPE2":null,"SUB_ID2":null,"CO_CODE":"163","CO_NAME":"Washington","STATE_CODE":"MN","ZIP":"55001","ZIP4":null,"LOC_NAME":"Pool","LOC_DESC":"Afton Marina &Yacht Club","LANDMARK":"Marina","RESIDENCE":"No","MAILABLE":null,"STATUS":null,"PIN":"2302820220003","LONGITUDE":null,"LATITUDE":null,"SOURCE":null,"AAUTHORITY":null,"EDIT_ORG":null,"UPDATEDATE":null,"COMMENTS":null,"EX_KEY":"67E9A907-A01F-4BD1-8D3F-4F46CC09C482","RT_ST_EX_KEY":null,"created_user":"CEEICKH","created_date":1522951653000,"last_edited_user":"DDMATZE","last_edited_date":1662491087000,"ESN":"3","PS_MUNICODE":"A","SERV_AREA":null,"PS_STNAME":"31ST ST S","CTU_NAME":"Afton","CTU_ID_TXT":"02393887","POSTCOMM":null,"PLACE_LOC":"3","CEN_GEO":null,"UNI_WO_SUB":null,"USNG_CODE":null,"GIS911POC":null,"PSAP_CODE":"WASH","MSAG_C":"Afton","VERROR_911":null},"geometry":{"type":"Point","coordinates":[1889.914854718605,1259.4524721996859]}},{"type":"Feature","properties":{"OBJECTID":101072,"ADD_ID_LOC":null,"ANUMBERPRE":null,"ANUMBER":16071,"ANUMBERSUF":null,"ST_PRE_MOD":null,"ST_PRE_DIR":null,"ST_PRE_TYP":null,"ST_CONCAT":"31st Street South","ST_NAME":"31st","ST_POS_TYP":"Street","ST_POS_DIR":"South","ST_POS_MOD":null,"SUB_TYPE1":"Building","SUB_ID1":"Canvas","SUB_TYPE2":null,"SUB_ID2":null,"CO_CODE":"163","CO_NAME":"Washington","STATE_CODE":"MN","ZIP":"55001","ZIP4":null,"LOC_NAME":"Canvas Building","LOC_DESC":"Afton Marina &Yacht Club","LANDMARK":"Marina","RESIDENCE":"No","MAILABLE":null,"STATUS":null,"PIN":"2302820220003","LONGITUDE":null,"LATITUDE":null,"SOURCE":null,"AAUTHORITY":null,"EDIT_ORG":null,"UPDATEDATE":null,"COMMENTS":null,"EX_KEY":"F6494C4E-0159-448B-8A6C-54A7234AF507","RT_ST_EX_KEY":null,"created_user":"CEEICKH","created_date":1522951669000,"last_edited_user":"DDMATZE","last_edited_date":1662491087000,"ESN":"3","PS_MUNICODE":"A","SERV_AREA":null,"PS_STNAME":"31ST ST S","CTU_NAME":"Afton","CTU_ID_TXT":"02393887","POSTCOMM":null,"PLACE_LOC":"3","CEN_GEO":null,"UNI_WO_SUB":null,"USNG_CODE":null,"GIS911POC":null,"PSAP_CODE":"WASH","MSAG_C":"Afton","VERROR_911":null},"geometry":{"type":"Point","coordinates":[1958.2319685802795,1025.2733547911048]}},{"type":"Feature","properties":{"OBJECTID":101316,"ADD_ID_LOC":null,"ANUMBERPRE":null,"ANUMBER":3235,"ANUMBERSUF":null,"ST_PRE_MOD":null,"ST_PRE_DIR":null,"ST_PRE_TYP":null,"ST_CONCAT":"Saint Croix Trail South","ST_NAME":"Saint Croix","ST_POS_TYP":"Trail","ST_POS_DIR":"South","ST_POS_MOD":null,"SUB_TYPE1":null,"SUB_ID1":null,"SUB_TYPE2":null,"SUB_ID2":null,"CO_CODE":"163","CO_NAME":"Washington","STATE_CODE":"MN","ZIP":"55001","ZIP4":null,"LOC_NAME":null,"LOC_DESC":"","LANDMARK":null,"RESIDENCE":"No","MAILABLE":null,"STATUS":null,"PIN":"2202820140062","LONGITUDE":null,"LATITUDE":null,"SOURCE":null,"AAUTHORITY":null,"EDIT_ORG":null,"UPDATEDATE":null,"COMMENTS":null,"EX_KEY":"5D5683EC-D2DF-4755-A847-C29A60733268","RT_ST_EX_KEY":null,"created_user":"CEEICKH","created_date":1524150519000,"last_edited_user":"DDMATZE","last_edited_date":1691755200000,"ESN":"3","PS_MUNICODE":"A","SERV_AREA":null,"PS_STNAME":"SAINT CROIX TRL S","CTU_NAME":"Afton","CTU_ID_TXT":"02393887","POSTCOMM":null,"PLACE_LOC":"3","CEN_GEO":null,"UNI_WO_SUB":null,"USNG_CODE":null,"GIS911POC":null,"PSAP_CODE":"WASH","MSAG_C":"Afton","VERROR_911":null},"geometry":{"type":"Point","coordinates":[1753.8039238534984,916.3165229447186]}},{"type":"Feature","properties":{"OBJECTID":107761,"ADD_ID_LOC":null,"ANUMBERPRE":null,"ANUMBER":3290,"ANUMBERSUF":null,"ST_PRE_MOD":null,"ST_PRE_DIR":null,"ST_PRE_TYP":null,"ST_CONCAT":"Saint Croix Trail South","ST_NAME":"Saint Croix","ST_POS_TYP":"Trail","ST_POS_DIR":"South","ST_POS_MOD":null,"SUB_TYPE1":null,"SUB_ID1":null,"SUB_TYPE2":null,"SUB_ID2":null,"CO_CODE":"163","CO_NAME":"Washington","STATE_CODE":"MN","ZIP":"55001","ZIP4":null,"LOC_NAME":null,"LOC_DESC":"","LANDMARK":null,"RESIDENCE":"No","MAILABLE":null,"STATUS":null,"PIN":"2202820140029","LONGITUDE":null,"LATITUDE":null,"SOURCE":null,"AAUTHORITY":null,"EDIT_ORG":null,"UPDATEDATE":null,"COMMENTS":null,"EX_KEY":"183D8ACC-1AD7-4BC1-9AAB-52B8B898DBFD","RT_ST_EX_KEY":null,"created_user":"CEEICKH","created_date":1548703069000,"last_edited_user":"DDMATZE","last_edited_date":1654177532000,"ESN":"3","PS_MUNICODE":"A","SERV_AREA":null,"PS_STNAME":"SAINT CROIX TRL S","CTU_NAME":"Afton","CTU_ID_TXT":"02393887","POSTCOMM":null,"PLACE_LOC":"3","CEN_GEO":null,"UNI_WO_SUB":null,"USNG_CODE":null,"GIS911POC":null,"PSAP_CODE":"WASH","MSAG_C":"Afton","VERROR_911":null},"geometry":{"type":"Point","coordinates":[1677.3874308998347,876.4305208874866]}},{"type":"Feature","properties":{"OBJECTID":108954,"ADD_ID_LOC":null,"ANUMBERPRE":null,"ANUMBER":15880,"ANUMBERSUF":null,"ST_PRE_MOD":null,"ST_PRE_DIR":null,"ST_PRE_TYP":null,"ST_CONCAT":"37th Street South","ST_NAME":"37th","ST_POS_TYP":"Street","ST_POS_DIR":"South","ST_POS_MOD":null,"SUB_TYPE1":null,"SUB_ID1":null,"SUB_TYPE2":null,"SUB_ID2":null,"CO_CODE":"163","CO_NAME":"Washington","STATE_CODE":"MN","ZIP":"55001","ZIP4":null,"LOC_NAME":null,"LOC_DESC":null,"LANDMARK":null,"RESIDENCE":"Yes","MAILABLE":null,"STATUS":null,"PIN":"2202820410055","LONGITUDE":null,"LATITUDE":null,"SOURCE":null,"AAUTHORITY":null,"EDIT_ORG":null,"UPDATEDATE":null,"COMMENTS":null,"EX_KEY":"56A1A57C-C0F7-4707-8506-EB1A398AC00B","RT_ST_EX_KEY":null,"created_user":"DDMATZE","created_date":1565714160000,"last_edited_user":"DDMATZE","last_edited_date":1668790974000,"ESN":"3","PS_MUNICODE":"A","SERV_AREA":null,"PS_STNAME":"37TH ST S","CTU_NAME":"Afton","CTU_ID_TXT":"02393887","POSTCOMM":null,"PLACE_LOC":"1","CEN_GEO":null,"UNI_WO_SUB":null,"USNG_CODE":null,"GIS911POC":null,"PSAP_CODE":"WASH","MSAG_C":"Afton","VERROR_911":null},"geometry":{"type":"Point","coordinates":[1621.4225398292765,304.20012709125876]}},{"type":"Feature","properties":{"OBJECTID":110589,"ADD_ID_LOC":null,"ANUMBERPRE":null,"ANUMBER":3121,"ANUMBERSUF":null,"ST_PRE_MOD":null,"ST_PRE_DIR":null,"ST_PRE_TYP":null,"ST_CONCAT":"Saint Croix Trail South","ST_NAME":"Saint Croix","ST_POS_TYP":"Trail","ST_POS_DIR":"South","ST_POS_MOD":null,"SUB_TYPE1":null,"SUB_ID1":null,"SUB_TYPE2":null,"SUB_ID2":null,"CO_CODE":"163","CO_NAME":"Washington","STATE_CODE":"MN","ZIP":"55001","ZIP4":null,"LOC_NAME":null,"LOC_DESC":null,"LANDMARK":null,"RESIDENCE":"No","MAILABLE":null,"STATUS":null,"PIN":"2202820110008","LONGITUDE":null,"LATITUDE":null,"SOURCE":null,"AAUTHORITY":null,"EDIT_ORG":null,"UPDATEDATE":null,"COMMENTS":null,"EX_KEY":"56C709E4-9430-41A1-9D37-6B9118BC2FB6","RT_ST_EX_KEY":null,"created_user":"DDMATZE","created_date":1580934548000,"last_edited_user":"DDMATZE","last_edited_date":1674596182000,"ESN":"3","PS_MUNICODE":"A","SERV_AREA":null,"PS_STNAME":"SAINT CROIX TRL S","CTU_NAME":"Afton","CTU_ID_TXT":"02393887","POSTCOMM":null,"PLACE_LOC":"3","CEN_GEO":null,"UNI_WO_SUB":null,"USNG_CODE":null,"GIS911POC":null,"PSAP_CODE":"WASH","MSAG_C":"Afton","VERROR_911":null},"geometry":{"type":"Point","coordinates":[1726.1731742275879,1171.9357747454196]}},{"type":"Feature","properties":{"OBJECTID":115846,"ADD_ID_LOC":null,"ANUMBERPRE":null,"ANUMBER":3451,"ANUMBERSUF":null,"ST_PRE_MOD":null,"ST_PRE_DIR":null,"ST_PRE_TYP":null,"ST_CONCAT":"Saint Croix Trail South","ST_NAME":"Saint Croix","ST_POS_TYP":"Trail","ST_POS_DIR":"South","ST_POS_MOD":null,"SUB_TYPE1":null,"SUB_ID1":null,"SUB_TYPE2":null,"SUB_ID2":null,"CO_CODE":"163","CO_NAME":"Washington","STATE_CODE":"MN","ZIP":"55001","ZIP4":null,"LOC_NAME":null,"LOC_DESC":"Steamboat Park","LANDMARK":null,"RESIDENCE":"No","MAILABLE":null,"STATUS":null,"PIN":null,"LONGITUDE":null,"LATITUDE":null,"SOURCE":null,"AAUTHORITY":null,"EDIT_ORG":null,"UPDATEDATE":null,"COMMENTS":null,"EX_KEY":"8B5A9F42-BD57-480D-B70F-AF5B1FC9CA82","RT_ST_EX_KEY":null,"created_user":"DDMATZE","created_date":1632849749000,"last_edited_user":"DDMATZE","last_edited_date":1632858262000,"ESN":"3","PS_MUNICODE":"A","SERV_AREA":null,"PS_STNAME":"SAINT CROIX TRL S","CTU_NAME":"Afton","CTU_ID_TXT":"02393887","POSTCOMM":null,"PLACE_LOC":"3","CEN_GEO":null,"UNI_WO_SUB":null,"USNG_CODE":null,"GIS911POC":null,"PSAP_CODE":"WASH","MSAG_C":"Afton","VERROR_911":null},"geometry":{"type":"Point","coordinates":[1724.7684355064412,622.882052811794]}},{"type":"Feature","properties":{"OBJECTID":117307,"ADD_ID_LOC":null,"ANUMBERPRE":null,"ANUMBER":15955,"ANUMBERSUF":null,"ST_PRE_MOD":null,"ST_PRE_DIR":null,"ST_PRE_TYP":null,"ST_CONCAT":"Afton Boulevard South","ST_NAME":"Afton","ST_POS_TYP":"Boulevard","ST_POS_DIR":"South","ST_POS_MOD":null,"SUB_TYPE1":null,"SUB_ID1":null,"SUB_TYPE2":null,"SUB_ID2":null,"CO_CODE":"163","CO_NAME":"Washington","STATE_CODE":"MN","ZIP":"55001","ZIP4":null,"LOC_NAME":null,"LOC_DESC":null,"LANDMARK":null,"RESIDENCE":"Yes","MAILABLE":null,"STATUS":null,"PIN":"2202820110059","LONGITUDE":null,"LATITUDE":null,"SOURCE":null,"AAUTHORITY":null,"EDIT_ORG":null,"UPDATEDATE":null,"COMMENTS":null,"EX_KEY":"AFEBB043-37EC-4EB1-94FD-7DA7F78ED18D","RT_ST_EX_KEY":null,"created_user":"DDMATZE","created_date":1645107864000,"last_edited_user":"DDMATZE","last_edited_date":1645107864000,"ESN":"3","PS_MUNICODE":"A","SERV_AREA":null,"PS_STNAME":"AFTON BLVD S","CTU_NAME":"Afton","CTU_ID_TXT":"02393887","POSTCOMM":null,"PLACE_LOC":"3","CEN_GEO":null,"UNI_WO_SUB":null,"USNG_CODE":null,"GIS911POC":null,"PSAP_CODE":"WASH","MSAG_C":"Afton","VERROR_911":null},"geometry":{"type":"Point","coordinates":[1785.9739869973855,1062.4459539689124]}}]}