{"type":"FeatureCollection","features":[{"type":"Feature","properties":{"PIN":"1402820330005","TAXPIN":"14.028.20.33.0005               ","Acres_Poly":18.53,"USE1_DESC":"100","USE2_DESC":"","PLAT_NAME":"","BLOCK":"","LOT":"","YEAR_BUILT":1923,"SITUS_ADDRESS":"2803 ST CROIX TRL S, CITY OF AFTON","BLDG_NUM":"2803","CITY":"CITY OF AFTON","ZIP":"55001"},"geometry":{"type":"Polygon","coordinates":[[[2069.2269949761685,1727.9932467890903],[2091.043591799913,1703.5441372934729],[2062.612453896785,1721.871915855445],[2050.424535275437,1727.2562861777842],[2046.2301020409795,1729.1091931052506],[2032.6682774800574,1731.9847020283341],[2020.7583642206155,1734.510014823638],[1996.1809897818603,1747.183615946211],[1983.4470378261176,1748.9751981040463],[1974.374567633029,1738.9591265926138],[1976.2212043088512,1725.33001285512],[1976.6581721358234,1724.3647170877084],[1984.4422128743026,1707.1696571726352],[1990.8408758213045,1690.823355620727],[1993.5987232784391,1676.287166084163],[1990.8913564170944,1666.284224158153],[1988.1001251161797,1658.53983916156],[1986.5057347267866,1647.2106921998784],[1985.8988566758926,1642.8971754536033],[1984.698360318609,1640.5383560601622],[1984.571159562096,1636.4561171969399],[1983.0494630275061,1630.762703422457],[1982.8031896637985,1625.0365611137822],[1983.212196794164,1620.2155054723844],[1983.6497015121276,1615.4507112540305],[1985.9493956080987,1607.9865393862128],[1988.4477893853327,1600.5784509275109],[1991.2656108360388,1595.4089112551883],[1994.6818324468331,1591.2012764094397],[1997.70007935568,1587.2551227910444],[1919.6424331148737,1584.1954592587426],[1919.275522318785,1581.5188619056717],[1904.1770370153245,1583.589364496991],[1890.726875378983,1485.485869393684],[1876.118723645166,1378.9356302171946],[1829.736423854134,1377.1159269968048],[1819.3001570310444,1301.0274731302634],[1819.3022490759613,1376.7070432417095],[1808.8692806328763,1376.6141142789274],[1747.0623218898545,1376.0641037561],[1738.2092217892641,1375.985344861634],[1716.5954710889491,1375.7929629199207],[1714.8972424737294,1375.7777513191104],[1718.8642832679325,1394.5989157203585],[1723.3665520620416,1413.1788368755952],[1728.3967533397954,1431.487425566651],[1733.946736862592,1449.4950321121141],[1740.0075108936871,1467.1724943816662],[1746.5692567885853,1484.491184996441],[1753.6213449060451,1501.423057707958],[1761.1523518544273,1517.9406927926466],[1769.1500789944548,1534.0173414517194],[1777.601572220854,1549.6269691223279],[1797.8159569543786,1586.137299546972],[1813.3740240134066,1614.237432859838],[1817.2425305565703,1621.301250883378],[1826.581976518326,1639.0255423951894],[1835.562506097369,1657.1138154258952],[1844.17699897493,1675.551723876968],[1852.4186253448133,1694.3246444128454],[1860.2808513371856,1713.417688057758],[1867.7574441803736,1732.8157120086253],[1907.7549503823975,1734.3846976766363],[1909.9557418156182,1734.4710751371458],[1913.9788035832462,1763.1435541408136],[1917.0764419601182,1783.4928401922807],[1917.9363713678322,1788.5664780605584],[1918.267500180751,1790.5199648682028],[1918.8112688543624,1793.6376082720235],[1920.8003000202007,1804.5476020621136],[1922.7311256669345,1814.4538486516103],[1926.9337555047823,1834.1961229080334],[1929.2049977082643,1844.0298172635958],[1931.6370363066671,1854.0303692119196],[1932.2544061968802,1856.4908470315859],[1932.8804596557165,1858.9130423841998],[1933.5077768054325,1861.339763426222],[1934.1344600507873,1863.7647150661796],[1934.7621984609286,1866.1926370039582],[1935.4162737802835,1868.6098870299757],[1936.0701402669074,1871.0255101686344],[1936.7251985534676,1873.4460121607408],[1937.379975946329,1875.8653111178428],[1938.0610919169849,1878.273302135989],[1938.743332965474,1880.684617032297],[1939.4246577665326,1883.0936670769006],[1940.1075998147717,1885.507597129792],[1969.3697729078121,1877.0247663455084],[1969.5676766323159,1877.7089977096766],[1977.6307377595804,1906.1168553018942],[2065.4167962432257,1880.6685464503244],[2067.94760047819,1879.934864264913],[2069.2269949761685,1727.9932467890903]]]}},{"type":"Feature","properties":{"PIN":"1502820430015","TAXPIN":"15.028.20.43.0015               ","Acres_Poly":14.73,"USE1_DESC":"100","USE2_DESC":"","PLAT_NAME":"","BLOCK":"","LOT":"","YEAR_BUILT":1975,"SITUS_ADDRESS":"15707 AFTON HILLS DR S, CITY OF AFTON","BLDG_NUM":"15707","CITY":"CITY OF AFTON","ZIP":"55001"},"geometry":{"type":"Polygon","coordinates":[[[1297.5655342658283,1372.0639299917966],[1319.7291829800233,1372.261210989207],[1418.7387658338412,1327.445371998474],[1418.8144826862845,1303.0719535360113],[1419.0434063851717,1229.303222595714],[1391.2406687138719,1228.3772191023454],[1316.7298834731337,1258.667253954336],[1298.262473722978,1260.3292479915544],[1258.070673993905,1263.9465127848089],[1257.9547007163637,1301.331613314338],[1187.360774827248,1371.0831619994715],[1150.5997298274306,1370.7560747368261],[1048.052619856142,1369.8435116186738],[1047.4742014753865,1444.643172393553],[1097.9827669624356,1445.0635943766683],[1104.7327633150271,1454.04324384965],[1218.1020770334871,1604.8596267011017],[1225.0771070304327,1614.138656919822],[1296.0279869896476,1556.6226605549455],[1296.0288030992378,1556.5272489283234],[1296.9883357102517,1446.7200918588787],[1297.5655342658283,1372.0639299917966]]]}},{"type":"Feature","properties":{"PIN":"2202820110004","TAXPIN":"22.028.20.11.0004               ","Acres_Poly":0.35,"USE1_DESC":"958","USE2_DESC":"","PLAT_NAME":"AFTON","BLOCK":"8","LOT":"1","YEAR_BUILT":null,"SITUS_ADDRESS":"3165 ST CROIX TRL S, CITY OF AFTON","BLDG_NUM":"3165","CITY":"CITY OF AFTON","ZIP":"55001"},"geometry":{"type":"Polygon","coordinates":[[[1762.55447623675,1025.746989914216],[1716.5166865796782,1025.7574419965968],[1716.52348520112,1056.2241803081706],[1762.569920897833,1056.2138239424676],[1762.55447623675,1025.746989914216]]]}},{"type":"Feature","properties":{"PIN":"2202820110005","TAXPIN":"22.028.20.11.0005               ","Acres_Poly":0.17,"USE1_DESC":"100","USE2_DESC":"","PLAT_NAME":"AFTON","BLOCK":"8","LOT":"1","YEAR_BUILT":1928,"SITUS_ADDRESS":"15909 AFTON BLVD S, CITY OF AFTON","BLDG_NUM":"15909","CITY":"CITY OF AFTON","ZIP":"55001"},"geometry":{"type":"Polygon","coordinates":[[[1762.569920897833,1056.2138239424676],[1716.52348520112,1056.2241803081706],[1716.5269549295772,1071.4575663888827],[1762.5776073235902,1071.447222248651],[1762.569920897833,1056.2138239424676]]]}},{"type":"Feature","properties":{"PIN":"2202820110006","TAXPIN":"22.028.20.11.0006               ","Acres_Poly":0.52,"USE1_DESC":"300","USE2_DESC":"","PLAT_NAME":"AFTON","BLOCK":"8","LOT":"4","YEAR_BUILT":null,"SITUS_ADDRESS":"3185 ST CROIX TRL S, CITY OF AFTON","BLDG_NUM":"3185","CITY":"CITY OF AFTON","ZIP":"55001"},"geometry":{"type":"Polygon","coordinates":[[[1762.55447623675,1025.746989914216],[1762.531341732305,980.0469286488369],[1716.50641556771,980.0572766195983],[1716.5166865796782,1025.7574419965968],[1762.55447623675,1025.746989914216]]]}},{"type":"Feature","properties":{"PIN":"2202820110008","TAXPIN":"22.028.20.11.0008               ","Acres_Poly":0.52,"USE1_DESC":"300","USE2_DESC":"","PLAT_NAME":"AFTON","BLOCK":"9","LOT":"1","YEAR_BUILT":null,"SITUS_ADDRESS":"3121 ST CROIX TRL S, CITY OF AFTON","BLDG_NUM":"3121","CITY":"CITY OF AFTON","ZIP":"55001"},"geometry":{"type":"Polygon","coordinates":[[[1762.6363402280258,1187.220836061053],[1762.6132872550515,1141.5207171943039],[1716.5427133120247,1141.531074351631],[1716.5529743879451,1187.23129751347],[1762.6363402280258,1187.220836061053]]]}},{"type":"Feature","properties":{"PIN":"2202820110009","TAXPIN":"22.028.20.11.0009               ","Acres_Poly":0.52,"USE1_DESC":"100","USE2_DESC":"","PLAT_NAME":"AFTON","BLOCK":"9","LOT":"4","YEAR_BUILT":1901,"SITUS_ADDRESS":"15904 AFTON BLVD S, CITY OF AFTON","BLDG_NUM":"15904","CITY":"CITY OF AFTON","ZIP":"55001"},"geometry":{"type":"Polygon","coordinates":[[[1762.5900184820057,1095.8206274351105],[1716.5324492031941,1095.8309515537694],[1716.5427133120247,1141.531074351631],[1762.6132872550515,1141.5207171943039],[1762.5900184820057,1095.8206274351105]]]}},{"type":"Feature","properties":{"PIN":"2202820110010","TAXPIN":"22.028.20.11.0010               ","Acres_Poly":0.52,"USE1_DESC":"100","USE2_DESC":"","PLAT_NAME":"AFTON","BLOCK":"","LOT":"","YEAR_BUILT":1890,"SITUS_ADDRESS":"15954 AFTON BLVD S, CITY OF AFTON","BLDG_NUM":"15954","CITY":"CITY OF AFTON","ZIP":"55001"},"geometry":{"type":"Polygon","coordinates":[[[1808.6835803968715,1141.510337096639],[1808.647519909311,1095.8102100817487],[1762.5900184820057,1095.8206274351105],[1762.6132872550515,1141.5207171943039],[1773.2764635545318,1141.518344424665],[1808.6835803968715,1141.510337096639]]]}},{"type":"Feature","properties":{"PIN":"2202820110011","TAXPIN":"22.028.20.11.0011               ","Acres_Poly":0.1,"USE1_DESC":"300","USE2_DESC":"","PLAT_NAME":"AFTON","BLOCK":"9","LOT":"10","YEAR_BUILT":null,"SITUS_ADDRESS":"","BLDG_NUM":"","CITY":"CITY OF AFTON","ZIP":""},"geometry":{"type":"Polygon","coordinates":[[[1773.2764635545318,1141.518344424665],[1762.6132872550515,1141.5207171943039],[1762.6363402280258,1187.220836061053],[1768.9454509051284,1187.2195118842646],[1773.2764635545318,1141.518344424665]]]}},{"type":"Feature","properties":{"PIN":"2202820110012","TAXPIN":"22.028.20.11.0012               ","Acres_Poly":0.42,"USE1_DESC":"100","USE2_DESC":"","PLAT_NAME":"AFTON","BLOCK":"9","LOT":"10","YEAR_BUILT":1964,"SITUS_ADDRESS":"15953 31ST ST S, CITY OF AFTON","BLDG_NUM":"15953","CITY":"CITY OF AFTON","ZIP":"55001"},"geometry":{"type":"Polygon","coordinates":[[[1808.6835803968715,1141.510337096639],[1773.2764635545318,1141.518344424665],[1768.9454509051284,1187.2195118842646],[1808.7197794909007,1187.2104941839352],[1808.6835803968715,1141.510337096639]]]}},{"type":"Feature","properties":{"PIN":"2202820110013","TAXPIN":"22.028.20.11.0013               ","Acres_Poly":0.69,"USE1_DESC":"100","USE2_DESC":"","PLAT_NAME":"AFTON","BLOCK":"10","LOT":"7","YEAR_BUILT":1988,"SITUS_ADDRESS":"3070 PIKE AVE S, CITY OF AFTON","BLDG_NUM":"3070","CITY":"CITY OF AFTON","ZIP":"55001"},"geometry":{"type":"Polygon","coordinates":[[[1807.958774088882,1211.584000439383],[1762.2586181914667,1211.5943133002147],[1762.2706887573586,1264.9111751215532],[1762.2724026725627,1272.5278740553185],[1808.5269233504077,1272.5174996154383],[1807.958774088882,1211.584000439383]]]}},{"type":"Feature","properties":{"PIN":"2202820110014","TAXPIN":"22.028.20.11.0014               ","Acres_Poly":0.6,"USE1_DESC":"100","USE2_DESC":"","PLAT_NAME":"AFTON","BLOCK":"","LOT":"","YEAR_BUILT":1880,"SITUS_ADDRESS":"3085 ST CROIX TRL S, CITY OF AFTON","BLDG_NUM":"3085","CITY":"CITY OF AFTON","ZIP":"55001"},"geometry":{"type":"Polygon","coordinates":[[[1762.2586181914667,1211.5943133002147],[1716.5585358752287,1211.6046695681289],[1716.5687928965199,1257.3048204230145],[1716.5705613759346,1264.9214573604986],[1718.226309429796,1264.9211476109922],[1762.2706887573586,1264.9111751215532],[1762.2586181914667,1211.5943133002147]]]}},{"type":"Feature","properties":{"PIN":"2202820110015","TAXPIN":"22.028.20.11.0015               ","Acres_Poly":0.78,"USE1_DESC":"100","USE2_DESC":"","PLAT_NAME":"AFTON","BLOCK":"10","LOT":"1","YEAR_BUILT":1946,"SITUS_ADDRESS":"3055 ST CROIX TRL S, CITY OF AFTON","BLDG_NUM":"3055","CITY":"CITY OF AFTON","ZIP":"55001"},"geometry":{"type":"Polygon","coordinates":[[[1808.5269233504077,1272.5174996154383],[1762.2724026725627,1272.5278740553185],[1762.2706887573586,1264.9111751215532],[1718.226309429796,1264.9211476109922],[1716.5705613759346,1264.9214573604986],[1716.579047446663,1303.0048595862463],[1726.5138321102713,1303.0027260892093],[1808.8111342085758,1302.984175159596],[1808.5269233504077,1272.5174996154383]]]}},{"type":"Feature","properties":{"PIN":"2202820110020","TAXPIN":"22.028.20.11.0020               ","Acres_Poly":1.03,"USE1_DESC":"100","USE2_DESC":"","PLAT_NAME":"AFTON","BLOCK":"13","LOT":"1","YEAR_BUILT":1890,"SITUS_ADDRESS":"3060 ST CROIX TRL S, CITY OF AFTON","BLDG_NUM":"3060","CITY":"CITY OF AFTON","ZIP":"55001"},"geometry":{"type":"Polygon","coordinates":[[[1692.2056453516125,1303.0104377930984],[1692.1953593684011,1257.3101879805326],[1600.795077977993,1257.3308065235615],[1600.8054484989843,1303.0310510573909],[1692.2056453516125,1303.0104377930984]]]}},{"type":"Feature","properties":{"PIN":"2202820110021","TAXPIN":"22.028.20.11.0021               ","Acres_Poly":1.03,"USE1_DESC":"110","USE2_DESC":"","PLAT_NAME":"AFTON","BLOCK":"13","LOT":"7","YEAR_BUILT":2004,"SITUS_ADDRESS":"15890 31ST ST S, CITY OF AFTON","BLDG_NUM":"15890","CITY":"CITY OF AFTON","ZIP":"55001"},"geometry":{"type":"Polygon","coordinates":[[[1692.1953593684011,1257.3101879805326],[1692.185070352978,1211.6100385049358],[1600.784846279421,1211.6306627104059],[1600.795077977993,1257.3308065235615],[1692.1953593684011,1257.3101879805326]]]}},{"type":"Feature","properties":{"PIN":"2202820110022","TAXPIN":"22.028.20.11.0022               ","Acres_Poly":0.69,"USE1_DESC":"100","USE2_DESC":"","PLAT_NAME":"AFTON","BLOCK":"14","LOT":"7","YEAR_BUILT":1868,"SITUS_ADDRESS":"15894 AFTON BLVD S, CITY OF AFTON","BLDG_NUM":"15894","CITY":"CITY OF AFTON","ZIP":"55001"},"geometry":{"type":"Polygon","coordinates":[[[1692.1693354724557,1141.5365871451795],[1692.158968455391,1095.83646554593],[1631.2255893138936,1095.8501975368708],[1631.235752801469,1141.5502442400903],[1692.1693354724557,1141.5365871451795]]]}},{"type":"Feature","properties":{"PIN":"2202820110023","TAXPIN":"22.028.20.11.0023               ","Acres_Poly":1.03,"USE1_DESC":"100","USE2_DESC":"","PLAT_NAME":"AFTON","BLOCK":"14","LOT":"1","YEAR_BUILT":1853,"SITUS_ADDRESS":"15895 31ST ST S, CITY OF AFTON","BLDG_NUM":"15895","CITY":"CITY OF AFTON","ZIP":"55001"},"geometry":{"type":"Polygon","coordinates":[[[1692.1796285368036,1187.2368089184165],[1692.1693354724557,1141.5365871451795],[1631.235752801469,1141.5502442400903],[1616.0025350537035,1141.5537141812965],[1600.769105130399,1141.557078407146],[1600.7793408568832,1187.2572945263237],[1692.1796285368036,1187.2368089184165]]]}},{"type":"Feature","properties":{"PIN":"2202820110024","TAXPIN":"22.028.20.11.0024               ","Acres_Poly":0.17,"USE1_DESC":"140","USE2_DESC":"","PLAT_NAME":"AFTON","BLOCK":"14","LOT":"11","YEAR_BUILT":null,"SITUS_ADDRESS":"","BLDG_NUM":"","CITY":"CITY OF AFTON","ZIP":""},"geometry":{"type":"Polygon","coordinates":[[[1631.2255893138936,1095.8501975368708],[1615.9921214593342,1095.853526365012],[1616.0025350537035,1141.5537141812965],[1631.235752801469,1141.5502442400903],[1631.2255893138936,1095.8501975368708]]]}},{"type":"Feature","properties":{"PIN":"2202820110025","TAXPIN":"22.028.20.11.0025               ","Acres_Poly":0.17,"USE1_DESC":"140","USE2_DESC":"","PLAT_NAME":"AFTON","BLOCK":"14","LOT":"12","YEAR_BUILT":null,"SITUS_ADDRESS":"15876 AFTON BLVD S, CITY OF AFTON","BLDG_NUM":"15876","CITY":"CITY OF AFTON","ZIP":"55001"},"geometry":{"type":"Polygon","coordinates":[[[1615.9921214593342,1095.853526365012],[1600.7587241716683,1095.8571036402136],[1600.7593748542713,1098.443851464428],[1600.769105130399,1141.557078407146],[1616.0025350537035,1141.5537141812965],[1615.9921214593342,1095.853526365012]]]}},{"type":"Feature","properties":{"PIN":"2202820110026","TAXPIN":"22.028.20.11.0026               ","Acres_Poly":0.52,"USE1_DESC":"100","USE2_DESC":"","PLAT_NAME":"AFTON","BLOCK":"15","LOT":"1","YEAR_BUILT":2002,"SITUS_ADDRESS":"3175 PERROT AVE S, CITY OF AFTON","BLDG_NUM":"3175","CITY":"CITY OF AFTON","ZIP":"55001"},"geometry":{"type":"Polygon","coordinates":[[[1646.4533680588356,1071.4733094461262],[1646.4430966021027,1025.7731185927987],[1615.976323215058,1025.7800260046497],[1600.742901563528,1025.783463254571],[1600.7532859873027,1071.4837223431095],[1646.4533680588356,1071.4733094461262]]]}},{"type":"Feature","properties":{"PIN":"2202820110027","TAXPIN":"22.028.20.11.0027               ","Acres_Poly":0.52,"USE1_DESC":"100","USE2_DESC":"","PLAT_NAME":"AFTON","BLOCK":"15","LOT":"4","YEAR_BUILT":2004,"SITUS_ADDRESS":"15893 AFTON BLVD S, CITY OF AFTON","BLDG_NUM":"15893","CITY":"CITY OF AFTON","ZIP":"55001"},"geometry":{"type":"Polygon","coordinates":[[[1692.153594238218,1071.4630814874545],[1692.143294095702,1025.7628877973184],[1646.4430966021027,1025.7731185927987],[1646.4533680588356,1071.4733094461262],[1692.153594238218,1071.4630814874545]]]}},{"type":"Feature","properties":{"PIN":"2202820110028","TAXPIN":"22.028.20.11.0028               ","Acres_Poly":0.86,"USE1_DESC":"100","USE2_DESC":"","PLAT_NAME":"AFTON","BLOCK":"15","LOT":"7","YEAR_BUILT":1855,"SITUS_ADDRESS":"3192 ST CROIX TRL S, CITY OF AFTON","BLDG_NUM":"3192","CITY":"CITY OF AFTON","ZIP":"55001"},"geometry":{"type":"Polygon","coordinates":[[[1692.143294095702,1025.7628877973184],[1692.1329199962202,980.0627943025902],[1615.9661151434993,980.0799375399947],[1615.976323215058,1025.7800260046497],[1646.4430966021027,1025.7731185927987],[1692.143294095702,1025.7628877973184]]]}},{"type":"Feature","properties":{"PIN":"2202820110029","TAXPIN":"22.028.20.11.0029               ","Acres_Poly":0.17,"USE1_DESC":"100","USE2_DESC":"","PLAT_NAME":"AFTON","BLOCK":"15","LOT":"12","YEAR_BUILT":1901,"SITUS_ADDRESS":"15872 32ND ST S, CITY OF AFTON","BLDG_NUM":"15872","CITY":"CITY OF AFTON","ZIP":"55001"},"geometry":{"type":"Polygon","coordinates":[[[1615.9661151434993,980.0799375399947],[1600.7327268859954,980.0833051102236],[1600.742901563528,1025.783463254571],[1615.976323215058,1025.7800260046497],[1615.9661151434993,980.0799375399947]]]}},{"type":"Feature","properties":{"PIN":"2202820110030","TAXPIN":"22.028.20.11.0030               ","Acres_Poly":0.69,"USE1_DESC":"100","USE2_DESC":"","PLAT_NAME":"AFTON","BLOCK":"30","LOT":"1","YEAR_BUILT":1965,"SITUS_ADDRESS":"3167 PENNINGTON AVE S, CITY OF AFTON","BLDG_NUM":"3167","CITY":"CITY OF AFTON","ZIP":"55001"},"geometry":{"type":"Polygon","coordinates":[[[1576.4331694616703,1056.7021678229794],[1545.966764071898,1056.412188549526],[1530.5741690940922,1056.2656655898318],[1530.633935243357,1025.798050461337],[1484.7979039283236,1025.3617948638275],[1484.6735390583053,1071.509819995612],[1576.4151771246106,1071.4891350930557],[1576.4331694616703,1056.7021678229794]]]}},{"type":"Feature","properties":{"PIN":"2202820110031","TAXPIN":"22.028.20.11.0031               ","Acres_Poly":0.52,"USE1_DESC":"100","USE2_DESC":"","PLAT_NAME":"AFTON","BLOCK":"30","LOT":"4","YEAR_BUILT":1970,"SITUS_ADDRESS":"3193 PENNINGTON AVE S, CITY OF AFTON","BLDG_NUM":"3193","CITY":"CITY OF AFTON","ZIP":"55001"},"geometry":{"type":"Polygon","coordinates":[[[1530.72347050783,980.099078990519],[1484.9201191774919,980.1094848131761],[1484.7979039283236,1025.3617948638275],[1530.633935243357,1025.798050461337],[1530.663782312593,1010.5643655536696],[1530.72347050783,980.099078990519]]]}},{"type":"Feature","properties":{"PIN":"2202820110032","TAXPIN":"22.028.20.11.0032               ","Acres_Poly":0.35,"USE1_DESC":"100","USE2_DESC":"","PLAT_NAME":"AFTON","BLOCK":"30","LOT":"7","YEAR_BUILT":1901,"SITUS_ADDRESS":"3190 PERROT AVE S, CITY OF AFTON","BLDG_NUM":"3190","CITY":"CITY OF AFTON","ZIP":"55001"},"geometry":{"type":"Polygon","coordinates":[[[1530.72347050783,980.099078990519],[1530.663782312593,1010.5643655536696],[1546.0226583317854,1010.710516939871],[1576.4892100953148,1011.0004971930757],[1576.5268952063052,980.0887886835262],[1530.72347050783,980.099078990519]]]}},{"type":"Feature","properties":{"PIN":"2202820110034","TAXPIN":"22.028.20.11.0034               ","Acres_Poly":0.06,"USE1_DESC":"100","USE2_DESC":"","PLAT_NAME":"AFTON","BLOCK":"30","LOT":"9","YEAR_BUILT":null,"SITUS_ADDRESS":"","BLDG_NUM":"","CITY":"CITY OF AFTON","ZIP":""},"geometry":{"type":"Polygon","coordinates":[[[1530.663782312593,1010.5643655536696],[1530.633935243357,1025.798050461337],[1546.00405084464,1025.9443728253245],[1546.0226583317854,1010.710516939871],[1530.663782312593,1010.5643655536696]]]}},{"type":"Feature","properties":{"PIN":"2202820110035","TAXPIN":"22.028.20.11.0035               ","Acres_Poly":0.12,"USE1_DESC":"100","USE2_DESC":"","PLAT_NAME":"","BLOCK":"","LOT":"","YEAR_BUILT":null,"SITUS_ADDRESS":"","BLDG_NUM":"","CITY":"CITY OF AFTON","ZIP":""},"geometry":{"type":"Polygon","coordinates":[[[1530.633935243357,1025.798050461337],[1530.5741690940922,1056.2656655898318],[1545.966764071898,1056.412188549526],[1546.00405084464,1025.9443728253245],[1530.633935243357,1025.798050461337]]]}},{"type":"Feature","properties":{"PIN":"2202820110036","TAXPIN":"22.028.20.11.0036               ","Acres_Poly":0.34,"USE1_DESC":"100","USE2_DESC":"","PLAT_NAME":"AFTON","BLOCK":"30","LOT":"9","YEAR_BUILT":1890,"SITUS_ADDRESS":"3160 PERROT AVE S, CITY OF AFTON","BLDG_NUM":"3160","CITY":"CITY OF AFTON","ZIP":"55001"},"geometry":{"type":"Polygon","coordinates":[[[1546.0226583317854,1010.710516939871],[1546.00405084464,1025.9443728253245],[1545.966764071898,1056.412188549526],[1576.4331694616703,1056.7021678229794],[1576.4892100953148,1011.0004971930757],[1546.0226583317854,1010.710516939871]]]}},{"type":"Feature","properties":{"PIN":"2202820110044","TAXPIN":"22.028.20.11.0044               ","Acres_Poly":0.31,"USE1_DESC":"100","USE2_DESC":"","PLAT_NAME":"AFTON","BLOCK":"38","LOT":"3","YEAR_BUILT":null,"SITUS_ADDRESS":"","BLDG_NUM":"","CITY":"CITY OF AFTON","ZIP":""},"geometry":{"type":"Polygon","coordinates":[[[1460.464365071035,1010.581673854962],[1419.7222217383678,1010.5908857565373],[1419.627666361921,1041.0577713651583],[1460.382240301231,1041.0484517998993],[1460.464365071035,1010.581673854962]]]}},{"type":"Feature","properties":{"PIN":"2202820110045","TAXPIN":"22.028.20.11.0045               ","Acres_Poly":0.31,"USE1_DESC":"140","USE2_DESC":"","PLAT_NAME":"AFTON","BLOCK":"38","LOT":"5","YEAR_BUILT":null,"SITUS_ADDRESS":"3180 PENNINGTON AVE S, CITY OF AFTON","BLDG_NUM":"3180","CITY":"CITY OF AFTON","ZIP":"55001"},"geometry":{"type":"Polygon","coordinates":[[[1460.5466311398195,980.1149644535035],[1419.8167763184174,980.1242096796632],[1419.7222217383678,1010.5908857565373],[1460.464365071035,1010.581673854962],[1460.5466311398195,980.1149644535035]]]}},{"type":"Feature","properties":{"PIN":"2202820110046","TAXPIN":"22.028.20.11.0046               ","Acres_Poly":0.43,"USE1_DESC":"100","USE2_DESC":"","PLAT_NAME":"AFTON","BLOCK":"38","LOT":"1","YEAR_BUILT":1901,"SITUS_ADDRESS":"15751 AFTON BLVD S, CITY OF AFTON","BLDG_NUM":"15751","CITY":"CITY OF AFTON","ZIP":"55001"},"geometry":{"type":"Polygon","coordinates":[[[1460.382240301231,1041.0484517998993],[1419.627666361921,1041.0577713651583],[1419.5789079752867,1056.7604517666623],[1419.4952887597028,1083.7112826053053],[1460.2673219323042,1083.7018689941615],[1460.382240301231,1041.0484517998993]]]}},{"type":"Feature","properties":{"PIN":"2202820110047","TAXPIN":"22.028.20.11.0047               ","Acres_Poly":0.54,"USE1_DESC":"100","USE2_DESC":"","PLAT_NAME":"AFTON","BLOCK":"32","LOT":"7","YEAR_BUILT":1875,"SITUS_ADDRESS":"3090 PERROT AVE S, CITY OF AFTON","BLDG_NUM":"3090","CITY":"CITY OF AFTON","ZIP":"55001"},"geometry":{"type":"Polygon","coordinates":[[[1582.5152469067252,1257.8388388939202],[1582.5048025231808,1211.6348874522373],[1576.4114547955105,1211.6362601714209],[1530.5515434517874,1219.7697817841545],[1530.5680851813522,1257.3443536385894],[1582.5152469067252,1257.8388388939202]]]}},{"type":"Feature","properties":{"PIN":"2202820110049","TAXPIN":"22.028.20.11.0049               ","Acres_Poly":1.13,"USE1_DESC":"100","USE2_DESC":"","PLAT_NAME":"AFTON","BLOCK":"32","LOT":"10","YEAR_BUILT":1955,"SITUS_ADDRESS":"3080 PERROT AVE S, CITY OF AFTON","BLDG_NUM":"3080","CITY":"CITY OF AFTON","ZIP":"55001"},"geometry":{"type":"Polygon","coordinates":[[[1576.4320506509393,1303.036433535628],[1582.5253821941442,1303.0351321864873],[1582.5152469067252,1257.8388388939202],[1530.5680851813522,1257.3443536385894],[1521.2803033262026,1265.8793780710548],[1472.5335845976952,1265.8904191609472],[1472.5581272646086,1303.0598169341683],[1484.7447890560725,1303.057093151845],[1576.4320506509393,1303.036433535628]]]}},{"type":"Feature","properties":{"PIN":"2202820110051","TAXPIN":"22.028.20.11.0051               ","Acres_Poly":2.03,"USE1_DESC":"100","USE2_DESC":"","PLAT_NAME":"AFTON","BLOCK":"36","LOT":"1","YEAR_BUILT":2002,"SITUS_ADDRESS":"3100 PERROT AVE S, CITY OF AFTON","BLDG_NUM":"3100","CITY":"CITY OF AFTON","ZIP":"55001"},"geometry":{"type":"Polygon","coordinates":[[[1472.5335845976952,1265.8904191609472],[1521.2803033262026,1265.8793780710548],[1530.5680851813522,1257.3443536385894],[1530.5515434517874,1219.7697817841545],[1576.4114547955105,1211.6362601714209],[1484.6844471718068,1211.6568259578198],[1460.3109888121253,1211.6622994057834],[1419.0981534202,1211.671679271385],[1419.0434063851717,1229.303222595714],[1418.8144826862845,1303.0719535360113],[1460.3713945010095,1303.0626343861222],[1472.5581272646086,1303.0598169341683],[1472.5335845976952,1265.8904191609472]]]}},{"type":"Feature","properties":{"PIN":"2202820110052","TAXPIN":"22.028.20.11.0052               ","Acres_Poly":0.45,"USE1_DESC":"966","USE2_DESC":"","PLAT_NAME":"AFTON","BLOCK":"31","LOT":"1","YEAR_BUILT":null,"SITUS_ADDRESS":"","BLDG_NUM":"","CITY":"CITY OF AFTON","ZIP":""},"geometry":{"type":"Polygon","coordinates":[[[1503.4907543574227,1122.2992464732379],[1522.625970574445,1118.0653431406245],[1525.3951295748702,1117.3980045206845],[1527.6477285771398,1116.8551150122657],[1532.6572782678413,1115.5957345105708],[1576.3872227165848,1104.3742220234126],[1576.385389513278,1095.8624222334474],[1528.6160831477027,1095.873235102743],[1484.6077178490814,1095.8831510711461],[1484.613859482808,1104.9590021586046],[1484.6261925262515,1125.1629067221656],[1485.8038852671743,1125.0339079778641],[1489.1595400546212,1124.6663773199543],[1490.039838915749,1124.5464904671535],[1490.5206402091426,1124.4811057932675],[1493.5695471598883,1124.0661891894415],[1493.6783781268168,1124.0514917792752],[1494.2629444914055,1123.9561293851584],[1496.6068841139786,1123.5745539274067],[1498.1796568634454,1123.3184540467337],[1498.4705770330038,1123.2632418517023],[1499.6370249520405,1123.041905731894],[1502.6601117572282,1122.4681742768735],[1503.4907543574227,1122.2992464732379]]]}},{"type":"Feature","properties":{"PIN":"2202820110053","TAXPIN":"22.028.20.11.0053               ","Acres_Poly":1.81,"USE1_DESC":"915","USE2_DESC":"","PLAT_NAME":"AFTON","BLOCK":"31","LOT":"1","YEAR_BUILT":null,"SITUS_ADDRESS":"15730 AFTON BLVD S, CITY OF AFTON","BLDG_NUM":"15730","CITY":"CITY OF AFTON","ZIP":"55001"},"geometry":{"type":"Polygon","coordinates":[[[1576.3872227165848,1104.3742220234126],[1532.6572782678413,1115.5957345105708],[1527.6477285771398,1116.8551150122657],[1525.3951295748702,1117.3980045206845],[1522.625970574445,1118.0653431406245],[1503.4907543574227,1122.2992464732379],[1502.6601117572282,1122.4681742768735],[1499.6370249520405,1123.041905731894],[1498.4705770330038,1123.2632418517023],[1498.1796568634454,1123.3184540467337],[1496.6068841139786,1123.5745539274067],[1494.2629444914055,1123.9561293851584],[1493.6783781268168,1124.0514917792752],[1493.5695471598883,1124.0661891894415],[1490.5206402091426,1124.4811057932675],[1490.039838915749,1124.5464904671535],[1489.1595400546212,1124.6663773199543],[1485.8038852671743,1125.0339079778641],[1484.6261925262515,1125.1629067221656],[1481.558385287004,1125.4302651882172],[1480.5833580345497,1125.5151988305151],[1478.4918460416957,1125.6471617948264],[1477.3043674427317,1125.721993979998],[1476.5333325764514,1125.7706407299265],[1475.4197647121619,1125.814214735292],[1473.044248209102,1125.9070509849116],[1472.4782437591348,1125.9291673777625],[1472.4921145911212,1187.286186744459],[1576.40599887789,1187.2627515383065],[1576.3872227165848,1104.3742220234126]]]}},{"type":"Feature","properties":{"PIN":"2202820110054","TAXPIN":"22.028.20.11.0054               ","Acres_Poly":0.1,"USE1_DESC":"966","USE2_DESC":"","PLAT_NAME":"AFTON","BLOCK":"37","LOT":"1","YEAR_BUILT":null,"SITUS_ADDRESS":"","BLDG_NUM":"","CITY":"CITY OF AFTON","ZIP":""},"geometry":{"type":"Polygon","coordinates":[[[1454.9129286606913,1115.4706581234932],[1449.5725593032548,1115.08213328477],[1419.4073732338147,1112.0278436103836],[1419.3759361554985,1122.1613938044757],[1425.537865892402,1122.8930903673172],[1426.7317962326924,1123.034904674627],[1428.2839571554796,1123.199642512016],[1433.3009710264741,1123.73177241534],[1434.0981087511173,1123.816423902288],[1438.562881666352,1124.2335915872827],[1441.0744136050926,1124.4682853594422],[1441.4735274733393,1124.505594611168],[1448.8571307538077,1125.1024144347757],[1454.4177028015838,1125.516892370768],[1457.3345123133622,1125.710038117133],[1460.2542150081717,1125.8547759233043],[1460.2573567341897,1115.7989065954462],[1454.9129286606913,1115.4706581234932]]]}},{"type":"Feature","properties":{"PIN":"2202820110055","TAXPIN":"22.028.20.11.0055               ","Acres_Poly":0.82,"USE1_DESC":"915","USE2_DESC":"","PLAT_NAME":"AFTON","BLOCK":"37","LOT":"1","YEAR_BUILT":null,"SITUS_ADDRESS":"","BLDG_NUM":"","CITY":"CITY OF AFTON","ZIP":""},"geometry":{"type":"Polygon","coordinates":[[[1472.4782437591348,1125.9291673777625],[1472.3451906093978,1125.9315027324483],[1469.2686571507365,1125.984961568378],[1468.7810560872895,1125.9933605436236],[1468.403315817006,1125.9999284809455],[1466.1919061531662,1125.9863996561617],[1464.5167889257427,1125.9762629363686],[1464.3278596925666,1125.9750585975125],[1460.2542150081717,1125.8547759233043],[1457.3345123133622,1125.710038117133],[1454.4177028015838,1125.516892370768],[1448.8571307538077,1125.1024144347757],[1441.4735274733393,1124.505594611168],[1441.0744136050926,1124.4682853594422],[1438.562881666352,1124.2335915872827],[1434.0981087511173,1123.816423902288],[1433.3009710264741,1123.73177241534],[1428.2839571554796,1123.199642512016],[1426.7317962326924,1123.034904674627],[1425.537865892402,1122.8930903673172],[1419.3759361554985,1122.1613938044757],[1419.2278422117815,1169.8804683368653],[1419.173869747785,1187.298176791519],[1472.4921145911212,1187.286186744459],[1472.4782437591348,1125.9291673777625]]]}},{"type":"Feature","properties":{"PIN":"2202820110056","TAXPIN":"22.028.20.11.0056               ","Acres_Poly":0.1,"USE1_DESC":"966","USE2_DESC":"","PLAT_NAME":"","BLOCK":"","LOT":"","YEAR_BUILT":null,"SITUS_ADDRESS":"","BLDG_NUM":"","CITY":"CITY OF AFTON","ZIP":""},"geometry":{"type":"Polygon","coordinates":[[[1455.9130064455094,1105.4645413663238],[1450.3508572050487,1105.0499154664576],[1435.3332590505597,1103.7312334915623],[1420.3364937189035,1102.0146738914773],[1419.4217857299955,1101.8956464203075],[1419.4073732338147,1112.0278436103836],[1449.5725593032548,1115.08213328477],[1454.9129286606913,1115.4706581234932],[1460.2573567341897,1115.7989065954462],[1460.2428891020245,1105.7240325054154],[1455.9130064455094,1105.4645413663238]]]}},{"type":"Feature","properties":{"PIN":"2202820110057","TAXPIN":"22.028.20.11.0057               ","Acres_Poly":0.21,"USE1_DESC":"100","USE2_DESC":"","PLAT_NAME":"AFTON","BLOCK":"37","LOT":"","YEAR_BUILT":null,"SITUS_ADDRESS":"","BLDG_NUM":"","CITY":"CITY OF AFTON","ZIP":""},"geometry":{"type":"Polygon","coordinates":[[[1419.4952887597028,1083.7112826053053],[1419.4217857299955,1101.8956464203075],[1420.3364937189035,1102.0146738914773],[1435.3332590505597,1103.7312334915623],[1450.3508572050487,1105.0499154664576],[1455.9130064455094,1105.4645413663238],[1460.2428891020245,1105.7240325054154],[1460.2673219323042,1083.7018689941615],[1419.4952887597028,1083.7112826053053]]]}},{"type":"Feature","properties":{"PIN":"2202820110058","TAXPIN":"22.028.20.11.0058               ","Acres_Poly":0.52,"USE1_DESC":"100","USE2_DESC":"","PLAT_NAME":"","BLOCK":"","LOT":"","YEAR_BUILT":1945,"SITUS_ADDRESS":"15990 32ND ST S, CITY OF AFTON","BLDG_NUM":"15990","CITY":"CITY OF AFTON","ZIP":"55001"},"geometry":{"type":"Polygon","coordinates":[[[1808.5562707724748,980.0365578262135],[1762.531341732305,980.0469286488369],[1762.55447623675,1025.746989914216],[1808.5922683941317,1025.7366565410048],[1808.5562707724748,980.0365578262135]]]}},{"type":"Feature","properties":{"PIN":"2202820110059","TAXPIN":"22.028.20.11.0059               ","Acres_Poly":0.52,"USE1_DESC":"100","USE2_DESC":"","PLAT_NAME":"","BLOCK":"","LOT":"","YEAR_BUILT":2022,"SITUS_ADDRESS":"15955 AFTON BLVD S, CITY OF AFTON","BLDG_NUM":"15955","CITY":"CITY OF AFTON","ZIP":"55001"},"geometry":{"type":"Polygon","coordinates":[[[1808.5922683941317,1025.7366565410048],[1762.55447623675,1025.746989914216],[1762.569920897833,1056.2138239424676],[1762.5776073235902,1071.447222248651],[1808.6283337071072,1071.4367851484567],[1808.5922683941317,1025.7366565410048]]]}},{"type":"Feature","properties":{"PIN":"2202820120001","TAXPIN":"22.028.20.12.0001               ","Acres_Poly":3.12,"USE1_DESC":"912","USE2_DESC":"","PLAT_NAME":"COUNTY AUDITOR'S PLAT NO.5","BLOCK":"","LOT":"1","YEAR_BUILT":null,"SITUS_ADDRESS":"","BLDG_NUM":"","CITY":"CITY OF AFTON","ZIP":""},"geometry":{"type":"Polygon","coordinates":[[[1316.7298834731337,1258.667253954336],[1391.2406687138719,1228.3772191023454],[1419.0434063851717,1229.303222595714],[1419.0981534202,1211.671679271385],[1419.1360472181696,1199.4848689530045],[1419.173869747785,1187.298176791519],[1419.2278422117815,1169.8804683368653],[1338.7989606185001,1169.1402633646503],[1333.7720115420525,1169.109950198792],[1328.745062253147,1169.0797116579488],[1258.3670131753897,1168.4567566942424],[1258.070673993905,1263.9465127848089],[1298.262473722978,1260.3292479915544],[1316.7298834731337,1258.667253954336]]]}},{"type":"Feature","properties":{"PIN":"2202820120018","TAXPIN":"22.028.20.12.0018               ","Acres_Poly":0.01,"USE1_DESC":"966","USE2_DESC":"","PLAT_NAME":"COUNTY AUDITOR'S PLAT NO.5","BLOCK":"","LOT":"4","YEAR_BUILT":null,"SITUS_ADDRESS":"","BLDG_NUM":"","CITY":"CITY OF AFTON","ZIP":""},"geometry":{"type":"Polygon","coordinates":[[[1333.9809652186814,1103.7732588853687],[1333.956980220857,1111.2423519184813],[1338.9820199928363,1111.8848346648738],[1339.008002501796,1103.7894359892234],[1333.9809652186814,1103.7732588853687]]]}},{"type":"Feature","properties":{"PIN":"2202820120019","TAXPIN":"22.028.20.12.0019               ","Acres_Poly":0.07,"USE1_DESC":"912","USE2_DESC":"","PLAT_NAME":"COUNTY AUDITOR'S PLAT NO.5","BLOCK":"","LOT":"4","YEAR_BUILT":null,"SITUS_ADDRESS":"","BLDG_NUM":"","CITY":"CITY OF AFTON","ZIP":""},"geometry":{"type":"Polygon","coordinates":[[[1338.7989606185001,1169.1402633646503],[1338.9820199928363,1111.8848346648738],[1333.956980220857,1111.2423519184813],[1333.7720115420525,1169.109950198792],[1338.7989606185001,1169.1402633646503]]]}},{"type":"Feature","properties":{"PIN":"2202820120020","TAXPIN":"22.028.20.12.0020               ","Acres_Poly":0.2,"USE1_DESC":"966","USE2_DESC":"","PLAT_NAME":"COUNTY AUDITOR'S PLAT NO.5","BLOCK":"31","LOT":"5","YEAR_BUILT":null,"SITUS_ADDRESS":"","BLDG_NUM":"","CITY":"CITY OF AFTON","ZIP":""},"geometry":{"type":"Polygon","coordinates":[[[1419.0595204285928,1111.9957593819126],[1364.2185120219365,1104.9791514221579],[1339.0144511373946,1101.7564313048497],[1339.008002501796,1103.7894359892234],[1338.9820199928363,1111.8848346648738],[1417.7854314632132,1121.9602270517498],[1419.3759361554985,1122.1613938044757],[1419.4073732338147,1112.0278436103836],[1419.0595204285928,1111.9957593819126]]]}},{"type":"Feature","properties":{"PIN":"2202820120021","TAXPIN":"22.028.20.12.0021               ","Acres_Poly":1.04,"USE1_DESC":"912","USE2_DESC":"","PLAT_NAME":"COUNTY AUDITOR'S PLAT NO.5","BLOCK":"","LOT":"5","YEAR_BUILT":null,"SITUS_ADDRESS":"","BLDG_NUM":"","CITY":"CITY OF AFTON","ZIP":""},"geometry":{"type":"Polygon","coordinates":[[[1417.7854314632132,1121.9602270517498],[1338.9820199928363,1111.8848346648738],[1338.7989606185001,1169.1402633646503],[1419.2278422117815,1169.8804683368653],[1419.3759361554985,1122.1613938044757],[1417.7854314632132,1121.9602270517498]]]}},{"type":"Feature","properties":{"PIN":"2202820120022","TAXPIN":"22.028.20.12.0022               ","Acres_Poly":0.18,"USE1_DESC":"966","USE2_DESC":"","PLAT_NAME":"COUNTY AUDITOR'S PLAT NO.5","BLOCK":"","LOT":"3","YEAR_BUILT":null,"SITUS_ADDRESS":"","BLDG_NUM":"","CITY":"CITY OF AFTON","ZIP":""},"geometry":{"type":"Polygon","coordinates":[[[1339.008002501796,1103.7894359892234],[1339.0144511373946,1101.7564313048497],[1258.6059864021954,1091.4749464401975],[1258.5746017778874,1101.6043576216325],[1328.93201038189,1110.5998732382432],[1328.9539984790026,1103.7572272801772],[1333.9809652186814,1103.7732588853687],[1339.008002501796,1103.7894359892234]]]}},{"type":"Feature","properties":{"PIN":"2202820120023","TAXPIN":"22.028.20.12.0023               ","Acres_Poly":1.09,"USE1_DESC":"911","USE2_DESC":"","PLAT_NAME":"COUNTY AUDITOR'S PLAT NO.5","BLOCK":"","LOT":"3","YEAR_BUILT":null,"SITUS_ADDRESS":"15702 AFTON BLVD S, CITY OF AFTON","BLDG_NUM":"15702","CITY":"CITY OF AFTON","ZIP":"55001"},"geometry":{"type":"Polygon","coordinates":[[[1258.5746017778874,1101.6043576216325],[1258.3670131753897,1168.4567566942424],[1328.745062253147,1169.0797116579488],[1328.93201038189,1110.5998732382432],[1258.5746017778874,1101.6043576216325]]]}},{"type":"Feature","properties":{"PIN":"2202820120027","TAXPIN":"22.028.20.12.0027               ","Acres_Poly":0.14,"USE1_DESC":"966","USE2_DESC":"","PLAT_NAME":"COUNTY AUDITOR'S PLAT NO.5","BLOCK":"","LOT":"7","YEAR_BUILT":null,"SITUS_ADDRESS":"","BLDG_NUM":"","CITY":"CITY OF AFTON","ZIP":""},"geometry":{"type":"Polygon","coordinates":[[[1364.249370365229,1094.8436647290364],[1364.2185120219365,1104.9791514221579],[1419.0595204285928,1111.9957593819126],[1419.4073732338147,1112.0278436103836],[1419.4217857299955,1101.8956464203075],[1364.249370365229,1094.8436647290364]]]}},{"type":"Feature","properties":{"PIN":"2202820120028","TAXPIN":"22.028.20.12.0028               ","Acres_Poly":0.62,"USE1_DESC":"100","USE2_DESC":"","PLAT_NAME":"COUNTY AUDITOR'S PLAT NO.5","BLOCK":"","LOT":"7","YEAR_BUILT":1948,"SITUS_ADDRESS":"15737 AFTON BLVD S, CITY OF AFTON","BLDG_NUM":"15737","CITY":"CITY OF AFTON","ZIP":"55001"},"geometry":{"type":"Polygon","coordinates":[[[1419.5789079752867,1056.7604517666623],[1364.386465466232,1049.7058254526928],[1364.249370365229,1094.8436647290364],[1419.4217857299955,1101.8956464203075],[1419.4952887597028,1083.7112826053053],[1419.5789079752867,1056.7604517666623]]]}},{"type":"Feature","properties":{"PIN":"2202820120032","TAXPIN":"22.028.20.12.0032               ","Acres_Poly":0.01,"USE1_DESC":"966","USE2_DESC":"","PLAT_NAME":"COUNTY AUDITOR'S PLAT NO.5","BLOCK":"","LOT":"4","YEAR_BUILT":null,"SITUS_ADDRESS":"","BLDG_NUM":"","CITY":"CITY OF AFTON","ZIP":""},"geometry":{"type":"Polygon","coordinates":[[[1328.9539984790026,1103.7572272801772],[1328.93201038189,1110.5998732382432],[1333.956980220857,1111.2423519184813],[1333.9809652186814,1103.7732588853687],[1328.9539984790026,1103.7572272801772]]]}},{"type":"Feature","properties":{"PIN":"2202820120033","TAXPIN":"22.028.20.12.0033               ","Acres_Poly":0.07,"USE1_DESC":"911","USE2_DESC":"","PLAT_NAME":"COUNTY AUDITOR'S PLAT NO.5","BLOCK":"","LOT":"4","YEAR_BUILT":null,"SITUS_ADDRESS":"","BLDG_NUM":"","CITY":"CITY OF AFTON","ZIP":""},"geometry":{"type":"Polygon","coordinates":[[[1328.93201038189,1110.5998732382432],[1328.745062253147,1169.0797116579488],[1333.7720115420525,1169.109950198792],[1333.956980220857,1111.2423519184813],[1328.93201038189,1110.5998732382432]]]}},{"type":"Feature","properties":{"PIN":"2202820120035","TAXPIN":"22.028.20.12.0035               ","Acres_Poly":0.43,"USE1_DESC":"966","USE2_DESC":"","PLAT_NAME":"COUNTY AUDITOR'S PLAT NO.5","BLOCK":"","LOT":"7","YEAR_BUILT":null,"SITUS_ADDRESS":"","BLDG_NUM":"","CITY":"CITY OF AFTON","ZIP":""},"geometry":{"type":"Polygon","coordinates":[[[1254.9176769100013,1080.8650313457474],[1237.398089308641,1075.5536059625447],[1221.6191942178411,1073.5361483804882],[1221.232702952635,1076.558149093762],[1201.3860543108312,1074.0207086494192],[1201.3889219093835,1084.1587174413726],[1258.6059864021954,1091.4749464401975],[1339.0144511373946,1101.7564313048497],[1364.2185120219365,1104.9791514221579],[1364.249370365229,1094.8436647290364],[1254.9176769100013,1080.8650313457474]]]}},{"type":"Feature","properties":{"PIN":"2202820120036","TAXPIN":"22.028.20.12.0036               ","Acres_Poly":7.15,"USE1_DESC":"100","USE2_DESC":"","PLAT_NAME":"COUNTY AUDITOR'S PLAT NO.5","BLOCK":"","LOT":"7","YEAR_BUILT":2020,"SITUS_ADDRESS":"15721 AFTON BLVD S, CITY OF AFTON","BLDG_NUM":"15721","CITY":"CITY OF AFTON","ZIP":"55001"},"geometry":{"type":"Polygon","coordinates":[[[1419.627666361921,1041.0577713651583],[1419.7222217383678,1010.5908857565373],[1419.8167763184174,980.1242096796632],[1419.8586966604344,966.6200008569285],[1419.8898538286448,956.5658658463508],[1368.0975943831727,956.1099269296974],[1368.2396524091018,910.3311574999243],[1368.381826076191,864.5350992809981],[1291.9336047354736,955.439576481469],[1291.9025066714385,965.493641756475],[1201.357112207159,964.696709192358],[1201.3860543108312,1074.0207086494192],[1221.232702952635,1076.558149093762],[1221.6191942178411,1073.5361483804882],[1237.398089308641,1075.5536059625447],[1254.9176769100013,1080.8650313457474],[1364.249370365229,1094.8436647290364],[1364.386465466232,1049.7058254526928],[1419.5789079752867,1056.7604517666623],[1419.627666361921,1041.0577713651583]]]}},{"type":"Feature","properties":{"PIN":"2202820130002","TAXPIN":"22.028.20.13.0002               ","Acres_Poly":1.17,"USE1_DESC":"100","USE2_DESC":"","PLAT_NAME":"COUNTY AUDITOR'S PLAT NO.5","BLOCK":"","LOT":"12","YEAR_BUILT":1963,"SITUS_ADDRESS":"3296 PENNINGTON AVE S, CITY OF AFTON","BLDG_NUM":"3296","CITY":"CITY OF AFTON","ZIP":"55001"},"geometry":{"type":"Polygon","coordinates":[[[1460.8588707613526,864.3412017701194],[1460.8916631019092,852.1544990688562],[1420.2143307719962,852.028242927976],[1420.1740490363445,864.9896980337799],[1368.381826076191,864.5350992809981],[1368.2396524091018,910.3311574999243],[1420.032915228745,910.491924370639],[1460.735146073741,910.2060885857791],[1460.8588707613526,864.3412017701194]]]}},{"type":"Feature","properties":{"PIN":"2202820130003","TAXPIN":"22.028.20.13.0003               ","Acres_Poly":1.05,"USE1_DESC":"100","USE2_DESC":"","PLAT_NAME":"COUNTY AUDITOR'S PLAT NO.5","BLOCK":"","LOT":"12","YEAR_BUILT":1967,"SITUS_ADDRESS":"3250 PENNINGTON AVE S, CITY OF AFTON","BLDG_NUM":"3250","CITY":"CITY OF AFTON","ZIP":"55001"},"geometry":{"type":"Polygon","coordinates":[[[1460.735146073741,910.2060885857791],[1420.032915228745,910.491924370639],[1368.2396524091018,910.3311574999243],[1368.0975943831727,956.1099269296974],[1419.8898538286448,956.5658658463508],[1419.8923491936293,955.7507509123534],[1460.6123587479233,955.7415496688336],[1460.735146073741,910.2060885857791]]]}},{"type":"Feature","properties":{"PIN":"2202820130004","TAXPIN":"22.028.20.13.0004               ","Acres_Poly":2.85,"USE1_DESC":"100","USE2_DESC":"","PLAT_NAME":"COUNTY AUDITOR'S PLAT NO.5","BLOCK":"","LOT":"13","YEAR_BUILT":1979,"SITUS_ADDRESS":"15685 AFTON BLVD S, CITY OF AFTON","BLDG_NUM":"15685","CITY":"CITY OF AFTON","ZIP":"55001"},"geometry":{"type":"Polygon","coordinates":[[[1420.4002536081243,792.1180357122794],[1420.4895402693073,763.3594911256805],[1317.6865017041564,762.4595311200246],[1279.0177986869821,829.150352338329],[1368.381826076191,864.5350992809981],[1420.1740490363445,864.9896980337799],[1420.2143307719962,852.028242927976],[1420.4002536081243,792.1180357122794]]]}},{"type":"Feature","properties":{"PIN":"2202820130006","TAXPIN":"22.028.20.13.0006               ","Acres_Poly":0.85,"USE1_DESC":"140","USE2_DESC":"","PLAT_NAME":"COUNTY AUDITOR'S PLAT NO.5","BLOCK":"","LOT":"14","YEAR_BUILT":null,"SITUS_ADDRESS":"","BLDG_NUM":"","CITY":"CITY OF AFTON","ZIP":""},"geometry":{"type":"Polygon","coordinates":[[[1221.2950801723637,718.1404440319166],[1221.092114954139,761.6140153910965],[1300.3008010397898,762.3073684982955],[1300.4357204433763,718.8332692654803],[1221.2950801723637,718.1404440319166]]]}},{"type":"Feature","properties":{"PIN":"2202820130007","TAXPIN":"22.028.20.13.0007               ","Acres_Poly":0.11,"USE1_DESC":"962","USE2_DESC":"","PLAT_NAME":"COUNTY AUDITOR'S PLAT NO.5","BLOCK":"","LOT":"14","YEAR_BUILT":null,"SITUS_ADDRESS":"","BLDG_NUM":"","CITY":"CITY OF AFTON","ZIP":""},"geometry":{"type":"Polygon","coordinates":[[[1420.9028801126988,630.1682438421994],[1416.028385152691,630.1259677745402],[1415.8367381297867,691.8565650712699],[1415.8107114277664,700.2569266501814],[1415.7499370436417,719.8390194363892],[1420.6244948498788,719.8853951934725],[1420.766289665131,674.184610911645],[1420.9028801126988,630.1682438421994]]]}},{"type":"Feature","properties":{"PIN":"2202820130009","TAXPIN":"22.028.20.13.0009               ","Acres_Poly":2.9,"USE1_DESC":"100","USE2_DESC":"","PLAT_NAME":"COUNTY AUDITOR'S PLAT NO.5","BLOCK":"","LOT":"14","YEAR_BUILT":1980,"SITUS_ADDRESS":"15616 UPPER 34TH ST S, CITY OF AFTON","BLDG_NUM":"15616","CITY":"CITY OF AFTON","ZIP":"55001"},"geometry":{"type":"Polygon","coordinates":[[[1300.7141757876961,629.1239577280357],[1352.9543575358111,629.5779105173424],[1358.920593004208,629.6296396702528],[1354.3953741031582,622.4152139574289],[1333.092535547621,615.2602040385827],[1276.935742999136,596.3992150174454],[1232.7313010485377,587.0502323582768],[1231.0429790064227,591.8528774250299],[1218.1919419161277,628.4068729309365],[1202.7691884383094,672.2765122279525],[1211.6292062346474,718.0558494515717],[1221.2950801723637,718.1404440319166],[1300.4357204433763,718.8332692654803],[1300.4965630381485,699.2530838074163],[1300.7141757876961,629.1239577280357]]]}},{"type":"Feature","properties":{"PIN":"2202820130015","TAXPIN":"22.028.20.13.0015               ","Acres_Poly":1.85,"USE1_DESC":"100","USE2_DESC":"","PLAT_NAME":"COUNTY AUDITOR'S PLAT NO.5","BLOCK":"","LOT":"14","YEAR_BUILT":1880,"SITUS_ADDRESS":"15740 UPPER 34TH ST S, CITY OF AFTON","BLDG_NUM":"15740","CITY":"CITY OF AFTON","ZIP":"55001"},"geometry":{"type":"Polygon","coordinates":[[[1300.4965630381485,699.2530838074163],[1300.4357204433763,718.8332692654803],[1300.3008010397898,762.3073684982955],[1317.6865017041564,762.4595311200246],[1420.4895402693073,763.3594911256805],[1420.5487806135789,744.2592498380691],[1420.6244948498788,719.8853951934725],[1415.7499370436417,719.8390194363892],[1415.8107114277664,700.2569266501814],[1409.2948823643383,700.2008040398359],[1300.4965630381485,699.2530838074163]]]}},{"type":"Feature","properties":{"PIN":"2202820130016","TAXPIN":"22.028.20.13.0016               ","Acres_Poly":2,"USE1_DESC":"100","USE2_DESC":"","PLAT_NAME":"COUNTY AUDITOR'S PLAT NO.5","BLOCK":"","LOT":"14","YEAR_BUILT":1966,"SITUS_ADDRESS":"15711 UPPER 34TH ST S, CITY OF AFTON","BLDG_NUM":"15711","CITY":"CITY OF AFTON","ZIP":"55001"},"geometry":{"type":"Polygon","coordinates":[[[1300.7141757876961,629.1239577280357],[1300.4965630381485,699.2530838074163],[1409.2948823643383,700.2008040398359],[1415.8107114277664,700.2569266501814],[1415.8367381297867,691.8565650712699],[1416.028385152691,630.1259677745402],[1364.8874663650058,629.68151741568],[1358.920593004208,629.6296396702528],[1352.9543575358111,629.5779105173424],[1300.7141757876961,629.1239577280357]]]}},{"type":"Feature","properties":{"PIN":"2202820130020","TAXPIN":"22.028.20.13.0020               ","Acres_Poly":3,"USE1_DESC":"100","USE2_DESC":"","PLAT_NAME":"COUNTY AUDITOR'S PLAT NO.5","BLOCK":"","LOT":"13","YEAR_BUILT":1971,"SITUS_ADDRESS":"15606 UPPER 34TH ST S, CITY OF AFTON","BLDG_NUM":"15606","CITY":"CITY OF AFTON","ZIP":"55001"},"geometry":{"type":"Polygon","coordinates":[[[1300.3008010397898,762.3073684982955],[1221.092114954139,761.6140153910965],[1126.2678810054786,760.7839241791517],[1121.3933444221038,760.7412360291928],[1117.6798880388378,760.7086851447821],[1117.0931199430488,827.7329926695675],[1279.0177986869821,829.150352338329],[1317.6865017041564,762.4595311200246],[1300.3008010397898,762.3073684982955]]]}},{"type":"Feature","properties":{"PIN":"2202820130022","TAXPIN":"22.028.20.13.0022               ","Acres_Poly":2.46,"USE1_DESC":"100","USE2_DESC":"","PLAT_NAME":"SCHMITT'S AFTON COULEE RIDGE","BLOCK":"","LOT":"3","YEAR_BUILT":1950,"SITUS_ADDRESS":"3 COULEE RIDGE RD S, CITY OF AFTON","BLDG_NUM":"3","CITY":"CITY OF AFTON","ZIP":"55001"},"geometry":{"type":"Polygon","coordinates":[[[1367.8986188943381,556.0211611250415],[1366.894158479292,555.4769922047853],[1365.7971902603167,554.9400741700083],[1364.7357819518656,554.4204264925793],[1364.3819554421934,554.2472341340035],[1363.6606779011781,553.9304320067167],[1362.5785846054205,553.4550517573953],[1361.8211756661767,553.1223918525502],[1361.4909941140213,552.9933000290766],[1360.3901288406923,552.5629698159173],[1359.2161416989402,552.1040319129825],[1358.1731071521644,551.7452480848879],[1357.0554533426766,551.36089224834],[1356.571245540108,551.1942865522578],[1355.9295740684029,551.0028109559789],[1354.7969747000607,550.6649289932102],[1353.8910227143788,550.3946521664038],[1353.66193949437,550.3363009607419],[1352.5165209259721,550.0454639736563],[1351.3709604015457,549.7546268096194],[1351.1800100561231,549.7061303397641],[1350.2163595207385,549.5033514164388],[1349.0597520926967,549.2599173318595],[1348.4430268136202,549.1302182003856],[1347.8991846622084,549.039022533223],[1346.733585396316,548.8437038017437],[1345.6846098310198,548.6679172860458],[1345.5671933031408,548.6531899850816],[1344.3946589271654,548.5060626873747],[1343.221911721921,548.3589350460097],[1342.9092974340892,548.3196636475623],[1342.0455957602244,548.2474956782535],[1340.8678274186677,548.1489886203781],[1340.121980742144,548.0866011176258],[1339.6890904439497,548.0682925963774],[1338.5082865891163,548.0185526935384],[1337.327554012998,547.9686718201265],[1320.6898534593056,547.5104207992554],[1307.9690572525724,549.376892440021],[1263.0182657064288,555.9721721736714],[1229.8945580457803,553.0264806421474],[1226.059937079146,580.5259143989533],[1225.364030227065,585.5168379768729],[1232.7313010485377,587.0502323582768],[1276.935742999136,596.3992150174454],[1333.092535547621,615.2602040385827],[1354.3953741031582,622.4152139574289],[1358.920593004208,629.6296396702528],[1364.8874663650058,629.68151741568],[1416.028385152691,630.1259677745402],[1420.9028801126988,630.1682438421994],[1420.908084218332,628.4837149940431],[1420.9453209231724,616.492382328026],[1390.1654843069264,575.2001667227596],[1389.3913747037877,574.2051178403199],[1388.6657571831602,573.2724011251703],[1388.4480367187061,572.9924729075283],[1387.9134148739395,572.3611033512279],[1387.149770443968,571.4591773822904],[1386.6408160132123,570.8578466260806],[1386.3739694411051,570.5678933532909],[1385.5737836514018,569.698246515356],[1384.7469342140248,568.7996185198426],[1383.9393519862788,567.9915919341147],[1383.103755916236,567.1555703030899],[1382.769644836022,566.8212609514594],[1382.2481734156609,566.3408440034837],[1381.3787232132745,565.5401482330635],[1380.712414007401,564.9263175390661],[1380.5021575740539,564.7480577444658],[1379.6004814035841,563.983893847093],[1378.6988048331696,563.2198006696999],[1378.5786378666526,563.1179782850668],[1377.7706573595642,562.4885080028325],[1376.838240949728,561.7622230332345],[1376.3721386844409,561.3992222258821],[1375.8913037033635,561.0556219825521],[1374.929704327078,560.3684924161062],[1374.09638410958,559.7730274833739],[1373.9645443595364,559.6867258688435],[1372.9753901927616,559.0399577151984],[1371.9862361970008,558.3930482715368],[1371.7554803285166,558.242303147912],[1370.9774224808789,557.7781090149656],[1369.9623420669232,557.1726963091642],[1369.3533933564904,556.8093217602],[1368.9377838392393,556.5842239726335],[1367.8986188943381,556.0211611250415]]]}},{"type":"Feature","properties":{"PIN":"2202820130026","TAXPIN":"22.028.20.13.0026               ","Acres_Poly":9.3,"USE1_DESC":"100","USE2_DESC":"","PLAT_NAME":"COUNTY AUDITOR'S PLAT NO.5","BLOCK":"","LOT":"9","YEAR_BUILT":1969,"SITUS_ADDRESS":"15677 AFTON BLVD S, CITY OF AFTON","BLDG_NUM":"15677","CITY":"CITY OF AFTON","ZIP":"55001"},"geometry":{"type":"Polygon","coordinates":[[[1279.0177986869821,829.150352338329],[1117.0931199430488,827.7329926695675],[1089.4931643235032,885.3931622747332],[1089.5166365471669,974.2289278199896],[1146.934313918231,974.2136738449335],[1146.9589525976917,1067.0619868822396],[1148.0806262744009,1067.2054014028981],[1148.6602064111503,1062.6722099017352],[1180.4588523856946,1066.7378977015615],[1179.8791795358993,1071.2709420369938],[1201.3860543108312,1074.0207086494192],[1201.357112207159,964.696709192358],[1291.9025066714385,965.493641756475],[1291.9336047354736,955.439576481469],[1368.381826076191,864.5350992809981],[1279.0177986869821,829.150352338329]]]}},{"type":"Feature","properties":{"PIN":"2202820140004","TAXPIN":"22.028.20.14.0004               ","Acres_Poly":0.74,"USE1_DESC":"100","USE2_DESC":"","PLAT_NAME":"","BLOCK":"","LOT":"","YEAR_BUILT":1996,"SITUS_ADDRESS":"3465 ST CROIX TRL S, CITY OF AFTON","BLDG_NUM":"3465","CITY":"CITY OF AFTON","ZIP":"55001"},"geometry":{"type":"Polygon","coordinates":[[[1762.9481551531353,546.4289266113192],[1765.8142535730149,567.7834179056808],[1716.6301980091957,567.3152504544705],[1716.6613805664238,606.924163389951],[1786.526724731666,607.5890939924866],[1778.3377898948966,546.5752240354195],[1762.9481551531353,546.4289266113192]]]}},{"type":"Feature","properties":{"PIN":"2202820140005","TAXPIN":"22.028.20.14.0005               ","Acres_Poly":0.39,"USE1_DESC":"958","USE2_DESC":"","PLAT_NAME":"AFTON","BLOCK":"4","LOT":"9","YEAR_BUILT":null,"SITUS_ADDRESS":"","BLDG_NUM":"","CITY":"CITY OF AFTON","ZIP":""},"geometry":{"type":"Polygon","coordinates":[[[1778.3377898948966,546.5752240354195],[1786.526724731666,607.5890939924866],[1808.2621836963226,607.7960369493812],[1808.2140383789083,546.8592831240967],[1778.3377898948966,546.5752240354195]]]}},{"type":"Feature","properties":{"PIN":"2202820140006","TAXPIN":"22.028.20.14.0006               ","Acres_Poly":0.86,"USE1_DESC":"100","USE2_DESC":"300","PLAT_NAME":"AFTON","BLOCK":"5","LOT":"1","YEAR_BUILT":null,"SITUS_ADDRESS":"3419 ST CROIX TRL S, CITY OF AFTON","BLDG_NUM":"3419","CITY":"CITY OF AFTON","ZIP":"55001"},"geometry":{"type":"Polygon","coordinates":[[[1716.6926998672425,646.5341059332713],[1716.7286579045467,692.2366316216066],[1762.6291291121743,692.6729552512988],[1762.6020400162088,658.3673569969833],[1767.2122112591169,692.7165516838431],[1797.991415893368,693.0092028258368],[1791.8496863693,647.2485101297498],[1716.6926998672425,646.5341059332713]]]}},{"type":"Feature","properties":{"PIN":"2202820140007","TAXPIN":"22.028.20.14.0007               ","Acres_Poly":0.38,"USE1_DESC":"105","USE2_DESC":"300","PLAT_NAME":"","BLOCK":"","LOT":"","YEAR_BUILT":null,"SITUS_ADDRESS":"3411 ST CROIX TRL S, CITY OF AFTON","BLDG_NUM":"3411","CITY":"CITY OF AFTON","ZIP":"55001"},"geometry":{"type":"Polygon","coordinates":[[[1716.7286579045467,692.2366316216066],[1716.752843772003,722.7039310289547],[1716.7551984917372,725.7506458200514],[1762.6556409114273,726.1875347075984],[1762.653166166856,723.1408196128905],[1762.6291291121743,692.6729552512988],[1716.7286579045467,692.2366316216066]]]}},{"type":"Feature","properties":{"PIN":"2202820140009","TAXPIN":"22.028.20.14.0009               ","Acres_Poly":0.28,"USE1_DESC":"958","USE2_DESC":"","PLAT_NAME":"AFTON","BLOCK":"5","LOT":"4","YEAR_BUILT":null,"SITUS_ADDRESS":"","BLDG_NUM":"","CITY":"CITY OF AFTON","ZIP":""},"geometry":{"type":"Polygon","coordinates":[[[1716.68057420681,631.2988452119753],[1716.6926998672425,646.5341059332713],[1791.8496863693,647.2485101297498],[1789.8024235712364,631.9947809474543],[1716.68057420681,631.2988452119753]]]}},{"type":"Feature","properties":{"PIN":"2202820140010","TAXPIN":"22.028.20.14.0010               ","Acres_Poly":0.35,"USE1_DESC":"958","USE2_DESC":"","PLAT_NAME":"AFTON","BLOCK":"5","LOT":"7","YEAR_BUILT":null,"SITUS_ADDRESS":"","BLDG_NUM":"","CITY":"CITY OF AFTON","ZIP":""},"geometry":{"type":"MultiPolygon","coordinates":[[[[1789.8024235712364,631.9947809474543],[1791.8496863693,647.2485101297498],[1797.991415893368,693.0092028258368],[1802.085852615768,723.5161309633404],[1808.353623262199,723.5758035052568],[1808.2815256075119,632.17064826563],[1789.8024235712364,631.9947809474543]]],[[[1762.6020400162088,658.3673569969833],[1762.6291291121743,692.6729552512988],[1762.653166166856,723.1408196128905],[1771.306724417198,723.2231778195128],[1767.2122112591169,692.7165516838431],[1762.6020400162088,658.3673569969833]]]]}},{"type":"Feature","properties":{"PIN":"2202820140011","TAXPIN":"22.028.20.14.0011               ","Acres_Poly":0.23,"USE1_DESC":"958","USE2_DESC":"","PLAT_NAME":"AFTON","BLOCK":"5","LOT":"11","YEAR_BUILT":null,"SITUS_ADDRESS":"","BLDG_NUM":"","CITY":"CITY OF AFTON","ZIP":""},"geometry":{"type":"Polygon","coordinates":[[[1802.085852615768,723.5161309633404],[1797.991415893368,693.0092028258368],[1767.2122112591169,692.7165516838431],[1771.306724417198,723.2231778195128],[1802.085852615768,723.5161309633404]]]}},{"type":"Feature","properties":{"PIN":"2202820140012","TAXPIN":"22.028.20.14.0012               ","Acres_Poly":0.26,"USE1_DESC":"100","USE2_DESC":"300","PLAT_NAME":"AFTON","BLOCK":"","LOT":"","YEAR_BUILT":null,"SITUS_ADDRESS":"3343 ST CROIX TRL S, CITY OF AFTON","BLDG_NUM":"3343","CITY":"CITY OF AFTON","ZIP":"55001"},"geometry":{"type":"Polygon","coordinates":[[[1716.8086315591936,793.4943359671161],[1716.8267145409482,816.3447656827047],[1762.726965335547,816.558076987043],[1762.7089750969317,793.7076468300074],[1716.8086315591936,793.4943359671161]]]}},{"type":"Feature","properties":{"PIN":"2202820140013","TAXPIN":"22.028.20.14.0013               ","Acres_Poly":0.21,"USE1_DESC":"300","USE2_DESC":"","PLAT_NAME":"AFTON","BLOCK":"6","LOT":"1","YEAR_BUILT":null,"SITUS_ADDRESS":"3321 ST CROIX TRL S, CITY OF AFTON","BLDG_NUM":"3321","CITY":"CITY OF AFTON","ZIP":"55001"},"geometry":{"type":"Polygon","coordinates":[[[1762.7332524977392,824.6663656355813],[1716.8333129683742,824.676772669889],[1716.8477935311384,842.9568225545809],[1762.7477441690862,842.9463460557163],[1762.7332524977392,824.6663656355813]]]}},{"type":"Feature","properties":{"PIN":"2202820140014","TAXPIN":"22.028.20.14.0014               ","Acres_Poly":0.09,"USE1_DESC":"300","USE2_DESC":"","PLAT_NAME":"AFTON","BLOCK":"6","LOT":"1","YEAR_BUILT":null,"SITUS_ADDRESS":"3329 ST CROIX TRL S, CITY OF AFTON","BLDG_NUM":"3329","CITY":"CITY OF AFTON","ZIP":"55001"},"geometry":{"type":"Polygon","coordinates":[[[1762.726965335547,816.558076987043],[1716.8267145409482,816.3447656827047],[1716.8333129683742,824.676772669889],[1762.7332524977392,824.6663656355813],[1762.726965335547,816.558076987043]]]}},{"type":"Feature","properties":{"PIN":"2202820140020","TAXPIN":"22.028.20.14.0020               ","Acres_Poly":0.62,"USE1_DESC":"300","USE2_DESC":"","PLAT_NAME":"AFTON","BLOCK":"6","LOT":"","YEAR_BUILT":null,"SITUS_ADDRESS":"","BLDG_NUM":"","CITY":"CITY OF AFTON","ZIP":""},"geometry":{"type":"Polygon","coordinates":[[[1819.2841504653916,755.6617092266679],[1819.2839277090388,745.0074598072097],[1808.3705791193643,744.9036261262372],[1808.3909300898085,770.8014192767441],[1808.4092434943886,793.9199713589624],[1796.1575820675935,793.8630322087556],[1799.2262118302751,816.7276625428349],[1802.3350820895284,839.8908232944086],[1802.7440016556066,842.9374441597611],[1805.197298518964,861.2169271111488],[1808.4816221982474,885.6873547593132],[1817.8731094631949,955.6610695421696],[1819.2899999154615,955.6607085736468],[1819.2872516720672,858.5260875597596],[1819.2867319374345,841.0976558662951],[1819.2841504653916,755.6617092266679]]]}},{"type":"Feature","properties":{"PIN":"2202820140026","TAXPIN":"22.028.20.14.0026               ","Acres_Poly":0.17,"USE1_DESC":"105","USE2_DESC":"","PLAT_NAME":"AFTON","BLOCK":"16","LOT":"1","YEAR_BUILT":1962,"SITUS_ADDRESS":"15871 32ND ST S, CITY OF AFTON","BLDG_NUM":"15871","CITY":"CITY OF AFTON","ZIP":"55001"},"geometry":{"type":"Polygon","coordinates":[[[1646.8529557150323,909.9993571396917],[1631.6195419256692,910.0027939574793],[1601.1269703037106,910.0096371937543],[1601.1390149612562,925.2431062664837],[1646.8563102657208,925.2327333763242],[1646.8529557150323,909.9993571396917]]]}},{"type":"Feature","properties":{"PIN":"2202820140027","TAXPIN":"22.028.20.14.0027               ","Acres_Poly":0.34,"USE1_DESC":"100","USE2_DESC":"","PLAT_NAME":"AFTON","BLOCK":"16","LOT":"1","YEAR_BUILT":null,"SITUS_ADDRESS":"","BLDG_NUM":"","CITY":"CITY OF AFTON","ZIP":""},"geometry":{"type":"Polygon","coordinates":[[[1646.8563102657208,925.2327333763242],[1601.1390149612562,925.2431062664837],[1601.1631744459737,955.7099367007613],[1646.8632311238325,955.6995198838413],[1646.8563102657208,925.2327333763242]]]}},{"type":"Feature","properties":{"PIN":"2202820140028","TAXPIN":"22.028.20.14.0028               ","Acres_Poly":0.52,"USE1_DESC":"100","USE2_DESC":"","PLAT_NAME":"AFTON","BLOCK":"16","LOT":"4","YEAR_BUILT":1850,"SITUS_ADDRESS":"3222 ST CROIX TRL S, CITY OF AFTON","BLDG_NUM":"3222","CITY":"CITY OF AFTON","ZIP":"55001"},"geometry":{"type":"Polygon","coordinates":[[[1692.5273827532656,909.9891243837774],[1654.4695913909818,909.9977934900671],[1646.8529557150323,909.9993571396917],[1646.8563102657208,925.2327333763242],[1646.8632311238325,955.6995198838413],[1692.5632900720811,955.6892876066267],[1692.5273827532656,909.9891243837774]]]}},{"type":"Feature","properties":{"PIN":"2202820140029","TAXPIN":"22.028.20.14.0029               ","Acres_Poly":0.46,"USE1_DESC":"300","USE2_DESC":"","PLAT_NAME":"AFTON","BLOCK":"16","LOT":"7","YEAR_BUILT":null,"SITUS_ADDRESS":"3290 ST CROIX TRL S, CITY OF AFTON","BLDG_NUM":"3290","CITY":"CITY OF AFTON","ZIP":"55001"},"geometry":{"type":"Polygon","coordinates":[[[1692.4887517613242,861.2423406336457],[1654.458756795735,861.2509450046346],[1654.4662547345506,894.7643811842427],[1654.4695913909818,909.9977934900671],[1692.5273827532656,909.9891243837774],[1692.4887517613242,861.2423406336457]]]}},{"type":"Feature","properties":{"PIN":"2202820140030","TAXPIN":"22.028.20.14.0030               ","Acres_Poly":0.19,"USE1_DESC":"100","USE2_DESC":"","PLAT_NAME":"AFTON","BLOCK":"16","LOT":"9","YEAR_BUILT":1952,"SITUS_ADDRESS":"15892 33RD ST S, CITY OF AFTON","BLDG_NUM":"15892","CITY":"CITY OF AFTON","ZIP":"55001"},"geometry":{"type":"Polygon","coordinates":[[[1654.458756795735,861.2509450046346],[1631.6086040632217,861.2560880295932],[1631.6160798413912,894.7694524554536],[1654.4662547345506,894.7643811842427],[1654.458756795735,861.2509450046346]]]}},{"type":"Feature","properties":{"PIN":"2202820140031","TAXPIN":"22.028.20.14.0031               ","Acres_Poly":0.09,"USE1_DESC":"140","USE2_DESC":"","PLAT_NAME":"AFTON","BLOCK":"16","LOT":"9","YEAR_BUILT":null,"SITUS_ADDRESS":"","BLDG_NUM":"","CITY":"CITY OF AFTON","ZIP":""},"geometry":{"type":"Polygon","coordinates":[[[1654.4695913909818,909.9977934900671],[1654.4662547345506,894.7643811842427],[1631.6160798413912,894.7694524554536],[1631.6195419256692,910.0027939574793],[1646.8529557150323,909.9993571396917],[1654.4695913909818,909.9977934900671]]]}},{"type":"Feature","properties":{"PIN":"2202820140034","TAXPIN":"22.028.20.14.0034               ","Acres_Poly":0.38,"USE1_DESC":"100","USE2_DESC":"","PLAT_NAME":"AFTON","BLOCK":"17","LOT":"3","YEAR_BUILT":null,"SITUS_ADDRESS":"","BLDG_NUM":"","CITY":"CITY OF AFTON","ZIP":""},"geometry":{"type":"Polygon","coordinates":[[[1661.9683934894856,793.2395780840889],[1654.3516465071007,793.2041652742773],[1631.5014762695646,793.0979813598096],[1631.5408301137504,842.9759504087269],[1662.007621757919,842.9691805830225],[1661.9683934894856,793.2395780840889]]]}},{"type":"Feature","properties":{"PIN":"2202820140035","TAXPIN":"22.028.20.14.0035               ","Acres_Poly":0.27,"USE1_DESC":"140","USE2_DESC":"","PLAT_NAME":"AFTON","BLOCK":"17","LOT":"5","YEAR_BUILT":null,"SITUS_ADDRESS":"3326 ST CROIX TRL S, CITY OF AFTON","BLDG_NUM":"3326","CITY":"CITY OF AFTON","ZIP":"55001"},"geometry":{"type":"Polygon","coordinates":[[[1692.4471403952339,808.614711987786],[1663.5037973701837,808.4802805706859],[1663.4916153698578,793.2466048402712],[1661.9683934894856,793.2395780840889],[1662.007621757919,842.9691805830225],[1692.4743442623294,842.9622019967064],[1692.4471403952339,808.614711987786]]]}},{"type":"Feature","properties":{"PIN":"2202820140036","TAXPIN":"22.028.20.14.0036               ","Acres_Poly":0.11,"USE1_DESC":"100","USE2_DESC":"","PLAT_NAME":"AFTON","BLOCK":"17","LOT":"5","YEAR_BUILT":null,"SITUS_ADDRESS":"","BLDG_NUM":"","CITY":"CITY OF AFTON","ZIP":""},"geometry":{"type":"Polygon","coordinates":[[[1663.4916153698578,793.2466048402712],[1663.5037973701837,808.4802805706859],[1692.4471403952339,808.614711987786],[1692.4351688563474,793.3811072176322],[1663.4916153698578,793.2466048402712]]]}},{"type":"Feature","properties":{"PIN":"2202820140037","TAXPIN":"22.028.20.14.0037               ","Acres_Poly":0.44,"USE1_DESC":"100","USE2_DESC":"300","PLAT_NAME":"AFTON","BLOCK":"17","LOT":"7","YEAR_BUILT":1875,"SITUS_ADDRESS":"3390 ST CROIX TRL S, CITY OF AFTON","BLDG_NUM":"3390","CITY":"CITY OF AFTON","ZIP":"55001"},"geometry":{"type":"Polygon","coordinates":[[[1654.314696815156,746.4841276640072],[1654.3516465071007,793.2041652742773],[1661.9683934894856,793.2395780840889],[1663.4916153698578,793.2466048402712],[1692.4351688563474,793.3811072176322],[1692.3984979199013,746.8466900028288],[1654.314696815156,746.4841276640072]]]}},{"type":"Feature","properties":{"PIN":"2202820140038","TAXPIN":"22.028.20.14.0038               ","Acres_Poly":0.32,"USE1_DESC":"100","USE2_DESC":"300","PLAT_NAME":"AFTON","BLOCK":"17","LOT":"10","YEAR_BUILT":1876,"SITUS_ADDRESS":"15888 34TH ST S, CITY OF AFTON","BLDG_NUM":"15888","CITY":"CITY OF AFTON","ZIP":"55001"},"geometry":{"type":"Polygon","coordinates":[[[1626.8944488905254,746.2232203288004],[1626.9313855569344,793.0767117971554],[1631.5014762695646,793.0979813598096],[1654.3516465071007,793.2041652742773],[1654.314696815156,746.4841276640072],[1626.8944488905254,746.2232203288004]]]}},{"type":"Feature","properties":{"PIN":"2202820140040","TAXPIN":"22.028.20.14.0040               ","Acres_Poly":0.3,"USE1_DESC":"100","USE2_DESC":"","PLAT_NAME":"AFTON","BLOCK":"17","LOT":"11","YEAR_BUILT":1962,"SITUS_ADDRESS":"15858 34TH ST S, CITY OF AFTON","BLDG_NUM":"15858","CITY":"CITY OF AFTON","ZIP":"55001"},"geometry":{"type":"Polygon","coordinates":[[[1600.9974842547672,745.9766523037106],[1601.0346295897616,792.9564589904621],[1626.9313855569344,793.0767117971554],[1626.8944488905254,746.2232203288004],[1600.9974842547672,745.9766523037106]]]}},{"type":"Feature","properties":{"PIN":"2202820140041","TAXPIN":"22.028.20.14.0041               ","Acres_Poly":2.07,"USE1_DESC":"958","USE2_DESC":"","PLAT_NAME":"AFTON","BLOCK":"18","LOT":"","YEAR_BUILT":null,"SITUS_ADDRESS":"3418 ST CROIX TRL S, CITY OF AFTON","BLDG_NUM":"3418","CITY":"CITY OF AFTON","ZIP":"55001"},"geometry":{"type":"Polygon","coordinates":[[[1692.3792159630102,722.4719504388049],[1692.3070954164723,631.0667941113934],[1600.9061322505004,630.1968968110159],[1600.97820889164,721.6020538955927],[1692.3792159630102,722.4719504388049]]]}},{"type":"Feature","properties":{"PIN":"2202820140042","TAXPIN":"22.028.20.14.0042               ","Acres_Poly":0.17,"USE1_DESC":"100","USE2_DESC":"","PLAT_NAME":"AFTON","BLOCK":"19","LOT":"1","YEAR_BUILT":null,"SITUS_ADDRESS":"","BLDG_NUM":"","CITY":"CITY OF AFTON","ZIP":""},"geometry":{"type":"Polygon","coordinates":[[[1600.8507018102682,560.1196489678696],[1600.886924009188,605.8221439700574],[1616.120311274426,605.9671421134844],[1616.084268636303,560.2646476645023],[1600.8507018102682,560.1196489678696]]]}},{"type":"Feature","properties":{"PIN":"2202820140043","TAXPIN":"22.028.20.14.0043               ","Acres_Poly":0.17,"USE1_DESC":"100","USE2_DESC":"","PLAT_NAME":"AFTON","BLOCK":"19","LOT":"2","YEAR_BUILT":1962,"SITUS_ADDRESS":"15859 UPPER 34TH ST S, CITY OF AFTON","BLDG_NUM":"15859","CITY":"CITY OF AFTON","ZIP":"55001"},"geometry":{"type":"Polygon","coordinates":[[[1616.084268636303,560.2646476645023],[1616.120311274426,605.9671421134844],[1631.353839893418,606.1121768448502],[1631.3177642269293,560.4096116973087],[1616.084268636303,560.2646476645023]]]}},{"type":"Feature","properties":{"PIN":"2202820140044","TAXPIN":"22.028.20.14.0044               ","Acres_Poly":0.34,"USE1_DESC":"100","USE2_DESC":"","PLAT_NAME":"AFTON","BLOCK":"19","LOT":"3","YEAR_BUILT":1942,"SITUS_ADDRESS":"15885 UPPER 34TH ST S, CITY OF AFTON","BLDG_NUM":"15885","CITY":"CITY OF AFTON","ZIP":"55001"},"geometry":{"type":"Polygon","coordinates":[[[1646.5511882093851,560.5546824317425],[1631.3177642269293,560.4096116973087],[1631.353839893418,606.1121768448502],[1661.8208252853947,606.4021426839754],[1661.7846829988412,560.6996481874958],[1646.5511882093851,560.5546824317425]]]}},{"type":"Feature","properties":{"PIN":"2202820140045","TAXPIN":"22.028.20.14.0045               ","Acres_Poly":0.34,"USE1_DESC":"100","USE2_DESC":"","PLAT_NAME":"AFTON","BLOCK":"19","LOT":"5","YEAR_BUILT":1901,"SITUS_ADDRESS":"3466 ST CROIX TRL S, CITY OF AFTON","BLDG_NUM":"3466","CITY":"CITY OF AFTON","ZIP":"55001"},"geometry":{"type":"Polygon","coordinates":[[[1661.7846829988412,560.6996481874958],[1661.8208252853947,606.4021426839754],[1692.2877379561542,606.6921824812889],[1692.2517422047094,560.989617832005],[1661.7846829988412,560.6996481874958]]]}},{"type":"Feature","properties":{"PIN":"2202820140046","TAXPIN":"22.028.20.14.0046               ","Acres_Poly":0.52,"USE1_DESC":"100","USE2_DESC":"","PLAT_NAME":"AFTON","BLOCK":"26","LOT":"1","YEAR_BUILT":1957,"SITUS_ADDRESS":"3435 PENNINGTON AVE S, CITY OF AFTON","BLDG_NUM":"3435","CITY":"CITY OF AFTON","ZIP":"55001"},"geometry":{"type":"Polygon","coordinates":[[[1530.8127558457782,605.1551508074626],[1530.7766722562374,559.4526558192447],[1485.0761764082708,559.0177410403267],[1485.1122309038765,604.7203775616363],[1530.8127558457782,605.1551508074626]]]}},{"type":"Feature","properties":{"PIN":"2202820140047","TAXPIN":"22.028.20.14.0047               ","Acres_Poly":0.69,"USE1_DESC":"140","USE2_DESC":"","PLAT_NAME":"AFTON","BLOCK":"26","LOT":"9","YEAR_BUILT":null,"SITUS_ADDRESS":"","BLDG_NUM":"","CITY":"CITY OF AFTON","ZIP":""},"geometry":{"type":"Polygon","coordinates":[[[1530.7645964839612,544.2184658888727],[1530.7766722562374,559.4526558192447],[1530.8127558457782,605.1551508074626],[1576.5132055790746,605.5901790512726],[1576.4651263147825,544.6534239742905],[1530.7645964839612,544.2184658888727]]]}},{"type":"Feature","properties":{"PIN":"2202820140048","TAXPIN":"22.028.20.14.0048               ","Acres_Poly":2.07,"USE1_DESC":"100","USE2_DESC":"","PLAT_NAME":"AFTON","BLOCK":"27","LOT":"1","YEAR_BUILT":1990,"SITUS_ADDRESS":"3403 PENNINGTON AVE S, CITY OF AFTON","BLDG_NUM":"3403","CITY":"CITY OF AFTON","ZIP":"55001"},"geometry":{"type":"Polygon","coordinates":[[[1576.604647484317,721.36994832661],[1576.5324355988996,629.964932016097],[1485.131454307295,629.0949893817306],[1485.2036930239992,720.5000774003565],[1576.604647484317,721.36994832661]]]}},{"type":"Feature","properties":{"PIN":"2202820140049","TAXPIN":"22.028.20.14.0049               ","Acres_Poly":1.03,"USE1_DESC":"100","USE2_DESC":"","PLAT_NAME":"AFTON","BLOCK":"28","LOT":"1","YEAR_BUILT":1966,"SITUS_ADDRESS":"3329 PENNINGTON AVE S, CITY OF AFTON","BLDG_NUM":"3329","CITY":"CITY OF AFTON","ZIP":"55001"},"geometry":{"type":"Polygon","coordinates":[[[1576.6624562888755,794.6844589626417],[1485.2615551255294,793.8143768729642],[1485.2979802555055,839.9622202198952],[1576.6982436864637,839.9416018929332],[1576.6624562888755,794.6844589626417]]]}},{"type":"Feature","properties":{"PIN":"2202820140053","TAXPIN":"22.028.20.14.0053               ","Acres_Poly":1.03,"USE1_DESC":"100","USE2_DESC":"","PLAT_NAME":"AFTON","BLOCK":"29","LOT":"4","YEAR_BUILT":1969,"SITUS_ADDRESS":"3297 PENNINGTON AVE S, CITY OF AFTON","BLDG_NUM":"3297","CITY":"CITY OF AFTON","ZIP":"55001"},"geometry":{"type":"Polygon","coordinates":[[[1576.6120312826242,910.4598230905831],[1576.6685314276838,864.3150571286678],[1485.2323028712417,864.3356489008293],[1485.1101581070106,909.588912544772],[1576.6120312826242,910.4598230905831]]]}},{"type":"Feature","properties":{"PIN":"2202820140054","TAXPIN":"22.028.20.14.0054               ","Acres_Poly":1.03,"USE1_DESC":"100","USE2_DESC":"","PLAT_NAME":"AFTON","BLOCK":"29","LOT":"1","YEAR_BUILT":1973,"SITUS_ADDRESS":"3245 PENNINGTON AVE S, CITY OF AFTON","BLDG_NUM":"3245","CITY":"CITY OF AFTON","ZIP":"55001"},"geometry":{"type":"Polygon","coordinates":[[[1576.5566806027782,955.7154175844043],[1576.6120312826242,910.4598230905831],[1485.1101581070106,909.588912544772],[1484.9857269109925,955.7359985290095],[1576.5566806027782,955.7154175844043]]]}},{"type":"Feature","properties":{"PIN":"2202820140055","TAXPIN":"22.028.20.14.0055               ","Acres_Poly":0.6,"USE1_DESC":"100","USE2_DESC":"","PLAT_NAME":"AFTON","BLOCK":"39","LOT":"1","YEAR_BUILT":1962,"SITUS_ADDRESS":"3322 PENNINGTON AVE S, CITY OF AFTON","BLDG_NUM":"3322","CITY":"CITY OF AFTON","ZIP":"55001"},"geometry":{"type":"Polygon","coordinates":[[[1420.4002536081243,792.1180357122794],[1420.2143307719962,852.028242927976],[1460.8916631019092,852.1544990688562],[1460.9246682130033,839.9677739087492],[1461.0530489516095,792.3068537330255],[1420.4002536081243,792.1180357122794]]]}},{"type":"Feature","properties":{"PIN":"2202820140056","TAXPIN":"22.028.20.14.0056               ","Acres_Poly":0.48,"USE1_DESC":"100","USE2_DESC":"","PLAT_NAME":"AFTON","BLOCK":"39","LOT":"4","YEAR_BUILT":1957,"SITUS_ADDRESS":"3364 PENNINGTON AVE S, CITY OF AFTON","BLDG_NUM":"3364","CITY":"CITY OF AFTON","ZIP":"55001"},"geometry":{"type":"Polygon","coordinates":[[[1420.5487806135789,744.2592498380691],[1420.4895402693073,763.3594911256805],[1420.4002536081243,792.1180357122794],[1461.0530489516095,792.3068537330255],[1461.1816415611538,744.645935469307],[1420.5487806135789,744.2592498380691]]]}},{"type":"Feature","properties":{"PIN":"2202820140057","TAXPIN":"22.028.20.14.0057               ","Acres_Poly":0.46,"USE1_DESC":"100","USE2_DESC":"","PLAT_NAME":"AFTON","BLOCK":"40","LOT":"1","YEAR_BUILT":1900,"SITUS_ADDRESS":"3404 PENNINGTON AVE S, CITY OF AFTON","BLDG_NUM":"3404","CITY":"CITY OF AFTON","ZIP":"55001"},"geometry":{"type":"Polygon","coordinates":[[[1420.766289665131,674.184610911645],[1420.6244948498788,719.8853951934725],[1461.2472970164963,720.2721257498488],[1461.3707289733575,674.5710117323324],[1420.766289665131,674.184610911645]]]}},{"type":"Feature","properties":{"PIN":"2202820140058","TAXPIN":"22.028.20.14.0058               ","Acres_Poly":0.46,"USE1_DESC":"100","USE2_DESC":"","PLAT_NAME":"AFTON","BLOCK":"40","LOT":"4","YEAR_BUILT":1966,"SITUS_ADDRESS":"3418 PENNINGTON AVE S, CITY OF AFTON","BLDG_NUM":"3418","CITY":"CITY OF AFTON","ZIP":"55001"},"geometry":{"type":"Polygon","coordinates":[[[1420.908084218332,628.4837149940431],[1420.9028801126988,630.1682438421994],[1420.766289665131,674.184610911645],[1461.3707289733575,674.5710117323324],[1461.4938761419035,628.8699973858893],[1420.908084218332,628.4837149940431]]]}},{"type":"Feature","properties":{"PIN":"2202820140059","TAXPIN":"22.028.20.14.0059               ","Acres_Poly":0.45,"USE1_DESC":"100","USE2_DESC":"","PLAT_NAME":"AFTON","BLOCK":"41","LOT":"1","YEAR_BUILT":null,"SITUS_ADDRESS":"","BLDG_NUM":"","CITY":"CITY OF AFTON","ZIP":""},"geometry":{"type":"Polygon","coordinates":[[[1421.1255201556487,558.4090908747166],[1421.1203730350244,560.0989397512749],[1420.9837975598057,604.1099178073928],[1460.7386495901737,604.4883585171774],[1460.7024922046694,558.7857215898111],[1421.1255201556487,558.4090908747166]]]}},{"type":"Feature","properties":{"PIN":"2202820140061","TAXPIN":"22.028.20.14.0061               ","Acres_Poly":0.45,"USE1_DESC":"300","USE2_DESC":"","PLAT_NAME":"AFTON","BLOCK":"6","LOT":"10","YEAR_BUILT":null,"SITUS_ADDRESS":"","BLDG_NUM":"","CITY":"CITY OF AFTON","ZIP":""},"geometry":{"type":"Polygon","coordinates":[[[1762.7089750969317,793.7076468300074],[1762.726965335547,816.558076987043],[1762.7332524977392,824.6663656355813],[1762.7477441690862,842.9463460557163],[1802.7440016556066,842.9374441597611],[1802.3350820895284,839.8908232944086],[1799.2262118302751,816.7276625428349],[1796.1575820675935,793.8630322087556],[1787.0823665869539,793.8208599342033],[1784.5075640158611,793.8087909910828],[1762.7089750969317,793.7076468300074]]]}},{"type":"Feature","properties":{"PIN":"2202820140062","TAXPIN":"22.028.20.14.0062               ","Acres_Poly":2.13,"USE1_DESC":"300","USE2_DESC":"100","PLAT_NAME":"AFTON","BLOCK":"7","LOT":"1","YEAR_BUILT":1960,"SITUS_ADDRESS":"3291 ST CROIX TRL S, CITY OF AFTON","BLDG_NUM":"3291","CITY":"CITY OF AFTON","ZIP":"55001"},"geometry":{"type":"Polygon","coordinates":[[[1805.197298518964,861.2169271111488],[1797.5125871718046,861.2186947772279],[1790.2750489409082,861.2203995492309],[1716.862273730163,861.236820650287],[1716.9368074337253,955.6837708549574],[1797.4116756369476,955.6656794194132],[1808.5368675843347,955.6631190441549],[1808.4816221982474,885.6873547593132],[1805.197298518964,861.2169271111488]]]}},{"type":"Feature","properties":{"PIN":"2202820140063","TAXPIN":"22.028.20.14.0063               ","Acres_Poly":0.44,"USE1_DESC":"140","USE2_DESC":"","PLAT_NAME":"AFTON","BLOCK":"16","LOT":"11","YEAR_BUILT":null,"SITUS_ADDRESS":"15800 33RD ST S, CITY OF AFTON","BLDG_NUM":"15800","CITY":"CITY OF AFTON","ZIP":"55001"},"geometry":{"type":"Polygon","coordinates":[[[1631.6160798413912,894.7694524554536],[1631.6086040632217,861.2560880295932],[1631.574681992177,852.1159195732325],[1601.0813382841297,852.1228339197114],[1601.0885660549393,861.2628603121266],[1601.1269703037106,910.0096371937543],[1631.6195419256692,910.0027939574793],[1631.6160798413912,894.7694524554536]]]}},{"type":"Feature","properties":{"PIN":"2202820140064","TAXPIN":"22.028.20.14.0064               ","Acres_Poly":0.45,"USE1_DESC":"140","USE2_DESC":"","PLAT_NAME":"AFTON","BLOCK":"17","LOT":"1","YEAR_BUILT":null,"SITUS_ADDRESS":"","BLDG_NUM":"","CITY":"CITY OF AFTON","ZIP":""},"geometry":{"type":"Polygon","coordinates":[[[1631.5408301137504,842.9759504087269],[1631.5014762695646,793.0979813598096],[1626.9313855569344,793.0767117971554],[1601.0346295897616,792.9564589904621],[1601.0741102332831,842.9828652590513],[1601.0813382841297,852.1228339197114],[1631.574681992177,852.1159195732325],[1631.5408301137504,842.9759504087269]]]}},{"type":"Feature","properties":{"PIN":"2202820140065","TAXPIN":"22.028.20.14.0065               ","Acres_Poly":1.11,"USE1_DESC":"100","USE2_DESC":"","PLAT_NAME":"AFTON","BLOCK":"28","LOT":"4","YEAR_BUILT":1966,"SITUS_ADDRESS":"3369 PENNINGTON AVE S, CITY OF AFTON","BLDG_NUM":"3369","CITY":"CITY OF AFTON","ZIP":"55001"},"geometry":{"type":"Polygon","coordinates":[[[1485.222841161827,744.8747464707121],[1485.2615551255294,793.8143768729642],[1576.6624562888755,794.6844589626417],[1576.6238733314676,745.7446880443022],[1485.222841161827,744.8747464707121]]]}},{"type":"Feature","properties":{"PIN":"2202820140066","TAXPIN":"22.028.20.14.0066               ","Acres_Poly":1.12,"USE1_DESC":"100","USE2_DESC":"","PLAT_NAME":"AFTON","BLOCK":"6","LOT":"4, 5,","YEAR_BUILT":1931,"SITUS_ADDRESS":"3395 ST CROIX TRL S, CITY OF AFTON","BLDG_NUM":"3395","CITY":"CITY OF AFTON","ZIP":"55001"},"geometry":{"type":"Polygon","coordinates":[[[1716.7696791309863,744.0316828303039],[1716.790483983932,770.3758564060554],[1716.8086315591936,793.4943359671161],[1762.7089750969317,793.7076468300074],[1784.5075640158611,793.8087909910828],[1787.0823665869539,793.8208599342033],[1796.1575820675935,793.8630322087556],[1808.4092434943886,793.9199713589624],[1808.3909300898085,770.8014192767441],[1808.3705791193643,744.9036261262372],[1790.5238682190538,744.7336974395439],[1762.6699194982066,744.4686417831108],[1716.7696791309863,744.0316828303039]]]}},{"type":"Feature","properties":{"PIN":"2202820410005","TAXPIN":"22.028.20.41.0005               ","Acres_Poly":2.07,"USE1_DESC":"958","USE2_DESC":"","PLAT_NAME":"AFTON","BLOCK":"1","LOT":"1","YEAR_BUILT":null,"SITUS_ADDRESS":"","BLDG_NUM":"","CITY":"CITY OF AFTON","ZIP":""},"geometry":{"type":"Polygon","coordinates":[[[1716.31481490226,168.18195763416588],[1716.324056937301,179.74854321125895],[1716.3870122639928,259.5847668927163],[1807.7880810780916,260.45455175545067],[1807.7682155035436,235.23971113469452],[1807.7159164995537,169.0494812419638],[1728.1160476785735,168.29394799191505],[1716.31481490226,168.18195763416588]]]}},{"type":"Feature","properties":{"PIN":"2202820410006","TAXPIN":"22.028.20.41.0006               ","Acres_Poly":0.77,"USE1_DESC":"958","USE2_DESC":"","PLAT_NAME":"","BLOCK":"","LOT":"","YEAR_BUILT":null,"SITUS_ADDRESS":"3633 ST CROIX TRL S, CITY OF AFTON","BLDG_NUM":"3633","CITY":"CITY OF AFTON","ZIP":"55001"},"geometry":{"type":"Polygon","coordinates":[[[1716.4063605581177,283.9594180043787],[1716.4484465984278,337.2790742777288],[1772.9411491623614,337.816739667207],[1777.3419728604495,284.53939301148057],[1716.4063605581177,283.9594180043787]]]}},{"type":"Feature","properties":{"PIN":"2202820410007","TAXPIN":"22.028.20.41.0007               ","Acres_Poly":0.56,"USE1_DESC":"958","USE2_DESC":"","PLAT_NAME":"","BLOCK":"","LOT":"","YEAR_BUILT":null,"SITUS_ADDRESS":"3601 ST CROIX TRL S, CITY OF AFTON","BLDG_NUM":"3601","CITY":"CITY OF AFTON","ZIP":"55001"},"geometry":{"type":"Polygon","coordinates":[[[1716.4484465984278,337.2790742777288],[1716.4784649051144,375.3645458659157],[1716.480963005626,378.41128365974873],[1769.5463200981612,378.91643363330513],[1769.7978372448124,375.87207327224314],[1772.9411491623614,337.816739667207],[1716.4484465984278,337.2790742777288]]]}},{"type":"Feature","properties":{"PIN":"2202820410008","TAXPIN":"22.028.20.41.0008               ","Acres_Poly":0.8,"USE1_DESC":"958","USE2_DESC":"","PLAT_NAME":"","BLOCK":"","LOT":"","YEAR_BUILT":null,"SITUS_ADDRESS":"","BLDG_NUM":"","CITY":"CITY OF AFTON","ZIP":""},"geometry":{"type":"Polygon","coordinates":[[[1777.3419728604495,284.53939301148057],[1772.9411491623614,337.816739667207],[1769.7978372448124,375.87207327224314],[1769.5463200981612,378.91643363330513],[1769.7687472589896,378.918585004285],[1807.8819680358865,379.2812793860212],[1807.879584694805,376.23440054338425],[1807.8072941794526,284.82934367470443],[1777.3419728604495,284.53939301148057]]]}},{"type":"Feature","properties":{"PIN":"2202820410009","TAXPIN":"22.028.20.41.0009               ","Acres_Poly":0.31,"USE1_DESC":"100","USE2_DESC":"","PLAT_NAME":"","BLOCK":"","LOT":"","YEAR_BUILT":1870,"SITUS_ADDRESS":"15945 35TH ST S, CITY OF AFTON","BLDG_NUM":"15945","CITY":"CITY OF AFTON","ZIP":"55001"},"geometry":{"type":"Polygon","coordinates":[[[1731.767339329177,445.58668154478073],[1716.5337836387916,445.4418316381052],[1716.5698974892148,491.1442975513637],[1743.9903846773668,491.405378729105],[1743.9542541509727,445.70270083099604],[1731.767339329177,445.58668154478073]]]}},{"type":"Feature","properties":{"PIN":"2202820410012","TAXPIN":"22.028.20.41.0012               ","Acres_Poly":0.18,"USE1_DESC":"958","USE2_DESC":"","PLAT_NAME":"","BLOCK":"","LOT":"","YEAR_BUILT":null,"SITUS_ADDRESS":"3579 ST CROIX TRL S, CITY OF AFTON","BLDG_NUM":"3579","CITY":"CITY OF AFTON","ZIP":"55001"},"geometry":{"type":"Polygon","coordinates":[[[1716.4941334402538,395.16887980140746],[1716.497667137708,399.73918342310935],[1716.514479679172,420.84045367129147],[1719.6437448843499,421.40704998373985],[1726.0689462766168,422.5701701194048],[1731.7485929206014,421.9125370560214],[1734.6035641438211,421.5821370454505],[1737.4302269290783,421.2548435712233],[1738.5615474974038,420.6669075815007],[1742.001678292465,418.8790482627228],[1743.9326192086446,418.4604332810268],[1743.9181200243183,400.0001940727234],[1743.9144638358848,395.4299608236179],[1716.5803804028546,395.1697464706376],[1716.4941334402538,395.16887980140746]]]}},{"type":"Feature","properties":{"PIN":"2202820410013","TAXPIN":"22.028.20.41.0013               ","Acres_Poly":0.4,"USE1_DESC":"958","USE2_DESC":"","PLAT_NAME":"","BLOCK":"","LOT":"","YEAR_BUILT":null,"SITUS_ADDRESS":"","BLDG_NUM":"","CITY":"CITY OF AFTON","ZIP":""},"geometry":{"type":"Polygon","coordinates":[[[1762.1946598818759,395.6039621317759],[1762.1982322970289,400.1741244569421],[1762.209843419725,414.68925198353827],[1762.2224224375095,430.64315824676305],[1807.9228394665406,431.0774349719286],[1807.90855795698,412.8953230427578],[1807.89872264734,400.60917909629643],[1807.8951122720027,396.0388753088191],[1762.2808362853248,395.6046878481284],[1762.1946598818759,395.6039621317759]]]}},{"type":"Feature","properties":{"PIN":"2202820410014","TAXPIN":"22.028.20.41.0014               ","Acres_Poly":0.41,"USE1_DESC":"100","USE2_DESC":"","PLAT_NAME":"AFTON","BLOCK":"3","LOT":"","YEAR_BUILT":1901,"SITUS_ADDRESS":"15955 35TH ST S, CITY OF AFTON","BLDG_NUM":"15955","CITY":"CITY OF AFTON","ZIP":"55001"},"geometry":{"type":"Polygon","coordinates":[[[1753.0987087223912,451.88341926876456],[1753.1298142462038,491.49226496275514],[1807.9709264977719,492.01415097061545],[1807.599228004925,490.70810001995414],[1807.3408640076523,489.80096624139696],[1807.291257924342,489.62644422985613],[1807.0492068139138,488.9042755179107],[1806.7495992416516,488.0099667310715],[1806.5024826487643,487.27237413357943],[1806.4428920326172,487.11818356160074],[1806.1025325983064,486.2384683266282],[1805.7621015730547,485.35896486695856],[1805.6065023076371,484.95689406152815],[1805.400013737788,484.48830990772694],[1805.0196058884612,483.62531069945544],[1804.6052179751568,482.6851694881916],[1804.2229975675582,481.91596909519285],[1803.8033172874711,481.07124320045114],[1803.5005326362443,480.4616590067744],[1803.3730533601483,480.23221458122134],[1802.9150882037939,479.4078147299588],[1802.4570525723975,478.5832025585696],[1802.2949861121015,478.29138843808323],[1801.974933753023,477.77294613514096],[1801.4795309110195,476.9702883530408],[1800.9910490142065,476.1787472330034],[1800.4519905225607,475.3890495253727],[1799.9202089384198,474.6099746171385],[1799.5913336341619,474.12819591443986],[1799.3750663191895,473.8407602151856],[1798.8081075040973,473.08689733967185],[1798.241290031583,472.33317618630826],[1798.0989491482615,472.1440549651161],[1797.6487426419626,471.5995322149247],[1797.0478078484302,470.8725104480982],[1796.5170760485344,470.230503693223],[1796.4430333564524,470.1490127881989],[1795.8093952293857,469.45039076916873],[1795.1756151134032,468.75176835712045],[1794.8489655813319,468.3917922805995],[1794.5267589726136,468.0677380505949],[1793.861619151081,467.3990035066381],[1793.196550118213,466.7302691480145],[1793.0981548072305,466.6313941096887],[1792.505804247805,466.0882569523528],[1791.810648787825,465.45068632625043],[1791.268320562318,464.9535605106503],[1791.109302776691,464.82045074459165],[1790.3856169348583,464.2156739011407],[1789.6618604074465,463.61075551994145],[1789.3634977535694,463.3612713739276],[1788.922375289956,463.0257292203605],[1788.1717166824383,462.454740062356],[1787.387435501907,461.8582834089175],[1786.6459808625514,461.34627356380224],[1785.8699064965476,460.81034871935844],[1785.3444524518563,460.447577258572],[1785.0861403539311,460.2861376469955],[1784.2862077436293,459.7864123182371],[1783.4862038918072,459.2867575446144],[1783.2390091101988,459.13213393930346],[1782.6710942688514,458.8127930788323],[1781.849073463236,458.3504031300545],[1781.0750695132301,457.91493315435946],[1780.1835031381925,457.46592909190804],[1779.3410232248716,457.04172722250223],[1778.857805177162,456.79832161497325],[1778.4908382908907,456.6341873565689],[1777.6298117990955,456.24916828330606],[1776.7688563175034,455.86407880391926],[1776.5913237198838,455.7846431732178],[1775.8945521840942,455.5106929736212],[1775.0167501409305,455.16563915647566],[1774.2807966822293,454.8762445412576],[1774.1365899586235,454.82708251010627],[1773.2439258302911,454.5226352130994],[1772.3512616197695,454.21818802319467],[1771.9311136093456,454.07483544386923],[1771.4517297248822,453.93556543439627],[1770.5459747583955,453.67243643384427],[1769.6402199075674,453.4092368623242],[1769.5468799688388,453.3822662336752],[1768.724575996108,453.18368813209236],[1767.8076435789117,452.9625187916681],[1767.1334829546977,452.79982381127775],[1766.888482600567,452.7524417694658],[1765.9623580514453,452.57352006156],[1765.0363043778343,452.39459867496043],[1764.6958132738364,452.3287937529385],[1764.1057096701115,452.2427391326055],[1763.1723776240833,452.10656533949077],[1762.2391873952583,451.97039206605405],[1753.0987087223912,451.88341926876456]]]}},{"type":"Feature","properties":{"PIN":"2202820410015","TAXPIN":"22.028.20.41.0015               ","Acres_Poly":0.37,"USE1_DESC":"958","USE2_DESC":"","PLAT_NAME":"AFTON","BLOCK":"3","LOT":"9","YEAR_BUILT":null,"SITUS_ADDRESS":"","BLDG_NUM":"","CITY":"CITY OF AFTON","ZIP":""},"geometry":{"type":"Polygon","coordinates":[[[1762.2224224375095,430.64315824676305],[1762.2391873952583,451.97039206605405],[1763.1723776240833,452.10656533949077],[1764.1057096701115,452.2427391326055],[1764.6958132738364,452.3287937529385],[1765.0363043778343,452.39459867496043],[1765.9623580514453,452.57352006156],[1766.888482600567,452.7524417694658],[1767.1334829546977,452.79982381127775],[1767.8076435789117,452.9625187916681],[1768.724575996108,453.18368813209236],[1769.5468799688388,453.3822662336752],[1769.6402199075674,453.4092368623242],[1770.5459747583955,453.67243643384427],[1771.4517297248822,453.93556543439627],[1771.9311136093456,454.07483544386923],[1772.3512616197695,454.21818802319467],[1773.2439258302911,454.5226352130994],[1774.1365899586235,454.82708251010627],[1774.2807966822293,454.8762445412576],[1775.0167501409305,455.16563915647566],[1775.8945521840942,455.5106929736212],[1776.5913237198838,455.7846431732178],[1776.7688563175034,455.86407880391926],[1777.6298117990955,456.24916828330606],[1778.4908382908907,456.6341873565689],[1778.857805177162,456.79832161497325],[1779.3410232248716,457.04172722250223],[1780.1835031381925,457.46592909190804],[1781.0750695132301,457.91493315435946],[1781.849073463236,458.3504031300545],[1782.6710942688514,458.8127930788323],[1783.2390091101988,459.13213393930346],[1783.4862038918072,459.2867575446144],[1784.2862077436293,459.7864123182371],[1785.0861403539311,460.2861376469955],[1785.3444524518563,460.447577258572],[1785.8699064965476,460.81034871935844],[1786.6459808625514,461.34627356380224],[1787.387435501907,461.8582834089175],[1788.1717166824383,462.454740062356],[1788.922375289956,463.0257292203605],[1789.3634977535694,463.3612713739276],[1789.6618604074465,463.61075551994145],[1790.3856169348583,464.2156739011407],[1791.109302776691,464.82045074459165],[1791.268320562318,464.9535605106503],[1791.810648787825,465.45068632625043],[1792.505804247805,466.0882569523528],[1793.0981548072305,466.6313941096887],[1793.196550118213,466.7302691480145],[1793.861619151081,467.3990035066381],[1794.5267589726136,468.0677380505949],[1794.8489655813319,468.3917922805995],[1795.1756151134032,468.75176835712045],[1795.8093952293857,469.45039076916873],[1796.4430333564524,470.1490127881989],[1796.5170760485344,470.230503693223],[1797.0478078484302,470.8725104480982],[1797.6487426419626,471.5995322149247],[1798.0989491482615,472.1440549651161],[1798.241290031583,472.33317618630826],[1798.8081075040973,473.08689733967185],[1799.3750663191895,473.8407602151856],[1799.5913336341619,474.12819591443986],[1799.9202089384198,474.6099746171385],[1800.4519905225607,475.3890495253727],[1800.9910490142065,476.1787472330034],[1801.4795309110195,476.9702883530408],[1801.974933753023,477.77294613514096],[1802.2949861121015,478.29138843808323],[1802.4570525723975,478.5832025585696],[1802.9150882037939,479.4078147299588],[1803.3730533601483,480.23221458122134],[1803.5005326362443,480.4616590067744],[1803.8033172874711,481.07124320045114],[1804.2229975675582,481.91596909519285],[1804.6052179751568,482.6851694881916],[1805.0196058884612,483.62531069945544],[1805.400013737788,484.48830990772694],[1805.6065023076371,484.95689406152815],[1805.7621015730547,485.35896486695856],[1806.1025325983064,486.2384683266282],[1806.4428920326172,487.11818356160074],[1806.5024826487643,487.27237413357943],[1806.7495992416516,488.0099667310715],[1807.0492068139138,488.9042755179107],[1807.291257924342,489.62644422985613],[1807.3408640076523,489.80096624139696],[1807.599228004925,490.70810001995414],[1807.9709264977719,492.01415097061545],[1807.9228394665406,431.0774349719286],[1762.2224224375095,430.64315824676305]]]}},{"type":"Feature","properties":{"PIN":"2202820410016","TAXPIN":"22.028.20.41.0016               ","Acres_Poly":0.65,"USE1_DESC":"100","USE2_DESC":"","PLAT_NAME":"AFTON","BLOCK":"4","LOT":"1","YEAR_BUILT":1870,"SITUS_ADDRESS":"3491 ST CROIX TRL S, CITY OF AFTON","BLDG_NUM":"3491","CITY":"CITY OF AFTON","ZIP":"55001"},"geometry":{"type":"Polygon","coordinates":[[[1758.034659628349,509.8198639713228],[1716.5843846857897,509.4252923578024],[1716.6301980091957,567.3152504544705],[1765.8142535730149,567.7834179056808],[1762.9481551531353,546.4289266113192],[1758.034659628349,509.8198639713228]]]}},{"type":"Feature","properties":{"PIN":"2202820410017","TAXPIN":"22.028.20.41.0017               ","Acres_Poly":0.43,"USE1_DESC":"100","USE2_DESC":"","PLAT_NAME":"AFTON","BLOCK":"4","LOT":"7","YEAR_BUILT":1901,"SITUS_ADDRESS":"15960 35TH ST S, CITY OF AFTON","BLDG_NUM":"15960","CITY":"CITY OF AFTON","ZIP":"55001"},"geometry":{"type":"Polygon","coordinates":[[[1808.0989883788861,510.296298998408],[1758.034659628349,509.8198639713228],[1762.9481551531353,546.4289266113192],[1778.3377898948966,546.5752240354195],[1808.2140383789083,546.8592831240967],[1808.1851628595032,510.2971667042002],[1808.0989883788861,510.296298998408]]]}},{"type":"Feature","properties":{"PIN":"2202820410018","TAXPIN":"22.028.20.41.0018               ","Acres_Poly":0.52,"USE1_DESC":"100","USE2_DESC":"","PLAT_NAME":"AFTON","BLOCK":"19","LOT":"7","YEAR_BUILT":1901,"SITUS_ADDRESS":"3494 ST CROIX TRL S, CITY OF AFTON","BLDG_NUM":"3494","CITY":"CITY OF AFTON","ZIP":"55001"},"geometry":{"type":"Polygon","coordinates":[[[1646.515076309035,514.8520763171837],[1646.5511882093851,560.5546824317425],[1661.7846829988412,560.6996481874958],[1692.2517422047094,560.989617832005],[1692.2156726907124,515.2869413606822],[1646.515076309035,514.8520763171837]]]}},{"type":"Feature","properties":{"PIN":"2202820410019","TAXPIN":"22.028.20.41.0019               ","Acres_Poly":0.52,"USE1_DESC":"100","USE2_DESC":"","PLAT_NAME":"AFTON","BLOCK":"19","LOT":"10","YEAR_BUILT":1986,"SITUS_ADDRESS":"15882 35TH ST S, CITY OF AFTON","BLDG_NUM":"15882","CITY":"CITY OF AFTON","ZIP":"55001"},"geometry":{"type":"Polygon","coordinates":[[[1600.8146182633936,514.4171840874478],[1600.8507018102682,560.1196489678696],[1616.084268636303,560.2646476645023],[1631.3177642269293,560.4096116973087],[1646.5511882093851,560.5546824317425],[1646.515076309035,514.8520763171837],[1600.8146182633936,514.4171840874478]]]}},{"type":"Feature","properties":{"PIN":"2202820410020","TAXPIN":"22.028.20.41.0020               ","Acres_Poly":0.52,"USE1_DESC":"100","USE2_DESC":"","PLAT_NAME":"AFTON","BLOCK":"20","LOT":"1","YEAR_BUILT":1962,"SITUS_ADDRESS":"15887 35TH ST S, CITY OF AFTON","BLDG_NUM":"15887","CITY":"CITY OF AFTON","ZIP":"55001"},"geometry":{"type":"Polygon","coordinates":[[[1600.7593177084927,444.3398809460923],[1600.795406032179,490.042347333394],[1646.4958956616465,490.4773811465129],[1646.4597787843668,444.7748442105949],[1600.7593177084927,444.3398809460923]]]}},{"type":"Feature","properties":{"PIN":"2202820410021","TAXPIN":"22.028.20.41.0021               ","Acres_Poly":0.83,"USE1_DESC":"100","USE2_DESC":"","PLAT_NAME":"AFTON","BLOCK":"20","LOT":"4","YEAR_BUILT":1888,"SITUS_ADDRESS":"15895 35TH ST S, CITY OF AFTON","BLDG_NUM":"15895","CITY":"CITY OF AFTON","ZIP":"55001"},"geometry":{"type":"Polygon","coordinates":[[[1661.6668524784036,411.4045522902161],[1661.6791068198509,426.93524699192494],[1661.6812141555129,429.68570059351623],[1651.380275500589,429.58751127589494],[1646.447833703598,429.5406642453745],[1646.4522771131014,435.36030602268875],[1646.4597787843668,444.7748442105949],[1646.4958956616465,490.4773811465129],[1692.196452887205,490.9123168820515],[1692.1407688271138,420.55488960724324],[1692.1337701039156,411.69459271244705],[1661.6668524784036,411.4045522902161]]]}},{"type":"Feature","properties":{"PIN":"2202820410023","TAXPIN":"22.028.20.41.0023               ","Acres_Poly":0.09,"USE1_DESC":"100","USE2_DESC":"","PLAT_NAME":"AFTON","BLOCK":"20","LOT":"7","YEAR_BUILT":null,"SITUS_ADDRESS":"","BLDG_NUM":"","CITY":"CITY OF AFTON","ZIP":""},"geometry":{"type":"Polygon","coordinates":[[[1661.6571828779997,399.21723243873566],[1661.6668524784036,411.4045522902161],[1692.1337701039156,411.69459271244705],[1692.124229556066,399.50720255076885],[1661.6571828779997,399.21723243873566]]]}},{"type":"Feature","properties":{"PIN":"2202820410024","TAXPIN":"22.028.20.41.0024               ","Acres_Poly":0.46,"USE1_DESC":"100","USE2_DESC":"","PLAT_NAME":"AFTON","BLOCK":"20","LOT":"9","YEAR_BUILT":1930,"SITUS_ADDRESS":"15880 36TH ST S, CITY OF AFTON","BLDG_NUM":"15880","CITY":"CITY OF AFTON","ZIP":"55001"},"geometry":{"type":"Polygon","coordinates":[[[1661.6571828779997,399.21723243873566],[1600.7232263747137,398.63737362623215],[1600.7472641853965,429.10562992841005],[1613.8961868675542,429.23081214074045],[1621.5119201596826,429.3032845603302],[1646.447833703598,429.5406642453745],[1651.380275500589,429.58751127589494],[1661.6812141555129,429.68570059351623],[1661.6791068198509,426.93524699192494],[1661.6668524784036,411.4045522902161],[1661.6571828779997,399.21723243873566]]]}},{"type":"Feature","properties":{"PIN":"2202820410026","TAXPIN":"22.028.20.41.0026               ","Acres_Poly":0.17,"USE1_DESC":"100","USE2_DESC":"","PLAT_NAME":"AFTON","BLOCK":"20","LOT":"10","YEAR_BUILT":null,"SITUS_ADDRESS":"","BLDG_NUM":"","CITY":"CITY OF AFTON","ZIP":""},"geometry":{"type":"Polygon","coordinates":[[[1621.5119201596826,429.3032845603302],[1613.8961868675542,429.23081214074045],[1600.7472641853965,429.10562992841005],[1600.75491678674,438.67569313850254],[1600.7593177084927,444.3398809460923],[1646.4597787843668,444.7748442105949],[1646.4522771131014,435.36030602268875],[1646.447833703598,429.5406642453745],[1621.5119201596826,429.3032845603302]]]}},{"type":"Feature","properties":{"PIN":"2202820410027","TAXPIN":"22.028.20.41.0027               ","Acres_Poly":0.34,"USE1_DESC":"100","USE2_DESC":"","PLAT_NAME":"AFTON","BLOCK":"21","LOT":"3","YEAR_BUILT":1972,"SITUS_ADDRESS":"15889 36TH ST S, CITY OF AFTON","BLDG_NUM":"15889","CITY":"CITY OF AFTON","ZIP":"55001"},"geometry":{"type":"Polygon","coordinates":[[[1646.3683491841075,328.99504931923],[1631.1348711106111,328.8500487571582],[1631.170962752658,374.55255739670247],[1661.6378431943012,374.84252369310707],[1661.6017560203327,329.14001521188766],[1646.3683491841075,328.99504931923]]]}},{"type":"Feature","properties":{"PIN":"2202820410028","TAXPIN":"22.028.20.41.0028               ","Acres_Poly":0.34,"USE1_DESC":"100","USE2_DESC":"","PLAT_NAME":"AFTON","BLOCK":"21","LOT":"1","YEAR_BUILT":1966,"SITUS_ADDRESS":"15875 36TH ST S, CITY OF AFTON","BLDG_NUM":"15875","CITY":"CITY OF AFTON","ZIP":"55001"},"geometry":{"type":"Polygon","coordinates":[[[1600.6679134786827,328.5601562522352],[1600.7039388485136,374.2625941717997],[1631.170962752658,374.55255739670247],[1631.1348711106111,328.8500487571582],[1600.6679134786827,328.5601562522352]]]}},{"type":"Feature","properties":{"PIN":"2202820410029","TAXPIN":"22.028.20.41.0029               ","Acres_Poly":0.34,"USE1_DESC":"100","USE2_DESC":"","PLAT_NAME":"AFTON","BLOCK":"21","LOT":"5","YEAR_BUILT":2019,"SITUS_ADDRESS":"3602 ST CROIX TRL S, CITY OF AFTON","BLDG_NUM":"3602","CITY":"CITY OF AFTON","ZIP":"55001"},"geometry":{"type":"Polygon","coordinates":[[[1661.6017560203327,329.14001521188766],[1661.6378431943012,374.84252369310707],[1692.1050055545056,375.1325648743659],[1692.0688523009885,329.42991498298943],[1661.6017560203327,329.14001521188766]]]}},{"type":"Feature","properties":{"PIN":"2202820410031","TAXPIN":"22.028.20.41.0031               ","Acres_Poly":2.13,"USE1_DESC":"100","USE2_DESC":"","PLAT_NAME":"AFTON","BLOCK":"22","LOT":"1","YEAR_BUILT":1900,"SITUS_ADDRESS":"3710 ST CROIX TRL S, CITY OF AFTON","BLDG_NUM":"3710","CITY":"CITY OF AFTON","ZIP":"55001"},"geometry":{"type":"Polygon","coordinates":[[[1679.7555106007494,167.97657313663512],[1679.7191556363832,167.8312746239826],[1672.4720154904062,167.76233051158488],[1600.5403118403046,167.07767067942768],[1588.3189621435013,166.9614785471931],[1588.3703354461468,212.66404045931995],[1600.57641856384,212.7803334305063],[1600.612380791048,258.4828135287389],[1692.013538566418,259.3526442013681],[1691.9798647579155,216.83829046227038],[1679.7555106007494,167.97657313663512]]]}},{"type":"Feature","properties":{"PIN":"2202820410032","TAXPIN":"22.028.20.41.0032               ","Acres_Poly":1.03,"USE1_DESC":"100","USE2_DESC":"","PLAT_NAME":"AFTON","BLOCK":"23","LOT":"1","YEAR_BUILT":1969,"SITUS_ADDRESS":"15825 37TH ST S, CITY OF AFTON","BLDG_NUM":"15825","CITY":"CITY OF AFTON","ZIP":"55001"},"geometry":{"type":"Polygon","coordinates":[[[1484.8018606145051,211.6783502129838],[1484.8379388998146,257.380901905708],[1576.2389725633548,258.2509192014113],[1576.2028367238818,212.54836783464998],[1484.8018606145051,211.6783502129838]]]}},{"type":"Feature","properties":{"PIN":"2202820410033","TAXPIN":"22.028.20.41.0033               ","Acres_Poly":1.17,"USE1_DESC":"100","USE2_DESC":"","PLAT_NAME":"AFTON","BLOCK":"23","LOT":"7","YEAR_BUILT":null,"SITUS_ADDRESS":"","BLDG_NUM":"","CITY":"CITY OF AFTON","ZIP":""},"geometry":{"type":"Polygon","coordinates":[[[1576.166627136059,166.8457046849653],[1484.7656371052726,165.97589863464236],[1484.8018606145051,211.6783502129838],[1576.2028367238818,212.54836783464998],[1588.3703354461468,212.66404045931995],[1588.3189621435013,166.9614785471931],[1576.166627136059,166.8457046849653]]]}},{"type":"Feature","properties":{"PIN":"2202820410034","TAXPIN":"22.028.20.41.0034               ","Acres_Poly":0.52,"USE1_DESC":"100","USE2_DESC":"","PLAT_NAME":"AFTON","BLOCK":"24","LOT":"1","YEAR_BUILT":2004,"SITUS_ADDRESS":"","BLDG_NUM":"","CITY":"CITY OF AFTON","ZIP":""},"geometry":{"type":"Polygon","coordinates":[[[1484.8932483002427,327.45810356363654],[1484.9293895835872,373.1606837641448],[1530.6297921920777,373.5955992694944],[1530.5936927039875,327.89316080044955],[1484.8932483002427,327.45810356363654]]]}},{"type":"Feature","properties":{"PIN":"2202820410035","TAXPIN":"22.028.20.41.0035               ","Acres_Poly":0.52,"USE1_DESC":"100","USE2_DESC":"","PLAT_NAME":"AFTON","BLOCK":"24","LOT":"4","YEAR_BUILT":1901,"SITUS_ADDRESS":"15847 36TH ST S, CITY OF AFTON","BLDG_NUM":"15847","CITY":"CITY OF AFTON","ZIP":"55001"},"geometry":{"type":"Polygon","coordinates":[[[1545.8273151583853,328.03820553515106],[1530.5936927039875,327.89316080044955],[1530.6297921920777,373.5955992694944],[1576.3303327456233,374.03062894009054],[1576.2942756139091,328.3281201226637],[1545.8273151583853,328.03820553515106]]]}},{"type":"Feature","properties":{"PIN":"2202820410038","TAXPIN":"22.028.20.41.0038               ","Acres_Poly":1.55,"USE1_DESC":"100","USE2_DESC":"","PLAT_NAME":"AFTON","BLOCK":"25","LOT":"1","YEAR_BUILT":1895,"SITUS_ADDRESS":"15800 36TH ST S, CITY OF AFTON","BLDG_NUM":"15800","CITY":"CITY OF AFTON","ZIP":"55001"},"geometry":{"type":"Polygon","coordinates":[[[1576.3808700442314,437.95307363569736],[1576.3495712989825,398.4053376382217],[1484.9485501818126,397.53539251443],[1484.9645211540628,417.79213547334075],[1485.0208200662746,488.9405797114596],[1530.72124821326,489.3754946766421],[1530.6852989037288,443.6728869229555],[1576.3857653270825,444.10791604127735],[1576.3808700442314,437.95307363569736]]]}},{"type":"Feature","properties":{"PIN":"2202820410040","TAXPIN":"22.028.20.41.0040               ","Acres_Poly":0.52,"USE1_DESC":"100","USE2_DESC":"","PLAT_NAME":"AFTON","BLOCK":"25","LOT":"11","YEAR_BUILT":1965,"SITUS_ADDRESS":"3520 PERROT AVE S, CITY OF AFTON","BLDG_NUM":"3520","CITY":"CITY OF AFTON","ZIP":"55001"},"geometry":{"type":"Polygon","coordinates":[[[1576.4218146792846,489.81038244627416],[1576.3857653270825,444.10791604127735],[1530.6852989037288,443.6728869229555],[1530.72124821326,489.3754946766421],[1576.4218146792846,489.81038244627416]]]}},{"type":"Feature","properties":{"PIN":"2202820410041","TAXPIN":"22.028.20.41.0041               ","Acres_Poly":0.52,"USE1_DESC":"140","USE2_DESC":"","PLAT_NAME":"AFTON","BLOCK":"26","LOT":"6","YEAR_BUILT":null,"SITUS_ADDRESS":"","BLDG_NUM":"","CITY":"CITY OF AFTON","ZIP":""},"geometry":{"type":"Polygon","coordinates":[[[1530.7405854790704,513.7501905756071],[1485.0399768828065,513.3151338817552],[1485.0761764082708,559.0177410403267],[1530.7766722562374,559.4526558192447],[1530.7645964839612,544.2184658888727],[1530.7405854790704,513.7501905756071]]]}},{"type":"Feature","properties":{"PIN":"2202820410042","TAXPIN":"22.028.20.41.0042               ","Acres_Poly":0.34,"USE1_DESC":"100","USE2_DESC":"","PLAT_NAME":"AFTON","BLOCK":"26","LOT":"7","YEAR_BUILT":null,"SITUS_ADDRESS":"","BLDG_NUM":"","CITY":"CITY OF AFTON","ZIP":""},"geometry":{"type":"Polygon","coordinates":[[[1530.7405854790704,513.7501905756071],[1530.7645964839612,544.2184658888727],[1576.4651263147825,544.6534239742905],[1576.441048872599,514.1851486340165],[1530.7405854790704,513.7501905756071]]]}},{"type":"Feature","properties":{"PIN":"2202820410043","TAXPIN":"22.028.20.41.0043               ","Acres_Poly":0.45,"USE1_DESC":"140","USE2_DESC":"","PLAT_NAME":"AFTON","BLOCK":"41","LOT":"4","YEAR_BUILT":null,"SITUS_ADDRESS":"","BLDG_NUM":"","CITY":"CITY OF AFTON","ZIP":""},"geometry":{"type":"Polygon","coordinates":[[[1421.268306021695,512.7082964917645],[1421.1255201556487,558.4090908747166],[1460.7024922046694,558.7857215898111],[1460.666473122139,513.0832561533898],[1421.268306021695,512.7082964917645]]]}},{"type":"Feature","properties":{"PIN":"2202820410044","TAXPIN":"22.028.20.41.0044               ","Acres_Poly":0.44,"USE1_DESC":"100","USE2_DESC":"","PLAT_NAME":"AFTON","BLOCK":"42","LOT":"1","YEAR_BUILT":1972,"SITUS_ADDRESS":"3570 PENNINGTON AVE S, CITY OF AFTON","BLDG_NUM":"3570","CITY":"CITY OF AFTON","ZIP":"55001"},"geometry":{"type":"Polygon","coordinates":[[[1432.253779729188,442.73605704307556],[1421.4871586996596,442.6335497861728],[1421.4597282986506,451.4041475849226],[1421.4343210770749,459.5663902601227],[1421.344373472908,488.3344163419679],[1460.6472243503667,488.7084189178422],[1460.6110586703871,443.0059516020119],[1432.253779729188,442.73605704307556]]]}},{"type":"Feature","properties":{"PIN":"2202820410045","TAXPIN":"22.028.20.41.0045               ","Acres_Poly":0.44,"USE1_DESC":"100","USE2_DESC":"","PLAT_NAME":"AFTON","BLOCK":"42","LOT":"4","YEAR_BUILT":null,"SITUS_ADDRESS":"","BLDG_NUM":"","CITY":"CITY OF AFTON","ZIP":""},"geometry":{"type":"Polygon","coordinates":[[[1421.629730524437,396.9327124459669],[1421.4871586996596,442.6335497861728],[1432.253779729188,442.73605704307556],[1460.6110586703871,443.0059516020119],[1460.5853946631541,410.42358342092484],[1460.574960741913,397.3035142319277],[1421.629730524437,396.9327124459669]]]}},{"type":"Feature","properties":{"PIN":"2202820410046","TAXPIN":"22.028.20.41.0046               ","Acres_Poly":0.44,"USE1_DESC":"100","USE2_DESC":"","PLAT_NAME":"AFTON","BLOCK":"43","LOT":"1","YEAR_BUILT":null,"SITUS_ADDRESS":"","BLDG_NUM":"","CITY":"CITY OF AFTON","ZIP":""},"geometry":{"type":"Polygon","coordinates":[[[1421.8485806883546,326.8581222444773],[1421.7767841520836,349.84914799872786],[1421.7059385778266,372.5590315479785],[1460.555707816733,372.9286637939513],[1460.5196051429375,327.2262249412015],[1421.8485806883546,326.8581222444773]]]}},{"type":"Feature","properties":{"PIN":"2202820410047","TAXPIN":"22.028.20.41.0047               ","Acres_Poly":0.44,"USE1_DESC":"100","USE2_DESC":"","PLAT_NAME":"AFTON","BLOCK":"43","LOT":"4","YEAR_BUILT":null,"SITUS_ADDRESS":"","BLDG_NUM":"","CITY":"CITY OF AFTON","ZIP":""},"geometry":{"type":"Polygon","coordinates":[[[1421.9912931098952,281.15724291373044],[1421.8728224121733,319.08556634839624],[1421.8485806883546,326.8581222444773],[1460.5196051429375,327.2262249412015],[1460.4836417096085,281.5236041713506],[1421.9912931098952,281.15724291373044]]]}},{"type":"Feature","properties":{"PIN":"2202820410048","TAXPIN":"22.028.20.41.0048               ","Acres_Poly":0.43,"USE1_DESC":"211","USE2_DESC":"","PLAT_NAME":"AFTON","BLOCK":"44","LOT":"4","YEAR_BUILT":null,"SITUS_ADDRESS":"","BLDG_NUM":"","CITY":"CITY OF AFTON","ZIP":""},"geometry":{"type":"Polygon","coordinates":[[[1422.3527813622495,165.38174608163536],[1422.2099992707372,211.0826675426215],[1460.428131811379,211.44647103641182],[1460.3921606455697,165.7438079174608],[1422.3527813622495,165.38174608163536]]]}},{"type":"Feature","properties":{"PIN":"2202820410049","TAXPIN":"22.028.20.41.0049               ","Acres_Poly":0.43,"USE1_DESC":"100","USE2_DESC":"","PLAT_NAME":"AFTON","BLOCK":"44","LOT":"1","YEAR_BUILT":null,"SITUS_ADDRESS":"","BLDG_NUM":"","CITY":"CITY OF AFTON","ZIP":""},"geometry":{"type":"Polygon","coordinates":[[[1422.2099992707372,211.0826675426215],[1422.0771417525248,253.62537751346827],[1422.067358607892,256.783548489213],[1460.4642424061894,257.14888155832887],[1460.428131811379,211.44647103641182],[1422.2099992707372,211.0826675426215]]]}},{"type":"Feature","properties":{"PIN":"2202820410050","TAXPIN":"22.028.20.41.0050               ","Acres_Poly":0.1,"USE1_DESC":"100","USE2_DESC":"","PLAT_NAME":"","BLOCK":"","LOT":"","YEAR_BUILT":null,"SITUS_ADDRESS":"","BLDG_NUM":"","CITY":"CITY OF AFTON","ZIP":""},"geometry":{"type":"Polygon","coordinates":[[[1753.0938903704518,445.7897290326655],[1743.9542541509727,445.70270083099604],[1743.9903846773668,491.405378729105],[1753.1298142462038,491.49226496275514],[1753.0987087223912,451.88341926876456],[1753.0938903704518,445.7897290326655]]]}},{"type":"Feature","properties":{"PIN":"2202820410051","TAXPIN":"22.028.20.41.0051               ","Acres_Poly":0.07,"USE1_DESC":"966","USE2_DESC":"","PLAT_NAME":"AFTON","BLOCK":"22","LOT":"6","YEAR_BUILT":null,"SITUS_ADDRESS":"","BLDG_NUM":"","CITY":"CITY OF AFTON","ZIP":""},"geometry":{"type":"Polygon","coordinates":[[[1679.7191556363832,167.8312746239826],[1679.7555106007494,167.97657313663512],[1691.9798647579155,216.83829046227038],[1691.9413541184622,167.9476432967931],[1679.7191556363832,167.8312746239826]]]}},{"type":"Feature","properties":{"PIN":"2202820410053","TAXPIN":"22.028.20.41.0053               ","Acres_Poly":1.03,"USE1_DESC":"100","USE2_DESC":"","PLAT_NAME":"","BLOCK":"","LOT":"","YEAR_BUILT":1970,"SITUS_ADDRESS":"15820 37TH ST S, CITY OF AFTON","BLDG_NUM":"15820","CITY":"CITY OF AFTON","ZIP":"55001"},"geometry":{"type":"Polygon","coordinates":[[[1484.8571034640772,281.7556945225224],[1484.8932483002427,327.45810356363654],[1530.5936927039875,327.89316080044955],[1545.8273151583853,328.03820553515106],[1576.2942756139091,328.3281201226637],[1576.2581447351258,282.6254995148629],[1545.7911088856636,282.3355845734477],[1484.8571034640772,281.7556945225224]]]}},{"type":"Feature","properties":{"PIN":"2202820410054","TAXPIN":"22.028.20.41.0054               ","Acres_Poly":0.41,"USE1_DESC":"958","USE2_DESC":"","PLAT_NAME":"","BLOCK":"","LOT":"","YEAR_BUILT":null,"SITUS_ADDRESS":"3561 ST CROIX TRL S, CITY OF AFTON","BLDG_NUM":"3561","CITY":"CITY OF AFTON","ZIP":"55001"},"geometry":{"type":"Polygon","coordinates":[[[1762.209843419725,414.68925198353827],[1762.1982322970289,400.1741244569421],[1762.1946598818759,395.6039621317759],[1744.0006400542334,395.43075698427856],[1743.9144638358848,395.4299608236179],[1743.9181200243183,400.0001940727234],[1743.9326192086446,418.4604332810268],[1742.001678292465,418.8790482627228],[1738.5615474974038,420.6669075815007],[1737.4302269290783,421.2548435712233],[1734.6035641438211,421.5821370454505],[1731.7485929206014,421.9125370560214],[1726.0689462766168,422.5701701194048],[1719.6437448843499,421.40704998373985],[1716.514479679172,420.84045367129147],[1716.514930909383,421.57406876422465],[1716.5337836387916,445.4418316381052],[1731.767339329177,445.58668154478073],[1743.9542541509727,445.70270083099604],[1753.0938903704518,445.7897290326655],[1753.0987087223912,451.88341926876456],[1762.2391873952583,451.97039206605405],[1762.2224224375095,430.64315824676305],[1762.209843419725,414.68925198353827]]]}},{"type":"Feature","properties":{"PIN":"2202820410055","TAXPIN":"22.028.20.41.0055               ","Acres_Poly":0.52,"USE1_DESC":"100","USE2_DESC":"","PLAT_NAME":"","BLOCK":"","LOT":"","YEAR_BUILT":2020,"SITUS_ADDRESS":"15880 37TH ST S, CITY OF AFTON","BLDG_NUM":"15880","CITY":"CITY OF AFTON","ZIP":"55001"},"geometry":{"type":"Polygon","coordinates":[[[1600.6318147311686,282.857465159148],[1600.6679134786827,328.5601562522352],[1631.1348711106111,328.8500487571582],[1646.3683491841075,328.99504931923],[1646.3322212964413,283.29249975271523],[1600.6318147311686,282.857465159148]]]}},{"type":"Feature","properties":{"PIN":"2202820410056","TAXPIN":"22.028.20.41.0056               ","Acres_Poly":0.52,"USE1_DESC":"100","USE2_DESC":"","PLAT_NAME":"","BLOCK":"","LOT":"","YEAR_BUILT":1860,"SITUS_ADDRESS":"3632 ST CROIX TRL S, CITY OF AFTON","BLDG_NUM":"3632","CITY":"CITY OF AFTON","ZIP":"55001"},"geometry":{"type":"Polygon","coordinates":[[[1646.3683491841075,328.99504931923],[1661.6017560203327,329.14001521188766],[1692.0688523009885,329.42991498298943],[1692.0327663877397,283.72743643354625],[1646.3322212964413,283.29249975271523],[1646.3683491841075,328.99504931923]]]}},{"type":"Feature","properties":{"PIN":"2202820420002","TAXPIN":"22.028.20.42.0002               ","Acres_Poly":9.41,"USE1_DESC":"100","USE2_DESC":"","PLAT_NAME":"COUNTY AUDITOR'S PLAT NO.5","BLOCK":"","LOT":"37","YEAR_BUILT":1900,"SITUS_ADDRESS":"15601 36TH ST S, CITY OF AFTON","BLDG_NUM":"15601","CITY":"CITY OF AFTON","ZIP":"55001"},"geometry":{"type":"Polygon","coordinates":[[[1421.6679042627802,384.74634316843003],[1421.7059385778266,372.5590315479785],[1421.7767841520836,349.84914799872786],[1396.1420252516982,349.9183113798499],[1338.2408010956715,373.7442855127156],[1311.434343046276,350.01776170078665],[1307.7742032454698,333.2600872563198],[1343.4903932628222,315.59168622270226],[1361.5514871564228,318.5101546701044],[1345.8870057841996,252.8985344618559],[1321.855037665402,152.235750942491],[1174.850506428047,150.83325938414782],[1174.5688554280787,241.01781625207514],[1174.5241655664868,255.35634605493397],[1174.144281720859,377.0078048873693],[1269.8273522872478,313.80499921925366],[1276.662813281815,309.28976335097104],[1281.9775482601253,319.2655852138996],[1283.6366376487422,355.68441316019744],[1283.7829303779872,357.87604280002415],[1283.8208145104581,358.44484239723533],[1283.883095670899,359.01462445780635],[1284.0072404864477,360.1510769845918],[1284.121483304596,361.1950410725549],[1284.1354302065447,361.28676226269454],[1284.3075391855673,362.4169772332534],[1284.4795773574733,363.5471211383119],[1284.5379478523391,363.92991773597896],[1284.6831931978231,364.6717625968158],[1284.9029169130372,365.79368891753256],[1285.0695814363426,366.6449466375634],[1285.1339251743047,366.9129582326859],[1285.4007011872018,368.0246860226616],[1285.6676195170148,369.1362019367516],[1285.7153332490125,369.33503543026745],[1285.9727945118211,370.23770867381245],[1286.2862733673537,371.3371868664399],[1286.474151563365,371.99544522259384],[1286.6183511969284,372.43063401430845],[1286.978112718265,373.51581171993166],[1287.3445590940537,374.621436025016],[1287.741936878825,375.6700940858573],[1288.1472054652986,376.73913121409714],[1288.3250781936222,377.208409242332],[1288.5774675888824,377.7979126088321],[1289.0275392049807,378.8488282142207],[1289.4140188050806,379.7516243541613],[1289.4837180606555,379.89686131849885],[1289.9774626065046,380.92781455349177],[1290.4714905191213,381.9588390989229],[1290.6094066208461,382.2465521823615],[1290.99655538582,382.9740392016247],[1291.533480766404,383.98326147254556],[1291.908983073372,384.6888748873025],[1292.0831920388737,384.98523591272533],[1292.6623099953867,385.97095756419003],[1293.241569997277,386.9565381081775],[1293.3105610922794,387.07406275719404],[1293.8569199533085,387.91973329894245],[1294.4771002153284,388.8801134126261],[1294.8116687992006,389.39800947345793],[1295.1158257188508,389.8278176449239],[1295.7760087567149,390.7612277409062],[1296.409480241302,391.6563957473263],[1297.1369536705897,392.59768628608435],[1297.8360092109651,393.50228547491133],[1298.1012391174445,393.84539728984237],[1298.5583787510986,394.3878592085093],[1299.295105434372,395.2620186181739],[1299.8839769113692,395.96097721066326],[1300.0389413191006,396.1298344694078],[1300.8117114740307,396.9721361156553],[1301.584694211313,397.81443829648197],[1301.7543695562636,397.9994511269033],[1302.3846974476473,398.6307264761999],[1303.1925219288678,399.43961265217513],[1303.7091642967425,399.95699346996844],[1304.0123656825745,400.2360181249678],[1304.8536170313018,401.0100708557293],[1305.7449650633498,401.83034383133054],[1306.5660687094787,402.52418215665966],[1307.4391898129834,403.2620543744415],[1307.8580217118724,403.6160287717357],[1308.3280368941487,403.98038666229695],[1309.2316838348052,404.6807317789644],[1310.0445831969264,405.310928334482],[1310.1381069145282,405.3771962802857],[1311.07043870911,406.0388078261167],[1312.0026286388747,406.7003483856097],[1312.3007566225133,406.91192216891795],[1312.9533304910874,407.3347925627604],[1313.9127900543972,407.9563235100359],[1314.6225063337479,408.4162429943681],[1314.8788022954832,408.5673389127478],[1315.8634773677913,409.147794585675],[1316.8482937503722,409.7283921055496],[1317.005725577881,409.8211940471083],[1317.8529207364772,410.27348465286195],[1318.8613948243437,410.8120132442564],[1319.4462363185012,411.1242197183892],[1319.8789242025814,411.33232771605253],[1320.9092144786846,411.8277929518372],[1321.9395047806902,412.3231876324862],[1330.100337206968,416.03716893773526],[1331.0957749575027,416.4607947450131],[1331.878663676791,416.79394861869514],[1332.30276977038,416.97439532447606],[1332.6683371855179,417.109235891141],[1333.4666477416176,417.4035510784015],[1334.2648876673193,417.69772478565574],[1334.5486115638632,417.8023793483153],[1335.0715631302446,417.96661384031177],[1335.8833824591711,418.22130786720663],[1336.6949887544615,418.4760721223429],[1336.8321936224238,418.51912697963417],[1337.5161868802388,418.6973547935486],[1338.3394592221011,418.91199818532914],[1339.148413492483,419.1229991009459],[1339.9954744793358,419.2998860748485],[1340.8282157431822,419.4737667776644],[1341.491388708644,419.6122838668525],[1341.6625393621507,419.6392396911979],[1342.5028351308429,419.77214054670185],[1343.3430599383428,419.9050413230434],[1343.855589600571,419.9859772268683],[1344.1854548633564,420.02176002878696],[1345.0313206383726,420.1131104519591],[1345.8770439795335,420.2046726839617],[1346.2352020563558,420.2433571284637],[1346.7246748132748,420.27199357934296],[1347.5740535513614,420.3218588978052],[1348.4233615336707,420.3716534534469],[1348.6246253000572,420.3834899915382],[1349.2736039989977,420.3895696848631],[1350.1242979078088,420.3975907098502],[1351.0179733742261,420.40600700397044],[1351.8250797844958,420.3741161879152],[1352.6751027510618,420.3403584109619],[1353.409641998529,420.311317644082],[1353.5247147646733,420.3010152215138],[1354.372080467292,420.22561471536756],[1355.2195167494938,420.15035588573664],[1355.7938865142642,420.0992654915899],[1356.0653573985328,420.06144995614886],[1356.9080086199683,419.94454282615334],[1357.7507304298342,419.8277773633599],[1358.164605957223,419.7703293962404],[1358.5898195052287,419.68979571573436],[1359.4257693866966,419.5317301917821],[1360.2616485679755,419.3735938966274],[1360.516549202439,419.32548523694277],[1361.091359938553,419.18723652977496],[1361.9184801383526,418.988219095394],[1362.7456002041,418.78927244618535],[1362.8436141677666,418.7656359532848],[1363.5631671826122,418.5547441672534],[1364.3796119517065,418.31540617067367],[1365.140548420488,418.0922522228211],[1365.9987108254572,417.7942807590589],[1366.8023508958286,417.5151821160689],[1367.4015313585405,417.30708596203476],[1367.602186831471,417.22617709543556],[1368.3911052567419,416.9080195678398],[1369.1801657987526,416.5897918064147],[1369.621381089848,416.41174939088523],[1369.9616813645116,416.25464961025864],[1370.734174314246,415.8980649979785],[1371.5065964223468,415.54148026928306],[1371.7945590399904,415.4086313582957],[1372.267376585689,415.1615376416594],[1373.0213849648135,414.7673687823117],[1373.7753221377498,414.3733411822468],[1373.9158108877018,414.29990936722606],[1374.5126688990276,413.9496513484046],[1375.2464165741112,413.51902458257973],[1375.980022121803,413.08853887952864],[1421.6679042627802,384.74634316843003]]]}},{"type":"Feature","properties":{"PIN":"2202820420003","TAXPIN":"22.028.20.42.0003               ","Acres_Poly":1.08,"USE1_DESC":"100","USE2_DESC":"","PLAT_NAME":"COUNTY AUDITOR'S PLAT NO.5","BLOCK":"","LOT":"37","YEAR_BUILT":1969,"SITUS_ADDRESS":"15674 37TH ST S, CITY OF AFTON","BLDG_NUM":"15674","CITY":"CITY OF AFTON","ZIP":"55001"},"geometry":{"type":"Polygon","coordinates":[[[1421.8485806883546,326.8581222444773],[1421.8728224121733,319.08556634839624],[1361.5514871564228,318.5101546701044],[1343.4903932628222,315.59168622270226],[1307.7742032454698,333.2600872563198],[1311.434343046276,350.01776170078665],[1338.2408010956715,373.7442855127156],[1396.1420252516982,349.9183113798499],[1421.7767841520836,349.84914799872786],[1421.8485806883546,326.8581222444773]]]}},{"type":"Feature","properties":{"PIN":"2202820420004","TAXPIN":"22.028.20.42.0004               ","Acres_Poly":4.87,"USE1_DESC":"100","USE2_DESC":"","PLAT_NAME":"COUNTY AUDITOR'S PLAT NO.5","BLOCK":"","LOT":"37","YEAR_BUILT":1901,"SITUS_ADDRESS":"15612 36TH ST S, CITY OF AFTON","BLDG_NUM":"15612","CITY":"CITY OF AFTON","ZIP":"55001"},"geometry":{"type":"Polygon","coordinates":[[[1421.629730524437,396.9327124459669],[1421.6679042627802,384.74634316843003],[1375.980022121803,413.08853887952864],[1375.2464165741112,413.51902458257973],[1374.5126688990276,413.9496513484046],[1373.9158108877018,414.29990936722606],[1373.7753221377498,414.3733411822468],[1373.0213849648135,414.7673687823117],[1372.267376585689,415.1615376416594],[1371.7945590399904,415.4086313582957],[1371.5065964223468,415.54148026928306],[1370.734174314246,415.8980649979785],[1369.9616813645116,416.25464961025864],[1369.621381089848,416.41174939088523],[1369.1801657987526,416.5897918064147],[1368.3911052567419,416.9080195678398],[1367.602186831471,417.22617709543556],[1367.4015313585405,417.30708596203476],[1366.8023508958286,417.5151821160689],[1365.9987108254572,417.7942807590589],[1365.140548420488,418.0922522228211],[1364.3796119517065,418.31540617067367],[1363.5631671826122,418.5547441672534],[1362.8436141677666,418.7656359532848],[1362.7456002041,418.78927244618535],[1361.9184801383526,418.988219095394],[1361.091359938553,419.18723652977496],[1360.516549202439,419.32548523694277],[1360.2616485679755,419.3735938966274],[1359.4257693866966,419.5317301917821],[1358.5898195052287,419.68979571573436],[1358.164605957223,419.7703293962404],[1357.7507304298342,419.8277773633599],[1356.9080086199683,419.94454282615334],[1356.0653573985328,420.06144995614886],[1355.7938865142642,420.0992654915899],[1355.2195167494938,420.15035588573664],[1354.372080467292,420.22561471536756],[1353.5247147646733,420.3010152215138],[1353.409641998529,420.311317644082],[1352.6751027510618,420.3403584109619],[1351.8250797844958,420.3741161879152],[1351.0179733742261,420.40600700397044],[1350.1242979078088,420.3975907098502],[1349.2736039989977,420.3895696848631],[1348.6246253000572,420.3834899915382],[1348.4233615336707,420.3716534534469],[1347.5740535513614,420.3218588978052],[1346.7246748132748,420.27199357934296],[1346.2352020563558,420.2433571284637],[1345.8770439795335,420.2046726839617],[1345.0313206383726,420.1131104519591],[1344.1854548633564,420.02176002878696],[1343.855589600571,419.9859772268683],[1343.3430599383428,419.9050413230434],[1342.5028351308429,419.77214054670185],[1341.6625393621507,419.6392396911979],[1341.491388708644,419.6122838668525],[1340.8282157431822,419.4737667776644],[1339.9954744793358,419.2998860748485],[1339.148413492483,419.1229991009459],[1338.3394592221011,418.91199818532914],[1337.5161868802388,418.6973547935486],[1336.8321936224238,418.51912697963417],[1336.6949887544615,418.4760721223429],[1335.8833824591711,418.22130786720663],[1335.0715631302446,417.96661384031177],[1334.5486115638632,417.8023793483153],[1334.2648876673193,417.69772478565574],[1333.4666477416176,417.4035510784015],[1332.6683371855179,417.109235891141],[1332.30276977038,416.97439532447606],[1331.878663676791,416.79394861869514],[1331.0957749575027,416.4607947450131],[1330.100337206968,416.03716893773526],[1321.9395047806902,412.3231876324862],[1320.9092144786846,411.8277929518372],[1319.8789242025814,411.33232771605253],[1319.4462363185012,411.1242197183892],[1318.8613948243437,410.8120132442564],[1317.8529207364772,410.27348465286195],[1317.005725577881,409.8211940471083],[1316.8482937503722,409.7283921055496],[1315.8634773677913,409.147794585675],[1314.8788022954832,408.5673389127478],[1314.6225063337479,408.4162429943681],[1313.9127900543972,407.9563235100359],[1312.9533304910874,407.3347925627604],[1312.3007566225133,406.91192216891795],[1312.0026286388747,406.7003483856097],[1311.07043870911,406.0388078261167],[1310.1381069145282,405.3771962802857],[1310.0445831969264,405.310928334482],[1309.2316838348052,404.6807317789644],[1308.3280368941487,403.98038666229695],[1307.8580217118724,403.6160287717357],[1307.4391898129834,403.2620543744415],[1306.5660687094787,402.52418215665966],[1305.7449650633498,401.83034383133054],[1304.8536170313018,401.0100708557293],[1304.0123656825745,400.2360181249678],[1303.7091642967425,399.95699346996844],[1303.1925219288678,399.43961265217513],[1302.3846974476473,398.6307264761999],[1301.7543695562636,397.9994511269033],[1301.584694211313,397.81443829648197],[1300.8117114740307,396.9721361156553],[1300.0389413191006,396.1298344694078],[1299.8839769113692,395.96097721066326],[1299.295105434372,395.2620186181739],[1298.5583787510986,394.3878592085093],[1298.1012391174445,393.84539728984237],[1297.8360092109651,393.50228547491133],[1297.1369536705897,392.59768628608435],[1296.409480241302,391.6563957473263],[1295.7760087567149,390.7612277409062],[1295.1158257188508,389.8278176449239],[1294.8116687992006,389.39800947345793],[1294.4771002153284,388.8801134126261],[1293.8569199533085,387.91973329894245],[1293.3105610922794,387.07406275719404],[1293.241569997277,386.9565381081775],[1292.6623099953867,385.97095756419003],[1292.0831920388737,384.98523591272533],[1291.908983073372,384.6888748873025],[1291.533480766404,383.98326147254556],[1290.99655538582,382.9740392016247],[1290.6094066208461,382.2465521823615],[1290.4714905191213,381.9588390989229],[1289.9774626065046,380.92781455349177],[1289.4837180606555,379.89686131849885],[1289.4140188050806,379.7516243541613],[1289.0275392049807,378.8488282142207],[1288.5774675888824,377.7979126088321],[1288.3250781936222,377.208409242332],[1288.1472054652986,376.73913121409714],[1287.741936878825,375.6700940858573],[1287.3445590940537,374.621436025016],[1286.978112718265,373.51581171993166],[1286.6183511969284,372.43063401430845],[1286.474151563365,371.99544522259384],[1286.2862733673537,371.3371868664399],[1285.9727945118211,370.23770867381245],[1285.7153332490125,369.33503543026745],[1285.6676195170148,369.1362019367516],[1285.4007011872018,368.0246860226616],[1285.1339251743047,366.9129582326859],[1285.0695814363426,366.6449466375634],[1284.9029169130372,365.79368891753256],[1284.6831931978231,364.6717625968158],[1284.5379478523391,363.92991773597896],[1284.4795773574733,363.5471211383119],[1284.3075391855673,362.4169772332534],[1284.1354302065447,361.28676226269454],[1284.121483304596,361.1950410725549],[1284.0072404864477,360.1510769845918],[1283.883095670899,359.01462445780635],[1283.8208145104581,358.44484239723533],[1283.7829303779872,357.87604280002415],[1283.6366376487422,355.68441316019744],[1281.9775482601253,319.2655852138996],[1276.662813281815,309.28976335097104],[1269.8273522872478,313.80499921925366],[1174.144281720859,377.0078048873693],[1174.1432683063322,377.34463900048286],[1173.4521089181653,453.7277791230008],[1235.0266058326815,455.1775395628065],[1299.1326271964354,456.68680058512837],[1307.4686334906146,456.8831401048228],[1334.5308813164593,457.5203570295125],[1335.539060332405,457.5440563624725],[1377.7097994902288,458.5369273973629],[1421.4343210770749,459.5663902601227],[1421.4597282986506,451.4041475849226],[1421.4871586996596,442.6335497861728],[1421.629730524437,396.9327124459669]]]}},{"type":"Feature","properties":{"PIN":"2202820420005","TAXPIN":"22.028.20.42.0005               ","Acres_Poly":1.11,"USE1_DESC":"100","USE2_DESC":"","PLAT_NAME":"COUNTY AUDITOR'S PLAT NO.5","BLOCK":"","LOT":"37","YEAR_BUILT":1970,"SITUS_ADDRESS":"15680 37TH ST S, CITY OF AFTON","BLDG_NUM":"15680","CITY":"CITY OF AFTON","ZIP":"55001"},"geometry":{"type":"Polygon","coordinates":[[[1422.067358607892,256.783548489213],[1422.0771417525248,253.62537751346827],[1345.8870057841996,252.8985344618559],[1361.5514871564228,318.5101546701044],[1421.8728224121733,319.08556634839624],[1421.9912931098952,281.15724291373044],[1422.067358607892,256.783548489213]]]}},{"type":"Feature","properties":{"PIN":"2202820420006","TAXPIN":"22.028.20.42.0006               ","Acres_Poly":2.19,"USE1_DESC":"100","USE2_DESC":"","PLAT_NAME":"COUNTY AUDITOR'S PLAT NO.5","BLOCK":"","LOT":"37","YEAR_BUILT":null,"SITUS_ADDRESS":"","BLDG_NUM":"","CITY":"CITY OF AFTON","ZIP":""},"geometry":{"type":"Polygon","coordinates":[[[1422.3527813622495,165.38174608163536],[1422.3907427271479,153.1949389697984],[1321.855037665402,152.235750942491],[1345.8870057841996,252.8985344618559],[1422.0771417525248,253.62537751346827],[1422.2099992707372,211.0826675426215],[1422.3527813622495,165.38174608163536]]]}},{"type":"Feature","properties":{"PIN":"2202820420007","TAXPIN":"22.028.20.42.0007               ","Acres_Poly":2.68,"USE1_DESC":"100","USE2_DESC":"","PLAT_NAME":"SCHMITT'S AFTON COULEE RIDGE","BLOCK":"","LOT":"5","YEAR_BUILT":1975,"SITUS_ADDRESS":"5 COULEE RIDGE RD S, CITY OF AFTON","BLDG_NUM":"5","CITY":"CITY OF AFTON","ZIP":"55001"},"geometry":{"type":"Polygon","coordinates":[[[1421.1203730350244,560.0989397512749],[1421.1255201556487,558.4090908747166],[1421.268306021695,512.7082964917645],[1421.344373472908,488.3344163419679],[1421.4343210770749,459.5663902601227],[1377.7097994902288,458.5369273973629],[1335.539060332405,457.5440563624725],[1335.0050785900676,459.32246610708535],[1307.9690572525724,549.376892440021],[1320.6898534593056,547.5104207992554],[1337.327554012998,547.9686718201265],[1338.5082865891163,548.0185526935384],[1339.6890904439497,548.0682925963774],[1340.121980742144,548.0866011176258],[1340.8678274186677,548.1489886203781],[1342.0455957602244,548.2474956782535],[1342.9092974340892,548.3196636475623],[1343.221911721921,548.3589350460097],[1344.3946589271654,548.5060626873747],[1345.5671933031408,548.6531899850816],[1345.6846098310198,548.6679172860458],[1346.733585396316,548.8437038017437],[1347.8991846622084,549.039022533223],[1348.4430268136202,549.1302182003856],[1349.0597520926967,549.2599173318595],[1350.2163595207385,549.5033514164388],[1351.1800100561231,549.7061303397641],[1351.3709604015457,549.7546268096194],[1352.5165209259721,550.0454639736563],[1353.66193949437,550.3363009607419],[1353.8910227143788,550.3946521664038],[1354.7969747000607,550.6649289932102],[1355.9295740684029,551.0028109559789],[1356.571245540108,551.1942865522578],[1357.0554533426766,551.36089224834],[1358.1731071521644,551.7452480848879],[1359.2161416989402,552.1040319129825],[1360.3901288406923,552.5629698159173],[1361.4909941140213,552.9933000290766],[1361.8211756661767,553.1223918525502],[1362.5785846054205,553.4550517573953],[1363.6606779011781,553.9304320067167],[1364.3819554421934,554.2472341340035],[1364.7357819518656,554.4204264925793],[1365.7971902603167,554.9400741700083],[1366.894158479292,555.4769922047853],[1367.8986188943381,556.0211611250415],[1368.9377838392393,556.5842239726335],[1369.3533933564904,556.8093217602],[1369.9623420669232,557.1726963091642],[1370.9774224808789,557.7781090149656],[1371.7554803285166,558.242303147912],[1371.9862361970008,558.3930482715368],[1372.9753901927616,559.0399577151984],[1373.9645443595364,559.6867258688435],[1374.09638410958,559.7730274833739],[1374.929704327078,560.3684924161062],[1375.8913037033635,561.0556219825521],[1376.3721386844409,561.3992222258821],[1376.838240949728,561.7622230332345],[1377.7706573595642,562.4885080028325],[1378.5786378666526,563.1179782850668],[1378.6988048331696,563.2198006696999],[1379.6004814035841,563.983893847093],[1380.5021575740539,564.7480577444658],[1380.712414007401,564.9263175390661],[1381.3787232132745,565.5401482330635],[1382.2481734156609,566.3408440034837],[1382.769644836022,566.8212609514594],[1383.103755916236,567.1555703030899],[1383.9393519862788,567.9915919341147],[1384.7469342140248,568.7996185198426],[1385.5737836514018,569.698246515356],[1386.3739694411051,570.5678933532909],[1386.6408160132123,570.8578466260806],[1387.149770443968,571.4591773822904],[1387.9134148739395,572.3611033512279],[1388.4480367187061,572.9924729075283],[1388.6657571831602,573.2724011251703],[1389.3913747037877,574.2051178403199],[1390.1654843069264,575.2001667227596],[1420.9453209231724,616.492382328026],[1420.9837975598057,604.1099178073928],[1421.1203730350244,560.0989397512749]]]}},{"type":"Feature","properties":{"PIN":"2202820420008","TAXPIN":"22.028.20.42.0008               ","Acres_Poly":2.63,"USE1_DESC":"100","USE2_DESC":"","PLAT_NAME":"SCHMITT'S AFTON COULEE RIDGE","BLOCK":"","LOT":"6","YEAR_BUILT":2003,"SITUS_ADDRESS":"6 COULEE RIDGE RD S, CITY OF AFTON","BLDG_NUM":"6","CITY":"CITY OF AFTON","ZIP":"55001"},"geometry":{"type":"Polygon","coordinates":[[[1335.0050785900676,459.32246610708535],[1335.539060332405,457.5440563624725],[1334.5308813164593,457.5203570295125],[1307.4686334906146,456.8831401048228],[1299.1326271964354,456.68680058512837],[1235.0266058326815,455.1775395628065],[1188.8184047523537,549.6225879667327],[1190.9655135913636,549.564388718456],[1229.8945580457803,553.0264806421474],[1263.0182657064288,555.9721721736714],[1307.9690572525724,549.376892440021],[1335.0050785900676,459.32246610708535]]]}},{"type":"Feature","properties":{"PIN":"2202820430001","TAXPIN":"22.028.20.43.0001               ","Acres_Poly":39.75,"USE1_DESC":"100","USE2_DESC":"211","PLAT_NAME":"","BLOCK":"","LOT":"","YEAR_BUILT":2002,"SITUS_ADDRESS":"15695 37TH ST S, CITY OF AFTON","BLDG_NUM":"15695","CITY":"CITY OF AFTON","ZIP":"55001"},"geometry":{"type":"Polygon","coordinates":[[[1025.5019028488896,149.41759532596916],[1082.8138260279084,149.95516902394593],[1174.850506428047,150.83325938414782],[1321.855037665402,152.235750942491],[1422.3907427271479,153.1949389697984],[1422.699918610917,54.17848914861679],[1422.8723382292917,0.0],[1026.4337914774587,0.0],[1025.5019028488896,149.41759532596916]]]}},{"type":"Feature","properties":{"PIN":"2202820440004","TAXPIN":"22.028.20.44.0004               ","Acres_Poly":2.67,"USE1_DESC":"100","USE2_DESC":"","PLAT_NAME":"","BLOCK":"","LOT":"","YEAR_BUILT":1930,"SITUS_ADDRESS":"3786 RIVER RD S, CITY OF AFTON","BLDG_NUM":"3786","CITY":"CITY OF AFTON","ZIP":"55001"},"geometry":{"type":"Polygon","coordinates":[[[1667.0096044776728,27.4777768580243],[1761.1986489586998,109.69533228129148],[1763.323974743369,111.55048950854689],[1766.399351477041,111.58234116714448],[1819.27990072564,112.12883673142642],[1839.3771649206174,112.33657427038997],[1839.2954862120678,112.21822692081332],[1837.3032694521244,108.48438917752355],[1835.2265926073305,105.13778995350003],[1833.917660038278,100.11147212609649],[1833.423950874072,94.60910608060658],[1833.4406091808924,87.59930786769837],[1834.8678880389198,78.21942310128361],[1838.1882544337423,69.2192926639691],[1841.7757638451294,62.66932188812643],[1844.0029485051637,60.25272838026285],[1846.1075417866814,59.55690412502736],[1848.1668440815993,58.21602341905236],[1849.0152423125692,55.116496165283024],[1849.2582323717652,52.99175440147519],[1819.2798974907491,53.0442217476666],[1796.9554416532628,52.81360135413706],[1793.940895094769,52.7823930894956],[1791.400380356703,51.724011012353],[1736.2873193423147,28.76270727533847],[1736.6846172380028,27.753699326887727],[1748.2172703811837,0.0],[1706.5909632961775,0.0],[1667.0096044776728,27.4777768580243]]]}},{"type":"Feature","properties":{"PIN":"2202820440007","TAXPIN":"22.028.20.44.0007               ","Acres_Poly":6.61,"USE1_DESC":"100","USE2_DESC":"","PLAT_NAME":"","BLOCK":"","LOT":"","YEAR_BUILT":1961,"SITUS_ADDRESS":"3742 ST CROIX TRL S, CITY OF AFTON","BLDG_NUM":"3742","CITY":"CITY OF AFTON","ZIP":"55001"},"geometry":{"type":"Polygon","coordinates":[[[1422.699918610917,54.17848914861679],[1538.6885595979402,82.16071882471442],[1580.816145048244,129.68589075189084],[1649.0570351132774,155.35231064260006],[1666.3898678410915,155.5189234269783],[1666.1441562735708,155.0949636977166],[1665.107718537096,153.30686981324106],[1664.552056084678,152.39635773934424],[1664.3520511881215,152.0687318192795],[1663.7759081991971,151.12451555766165],[1586.1536065138644,121.92824300006032],[1554.2251185988425,85.90895982086658],[1625.9582892633043,103.21452397294343],[1623.8568249510136,100.58545783255249],[1623.106306454516,99.64657120592892],[1621.7958736196742,97.92496995721012],[1620.339686856605,96.01196909788996],[1619.7756475222996,95.23327291104943],[1617.8011188353412,92.50776417646557],[1617.659985387174,92.31284233462065],[1615.8869944510516,89.7394340466708],[1615.068544180307,88.55131504964083],[1614.0154326549382,86.94251500070095],[1612.5669178054668,84.72965333424509],[1612.1865745917894,84.11729011964053],[1610.4105779710808,81.25834292545915],[1610.1565915980027,80.84948685579002],[1608.6930507543148,78.36406228411943],[1607.8387645499897,76.91343423351645],[1607.0197809390374,75.44409532565624],[1605.6147784700152,72.92376100830734],[1605.391122097266,72.49886708147824],[1603.8224859816837,69.52106629498303],[1603.485976297583,68.8823085706681],[1602.3097477218835,66.51478213537484],[1601.453556876746,64.79176624771208],[1600.842890606902,63.48578478675336],[1599.5185085109551,60.653974504210055],[1599.4222676532809,60.43471136409789],[1597.6820300597465,56.4716226849705],[1573.6782132227102,0.0],[1422.8723382292917,0.0],[1422.699918610917,54.17848914861679]]]}},{"type":"Feature","properties":{"PIN":"2202820440008","TAXPIN":"22.028.20.44.0008               ","Acres_Poly":2.83,"USE1_DESC":"966","USE2_DESC":"","PLAT_NAME":"","BLOCK":"","LOT":"","YEAR_BUILT":null,"SITUS_ADDRESS":"","BLDG_NUM":"","CITY":"CITY OF AFTON","ZIP":""},"geometry":{"type":"MultiPolygon","coordinates":[[[[1597.6820300597465,56.4716226849705],[1599.4222676532809,60.43471136409789],[1599.5185085109551,60.653974504210055],[1600.842890606902,63.48578478675336],[1601.453556876746,64.79176624771208],[1602.3097477218835,66.51478213537484],[1603.485976297583,68.8823085706681],[1603.8224859816837,69.52106629498303],[1605.391122097266,72.49886708147824],[1605.6147784700152,72.92376100830734],[1607.0197809390374,75.44409532565624],[1607.8387645499897,76.91343423351645],[1608.6930507543148,78.36406228411943],[1610.1565915980027,80.84948685579002],[1610.4105779710808,81.25834292545915],[1612.1865745917894,84.11729011964053],[1612.5669178054668,84.72965333424509],[1614.0154326549382,86.94251500070095],[1615.068544180307,88.55131504964083],[1615.8869944510516,89.7394340466708],[1617.659985387174,92.31284233462065],[1617.8011188353412,92.50776417646557],[1619.7756475222996,95.23327291104943],[1620.339686856605,96.01196909788996],[1621.7958736196742,97.92496995721012],[1623.106306454516,99.64657120592892],[1623.8568249510136,100.58545783255249],[1625.9582892633043,103.21452397294343],[1658.880682694842,111.15713511407375],[1657.992075899092,110.0814412040636],[1655.5793749387958,107.16042579244822],[1655.1632116511464,106.6564801512286],[1655.0998685004888,106.57692352775484],[1654.0646760881646,105.27610678505152],[1652.0817397388746,102.78456243127584],[1651.528194583021,102.08888553828001],[1651.4044930520467,101.9275887189433],[1650.2303903786815,100.3959432784468],[1648.6610084479325,98.34846031945199],[1647.9769038016093,97.45605100598186],[1647.795687554113,97.21054725535214],[1646.4910583644523,95.44272255338728],[1645.3179576140828,93.85353512316942],[1644.51047051989,92.75939314533025],[1644.2748656339245,92.42771131824702],[1642.847596601583,90.41856750939041],[1642.0537899475894,89.30099159292877],[1641.1299548475654,88.00039904844016],[1640.8430874049081,87.58056798391044],[1639.3018452809192,85.32503795344383],[1638.869494621933,84.69231665693223],[1637.8365581989638,83.18076827097684],[1637.501554475457,82.67074609920382],[1635.8548632264137,80.16411578189582],[1635.7659193290747,80.02885550819337],[1634.631340703112,78.30198791064322],[1634.2513971628505,77.70001571346074],[1632.7439823341556,75.31209489610046],[1632.507780025655,74.9378537721932],[1631.5154328679782,73.36575734894723],[1631.093675426615,72.66993460897356],[1629.8048148851958,70.54345146473497],[1629.2622225499363,69.64802326634526],[1628.489823538519,68.37370489072055],[1628.0296610929654,67.58241460751742],[1626.9491230350104,65.72419933695346],[1626.1190370630939,64.29653491824865],[1625.5554306396516,63.32745865918696],[1625.0602013508324,62.43901294656098],[1624.1778956279159,60.85596685949713],[1623.0795656106784,58.88558348454535],[1622.713313966815,58.22864716872573],[1622.1823063147604,57.24382162094116],[1621.4821773343137,55.94551657885313],[1621.2304020758602,55.47855442762375],[1620.152681062289,53.41285934578627],[1619.8544390338357,52.84128883201629],[1619.4108870634227,51.99115383718163],[1618.884552815638,50.9823042890057],[1618.615739898698,50.46701304242015],[1617.3270817680168,47.88723955489695],[1617.0870457256678,47.406735034659505],[1616.7298136657337,46.69171186815947],[1616.37201744708,45.97541466169059],[1616.0896468011197,45.4101775418967],[1614.608017830411,42.30838430393487],[1614.4227079670527,41.92056258395314],[1614.1471061202465,41.34382013604045],[1613.947265111201,40.92549088597298],[1613.6530411133426,40.30953471828252],[1611.9964061346836,36.67834587208927],[1611.8626252365066,36.38524868246168],[1611.6635407354333,35.94903572648764],[1611.611143577029,35.83387819491327],[1611.3068398594623,35.167066221125424],[1609.4932341268286,30.99931811913848],[1609.407574053097,30.80227970238775],[1609.36407372565,30.702415538020432],[1609.2799638291472,30.509269380010664],[1609.0513950568275,29.98383318632841],[1607.206973906781,25.532589725218713],[1607.0995607711375,25.273283009417355],[1607.0583996337373,25.173990534618497],[1606.9971509755705,25.026360959745944],[1606.887552811706,24.76181709114462],[1604.8160188773763,19.502433485351503],[1597.3323072503078,0.0],[1573.6782132227102,0.0],[1597.6820300597465,56.4716226849705]]],[[[1663.7759081991971,151.12451555766165],[1664.3520511881215,152.0687318192795],[1664.552056084678,152.39635773934424],[1665.107718537096,153.30686981324106],[1666.1441562735708,155.0949636977166],[1666.3898678410915,155.5189234269783],[1675.6943374963594,155.6057154443115],[1663.7759081991971,151.12451555766165]]]]}},{"type":"Feature","properties":{"PIN":"2202820440009","TAXPIN":"22.028.20.44.0009               ","Acres_Poly":3.76,"USE1_DESC":"211","USE2_DESC":"","PLAT_NAME":"","BLOCK":"","LOT":"","YEAR_BUILT":null,"SITUS_ADDRESS":"","BLDG_NUM":"","CITY":"CITY OF AFTON","ZIP":""},"geometry":{"type":"MultiPolygon","coordinates":[[[[1422.699918610917,54.17848914861679],[1422.3907427271479,153.1949389697984],[1649.0570351132774,155.35231064260006],[1580.816145048244,129.68589075189084],[1538.6885595979402,82.16071882471442],[1422.699918610917,54.17848914861679]]],[[[1554.2251185988425,85.90895982086658],[1586.1536065138644,121.92824300006032],[1663.7759081991971,151.12451555766165],[1663.1906886558281,150.2058656513691],[1662.6296973160352,149.32517127133906],[1662.4541666671867,149.04963997844607],[1661.9892399330274,148.31984670087695],[1660.75684682664,146.49369212146848],[1660.629035641672,146.30453249625862],[1660.4921114485478,146.10142221301794],[1660.1289564988692,145.56347603723407],[1659.491178307333,144.67048841994256],[1658.5427438367624,143.34241028595716],[1658.4477661448182,143.20939709804952],[1658.1961878483417,142.85724470205605],[1656.863757832849,141.09239603951573],[1656.3474947952782,140.40862772520632],[1656.192559701216,140.20327792782336],[1655.5031371723744,139.338853597641],[1654.1192733316566,137.60327566601336],[1625.9582892633043,103.21452397294343],[1554.2251185988425,85.90895982086658]]]]}},{"type":"Feature","properties":{"PIN":"2202820440010","TAXPIN":"22.028.20.44.0010               ","Acres_Poly":0.32,"USE1_DESC":"966","USE2_DESC":"","PLAT_NAME":"","BLOCK":"","LOT":"","YEAR_BUILT":null,"SITUS_ADDRESS":"","BLDG_NUM":"","CITY":"CITY OF AFTON","ZIP":""},"geometry":{"type":"Polygon","coordinates":[[[1625.9582892633043,103.21452397294343],[1654.1192733316566,137.60327566601336],[1655.5031371723744,139.338853597641],[1656.192559701216,140.20327792782336],[1656.3474947952782,140.40862772520632],[1656.863757832849,141.09239603951573],[1658.1961878483417,142.85724470205605],[1658.4477661448182,143.20939709804952],[1658.5427438367624,143.34241028595716],[1659.491178307333,144.67048841994256],[1660.1289564988692,145.56347603723407],[1660.4921114485478,146.10142221301794],[1660.629035641672,146.30453249625862],[1660.75684682664,146.49369212146848],[1661.9892399330274,148.31984670087695],[1662.4541666671867,149.04963997844607],[1662.6296973160352,149.32517127133906],[1663.1906886558281,150.2058656513691],[1663.7759081991971,151.12451555766165],[1675.6943374963594,155.6057154443115],[1694.1803461682866,155.7816275767982],[1691.8768484732136,152.00758388917893],[1691.7677827501902,151.83805557526648],[1690.0367100166623,149.14988698717207],[1689.4830434410833,148.29006385989487],[1688.261793941143,146.49065535049886],[1687.0002009479795,144.631616005674],[1686.447579732223,143.85825210250914],[1684.588807914639,141.25662204343826],[1684.4296638855012,141.0340114152059],[1682.6731776124216,138.69690186530352],[1681.7731994232163,137.49951717350632],[1680.7195913200849,136.1660639513284],[1679.032078982389,134.0301162675023],[1678.7285444083973,133.66453385353088],[1676.686457173084,131.20422247704118],[1676.2080699463258,130.62800509110093],[1674.5994370202534,128.78238918446004],[1673.302799166704,127.29488481208682],[1672.4765114112524,126.39184748008847],[1670.3180336738587,124.03309322334826],[1668.2084181801765,121.75725007522851],[1666.8824884060887,120.29419770743698],[1666.5304252429632,119.90572279226035],[1666.124540815421,119.45800544694066],[1662.805097976816,115.72210512589663],[1662.604395302711,115.49620231054723],[1662.0148004720686,114.80749911256135],[1659.1576174808433,111.47040509432554],[1658.880682694842,111.15713511407375],[1625.9582892633043,103.21452397294343]]]}},{"type":"Feature","properties":{"PIN":"2202820440018","TAXPIN":"22.028.20.44.0018               ","Acres_Poly":5.42,"USE1_DESC":"100","USE2_DESC":"","PLAT_NAME":"","BLOCK":"","LOT":"","YEAR_BUILT":1875,"SITUS_ADDRESS":"3752 RIVER RD S, CITY OF AFTON","BLDG_NUM":"3752","CITY":"CITY OF AFTON","ZIP":"55001"},"geometry":{"type":"MultiPolygon","coordinates":[[[[1614.2026930529391,15.900272453203797],[1618.9485051682568,27.5328871011734],[1624.0871857052553,38.82965792994946],[1629.6068234699778,49.764403126202524],[1664.924523309106,25.671937835402787],[1647.5294242233026,0.0],[1608.1011995298584,0.0],[1614.2026930529391,15.900272453203797]]],[[[1928.9039597083465,155.4017985071987],[1922.5374737813836,154.86654696892947],[1913.5961921903654,155.7171213524416],[1909.9433626509272,156.37592798564583],[1907.577676207351,156.21259927842766],[1904.90870427544,155.49153856560588],[1901.9805071006995,154.47067975997925],[1898.3254284870927,154.57038193475455],[1892.4379241881543,155.53838153742254],[1886.2899330389337,155.991326674819],[1882.9321237396216,155.0149846188724],[1876.6387506981846,151.0393116446212],[1864.5154546068516,140.50605487637222],[1853.4229646858876,129.7106953933835],[1845.4340297754388,120.79591540712863],[1840.9816939597367,114.66321868728846],[1839.3771649206174,112.33657427038997],[1819.27990072564,112.12883673142642],[1766.399351477041,111.58234116714448],[1763.323974743369,111.55048950854689],[1761.1986489586998,109.69533228129148],[1667.0096044776728,27.4777768580243],[1631.0319425694179,52.45383309293538],[1622.713313966815,58.22864716872573],[1623.0795656106784,58.88558348454535],[1624.1778956279159,60.85596685949713],[1625.0602013508324,62.43901294656098],[1625.5554306396516,63.32745865918696],[1626.1190370630939,64.29653491824865],[1626.9491230350104,65.72419933695346],[1628.0296610929654,67.58241460751742],[1628.489823538519,68.37370489072055],[1629.2622225499363,69.64802326634526],[1629.8048148851958,70.54345146473497],[1631.093675426615,72.66993460897356],[1631.5154328679782,73.36575734894723],[1632.507780025655,74.9378537721932],[1632.7439823341556,75.31209489610046],[1634.2513971628505,77.70001571346074],[1634.631340703112,78.30198791064322],[1635.7659193290747,80.02885550819337],[1635.8548632264137,80.16411578189582],[1637.501554475457,82.67074609920382],[1637.8365581989638,83.18076827097684],[1638.869494621933,84.69231665693223],[1639.3018452809192,85.32503795344383],[1640.8430874049081,87.58056798391044],[1641.1299548475654,88.00039904844016],[1642.0537899475894,89.30099159292877],[1642.847596601583,90.41856750939041],[1644.2748656339245,92.42771131824702],[1644.51047051989,92.75939314533025],[1645.3179576140828,93.85353512316942],[1646.4910583644523,95.44272255338728],[1647.795687554113,97.21054725535214],[1647.9769038016093,97.45605100598186],[1648.6610084479325,98.34846031945199],[1650.2303903786815,100.3959432784468],[1651.4044930520467,101.9275887189433],[1651.528194583021,102.08888553828001],[1652.0817397388746,102.78456243127584],[1654.0646760881646,105.27610678505152],[1655.0998685004888,106.57692352775484],[1655.1632116511464,106.6564801512286],[1655.5793749387958,107.16042579244822],[1657.992075899092,110.0814412040636],[1658.880682694842,111.15713511407375],[1659.1576174808433,111.47040509432554],[1662.0148004720686,114.80749911256135],[1662.604395302711,115.49620231054723],[1662.805097976816,115.72210512589663],[1666.124540815421,119.45800544694066],[1666.5304252429632,119.90572279226035],[1666.8824884060887,120.29419770743698],[1668.2084181801765,121.75725007522851],[1670.3180336738587,124.03309322334826],[1672.4765114112524,126.39184748008847],[1673.302799166704,127.29488481208682],[1674.5994370202534,128.78238918446004],[1676.2080699463258,130.62800509110093],[1676.686457173084,131.20422247704118],[1678.7285444083973,133.66453385353088],[1679.032078982389,134.0301162675023],[1680.7195913200849,136.1660639513284],[1681.7731994232163,137.49951717350632],[1682.6731776124216,138.69690186530352],[1684.4296638855012,141.0340114152059],[1684.588807914639,141.25662204343826],[1686.447579732223,143.85825210250914],[1687.0002009479795,144.631616005674],[1688.261793941143,146.49065535049886],[1689.4830434410833,148.29006385989487],[1690.0367100166623,149.14988698717207],[1691.7677827501902,151.83805557526648],[1691.8768484732136,152.00758388917893],[1694.1803461682866,155.7816275767982],[1705.8296696300968,155.89260602742434],[1727.4499819513876,156.09840406104922],[1734.7419629305368,156.16767168045044],[1806.662012408604,156.85225127264857],[1807.8317819691147,156.86338160000741],[1819.2797345842118,156.9723287206143],[1831.4663973717834,157.43872382398695],[1907.6333062851336,160.35333479754627],[1936.2653063599137,161.44914726167917],[1935.6763667261112,160.92386567313224],[1931.704227146518,156.72432067524642],[1928.9039597083465,155.4017985071987]]]]}},{"type":"Feature","properties":{"PIN":"2202820440019","TAXPIN":"22.028.20.44.0019               ","Acres_Poly":16.59,"USE1_DESC":"105","USE2_DESC":"","PLAT_NAME":"","BLOCK":"","LOT":"","YEAR_BUILT":1979,"SITUS_ADDRESS":"3787 ST CROIX TRL S, CITY OF AFTON","BLDG_NUM":"3787","CITY":"CITY OF AFTON","ZIP":"55001"},"geometry":{"type":"Polygon","coordinates":[[[1604.8160188773763,19.502433485351503],[1606.887552811706,24.76181709114462],[1606.9971509755705,25.026360959745944],[1607.0583996337373,25.173990534618497],[1607.0995607711375,25.273283009417355],[1607.206973906781,25.532589725218713],[1609.0513950568275,29.98383318632841],[1609.2799638291472,30.509269380010664],[1609.36407372565,30.702415538020432],[1609.407574053097,30.80227970238775],[1609.4932341268286,30.99931811913848],[1611.3068398594623,35.167066221125424],[1611.611143577029,35.83387819491327],[1611.6635407354333,35.94903572648764],[1611.8626252365066,36.38524868246168],[1611.9964061346836,36.67834587208927],[1613.6530411133426,40.30953471828252],[1613.947265111201,40.92549088597298],[1614.1471061202465,41.34382013604045],[1614.4227079670527,41.92056258395314],[1614.608017830411,42.30838430393487],[1616.0896468011197,45.4101775418967],[1616.37201744708,45.97541466169059],[1616.7298136657337,46.69171186815947],[1617.0870457256678,47.406735034659505],[1617.3270817680168,47.88723955489695],[1618.615739898698,50.46701304242015],[1618.884552815638,50.9823042890057],[1619.4108870634227,51.99115383718163],[1619.8544390338357,52.84128883201629],[1620.152681062289,53.41285934578627],[1621.2304020758602,55.47855442762375],[1621.4821773343137,55.94551657885313],[1622.1823063147604,57.24382162094116],[1622.713313966815,58.22864716872573],[1631.0319425694179,52.45383309293538],[1667.0096044776728,27.4777768580243],[1706.5909632961775,0.0],[1647.5294242233026,0.0],[1664.924523309106,25.671937835402787],[1629.6068234699778,49.764403126202524],[1624.0871857052553,38.82965792994946],[1618.9485051682568,27.5328871011734],[1614.2026930529391,15.900272453203797],[1608.1011995298584,0.0],[1597.3323072503078,0.0],[1604.8160188773763,19.502433485351503]]]}},{"type":"Feature","properties":{"PIN":"2202820440020","TAXPIN":"22.028.20.44.0020               ","Acres_Poly":1.91,"USE1_DESC":"100","USE2_DESC":"","PLAT_NAME":"","BLOCK":"","LOT":"","YEAR_BUILT":2025,"SITUS_ADDRESS":"3880 RIVER RD S, CITY OF AFTON","BLDG_NUM":"3880","CITY":"CITY OF AFTON","ZIP":"55001"},"geometry":{"type":"Polygon","coordinates":[[[1736.6846172380028,27.753699326887727],[1791.8683971305727,50.74446685984731],[1794.4436303318362,51.817293220199645],[1818.736022220723,0.0],[1748.2172703811837,0.0],[1736.6846172380028,27.753699326887727]]]}},{"type":"Feature","properties":{"PIN":"2302820220001","TAXPIN":"23.028.20.22.0001               ","Acres_Poly":3.08,"USE1_DESC":"300","USE2_DESC":"","PLAT_NAME":"","BLOCK":"","LOT":"","YEAR_BUILT":null,"SITUS_ADDRESS":"16071 31ST ST S, CITY OF AFTON","BLDG_NUM":"16071","CITY":"CITY OF AFTON","ZIP":"55001"},"geometry":{"type":"Polygon","coordinates":[[[1860.3480695592007,1151.871460181661],[1819.2957374871476,1150.275295577012],[1819.3001570310444,1301.0274731302634],[1829.736423854134,1377.1159269968048],[1876.118723645166,1378.9356302171946],[1891.5761817442835,1379.539884048514],[1868.3383812609245,1210.1268823063],[1860.3480695592007,1151.871460181661]]]}},{"type":"Feature","properties":{"PIN":"2302820220002","TAXPIN":"23.028.20.22.0002               ","Acres_Poly":3.31,"USE1_DESC":"300","USE2_DESC":"","PLAT_NAME":"","BLOCK":"","LOT":"","YEAR_BUILT":null,"SITUS_ADDRESS":"16052 32ND ST S, CITY OF AFTON","BLDG_NUM":"16052","CITY":"CITY OF AFTON","ZIP":"55001"},"geometry":{"type":"Polygon","coordinates":[[[1819.2904427752947,970.1360352849588],[1819.2906990856281,977.9014430036768],[1819.2957374871476,1150.275295577012],[1860.3480695592007,1151.871460181661],[1906.013760387199,1153.6472313934937],[1881.906356457097,977.8873850740492],[1881.171982046857,972.5423131641],[1828.055383866129,970.476904636249],[1819.2904427752947,970.1360352849588]]]}},{"type":"Feature","properties":{"PIN":"2302820220003","TAXPIN":"23.028.20.22.0003               ","Acres_Poly":19.63,"USE1_DESC":"300","USE2_DESC":"","PLAT_NAME":"","BLOCK":"","LOT":"","YEAR_BUILT":null,"SITUS_ADDRESS":"16071 31ST ST S, CITY OF AFTON","BLDG_NUM":"16071","CITY":"CITY OF AFTON","ZIP":"55001"},"geometry":{"type":"MultiPolygon","coordinates":[[[[2103.4082048613927,1371.931552217342],[2103.632555652177,1371.165440143086],[2105.5279960949556,1369.9398178458214],[2107.988306663872,1368.088746911846],[2109.4304811064503,1366.9782235873863],[2110.4176777364337,1365.4153120759875],[2110.695365553838,1363.713484192267],[2111.2591744371457,1362.7759134406224],[2112.3622731725336,1362.0351743130013],[2113.3775749722263,1360.3870999477804],[2114.842752396071,1357.660632471554],[2117.00647533912,1351.9264151919633],[2121.4047958988813,1344.6251993440092],[2128.289886741608,1334.9624609583989],[2135.7717094146064,1325.6092290990055],[2141.1400815027882,1320.1761686522514],[2145.77330780786,1315.3691525151953],[2150.6106353922514,1312.0922730928287],[2155.928783979325,1308.5870049027726],[2161.9250261476263,1304.3709354139864],[2166.9301947313943,1300.384827643633],[2168.8797383976635,1298.4502994567156],[2169.8109352096217,1297.1713593611494],[2170.542321136745,1295.4392375256866],[2171.2439340807614,1293.1856285976246],[2171.2464959059143,1291.941812036559],[2170.6281002525357,1290.0748742083088],[2169.8838328965358,1288.9540406651795],[2167.277103763132,1285.8392361728474],[2163.4263634665986,1282.4732154347003],[2162.6812838311307,1281.7253572735935],[2157.336879358918,1278.6050249226391],[2151.2523059956147,1275.374738545157],[2149.802425608039,1274.1889950679615],[2148.9756080764346,1272.8592875283211],[2147.6392629735637,1271.7012790711597],[2145.992792261357,1271.1113247973844],[2144.375093972776,1270.606477838941],[2138.7766791884787,1267.2126346621662],[2136.165894990496,1266.0878910114989],[2134.7993785761064,1264.9656362524256],[2133.682381956256,1263.4709443105385],[2129.45662043785,1260.9747562054545],[2125.354850508098,1258.7274208292365],[2123.552135674574,1258.3721259329468],[2121.7917307428434,1257.6125858491287],[2120.1750179057126,1257.419587762095],[2118.531874112552,1257.737040902488],[2116.8616043745424,1258.508045756258],[2115.1638427487924,1259.47758707311],[2113.6082288479665,1260.6453512469307],[2112.0554222619976,1262.5502465814352],[2111.0118800406926,1264.1981983790174],[2109.9979169209837,1266.1295166825876],[2108.887914816267,1266.665700267069],[2107.9318453503656,1267.2138963807374],[2106.3487364928005,1268.6083981078118],[2103.185599181219,1272.191217851825],[2100.2776205584523,1275.8300768677145],[2095.7885379871586,1281.4306487971917],[2090.540337296843,1288.9046359015629],[2085.0890496467473,1295.0755062866956],[2083.6205647028983,1296.7530395807698],[2081.8937219309155,1297.4959758091718],[2080.1705915776547,1299.3731911685318],[2079.2129018716514,1301.2192055173218],[2073.847203757963,1307.531242360361],[2068.5140880782274,1315.0057626478374],[2064.565149065864,1321.0581652671099],[2058.7791808025213,1328.7890692725778],[2056.357335273118,1333.6737636532634],[2054.803563715366,1335.2949414886534],[2050.904931062367,1339.4476110450923],[2047.1223112205043,1344.3083783695474],[2043.8167345028487,1347.7218734119087],[2040.2848097843234,1351.36269220151],[2035.4589808970923,1357.8714681640267],[2031.3396235991386,1363.8676914954558],[2028.1501915514236,1368.1027194643393],[2025.748299341416,1370.4641405828297],[2024.2762352488935,1371.1494668070227],[2022.831743550545,1371.579646639526],[2020.1375388134038,1371.3052211692557],[2015.9436012941878,1369.7646743450314],[2011.0010841524927,1367.8993036206812],[2008.2646485992009,1367.2716559451073],[2005.7466333127813,1366.3854938382283],[1999.8736184064182,1365.1643146891147],[1995.5226240190095,1363.2452909285203],[1994.1545732321683,1362.8693789634854],[1992.7868605307885,1362.3689317032695],[1991.4193430422456,1361.7443021396175],[1989.4297902006074,1360.993941870518],[1988.3522201162414,1362.0278775086626],[1978.6333808321506,1372.0970699619502],[1973.967606426857,1367.293153109029],[1979.562681101379,1361.8307116450742],[1980.0700137979002,1360.9216009750962],[1979.977424257493,1358.6113455388695],[1979.1095961190877,1356.9927007239312],[1978.2416429044097,1355.498379859142],[1976.7597491660854,1354.553690017201],[1975.194306265039,1352.801405816339],[1974.847184747341,1350.6759190903977],[1975.3501595231937,1348.5763450749218],[1978.956726735807,1341.9299152409658],[1985.3619293491356,1332.8357477597892],[1991.909913879179,1324.0530925085768],[1994.6477446526405,1320.4148808903992],[2000.3746027028537,1311.8618865627795],[2006.7258535947767,1303.6183931343257],[2011.2374095826526,1296.3168607903644],[2013.465198696591,1292.7369084181264],[2015.4721118565067,1290.9439179655164],[2020.521059714083,1283.2437201533467],[2024.2996249451535,1277.2201943611726],[2024.917183727317,1275.318815935403],[2026.3317794298637,1274.52009373717],[2027.5764704142348,1273.637012174353],[2029.9754072315409,1270.36858152505],[2031.4755927640363,1269.6260714046657],[2033.6205591379548,1266.7270297529176],[2037.2569827747066,1260.5625262018293],[2043.5509947372484,1252.1493558073416],[2048.040134579409,1246.4923193212599],[2050.72354742029,1243.562933780253],[2052.5032772385166,1241.6858484596014],[2056.6621864436893,1239.0632793447003],[2060.220595262712,1234.9687800575048],[2062.4199875416816,1231.4172877585515],[2069.990186249139,1223.0565665131435],[2076.3509758086875,1217.6197112966329],[2079.5450841898564,1214.8022627793252],[2085.9575224055443,1207.8059804793447],[2091.469311545021,1202.8542238995433],[2096.808922696626,1197.2510270467028],[2104.6394074193668,1190.4486796353012],[2108.256998890487,1187.0627022525296],[2114.900064609421,1181.2565402192995],[2119.481615097844,1177.8953945832327],[2123.5278396160575,1175.528611750342],[2128.1196117636864,1175.173000017181],[2130.5877660958213,1175.5899183563888],[2140.502554251754,1181.5385150825605],[2154.7953822038835,1191.0732453269884],[2170.1147045428515,1202.2206363994628],[2184.102702338656,1213.769389955327],[2195.616761210724,1223.228257952258],[2200.4827845058753,1228.4852790655568],[2204.1796057009487,1231.761657556519],[2210.0907418433344,1235.966010416858],[2213.355853876332,1237.2876670705155],[2216.3925450838287,1238.269854822196],[2219.1999584988225,1238.373632920906],[2221.5496395165683,1237.4016688168049],[2223.696426087816,1234.9846506118774],[2229.311400153907,1226.9988600760698],[2232.9530541948043,1222.3084157267585],[2235.297342598322,1219.692125341855],[2237.6728346671443,1217.9266330488026],[2239.8544432551716,1217.5222700471058],[2241.9825044007157,1217.9686846500263],[2244.2554806188564,1219.435067428276],[2246.2780368051026,1222.291967118159],[2248.8651697016903,1224.3812053781003],[2253.094283880724,1225.7562194112688],[2256.4956673818524,1225.546274671331],[2259.185449897719,1224.45990934968],[2261.445634801057,1222.1275334563106],[2263.476718468941,1219.087012422271],[2265.475034297793,1214.6856557279825],[2266.8533584342804,1211.4206166639924],[2268.324368037982,1208.8525321632624],[2270.3796010453952,1204.5420104628429],[2271.6671503533144,1199.6328923851252],[2272.220929471194,1195.6616605538875],[2272.5232076912653,1192.853988636285],[2272.091770044004,1191.0408215401694],[2269.6382434433326,1186.4843172673136],[2265.995135627454,1182.3008350022137],[2264.5151743297465,1180.6047189161181],[2263.631631751079,1179.2751741399989],[2263.1153767803917,1177.433921563439],[2263.0542864391464,1176.1584539217874],[2263.051575724676,1175.3927579335868],[2262.687628103362,1173.2532965475693],[2262.211053392093,1170.0615759873763],[2262.1687984248274,1168.6166653484106],[2261.5434809703147,1167.2331940028816],[2259.761630659632,1164.1656627357006],[2256.847774830938,1159.108299786225],[2254.4606198324473,1156.6307706916705],[2251.4862244116957,1153.8253578208387],[2249.1009349572705,1151.5701268091798],[2245.617143922078,1147.8528633918613],[2242.3869708655984,1144.4664515210316],[2239.9646270844387,1141.2941677076742],[2237.1732208977337,1137.3198330942541],[2233.9547767483164,1132.3489126879722],[2231.636956156406,1128.508689854294],[2228.9729329063557,1123.3934046560898],[2226.657129744359,1119.7197807291523],[2223.6637217323296,1115.0244942568243],[2220.3954984057345,1110.610116747208],[2217.805485933961,1107.3561500916258],[2215.8895297221025,1104.762792156078],[2215.0110628681723,1103.075884877704],[2213.6286175646237,1101.0330506181344],[2210.781989245035,1097.114531219937],[2208.6078143366612,1093.7177258189768],[2206.554232860857,1091.2645027423277],[2205.9260430623544,1089.6030200002715],[2204.3930348895956,1086.4219294507056],[2203.5730891093262,1085.0127484835684],[2202.476445159933,1083.7451605731621],[2201.1389729590737,1083.4249700745568],[2193.866158840887,1078.8283878099173],[2188.807340028463,1076.0440332805738],[2184.367460220179,1074.0036857193336],[2183.3048767758883,1073.3473110832274],[2182.655971149099,1072.4087778599933],[2180.5397040608223,1072.0130848642439],[2179.6712419916876,1071.3269915170968],[2173.810893621354,1068.9952153414488],[2166.6647694333806,1065.9538712287322],[2161.6143520421465,1064.0031126011163],[2156.3321205886314,1061.1097381561995],[2149.2400594034116,1057.873404015787],[2142.8442815727904,1054.8241713549942],[2137.147581418918,1052.185331882909],[2131.5333108899067,1049.4342662449926],[2128.7063200675766,1047.461201293394],[2127.6657443614095,1046.2489048056304],[2126.504088428628,1041.2850123560056],[2125.4785713860765,1038.7937547238544],[2123.2255242161336,1035.842456990853],[2120.8702477879706,1033.8091175099835],[2118.833399552095,1033.0234209494665],[2114.5446651921957,1032.2047774000093],[2109.812287248962,1031.4739838438109],[2107.864344962407,1031.2432513069361],[2103.0342037672526,1031.847532670945],[2095.3652025500196,1032.091496648267],[2089.808374846296,1032.3413789886981],[2085.3354106658953,1032.5253096306697],[2081.9256049252,1033.421163178049],[2080.3716244309326,1033.686929221265],[2078.085397334129,1035.7387559972703],[2074.2529926833813,1038.86257731542],[2071.889634058927,1041.554295539856],[2069.844086836907,1045.4383051656187],[2068.1554307722254,1048.9019482322037],[2067.622465670749,1051.1865778192878],[2067.6553648125264,1054.465979524888],[2068.3817718900973,1057.6271817628294],[2070.081452970626,1060.8066582242027],[2072.6378974996624,1063.5051452787593],[2073.732199114049,1064.5501297023147],[2075.3291641511605,1065.8127029137686],[2077.8389181203675,1066.621513103135],[2079.7046308530844,1066.9642543708906],[2082.9033612470957,1067.2098420597613],[2085.4398003800306,1067.9073326354846],[2087.6238047931693,1069.497568367049],[2089.308489223651,1071.203914749436],[2090.9953317418112,1073.1324919406325],[2094.2138502364396,1078.0756778046489],[2098.2053573300946,1088.0974317397922],[2100.5319690805627,1095.6067561283708],[2102.3092363853357,1101.0088866157457],[2104.3131698312936,1106.7979796612635],[2108.2381077438476,1115.7084670877084],[2111.9870301205083,1123.7037012707442],[2114.800598923757,1129.8737740647048],[2116.140143168217,1133.1682310095057],[2116.4263048796565,1133.9989566178992],[2115.5048061359557,1136.3429928747937],[2114.5040114573203,1139.1046806015074],[2112.3449628119706,1142.76749859564],[2109.761790943856,1145.7119511691853],[2106.351961818931,1149.3871096633375],[2102.939628285123,1152.8123317379504],[2100.127922382904,1155.1475220741704],[2096.6804825539,1157.8225785763934],[2094.201492208347,1160.0710339117795],[2088.79792819469,1164.4889081930742],[2085.163200782903,1167.9162101335824],[2082.969609708409,1169.2522448217496],[2077.9399816321093,1174.2309371381998],[2076.0452120738337,1175.711341721937],[2070.049441705458,1180.069505018182],[2065.8395384797477,1184.3932426506653],[2058.457772747439,1189.748119729571],[2051.0789490155876,1195.9537945268676],[2047.0941498382017,1199.7377214357257],[2043.7863681790768,1202.5276002287865],[2040.5620411012787,1204.778271115385],[2039.0064282474923,1205.9458512552083],[2036.5975673351204,1206.1806668359786],[2033.791539250873,1206.473773919046],[2030.591380445927,1207.5335437431931],[2027.3944795944262,1209.5856105955318],[2026.0361866409658,1210.3557268707082],[2023.9964183205739,1210.8161746691912],[2019.429380640213,1210.0945400027558],[2010.575589732558,1207.629221293144],[2003.2550544486148,1205.9811919722706],[1990.9130327168969,1203.1876500640064],[1985.9189939685166,1202.0422077607363],[1983.3933262929786,1201.2851453674957],[1981.4606852726429,1199.9024718208238],[1979.7826839035843,1198.3488765424117],[1978.7268991657766,1196.3109682304785],[1976.9350930639193,1186.280583165586],[1976.7495513166068,1181.659945548512],[1976.066127592465,1180.8116151802242],[1975.892983900325,1179.9332162179053],[1976.2018345716642,1178.968339059502],[1976.104047787434,1175.2262176768854],[1975.4618133152253,1169.7566540334374],[1974.3372048955061,1164.1466764882207],[1973.6206656038994,1162.2241822704673],[1973.6929726857925,1161.1117143062875],[1973.8398873198894,1159.1367837116122],[1972.6516305019031,1148.7534417929128],[1971.3500764297787,1138.1209065299481],[1971.0758002450457,1132.953837569803],[1970.315689476265,1129.2090449342504],[1970.2144190284307,1127.403349937871],[1969.8677183320397,1120.541482647881],[1969.464833595266,1116.404237287119],[1969.076835456537,1110.9879719968885],[1967.3727803428774,1099.02567571681],[1966.2885046747397,1090.6700344551355],[1965.4012805572129,1082.5627990495414],[1964.8141097098705,1079.4557877397165],[1964.5480472996715,1077.8739772848785],[1964.6778414508444,1076.955390385352],[1965.5573015687987,1075.973737794906],[1966.6337508197175,1075.2124409656972],[1968.212724776473,1074.6688652513549],[1973.1700365471188,1072.867969780229],[1977.8376529210946,1072.6820165589452],[1985.6614061723812,1071.241754568182],[1998.9756032970618,1068.4957177536562],[2010.793882928614,1066.2925092438236],[2015.706216280174,1065.520868325606],[2019.2242000699043,1064.3460126398131],[2021.5676104169688,1062.4323016684502],[2023.2348120286479,1059.5970323979855],[2024.713969001663,1054.6626899773255],[2025.0429607330007,1051.435164774768],[2024.6629843609408,1049.5768077960238],[2023.1028498684173,1046.4239409025759],[2021.498266459559,1044.410707872361],[2019.955002671224,1042.9808431342244],[2018.554100540874,1041.8555127168074],[2015.84846195922,1040.909772737883],[2012.2871088215616,1040.5283693820238],[2006.219117908855,1039.6718826489523],[2003.0402177240467,1038.6475347634405],[2001.3463579049567,1036.0519197797403],[2000.2058889644104,1033.1726032169536],[1999.7345091521274,1027.7295334646478],[1998.9812379971263,1024.679506327957],[1998.450032013061,1021.5997582022101],[1998.9907144671888,1014.5344295846298],[1999.088417677267,1010.4197498206049],[1998.8699037976912,1005.2520926045254],[1998.8320873061311,1001.4722882257774],[1998.8064088912797,998.9156138477847],[1999.1746363071143,996.8270822064951],[1999.5067539332085,993.9332301709801],[2000.1821050542057,991.9639962539077],[2001.1696950664045,990.6589712714776],[2002.161903612956,989.8207501135767],[2004.8190410578973,988.7099755257368],[2006.8156271473272,988.2454295875505],[2011.894479958224,987.4716132422909],[2016.593867812131,987.6747410511598],[2021.6534262785572,987.7632144037634],[2025.326169943437,988.1655684029683],[2029.2177993226796,987.6482962463051],[2037.198709666205,988.0242139836773],[2044.7855398367974,987.8925527557731],[2052.346935908252,988.0114029785618],[2058.135416587058,988.7038292149082],[2064.6813798096264,990.1115190302953],[2068.469424369803,990.9352714326233],[2071.3326188747305,990.9621660448611],[2073.9956223851186,990.4350668629631],[2078.5398977878504,989.0277256947011],[2080.450716812804,988.3134570913389],[2082.812413326057,986.0052420133725],[2083.1848802478053,984.3225145991892],[2082.830149491434,982.2359675439075],[2082.091340743529,980.6035007899627],[2081.9309701958555,980.3493102062494],[2052.290035560087,979.1961339199916],[2017.8440472685616,977.8567800959572],[1994.987223860342,976.9680176135153],[1881.171982046857,972.5423131641],[1881.906356457097,977.8873850740492],[1906.013760387199,1153.6472313934937],[1914.0040806394536,1211.9026271505281],[1868.3383812609245,1210.1268823063],[1891.5761817442835,1379.539884048514],[1947.1645203660592,1381.7189241638407],[2097.128383429488,1387.5971823288128],[2098.269589826872,1386.6635240251198],[2099.0881086133304,1385.5267012575641],[2099.365587323904,1383.796182045713],[2100.0624137881678,1380.1933241002262],[2101.045484716189,1377.4397466368973],[2101.6678149052314,1377.0409808708355],[2102.965040354582,1374.9667079253122],[2103.553634262411,1372.9519175831228],[2103.4082048613927,1371.931552217342]]],[[[2485.3089875572477,1371.3380684750155],[2480.6782878881786,1368.58441702649],[2477.1270863328245,1366.470104756765],[2474.4023540360504,1365.6286980677396],[2472.1332682154025,1365.2958983639255],[2466.6061597474036,1365.7685141367838],[2463.23137238872,1365.4677602555603],[2458.7835701827426,1366.2694360017776],[2455.274297167314,1368.597429992631],[2450.210385775834,1369.3654465256259],[2446.3140410413616,1370.5251724701375],[2442.804491639952,1372.8530295714736],[2439.189861845807,1372.7052764818072],[2435.019775284978,1373.3312560329214],[2429.155934682756,1374.882233247161],[2423.7484174364363,1377.0831767069176],[2421.5733756819973,1379.5005616797134],[2418.2777802989585,1385.8622421445325],[2413.4907612059033,1395.5746767139062],[2410.837560462707,1399.894105143845],[2461.300432174641,1401.8720209524035],[2468.532247074938,1392.6746326377615],[2485.3089875572477,1371.3380684750155]]]]}},{"type":"Feature","properties":{"PIN":"2302820220004","TAXPIN":"23.028.20.22.0004               ","Acres_Poly":0.65,"USE1_DESC":"100","USE2_DESC":"","PLAT_NAME":"","BLOCK":"","LOT":"","YEAR_BUILT":1955,"SITUS_ADDRESS":"16053 31ST ST S, CITY OF AFTON","BLDG_NUM":"16053","CITY":"CITY OF AFTON","ZIP":"55001"},"geometry":{"type":"Polygon","coordinates":[[[1914.0040806394536,1211.9026271505281],[1906.013760387199,1153.6472313934937],[1860.3480695592007,1151.871460181661],[1868.3383812609245,1210.1268823063],[1914.0040806394536,1211.9026271505281]]]}},{"type":"Feature","properties":{"PIN":"2302820230001","TAXPIN":"23.028.20.23.0001               ","Acres_Poly":0.78,"USE1_DESC":"958","USE2_DESC":"","PLAT_NAME":"AFTON","BLOCK":"9","LOT":"","YEAR_BUILT":null,"SITUS_ADDRESS":"","BLDG_NUM":"","CITY":"CITY OF AFTON","ZIP":""},"geometry":{"type":"Polygon","coordinates":[[[2014.6215019304655,724.2594152474776],[2012.6408177544363,715.2179448725656],[2010.3228957276442,708.5705363852903],[2007.258010504942,699.5122442403808],[2003.9739714674652,690.7618208955973],[2001.406844981655,684.2280841646716],[1997.846397446061,678.426571671851],[1994.3042595005827,671.6523873144761],[1990.2431996743544,665.8005224820226],[1984.4034778536297,659.966658981517],[1977.0588376096566,648.1995714884251],[1974.4837629074464,644.1611004164442],[1972.286461382988,640.7150195306167],[1970.6789002008154,638.3961564134806],[1949.374675631174,637.5454483022913],[1950.2483926240238,641.1925761373714],[1951.7348720024456,648.4662560550496],[1954.410417023406,655.3743061339483],[1958.408590369043,666.465708929114],[1960.6368688400835,672.8484599199146],[1961.6525424519787,677.2113021351397],[1963.0294202603982,682.3657491952181],[1966.9970995911863,690.4095969777554],[1969.0721857335884,694.7174797672778],[1970.658730524301,698.76560624782],[1972.7308191893972,702.7646482521668],[1974.5807667943882,706.6331645809114],[1976.1234943178133,710.7258397974074],[1977.2579808798619,713.7182356547564],[1976.9359030702035,716.8577346820384],[1976.1793562779785,719.8337582536042],[1975.3616225625155,722.8544295039028],[1975.084440907347,726.0464949887246],[1973.2764076730236,726.3646962493658],[1970.3048242850928,725.1491780243814],[1968.1171889044344,722.8298328761011],[1965.9441815660684,721.994510605],[1964.923229632317,724.1603904655203],[1964.3223791241762,727.6561641786247],[1963.386200777837,729.554230988957],[2014.2209063100163,731.5153748029843],[2017.2857501144754,731.6335544297472],[2014.6215019304655,724.2594152474776]]]}},{"type":"Feature","properties":{"PIN":"2302820230002","TAXPIN":"23.028.20.23.0002               ","Acres_Poly":0.36,"USE1_DESC":"958","USE2_DESC":"","PLAT_NAME":"AFTON","BLOCK":"10","LOT":"","YEAR_BUILT":null,"SITUS_ADDRESS":"","BLDG_NUM":"","CITY":"CITY OF AFTON","ZIP":""},"geometry":{"type":"Polygon","coordinates":[[[1956.954351088556,521.9779473133385],[1952.0618006003788,521.7892433209345],[1951.5721359180752,523.0395935755223],[1951.363875175186,523.3605195144191],[1951.155472408107,523.681515741162],[1950.9470694693155,524.0025826497003],[1950.738808404887,524.3236499363557],[1950.6832536570728,524.4091028887779],[1950.5484636827605,524.6551569104195],[1950.3645620163297,524.9908519275486],[1950.1805896348087,525.3264760561287],[1949.8987500589574,525.8408176191151],[1949.6711824150989,526.3243447290733],[1949.44354407012,526.8078009262681],[1949.2726189454552,527.1708873445168],[1949.2217855928466,527.2938884878531],[1949.0175249865279,527.7877991115674],[1948.813335339306,528.2817098926753],[1948.7108836914413,528.52947722096],[1948.6211206574226,528.7799650589004],[1948.44087921537,529.283200792037],[1948.2606381843216,529.7862951178104],[1948.2151128869737,529.9135518819094],[1948.0986092581297,530.2953765345737],[1947.9428163545672,530.8065247656778],[1947.786308655457,531.3197209779173],[1947.474507986335,532.3690195372328],[1947.18761540798,533.3351147845387],[1947.1600852364209,533.4175332672894],[1946.8133474174538,534.4558509252965],[1946.521741134522,535.3292610272765],[1946.4611537190503,535.492174398154],[1946.0799074030365,536.5183813320473],[1945.7894716337905,537.3001119149849],[1945.690513643087,537.541243724525],[1944.9914518082514,539.2452658461407],[1944.6285742243053,540.0364135578275],[1944.2655541116255,540.8278435561806],[1943.995286610676,541.4171447930858],[1943.8931142545189,541.6142998132855],[1943.4926946731284,542.387320196256],[1943.092274995579,543.1604112023488],[1942.8962722528377,543.5386975677684],[1942.6733004162088,543.9232021328062],[1942.236337196955,544.6761186672375],[1941.6970453426475,545.6054073879495],[1941.1778778093867,546.410763785243],[1940.6584972429555,547.2162609184161],[1940.3387630855432,547.7122610602528],[1940.1253827110631,548.0122486269102],[1939.5699672266492,548.7931193811819],[1939.0145516890334,549.574060770683],[1938.885754887946,549.7550266971812],[1938.432167832565,550.334783051163],[1937.3410823059967,551.7294007418677],[1937.2734217447578,551.8066208753735],[1937.20569025859,551.8838408198208],[1937.0825362157193,552.0240350589156],[1938.5233086799853,552.8503181235865],[1943.500646543398,555.8484481684864],[1945.242857623729,557.7744619799778],[1945.6299042032915,561.1275273580104],[1946.4324395198491,566.2877888064831],[1948.6369402790442,570.285283989273],[1949.6727885217988,572.2628921801224],[1949.4996383974212,577.03525475692],[1948.915411125403,583.9761142972857],[1947.3897255135234,585.1222100984305],[1943.2742649421562,584.3682805597782],[1940.0004330404336,583.8710365174338],[1938.9934800569317,584.7647703085095],[1938.2937724661315,585.4783756695688],[1935.9127610420692,585.8997320029885],[1933.8831820192281,586.1410094322637],[1932.6949978101766,586.5947183333337],[1932.5692932860693,587.258346196264],[1933.4654830663349,588.5306020556018],[1935.9617651427398,590.8024682868272],[1939.0296652741963,592.803805988282],[1943.7711596416775,594.3020694255829],[1946.209272276028,595.1610916890204],[1947.1665216688416,598.1109965415671],[1947.821850591572,601.8150943526998],[1947.631593261147,604.8649505777285],[1946.061461225967,606.8682184210047],[1944.5824636054458,609.1359619032592],[1943.3348723467789,612.4615301964805],[1943.2962545808987,612.9193376628682],[1947.2404791136505,613.0715345470235],[1961.544745881576,613.6232683863491],[1959.4891695936094,606.2660778742284],[1958.00597572868,596.9419982871041],[1956.8525819166098,587.2529913084581],[1956.2357692085207,578.392610677518],[1956.8375623167376,571.8824935154989],[1957.9357628005673,567.7580132186413],[1960.050981118402,562.48336877767],[1962.3770862604724,558.8245098059997],[1964.3481150041334,555.8528335243464],[1964.801025993831,553.8749418212101],[1964.4468551359023,551.7939191740006],[1963.6261543241562,550.356658661738],[1961.3543589992914,545.5432241884992],[1961.9394565213588,540.1453056177124],[1965.6504222035292,533.2427772535011],[1971.465989582939,525.5408123042434],[1973.741157675744,522.6255799531937],[1956.954351088556,521.9779473133385]]]}},{"type":"Feature","properties":{"PIN":"2302820230004","TAXPIN":"23.028.20.23.0004               ","Acres_Poly":0.74,"USE1_DESC":"958","USE2_DESC":"","PLAT_NAME":"AFTON","BLOCK":"4","LOT":"","YEAR_BUILT":null,"SITUS_ADDRESS":"","BLDG_NUM":"","CITY":"CITY OF AFTON","ZIP":""},"geometry":{"type":"Polygon","coordinates":[[[1879.470729279099,726.3168453173712],[1878.998271063203,724.9596009682864],[1877.8567205869476,722.9920859951526],[1877.3977180913207,721.2739543560892],[1876.4468026565155,718.9422125834972],[1875.0943051608047,716.2172204209492],[1872.1540719354525,709.3117361729965],[1869.3096399501082,703.2000281969085],[1867.3228585734614,694.4738903278485],[1862.7438148198416,687.1430317135528],[1861.052210553491,681.4175345618278],[1858.7585639721947,677.3324590288103],[1857.8408487309935,673.9402124099433],[1857.6920353013556,667.8900980390608],[1857.722073308425,662.0590938776731],[1858.1646457568859,657.7700260141864],[1860.689009744674,653.9899964602664],[1859.3796997392783,646.7588101224974],[1857.31999249605,639.5792455235496],[1857.5067600170732,636.1762417862192],[1857.0161885408452,633.9824213217944],[1831.4673051377758,632.996614286676],[1831.470033543359,724.4650501739234],[1879.470729279099,726.3168453173712]]]}},{"type":"Feature","properties":{"PIN":"2302820230005","TAXPIN":"23.028.20.23.0005               ","Acres_Poly":4.52,"USE1_DESC":"300","USE2_DESC":"","PLAT_NAME":"AFTON","BLOCK":"5","LOT":"","YEAR_BUILT":null,"SITUS_ADDRESS":"16065 32ND ST S, CITY OF AFTON","BLDG_NUM":"16065","CITY":"CITY OF AFTON","ZIP":"55001"},"geometry":{"type":"MultiPolygon","coordinates":[[[[1995.9773167840904,907.9762584585696],[1992.7236955845146,905.0350944874808],[1990.312724878313,903.0021767197177],[1988.551961461082,902.019411008805],[1978.7416784412344,902.1454611225054],[1961.939138484362,903.508764827624],[1946.2991438449244,904.3605395006016],[1929.6630866540363,905.666629306972],[1915.2165112954099,906.3395560188219],[1900.2981384873274,907.0726651605219],[1885.491184064711,907.860324267298],[1870.7371126883081,908.3695944035426],[1854.3162297055824,908.9510291712359],[1847.8667620437918,908.8768271682784],[1845.2524969381047,908.7084157466888],[1844.549464648182,907.8816403979436],[1842.6356761360657,899.9792410237715],[1841.1730191887473,887.1524177473038],[1839.7344856048585,876.743887794204],[1838.789683727373,871.2222374118865],[1841.5521412912058,866.7471492020413],[1858.0866511000204,866.3868015110493],[1869.6129059357336,866.3666245387867],[1832.6518202951993,864.7673559980467],[1831.474130689341,864.7164753293619],[1831.4766903580166,956.1848774049431],[1844.3375017948565,956.6809853455052],[1922.8771622069762,959.7110179318115],[1947.2505917312228,960.6514147482812],[2048.1019994390663,964.5421057436615],[2045.9521213903208,963.3990942901],[2042.3238941315212,961.9066270198673],[2036.6229621316306,958.8230173354968],[2031.4425200735568,955.0115861641243],[2028.5813087769202,952.3996061524376],[2026.2021462091943,950.7556063914672],[2024.3553416081122,949.5234442716464],[2022.7909533830243,948.7332576476038],[2022.0071621248499,945.4055328620598],[2019.9759334470145,939.6447330443189],[2019.0075669481885,937.3195744603872],[2017.7643862389377,935.3029091097414],[2016.2211709443363,933.845172053203],[2014.6956406508107,931.3867424055934],[2008.1799192899489,924.697820478119],[2003.9847657657228,919.3199581662193],[2000.098149481113,914.2445408562198],[1997.9757821738021,910.4579599015415],[1995.9773167840904,907.9762584585696]]],[[[2050.147185553622,821.7137993173674],[2049.1052186766756,817.5828153388575],[2047.5136765562347,814.096534579061],[2046.0140456130612,811.4712350489572],[2044.6924085106584,810.4954324346036],[2044.1940337193664,810.1275728000328],[2042.9669430775102,809.7228100961074],[2040.0848619244061,810.5854486208409],[2037.5404643225484,811.834029330872],[2035.9128796458244,815.8529211841524],[2034.4639029617538,821.037185691297],[2033.3026702702628,821.6603643707931],[2033.1573101864196,821.673893654719],[2026.2492015297757,822.314584937878],[2015.097985697852,821.7594182472676],[2003.8678256628918,821.6494424203411],[1993.8115212915582,822.1949549624696],[1981.0275427228771,822.3785952962935],[1966.741310388199,822.410455962643],[1951.9280098729068,822.5590350637212],[1935.5309315384948,822.751003104262],[1920.7711456854013,822.6765052946284],[1904.8123443957884,822.2251611137763],[1892.137762412487,822.2409027600661],[1878.7401034661452,822.1804995127022],[1867.318048057612,822.3507938776165],[1856.9186827336089,821.9547088183463],[1848.274464658578,821.9300099471584],[1842.9360464881756,821.761118219234],[1838.8148647196358,821.0242312615737],[1836.5507378097973,819.7405774518847],[1835.062499753083,818.2267411723733],[1834.332450434682,814.7318061105907],[1833.1717497665086,807.0719344383106],[1832.3358649346046,798.5474582035094],[1831.6646253347863,789.8264845432714],[1831.4718674381147,787.5276328828186],[1831.4733763149707,839.0310946395621],[1831.4732995288796,840.3249789196998],[1836.6112640213687,840.5231502261013],[1845.7082067663432,840.8741316702217],[1922.8737933625816,843.8510280204937],[1947.247167181049,844.791437972337],[2040.6154726889217,848.3934833379462],[2051.818395003793,848.8257007217035],[2052.243602996052,845.0961917024106],[2051.226568906277,837.9075373504311],[2050.2809487725026,829.5229401746765],[2050.627513801912,825.2946647908539],[2050.147185553622,821.7137993173674]]],[[[2045.6705443614046,763.3057969519868],[2044.269632571435,759.4287619451061],[2042.325771154603,756.9911740999669],[2020.0625722005498,756.1322597563267],[1994.9838096600724,755.1646947618574],[1831.6121357086813,748.8620299035683],[1831.4707264168537,748.8565600821748],[1831.4713764670305,767.6749195428565],[1831.4713329611695,768.6401304919273],[1831.723270289076,767.9234207635745],[1833.1176507865312,765.6024658083916],[1835.4135508527397,764.4954872187227],[1845.6932618605788,764.0590365966782],[1861.0948194027878,764.3769766893238],[1877.4666155488812,764.4352567950264],[1895.3948228192749,764.4782014908269],[1904.5521180882934,764.3710366953164],[1911.958797146799,764.2843169970438],[1924.5493086515344,764.2415962358937],[1934.5071994216414,764.9478276493028],[1945.3549902572413,765.7285130023956],[1959.1098065819242,765.3685956466943],[1968.3413213685853,765.720472605899],[1975.8217286808067,766.0904434565455],[1984.9368649765383,765.9158451342955],[1994.2496910670307,766.0725344866514],[2010.2371967239887,766.6071671145037],[2021.6143644664553,767.0985493501648],[2022.7781003846903,767.1487914724275],[2028.256763924961,767.4272835608572],[2029.766634075204,768.3293816102669],[2030.8370239301003,769.7641717530787],[2031.3857879255665,771.8153335554525],[2032.4929791113245,774.138881450519],[2032.9741392405122,774.9957682285458],[2033.925650174555,775.6256211111322],[2037.742881970713,776.5879339454696],[2040.8823223554646,776.4174358034506],[2044.0797846722999,773.7449724087492],[2045.1442949695047,771.8165315790102],[2045.8506990362075,767.4176443722099],[2045.6705443614046,763.3057969519868]]]]}},{"type":"Feature","properties":{"PIN":"2302820230006","TAXPIN":"23.028.20.23.0006               ","Acres_Poly":1.46,"USE1_DESC":"958","USE2_DESC":"","PLAT_NAME":"AFTON","BLOCK":"3","LOT":"","YEAR_BUILT":null,"SITUS_ADDRESS":"","BLDG_NUM":"","CITY":"CITY OF AFTON","ZIP":""},"geometry":{"type":"Polygon","coordinates":[[[1937.20569025859,551.8838408198208],[1937.2734217447578,551.8066208753735],[1937.3410823059967,551.7294007418677],[1938.432167832565,550.334783051163],[1938.885754887946,549.7550266971812],[1939.0145516890334,549.574060770683],[1939.5699672266492,548.7931193811819],[1940.1253827110631,548.0122486269102],[1940.3387630855432,547.7122610602528],[1940.6584972429555,547.2162609184161],[1941.1778778093867,546.410763785243],[1941.6970453426475,545.6054073879495],[1942.236337196955,544.6761186672375],[1942.6733004162088,543.9232021328062],[1942.8962722528377,543.5386975677684],[1943.092274995579,543.1604112023488],[1943.4926946731284,542.387320196256],[1943.8931142545189,541.6142998132855],[1943.995286610676,541.4171447930858],[1944.2655541116255,540.8278435561806],[1944.6285742243053,540.0364135578275],[1944.9914518082514,539.2452658461407],[1945.690513643087,537.541243724525],[1945.7894716337905,537.3001119149849],[1946.0799074030365,536.5183813320473],[1946.4611537190503,535.492174398154],[1946.521741134522,535.3292610272765],[1946.8133474174538,534.4558509252965],[1947.1600852364209,533.4175332672894],[1947.18761540798,533.3351147845387],[1947.474507986335,532.3690195372328],[1947.786308655457,531.3197209779173],[1947.9428163545672,530.8065247656778],[1948.0986092581297,530.2953765345737],[1948.2151128869737,529.9135518819094],[1948.2606381843216,529.7862951178104],[1948.44087921537,529.283200792037],[1948.6211206574226,528.7799650589004],[1948.7108836914413,528.52947722096],[1948.813335339306,528.2817098926753],[1949.0175249865279,527.7877991115674],[1949.2217855928466,527.2938884878531],[1949.2726189454552,527.1708873445168],[1949.44354407012,526.8078009262681],[1949.6711824150989,526.3243447290733],[1949.8987500589574,525.8408176191151],[1950.1805896348087,525.3264760561287],[1950.3645620163297,524.9908519275486],[1950.5484636827605,524.6551569104195],[1950.6832536570728,524.4091028887779],[1950.738808404887,524.3236499363557],[1950.9470694693155,524.0025826497003],[1951.155472408107,523.681515741162],[1951.363875175186,523.3605195144191],[1951.5721359180752,523.0395935755223],[1952.0618006003788,521.7892433209345],[1916.3823514634278,520.4127349965274],[1831.4654270541505,517.1367129301652],[1831.4666085144854,608.6051612049341],[1866.2116499021067,609.9454398844391],[1866.25792208832,605.8304327633232],[1864.8236653702334,599.3513219058514],[1862.9654561983189,594.6434794841334],[1862.930011856486,591.1100710649043],[1864.1282797353342,587.2551059937105],[1865.556316984177,584.2811717810109],[1868.6972979931743,580.3626613905653],[1871.677810152003,578.0358857363462],[1874.8425577310263,576.4581896960735],[1878.674663638987,575.4036165364087],[1881.983044419787,574.9286850076169],[1884.917369286297,572.4258472193033],[1887.4393286247505,568.42494284641],[1889.0864595792955,565.2723322231323],[1888.1367277719546,563.0730046061799],[1886.7948173308978,561.407936767675],[1886.6786275482737,558.6264813579619],[1887.6232248268207,555.9223220199347],[1886.143652204948,553.7284182580188],[1885.6740238101338,550.9503176948056],[1885.375393628492,547.596358500421],[1884.6440535624279,545.1299900477752],[1885.8254477107548,544.0137630486861],[1887.7265054500895,544.1714383792132],[1889.8589089810266,545.3868776671588],[1892.4308869026136,546.3771612532437],[1894.7664482421824,545.8235475337133],[1901.0156999614555,543.5080029256642],[1909.1331904777908,542.4993025381118],[1916.827967583784,543.3498367834836],[1919.123610194074,543.2384893344715],[1920.0177117051207,544.2895635236055],[1918.9737348512863,545.8902977928519],[1917.9357474520802,548.1091435700655],[1918.349454138137,549.7394779985771],[1920.2110137320124,550.3391384137794],[1922.7304493033444,550.5348297441378],[1926.3125119381002,550.9405827028677],[1930.1962087100255,550.5927014714107],[1934.435819824983,550.5060587376356],[1937.0825362157193,552.0240350589156],[1937.20569025859,551.8838408198208]]]}},{"type":"Feature","properties":{"PIN":"2302820320001","TAXPIN":"23.028.20.32.0001               ","Acres_Poly":4.13,"USE1_DESC":"958","USE2_DESC":"","PLAT_NAME":"AFTON","BLOCK":"1","LOT":"","YEAR_BUILT":null,"SITUS_ADDRESS":"","BLDG_NUM":"","CITY":"CITY OF AFTON","ZIP":""},"geometry":{"type":"Polygon","coordinates":[[[1831.4663973717834,157.43872382398695],[1831.4779810887412,239.75544514879584],[1831.4848751773825,289.1383995600045],[1831.4658069008728,376.88544992823154],[1907.6326673799194,379.8238759180531],[1907.6328081998508,337.24458189774305],[1907.6331034440082,250.05694947112352],[1907.6333062851336,160.35333479754627],[1831.4663973717834,157.43872382398695]]]}},{"type":"Feature","properties":{"PIN":"2302820320002","TAXPIN":"23.028.20.32.0002               ","Acres_Poly":3.1,"USE1_DESC":"958","USE2_DESC":"","PLAT_NAME":"AFTON","BLOCK":"1","LOT":"","YEAR_BUILT":null,"SITUS_ADDRESS":"","BLDG_NUM":"","CITY":"CITY OF AFTON","ZIP":""},"geometry":{"type":"Polygon","coordinates":[[[1907.6333062851336,160.35333479754627],[1907.6331034440082,250.05694947112352],[1907.6328081998508,337.24458189774305],[1907.6326673799194,379.8238759180531],[1929.0051661570324,380.63712066505104],[1995.5981646367582,383.2174666132778],[1994.3652109983377,380.94412806257606],[1992.7677414436475,376.84642566833645],[1991.5242613861337,372.022707330063],[1990.8209372969577,368.38846724294126],[1990.251956565422,364.3083947803825],[1989.089485373348,362.0407557943836],[1984.880616375478,355.3011949453503],[1982.0903404755518,348.6858644550666],[1979.463749206392,341.73597156908363],[1976.7565928500844,335.11993613280356],[1974.5758985624416,331.05583107378334],[1972.4361421020003,325.57413938082755],[1971.7121872786665,322.66269983444363],[1968.4534598588943,316.4414436677471],[1965.5812008233042,309.9662500023842],[1964.08932894608,305.311754158698],[1963.7486330795218,301.8129162834957],[1964.1851602368406,295.47116476483643],[1964.8038145468454,290.62882829643786],[1966.5319207204739,285.56385077908635],[1967.9765448279213,282.7143310084939],[1970.2609069018508,280.46767717786133],[1973.1013762790826,278.21567452326417],[1974.5274817682803,276.3114527557045],[1976.4621828404488,275.20812506973743],[1976.8460808176314,274.67608593124896],[1977.297472346807,272.58697839360684],[1976.8096395669854,271.0353309214115],[1975.8507865010179,269.68302656989545],[1973.894934369193,268.64641034789383],[1972.8457434796146,268.1206632973626],[1972.368574555323,267.0041474150494],[1972.6608656276949,264.6808302337304],[1974.9755733974162,262.65092223789543],[1977.3624283830868,256.98294954560697],[1978.1704314706149,254.5116575313732],[1978.5047074470203,251.93000294361264],[1979.0097758381744,249.0898686852306],[1978.6956329641398,245.47902584727854],[1975.975176234264,242.52176897134632],[1971.4498371218797,239.87256779149175],[1961.7097271766397,234.14667035266757],[1950.4529894998414,225.37312379758805],[1940.8705489615677,215.86249187309295],[1935.5467999312677,206.67958772089332],[1934.1898913214682,200.3632145645097],[1934.7654793802649,193.26554716657847],[1935.9947588441428,188.5305388038978],[1937.4430503837066,184.82680850103498],[1939.2772464047302,180.82085229922086],[1942.5304367999197,176.80933343898505],[1944.1983679008554,174.3519280264154],[1945.2161310733645,170.5636796662584],[1944.4771674154326,168.41638543177396],[1942.9645798091078,166.44379716645926],[1941.1111500628176,165.28960812371224],[1938.6536153508932,163.57870939653367],[1936.2653063599137,161.44914726167917],[1907.6333062851336,160.35333479754627]]]}},{"type":"Feature","properties":{"PIN":"2302820320003","TAXPIN":"23.028.20.32.0003               ","Acres_Poly":2.34,"USE1_DESC":"958","USE2_DESC":"","PLAT_NAME":"AFTON","BLOCK":"1","LOT":"","YEAR_BUILT":null,"SITUS_ADDRESS":"","BLDG_NUM":"","CITY":"CITY OF AFTON","ZIP":""},"geometry":{"type":"Polygon","coordinates":[[[1922.8661039018189,404.8030957188457],[1831.4657304116408,401.27692854683846],[1831.4657421009615,411.3446692619473],[1831.465507076704,492.74524811655283],[1935.0525633713114,496.74148317147046],[1935.0525803485652,450.0842027673498],[1935.052704927337,405.27320804446936],[1922.8661039018189,404.8030957188457]]]}},{"type":"Feature","properties":{"PIN":"2302820320004","TAXPIN":"23.028.20.32.0004               ","Acres_Poly":1.57,"USE1_DESC":"958","USE2_DESC":"","PLAT_NAME":"AFTON","BLOCK":"11","LOT":"","YEAR_BUILT":null,"SITUS_ADDRESS":"","BLDG_NUM":"","CITY":"CITY OF AFTON","ZIP":""},"geometry":{"type":"Polygon","coordinates":[[[2001.8046541132499,485.3786121699959],[2002.8110491614789,485.9522985825315],[2003.6722145461827,485.8882616860792],[2004.8334338692948,485.2651153849438],[2005.1331373816356,484.67836560867727],[2005.1827429964906,484.0941172018647],[2005.1766732078977,483.4827143866569],[2005.0177669542027,481.48313587065786],[2004.5028440393507,480.0427974537015],[2004.5966187824379,478.2908202037215],[2006.6104503842653,474.01806754246354],[2008.8423970106523,469.29830379225314],[2011.1633419731515,465.1336869606748],[2012.13862336491,462.5945068821311],[2012.7810883512138,460.14207547996193],[2012.8180693410104,458.27945170458406],[2011.9993251168635,457.0090661449358],[2011.6232111509307,455.56754386331886],[2011.5229882629937,448.3140830248594],[2010.7022157361498,441.3178018750623],[2009.2570144369383,435.7735396521166],[2007.503976412525,432.7890129517764],[2004.4807501921314,427.8996339412406],[2002.5704403119744,425.8620558138937],[1999.1525396191864,423.20022493507713],[1996.3271889434545,421.39407287351787],[1994.806973463972,419.46372992452234],[1993.6181345115765,414.5557174673304],[1992.4186886260868,408.5640735430643],[1992.4477134994231,407.48748056963086],[1937.6484910754953,405.3734021894634],[1935.052704927337,405.27320804446936],[1935.0525803485652,450.0842027673498],[1935.0525633713114,496.74148317147046],[1977.0509133268497,498.3617246840149],[1995.8128348790342,499.08553475141525],[1996.6126128005562,497.0489793838933],[1997.1241771945497,492.5967073570937],[1999.3085259846994,488.68345258105546],[2001.8046541132499,485.3786121699959]]]}},{"type":"Feature","properties":{"PIN":"2302820330006","TAXPIN":"23.028.20.33.0006               ","Acres_Poly":1.07,"USE1_DESC":"140","USE2_DESC":"","PLAT_NAME":"","BLOCK":"","LOT":"","YEAR_BUILT":null,"SITUS_ADDRESS":"","BLDG_NUM":"","CITY":"CITY OF AFTON","ZIP":""},"geometry":{"type":"Polygon","coordinates":[[[1794.4436303318362,51.817293220199645],[1797.3709993478842,51.928504690527916],[1819.280022579711,52.76017610169947],[1819.2798974907491,53.0442217476666],[1849.2582323717652,52.99175440147519],[1849.5563602362527,50.38425377570093],[1848.9813213866437,46.0860295323655],[1849.6070422690827,40.96618373412639],[1849.5418734984123,35.03206311259419],[1849.1644292874844,26.131921560503542],[1847.5317342708586,15.000261607579887],[1846.329299842706,3.9525944544002414],[1847.2176662080456,0.07904967572540045],[1847.2567269756414,0.0],[1818.736022220723,0.0],[1794.4436303318362,51.817293220199645]]]}}]}