{"type":"FeatureCollection","features":[{"type":"Feature","id":"way/18277889","properties":{"access":"private","highway":"service","service":"driveway","osm_type":"way","osm_id":18277889},"geometry":{"type":"LineString","coordinates":[[950.633732703107,1037.154815939255],[954.8428216355969,1027.4566346080974],[957.0404641748755,1023.2520824354142],[958.9426208836376,1020.3687013378367],[962.284606323461,1016.3337034508586],[964.7535839710617,1014.084963333793],[972.0933068268932,1008.9271087134257],[987.0235501618008,999.3452349174768],[991.9570167870843,996.6140328459442],[997.063351679768,994.2054269807413]]}},{"type":"Feature","id":"way/18277894","properties":{"access":"private","highway":"service","service":"driveway","osm_type":"way","osm_id":18277894},"geometry":{"type":"LineString","coordinates":[[1897.0242024050094,1554.8591434061527],[1898.4414780514198,1556.2293338105083],[1899.3932920485386,1557.4871806791052],[1900.2573984828196,1559.0669410647824],[1901.5901771384524,1562.4920009132475],[1902.2524836842204,1565.7152939550579],[1903.8553126340266,1577.2948204977438],[1904.9428240341367,1580.9191737687215],[1906.5119719079812,1584.5115030948073],[1907.7147137267166,1586.3921129452065],[1910.3444465963403,1588.965315837413],[1913.8894257174106,1591.7187326699495],[1918.4438093011267,1594.8636836744845],[1920.2711496882257,1596.390509031713],[1921.9313285110402,1598.4278798475862],[1922.6780325049185,1599.6296322876588],[1923.9889112546225,1602.3881198698655],[1924.5373276679893,1603.9337037093937],[1925.3963419301435,1607.3908129660413],[1929.2747437061626,1632.7845364771783],[1931.536134561873,1646.0210404014215]]}},{"type":"Feature","id":"way/18277907","properties":{"access":"private","highway":"service","service":"driveway","osm_type":"way","osm_id":18277907},"geometry":{"type":"LineString","coordinates":[[543.0161399153876,1630.7379749584943],[549.9126417071093,1628.7889249930158],[559.4946874864982,1626.2356016095728],[567.4483531885198,1624.5558125507087],[572.0678836597945,1623.9896861501038],[573.9704342549085,1623.9722151719034],[575.6829704240081,1624.1764430850744],[577.3317710062838,1624.6137934699655],[578.9248963398859,1625.2176346611232],[581.8653178004315,1626.869049503468],[584.4102252513403,1628.841628340073],[587.292083776847,1631.8148255059496],[588.6532521260087,1633.628929760307],[590.2805184136378,1636.3657144838944],[591.8662316558184,1639.935542518273],[592.720284661511,1642.503767409362],[593.0160447160597,1644.193016733043],[593.0355095733539,1645.881575931795],[592.7312591083464,1647.5915438020602],[592.0637673948659,1649.3450389085338],[590.342915673391,1652.4733724985272],[588.1395804557251,1655.9781949035823],[586.0479580309475,1659.0056262277067],[584.2503891469678,1661.2450801348314],[581.8679355458007,1663.7718987744302],[579.0826619793079,1666.3865819657221],[573.6643546157866,1670.7165333637968],[570.817513943417,1672.6978750620037],[567.6392610002076,1674.6228483971208],[562.4624718065024,1677.0760543672368]]}},{"type":"Feature","id":"way/18278266","properties":{"access":"private","highway":"service","service":"driveway","osm_type":"way","osm_id":18278266},"geometry":{"type":"LineString","coordinates":[[322.3328424207866,634.1720043150708],[327.57009243039647,629.9080510186031],[329.82535443111556,627.8473894689232],[333.41971592220943,623.8460127431899],[338.2192336648004,617.7925079409033],[342.615766517818,611.8713194439188],[346.36493728973437,605.9263251880184],[347.8091971282265,602.9638794157654],[348.8825095749926,599.9449788322672],[349.6175212080707,596.4364680629224],[350.0454309574561,592.5939441481605],[350.1074181587901,586.6509947460145],[349.76127394643845,582.9287620624527],[349.01106792874634,579.7720745233819],[347.88788991910405,577.3809635322541],[347.2506518882583,576.4462742516771],[345.9670508704148,575.076760510914],[344.3823293916648,574.1508508650586]]}},{"type":"Feature","id":"way/18279551","properties":{"highway":"service","service":"driveway","surface":"unpaved","osm_type":"way","osm_id":18279551},"geometry":{"type":"LineString","coordinates":[[1277.7745323053678,1095.585483876057],[1277.2347019516164,1099.7609186535701],[1276.6253207774134,1106.3911771327257],[1276.2681984417723,1113.166504662484],[1276.0506019749446,1130.0288217617199],[1275.2637736030738,1147.2006984064355],[1274.7086715786718,1166.3394046733156],[1274.5173979039537,1179.1582540422678],[1274.9479474197724,1204.8202879810706],[1274.9278669884661,1221.6275787465274],[1274.6362791333231,1230.524824809283],[1273.6938007186982,1243.808281579055],[1273.8440286808764,1246.7524573560804],[1274.5873085976928,1249.3315928578377],[1275.4284186569275,1250.7223607292399],[1276.5703632707591,1251.791762119159],[1277.9732642721501,1252.6952140312642],[1279.5423282406991,1253.4546869685873],[1281.9874351760373,1254.316419955343],[1283.5259326948435,1254.687012498267],[1290.178816943022,1255.5819296892732],[1294.2359022861347,1255.8813292002305],[1298.0566988300416,1255.9690513303503],[1301.5621448035818,1255.889323944226],[1305.1871404372505,1255.3766740923747],[1306.918092522188,1254.6035862769932],[1308.5157348396606,1253.485783827491],[1309.4891221451107,1252.5885252896696],[1311.0814507697942,1250.482042286545],[1311.5822914105374,1249.1503146933392],[1312.0638838615268,1246.118917806074],[1312.1406177291647,1243.9418282369152],[1311.215455327998,1205.1814345587045],[1311.2877442322206,1201.68240764644],[1311.926287148206,1192.9638067428023],[1312.634037970798,1187.9778831256554],[1313.2419217227725,1184.9579248055816],[1313.9755996491294,1182.1382500436157],[1314.8824401734164,1179.5189825110137],[1316.6996105007129,1175.9689672598615],[1317.4603460207582,1174.882308327593],[1320.500941329694,1171.43546562735],[1331.6232805147883,1159.8893331419677]]}},{"type":"Feature","id":"way/18279552","properties":{"highway":"service","service":"driveway","osm_type":"way","osm_id":18279552},"geometry":{"type":"MultiLineString","coordinates":[[[2067.4407158138347,1360.2763870730996],[2080.8857783532003,1368.7223089495674],[2099.097772556881,1342.9889182075858],[2113.440782577265,1323.3103093421087],[2120.285072533763,1314.7753858137876],[2139.4442858729744,1292.0884664347395],[2123.6120394237223,1278.9369400301948],[2099.761679859541,1308.042981646955],[2098.3350730086095,1310.0830712104216],[2097.0812064748025,1312.468000601977],[2095.9925195589312,1315.0755541315302],[2095.0298125396366,1317.805646958761],[2092.050395918137,1327.628645611927],[2091.3985529227066,1329.2709423936903],[2090.740332772839,1330.357790313661],[2082.2248948695487,1340.8877363139763],[2067.4407158138347,1360.2763870730996]],[[2067.4407158138347,1360.2763870730996],[2049.095388031041,1385.7540057087317],[2043.5191325188498,1392.5484042670578],[2040.2104137357674,1395.7831123722717],[2033.461835032329,1401.130204949528],[2028.1547122420743,1404.770498380065],[2022.1925986573333,1408.3201450845227],[2017.6630407939083,1410.529549345374],[2012.7161684047896,1412.3379113012925],[2007.47805029538,1413.8344436697662],[2002.0908460798091,1414.9973162319511],[1994.0590394595056,1416.141900582239],[1988.871372327616,1416.5055048288777],[1983.5742995538167,1416.4577969294041],[1981.017167212267,1416.206465786323],[1978.349934690108,1415.799316039309],[1975.8411933352472,1415.1704248497263],[1973.4436667465488,1414.286337875761],[1971.196856991446,1413.1360535230488],[1969.1324320099084,1411.686331638135],[1967.2820898993523,1409.8928234977648],[1954.601569806924,1396.0504174949601],[1944.7463248553686,1385.4594089649618],[1942.2674791969475,1382.5311256395653],[1940.0734039417584,1379.3925504432991],[1938.1559942679596,1376.1214215494692],[1936.483582317538,1372.7509788647294],[1935.0638824569178,1369.3478948576376],[1932.8951797019108,1362.6657381420955],[1931.530268792878,1356.518971869722],[1922.9476810222259,1295.6760072270408],[1918.0100204886403,1256.104829063639],[1916.2683273082366,1246.2245496315882],[1913.2289701279951,1231.5862701246515],[1912.9364209938794,1228.8305397620425],[1912.8643516281154,1226.2864693906158],[1913.0048976675025,1223.9429291132838],[1913.7659133117995,1219.8681205660105],[1914.9827187670162,1216.5721483388916],[1915.6969041622942,1215.2188269468024],[1917.8210893250653,1212.1141554564238],[1922.7581668731873,1205.2179426774383],[1924.5113381324336,1202.1011612098664],[1925.6176867454196,1198.7826749794185],[1926.18782781763,1195.2294570524246],[1926.3402713035466,1191.4085020450875],[1926.2013318798854,1187.3201516866684],[1925.5234662287985,1178.1648098267615],[1924.3370685637346,1167.297364095226],[1921.9523622202105,1149.961457381025],[1919.5985908271396,1132.8589168908074],[1914.4109906870872,1095.1533254785463],[1908.5822249672492,1049.2811695653945],[1904.9476905801566,1021.1220962125808],[1903.0380428038188,1006.1647300543264]]]}},{"type":"Feature","id":"way/18280217","properties":{"access":"private","highway":"service","service":"driveway","osm_type":"way","osm_id":18280217},"geometry":{"type":"LineString","coordinates":[[702.1887446039473,955.0991896502674],[700.4934176048846,963.6818836545572],[699.9372416681144,968.2239073989913],[699.738015886338,972.1003118865192],[699.4384728706791,997.0383917316794],[699.3047542776912,1053.369828238152],[698.5543265802553,1084.9386199116707],[698.7444403301342,1097.247441473417],[699.2778388166334,1114.3227215940133],[699.1088560100761,1118.7324164714664],[698.7263790174038,1123.2748780418187],[697.396625099238,1134.0579995326698],[697.1647092353087,1138.3786674812436],[697.0729372845963,1146.621028595604],[697.2011649779743,1152.1423322791234],[697.4973601517268,1156.797586305067]]}},{"type":"Feature","id":"way/18280236","properties":{"access":"private","highway":"service","service":"driveway","osm_type":"way","osm_id":18280236},"geometry":{"type":"LineString","coordinates":[[567.5959911949467,935.3110184343532],[560.3083772940445,945.0017771022394],[554.8817549908999,952.4310237877071],[551.1570501852548,958.0649191411212],[549.7839958060067,960.9608465032652],[548.161218722933,965.8557020546868],[546.5887299717288,972.750233059749],[545.9386158083216,977.0143205244094],[545.6551005209913,979.9018532112241],[545.4861929459148,984.3226594878361],[545.3012644777191,1007.8613444566727],[544.7355648269877,1013.1032001795247],[543.484003905789,1017.9434384461492],[539.4745239918702,1030.1640382176265],[537.6249486583401,1034.2029693061486],[531.5234289668733,1046.3850422874093],[530.5220693474985,1049.037509295158],[529.7484461276908,1052.179321847856],[529.187432552164,1055.543835574761],[528.6114512923523,1061.752116647549]]}},{"type":"Feature","id":"way/18281385","properties":{"access":"private","highway":"service","service":"driveway","osm_type":"way","osm_id":18281385},"geometry":{"type":"MultiLineString","coordinates":[[[596.2744183621835,1821.905811429955],[606.4330970614683,1822.2533507794142],[621.060598707234,1822.2677198052406],[640.3703678774182,1821.8272889731452],[647.640118017327,1822.0676789078861],[655.0744701474323,1822.7750521432608],[659.5959065174684,1823.4973439751193],[664.2902277943213,1824.5311143146828],[672.415810524777,1826.6066031083465],[682.9386000654777,1829.699008570984],[692.9628622946329,1833.267849217169],[705.2099822537857,1838.1197888636962],[714.5227053035051,1842.1090014073998],[723.7256016269093,1845.820235311985],[798.6856849810574,1874.2364753568545],[800.9804098327877,1875.1865150537342],[804.4728921643109,1876.9727341150865]],[[804.4728921643109,1876.9727341150865],[809.8876487754169,1880.2745951758698],[817.9174463127274,1885.8381360946223],[818.989630853117,1886.3851749468595],[820.1569916730514,1886.7547170519829],[821.3958754565683,1886.9355938993394],[822.6825444690767,1886.9499626420438],[825.2886965614744,1886.490004407242],[826.5607885945938,1886.026665958576],[828.9086969886557,1884.6773644071072],[829.9450160422712,1883.802409734577],[831.505174092832,1881.8068117853254],[832.3948341108626,1879.6206675386056],[832.6924271146418,1877.4441308807582],[832.6634710019571,1876.4109550239518],[832.2892409342458,1874.5659738974646],[831.5509916407173,1873.0755460215732],[830.9764855492394,1872.3853545831516],[830.2676991227781,1871.728148676455],[828.5101545162615,1870.6239392831922],[826.3725492840167,1869.9742208868265],[825.2045101090916,1869.8712830310687],[823.9807634209283,1869.9459422761574],[822.7249064882053,1870.2315843245015],[818.5692705640686,1871.5874171536416],[808.2111311955377,1875.2270334837958],[804.4728921643109,1876.9727341150865]]]}},{"type":"Feature","id":"way/18281688","properties":{"access":"private","highway":"service","service":"driveway","osm_type":"way","osm_id":18281688},"geometry":{"type":"LineString","coordinates":[[192.58598575810902,498.42987543717027],[200.05462833237834,488.9502100003883],[218.60794487199746,463.6122779464349],[221.68018854153343,460.03169306274503],[224.75922020419966,456.9065787391737],[227.71084093785612,454.2254989510402],[230.41653443919495,452.02149009518325],[232.9001764874556,450.21684994734824],[237.407105090213,447.59511383622885],[246.20502365578432,443.4842006145045],[255.09604488976765,440.0511514823884],[260.7063954802579,438.24305640812963],[266.6796494931332,436.55804845225066],[289.27509101858595,430.92575349565595],[299.3869555555284,428.7288106288761],[311.1571306004771,426.4470823435113],[317.28679554513656,425.38458663597703],[323.2498358703451,424.65494570322335],[329.09354264260037,424.2916010161862],[334.5810999679961,424.2717533009127],[338.3304137563682,424.7364172972739],[342.35462764825206,425.7905148444697],[348.20003032305976,427.94884364306927],[352.83723207953153,430.17085783276707],[355.7146323606139,432.0108539564535],[359.2376146457391,434.6078244652599],[364.92702621378703,439.1874594055116],[370.0089588877745,443.5656489888206]]}},{"type":"Feature","id":"way/18281838","properties":{"highway":"residential","name":"Itasca Avenue South","osm_type":"way","osm_id":18281838},"geometry":{"type":"LineString","coordinates":[[2620.3982681481557,2165.0],[2620.3784285460715,2153.154894157313],[2620.4665966184693,2133.0484864199534],[2620.615997459041,2099.6007641972974],[2620.6227824544185,2097.1902064858004],[2620.8955736577045,2064.775937755592],[2620.9128073908505,2047.4353865114972],[2620.9736800742103,2000.5681737158448],[2620.982858077914,1994.5028782263398],[2621.3920095587964,1944.4929027669132],[2622.125684626226,1899.7826685430482],[2622.827879627759,1866.2587541388348],[2623.188301401853,1853.1960025019944],[2623.422029307112,1843.0766852786765],[2624.416021463403,1820.873303540051],[2624.777163212071,1813.1649212641641],[2625.2145558696357,1806.4120971234515],[2625.3865834057797,1804.1908526569605],[2627.533978530264,1773.2704348266125],[2628.1331539222156,1762.3301083380356],[2628.2838472859003,1759.2756558004767],[2628.9462591827614,1745.5028037568554],[2629.4408343232353,1732.462649882771],[2629.8536751551437,1717.611557465978],[2630.0426797652035,1706.5589907057583],[2630.0439819255844,1703.2930536102504],[2630.067566808546,1694.9172039944679],[2629.96160467522,1690.4956661751494],[2629.8408042867086,1688.5402050754055],[2629.424438261485,1685.0175932692364],[2629.1053779114736,1683.383724569343],[2628.6914004560676,1681.8162404941395],[2627.705938026018,1678.547525282018],[2626.5238097311812,1675.0338664669544],[2625.042078849161,1671.3860608059913],[2624.1709910346544,1669.550682913512],[2623.181459594518,1667.726080402732],[2622.0813160266844,1665.9344926532358],[2620.8547720010974,1664.1758752884343],[2615.7659925924963,1657.5074796508998],[2613.114731133799,1654.2785148406401],[2611.7140738010057,1652.6749304551631],[2608.6917521774885,1649.4560324149206],[2607.030648268119,1647.8294993098825],[2584.803376249911,1627.1493941480294],[2581.2450672012637,1623.6290706433356],[2577.4433444731985,1619.64150287956],[2571.5565786499064,1613.181967113167],[2563.7111261382233,1604.2286064429209],[2554.576545062475,1593.2943030428141],[2541.799915323092,1577.7063960917294],[2536.6864305564086,1571.3490376872942],[2534.4056251727743,1568.2988822385669],[2532.243262464821,1565.2379506807774],[2525.7183076521032,1555.4774053404108],[2506.68737759575,1526.4306131927297],[2502.1742498328676,1519.9083325807005],[2497.408587955346,1513.3520235307515],[2478.8536093475996,1489.0500355660915],[2471.836440636078,1480.2212983798236],[2467.760493482114,1475.433210301213],[2464.376083426818,1471.7801349759102],[2461.754479671712,1469.1845096126199],[2459.951254858752,1467.5354018807411],[2458.8957948147436,1466.6770932320505]]}},{"type":"Feature","id":"way/18281938","properties":{"access":"private","highway":"service","service":"driveway","osm_type":"way","osm_id":18281938},"geometry":{"type":"LineString","coordinates":[[609.2583008232759,951.0892792446539],[609.7938195911702,948.468985972926],[610.4537069421494,943.4717611242086],[610.931668920326,935.4525396516547],[611.9704038568889,892.6092297118157],[611.8646377440309,862.2824630411342],[611.0138258403749,785.7420273069292],[610.7032771615777,777.3209267137572],[610.1473647036473,769.143602238968],[609.023456572264,757.6211674818769],[606.5978784837644,736.1977115077898],[606.2692263022182,728.6985809020698],[606.4149395856075,724.0999821117148],[606.7773622561363,721.2459761165082],[607.980100725661,717.0277118673548],[609.3691345531843,714.0874032210559],[610.2965492249932,712.6233855066821],[612.5610743401339,710.0407415544614],[615.1166162905865,707.9031703313813],[617.6472794247675,706.2432079575956],[620.7067347149714,704.6623295294121],[622.5558475977159,704.0226560365409],[624.9099824432051,703.4953327113762],[629.0405892751296,702.961347386241],[635.9810358700342,702.7898747408763],[687.7737409523688,703.1197169553488],[741.7733207873534,704.9663099059835],[748.7141889748746,704.6283312989399],[753.9506247656536,703.9083684226498],[759.2279116096906,702.644191140309],[761.77241480886,701.773031516932],[764.1831470247125,700.7237975774333],[766.4206598810852,699.4852809906006],[768.4613516629324,698.0240961676463],[770.3209289379301,696.3736084066331],[772.0150701671955,694.5782915623859],[773.5436350640957,692.6936881877482],[776.1272445293143,688.8455263208598],[778.1338527411572,685.2514059571549],[780.1579937723582,680.9685968961567],[780.6356988552725,679.3923815507442],[781.3632955558132,675.7839225269854],[781.9940071643796,669.8979544397444],[782.2560800394276,663.0446062833071],[782.26742103172,649.1810940681025]]}},{"type":"Feature","id":"way/18282687","properties":{"access":"private","highway":"service","service":"driveway","tiger:cfcc":"A74","tiger:county":"Washington, MN","tiger:reviewed":"no","osm_type":"way","osm_id":18282687},"geometry":{"type":"MultiLineString","coordinates":[[[2116.4519663314477,2165.0],[2121.508269471582,2163.0676371175796],[2129.293354802183,2159.445312740281],[2140.4237082418404,2153.532672679983],[2146.116391698073,2150.1379178473726],[2153.0353197525837,2145.7467519249767],[2164.328496536473,2138.046107822098],[2171.5658141390886,2132.700491883792],[2175.039163381385,2129.7662349101156],[2178.5690517414478,2126.365571961738],[2182.107813631126,2122.6094586821273],[2188.965947352641,2114.507877060212],[2197.878826069471,2102.6683370312676],[2216.7330454013427,2075.326271441765],[2222.5674863145105,2066.355434877798],[2226.1469340577023,2059.3112991992384],[2229.214342459687,2051.88806170132],[2230.5189651033725,2048.236910223961],[2232.60570338706,2041.4886012682691],[2233.875940642436,2035.993320898153],[2234.4830807105755,2030.5073230126873],[2234.7228292098735,2023.7094933027402],[2234.619539648178,2012.4894786225632],[2233.8357684590737,1987.5261981142685],[2232.92575257062,1968.2724134344608],[2231.974214320304,1955.494853769429],[2231.2631912418874,1949.971900364384],[2230.77313321986,1947.3378025963902],[2229.421732792922,1942.1685626553372],[2228.5131803154363,1939.5777473617345],[2226.325187151553,1934.3506615683436],[2224.578448150307,1929.413615917787],[2223.3442840106436,1924.6668285680935],[2222.1404341190937,1917.5095496503636],[2220.6731009676587,1902.8309955233708],[2218.2282614691067,1873.3197162663564],[2217.715893116663,1861.57647294458],[2217.332054848608,1837.5474271439016],[2217.018329785962,1831.0702266125008],[2216.6712639729376,1828.1032647360116],[2215.5732266426203,1822.6459013586864],[2213.9605840169243,1817.7314459010959],[2211.8258386146626,1813.2154658026993]],[[2211.8258386146626,1813.2154658026993],[2209.1377500072704,1808.9756806204095],[2205.0311591617647,1803.85441365093],[2201.99585002003,1799.5692423228174],[2199.095863942872,1794.8734247740358],[2197.1100172447623,1790.7466614879668],[2196.359339747054,1788.145176820457],[2196.165562202048,1786.8449334837496],[2196.2041290745838,1784.3011610759422],[2196.475394045119,1783.257694476284],[2197.4349009224097,1781.6829047072679],[2198.060052058776,1781.1291909189895],[2199.4829841463943,1780.3999317642301],[2200.9283770562615,1780.115080235526],[2202.3097325985436,1780.1522035216913],[2204.140006768459,1780.5682550864294],[2205.1493675886886,1780.9598326887935],[2207.111548009678,1782.2093957401812],[2207.969548070105,1783.1004463396966],[2208.6770123916212,1784.1910385722294],[2209.1786220433423,1785.5032375268638],[2209.540717956901,1788.747956088744],[2210.001222724386,1802.135133318603],[2210.2671843498247,1805.8905850425363],[2210.8789516323595,1810.2024199208245],[2211.3084132772638,1811.9143317034468],[2211.8258386146626,1813.2154658026993]]]}},{"type":"Feature","id":"way/18282907","properties":{"access":"private","highway":"service","service":"driveway","osm_type":"way","osm_id":18282907},"geometry":{"type":"LineString","coordinates":[[558.9153792834259,1668.6246591247618],[554.3477086148341,1670.568393276073],[548.5703878373606,1673.2533951317891],[519.0242003886378,1688.4653306026012]]}},{"type":"Feature","id":"way/18282934","properties":{"access":"private","highway":"service","service":"driveway","osm_type":"way","osm_id":18282934},"geometry":{"type":"LineString","coordinates":[[594.2851522434503,1727.0998399732634],[598.2296261291485,1721.810881328769],[600.058814819844,1719.5492929611355],[602.1404480058118,1717.3549877870828],[608.5805412753834,1711.639037004672],[614.2827743804664,1707.4098026668653],[621.0513542419649,1702.9277432281524],[630.0720923746121,1697.5182047681883],[641.2100196579704,1691.4919000845402],[647.5489574492094,1688.3640442332253],[654.1315878342139,1685.647824733518],[660.6965408161632,1683.6869540382177],[667.2126836861135,1682.3036159919575],[673.6647005352424,1681.308925400488],[686.2201997141237,1679.7963588396087],[692.2693436498521,1678.9117610333487],[698.1377069114242,1677.7156729372218],[703.7941887932247,1676.0191692234948],[714.502642047184,1671.3027290552855],[723.0835370977293,1668.1916993400082],[729.0793972499087,1666.529398384504],[732.1203123379382,1665.8705419786274],[735.1766803745413,1665.3450294407085],[743.9656092512887,1664.2674300521612],[751.3422216801555,1662.8974556932226],[757.5124097535154,1660.9801226975396],[765.0678040485363,1657.588845713064],[769.9262849308434,1656.1792098330334],[772.635318949353,1655.6528379712254],[778.5179071956663,1655.0900508593768],[781.6361178627703,1655.0868220413104],[784.8405743280309,1655.3170938557014],[788.1154317958863,1655.8030436234549],[817.4990277834004,1661.4650391545147],[822.7227997389855,1662.3225279077888],[827.1898043049732,1662.75597520452],[832.123181122588,1662.946218188852],[837.4281167187146,1662.926343361847],[848.6626387144206,1662.4882815638557],[861.342633567634,1661.7206516452134],[869.9078441324527,1661.7090847129002],[881.0921530875494,1662.392923295498],[895.7710120308911,1664.0854506818578]]}},{"type":"Feature","id":"way/18283570","properties":{"access":"private","highway":"service","service":"driveway","osm_type":"way","osm_id":18283570},"geometry":{"type":"LineString","coordinates":[[336.0148733370006,1511.5969450129196],[336.10099647479365,1508.6755902310833],[336.65552836755523,1501.467460284941],[338.6157852114411,1481.1990516651422],[338.90773317823187,1474.8345316760242],[338.9174779296154,1467.6583890561014]]}},{"type":"Feature","id":"way/18283600","properties":{"access":"private","highway":"service","service":"driveway","osm_type":"way","osm_id":18283600},"geometry":{"type":"LineString","coordinates":[[476.72364107344765,1549.9024487640709],[476.89847172627924,1549.4363202555105],[478.4445588992676,1543.5525858197361],[478.8291863441118,1541.254055432044],[479.0828345803893,1537.6554917832837],[479.1997274176101,1525.5362780718133],[479.3691715776804,1524.0592519445345],[480.0626973955077,1521.3504688609391],[481.2527932493831,1518.9539588056505],[482.97904125758214,1516.8253857614473],[484.0471420212998,1515.8726940900087],[488.5709532625624,1512.5513322642073],[490.21726987703005,1510.8224731124938],[491.48565291409614,1508.6927661076188],[491.9941698538023,1507.3721025465056],[492.79971211595694,1504.0637334743515],[494.6245723547181,1494.0149631472304],[497.200800796214,1480.2244544336572],[499.74093888601055,1468.2556707877666],[500.72475007601315,1466.28077973146],[501.8805551061523,1464.983941684477],[503.43789735477185,1464.1213372414932],[504.3698190161376,1463.968131268397],[505.39586607791716,1464.059548838064]]}},{"type":"Feature","id":"way/18283602","properties":{"access":"private","highway":"service","service":"driveway","osm_type":"way","osm_id":18283602},"geometry":{"type":"LineString","coordinates":[[1781.0559303255868,1561.0232621058822],[1786.9537489635986,1557.7953693848103],[1789.3245009626262,1556.879716760479],[1792.4366876035347,1556.199336946942],[1799.0933972625062,1555.5284782405943],[1874.171637465537,1554.3086731396616],[1897.0242024050094,1554.8591434061527],[1913.8297909804387,1555.3822332695127],[1919.9308217952494,1555.8541867183521],[1926.5524219311774,1556.4941840553656],[1943.5193907963694,1558.6396489124745],[1949.4637353013386,1558.666860804893],[1953.9016317056376,1558.1901068352163]]}},{"type":"Feature","id":"way/18284587","properties":{"access":"private","highway":"service","service":"driveway","osm_type":"way","osm_id":18284587},"geometry":{"type":"LineString","coordinates":[[1906.5112243437907,1435.8224658267573],[1908.7035171291209,1448.381143710576],[1909.3516350596328,1451.015641081147],[1910.2846109533566,1453.4065186949447],[1911.5183835274656,1455.49827661179],[1913.0768460431718,1457.2132191853598],[1914.9680430839653,1458.495825250633],[1918.193419209856,1459.7709314022213],[1922.6674878009362,1460.5384200112894],[1927.1270891649765,1460.8170928368345],[1933.300190704118,1460.9448859151453],[1940.989884614828,1460.7546414891258],[1949.320046841749,1460.1884480593726],[1957.7218923451728,1459.3891785033047],[1972.5835723020136,1457.7854034584016],[1975.4347697976045,1457.304359585978],[1977.7893753630924,1456.5442535215989],[1979.694634825515,1455.5496474765241],[1981.1977637259406,1454.3762123640627],[1982.3459775127121,1453.0796192269772],[1983.1786575055448,1451.693300676532],[1983.743019086076,1450.2729279221967],[1984.086307804624,1448.8630636846647],[1984.2478145329515,1447.5304663823918],[1984.2390222871327,1444.9532400518656],[1983.4006439069053,1433.8978760596365],[1982.5837384352926,1426.5639620302245],[1981.017167212267,1416.206465786323]]}},{"type":"Feature","id":"way/18285183","properties":{"access":"private","highway":"service","service":"driveway","osm_type":"way","osm_id":18285183},"geometry":{"type":"LineString","coordinates":[[821.8483559288434,985.3610967928544],[818.086172156909,993.238683202304],[816.9662051188061,995.9130227258429],[814.9052135525853,1002.3063650522381],[813.6117497981177,1008.0240258388221],[813.3051334109623,1010.6337736165151],[812.9574601284112,1016.9870200743899],[812.9225261898246,1021.4303768845275],[814.0574600654072,1040.9066494414583],[815.136568841117,1057.4834332689643],[815.3768195474404,1065.4933522138745],[815.3274072307395,1072.5360883884132],[814.9061055686907,1095.4965273663402],[813.9373091720627,1119.5442252345383],[812.0383428010391,1177.3375434456393],[811.5749527841108,1207.5740235289559],[808.4612935252371,1321.0962116466835],[808.2225924188388,1353.021777545102],[808.3689541325439,1357.576681806706],[809.5116945796763,1367.7106350809336],[810.9143302629818,1378.089636319317],[812.3216300507775,1386.6246190126985],[813.4241736924741,1390.8042515646666],[814.9612765189959,1394.8405726887286],[816.8065984974382,1398.74437135458],[818.8259336259216,1402.5153079004958],[826.9539948818856,1416.266154893674],[841.1298597911955,1439.085875201039],[846.4072161406511,1446.8975146468729],[851.922293201671,1454.354286073707],[855.1646542316885,1458.3505112836137],[858.7779902262264,1462.369897373952],[866.7862749851192,1470.3773355269805],[881.3092430345132,1483.877895965241],[889.719122903829,1492.2640776317567],[894.7737162507838,1497.6090772384778],[919.1043889878201,1525.4092712122947],[931.2820965775172,1539.0705998623744],[935.8543592047645,1544.692118037492],[941.2435346918646,1551.9153661616147],[946.4048706909525,1558.704800975509],[949.4669702618849,1562.1451837541535],[952.1131680873805,1564.6069469721988],[953.3974901173497,1565.5655686743557],[956.2038115601172,1567.1501612719148],[959.7446365379728,1568.603328234516],[964.5320966151194,1570.3151814918965]]}},{"type":"Feature","id":"way/18286451","properties":{"access":"private","highway":"service","service":"driveway","osm_type":"way","osm_id":18286451},"geometry":{"type":"LineString","coordinates":[[806.3660698906751,979.1899445634335],[809.2251273313304,972.532012918964],[809.8536945685046,970.6118139531463],[810.190372900397,968.60200732667],[810.3400462628924,965.6141694998369],[810.1996016154881,961.8368858844042],[808.2129297737265,945.1022880058736],[804.6559581581969,921.7985284011811],[804.4045849227696,918.1764850737527],[804.5233228787547,914.9330710275099],[804.8201335775084,913.0786839695647],[805.5919966740184,910.692285659723],[806.3375890101888,909.3278131950647],[807.3118008724996,908.0972227100283],[808.7751691484591,907.0011737020686],[810.6330095624435,906.0172096146271],[815.8882566577522,904.0420724712312]]}},{"type":"Feature","id":"way/18287166","properties":{"access":"private","highway":"service","service":"driveway","osm_type":"way","osm_id":18287166},"geometry":{"type":"LineString","coordinates":[[2628.2838472859003,1759.2756558004767],[2631.0475644383696,1758.9946131892502],[2633.519922996231,1758.4572523878887],[2636.0806493554846,1757.3758179442957],[2645.206119159586,1751.802773065865],[2654.670766131021,1746.330675301142],[2659.4537019419367,1743.8447188641876],[2664.820768587757,1741.3715226007625],[2688.278313453251,1731.5066189346835],[2716.8777282797964,1720.6787866018713]]}},{"type":"Feature","id":"way/18287185","properties":{"access":"private","highway":"service","service":"driveway","osm_type":"way","osm_id":18287185},"geometry":{"type":"LineString","coordinates":[[1139.8837167703314,1697.2596701346338],[1146.0253408511635,1706.429047816433],[1149.335163813259,1711.6919830460101],[1152.3451794089633,1716.8874932192266],[1154.5368798107374,1721.0477865943685],[1156.5854791068705,1725.5965127209201],[1158.5457471280242,1730.722659806721],[1159.6641083829454,1734.7802016679198],[1160.0768609775696,1736.9585604490712],[1161.144486605248,1745.3705539517105],[1161.8539925070945,1748.7938469285145],[1163.1218174300157,1753.0517314812168],[1164.6283864344587,1756.5659558214247],[1166.1059070384945,1759.1025460073724],[1167.891062628536,1761.7288016276434],[1170.6922139750677,1765.257486153394],[1173.1648624129593,1767.6078068790957],[1176.387869755039,1769.7934417538345],[1180.4952319596778,1771.8924993164837],[1185.1407638635137,1773.4597393302247],[1188.6597846874502,1774.1242649443448],[1194.8785483350512,1774.7957893051207],[1199.4722439554753,1775.0409784410149],[1206.6871172880637,1775.1485567297786]]}},{"type":"Feature","id":"way/18287187","properties":{"access":"private","highway":"service","service":"driveway","osm_type":"way","osm_id":18287187},"geometry":{"type":"LineString","coordinates":[[1881.1016288264655,1774.133916360326],[1875.37402023311,1775.7736469842494],[1867.0484544052742,1777.717417850159],[1861.8043622616096,1778.6252945633605],[1858.550902844523,1779.0386523166671],[1853.7585960432189,1779.2701265998185],[1823.8512803379563,1778.0787410559133],[1801.2120774565265,1777.7401646086946],[1794.0137770776055,1777.3431367091835],[1787.0454152884195,1776.5690405247733],[1783.842364717333,1775.8494907142594],[1779.7802397714113,1774.6166401915252],[1775.3559432549519,1773.027344408445],[1771.0505906880135,1771.2384152468294],[1767.3690102911787,1769.395618266426],[1763.8616317465203,1767.353334964253],[1747.7842049918254,1757.4791150940582],[1744.2285275586182,1755.781080965884],[1737.9591210710933,1753.3981579272076],[1733.6996822179644,1752.1425913907588],[1729.786449180625,1751.3100820090622],[1712.27621490194,1748.7971432702616],[1706.1760659836,1748.0587816527113],[1699.8225356242037,1747.6085736313835],[1695.7563430640148,1747.8865399705246],[1691.4838684673305,1748.5527604306117],[1687.4158685084549,1749.5083539001644],[1684.0025398001308,1750.6656521158293],[1682.674685024249,1751.2841927707195],[1678.451664693479,1754.1278460817412],[1675.1840900070383,1756.8740724045783],[1671.8994861149113,1760.086817605421],[1670.3476406774134,1761.815626975149],[1667.6067802052712,1765.3853003485128]]}},{"type":"Feature","id":"way/18289772","properties":{"access":"private","highway":"service","service":"driveway","osm_type":"way","osm_id":18289772},"geometry":{"type":"LineString","coordinates":[[1473.9181538183475,384.10377942956984],[1473.2910525593907,388.3678329354152],[1472.2815894674277,396.9076934568584],[1471.7356959180906,403.3159224689007],[1471.2056032856344,424.7097059665248],[1470.8379813624779,429.38546192087233],[1470.251095972082,433.37190669961274],[1469.5879172221757,436.34726722724736],[1469.0069719620515,438.0786802172661],[1467.640995335125,441.0855159694329],[1465.7060668229242,444.26859166193753],[1463.1952861380996,447.2501969402656],[1461.0905178993125,448.96649053227156],[1458.6549534194637,450.37087311875075],[1457.3269691180903,450.94502573180944],[1455.9281875839806,451.4190148357302],[1452.9498735358939,452.04436872620136],[1443.1577012566268,452.62958589568734],[1439.3114261584706,453.04160027671605]]}},{"type":"Feature","id":"way/18289821","properties":{"access":"private","highway":"service","service":"driveway","osm_type":"way","osm_id":18289821},"geometry":{"type":"LineString","coordinates":[[446.1010647499352,797.1847567046061],[453.9157833849313,791.4387303711846],[458.70797422603937,788.3401853023097],[462.02032750472426,786.6265542563051],[465.3557352502248,785.1684799706563],[468.6748036246863,783.9325390504673],[471.9854274809477,782.9187510376796],[473.7469671773142,782.5565328383818],[477.41138982004486,782.1434892611578],[481.09074944775784,782.0748516051099],[486.2136922631762,782.5096839526668],[492.60566771018784,783.7919234260917],[507.97686455061194,787.3181875785813],[513.8013150380575,788.2213459862396],[517.7875905531109,788.5534018753096],[523.7405160919297,788.5904173329473],[527.7678692342015,788.2782823862508],[532.4991392139345,787.468013772741],[540.0514306632103,785.6872118413448],[546.5934995798743,783.7594914687797],[553.1604755906155,781.3430611109361],[560.423923903727,778.2507480690256],[565.4120892059291,775.7415270861238],[568.3853434629855,773.8826936818659],[571.2329407616635,771.7569417376071],[575.0709341454203,768.2339769257233],[578.0960002396605,764.5979001969099],[579.7053560852073,761.9469584524632],[581.2132393820793,758.829202439636],[583.3429964407696,753.2913225078955],[599.8609958891175,699.1447857553139],[602.804853978043,690.109735686332],[604.478582906886,683.8264472000301],[605.1584024762269,680.340043919161],[605.6890719348448,676.5089012291282],[606.0550224967883,672.2441113479435],[606.2327899468946,667.4567467784509],[606.2778468921897,649.427593510598],[605.9316154529806,633.163731014356]]}},{"type":"Feature","id":"way/18290405","properties":{"access":"private","highway":"service","service":"driveway","osm_type":"way","osm_id":18290405},"geometry":{"type":"LineString","coordinates":[[715.709596717672,777.5954012554139],[709.8317728404072,782.2240117965266],[707.3470619060681,784.4505925169215],[705.1067408439121,786.8222006522119],[702.2548044175492,790.6586080919951],[700.3758511925698,793.7531859762967],[699.4950725984527,795.5061319321394],[697.9691159990616,799.512503772974],[697.3633301213267,801.79935443867],[696.6081723539974,806.9740679170936],[696.4368396722712,812.3168779537082],[696.517348866153,814.8387344237417],[696.9710743540782,819.6499023055658],[697.732961523172,824.3618673430756],[698.7236393730273,829.1410592673346],[703.9956879724632,851.8936363533139],[706.0140799541259,859.2748285401613],[708.7177207262139,867.3020443720743],[710.7025789831532,872.3170200642198],[713.332875152817,878.1112229935825],[723.736976067943,897.5996929081157],[730.2332370697404,910.7019944470376],[733.3954652937246,918.4415527777746],[736.224359183223,926.8690067902207],[736.9280822474393,929.5812809849158],[737.5666291270754,933.0932110259309],[737.9276739807101,937.0710035385564],[738.0588112515397,941.4259095285088],[738.0167900258093,945.5693155927584],[737.7780655919341,949.4456193456426],[736.4776069745421,957.9626473644748]]}},{"type":"Feature","id":"way/18291389","properties":{"access":"private","highway":"service","service":"driveway","osm_type":"way","osm_id":18291389},"geometry":{"type":"LineString","coordinates":[[2625.2145558696357,1806.4120971234515],[2619.886762973387,1806.1749278809875],[2613.9428038063925,1806.0915505308658],[2556.306372477382,1806.8849988188595],[2547.1730388715514,1806.8705004211515],[2542.3588176627527,1806.4682055711746],[2535.0915990459616,1805.3369810143486],[2530.6104774723062,1804.3801959138364],[2518.5886701797135,1801.2805560603738],[2514.0126293668873,1800.3901688279584],[2509.4198672318016,1799.8329973779619],[2505.0546623789123,1799.7652458315715],[2490.574252030812,1800.7578729605302],[2485.2455812499393,1800.8318552738056]]}},{"type":"Feature","id":"way/18291407","properties":{"access":"private","highway":"service","service":"driveway","osm_type":"way","osm_id":18291407},"geometry":{"type":"LineString","coordinates":[[2624.416021463403,1820.873303540051],[2634.3548923844937,1820.756877264008],[2688.18865747808,1819.1313483994454],[2701.467924593191,1818.580117918551],[2708.4318545868155,1818.0777029301971],[2710.5490326120635,1817.5171501105651],[2712.603939362045,1816.645379778929],[2714.63617052848,1815.418069317937],[2716.669502562203,1813.8019600454718],[2723.6650427932036,1807.7120026769117],[2727.897836349439,1804.358065742068],[2731.3218329608208,1802.2793354084715],[2734.807662066887,1800.667345101945],[2739.351378293184,1799.0250276271254],[2744.7472043012385,1797.540649054572],[2755.4824721811456,1794.9716568449512],[2773.1604269423406,1791.0560205001384]]}},{"type":"Feature","id":"way/18291418","properties":{"access":"private","highway":"service","service":"driveway","osm_type":"way","osm_id":18291418},"geometry":{"type":"LineString","coordinates":[[1585.805782876967,1817.0228717019781],[1578.966188379156,1815.3273266823962],[1572.0467675043037,1813.9648364055902],[1566.8069870517938,1813.2733224052936],[1558.512426625588,1812.5070690903813],[1555.3640676710638,1811.998842409812],[1552.1137340242858,1811.2459573429078],[1547.5395987075171,1809.589770436287],[1532.5748698035604,1802.7516934266314]]}},{"type":"Feature","id":"way/18291425","properties":{"access":"private","highway":"service","service":"driveway","osm_type":"way","osm_id":18291425},"geometry":{"type":"LineString","coordinates":[[1123.421759203251,1710.5364112760872],[1125.907080393401,1714.1086951578036],[1129.6564878771896,1720.3392054876313],[1134.174513153499,1728.5046042576432],[1137.5255870730616,1736.1337779965252],[1139.594346018741,1742.0489121666178],[1140.2006388729787,1745.7052172515541],[1140.229405028862,1749.848810127005],[1139.7356454135734,1754.5798105327412],[1138.6879861464258,1759.8203771496192],[1136.5150484458427,1766.7354405578226],[1133.2893177544465,1774.7697576452047],[1127.7979745183256,1785.8753178911284],[1120.5714238442597,1799.4758470244706],[1118.9403392368113,1801.3823228487745],[1117.089600503794,1802.7550182119012],[1116.1015096572228,1803.2745748516172],[1114.0234806947992,1804.013492897153],[1109.7740144841955,1804.9800931764767],[1107.797978039598,1805.9636660879478],[1105.7891349931015,1807.4248261014],[1101.0411721379496,1811.9115826459602],[1096.252372427669,1816.9314517164603],[1092.8393843948143,1821.07728653308],[1091.0720280592213,1823.7943483889103],[1090.3017394426279,1825.5697451606393],[1089.8628529181588,1827.4015387007967],[1089.8395977889886,1830.3008311931044],[1091.7512318677618,1838.9927035514265],[1092.91108450084,1845.338719018735]]}},{"type":"Feature","id":"way/18291437","properties":{"access":"private","highway":"service","service":"driveway","osm_type":"way","osm_id":18291437},"geometry":{"type":"LineString","coordinates":[[431.80559464072576,1852.956625925377],[446.3040220136172,1847.6825718153268],[452.53931888216175,1844.8653084523976],[457.8439112540218,1841.7347043473274],[460.7070352555602,1839.508963065222],[461.909771044855,1838.356645793654],[462.9941536972765,1837.181818257086],[465.8690844641533,1833.378683858551],[468.0898421978927,1829.1629102723673],[469.1630378788104,1826.1329157892615],[473.8982810473535,1804.3050992963836]]}},{"type":"Feature","id":"way/18291439","properties":{"access":"private","highway":"service","service":"driveway","osm_type":"way","osm_id":18291439},"geometry":{"type":"MultiLineString","coordinates":[[[2623.188301401853,1853.1960025019944],[2631.3263442243333,1853.418870922178],[2639.582294196065,1853.8198201926425],[2658.8634439524612,1855.1627755733207],[2664.2860469083535,1855.3558103935793],[2671.6988197067403,1855.2323159584776],[2684.623444089724,1854.44676845707],[2691.3024315831717,1854.1990290833637],[2696.6940868925303,1854.169830984436],[2700.7268305204925,1854.5478155314922],[2705.0979745262302,1855.2933447938412],[2708.0010421214974,1855.968073100783],[2710.8562744445517,1856.8092971043661],[2714.1367389915395,1858.018310694024],[2723.6368959085084,1862.277588496916],[2737.0134026043233,1869.1695001553744],[2739.8282432396663,1870.3327734628692],[2744.426594489545,1871.678840261884],[2753.246968096122,1873.4590078284964],[2758.549664416234,1874.1738889617845],[2761.8328210348263,1874.4275911562145],[2764.9348596263444,1874.52526014857],[2769.355804759718,1874.404500266537],[2775.040746750252,1873.9429632565007],[2779.6209577153786,1873.3338821036741]],[[2779.6209577153786,1873.3338821036741],[2784.368108186114,1872.3142584171146],[2787.2440335311694,1871.42262649443],[2789.60739433259,1870.3406927157193],[2791.4423081025598,1869.101737328805],[2793.5480764824897,1866.997077663429],[2794.6338309455314,1865.4893869906664],[2799.6164797775564,1856.6055220887065],[2802.042968668451,1852.7577193723992],[2802.64486277831,1852.0706943944097],[2804.5356416750583,1850.6208372879773],[2807.1447348112124,1849.1841319398955],[2810.26639569446,1847.9377324031666],[2813.6950036613853,1847.0143582634628],[2815.456165800744,1846.7305435277522],[2818.6616596981185,1846.5397079735994],[2821.2896658846294,1846.7804677896202],[2822.417766986531,1847.0391771076247],[2825.224644944188,1848.2246825592592],[2826.7216087079723,1849.239830548875],[2827.964797112858,1850.6652763504535],[2828.8038465371355,1852.6338954959065],[2829.02164976747,1853.7675975346938],[2828.951477609866,1856.2335173096508],[2828.624191092211,1857.5100798979402],[2828.06795029802,1858.797099346295],[2827.2749563487014,1860.0612275684252],[2826.19001541927,1861.2800902463496],[2823.2706585478736,1863.56016195938],[2821.5468203746714,1864.5994687238708],[2817.8551624129177,1866.4218905670568],[2812.5685009763693,1868.3952984660864],[2809.605990791868,1869.197803620249],[2805.8620824796963,1869.9647623188794],[2796.7247963476693,1871.371803167276],[2789.9183524130494,1872.030090391636],[2779.6209577153786,1873.3338821036741]]]}},{"type":"Feature","id":"way/18292747","properties":{"access":"private","highway":"service","service":"driveway","osm_type":"way","osm_id":18292747},"geometry":{"type":"LineString","coordinates":[[1420.4928628185298,1521.3745995769277],[1420.3330528147053,1528.1171166459098],[1419.958914553863,1532.3040864374489],[1418.9874957833672,1535.4674936542287],[1418.1622889203136,1537.0649685552344],[1417.045140032249,1538.6061336770654],[1415.6045305366279,1540.0686891404912],[1413.7931824615225,1541.4191851401702],[1406.6553508319193,1544.9440984819084],[1401.8880806397065,1547.6087666926906],[1397.5143328468548,1550.7299245027825],[1395.5440282679047,1552.4910278823227],[1393.7548848495935,1554.4081277884543],[1392.1942680996144,1556.4813482901081],[1390.8778790252982,1558.744056274183],[1389.79814363888,1561.0740368282422],[1388.1680556351785,1565.5576484017074],[1387.1463797075558,1569.8317915312946],[1386.4437674324727,1575.8619345240295],[1386.3581582633778,1581.4160241428763],[1386.5116161690676,1583.10493792966],[1387.1665181108983,1586.239288026467],[1388.2879062878783,1589.0971455667168],[1389.8755471982877,1591.7673792121932],[1393.1889013814507,1595.6307622669265],[1400.771495333407,1603.0934346038848],[1405.993162015744,1607.7505445042625]]}},{"type":"Feature","id":"way/18292752","properties":{"access":"private","highway":"service","service":"driveway","osm_type":"way","osm_id":18292752},"geometry":{"type":"LineString","coordinates":[[533.7898164297221,1610.8972276039422],[543.7744753911393,1605.1789255933836],[547.7505949208862,1603.0448639132082],[555.1565918767592,1599.3974695224315],[576.2424069741974,1589.7966556856409],[583.0246814729762,1586.192171657458],[586.4565130427363,1583.9012546036392],[587.627464949037,1582.859967903234],[589.448683996452,1580.6427914090455],[591.0183155334671,1578.0139681212604],[591.6771154298913,1576.582601367496],[592.6952346830512,1573.5191648695618],[593.0307879809407,1571.9203615775332],[593.275828142243,1568.6328218448907]]}},{"type":"Feature","id":"way/18294499","properties":{"access":"private","highway":"service","service":"driveway","osm_type":"way","osm_id":18294499},"geometry":{"type":"LineString","coordinates":[[1137.4580654352903,1077.5588991306722],[1138.5672570859315,1066.8752740360796],[1139.200717622938,1053.9242628570646],[1139.3300371932564,1046.648452986963],[1141.116534886416,1018.2705524899065],[1141.581140878552,1006.5077282618731],[1141.3597625402617,1003.5744818914682],[1140.6405436740024,1000.8176875673234],[1139.2269707607338,997.9035794734955],[1138.204844972759,996.2679733643308]]}},{"type":"Feature","id":"way/18294502","properties":{"access":"private","highway":"service","service":"driveway","osm_type":"way","osm_id":18294502},"geometry":{"type":"LineString","coordinates":[[1195.853087921685,1085.01943152491],[1195.0518461496104,1037.7612973488867],[1194.8334245461738,1009.3226728728041],[1194.8392669474706,973.5529443956912],[1194.6271025007009,948.7912906976417],[1194.304685849871,942.2030464485288],[1193.5937919279095,933.1921176658943],[1192.7535246102489,925.3583670845255],[1191.9393673145096,919.6353211607784]]}},{"type":"Feature","id":"way/18295665","properties":{"access":"private","highway":"service","service":"driveway","osm_type":"way","osm_id":18295665},"geometry":{"type":"LineString","coordinates":[[2022.1925986573333,1408.3201450845227],[2028.5063443956897,1414.8025492597371],[2042.1163030668977,1429.3474783478305],[2044.4687744266703,1432.2754565989599],[2046.7257238233578,1435.491999907419],[2049.97179589764,1440.755227628164],[2054.410240844707,1448.7988650649786],[2059.545156329754,1459.0883483821526],[2063.3823925684555,1467.5746984891593]]}},{"type":"Feature","id":"way/18296950","properties":{"highway":"residential","name":"Afton Coulee Ridge Road","osm_type":"way","osm_id":18296950},"geometry":{"type":"LineString","coordinates":[[1476.8602073596558,630.9892803663388],[1473.173993339762,630.6240928871557],[1470.909038333455,630.229325148277],[1468.368416983576,629.5783341275528],[1464.321470204275,628.2790783131495],[1458.807789835555,626.28723033797],[1454.3662734617246,624.9091820139438],[1431.0127190278727,618.4381025414914],[1426.058952417632,616.6921436740085],[1423.314674360212,615.4185533327982],[1420.89445741917,614.0125118764117],[1416.7024365449906,610.8244413463399],[1414.820067588822,609.0532301999629],[1412.993636239029,607.0266683911905],[1410.216463246732,603.2424512431026],[1401.0624881055555,589.3771037887782],[1395.4375745343277,581.608541409485],[1391.872144360328,577.3223780896515],[1388.0933279496385,573.1134177837521],[1382.4871517839492,567.2222713679075],[1376.8724296925357,561.5754970051348],[1374.4141885059653,559.6028346735984],[1371.1744961799704,557.5503668375313],[1367.6107958985376,555.6081385519356],[1364.188514537178,553.9328890321776],[1361.3808589896653,552.725811325945],[1358.6909372553928,551.7856495315209],[1352.118697121332,549.9688622923568],[1345.821575967595,548.6193626886234],[1342.4355977425002,548.1550582079217],[1337.9835524577065,547.7546212384477],[1327.886224339367,547.339441517368],[1320.9613491080818,547.5213150484487],[1313.3403370165615,548.2123755803332],[1305.7185443476774,549.2033755807206],[1301.4610174859408,549.9032236421481],[1292.0603105732007,551.8227247549221],[1284.824536662316,553.1480138348415],[1274.572109934641,554.6876292526722],[1264.3053712000838,555.6606847541407],[1254.987769563857,555.9919253028929],[1248.6718116261181,555.8088761642575],[1241.5356171941967,555.2793352231383],[1234.5105066300603,554.5390271581709],[1217.1382958456525,552.2722123004496],[1210.6104225881281,551.5998721439391],[1204.18461348844,551.1499753957614],[1191.4024119810201,550.8835717244074],[1182.8750186499092,550.9614660870284],[1149.5046681253007,552.4192535597831],[1145.2495426673559,552.1971970461309],[1140.8612836559769,551.5526724504307],[1138.6755225952948,551.0471408609301],[1134.4551035613986,549.6143428962678],[1132.467847000109,548.6760901622474],[1130.6073192071053,547.5826446106657],[1128.873462778225,546.3562231957912],[1125.753981246031,543.582130625844],[1124.376137005398,542.0789138088003],[1121.999832183763,538.9179391879588],[1121.0170767977834,537.2935475716367],[1120.1685446394258,535.6695023030043],[1118.8977223677794,532.4669458167627],[1118.1325845969259,529.1212817905471],[1117.7391086557764,525.5544041739777],[1117.5822689954075,522.0770056927577],[1117.5190514550195,512.9122418975458],[1117.1488990161452,506.4238609690219],[1116.6434796872782,503.4010166209191],[1115.8444920975599,500.9328456874937],[1114.8320373708848,498.5752105396241],[1113.598277040699,496.3058738540858],[1112.0800177723286,494.135781458579],[1111.2141114820843,493.12266609538347],[1110.253343579534,492.1537407618016],[1108.0473087344435,490.31513475067914],[1105.3836157283513,488.3642641110346],[1102.404155379918,486.39036383107305],[1097.6658966279938,483.66765803750604],[1092.9338418337866,481.60037951823324],[1086.843028991425,479.80732213146985],[1082.1716456868453,478.70665648952127],[1075.0297713486361,477.2774898260832],[1064.3040968992864,475.5280772317201],[1045.1961527623353,472.6462954618037],[1037.5073581988108,472.0378033351153],[1032.7547250761418,471.82565372250974]]}},{"type":"Feature","id":"way/18297576","properties":{"highway":"residential","name":"36th Street South","oneway":"no","osm_type":"way","osm_id":18297576},"geometry":{"type":"LineString","coordinates":[[1703.67229415552,388.74555860087276],[1695.8636580291204,388.64695304539055],[1473.9181538183475,384.10377942956984],[1472.5838680845336,384.06693887058645],[1462.7315242573968,383.47445570863783],[1457.2839576101978,383.2823794204742],[1435.7045946446015,383.3811462856829],[1432.5298218341195,383.6394093548879],[1427.5298290543142,384.39276614878327],[1422.489600450499,385.4348449623212],[1419.2106392240967,386.28159719053656],[1417.5431594310794,386.8437580121681],[1414.1521143895807,388.278974740766],[1410.752388034889,390.01410287525505],[1407.4153044012492,391.9493521088734],[1399.340110607678,397.1492141094059],[1383.3151326430961,407.9158811913803],[1377.0676014422788,411.6986584542319],[1371.8803360273014,414.6288551054895],[1367.9591725611826,416.4959438685328],[1363.4858095000382,418.1727435234934],[1360.1908200301114,419.1194613799453],[1356.619948520849,419.8877214938402],[1352.820917352161,420.34434585087],[1347.182866969204,420.5406660493463],[1343.8433819827042,420.3875238345936],[1341.128089191392,420.0693856002763],[1338.3267276739352,419.45109121128917],[1334.7763519251603,418.41982267051935],[1330.8399001405342,417.07650666777045],[1324.9716200209805,414.7283740453422],[1318.694964549737,411.5349267916754],[1314.0046660162043,408.60112284868956]]}},{"type":"Feature","id":"way/18297631","properties":{"highway":"secondary","maxspeed":"50 mph","name":"Afton Boulevard","name:etymology:wikidata":"Q692740","ref":"CH 18","osm_type":"way","osm_id":18297631},"geometry":{"type":"LineString","coordinates":[[0.0,335.816327712313],[52.00663655338576,379.83817571774125],[76.81117342237849,401.059937633574],[98.19700509193353,418.89651070628315],[129.2660345204058,445.17694259248674],[140.82559734530514,454.81391617283225],[145.90012465656037,459.0474977456033],[177.14995669777272,485.49523312598467],[190.45072444021935,496.6028674459085],[192.58598575810902,498.42987543717027],[212.8591454848647,515.7531327828765],[220.38402064004913,522.0700557623059],[223.23610483668745,524.5764469113201],[230.05063399858773,530.7805627612397],[241.08702422230272,541.1385022643954],[247.45166515017627,547.26377811376],[252.27206287207082,552.0411457847804],[260.6046317938017,560.592919299379],[266.71584593795706,567.0175272161141],[272.7637481809361,573.497529162094],[278.2914898012532,579.5874626003206],[283.38576002646005,585.3541900431737],[288.29856193828164,591.0649341261014],[292.91192731657065,596.5305591663346],[298.9576513110078,603.8770519681275],[307.20634143892676,614.3837956953794],[322.3328424207866,634.1720043150708],[324.00918779417407,636.364514240995],[379.80552961846115,710.3517350777984],[446.1010647499352,797.1847567046061],[489.6047788566211,854.0797412581742]]}},{"type":"Feature","id":"way/18297887","properties":{"highway":"residential","name":"Afton Hills Drive South","osm_type":"way","osm_id":18297887},"geometry":{"type":"MultiLineString","coordinates":[[[662.6038471957436,1769.8724457425997],[657.8050432530581,1766.4167346432805],[653.9195705405436,1763.907550339587],[613.039970709302,1740.3437638347968],[608.5944051608094,1737.6665771501139],[604.1335198784946,1734.8005086788908],[599.8939967920305,1731.8016930352896],[597.9242899100063,1730.274889651686],[594.2851522434503,1727.0998399732634],[588.2853973155725,1720.8751343013719],[584.1688165534288,1716.0548219783232],[580.2737624200527,1711.035110047087],[576.8915395013173,1706.1277664639056],[575.3662709100172,1703.646737601608],[570.8401500797481,1695.270652897656],[567.9028617536533,1689.2091273460537],[562.4624718065024,1677.0760543672368],[558.9153792834259,1668.6246591247618],[543.0161399153876,1630.7379749584943],[538.7777927423595,1620.8851842647418],[536.9953543138108,1617.0482730763033],[533.7898164297221,1610.8972276039422],[528.9237652143347,1602.6647404897958],[522.7573120067245,1593.5625508297235],[519.0592139262008,1588.6544537004083],[517.1230916373315,1586.2946127783507],[512.147473586956,1580.839021644555],[503.30416753847385,1571.9968063244596],[497.5468863603892,1566.5837198300287],[492.765642209677,1562.317249013111],[487.447720382479,1557.9939070548862],[476.72364107344765,1549.9024487640709],[465.6992220579996,1541.9435678832233],[460.42673209670465,1538.3868559645489],[455.2711650921847,1535.430303396657],[451.98345827002777,1533.7225443767384],[444.555786373734,1530.1716189915314],[436.70132004068,1526.8196017937735],[429.3109336839407,1524.1463672956452],[426.0528694106033,1523.2162982625887],[421.8161036821548,1522.206052109599],[416.3167430249159,1520.9927347134799],[409.0494688001927,1519.6084275292233],[401.9790006914991,1518.4467866700143],[392.20133251330117,1517.0563037050888],[376.5039177284925,1515.251336865127],[357.90147155575687,1513.4059326676652],[336.0148733370006,1511.5969450129196],[328.65041121590184,1511.2011572988704],[312.8315243862453,1510.629104776308],[301.7796542547294,1510.5353414546698],[296.18201676098397,1510.7548979865387],[288.4670172916376,1511.6580054014921],[282.867667169543,1512.577412248589],[277.4416670232313,1513.6305518280715],[270.65624425112037,1515.335777205415],[266.42125533352373,1516.8139685578644],[261.46655567974085,1518.8347245063633],[256.32171698031016,1521.1327347811311],[249.45307515078457,1524.5929405912757],[246.01398197282106,1526.6618474135175],[242.62930973182665,1529.075256162323],[241.17385739955353,1530.2603226313367],[239.22798322566086,1531.8441017670557],[235.92073996679392,1534.8797857416794],[232.84202701307368,1538.0826586382464],[230.06300116796046,1541.4084593635052],[227.45692004769808,1545.034616066143],[225.11843353824224,1548.9946853714064],[224.09497765346896,1551.0806079572067],[222.44221141200978,1555.4866962665692],[221.84450494940393,1557.7958303820342],[221.42030976514798,1560.172039585188],[221.06130915490212,1564.9478692859411],[221.21567834931193,1569.6249739453197],[221.83613215753576,1574.1699123829603],[222.85965134570142,1578.5269878776744],[224.2231898495229,1582.6516123060137],[226.0840621633688,1586.7774507896975],[227.24725469446275,1588.8909271107987],[229.16595868754666,1591.9615889675915],[231.44738748663804,1595.1997662261128],[234.6587293196353,1599.0956234522164],[236.34374767297413,1600.8771171821281],[240.30562902556267,1604.530420647934],[247.35559408302652,1610.8240152709186],[274.9810820874991,1635.1639200011268],[286.59837245976087,1646.045492971316],[290.74867647432256,1650.0992001155391],[296.3550052973442,1655.9449671134353],[311.12399700144306,1672.4441657839343],[320.27134233515244,1682.8976130969822],[333.5113523854525,1698.3377917790785],[341.21679579577176,1707.6546473084018],[355.31116868543904,1725.5297608496621],[373.2440077110077,1748.990889877081],[380.78942588018253,1759.1294381525367],[390.79533782444196,1773.4509057160467],[396.03341075911885,1781.2954059448093],[400.69658199028345,1788.5830606268719],[405.2559419198078,1796.3481333646923],[410.4980865919497,1805.725645976141],[414.5289401394548,1813.3227911833674],[419.7914177220664,1824.0445055002347],[427.2784749076236,1841.7590480307117],[431.80559464072576,1852.956625925377],[435.55527130438713,1862.5082078501582],[440.71417865215335,1876.77333575394],[444.06759599555517,1886.9460257412866],[446.1031143706059,1893.7717594122514],[448.9183039605268,1904.5207686861977],[451.7286706727464,1917.2137769963592],[452.60942109290045,1921.7593857524917],[454.1732431973214,1930.9834177233279],[454.80920000432525,1935.5617465823889],[455.71882250875933,1944.3842485379428],[456.7113891420886,1961.149624175392],[457.0614544057753,1972.7923320289701],[457.07594293472357,1979.6908252136782],[455.52640190074453,2025.2656853571534],[455.5425077144755,2041.0733027104288],[455.64190386608243,2045.5614346191287],[456.4317412363016,2070.868846176192],[456.90273817052366,2078.3016853202134],[457.64940463920357,2085.9795972639695],[458.7271598128136,2093.8360676281154],[460.2216208545142,2102.360088387504],[461.5960009859409,2108.3732618913054],[462.42515046615154,2111.4301893580705],[464.3441823323956,2117.444713124074],[466.61930156248854,2123.104643933475],[467.88372094463557,2125.707197204232],[469.2354915314354,2128.09890330676],[470.78468238172354,2130.4577732477337],[472.6335513131926,2132.92847289145],[474.76642099034507,2135.466529112309],[477.14393352280604,2138.0274100573733],[479.7661712593399,2140.5777903199196],[482.5859105383279,2143.062009888701],[485.603261479293,2145.4356347788125],[488.7788391064387,2147.665241627954],[491.0645145889139,2149.059493730776],[495.5341570379096,2151.4811630658805],[499.06670220324304,2153.0007090857252],[502.6788155538379,2154.2649562209845],[507.45143990864744,2155.4654372297227],[510.16551174531924,2155.9942875420675],[514.0400954515208,2156.45937202964],[517.9942490419489,2156.6691582119092],[522.0358664984815,2156.623665866442],[526.1649483061628,2156.3228951580822],[530.389388485637,2155.7668658951297],[534.6934005357325,2154.9555389741436],[539.0296238946612,2153.888796632178],[543.2875221576542,2152.5774722797796],[547.4591192264925,2151.054871781729],[551.4968882289832,2149.3875283244997],[555.3850145961042,2147.5865108780563],[562.5777066653245,2143.760855318047],[565.8268236053409,2141.8138386793435],[571.4722287943587,2138.0509861707687],[574.0267475593719,2136.0911321733147],[576.6214009515243,2133.8647722182795],[581.7409468792612,2128.9008842930198],[586.4269654974341,2123.691527977586],[590.2518720987136,2118.7688485784456],[591.7176197429653,2116.595218250528],[592.8117047249107,2114.6872669104487],[593.7005020670476,2112.8010201463476],[594.5662575580063,2110.659217439592],[596.2043796678772,2105.84216478467],[598.220636992366,2098.1711395364255],[599.4058505156427,2091.386728431098],[599.7250001434004,2086.8663135953248],[599.8504012853373,2074.5915908981115],[599.6844697399065,2055.7065057381988],[599.0882060833974,2022.6568436613306],[598.7466301643872,1966.657394115813],[598.5096462212387,1947.7721346924081],[598.3714695190429,1936.7298136595637],[598.1083758670138,1915.6560903824866],[596.2744183621835,1821.905811429955],[596.1540431707981,1816.373415267095],[596.1816980500589,1808.4641432184726],[596.3153560457868,1805.520691501908],[596.5494428927777,1803.4550721002743],[597.7533369610319,1798.6924800099805],[598.9692177568213,1795.4517997391522],[600.5484164295485,1792.1342672975734],[603.687504302361,1786.9099506940693],[604.9706316898228,1785.1913212817162],[606.3796467817738,1783.6396362194791],[607.8908676295541,1782.254836378619],[611.0700241263839,1779.9521919069812],[612.6827295239782,1779.0231005968526],[615.7886482648319,1777.5978566519916],[619.7938988165697,1776.4081454873085],[622.6056580041768,1775.8153156843036],[628.4812849127338,1774.8302461607382],[648.7287024801481,1771.9927242761478],[662.6038471957436,1769.8724457425997]],[[662.6038471957436,1769.8724457425997],[776.1493739160942,1752.0623614983633],[783.6587710373569,1751.2148655224591],[786.7458924734965,1751.0004969546571],[789.4932905794703,1750.8963571079075],[794.2848734728759,1750.9418006502092],[798.6653492290643,1751.2305974280462],[803.2111491069663,1751.6975536048412],[807.8978876335896,1752.6203234540299],[812.4574767778395,1753.876033557579],[816.6377296288847,1755.29741550982],[820.1786785530276,1756.6727460734546],[851.4125579654938,1770.2600390398875],[860.2369066838291,1773.8372041359544],[865.1271149743116,1775.4492676155642],[871.240747053118,1777.1199870184064],[878.0729259421933,1778.7147786933929],[885.1503799171187,1780.0880289943889],[891.9761564111686,1781.0940620107576],[899.5522828126559,1781.9353830814362],[922.8182335607125,1784.1497290143743],[950.9551464977558,1786.2210763739422],[967.8851608235855,1787.26411121618],[980.2461813711561,1787.662308178842],[985.1722463476472,1787.5860437834635],[989.8539964825031,1787.3536369595677],[994.2835381174227,1786.9650669582188],[1002.4329623696976,1785.875076469034],[1012.9057522317162,1783.8023838764057],[1018.932644141023,1782.3403889061883],[1025.1737591706915,1780.4568212796003],[1031.455288589932,1778.2067786976695],[1034.4976367930649,1776.9815294360742],[1040.1641835957998,1774.4410925013945],[1042.7014626487507,1773.1590071264654],[1044.9782410480548,1771.8762536616996],[1051.1533801556216,1768.0263145901263],[1055.2023000348127,1765.2373449224979],[1061.585266245529,1760.388173460029],[1079.1943453036365,1746.0477977357805],[1123.421759203251,1710.5364112760872],[1139.8837167703314,1697.2596701346338],[1165.6725146937533,1676.4199023256078],[1267.1853352417238,1593.8463045498356],[1300.1666720049107,1566.949384299107],[1317.374296455062,1552.5752891674638],[1331.078882210073,1540.4693545205519],[1337.579504962021,1536.0762186385691],[1342.7446660148562,1532.1905941357836],[1347.9557753820554,1528.8494166824967],[1350.533091831312,1527.4120368370786],[1353.0547715516295,1526.1189246075228],[1357.8837669990608,1523.9987044315785],[1360.1436874418869,1523.1825808938593],[1364.3070650828886,1522.0159652661532],[1368.2247027831618,1521.2375107500702],[1372.1179311220767,1520.7367103649303],[1376.2079064268037,1520.4697089754045],[1380.684237060952,1520.3814607216045],[1391.3570407837396,1520.5205257050693],[1420.4928628185298,1521.3745995769277],[1443.6608507244964,1522.1131272045895],[1454.3879459355376,1522.6190247340128],[1465.233132175752,1523.247446171008],[1476.969727819669,1524.1226252131164],[1484.6635329073179,1525.3315315507352],[1492.0560332500027,1527.0395405469462],[1498.8399656765978,1529.012559067458],[1504.3764204332256,1531.0489431368187],[1508.666219872306,1532.8376500895247],[1517.0634800627013,1536.703415271826],[1528.787210326991,1542.433126181364],[1552.4459003759548,1554.593015709892],[1565.224629690696,1561.3697981610894],[1572.531705936708,1565.499355350621],[1575.2034084940678,1567.183840711601],[1578.0403585524182,1569.0687206834555],[1583.9261310876464,1573.3167174961418],[1586.8410162393702,1575.5795015441254],[1592.291621585784,1580.1929365014657],[1594.6933760147076,1582.4543624855578],[1596.7953841876588,1584.6261246753857],[1598.5266869871411,1586.6747085098177],[1600.005403207615,1588.7115135863423],[1602.732986232848,1593.1288819937035],[1605.1123648363282,1597.8674771403894],[1607.0729932104587,1602.7382645495236],[1608.5837380231242,1607.574531677179],[1609.6130825844011,1612.3539772126824],[1609.9769974866067,1615.0321239661425],[1610.261498087144,1617.8877978762612],[1610.6083991955966,1623.9984664469957],[1610.7257490204647,1630.3418065104634],[1610.559130042966,1639.5726363435388],[1610.025883769733,1647.1473062587902],[1609.0046044150367,1657.164578798227],[1607.71274451731,1668.003171660006],[1605.7803027358605,1682.250413570553],[1604.7292118121404,1688.6350854197517],[1603.5213031932362,1694.619430293329],[1599.2508671346586,1712.3485768949613],[1598.9064087034785,1714.2361298995093],[1598.7983594039106,1716.2798314122483],[1598.950578140968,1718.4130929727107],[1599.3869237712934,1720.569326150231],[1600.1391196820769,1722.6930720694363],[1601.2310246981215,1724.7177423983812],[1602.6864386874367,1726.5989659791812],[1604.5450381716946,1728.2590880058706],[1606.822729140753,1729.6537165436894],[1609.5434003126575,1730.7051550690085]]]}},{"type":"Feature","id":"way/18297962","properties":{"highway":"residential","name":"Pennington Avenue South","osm_type":"way","osm_id":18297962},"geometry":{"type":"LineString","coordinates":[[1484.6671098168008,1116.7785505624488],[1484.38226564473,1114.022861593403],[1483.9851201339043,1108.9451748384163],[1483.7074002365698,1094.5032358830795],[1483.3958660088247,1089.892337091267],[1482.9095613360987,1085.691996557638],[1481.516941851005,1077.8900740109384],[1478.4306043354445,1062.6964555364102],[1476.2615629194188,1052.9262625481933],[1473.8249080624664,1042.8443240197375],[1472.7567709719879,1037.7315448476002],[1471.8566785253934,1031.7638449305668],[1471.634662115015,1029.130517278798],[1471.5480003073462,1026.0643100794405],[1471.632574865187,1020.93235086184],[1471.906305760669,1015.9230848224834],[1474.6250325488509,990.8692038832232],[1475.2307145866216,982.7281824620441],[1475.5002428838052,976.3192198732868],[1475.2930055203033,947.1030083391815],[1474.1622282549506,902.8321885904297],[1473.1264041603426,873.4582769041881],[1472.9565298361122,866.0150563698262],[1472.9814122765092,853.5734717436135],[1473.928407508938,781.8143105637282],[1474.1676217279746,747.9558835895732],[1474.7140095763607,732.3608288792893],[1475.7446250059875,700.7928640767932],[1476.0449400224024,688.6963754184544],[1476.1977324268664,675.6552661871538],[1476.5977928051725,640.6864074813202],[1476.8602073596558,630.9892803663388],[1477.3494759630412,613.1057041212916],[1477.364792411914,604.2966152811423],[1477.163866094139,593.6540358578786]]}},{"type":"Feature","id":"way/18298995","properties":{"highway":"residential","name":"33rd Street South","osm_type":"way","osm_id":18298995},"geometry":{"type":"LineString","coordinates":[[1774.5383129429538,853.3752481285483],[1743.6770754797035,852.9926330549642],[1712.8721695382847,852.2104068780318],[1704.0599932982586,852.6423205891624],[1695.0501733515412,853.173696427606],[1634.731159054907,853.1129561783746]]}},{"type":"Feature","id":"way/18299811","properties":{"access":"private","highway":"service","service":"driveway","osm_type":"way","osm_id":18299811},"geometry":{"type":"LineString","coordinates":[[1565.8235895223916,1260.805270078592],[1570.3192794786883,1259.4397128829733],[1574.6971997965593,1257.8294569291174],[1578.6331115633366,1256.1847061552107],[1582.9886485731113,1254.0856170412153],[1584.6176234377199,1253.079052515328],[1587.1808469516109,1251.0640817862004],[1589.7216849228716,1248.5602732282132],[1591.092113961,1246.8087465940043],[1593.5357782705687,1242.2495862636715],[1595.8467995409737,1237.1013177707791],[1600.1666527459747,1224.660016728565],[1602.372350996884,1217.5563532970846],[1603.807668427471,1212.1835903786123],[1605.6578888603253,1202.1907421974465]]}},{"type":"Feature","id":"way/18299815","properties":{"highway":"residential","name":"Perrot Avenue South","osm_type":"way","osm_id":18299815},"geometry":{"type":"LineString","coordinates":[[1605.6578888603253,1202.1907421974465],[1602.9423796270858,1202.0835540974513],[1600.5438376735547,1201.5328636607155],[1598.5566745777032,1200.6611159956083],[1596.8938716329285,1199.5347315045074],[1595.5237320930464,1198.1980603095144],[1594.4382139050867,1196.7066239956766],[1593.6213803928695,1195.1159232445061],[1593.0652191033005,1193.4703711876646],[1592.738004016399,1191.8254266846925],[1592.6395879264455,1190.2366324290633],[1592.6835730614257,1114.1537937903777],[1592.400779490068,1110.64271894563],[1591.6082418258884,1105.8416915303096],[1590.5537298203562,1101.584291672334],[1588.081598379591,1093.0463121198118],[1585.9934199224808,1085.5979969212785],[1585.2996475935797,1082.2524618506432],[1584.8894113518181,1079.1631771419197],[1584.7080074826372,1076.1189338518307],[1585.053915090568,1052.858399167657],[1585.116406539164,1017.3887401390821],[1585.2364810371073,1013.7898657144979],[1585.855764033564,1006.5264707617462],[1587.287962394068,999.3652097107843],[1588.7300602808828,994.4256992330775],[1590.0580651261262,990.8300293991342],[1592.4720134573872,985.6042739925906],[1594.7963501289487,981.4224919546396],[1596.262903345225,979.171334059909],[1598.3465036857524,976.4552522124723],[1599.8032476725639,974.9261293597519]]}},{"type":"Feature","id":"way/18300994","properties":{"highway":"residential","name":"Afton Boulevard South","surface":"asphalt","osm_type":"way","osm_id":18300994},"geometry":{"type":"LineString","coordinates":[[1703.4788393314811,1085.0331046888605],[1715.2423565202043,1084.9867717111483],[1808.3366516329697,1085.8472181344405],[1810.9734677689266,1085.87652116362]]}},{"type":"Feature","id":"way/18302752","properties":{"highway":"residential","name":"35th Street South","osm_type":"way","osm_id":18302752},"geometry":{"type":"LineString","coordinates":[[1595.0465372043545,503.2972454633564],[1696.1653231595992,503.4108183886856],[1703.9109219743987,503.40927924308926]]}},{"type":"Feature","id":"way/18304433","properties":{"highway":"residential","name":"31st Street South","surface":"asphalt","osm_type":"way","osm_id":18304433},"geometry":{"type":"LineString","coordinates":[[1605.6578888603253,1202.1907421974465],[1619.442408094299,1202.0829498637468],[1676.0326115303906,1201.8447955697775],[1693.5032146365847,1202.0247081331909],[1704.1689763500472,1202.0420776549727],[1712.1665095063508,1201.9856827659532],[1715.2533647220698,1201.9828233728185],[1753.9773171286215,1201.9086965955794],[1789.803650298738,1201.927002871409],[1795.8660301695927,1202.220994308591],[1801.406733101583,1202.7468713391572],[1812.9996491224156,1204.4109890386462],[1816.6058807176887,1205.031657542102],[1826.1780771032209,1206.5681719947606],[1829.8956089629792,1206.9003231171519],[1835.4135180645972,1207.092909494415],[1840.9321147163282,1207.0300040841103],[1845.4327453716542,1206.7977326428518],[1866.871318657708,1205.1892072940245]]}},{"type":"Feature","id":"way/18305366","properties":{"highway":"tertiary","name":"Stagecoach Trail South","ref":"CH 21","osm_type":"way","osm_id":18305366},"geometry":{"type":"LineString","coordinates":[[1736.8937989146798,1443.5422434080392],[1728.2179958596826,1446.4183832807466],[1726.0766247010324,1447.156933943741],[1721.8722337303334,1448.856419486925],[1717.8724457878852,1450.8008445659652],[1716.1488265712978,1451.7849051328376],[1714.2196272803121,1452.890611632727],[1711.032371953479,1455.0593852242455],[1706.1191288125701,1459.100907641463],[1702.6768560959026,1462.1688030743971],[1698.5135293917847,1466.2345515489578],[1695.0857183343032,1469.8023779764771],[1690.358403383405,1475.1774443211034],[1687.5940237529576,1478.6359591726214],[1682.5871595977806,1485.23223448731],[1680.2887323840987,1488.6253437884152],[1677.0294936352875,1494.1154223997146],[1673.4114910252974,1500.9264729842544],[1671.998541427718,1503.8331666402519],[1669.6622416589526,1509.592316891998],[1667.2915856071631,1516.395587633364],[1665.2844275322277,1523.0665244841948],[1643.8454202053836,1602.369477570057],[1633.6716495045112,1640.2228371584788],[1614.22242571495,1713.699161561206],[1609.5434003126575,1730.7051550690085],[1585.805782876967,1817.0228717019781],[1579.5325391609804,1839.9011275526136],[1574.189049252309,1860.4712589448318],[1568.7079529677867,1882.3407408902422],[1561.3525091806077,1911.503635847941],[1553.719760530861,1941.076825463213],[1541.872281416261,1985.3800315046683],[1529.6689929013373,2026.9829219430685],[1521.1656441169325,2054.5431887041777],[1518.7802603230812,2061.0798721369356],[1516.6749741411768,2066.173173679039],[1514.277451147791,2071.3323556780815],[1511.6835892768577,2076.1133262589574],[1508.7028269703733,2080.9377105990425],[1505.152350943128,2086.282697944902],[1499.1864751197281,2094.598426085897],[1492.9853314370266,2102.3358898200095],[1464.5756257327157,2135.486926143989],[1438.8812703462077,2165.0]]}},{"type":"Feature","id":"way/18305820","properties":{"highway":"secondary","maxspeed":"30 mph","name":"Saint Croix Trail South","name:etymology:wikidata":"Q1507416","ref":"CH 21","osm_type":"way","osm_id":18305820},"geometry":{"type":"LineString","coordinates":[[1703.4788393314811,1085.0331046888605],[1703.38289762137,1070.7027258342132],[1704.1333914459683,970.0161877619103],[1704.0681705711759,958.9629364777356],[1704.0702476333827,863.5843370268121],[1704.0599932982586,852.6423205891624],[1703.9941168178339,841.83345921617],[1704.045867625624,810.6294901147485],[1703.9885033452301,734.5464203162119],[1704.0005895498325,679.7587601123378],[1703.8322050801362,624.5484954053536],[1703.869447653764,583.9910456687212],[1703.9109219743987,503.40927924308926],[1703.67229415552,388.74555860087276],[1703.415633503173,378.4138660207391],[1702.2937739603803,331.34369243029505],[1701.502985988569,284.4743614355102],[1701.3841115844552,275.76489530690014],[1701.0342693540151,244.137755041942],[1700.624807574728,220.0532013932243],[1699.9505901562516,206.41003228258342],[1699.4517958780634,200.99880933202803],[1698.910051869636,196.8871788047254],[1697.2761286216555,187.80708616320044],[1696.0753617163864,182.10516639240086],[1695.26292799972,178.8259593853727],[1694.1980598946684,175.45721003506333],[1691.9717607090715,169.39707926195115],[1689.7127176163485,163.77009762451053],[1686.5648617474944,156.8521478176117],[1683.9732298824238,151.57975665479898],[1682.3153223560657,148.52046891488135],[1679.6739678223967,144.12552684172988],[1673.390616026416,134.52205094508827],[1671.1878148742835,131.48353120684624],[1665.348711199651,124.05853396654129],[1650.3473812841112,105.8004773138091],[1633.2456610153895,84.54865721054375],[1631.1058740091394,81.55475364625454],[1626.8907322163577,75.08945001848042],[1624.052792549308,70.36075113154948],[1621.3494364583166,65.49910790659487],[1615.4590248515597,53.56392821483314],[1612.892337585392,47.78063769545406],[1592.6252868770036,0.0]]}},{"type":"Feature","id":"way/18306148","properties":{"highway":"residential","name":"34th Street South","osm_type":"way","osm_id":18306148},"geometry":{"type":"LineString","coordinates":[[1703.9885033452301,734.5464203162119],[1695.035266810737,734.5225172638893],[1618.4585087655578,734.518541273661]]}},{"type":"Feature","id":"way/18306505","properties":{"highway":"residential","name":"32nd Street South","osm_type":"way","osm_id":18306505},"geometry":{"type":"LineString","coordinates":[[1849.204557670164,964.2066584164277],[1822.7909838611376,965.9351693382487],[1813.5521786704776,966.5324138104916],[1798.8490021684556,967.5037966351956],[1790.0842584249913,967.9690445577726],[1756.3050573827932,969.544760084711],[1726.3578201598139,970.0533635094762],[1715.1153089229483,970.0455264141783],[1704.1333914459683,970.0161877619103],[1694.0909766147379,969.9893755046651],[1616.7289805138134,969.4389869933948],[1613.025969011127,969.5291265696287],[1610.7832339397282,969.7342329798266],[1607.0390958579956,970.4463494634256],[1604.7866671235533,971.3290580110624],[1603.1340508316061,972.2911201138049],[1601.433386925084,973.5085533363745],[1599.8032476725639,974.9261293597519]]}},{"type":"Feature","id":"way/18307108","properties":{"highway":"residential","name":"Pike Avenue South","oneway":"yes","osm_type":"way","osm_id":18307108},"geometry":{"type":"LineString","coordinates":[[1807.3052327531623,1311.0384984156117],[1808.2783831141423,1310.2524008778855],[1810.0120985712856,1308.4685710035264],[1811.4074234985164,1306.2839215165004],[1812.4015894097975,1303.5538713317364],[1812.9319171965471,1300.1005137562752],[1813.0449094421347,1266.874914623797],[1813.007120088616,1210.4429927617311],[1812.9996491224156,1204.4109890386462],[1812.4454435477383,1163.8741265302524],[1810.9734677689266,1085.87652116362]]}},{"type":"Feature","id":"way/193315375","properties":{"highway":"residential","name":"Upper 34th Street South","surface":"asphalt","osm_type":"way","osm_id":193315375},"geometry":{"type":"LineString","coordinates":[[1474.7140095763607,732.3608288792893],[1470.1822403447586,732.3044562293217],[1465.6983984704711,732.0371493278071],[1456.4634145579766,731.0686055030674],[1428.9495384929469,727.5525822881609],[1425.6826443410246,726.8774824105203],[1424.0733789030346,726.3511501895264],[1422.5434161275043,725.6917233038694],[1421.1085756796529,724.8881346331909],[1419.82415364997,723.9294207133353],[1418.7217311451677,722.8156643835828],[1417.83294765756,721.5247314078733],[1417.1972796774353,720.0567253483459],[1416.8542621053057,718.3895327104256],[1415.8614644324407,708.6002378789708],[1415.3874338078895,705.7107539493591],[1414.2924438186456,701.7643216513097],[1412.5179013767047,698.0271693849936],[1410.0562891727313,694.3548660203815],[1408.0415883495589,691.8723579868674],[1404.4907658958691,688.0638952078298],[1400.4742894998053,684.1875613089651],[1388.39170652529,673.147244554013],[1385.6592708759126,670.3740385416895],[1382.3212484247633,666.6994493473321],[1380.0550990547636,663.7497297758237],[1377.2404915808584,659.1878256490454],[1374.2789228307665,653.4591336967424],[1368.9788938684505,642.2366663161665],[1367.587983393285,639.7224787222221]]}},{"type":"Feature","id":"way/193315379","properties":{"highway":"residential","name":"35th Street South","tiger:cfcc":"A41","tiger:county":"Washington, MN","tiger:name_base":"35th","tiger:name_direction_suffix":"S","tiger:name_type":"St","tiger:reviewed":"no","osm_type":"way","osm_id":193315379},"geometry":{"type":"LineString","coordinates":[[1703.9109219743987,503.40927924308926],[1711.553908305068,503.3963667191565],[1802.6690617385902,503.4737949548289]]}},{"type":"Feature","id":"way/238014235","properties":{"highway":"service","service":"driveway","osm_type":"way","osm_id":238014235},"geometry":{"type":"LineString","coordinates":[[2830.4922814616584,208.21677894331515],[2826.4441880685627,246.1745164114982],[2817.831982119358,270.36680709104985],[2811.864464568498,291.95610259938985],[2811.1486361959833,313.2270732065663],[2805.1928257466643,327.94017380382866],[2798.9128369463724,340.0418335078284],[2789.031528738793,352.444314096123],[2789.6543230735697,363.9101782394573],[2782.7228061705246,374.68807831872255],[2779.414039184747,383.18789037968963]]}},{"type":"Feature","id":"way/283720810","properties":{"highway":"service","oneway":"no","service":"driveway","osm_type":"way","osm_id":283720810},"geometry":{"type":"LineString","coordinates":[[1876.6239437430631,1760.1582773569971],[1900.4706290510949,1751.8689723107964]]}},{"type":"Feature","id":"way/295578851","properties":{"highway":"secondary","lanes":"2","maxspeed":"50 mph","name":"Saint Croix Trail South","name:etymology:wikidata":"Q1507416","ref":"CH 18","surface":"asphalt","osm_type":"way","osm_id":295578851},"geometry":{"type":"LineString","coordinates":[[1947.6721580551239,2001.3745105778798],[1933.6123472988256,1952.1806972855702],[1920.6758367344737,1907.8666510144249],[1890.7640700902557,1806.2417445536703],[1881.1016288264655,1774.133916360326],[1876.6239437430631,1760.1582773569971],[1868.5650642264518,1736.3862746143714],[1865.2730827206979,1727.6571183651686],[1859.2201101580285,1712.3442092314363],[1855.5258646459552,1703.4806705480441],[1846.3459257869981,1682.6161397881806],[1840.4760723063955,1669.6254476336762],[1834.7602801891044,1658.0459724012762],[1824.9442521687597,1638.823840145953],[1820.3335055697244,1630.2133564231917],[1814.9676530765719,1620.578851815313],[1783.616876422544,1565.717976600863],[1781.0559303255868,1561.0232621058822],[1776.9562880213489,1553.1251350827515]]}},{"type":"Feature","id":"way/731544959","properties":{"access":"private","highway":"service","service":"driveway","osm_type":"way","osm_id":731544959},"geometry":{"type":"LineString","coordinates":[[1125.1993959140382,669.7856024326757],[1124.866665107431,706.9430446354672],[1124.811625766859,712.9748781016096],[1125.0069579986157,716.830069931224],[1125.683988380595,720.6531788269058],[1126.874125197879,724.5109376562759],[1128.663584852242,728.6479586446658],[1131.7034297808423,734.7099971882999],[1135.4205692575197,741.4291938887909],[1138.5748076640302,745.9918687017635],[1141.5979495722568,749.3433679062873],[1145.3718828117126,752.4079841589555],[1148.4067881568917,754.2598544852808],[1151.3642321097432,755.5338782845065],[1156.3267789678648,756.9241725066677],[1160.1066749827587,757.6782217277214],[1163.1218523014104,757.9970596572384],[1183.482064640033,758.6718275574967],[1185.6047332346789,759.1216685371473],[1187.3316327074426,759.9592866329476],[1188.9939599885838,761.3410599334165],[1190.6306441224879,763.4781528590247],[1192.3042132662376,766.6151168551296],[1194.8555698660784,772.2537933764979],[1196.3464507561293,775.8124124072492],[1197.0592446064693,778.002656118013],[1197.5726137339952,780.9810945857316],[1197.6058140834211,783.4028581203893]]}},{"type":"Feature","id":"way/732566068","properties":{"access":"private","highway":"service","service":"driveway","osm_type":"way","osm_id":732566068},"geometry":{"type":"LineString","coordinates":[[1263.0687362481258,1404.1446999041364],[1262.7640934701194,1405.9323956174776],[1262.1043456079205,1407.663624215871],[1261.1210417785333,1409.3495765170082],[1259.8615777316736,1410.9792673522606],[1258.3654258137685,1412.5527995731682],[1254.789456452534,1415.4983917316422],[1250.716892548895,1418.1538703460246],[1246.495262085693,1420.45348805096],[1236.0699630005984,1425.258645972237],[1233.0185049205902,1426.8725780751556],[1228.6056898426032,1429.838228372857],[1224.5631662054802,1433.0936672780663],[1219.4030091743916,1438.090261884965],[1216.8852672929643,1440.905318298377],[1215.902787541214,1442.280238199979],[1214.5302258530282,1444.9094206392765],[1214.0927196512348,1446.1857772544026],[1213.612715418276,1448.6284291837364],[1213.556241529819,1452.1386079341173],[1214.271995508403,1465.3264022143558],[1215.0949629340903,1470.6606773855165],[1217.291480009735,1482.1082607498392],[1217.6296349391923,1485.6527896588668],[1217.6043039435172,1489.3296787850559],[1217.0213535297662,1494.9380215965211],[1216.332812900655,1498.6465155929327],[1214.18468169705,1508.1054902523756],[1213.6134058521711,1512.2586338818073],[1213.491472054564,1516.6573331784457],[1213.6592094017542,1518.9461452318355],[1214.0083425737103,1521.3020797064528],[1215.1087559010484,1526.1927302461118],[1215.8126699796994,1528.7273234687746],[1217.6224706851644,1534.0419431477785],[1220.062743687944,1539.7692189859226],[1223.2517278274754,1545.976110440679],[1227.3315168986446,1552.6629876447842],[1229.7306978792767,1555.9684801734984],[1234.8931401836453,1562.2138291988522],[1239.978708497365,1567.659161604941],[1247.3096198737621,1574.8432811656967],[1259.7209598837653,1586.395207499154],[1267.1853352417238,1593.8463045498356]]}},{"type":"Feature","id":"way/732954003","properties":{"access":"private","highway":"service","service":"driveway","osm_type":"way","osm_id":732954003},"geometry":{"type":"LineString","coordinates":[[401.9790006914991,1518.4467866700143],[400.8497581110569,1524.9869761420414],[395.95056819799356,1549.2916542943567],[394.9950358044589,1552.621882736683],[393.91388135636225,1555.6740859895945],[391.44506973953685,1561.2223061872646]]}},{"type":"Feature","id":"way/732954004","properties":{"access":"private","highway":"service","service":"driveway","osm_type":"way","osm_id":732954004},"geometry":{"type":"LineString","coordinates":[[311.12399700144306,1672.4441657839343],[314.16160606360063,1669.8966376576573],[317.807309952972,1667.2506261654198],[324.68438558478374,1663.5239072469994],[339.6616596051608,1656.2734533408657],[351.73766451800475,1650.7044063787907]]}},{"type":"Feature","id":"way/732974610","properties":{"highway":"service","service":"driveway","osm_type":"way","osm_id":732974610},"geometry":{"type":"LineString","coordinates":[[2031.8840239670244,1229.6197796463966],[2031.6835731857573,1230.7523140618578],[2030.432652273681,1234.9590791529045],[2028.892291443015,1238.187497493811],[2027.861421920068,1239.8620948065072],[1999.4585086098523,1276.8099186914042],[1994.6156550768646,1283.8840672997758],[1987.7963829130167,1294.88530740235],[1980.1491346049006,1308.4504008656368],[1968.4129067614558,1330.6024909084663],[1961.0938781971927,1345.4348813872784],[1956.5017315322766,1356.1644778409973],[1955.2243938434985,1358.4938280638307],[1953.9327130771126,1360.2899254597723],[1952.6264782142243,1361.6305298684165],[1951.329161781934,1362.5934653058648],[1950.056432152458,1363.223208732903],[1947.655000527855,1363.7721342295408],[1941.2135431086645,1363.588057981804],[1932.8951797019108,1362.6657381420955],[1924.507145918149,1361.2322436859831],[1914.3131299776724,1359.1051419321448],[1909.5089517701417,1357.7702272748575],[1906.985112574941,1356.874715355225],[1901.7646833652398,1354.7388602662832],[1893.8409339197096,1350.9294139491394],[1888.7168192166719,1348.2050723498687],[1886.399730144185,1346.754695346579],[1884.4303886219277,1345.1608456261456],[1882.7928858096711,1343.4679144499823],[1881.4634483883274,1341.7091632895172],[1880.4182730893954,1339.9289622344077],[1879.6494056599913,1338.149506936781],[1878.8375467846054,1334.7480759955943],[1878.884962490236,1331.8044174313545],[1881.0062616753276,1318.0465512666851],[1839.7193407666055,1311.481155543588]]}},{"type":"Feature","id":"way/732974611","properties":{"highway":"secondary","maxspeed":"30 mph","name":"Saint Croix Trail South","name:etymology:wikidata":"Q1507416","oneway":"yes","ref":"CH 18;CH 21","surface":"asphalt","osm_type":"way","osm_id":732974611},"geometry":{"type":"LineString","coordinates":[[1728.2179958596826,1446.4183832807466],[1724.80438145058,1435.8116214461625],[1721.0665261404938,1422.4601635085419],[1718.8871459607035,1413.7896067593247],[1716.5212030410185,1404.0299066724256],[1712.3099443123792,1384.6563130998984],[1710.0993477739976,1372.8863695077598],[1707.9079151896294,1359.8500946387649],[1706.138979013369,1348.236853693612],[1704.4910652744002,1335.6463775867596],[1702.655895228556,1316.3124658195302],[1701.9115725905285,1308.278941148892],[1701.0950029765372,1294.779779731296],[1700.736345965648,1281.2707329001278],[1703.7733525568037,1270.359064645134]]}},{"type":"Feature","id":"way/732974613","properties":{"highway":"secondary","maxspeed":"30 mph","name":"Saint Croix Trail South","name:etymology:wikidata":"Q1507416","oneway":"yes","ref":"CH 18;CH 21","surface":"asphalt","osm_type":"way","osm_id":732974613},"geometry":{"type":"LineString","coordinates":[[1703.7733525568037,1270.359064645134],[1707.984505741566,1280.9457251988351],[1709.7720658262842,1300.3683792408556],[1711.389735162782,1315.4137816326693],[1712.4774865469662,1324.9145640060306],[1716.8119350799825,1357.285578660667],[1719.5831717509427,1374.9112698258832],[1722.8081790707656,1391.116271737963],[1725.9226557961665,1404.3660850711167],[1731.190285938268,1424.2757286662236],[1736.8937989146798,1443.5422434080392]]}},{"type":"Feature","id":"way/732974614","properties":{"highway":"secondary","maxspeed":"30 mph","name":"Saint Croix Trail South","name:etymology:wikidata":"Q1507416","oneway":"yes","ref":"CH 18","surface":"asphalt","osm_type":"way","osm_id":732974614},"geometry":{"type":"LineString","coordinates":[[1758.1453903760412,1523.1924848556519],[1753.766737722559,1513.3385068606585],[1749.1054823831655,1502.8839092003182],[1740.9879957344965,1483.011052952148],[1731.8812469936674,1458.1366779683158],[1728.2179958596826,1446.4183832807466]]}},{"type":"Feature","id":"way/732974615","properties":{"highway":"secondary","maxspeed":"50 mph","name":"Saint Croix Trail South","name:etymology:wikidata":"Q1507416","oneway":"yes","ref":"CH 18","osm_type":"way","osm_id":732974615},"geometry":{"type":"LineString","coordinates":[[1776.9562880213489,1553.1251350827515],[1770.9370468826382,1548.6433213353157],[1763.7114216946648,1534.7825950738043],[1758.1453903760412,1523.1924848556519]]}},{"type":"Feature","id":"way/732974616","properties":{"highway":"secondary","maxspeed":"30 mph","name":"Saint Croix Trail South","name:etymology:wikidata":"Q1507416","oneway":"yes","ref":"CH 18","surface":"asphalt","osm_type":"way","osm_id":732974616},"geometry":{"type":"LineString","coordinates":[[1736.8937989146798,1443.5422434080392],[1740.6609414850827,1454.783150116913],[1745.4482412321377,1468.304059786722],[1760.686852743267,1508.6580981658772],[1766.1297129667364,1522.0252609737217],[1771.1275508369436,1533.536094063893],[1776.7000731286244,1545.6372303692624],[1776.9562880213489,1553.1251350827515]]}},{"type":"Feature","id":"way/732974620","properties":{"highway":"secondary","maxspeed":"30 mph","name":"Saint Croix Trail South","name:etymology:wikidata":"Q1507416","ref":"CH 18;CH 21","surface":"asphalt","osm_type":"way","osm_id":732974620},"geometry":{"type":"LineString","coordinates":[[1703.7733525568037,1270.359064645134],[1703.57725263678,1258.0612924890593],[1703.6828339709318,1239.2213461399078],[1704.1525122346939,1211.1622143667191],[1704.1689763500472,1202.0420776549727],[1704.0880225832225,1149.586939276196],[1703.4788393314811,1085.0331046888605]]}},{"type":"Feature","id":"way/732974621","properties":{"highway":"service","service":"driveway","osm_type":"way","osm_id":732974621},"geometry":{"type":"LineString","coordinates":[[1712.3099443123792,1384.6563130998984],[1709.7662630340783,1385.2715992536396],[1706.463734049059,1386.251443897374],[1704.2274040878401,1387.0675086062402],[1701.9588144850568,1388.1389863751829],[1700.5590912950574,1389.0350471315905],[1698.6989683888387,1390.8741121720523],[1697.7319585702498,1392.326760369353],[1696.6603934356244,1394.5011903615668],[1695.546984229586,1397.5641990471631],[1690.441138328868,1417.5572087951005],[1681.0562751055113,1455.4014820624143],[1680.241388569295,1459.0207213545218],[1679.84742325783,1461.696850036271],[1679.7372408097726,1464.5292564788833],[1680.0770373872947,1467.3628631709144],[1681.0568105049315,1469.998221683316],[1681.8351521427394,1471.200029878877],[1687.5940237529576,1478.6359591726214]]}},{"type":"Feature","id":"way/742800904","properties":{"access":"private","highway":"service","service":"driveway","osm_type":"way","osm_id":742800904},"geometry":{"type":"LineString","coordinates":[[1218.132977054338,1087.865470818244],[1217.2038564154063,1096.0390027221292],[1213.8355725274305,1131.466756128706],[1212.8801805211115,1152.8150430433452]]}},{"type":"Feature","id":"way/750725723","properties":{"access":"private","highway":"service","service":"driveway","osm_type":"way","osm_id":750725723},"geometry":{"type":"LineString","coordinates":[[349.81286285235547,1810.5971712954342],[352.59712787513854,1811.5371455056593],[355.55552344664466,1812.2887028520927],[358.743279989867,1812.8630881402642],[362.22363124840194,1813.2271315185353],[366.0518350773491,1813.3809695336968],[371.79091870359844,1813.3173443935812],[375.1780198023189,1813.0812994409353],[378.1315568695427,1812.5997980674729],[380.5648063395638,1811.828191427514],[381.5686235190369,1811.3085604105145],[393.0567945619696,1803.9274366693571],[405.2559419198078,1796.3481333646923]]}},{"type":"Feature","id":"way/752296004","properties":{"access":"private","highway":"service","service":"driveway","osm_type":"way","osm_id":752296004},"geometry":{"type":"LineString","coordinates":[[1125.1993959140382,669.7856024326757],[1128.133197497751,671.0595541168004],[1132.1241999857593,672.6361683597788],[1136.841686782136,674.1702263439074],[1142.830522072618,675.6298111286014],[1146.0505011500209,676.1491247387603],[1149.3663145059254,676.2465604078025],[1154.1364207820734,675.7478914763778],[1158.3547154679545,674.9145411783829],[1160.8360070734052,674.0878107240424],[1162.8518474669545,673.1154656317085],[1164.1492694990593,672.1190459541976],[1165.463919173868,670.5672405892983],[1166.1298578992137,669.513645036146],[1167.5189286715467,666.6623252024874],[1173.5955803118413,652.4923515934497]]}},{"type":"Feature","id":"way/752952226","properties":{"access":"private","highway":"service","service":"driveway","osm_type":"way","osm_id":752952226},"geometry":{"type":"LineString","coordinates":[[1012.9057522317162,1783.8023838764057],[1012.1519392376649,1779.1570449080318],[1011.6190713301767,1774.5455982899293],[1011.6643215331133,1772.2906627617776],[1011.963233076036,1769.6253582108766],[1022.7425535579096,1712.6879552565515],[1023.7957102445653,1705.2700937120244],[1025.6280458900728,1689.53386973124],[1026.9900199439726,1681.7502165054902],[1028.6093675870798,1675.189172946848]]}},{"type":"Feature","id":"way/756240420","properties":{"access":"private","highway":"service","service":"driveway","osm_type":"way","osm_id":756240420},"geometry":{"type":"LineString","coordinates":[[1256.128417434229,669.9470119187608],[1254.0082857153611,674.5848981812596],[1247.7321299093892,689.5096638575196],[1245.29123234062,696.0574004789814],[1244.2197354540112,698.2207951014861],[1242.269521765702,701.28170411475],[1240.4631859753863,703.6653622435406],[1239.1015281220316,705.072618290782],[1235.2882586529595,708.0398207809776],[1231.5562533612247,710.1185476416722],[1227.2177834357135,711.6291630463675],[1225.6378301363438,711.9694285541773],[1222.2497388726915,712.3494360223413],[1209.7655760925845,712.9724563853815],[1202.4460614681593,713.1756508778781],[1167.984018345771,712.730935911648],[1136.8285802482278,712.8836992764845],[1135.2418553551543,712.7907337471843],[1132.1326287207194,712.193951047957],[1129.293103021977,711.109087029472],[1126.9440594741027,709.6477971458808],[1126.0303831605706,708.801185162738],[1125.3300230453024,707.8995806472376],[1124.866665107431,706.9430446354672]]}},{"type":"Feature","id":"way/769050586","properties":{"bicycle":"designated","foot":"designated","highway":"cycleway","motor_vehicle":"no","name":"Afton-Lakeland Bike Trail","oneway":"no","segregated":"no","surface":"asphalt","osm_type":"way","osm_id":769050586},"geometry":{"type":"LineString","coordinates":[[1814.6749342000112,1089.2745998930186],[1815.3484010919346,1123.6242748200893],[1816.0439119020593,1161.5176622578874],[1816.6058807176887,1205.031657542102],[1816.630780209729,1210.4527337420732],[1816.7658589957864,1236.5583675457165],[1816.6804260580684,1297.7000185362995],[1816.488935996429,1310.196709339507],[1815.9813165449305,1325.758531701751],[1815.545883357001,1332.0892788432539],[1814.982873615052,1335.9535677386448],[1813.652423412539,1340.4378768699244],[1812.8258092003525,1342.5129683185369],[1811.7621210862999,1344.6762916911393],[1810.430020132102,1346.8388938549906],[1808.7349217070732,1348.9449776541442],[1807.6346291132504,1350.0417750691995],[1805.0393195709912,1352.234309923835],[1802.089117083524,1354.2925889352337],[1799.021244814212,1356.072837561369],[1796.0651501674438,1357.3868254413828],[1793.0787313940236,1358.2341708885506],[1791.4832367415074,1358.529820309952],[1788.1744565213448,1358.8875229917467],[1783.2088151543285,1358.8741965033114],[1780.1149752890924,1358.565962436609],[1775.7907548199291,1357.8211931446567],[1765.6756899656611,1355.6723226802424],[1762.5899804398068,1355.275249864906],[1758.0503717555548,1355.3630623733625],[1755.1995922003407,1355.6775747640058],[1750.2792031219578,1356.4531075926498],[1749.181063804892,1356.7500995816663],[1747.0631653447635,1357.5553579227999],[1745.1263650904293,1358.5388398757204],[1742.6275392731186,1360.0873578386381],[1732.4160356395296,1367.4250496095046],[1729.8285346189514,1369.6620702147484],[1728.4747441625223,1371.0914618829265],[1727.6346008952823,1372.333380997181],[1727.2848666670616,1373.2211357848719],[1727.132167773496,1374.2316124867648],[1727.184131209564,1375.4648091364652],[1728.6785964212613,1383.4225838994607],[1730.323409204604,1391.2474577920511],[1732.720765198872,1401.0627900538966],[1738.6834587616613,1423.7847825298086],[1743.2203200842487,1439.4489848166704],[1747.3307318038424,1452.2126966239884],[1751.3561038692133,1464.29855724331],[1764.7978464507614,1500.5598166938871],[1767.8560241056257,1508.2551873354241],[1771.1214421911282,1515.2068370580673],[1775.417192547815,1523.5831568380818],[1786.1815170155605,1542.5633632000536],[1787.5730489330017,1544.7110639987513],[1789.8070898194565,1547.6719568874687],[1792.310249467555,1550.3669659895822],[1799.0933972625062,1555.5284782405943],[1802.6623341499944,1558.204136962071],[1803.8514418920386,1559.2959775719792],[1805.7954723104485,1561.478492778726],[1807.7308011327405,1563.960918259807],[1809.6183151371079,1566.6098453123122],[1814.9802097580396,1574.8002115301788],[1822.3148167778272,1586.2396086147055],[1831.3671083456138,1601.8160479376093],[1835.3738952742424,1608.9807912111282],[1846.636750926671,1630.3285842416808],[1864.5953270682949,1662.8252995451912],[1874.244583790074,1682.3580859592184],[1881.3635206415202,1697.5739077925682],[1885.1406403196743,1707.8929163683206],[1889.3999504097737,1720.8904104996473],[1895.987388837617,1739.9595113396645],[1900.4706290510949,1751.8689723107964],[1903.2299303099862,1759.0526073435321],[1905.2338932888815,1765.3121853517368],[1907.4854755211854,1773.416467031464],[1909.1723490664153,1780.1639693444595],[1913.6519792530453,1799.227392917499],[1915.9333045953535,1810.9198483182117],[1917.2696410886128,1818.8439208092168],[1919.7118178096134,1835.269092622213],[1920.631179736054,1842.669932271354],[1921.1932300347835,1845.0042666802183],[1922.3630200537737,1847.373571262695],[1923.1414805533714,1848.4976498400792],[1924.9910459906096,1850.5355350291356],[1926.038649572176,1851.3826263025403],[1927.134037113341,1852.0743261314929],[1933.3711304211174,1854.6684122104198],[1937.9512843707344,1856.9691927256063],[1941.5292425637017,1859.1450670091435],[1944.9086174360127,1861.7758595114574],[1946.3964982458274,1863.2795565444976],[1947.576125819527,1864.9268310312182],[1949.303658484423,1868.2974293259904],[1950.079432597442,1870.4101727968082],[1953.4391729522613,1883.1942123854533],[1958.1487228426267,1901.8139488995075],[1962.88641498395,1918.7785786157474],[1965.8970595385763,1929.284408167936],[1975.5880295633106,1962.2700357232243],[1982.5733078805497,1985.8059889152646]]}},{"type":"Feature","id":"way/795655617","properties":{"access":"private","highway":"service","service":"driveway","osm_type":"way","osm_id":795655617},"geometry":{"type":"LineString","coordinates":[[1425.9830430041184,1114.391262625344],[1426.6548609430902,1108.094440119341],[1427.8234562109574,1099.0217680772766],[1429.2827622336335,1090.4830740643665],[1434.5655275685713,1069.0462140413001]]}},{"type":"Feature","id":"way/862476304","properties":{"access":"private","highway":"service","service":"driveway","osm_type":"way","osm_id":862476304},"geometry":{"type":"LineString","coordinates":[[2542.325620377902,1730.984888001345],[2548.9482263032696,1731.1811872543767],[2552.7613927695784,1731.0696823531762],[2556.4731205799617,1730.5357668623328],[2558.195362307597,1730.062925286591],[2559.760253033659,1729.4007959105074],[2564.70151271089,1726.7485833913088],[2567.3902591815568,1725.0565054221079],[2571.0612370751332,1722.167451952584],[2573.0148107357672,1720.8398981979117],[2576.3830124268425,1718.9497756641358],[2578.706798131345,1717.9120876910165],[2583.6133159620804,1716.3928736262023],[2591.0699626286514,1714.758632962592],[2597.032479993475,1713.8866975605488],[2606.7367871649913,1713.0252892384306],[2609.359023661178,1712.5327751180157],[2610.876434612088,1711.9149592192844],[2612.2604903869214,1710.9968352075666],[2613.479833594116,1709.700554287061],[2615.731657840661,1706.1854501077905],[2617.2905730408966,1704.8456907719374],[2618.2156180845923,1704.3372962325811],[2620.341157309187,1703.6212160754949],[2622.844549784728,1703.2838939800858],[2630.0439819255844,1703.2930536102504]]}},{"type":"Feature","id":"way/862518166","properties":{"highway":"service","service":"driveway","osm_type":"way","osm_id":862518166},"geometry":{"type":"LineString","coordinates":[[1843.433061272779,934.9643340706825],[1848.2821616058936,934.3997432971373],[1880.3554557746975,930.1871653040871],[1895.8358041903703,927.9739021807909],[1925.8828128549503,922.767412642017],[1933.2046408234746,921.6319275489077],[1964.335022690706,918.7169262384996],[1971.1495908426004,918.3132782010362],[1974.843658134807,918.6232315087691],[1976.6110027967952,919.0501539912075],[1978.2909290466923,919.6879035755992],[1979.8360062025604,920.5585687281564],[1981.23032347532,921.7065406609327],[1982.4185551982373,923.153886361979],[1983.3848208098789,924.9338884856552],[1984.0975100568612,927.057569751516],[1985.7895935790148,934.8493070499972],[1987.3528495487408,943.5627108281478],[1988.949302700872,954.5867987815291],[1980.447137842828,957.1964636072516],[1973.6852235128172,958.5778031880036],[1970.036530596437,959.0122511768714],[1919.0766476316494,960.9404456522316],[1866.8365214016521,963.3432641904801],[1849.204557670164,964.2066584164277]]}},{"type":"Feature","id":"way/862518167","properties":{"highway":"service","service":"driveway","osm_type":"way","osm_id":862518167},"geometry":{"type":"LineString","coordinates":[[1822.7909838611376,965.9351693382487],[1823.7002022141241,980.1344327004626],[1824.8556012872723,996.7338209673762],[1825.968517742469,1008.5786053622141],[1830.4873456538771,1042.716449555941],[1835.9313283734955,1093.8974174214527],[1836.4455104907393,1096.4537847479805],[1836.868960758904,1097.5213523348793],[1838.0485496729962,1099.2463640030473],[1839.632119395188,1100.472575303167],[1840.5783314856817,1100.9083588505164],[1842.7638206484262,1101.4252394502982],[1848.8492897876422,1101.9748409865424],[1857.572225638607,1102.309382575564],[1865.6093896809034,1102.242176699452],[1868.1207205321407,1101.9601234979928],[1870.403611138463,1101.4886086238548],[1872.4502267517382,1100.8053934471682],[1874.2368530711974,1099.9215224022046],[1875.755685232638,1098.8036483488977],[1876.9829788500792,1097.473924282007],[1877.91095891851,1095.8878945708275],[1878.5158808976994,1094.0677122678608],[1878.7899396601715,1091.9800303569064],[1878.8143610704574,1088.7808125214651],[1878.1293222813983,1070.5497125564143],[1876.2915121365222,1040.651448960416],[1875.3718423715327,1030.3734917994589],[1874.822630347393,1026.1729508852586],[1869.1022086922894,989.7656760355458],[1867.7927307290374,980.5753147667274],[1867.5394748281687,977.8752367924899],[1866.8365214016521,963.3432641904801]]}},{"type":"Feature","id":"way/862908125","properties":{"highway":"service","osm_type":"way","osm_id":862908125},"geometry":{"type":"LineString","coordinates":[[1703.67229415552,388.74555860087276],[1711.5047655556118,388.78869429416955],[1715.7999649734702,388.82238692604005],[1720.229658407683,388.7564644077793],[1724.352399788855,388.323140213266],[1728.1611257641343,387.2113537751138],[1730.5490133300773,385.951357729733],[1732.9618071293808,384.23597616981715],[1735.2576227385434,381.97596069052815],[1737.255067356571,379.0930656036362],[1738.7727478200104,375.50904503278434],[1739.2915570288897,373.42201446928084],[1741.1503243927145,363.35147887375206],[1742.8930694030714,352.38083605188876],[1744.1359794795862,342.3086534664035],[1746.6400545291835,318.2985422788188],[1747.0032288474613,312.4119515642524],[1747.0812927364022,306.84674738533795],[1746.921293183812,301.7252503586933],[1746.1307420997182,293.23615710251033],[1745.8116818497656,291.4912515161559],[1744.817713723809,288.20044294558465],[1743.4832727831672,285.26419882662594],[1741.9422905792017,282.79396385420114],[1740.3603121211636,280.8901586057618],[1738.7846533398842,279.5751269161701],[1735.749186079367,277.9118235493079],[1733.4775928409072,277.0059500746429],[1730.1716148491832,276.10841981880367],[1727.3220796876121,275.7786506814882],[1723.0350863821222,275.60056076571345],[1709.2881099418155,275.6860238108784],[1701.3841115844552,275.76489530690014]]}},{"type":"Feature","id":"way/862920719","properties":{"highway":"service","service":"driveway","osm_type":"way","osm_id":862920719},"geometry":{"type":"MultiLineString","coordinates":[[[1340.304926209501,1103.5135588580742],[1339.276097139169,1110.5092997644097],[1338.870613690291,1114.6184290992096],[1338.645869024098,1119.0501808598638],[1338.0197791152168,1144.1318079195917],[1338.2912470560404,1145.9876570049673],[1339.131544055941,1147.6894722478464],[1340.5012249759166,1149.2260421384126],[1342.3608157589333,1150.5972638204694],[1344.64715819736,1151.8029725719243],[1347.328702265746,1152.831977725029],[1350.358108539076,1153.6730473311618],[1353.680113885377,1154.3260373035446],[1357.2473500031047,1154.7908241478726],[1377.1553520861198,1155.8205070504919],[1385.577478254214,1156.442442492582],[1430.621281497588,1160.9485716996714]],[[1430.621281497588,1160.9485716996714],[1430.299806240655,1172.1229997901246],[1429.8049940625206,1189.1734333662316],[1461.5161108833272,1189.9900194918737],[1461.8931129569537,1172.739322507754],[1461.856885979767,1171.5061701172963],[1461.052298294555,1168.249225529842],[1456.6257791541866,1155.3182457173243],[1440.1659241961897,1155.0083340853453],[1438.294371567783,1155.1922594001517],[1437.1329085406032,1155.5446814829484],[1435.504195202433,1156.451306453906],[1430.621281497588,1160.9485716996714]]]}},{"type":"Feature","id":"way/862964589","properties":{"access":"private","highway":"service","service":"driveway","osm_type":"way","osm_id":862964589},"geometry":{"type":"LineString","coordinates":[[1472.9814122765092,853.5734717436135],[1471.4261608525412,853.5360487475991],[1459.7028097916627,853.1608098484576],[1451.943072682654,852.6960428291932],[1436.6849228321807,851.4672913495451],[1427.15012137749,850.486891916953]]}},{"type":"Feature","id":"way/892211438","properties":{"highway":"service","service":"parking_aisle","osm_type":"way","osm_id":892211438},"geometry":{"type":"LineString","coordinates":[[1908.5822249672492,1049.2811695653945],[1983.2126768532326,1049.438870147802]]}},{"type":"Feature","id":"way/892211439","properties":{"highway":"service","service":"driveway","osm_type":"way","osm_id":892211439},"geometry":{"type":"LineString","coordinates":[[1790.0842584249913,967.9690445577726],[1789.0290315756574,958.1350827617571],[1784.0445927747642,920.8745023030788],[1783.490572047769,918.4402280133218],[1781.2007154462626,912.6576022515073],[1780.7414931535604,910.2013653134927],[1778.0323331318214,881.1894923495129],[1776.320198641275,860.1673928266391],[1775.9310733188759,858.0668202666566],[1774.5383129429538,853.3752481285483],[1772.8783670723205,848.2163979345933],[1772.3707235150505,846.1488337153569],[1771.9975947689964,843.9705440104008],[1771.8143362711999,841.6483513629064],[1770.981949000794,810.5197709556669],[1712.8805405367166,810.664198149927],[1704.045867625624,810.6294901147485]]}},{"type":"Feature","id":"way/892237628","properties":{"highway":"service","service":"driveway","osm_type":"way","osm_id":892237628},"geometry":{"type":"LineString","coordinates":[[2127.6157862829277,1160.2521999003366],[2127.7210935066687,1159.2749288892373],[2128.5830606720992,1155.866939441301],[2129.63234402315,1153.2481754012406],[2131.0927638841677,1150.408364447765],[2133.947712056979,1145.7283396199346],[2134.710628069355,1143.8975049387664],[2135.6848007022636,1139.8788492130116],[2135.9037084646407,1137.7799180615693],[2135.8518351115054,1133.6584753068164],[2135.198923849035,1129.9130801772699],[2134.6664887034567,1128.3008714094758],[2123.800973680103,1100.2551740566269]]}},{"type":"Feature","id":"way/892242427","properties":{"access":"private","highway":"service","service":"driveway","osm_type":"way","osm_id":892242427},"geometry":{"type":"LineString","coordinates":[[947.4237713889452,1035.8691305350512],[939.7907902892912,1056.9671273231506],[934.4947820722009,1071.8613781835884],[933.178031917836,1074.2908064462245],[932.3699809053796,1075.3773898808286],[930.4705434184871,1077.2054674625397],[928.2016354794614,1078.4105211123824],[926.9297159389243,1078.7405366981402],[925.579414472275,1078.8481804123148],[909.4743013121188,1078.662732243538]]}},{"type":"Feature","id":"way/892242428","properties":{"access":"private","highway":"service","service":"driveway","osm_type":"way","osm_id":892242428},"geometry":{"type":"LineString","coordinates":[[1054.1790518397465,1066.6801138538867],[1053.0140300874482,1059.2010220456868],[1051.9280584420776,1054.7547857528552],[1050.5317309590755,1051.2630934044719],[1039.3352246676222,1030.3168190978467],[1035.4954566800734,1022.1865658722818],[1032.811472490721,1015.9144193986431],[1030.6392853901489,1010.1768007054925],[1028.9794102584128,1004.773755508475],[1027.7453177448479,999.5828666640446],[1026.866182430298,994.5150833334774],[1025.9708542220178,986.5256930366158],[1025.0960683880257,973.6041309386492],[1024.0559609281481,954.3391267256811],[1023.94904138532,946.7738865381107],[1024.3638478150824,938.9544863225892],[1024.9069732665084,933.4348983056843],[1027.607540618279,911.7133772568777],[1029.2403555063065,896.8986759809777]]}},{"type":"Feature","id":"way/892269741","properties":{"access":"private","highway":"service","service":"parking_aisle","osm_type":"way","osm_id":892269741},"geometry":{"type":"LineString","coordinates":[[1763.8616317465203,1767.353334964253],[1762.4412845571642,1773.026040081866],[1761.9008046371164,1777.345850390382],[1761.4507694288623,1786.2093349713832],[1761.5739639372332,1825.6564300153404]]}},{"type":"Feature","id":"way/892370536","properties":{"access":"private","highway":"service","service":"driveway","osm_type":"way","osm_id":892370536},"geometry":{"type":"LineString","coordinates":[[1504.3764204332256,1531.0489431368187],[1501.9797368156142,1535.8193265898153],[1500.716424256214,1538.893082135357],[1500.0943669411936,1541.2797954184934],[1499.7530150063103,1544.989176414907],[1500.0626288637868,1547.3228055732325],[1500.8692880039453,1549.7688329489902],[1502.0460678481031,1552.5602049008012],[1506.9052794318413,1562.9262753417715],[1510.0253055468784,1571.2215514667332],[1512.3726573404856,1579.1482036123052],[1513.2457489972585,1583.3384629851207],[1513.9287326846388,1587.7726101838052]]}},{"type":"Feature","id":"way/892378207","properties":{"access":"private","highway":"service","service":"driveway","osm_type":"way","osm_id":892378207},"geometry":{"type":"LineString","coordinates":[[494.6245723547181,1494.0149631472304],[499.68083337222924,1492.4612012980506],[502.0743886932614,1491.8339540008456],[503.33789590006927,1491.6704627759755],[504.6563875817228,1491.6181945642456],[507.339853902522,1491.8692502342165],[508.6417013265309,1492.161308675073],[511.04707138141384,1493.1337351901457],[512.9932719966164,1494.6271265493706],[513.7567857229151,1495.5288222227246],[514.9518366504926,1497.4980179881677],[515.3834291436942,1498.543300920166],[515.9464085458894,1500.7219896055758],[516.0723558748723,1504.043779768981],[515.6722832479863,1506.1978574236855],[515.2670776906307,1507.2410604376346],[514.0622550729313,1509.2042914554477],[513.2942981774686,1510.091072358191],[511.4985077435267,1511.6084904028103],[510.5102285433677,1512.205900046043],[508.40040585934184,1513.0226956335828],[506.04721238662023,1513.2945650061592],[503.4268542752252,1513.065883807838],[502.0539621041971,1512.773649954237],[499.2695609391667,1511.8447200534865],[496.56515006453265,1510.4938624314964],[491.9941698538023,1507.3721025465056]]}},{"type":"Feature","id":"way/893599913","properties":{"bicycle":"designated","foot":"designated","highway":"cycleway","motor_vehicle":"no","name":"Afton-Lakeland Bike Trail","oneway":"no","segregated":"no","surface":"asphalt","osm_type":"way","osm_id":893599913},"geometry":{"type":"LineString","coordinates":[[1750.1869060334866,624.3836222765967],[1750.7711660905625,624.385186707601],[1751.8848348198226,624.2326482404023],[1753.2688513845205,623.3698826301843],[1754.2726094169193,622.9837693190202],[1757.170581197308,622.8582279980183],[1771.55485326919,623.3300108332187],[1774.2455192467896,623.9593072766438],[1775.3024909792002,624.3398343631998],[1774.818369109591,625.2716598585248],[1774.3562655819114,626.825626864098],[1774.1298924636794,628.8023533383384],[1774.2895366083249,639.9336136663333],[1774.5026545001892,642.9001853633672],[1774.883630462573,645.1007127342746],[1778.2431608100305,658.3400829546154],[1779.8618882496958,664.1653391206637],[1783.5264575562906,675.5281747383997],[1788.8162543514627,690.2835019985214],[1790.005938799528,694.1636018780991],[1790.5596193572273,696.731178256683]]}},{"type":"Feature","id":"way/893599915","properties":{"bicycle":"designated","foot":"designated","highway":"cycleway","motor_vehicle":"no","oneway":"no","segregated":"no","surface":"asphalt","osm_type":"way","osm_id":893599915},"geometry":{"type":"LineString","coordinates":[[1774.5383129429538,853.3752481285483],[1774.8620130331838,853.376116162166],[1781.6034358372563,853.7718907147646],[1790.6824404636282,853.940665224567],[1793.91184419801,853.8382478691638],[1797.700817491801,854.1039190962911],[1801.1028996224632,854.3796620918438],[1802.2715270080953,854.3272577086464],[1811.1571525358595,853.0069868592545],[1825.903833794,850.6360619999468]]}},{"type":"Feature","id":"way/893599917","properties":{"footway":"sidewalk","highway":"footway","surface":"concrete","osm_type":"way","osm_id":893599917},"geometry":{"type":"LineString","coordinates":[[1712.1922330284724,1440.5212895907462],[1713.0557211012929,1439.4016256863251],[1715.088208013156,1435.096909862943],[1715.6060357622337,1433.343130609952],[1715.993904793053,1430.000470153056],[1715.7843816673267,1425.6897622710094],[1715.3565128391492,1423.322480790317],[1710.8633183480706,1406.0587733015418],[1706.463734049059,1386.251443897374],[1702.3940562005737,1364.1010790197179],[1700.3074582693516,1350.23193999473],[1698.002231474733,1332.4964161766693],[1696.6781166721485,1316.8963693119586],[1695.3730760031613,1300.0633165724576],[1694.356697559415,1275.6438438147306],[1693.5032146365847,1202.0247081331909],[1692.6790298655978,1096.7127588875592],[1693.0736497266917,1084.9275638582185],[1693.380529962189,1070.5205000881106],[1693.2698562683072,975.9191871033981],[1694.0909766147379,969.9893755046651],[1694.9825306438725,964.2930330857635],[1695.020359383081,958.9943222887814],[1695.0624296585447,863.3714406928048],[1695.0501733515412,853.173696427606],[1695.0800018046284,841.9985062777996],[1695.035266810737,734.5225172638893],[1694.9323863993632,722.7804355956614],[1693.5860189588857,718.422264829278],[1693.503350942221,716.8557293806225],[1693.3656584584387,679.6970433471724],[1693.3613016220625,672.4542147237808],[1693.3666806640103,637.8953288886696],[1693.6319718878367,636.1186585891992],[1695.254758148978,631.579566385597],[1695.8105320612085,624.5048625338823],[1696.1100068929954,618.7958342265338],[1696.1699257136788,605.2212679469958],[1696.5148849307443,603.1782037615776],[1697.7648166426225,599.3046339908615],[1697.9504741826095,597.7832495067269],[1697.9041832817602,591.462324783206],[1696.5088453570497,587.6927802385762],[1696.1289952853695,585.0590249719098],[1696.1653231595992,503.4108183886856],[1695.8636580291204,388.64695304539055],[1695.7014071758604,378.43770752102137],[1694.28483674553,326.39009230956435],[1693.7017629067414,284.50908229500055],[1701.502985988569,284.4743614355102]]}},{"type":"Feature","id":"way/893599922","properties":{"footway":"sidewalk","highway":"footway","surface":"concrete","osm_type":"way","osm_id":893599922},"geometry":{"type":"LineString","coordinates":[[1703.9113713745028,177.9603562792763],[1704.7568083274527,180.70643941592425],[1706.285964147537,187.62007586099207],[1707.9304543207982,204.56509268842638],[1708.5897193491692,214.9311836650595],[1709.3771784855635,265.98844689130783],[1709.2881099418155,275.6860238108784],[1709.7578157728422,321.54361437354237],[1711.3350890252623,378.4127992540598],[1711.5047655556118,388.78869429416955],[1711.553908305068,503.3963667191565],[1711.7263322966173,619.1374679775909],[1712.2643797888886,624.6154522560537],[1712.9191062210593,630.7491566203535],[1712.7460625728709,639.3689791271463],[1712.8501338307979,671.3398506855592],[1712.8752163656172,679.6824877103791],[1712.8805405367166,810.664198149927],[1712.96332023805,841.7352234525606],[1712.8721695382847,852.2104068780318],[1712.8333169485559,857.8868070440367],[1712.4944501622813,860.6075131325051],[1712.8414788802038,863.6966363051906],[1714.7000042145955,868.4227653611451],[1715.102208069933,871.5453620003536],[1715.1688287616707,958.8815060378984],[1715.1153089229483,970.0455264141783],[1714.8808038295247,1025.299180011265],[1714.9800257033203,1070.8892289334908],[1715.2423565202043,1084.9867717111483],[1715.2287298385054,1090.0855930065736],[1714.6847860846901,1092.7391001172364],[1713.380564727413,1096.2792654056102],[1712.9632955937996,1098.7998077142984],[1711.7498285991023,1142.2423898680136],[1711.8091265412513,1149.596457047388],[1712.1665095063508,1201.9856827659532],[1712.1881122948253,1211.6280265944079],[1712.507737695356,1254.5081732217222],[1713.362452104746,1274.40600566566],[1714.4782806717558,1288.1725751422346],[1717.557045232621,1314.8081812290475],[1719.826157012838,1337.1759126950055],[1723.0620579163078,1361.1236560149118],[1723.9222243439872,1364.203045917675],[1725.601753311872,1367.906710319221],[1726.6867958236835,1369.553689090535],[1728.4747441625223,1371.0914618829265]]}},{"type":"Feature","id":"way/893599925","properties":{"footway":"sidewalk","highway":"footway","surface":"paved","osm_type":"way","osm_id":893599925},"geometry":{"type":"LineString","coordinates":[[1695.7014071758604,378.43770752102137],[1703.415633503173,378.4138660207391],[1711.3350890252623,378.4127992540598]]}},{"type":"Feature","id":"way/893599926","properties":{"footway":"sidewalk","highway":"footway","surface":"paved","osm_type":"way","osm_id":893599926},"geometry":{"type":"LineString","coordinates":[[1712.8752163656172,679.6824877103791],[1704.0005895498325,679.7587601123378],[1693.3656584584387,679.6970433471724]]}},{"type":"Feature","id":"way/893599927","properties":{"footway":"sidewalk","highway":"footway","surface":"concrete","osm_type":"way","osm_id":893599927},"geometry":{"type":"LineString","coordinates":[[1695.0800018046284,841.9985062777996],[1698.46704562183,841.9964391337708],[1703.9941168178339,841.83345921617],[1712.96332023805,841.7352234525606],[1739.2066707235645,841.8387241046876],[1743.4896869048243,843.3609592095017],[1766.9621358052245,843.3460710458457],[1766.9861534517258,846.1677245656028],[1772.3707235150505,846.1488337153569]]}},{"type":"Feature","id":"way/893599928","properties":{"footway":"sidewalk","highway":"footway","surface":"concrete","osm_type":"way","osm_id":893599928},"geometry":{"type":"LineString","coordinates":[[1695.0624296585447,863.3714406928048],[1698.5678888529073,863.3696897365153],[1704.0702476333827,863.5843370268121],[1712.8414788802038,863.6966363051906],[1716.1198500197497,862.9944452159107],[1743.626688210701,862.9680377664044],[1743.6770754797035,852.9926330549642]]}},{"type":"Feature","id":"way/893599929","properties":{"footway":"sidewalk","highway":"footway","osm_type":"way","osm_id":893599929},"geometry":{"type":"LineString","coordinates":[[1695.020359383081,958.9943222887814],[1704.0681705711759,958.9629364777356],[1715.1688287616707,958.8815060378984]]}},{"type":"Feature","id":"way/893599930","properties":{"footway":"sidewalk","highway":"footway","osm_type":"way","osm_id":893599930},"geometry":{"type":"LineString","coordinates":[[1693.380529962189,1070.5205000881106],[1703.38289762137,1070.7027258342132],[1714.9800257033203,1070.8892289334908]]}},{"type":"Feature","id":"way/893599931","properties":{"footway":"sidewalk","highway":"footway","surface":"concrete","osm_type":"way","osm_id":893599931},"geometry":{"type":"LineString","coordinates":[[1712.1881122948253,1211.6280265944079],[1712.4971329136752,1211.206724613905],[1713.438975064084,1210.3205514969304],[1715.1228288243874,1209.4696874488145],[1716.7896763048484,1209.0742319980636],[1718.968995604897,1208.9356452645734],[1801.1928355616983,1208.9004752459005],[1802.8028740987647,1209.0825380710885],[1808.0889406827046,1210.352014807053],[1813.007120088616,1210.4429927617311],[1816.630780209729,1210.4527337420732]]}},{"type":"Feature","id":"way/893599932","properties":{"footway":"crossing","highway":"footway","surface":"asphalt","osm_type":"way","osm_id":893599932},"geometry":{"type":"LineString","coordinates":[[1712.1922330284724,1440.5212895907462],[1716.1488265712978,1451.7849051328376],[1719.9800464751897,1462.6927120648324],[1731.8812469936674,1458.1366779683158],[1740.6609414850827,1454.783150116913],[1747.3307318038424,1452.2126966239884]]}},{"type":"Feature","id":"way/913010034","properties":{"highway":"service","service":"parking_aisle","osm_type":"way","osm_id":913010034},"geometry":{"type":"LineString","coordinates":[[1919.5985908271396,1132.8589168908074],[1950.2235775124282,1129.6092260880396],[1952.0560636191512,1146.7659088466316],[1921.9523622202105,1149.961457381025]]}},{"type":"Feature","id":"way/913034179","properties":{"access":"customers","highway":"service","osm_type":"way","osm_id":913034179},"geometry":{"type":"LineString","coordinates":[[1704.0880225832225,1149.586939276196],[1711.8091265412513,1149.596457047388],[1744.5558730862103,1149.95064809639],[1746.0713395888451,1150.0769002586603],[1747.5072933101328,1150.4140037307516],[1748.840079591202,1150.9507864909247],[1750.0460140655632,1151.687185051851],[1751.1093666518573,1152.6009399648756],[1752.0222723221523,1153.680921469815],[1752.7610468212515,1154.9270660690963],[1753.3099304442294,1156.3282228652388],[1753.6452687855344,1157.8732198262587],[1753.7670619740384,1159.5620569195598],[1753.9773171286215,1201.9086965955794]]}},{"type":"Feature","id":"way/981092224","properties":{"access":"private","highway":"service","service":"driveway","osm_type":"way","osm_id":981092224},"geometry":{"type":"MultiLineString","coordinates":[[[1600.5438376735547,1201.5328636607155],[1594.097604699782,1206.059180976823],[1591.1955085363006,1207.8399686841294],[1589.085092716443,1208.7897111671045],[1586.7858238880872,1209.5056723030284],[1584.2583462898037,1209.9433134216815],[1564.2438210236724,1210.4568023802713],[1554.1914184917696,1211.3633052418008],[1545.5120761306025,1212.5067381011322],[1538.292341784574,1213.9984105248004],[1528.5678838618333,1216.2832902194932],[1506.0128350390005,1222.1890363013372]],[[1506.0128350390005,1222.1890363013372],[1485.1795673472807,1227.8327943040058],[1483.7887303339085,1228.3512324653566],[1482.6659020035877,1229.0258982023224],[1481.7954101720243,1229.8123155701905],[1480.6934551640297,1231.5534644722939],[1480.4069049427053,1232.4413989502937],[1480.2131873510662,1234.051638633944],[1480.5325343987206,1235.6965566175058],[1481.9721016213298,1237.65546913445],[1483.626727137249,1238.8928884873167],[1484.6518598290277,1239.339936248958],[1485.7958514549537,1239.6206682408229],[1487.0588778525125,1239.668433252722],[1488.4331323980005,1239.4498848933727],[1490.8828757540905,1238.5454388493672],[1492.646400644444,1237.405902438797],[1493.921014575346,1236.0540128620341],[1497.9326509144157,1229.643813110888],[1500.0556607610197,1226.9055856233463],[1501.2907756910427,1225.5647018980235],[1504.012668822892,1223.2501840190962],[1506.0128350390005,1222.1890363013372]]]}},{"type":"Feature","id":"way/981092225","properties":{"highway":"service","service":"driveway","osm_type":"way","osm_id":981092225},"geometry":{"type":"LineString","coordinates":[[1377.1553520861198,1155.8205070504919],[1379.4867216069251,1130.7988935261965]]}},{"type":"Feature","id":"way/1211655904","properties":{"highway":"secondary","maxspeed":"45 mph","name":"Afton Boulevard","name:etymology:wikidata":"Q692740","ref":"CH 18","osm_type":"way","osm_id":1211655904},"geometry":{"type":"LineString","coordinates":[[489.6047788566211,854.0797412581742],[501.87341305514565,870.1621303670108],[515.5738380194525,888.2809770274907],[523.3414764752961,898.2758157839999],[527.4978042486473,903.2183734821156],[530.891206960252,906.9926321711391],[534.5845622668276,910.7898562317714],[538.4206322125974,914.3430482447147],[545.0305802395451,919.980458191596],[550.7040790191968,924.3824870018288],[558.8066363473772,929.8347827503458],[567.5959911949467,935.3110184343532],[573.1226973218727,938.4129940206185],[577.6412200502236,940.5571186132729],[585.3862480000826,943.7312913257629],[593.2822166222031,946.5281576607376],[602.741250029474,949.3844824116677],[609.2583008232759,951.0892792446539],[611.7516488251858,951.6842689746991],[618.4831101867603,952.8897238317877],[626.5100156344124,953.8318208539858],[631.2461238074466,954.1991502884775],[636.3458185054478,954.400764494203],[661.9563776139403,954.7870953381062],[702.1887446039473,955.0991896502674],[708.4806088437908,955.2927502710372],[721.694873210392,956.1036045327783],[725.4914983161725,956.457530092448],[733.9443220401881,957.5563548095524],[736.4776069745421,957.9626473644748],[743.0278461663402,959.0122560309246],[753.4911119869794,961.2159271435812],[762.3281999642495,963.3377508930862],[769.1052806081134,965.2211046423763],[776.0314360050834,967.4714263174683],[783.635235270951,970.2455726712942],[806.3660698906751,979.1899445634335],[821.8483559288434,985.3610967928544],[846.9919507912127,995.4892385527492],[947.4237713889452,1035.8691305350512],[950.633732703107,1037.154815939255],[969.0969988346333,1044.5114507060498],[981.7953191787237,1049.409494142048],[988.8313264126773,1051.8602830395103],[997.1772516514175,1054.558823059313],[1008.8530974633759,1057.9324221732095],[1014.7547584355925,1059.3916664896533],[1024.9098691668478,1061.5949925836176],[1038.5694935321226,1064.1183708338067],[1054.1790518397465,1066.6801138538867],[1058.5671659840737,1067.2468207087368],[1137.4580654352903,1077.5588991306722],[1195.853087921685,1085.01943152491],[1218.132977054338,1087.865470818244],[1277.7745323053678,1095.585483876057]]}},{"type":"Feature","id":"way/1211655905","properties":{"highway":"secondary","maxspeed":"35 mph","name":"Afton Boulevard","name:etymology:wikidata":"Q692740","ref":"CH 18","osm_type":"way","osm_id":1211655905},"geometry":{"type":"LineString","coordinates":[[1277.7745323053678,1095.585483876057],[1281.6969577556592,1096.095587910153],[1340.304926209501,1103.5135588580742],[1357.7783482312225,1105.7365479562432],[1368.9932399226236,1107.1544817630202],[1425.9830430041184,1114.391262625344],[1441.9967455045553,1116.2773880064487],[1450.2922210854595,1117.0434872172773],[1459.677673933329,1117.6236200723797],[1468.4644373033661,1117.7023017555475],[1474.8517968062079,1117.5413915077224],[1484.6671098168008,1116.7785505624488],[1492.4696908639744,1115.843785875477],[1500.5809336884995,1114.6210210965946],[1505.7228833465488,1113.7125774258748],[1513.5194835148868,1112.0557621829212],[1522.865055009548,1109.8031838592142],[1588.081598379591,1093.0463121198118],[1597.9095461363322,1090.5174070978537],[1609.0238876960357,1088.1696715150028],[1618.5018807384185,1086.617427257821],[1625.5229004232679,1085.691856060177],[1633.0801802953938,1084.9898912440985],[1640.8578079575673,1084.555128576234],[1648.5558968867408,1084.3423360353336],[1659.2851016889326,1084.3264728272334],[1693.0736497266917,1084.9275638582185],[1703.4788393314811,1085.0331046888605]]}},{"type":"Feature","id":"way/1307291970","properties":{"highway":"footway","surface":"concrete","osm_type":"way","osm_id":1307291970},"geometry":{"type":"LineString","coordinates":[[1712.8501338307979,671.3398506855592],[1722.7116316239117,671.2884458666667]]}},{"type":"Feature","id":"way/1307291987","properties":{"highway":"service","service":"driveway","osm_type":"way","osm_id":1307291987},"geometry":{"type":"MultiLineString","coordinates":[[[1676.0326115303906,1201.8447955697775],[1675.955240303767,1224.939419229515]],[[1675.955240303767,1224.939419229515],[1675.9841710822075,1240.7359606483951],[1671.5947475833236,1240.7242576712742],[1670.8135329189245,1240.588871636428],[1669.458022464125,1239.6965683996677],[1668.8835489202756,1239.0063024340197],[1667.9644937491394,1237.2709073899314],[1667.385589096346,1235.2809206722304],[1667.169897454325,1233.2696847636253],[1667.349205038452,1231.159523977898],[1667.9236010668683,1228.9171127043664],[1668.8842734566424,1226.886794924736],[1669.4943536764476,1226.066382846795],[1670.198666654178,1225.435068632476],[1670.981334187265,1225.026135854423],[1671.8501028036699,1224.895148318261],[1675.955240303767,1224.939419229515]]]}},{"type":"Feature","id":"way/1307291988","properties":{"highway":"service","service":"driveway","osm_type":"way","osm_id":1307291988},"geometry":{"type":"LineString","coordinates":[[1619.442408094299,1202.0829498637468],[1619.4786286975723,1209.24810839165],[1618.436474807153,1224.1197861069813],[1617.2533010186162,1235.6140678180382],[1616.43163449259,1241.7882794830948]]}},{"type":"Feature","id":"way/1344637125","properties":{"highway":"service","service":"parking_aisle","osm_type":"way","osm_id":1344637125},"geometry":{"type":"LineString","coordinates":[[1430.299806240655,1172.1229997901246],[1461.8931129569537,1172.739322507754]]}},{"type":"Feature","id":"way/1344637232","properties":{"highway":"service","service":"driveway","surface":"unpaved","osm_type":"way","osm_id":1344637232},"geometry":{"type":"LineString","coordinates":[[1274.7086715786718,1166.3394046733156],[1278.4110428161803,1166.4490236788988],[1297.0487206656253,1167.1863254029304],[1308.146980449441,1167.8817889429629],[1312.5820531752543,1168.5709876511246],[1315.5486175519181,1169.2896820120513],[1318.2619408204919,1170.240997651592],[1320.500941329694,1171.43546562735]]}},{"type":"Feature","id":"way/1344637236","properties":{"highway":"residential","name":"30th Street South","osm_type":"way","osm_id":1344637236},"geometry":{"type":"LineString","coordinates":[[1807.3052327531623,1311.0384984156117],[1806.3165024457849,1311.746793844737],[1804.3556970924838,1312.8412797180936],[1803.328330198361,1313.2384302448481],[1801.0769191632862,1313.7767050629482],[1798.3999483230873,1314.036122057587],[1792.8262720137136,1314.0655898507684],[1782.413143188227,1314.1154013723135],[1723.5974792175693,1314.4133113911375],[1717.557045232621,1314.8081812290475],[1711.389735162782,1315.4137816326693],[1702.655895228556,1316.3124658195302],[1696.6781166721485,1316.8963693119586],[1692.6193973562913,1317.2299019936472],[1672.3353899510112,1318.2644378151745],[1664.866493406298,1318.488919758238],[1658.369189369434,1318.5049345977604]]}},{"type":"Feature","id":"way/1344666225","properties":{"access":"private","highway":"service","service":"driveway","osm_type":"way","osm_id":1344666225},"geometry":{"type":"MultiLineString","coordinates":[[[1690.441138328868,1417.5572087951005],[1688.20834896632,1417.051361778751],[1678.4405856486992,1414.9479898065329]],[[1678.4405856486992,1414.9479898065329],[1666.8971899757162,1412.606618839316],[1664.876895549649,1412.345736142248],[1663.5258223042474,1412.764263623394],[1662.979981509794,1413.1849369890988],[1662.1323467891198,1414.2824325533584],[1661.4326051270473,1416.1690348424017],[1661.3883677788544,1417.957406051457],[1661.8506760394666,1419.2583472896367],[1662.2516046506935,1419.892607348971],[1663.416960363451,1421.02879261598],[1664.1972946798778,1421.4863257696852],[1666.1929851945606,1422.0915101645514],[1667.2901323582046,1422.1610860768706],[1668.3167922745342,1422.0194103671238],[1669.2570577474544,1421.7108751079068],[1670.9017335001263,1420.7265915116295],[1672.2155842716456,1419.4637106275186],[1673.9268226895947,1417.2021130593494],[1674.8923127166927,1416.3159972308204],[1676.6791201101732,1415.3209854820743],[1678.4405856486992,1414.9479898065329]]]}},{"type":"Feature","id":"way/1344666227","properties":{"access":"private","highway":"service","service":"driveway","osm_type":"way","osm_id":1344666227},"geometry":{"type":"LineString","coordinates":[[1681.0562751055113,1455.4014820624143],[1679.2179803390172,1454.9855594336987],[1673.662319460418,1454.226465656422],[1668.2394405601663,1454.0009447988123],[1656.8708177428925,1454.2372590349987],[1650.9885850916617,1454.5659606261179],[1648.9981949699577,1454.9383542938158],[1646.903788197029,1455.8325772006065],[1644.5075031683082,1457.4369494616985],[1642.695491972554,1459.009551750496]]}},{"type":"Feature","id":"way/1344666229","properties":{"access":"private","highway":"service","service":"driveway","osm_type":"way","osm_id":1344666229},"geometry":{"type":"LineString","coordinates":[[1594.6933760147076,1582.4543624855578],[1614.5026508013252,1569.620958270505]]}},{"type":"Feature","id":"way/1344666232","properties":{"access":"private","highway":"service","service":"driveway","osm_type":"way","osm_id":1344666232},"geometry":{"type":"MultiLineString","coordinates":[[[1552.4459003759548,1554.593015709892],[1552.7651117760106,1553.2941512148827],[1553.1420242589666,1551.0734232887626],[1553.1943603228428,1549.1962035326287]],[[1553.1943603228428,1549.1962035326287],[1552.9620910006342,1547.4737510681152],[1552.1560101936338,1544.8166546188295],[1545.9539318860625,1531.803142200224],[1544.6836409958778,1528.556060965173],[1544.0519636808312,1525.6217114496976],[1543.9884989177226,1522.755517339334],[1544.1420474092592,1521.411779598333],[1544.7642112157773,1518.9917449671775],[1545.209026121418,1517.9598196335137],[1546.3026441929978,1516.374179938808],[1547.0144841859583,1515.8650669613853],[1547.8994404327823,1515.5674761952832],[1550.0468685142696,1515.5065085059032],[1552.4058842475642,1516.0348590137437],[1554.6375318143982,1516.962783771567],[1556.4106619038503,1518.1338849309832],[1557.10336029256,1518.8911060383543],[1558.3371467582183,1521.0161215374246],[1559.7319462621235,1524.9411615962163],[1560.2938330410398,1527.3976567974314],[1560.4843935170793,1529.9642547955737],[1560.195461963187,1531.7519787419587],[1559.6137358751148,1533.8055342985317],[1558.2473282641731,1537.0456350184977],[1556.2328264763928,1540.5728441523388],[1554.7243250852916,1543.8125693676993],[1553.491477558331,1547.2974146157503],[1553.1943603228428,1549.1962035326287]]]}},{"type":"Feature","id":"way/1344666235","properties":{"access":"private","highway":"service","service":"driveway","osm_type":"way","osm_id":1344666235},"geometry":{"type":"LineString","coordinates":[[1372.1179311220767,1520.7367103649303],[1371.955380534986,1519.5032270029187],[1371.6569589783903,1515.8921416150406],[1371.6045700309332,1511.781812469475],[1371.7764025899232,1509.471668173559],[1372.2392193214037,1507.5844138842076],[1373.1457768104738,1505.0651302644983],[1374.5831753119128,1501.8140680370852],[1380.478729810624,1490.3543040370569],[1382.6777770595509,1485.6611182549968],[1385.2683970929356,1479.1582535849884],[1386.9728154726909,1473.4306705053896]]}},{"type":"Feature","id":"way/1346242968","properties":{"access":"private","highway":"service","service":"driveway","osm_type":"way","osm_id":1346242968},"geometry":{"type":"LineString","coordinates":[[1002.4329623696976,1785.875076469034],[1002.7211974149686,1787.375479709357],[1005.2946703545749,1799.6904335049912],[1006.7038828941295,1804.2596908435225],[1008.6254026495735,1809.1413030764088],[1009.7372319099377,1812.6989138135687],[1010.6187691026716,1816.789148684591],[1010.9724084381596,1820.489228562452]]}},{"type":"Feature","id":"way/1346242974","properties":{"access":"private","highway":"service","service":"driveway","osm_type":"way","osm_id":1346242974},"geometry":{"type":"LineString","coordinates":[[1165.6725146937533,1676.4199023256078],[1164.9328826185665,1675.48486403469],[1162.0147422063164,1671.389340124093],[1160.0113103236654,1667.684985237196],[1158.3256519736606,1663.2038488630205],[1156.3921185706276,1656.8891484998167],[1155.6114083497669,1653.5212157210335],[1154.9971061213873,1649.9093235135078],[1153.4747286853963,1637.2304439526051],[1151.4453689131187,1622.173008358106]]}},{"type":"Feature","id":"way/1346428401","properties":{"access":"private","highway":"service","service":"driveway","osm_type":"way","osm_id":1346428401},"geometry":{"type":"LineString","coordinates":[[600.5484164295485,1792.1342672975734],[599.47608654754,1791.6316993935034],[596.1018549140426,1789.868105537258],[591.9164016719442,1787.358209323138],[572.2229312792188,1773.8565057767555],[569.9209906474571,1772.606597670354],[567.1130027062027,1771.6886870833114],[563.9960681381635,1771.2032437417656],[560.7356843600282,1771.2617669003084],[557.5131647646194,1771.9646862894297]]}},{"type":"Feature","id":"way/1346428406","properties":{"access":"private","highway":"service","service":"driveway","osm_type":"way","osm_id":1346428406},"geometry":{"type":"LineString","coordinates":[[373.2440077110077,1748.990889877081],[374.8976341406815,1747.4619741076604],[383.1404256009264,1740.4949651313946],[402.7966188239516,1724.5248174145818]]}},{"type":"Feature","id":"way/1346787826","properties":{"access":"private","highway":"service","service":"driveway","osm_type":"way","osm_id":1346787826},"geometry":{"type":"LineString","coordinates":[[551.1570501852548,958.0649191411212],[550.0513364124345,958.2287943232805],[543.8123022752116,959.0130784446374],[540.5036654930445,959.2603401141241],[511.9004213148728,959.0670131621882],[509.010082343244,959.3708734624088],[505.61253307096194,960.4510779706761],[503.9365334647591,961.357821572572],[502.37829710450023,962.5314646558836],[501.0324535971158,964.0166765367612],[499.97789764252957,965.8358701793477],[499.30139118776424,968.0225866716355],[499.0818285556743,970.5992389833555],[498.97755402559415,1012.600634184666],[497.96068528830074,1104.1886080829427],[497.3712647695793,1131.725394288078],[497.4173682521214,1144.9558662036434],[498.09171947458526,1149.9897418562323],[498.9759940642398,1153.146783250384],[499.5723544388311,1154.614600786008],[500.27946165332105,1155.9938244577497],[503.826998542645,1161.2347905328497],[506.3904470981215,1165.362452856265],[508.8428417616524,1169.7009040052071],[509.62759545544395,1171.6024264786392],[510.68342001060955,1175.6152590680867],[511.2042792796856,1178.8713769121096],[511.77385970106116,1187.9374207025394],[512.2079308322864,1191.1711058234796],[513.1926429563318,1195.2059794981033],[514.4249604679644,1198.086172877811]]}},{"type":"Feature","id":"way/1346787827","properties":{"access":"private","highway":"service","service":"driveway","osm_type":"way","osm_id":1346787827},"geometry":{"type":"LineString","coordinates":[[733.9443220401881,957.5563548095524],[733.6311561632901,959.6439848029986],[732.5580084220273,968.8169944500551],[732.3722302837996,973.6154466653243],[732.9021519511589,979.5043457709253],[733.940291406936,987.3607496097684],[734.5324437536765,990.4837613934651],[735.7443219765555,995.1857575783506],[738.7588493753574,1005.1244529066607],[742.444491650851,1015.0426242416725],[747.2004129877896,1026.3187471656129],[758.7892498171423,1051.73115843907],[760.2010490387329,1055.41167187877],[761.1623345774715,1059.2910037664697],[761.5380815080716,1063.6909629283473],[761.1854266224545,1068.911121301353],[757.8928531601559,1087.842999293469],[756.7678462010226,1095.660625062883],[756.4035269060405,1099.2477882392704]]}},{"type":"Feature","id":"way/1346787828","properties":{"access":"private","highway":"service","service":"driveway","osm_type":"way","osm_id":1346787828},"geometry":{"type":"LineString","coordinates":[[846.9919507912127,995.4892385527492],[846.2455142437248,997.1869627181441],[843.75007510063,1003.6569541106],[842.9936322947615,1006.1877992730588],[842.7368809639593,1007.8090055948123],[842.743457745004,1011.4415387995541],[844.1312955645844,1024.5532227065414],[844.272761121043,1027.919491438195],[844.2081700993585,1031.5962786981836],[843.8841182508622,1034.8502805326134],[843.1735550433514,1037.9699986809865],[842.3863257271587,1040.1897247610614],[841.2916470678174,1042.2309333924204],[839.819000518939,1043.8823822429404],[838.9253572701127,1044.4799812892452],[836.7678284868598,1045.35209123604],[832.9209923285525,1046.1421593446285],[830.2756995630334,1046.3354096710682],[827.828342021443,1046.306990377605],[825.6657913162489,1046.046012728475],[821.902689389768,1044.9478352740407],[817.8255630210042,1043.1490221265703],[814.0574600654072,1040.9066494414583]]}},{"type":"Feature","id":"way/1346787829","properties":{"access":"private","highway":"service","service":"driveway","osm_type":"way","osm_id":1346787829},"geometry":{"type":"LineString","coordinates":[[1058.5671659840737,1067.2468207087368],[1058.2234904298675,1068.8789040390402],[1055.6166108284378,1078.7033303352073],[1054.2475092235836,1083.0543900849298],[1053.0711390032084,1086.139563032426],[1048.6496346819913,1095.5038772206753],[1042.2960762947914,1107.096065619029],[1039.8427209332585,1112.4885547915474],[1038.1498648707056,1116.8721128590405],[1035.1268066362827,1125.8401162019],[1032.7768650164362,1134.0100278425962],[1032.1838723341934,1137.4299602936953],[1031.7278269813978,1142.8609039196745],[1031.4499979012762,1152.6802087593824],[1031.787048738217,1156.7023931071162],[1032.5795713065309,1161.6699787396938],[1033.632077265298,1166.8492954187095],[1034.772763430723,1171.5067335888743],[1035.798163228843,1174.9419281538576],[1037.1407193930936,1177.844723305665],[1038.1312341762823,1179.4913412565365],[1040.7116617111024,1183.0193974394351],[1044.081243745226,1186.6716758841649],[1046.0424051875598,1188.4763083085418],[1050.5178677242366,1191.8870407799259]]}},{"type":"Feature","id":"way/1346787830","properties":{"access":"private","highway":"service","service":"driveway","osm_type":"way","osm_id":1346787830},"geometry":{"type":"LineString","coordinates":[[1024.9098691668478,1061.5949925836176],[1024.5750654343865,1062.8494074800983],[1020.2047831013333,1076.8794908793643],[1017.2558891846566,1084.6368530616164],[1015.6442107553012,1088.1541528860107],[1014.1607589862542,1090.9275045022368],[1012.3227246048627,1093.433340933174],[1010.628534914169,1095.2619209149852],[1008.6267043200787,1096.98973553814],[1006.4046451759641,1098.394836705178],[1003.9942780245328,1099.3440030170605],[1001.3478636766667,1099.9815244283527],[997.0204226947972,1100.3925702134147],[993.9653843443957,1100.2847711406648],[990.8480403208523,1099.84355557058],[987.684407175926,1098.9800956565887],[984.5691368477419,1097.727959483862],[980.3825562773854,1095.5399607606232],[977.3007371273125,1093.5547450575978],[972.9911002324079,1090.0889456886798],[969.5495212950627,1086.769780088216],[965.7162344446988,1082.2609934676439],[963.1753976774053,1078.6553093167022],[961.997642151895,1076.1195357618853],[961.4429260933539,1073.840852350928],[961.1917899707914,1070.1632590470836],[961.3988391691819,1066.3757502092049],[961.8954158293782,1063.5998650994152],[964.814688040351,1055.053690626286],[969.0969988346333,1044.5114507060498]]}},{"type":"Feature","id":"way/1346787831","properties":{"access":"private","highway":"service","service":"driveway","osm_type":"way","osm_id":1346787831},"geometry":{"type":"LineString","coordinates":[[1194.8392669474706,973.5529443956912],[1194.888306303299,972.9087717570364],[1195.3824580053915,971.1104564871639],[1196.525351304328,968.79171748925],[1198.4429326365353,966.0972935333848],[1201.2453587937052,963.1718828631565],[1229.038308433781,940.9601051285863],[1243.143583006109,930.0436504501849],[1254.6201255259803,922.0530646555126],[1280.6633887717035,904.8802719069645],[1299.121304000204,893.0976976938546],[1312.714444794925,884.8905625892803],[1318.9856858754647,880.9078291906044],[1324.6805639181985,876.9347053887323],[1327.2994104686077,874.8086906494573],[1330.1250402758596,872.1055691549554],[1332.9914249944268,868.9137763213366],[1335.7484421714325,865.2773543754593],[1338.2459108486073,861.2625623745844],[1340.3094705438707,857.1244424171746],[1341.9304413730279,853.162904003635],[1343.6416874785791,847.8907854706049],[1344.631139041332,843.8942709648982]]}},{"type":"Feature","id":"way/1346986360","properties":{"access":"private","highway":"service","service":"driveway","osm_type":"way","osm_id":1346986360},"geometry":{"type":"LineString","coordinates":[[421.8161036821548,1522.206052109599],[421.9847112009884,1521.0622810274363],[422.93525030161254,1516.5656394027174],[424.2243949136464,1512.4142019245774],[428.875586479553,1502.2613126235083],[434.9612986572902,1489.8347075274214],[436.7486515152268,1485.3401376241818],[438.04710690228967,1480.6221865704283]]}},{"type":"Feature","id":"way/1346986376","properties":{"access":"private","highway":"service","service":"driveway","osm_type":"way","osm_id":1346986376},"geometry":{"type":"LineString","coordinates":[[809.5116945796763,1367.7106350809336],[811.3539986642427,1369.6926331752911],[817.9452799352584,1376.185648713261],[828.0585344066494,1385.3869905201718],[843.5450413030339,1398.8343610325828],[850.0915995865362,1404.26086926274],[853.2668848919566,1406.701715993695],[857.0973495958606,1409.166444933042],[863.7749932064326,1412.7048346651718],[868.4826914918958,1414.7941055186093],[877.9471680271672,1418.295156572014],[885.8175545583945,1421.5588861173019],[890.792801600357,1423.9821125650778],[895.0336946564494,1426.4701258111745],[898.5162684590323,1429.1339496122673],[915.2799704567879,1443.1512864520773],[920.9447429665015,1447.5980625925586],[925.8541674787994,1451.054250583984],[935.3115313115995,1457.3103071013466],[959.2012171872775,1472.3123935544863],[962.3131588874967,1474.797567628324],[964.4546037918772,1477.080307694152],[965.8542337746476,1479.2611748529598],[966.7249982911744,1481.4184732707217],[967.3422345402068,1483.930599687621],[967.7209363232832,1487.1086337994784],[967.6874852683977,1490.9299145238474],[967.4767806732561,1493.0622315099463],[966.533125309099,1497.8032014202327],[965.7686544821481,1500.3895566156134],[963.9794292767765,1505.472733128816],[962.0254482222954,1510.1555787334219],[959.7959072046215,1514.5488967001438],[958.543157791486,1516.6785517325625],[955.7062995156157,1520.859255772084],[946.9775712253177,1532.2788475723937],[945.0359001962934,1535.23989325203],[943.7272192419041,1537.6360153937712],[942.7008052002639,1540.78824463021],[941.7663166567218,1545.0404623793438],[941.2024344915408,1549.4602554496378],[941.2435346918646,1551.9153661616147]]}},{"type":"Feature","id":"way/1347027573","properties":{"access":"private","highway":"track","surface":"unpaved","osm_type":"way","osm_id":1347027573},"geometry":{"type":"LineString","coordinates":[[316.9931422321242,1182.0353902094066],[320.10258255997906,1179.265869796276],[322.69111033232184,1176.439528832212],[324.7981985535007,1173.5564636178315],[326.45539825659944,1170.627859777771],[327.717999268265,1167.6427441500127],[328.6096307101543,1164.6233917661011],[329.1697657663026,1161.5698994286358],[329.44574515067507,1158.4934919485822],[329.46914744155947,1155.394246859476],[328.9949527978315,1149.1722597889602],[328.22045608068584,1143.0717299589887],[327.64380096661625,1139.9932283889502],[326.86988515860867,1136.8698079893366],[325.85144882521126,1133.6569183347747],[324.55693971947767,1130.3433734569699],[322.91544068203075,1126.873456351459],[320.8874770922703,1123.2470703814179],[318.43371052178554,1119.4085763115436],[315.66393104655435,1115.6581765608862],[312.7590644871234,1112.262922118418],[309.75069033534965,1109.222890632227],[306.6626296020695,1106.4825976174325],[303.5264891043189,1104.0310120750219],[300.3660081232665,1101.8459750590846],[297.22074279899243,1099.8942577289417],[294.10656479746103,1098.1425731256604],[288.11379652743926,1095.150781695731],[280.8186757355579,1092.0336120417342],[265.9979409662192,1086.420816063881],[240.74804411502555,1077.572185717523],[236.8201554925763,1076.0296053607017],[233.3902911898913,1074.2216365905479],[230.57673837122275,1072.204110370949],[228.4741542339325,1070.01058272738],[227.18506401911145,1067.6857375809923],[226.8278100771713,1065.2631890494376],[227.50491821340984,1062.7876216033474],[229.31891443236964,1060.303720222786],[232.37235199281713,1057.845062035136],[236.78354685171507,1055.4563721409068],[241.45486883621197,1053.2349497610703],[245.3124790803413,1051.233714926988],[248.44330150540918,1049.4195527508855],[250.9421009250218,1047.7815851634368],[252.91948644380318,1046.2867559576407],[254.45448785903864,1044.9019320206717],[255.6576875084429,1043.6051661521196],[259.0644125851686,1038.736816264689],[260.11755703232484,1037.46190153528],[262.68989054928534,1034.813234954141],[267.36544908513315,1030.8700074395165],[272.5294644413516,1027.350105855614],[274.6719202125678,1026.155619772151],[281.1062896086951,1022.9387670364231],[305.3246552380151,1011.4340537097305],[326.4456459398498,1000.9993596980348],[346.3719732868485,991.6171153755859],[352.84638019959675,988.2004779921845],[355.8904194792849,986.386154721491],[368.4394350903458,978.4077345700935]]}},{"type":"Feature","id":"way/1351151120","properties":{"access":"private","highway":"service","service":"driveway","osm_type":"way","osm_id":1351151120},"geometry":{"type":"LineString","coordinates":[[1890.7640700902557,1806.2417445536703],[1888.472844778269,1806.96872749459],[1874.329877612996,1811.673942684196],[1862.0508890360943,1816.0176291055977],[1850.7146772734704,1819.1086030956358]]}},{"type":"Feature","id":"way/1351260103","properties":{"access":"private","highway":"service","service":"driveway","osm_type":"way","osm_id":1351260103},"geometry":{"type":"LineString","coordinates":[[2629.4408343232353,1732.462649882771],[2630.515175042441,1732.199067630805],[2632.546290748869,1731.371639222838],[2635.2431038619834,1729.6240691319108],[2650.0181476766593,1716.5908300951123],[2652.304793548363,1714.7310245139524],[2659.1393650815007,1709.7514078030363],[2665.5770181022235,1705.5593921076506]]}},{"type":"Feature","id":"way/1351260124","properties":{"access":"private","highway":"service","service":"driveway","osm_type":"way","osm_id":1351260124},"geometry":{"type":"LineString","coordinates":[[2701.467924593191,1818.580117918551],[2701.6831022510887,1817.858664335683],[2702.8270530801965,1815.3069102205336],[2705.189656440809,1811.7032808754593],[2708.684270570171,1806.9808807400987],[2713.556146775314,1800.951558507979],[2717.4446539436467,1796.519102233462],[2720.2631106724148,1793.6277215890586],[2727.5762593441177,1786.8943659942597],[2731.572060443752,1783.6064124265686],[2734.530670319975,1781.4041708819568],[2739.4184046584414,1778.1520743230358],[2742.6998550062417,1776.2395758954808],[2745.782792698941,1774.7375364098698],[2748.6673114625155,1773.6126299090683],[2752.459798140917,1772.4347554994747],[2755.4774146429845,1771.6990319462493]]}},{"type":"Feature","id":"way/1353572333","properties":{"access":"private","highway":"service","service":"driveway","osm_type":"way","osm_id":1353572333},"geometry":{"type":"LineString","coordinates":[[1596.688135037839,923.062828139402],[1596.6452874707174,930.2833164799958],[1596.8785473656026,943.5365176685154],[1597.5934829413309,959.7347815828398],[1598.3242904104409,964.0024309903383],[1599.089831737976,967.081550443545],[1600.4680845254916,971.3287014588714],[1601.433386925084,973.5085533363745]]}},{"type":"Feature","id":"way/1353572335","properties":{"footway":"sidewalk","highway":"footway","surface":"concrete","osm_type":"way","osm_id":1353572335},"geometry":{"type":"LineString","coordinates":[[1585.9934199224808,1085.5979969212785],[1579.3100580031169,1087.2132411394268],[1578.073398281238,1089.12064534612],[1576.3971317761461,1090.0826516421512],[1512.2317141246167,1106.420290400274],[1498.8193184036645,1109.0398446694016],[1495.8510756548494,1108.9542525280267],[1494.6124112975085,1108.6399433016777],[1493.145998777065,1107.869580084458],[1483.9851201339043,1108.9451748384163]]}},{"type":"Feature","id":"way/1353572344","properties":{"highway":"residential","name":"Upper 34th Street South","surface":"unpaved","osm_type":"way","osm_id":1353572344},"geometry":{"type":"LineString","coordinates":[[1367.587983393285,639.7224787222221],[1365.810517609818,637.0850848574191],[1363.8356073970208,634.4693919522688],[1360.0099284194876,630.071478699334],[1356.4187813582248,626.562870237045],[1354.417882250913,624.8246925920248],[1352.2352714920416,623.1304747592658],[1349.8708908844274,621.5024339938536],[1347.2378327573533,619.9625604813918],[1342.9560260485741,617.8851646455005],[1337.5771892656921,615.6382756838575],[1332.7578206573962,613.8149800198153],[1328.158737749327,612.2921958062798],[1310.4240932415123,606.7804661123082],[1281.4802207046305,597.3182429717854],[1274.2299234354869,595.1442939192057],[1270.0872456711368,594.2003874396905],[1254.8238448573393,591.7056776918471],[1240.2254104061285,588.5351067315787],[1235.0714711743058,587.8329851925373],[1231.1559627804672,587.5784277198836],[1224.3815226719016,587.616384071298],[1219.4538973138551,587.9368545487523],[1211.6036599052022,588.7496357187629],[1185.3503301880555,592.103052617982],[1181.5354503000854,592.6263886466622],[1177.925507537846,593.2835606792942],[1173.959580765746,594.2064201841131],[1169.8825442253728,595.351166870445],[1165.963044419943,596.6407355135307],[1162.4618032817962,598.0091483490542],[1158.9202536208322,599.6996085392311],[1152.9347683023661,603.0278282817453],[1148.9887201812235,605.428199547343],[1144.0060502521228,608.7256928924471],[1139.749649301113,612.0694999564439],[1136.9402361694374,614.5950085790828],[1134.3677449960378,617.0989128220826],[1131.3748494471656,620.3571184175089],[1130.630100680457,621.3549710502848],[1129.2894124988816,623.8176221856847],[1127.6595031647594,628.2124252477661],[1126.8621093822294,631.2541265431792],[1126.3099607616896,634.1076143812388],[1125.9633793500252,636.8505465853959],[1125.5180258307955,644.2144054220989],[1125.3269014947,650.9679467864335],[1125.1993959140382,669.7856024326757]]}},{"type":"Feature","id":"way/1353572347","properties":{"highway":"footway","surface":"concrete","osm_type":"way","osm_id":1353572347},"geometry":{"type":"LineString","coordinates":[[1684.2756675267592,674.6739140423015],[1686.8337589857401,674.6807378502563],[1688.0398378959508,672.4400152517483],[1693.3613016220625,672.4542147237808]]}},{"type":"Feature","id":"way/1353572348","properties":{"highway":"footway","surface":"concrete","osm_type":"way","osm_id":1353572348},"geometry":{"type":"LineString","coordinates":[[1683.1737254019245,679.3143759313971],[1683.3711088589043,679.3149023903534],[1686.0464728386723,679.7552746692672],[1693.3656584584387,679.6970433471724]]}},{"type":"Feature","id":"way/1354355246","properties":{"access":"private","highway":"service","service":"driveway","osm_type":"way","osm_id":1354355246},"geometry":{"type":"LineString","coordinates":[[1357.7783482312225,1105.7365479562432],[1357.9075139313354,1104.6482412395999],[1358.9675779012614,1094.7754526054487],[1359.4075161270448,1086.5562256509438],[1359.7280819499283,1069.6497463891283],[1360.4239366206457,1048.111955809407],[1360.361458967498,1044.8347498420626],[1360.0850633191294,1041.8458081344143],[1359.313469336019,1038.0224241577089],[1358.6153002920328,1036.3098699143156],[1357.7352865751018,1034.6968174856156],[1354.9823309335043,1030.7682722415775],[1350.6834806023398,1026.258036491461],[1349.3927537653944,1024.7105627236888],[1347.2140841527143,1021.5611261781305],[1345.3678994271904,1018.06819259841],[1344.6315858926973,1015.8445438072085],[1344.430819768575,1014.1221831254661],[1344.5720622577937,1011.4342669211328],[1345.2023258686531,1008.9253672398627]]}},{"type":"Feature","id":"way/1354355248","properties":{"access":"private","highway":"service","service":"driveway","osm_type":"way","osm_id":1354355248},"geometry":{"type":"LineString","coordinates":[[1368.9932399226236,1107.1544817630202],[1369.2028391080094,1105.4998462768272],[1372.9167228613514,1080.1263768877834]]}},{"type":"Feature","id":"way/1354355253","properties":{"access":"private","highway":"service","service":"driveway","osm_type":"way","osm_id":1354355253},"geometry":{"type":"LineString","coordinates":[[1468.368416983576,629.5783341275528],[1466.6270413499442,631.2400400768965],[1463.2938957961742,634.7193678459153],[1460.189310732996,638.3548195641488],[1456.0768702211208,643.9427360901609],[1453.777505190461,647.6247445289046],[1452.0238295104355,650.9638225454837],[1450.513275472389,654.9256229568273],[1450.0161644386826,657.8125543873757],[1450.2537315062946,660.5458980500698],[1451.0914039660129,663.2586033241823],[1451.9082539303345,664.8826099019498],[1453.5146388086723,666.5086940638721],[1456.1233816689346,668.2707198513672],[1461.1302329067257,670.8277708319947],[1468.8512063625967,674.1029246561229],[1472.1411360203638,675.0336051452905],[1476.1977324268664,675.6552661871538]]}},{"type":"Feature","id":"way/1354355271","properties":{"access":"private","highway":"service","service":"driveway","osm_type":"way","osm_id":1354355271},"geometry":{"type":"LineString","coordinates":[[1140.8612836559769,551.5526724504307],[1140.329474308237,552.6399426683784],[1137.7991959954961,557.1323952376842],[1135.0092019592994,561.3020287165418],[1131.3417241279385,565.8915257016197],[1127.2481254358427,570.3910563765094],[1126.5571494007017,571.966695801355],[1126.1486621314543,574.2206892566755]]}},{"type":"Feature","id":"way/1354355272","properties":{"access":"private","highway":"service","service":"driveway","osm_type":"way","osm_id":1354355272},"geometry":{"type":"LineString","coordinates":[[1032.7547250761418,471.82565372250974],[1032.3220919342712,471.191353302449],[1031.0300643636147,470.0771782640368],[1029.3110758430557,469.1951890466735],[1027.3623453392647,468.6125434190035],[1025.3574337498285,468.38522968813777],[1010.2013452690444,470.07932438049465],[1007.3821914321161,470.23873142246157],[1003.742464999319,470.1738660717383]]}},{"type":"Feature","id":"way/1354355273","properties":{"access":"private","highway":"service","service":"driveway","osm_type":"way","osm_id":1354355273},"geometry":{"type":"LineString","coordinates":[[1102.404155379918,486.39036383107305],[1102.8237370119314,485.9582092054188],[1105.6006942901877,483.788077685982],[1108.297323403298,482.1509534390643],[1110.0840436173603,481.2557615097612],[1118.0831942923833,477.85493426490575],[1120.186256222485,476.7606060337275],[1122.0215565956896,475.39898125454783],[1124.341411800764,472.90552920103073]]}},{"type":"Feature","id":"way/1354580937","properties":{"access":"private","bridge":"yes","highway":"footway","layer":"1","osm_type":"way","osm_id":1354580937},"geometry":{"type":"LineString","coordinates":[[1270.9455294587533,382.7391620967537],[1270.2418868369423,383.0928062219173],[1262.8890879571554,386.8394922269508]]}},{"type":"Feature","id":"way/1354580938","properties":{"access":"private","highway":"footway","osm_type":"way","osm_id":1354580938},"geometry":{"type":"LineString","coordinates":[[1262.8890879571554,386.8394922269508],[1259.9883622896741,387.9872420961037],[1255.824268796423,389.15392528567463],[1254.0392064715852,389.39367325324565],[1252.5690478947363,389.98971576988697],[1251.366534576693,390.89749534241855],[1249.4965679370216,393.4253966892138]]}},{"type":"Feature","id":"way/1354580939","properties":{"access":"private","highway":"footway","osm_type":"way","osm_id":1354580939},"geometry":{"type":"LineString","coordinates":[[1277.583877274883,383.5007191449404],[1277.0399704518495,383.15493624284863],[1275.0837450127583,382.4166753971949],[1273.6393229843816,382.22406906448305],[1272.2257319379132,382.32036706153303],[1270.9455294587533,382.7391620967537]]}},{"type":"Feature","id":"way/1354580940","properties":{"access":"private","highway":"service","service":"driveway","osm_type":"way","osm_id":1354580940},"geometry":{"type":"LineString","coordinates":[[1314.0046660162043,408.60112284868956],[1312.4197809899342,407.77495062723756],[1303.7838698010892,403.9754982320592],[1300.4091543495888,402.1893216557801],[1298.8247872696375,401.1631992543116],[1283.6122841188917,388.0487291133031],[1277.583877274883,383.5007191449404]]}},{"type":"Feature","id":"way/1354580946","properties":{"access":"private","highway":"service","service":"driveway","osm_type":"way","osm_id":1354580946},"geometry":{"type":"LineString","coordinates":[[1314.0046660162043,408.60112284868956],[1310.93100571807,406.42692501749843],[1309.883054587699,405.59104563482106],[1307.6071735447622,403.2967359656468],[1305.1673357113614,400.29104870185256],[1302.6342536101583,396.70747171342373],[1298.8525305610383,390.52122657280415],[1296.6525660191546,386.36087294854224],[1294.9252695366158,382.61277047079057],[1292.5574127833825,376.2191509241238],[1291.0477241564076,370.7719999458641],[1289.2166003262973,361.41378264594823],[1288.124573970912,353.2461123364046],[1287.7765634875395,347.4131877608597],[1287.758905436669,339.0372532438487],[1288.141119131993,334.77254454325885],[1288.9021564655704,330.57547448575497],[1289.891564342135,326.6122802691534],[1291.4683291683323,321.4731045663357],[1296.4775886143325,308.08918177429587],[1298.021940203791,303.2720728367567],[1299.7220485307043,296.2558666151017],[1300.323125300929,292.8470920184627],[1300.7023378387676,289.7376713771373],[1300.8680449895328,286.7498887684196],[1300.7774474819307,282.12847307603806],[1300.1298079155968,276.13924680743366],[1299.2720100788283,272.01571831293404],[1297.4856577546452,266.6789316209033],[1295.3185354424058,262.0187779208645],[1291.0416013465147,254.9425601940602],[1287.2963968739496,249.8561706840992],[1284.4543509564246,246.638381161727],[1279.4213275786606,241.84857454989105],[1273.7094532405608,236.97924470994622],[1266.4917389033944,231.22842232696712]]}},{"type":"Feature","id":"way/1354580949","properties":{"highway":"residential","name":"Perrot Avenue South","osm_type":"way","osm_id":1354580949},"geometry":{"type":"LineString","coordinates":[[1595.184523696662,510.80703271273524],[1595.0465372043545,503.2972454633564],[1594.4889222898637,481.3451508935541],[1593.6671202263096,463.7358228955418]]}},{"type":"Feature","id":"way/1355298738","properties":{"bicycle":"designated","embankment":"dyke","foot":"designated","highway":"cycleway","motor_vehicle":"no","name":"Afton-Lakeland Bike Trail","oneway":"no","segregated":"no","surface":"asphalt","osm_type":"way","osm_id":1355298738},"geometry":{"type":"LineString","coordinates":[[1790.5596193572273,696.731178256683],[1791.4055691921967,702.1877794181928],[1797.895739124273,755.0488935112953],[1800.767286793387,779.4400203386322]]}},{"type":"Feature","id":"way/1355298739","properties":{"bicycle":"designated","foot":"designated","highway":"cycleway","motor_vehicle":"no","name":"Afton-Lakeland Bike Trail","oneway":"no","segregated":"no","surface":"asphalt","osm_type":"way","osm_id":1355298739},"geometry":{"type":"LineString","coordinates":[[1800.767286793387,779.4400203386322],[1800.85835988092,780.8066249210387],[1800.929465820198,783.7283823899925],[1800.742256773694,788.7600835533813],[1798.4761872357922,815.2702698605135],[1796.790716078598,840.2045930037275],[1796.7453764053644,848.2693286184222],[1797.0449944917927,851.3583292039111],[1797.700817491801,854.1039190962911],[1801.2360281647998,866.5439577409998],[1805.0471652337,879.1291519403458],[1817.164457802719,917.9641247363761],[1818.7447122700978,923.3782712770626],[1819.3594602533267,926.7125102495775],[1819.4931782351923,929.8343921676278],[1819.329065350932,932.144544028677],[1817.9744381866185,939.7169814370573],[1815.1428744627628,953.3729733452201],[1814.1844393095816,960.4132629195228],[1813.5521786704776,966.5324138104916],[1813.1994977554423,971.4414765108377],[1813.0323855277384,977.8062674207613],[1813.0998901634011,1055.5001520467922],[1813.4702699475456,1064.5657838350162],[1814.4374922823044,1074.8105341121554],[1814.6749342000112,1089.2745998930186]]}},{"type":"Feature","id":"way/1355298740","properties":{"bicycle":"designated","foot":"designated","highway":"cycleway","motor_vehicle":"no","oneway":"no","segregated":"no","surface":"asphalt","osm_type":"way","osm_id":1355298740},"geometry":{"type":"LineString","coordinates":[[1790.0175505721127,631.0000442722812],[1789.2542858484667,632.9753293627873],[1788.5615137280547,635.1618674052879],[1787.955174034345,637.5041580814868],[1787.4196547934553,639.9355077827349],[1786.9709255615599,642.3893076526001],[1786.3265076925163,647.1531744748354],[1786.139071909478,649.3299601590261],[1786.0390218639513,651.3070252500474],[1786.034491290222,652.9955226443708],[1786.4470370694762,661.0837017223239],[1787.1879075294128,670.3947096867487],[1787.6196734555997,674.261666608043],[1788.9881426081993,685.074022334069],[1790.5596193572273,696.731178256683]]}},{"type":"Feature","id":"way/1355298741","properties":{"bicycle":"designated","foot":"designated","highway":"cycleway","motor_vehicle":"no","oneway":"no","segregated":"no","surface":"asphalt","osm_type":"way","osm_id":1355298741},"geometry":{"type":"LineString","coordinates":[[1779.9831865793094,618.9424919188023],[1777.8762141554616,621.4696050686762],[1776.1662479047664,623.1646374100819],[1775.3024909792002,624.3398343631998]]}},{"type":"Feature","id":"way/1355299519","properties":{"highway":"residential","name":"Upper 34th Street South","osm_type":"way","osm_id":1355299519},"geometry":{"type":"LineString","coordinates":[[1603.8858257435495,623.6936265714467],[1695.8105320612085,624.5048625338823],[1703.8322050801362,624.5484954053536],[1712.2643797888886,624.6154522560537],[1721.4635668107658,624.2512344932184],[1750.1869060334866,624.3836222765967]]}},{"type":"Feature","id":"way/1355588432","properties":{"highway":"service","service":"driveway","osm_type":"way","osm_id":1355588432},"geometry":{"type":"LineString","coordinates":[[1825.4189291287912,845.9913549665362],[1827.882629085274,845.8424609079957],[1836.9155289311311,845.5446148337796],[1853.5903512092773,845.4784272918478],[1957.1592327237013,845.5694221463054],[2028.2547666932223,845.818033080548]]}},{"type":"Feature","id":"way/1355588433","properties":{"highway":"service","service":"driveway","osm_type":"way","osm_id":1355588433},"geometry":{"type":"LineString","coordinates":[[1849.204557670164,964.2066584164277],[1848.858288600226,960.8620307380334],[1847.0444600505289,942.5168121056631],[1846.771784098295,941.1608260283247],[1845.6497962875874,938.5583873698488],[1843.433061272779,934.9643340706825],[1841.0597090825322,930.8921892568469],[1839.2476188936853,926.5549492081627],[1836.2044630225864,916.1379810012877],[1834.3858419138123,908.3570525506511],[1833.498180356517,903.7556951176375],[1829.0349605313386,875.3278368972242],[1827.6474055232247,865.7818000735715],[1825.903833794,850.6360619999468],[1825.4189291287912,845.9913549665362],[1817.9489661192638,775.9203201932833],[1817.8061836985871,773.231650820002],[1817.915301822126,770.8213740810752],[1818.2448294376372,768.6560794720426],[1818.763215675659,766.7245735852048],[1820.2247190050548,763.462569235824],[1822.0317922725808,760.8791201049462],[1823.9242508654715,758.8402233701199],[1826.0766561537166,757.0241986773908],[1828.9313510282664,755.3544758437201],[1832.6458821299602,753.9647830976173],[1834.8659410864348,753.4153257925063],[1840.1340446444228,752.6963351434097],[1843.2135803070269,752.5602131132036],[1913.4128179012914,751.7942471466959],[1954.60432249133,751.1725578401238],[1968.1359085713048,751.5313870599493],[1980.293086788326,752.119796124287],[2000.6040933606564,753.4524353602901],[2013.9993089917698,754.5997029496357]]}},{"type":"Feature","id":"way/1355588434","properties":{"highway":"service","leisure":"slipway","service":"slipway","osm_type":"way","osm_id":1355588434},"geometry":{"type":"LineString","coordinates":[[2020.644279383705,944.3308048378676],[2001.6561438034405,950.3222749354318],[1988.949302700872,954.5867987815291]]}},{"type":"Feature","id":"way/1385679863","properties":{"highway":"service","service":"driveway","osm_type":"way","osm_id":1385679863},"geometry":{"type":"LineString","coordinates":[[1782.413143188227,1314.1154013723135],[1782.4260410825373,1315.192972808145],[1782.582927387848,1330.2789095565677],[1782.8462445910554,1332.1791913872585],[1783.5841278060107,1333.74748783838],[1784.717750735348,1334.939153028652],[1785.403412264306,1335.374229556881],[1786.9651578069897,1335.889417828992],[1788.6703464076854,1335.905103271827],[1790.2108234009938,1335.5204364182428],[1791.4681412559585,1334.746207789518],[1792.3869488969212,1333.6155944978818],[1792.8803467691178,1332.1505803409964],[1792.8262720137136,1314.0655898507684]]}},{"type":"Feature","id":"way/1385686422","properties":{"highway":"service","leisure":"slipway","service":"slipway","osm_type":"way","osm_id":1385686422},"geometry":{"type":"LineString","coordinates":[[2022.1925986573333,1408.3201450845227],[2020.980178995058,1407.0948971724138],[2019.9729237619322,1405.9035335015506],[2018.4713699356653,1403.5888537084684],[2017.5696723554283,1401.3202403662726],[2017.1337468378479,1399.0528939953074],[2017.0216145344893,1396.7419938100502],[2017.1509688580409,1392.7210213253275],[2018.2238937275833,1372.6728615993634]]}},{"type":"Feature","id":"way/1385686427","properties":{"highway":"service","leisure":"slipway","service":"slipway","osm_type":"way","osm_id":1385686427},"geometry":{"type":"LineString","coordinates":[[1954.601569806924,1396.0504174949601],[1985.751763978391,1361.7314868737012]]}},{"type":"Feature","id":"way/1385686428","properties":{"highway":"service","service":"driveway","osm_type":"way","osm_id":1385686428},"geometry":{"type":"LineString","coordinates":[[1839.632119395188,1100.472575303167],[1839.4949171260232,1101.5830683512613],[1839.0240698582493,1106.3918350385502],[1838.9477542862878,1111.2794241681695],[1839.9741391795105,1120.0580001762137],[1841.4191840246203,1128.7488346127793],[1842.4477481304202,1130.8511338504031],[1843.2505633193068,1131.7642026077956],[1844.2669262000127,1132.5334343649447],[1845.5285654564505,1133.1033715391532],[1847.0592851433903,1133.4296438898891],[1848.867040017445,1133.4900557808578],[1850.9835889558308,1133.2180412476882],[1853.424781743437,1132.5914260493591],[1861.5795308848028,1129.8917880794033],[1865.3256714671734,1128.4133307877928],[1868.607039764931,1126.555929175578],[1870.5221319485572,1124.8725825389847],[1872.6365424012183,1122.4677134575322],[1874.6580447166343,1119.3849683655426],[1875.5312669079285,1117.6099439524114],[1876.2627427663538,1115.7012337809429],[1877.197492993786,1111.6046730782837],[1877.6178229368525,1107.973286891356],[1877.665928211878,1104.7741328720003],[1876.9829788500792,1097.473924282007]]}},{"type":"Feature","id":"way/1385686434","properties":{"highway":"service","service":"parking_aisle","osm_type":"way","osm_id":1385686434},"geometry":{"type":"LineString","coordinates":[[1938.8171290603932,1021.1248341780156],[1904.9476905801566,1021.1220962125808]]}},{"type":"Feature","id":"way/1385686435","properties":{"highway":"service","service":"driveway","osm_type":"way","osm_id":1385686435},"geometry":{"type":"MultiLineString","coordinates":[[[1866.871318657708,1205.1892072940245],[1868.726780729543,1205.1164500257],[1874.8530310637434,1205.1440814360976],[1879.3918490006472,1205.3896077657118],[1886.7950299109216,1206.1649741297588],[1892.610986642947,1207.0804750258103],[1901.7089409197215,1208.815777127631],[1917.8210893250653,1212.1141554564238],[1946.8566707942518,1218.4135713763535],[1955.914729938202,1220.2932547219098],[1964.5947734118672,1221.8275584485382],[2018.1636764071882,1229.371382901445],[2023.7599941808148,1229.753191552125],[2031.8840239670244,1229.6197796463966],[2036.7961367152166,1229.0332866460085],[2040.5093204679433,1228.0547301573679],[2042.0663542483817,1227.403561713174],[2045.3315410810756,1225.690618397668],[2050.432712191774,1222.3608197411522],[2053.8028961116215,1219.7816938580945],[2057.0314630665816,1217.0244456492364],[2087.2639628106263,1189.7019444778562],[2105.7929424233153,1172.389782412909],[2109.773499328643,1168.9236642029136],[2115.073849425593,1164.9612696943805],[2118.845505996258,1162.8276210799813],[2122.971000107762,1161.2170483414084],[2125.22258349153,1160.645560904406],[2127.6157862829277,1160.2521999003366],[2130.174231734127,1160.059247407131],[2132.8977067357628,1160.1444634357467],[2135.730765194632,1160.5743481395766],[2138.610370353039,1161.3042945247144],[2144.2574393936084,1163.3526412490755],[2146.8989217265043,1164.548501400277],[2151.4790081075625,1167.0271676322445],[2154.725794092403,1169.168923378922],[2158.5937643869547,1172.2232914147899],[2181.8309222497046,1191.3383425725624],[2188.391289246094,1197.155061130412]],[[2188.391289246094,1197.155061130412],[2201.794791753113,1209.300292890519],[2203.14218779112,1210.248229903169],[2204.6639688540017,1210.9411481115967],[2206.28902183054,1211.4010693896562],[2207.9779039943824,1211.6167767364532],[2209.675291654654,1211.6103353304788],[2211.3338168776827,1211.381614914164],[2212.898186485225,1210.9415720151737],[2214.321032497566,1210.2900762762874],[2215.554925775912,1209.4492143969983],[2216.5524982227944,1208.4188559707254],[2218.004163398058,1205.901190603152],[2218.497546110302,1204.4806434093043],[2218.8016091702157,1203.0040322495624],[2218.8847125481116,1201.4934873096645],[2218.7230803031707,1199.98226905521],[2218.2929670406156,1198.4925294397399],[2217.570596792735,1197.0575289977714],[2216.516373632592,1195.7215934200212],[2214.6022076659137,1194.172228707932],[2213.245693119592,1193.6686094021425],[2210.5071769735077,1193.316710676998],[2207.206670320942,1193.496482164599],[2188.391289246094,1197.155061130412]]]}},{"type":"Feature","id":"way/1426164335","properties":{"highway":"service","service":"driveway","osm_type":"way","osm_id":1426164335},"geometry":{"type":"LineString","coordinates":[[1900.9891274856054,990.1516695078462],[1980.949152071902,990.4014999857172],[1981.031365247094,1006.6536391172558],[1903.0380428038188,1006.1647300543264]]}},{"type":"Feature","id":"way/1426164336","properties":{"highway":"service","service":"driveway","osm_type":"way","osm_id":1426164336},"geometry":{"type":"LineString","coordinates":[[1903.0380428038188,1006.1647300543264],[1900.9891274856054,990.1516695078462]]}},{"type":"Feature","id":"way/1499304687","properties":{"highway":"service","service":"driveway","osm_type":"way","osm_id":1499304687},"geometry":{"type":"MultiLineString","coordinates":[[[1331.078882210073,1540.4693545205519],[1352.8462505912757,1578.662186334841],[1351.1160442098044,1597.2868287786841],[1343.973212472687,1632.9490606039762]],[[1343.973212472687,1632.9490606039762],[1336.6005397798726,1647.8486735112965],[1331.936923131172,1659.222829690203],[1337.549005070061,1683.6431560162455],[1352.8630122179748,1689.9262560121715],[1364.0372824728838,1688.3780773477629],[1370.8440974792466,1681.5640952400863],[1374.3854776884546,1652.613174777478],[1343.973212472687,1632.9490606039762]]]}}]}