{"type": "FeatureCollection", "features": [{"type": "Feature", "id": 1275, "geometry": {"type": "Point", "coordinates": [-92.78433168348725, 44.897822362434255]}, "properties": {"OBJECTID": 1275, "ADD_ID_LOC": null, "ANUMBERPRE": null, "ANUMBER": 15882, "ANUMBERSUF": null, "ST_PRE_MOD": null, "ST_PRE_DIR": null, "ST_PRE_TYP": null, "ST_CONCAT": "35th Street South", "ST_NAME": "35th", "ST_POS_TYP": "Street", "ST_POS_DIR": "South", "ST_POS_MOD": null, "SUB_TYPE1": null, "SUB_ID1": null, "SUB_TYPE2": null, "SUB_ID2": null, "CO_CODE": "163", "CO_NAME": "Washington", "STATE_CODE": "MN", "ZIP": "55001", "ZIP4": null, "LOC_NAME": null, "LOC_DESC": null, "LANDMARK": null, "RESIDENCE": "Yes", "MAILABLE": null, "STATUS": null, "PIN": "2202820410019", "LONGITUDE": null, "LATITUDE": null, "SOURCE": null, "AAUTHORITY": null, "EDIT_ORG": null, "UPDATEDATE": null, "COMMENTS": null, "EX_KEY": "5BAF24C5-C1D0-4F42-BF91-164E5B61F3B1", "RT_ST_EX_KEY": null, "created_user": null, "created_date": null, "last_edited_user": "DDMATZE", "last_edited_date": 1557844072000, "ESN": "3", "PS_MUNICODE": "A", "SERV_AREA": null, "PS_STNAME": "35TH ST S", "CTU_NAME": "Afton", "CTU_ID_TXT": "02393887", "POSTCOMM": null, "PLACE_LOC": "3", "CEN_GEO": null, "UNI_WO_SUB": null, "USNG_CODE": null, "GIS911POC": null, "PSAP_CODE": "WASH", "MSAG_C": "Afton", "VERROR_911": null}}, {"type": "Feature", "id": 1502, "geometry": {"type": "Point", "coordinates": [-92.78804983021115, 44.90341665604404]}, "properties": {"OBJECTID": 1502, "ADD_ID_LOC": null, "ANUMBERPRE": null, "ANUMBER": 15702, "ANUMBERSUF": null, "ST_PRE_MOD": null, "ST_PRE_DIR": null, "ST_PRE_TYP": null, "ST_CONCAT": "Afton Boulevard South", "ST_NAME": "Afton", "ST_POS_TYP": "Boulevard", "ST_POS_DIR": "South", "ST_POS_MOD": null, "SUB_TYPE1": null, "SUB_ID1": null, "SUB_TYPE2": null, "SUB_ID2": null, "CO_CODE": "163", "CO_NAME": "Washington", "STATE_CODE": "MN", "ZIP": "55001", "ZIP4": null, "LOC_NAME": null, "LOC_DESC": null, "LANDMARK": null, "RESIDENCE": null, "MAILABLE": null, "STATUS": null, "PIN": "2202820120023", "LONGITUDE": null, "LATITUDE": null, "SOURCE": null, "AAUTHORITY": null, "EDIT_ORG": null, "UPDATEDATE": null, "COMMENTS": null, "EX_KEY": "6F798CFF-9BB7-4495-894E-3ED899C64F53", "RT_ST_EX_KEY": null, "created_user": null, "created_date": null, "last_edited_user": "DDMATZE", "last_edited_date": 1557844073000, "ESN": "3", "PS_MUNICODE": "A", "SERV_AREA": null, "PS_STNAME": "AFTON BLVD S", "CTU_NAME": "Afton", "CTU_ID_TXT": "02393887", "POSTCOMM": null, "PLACE_LOC": "1", "CEN_GEO": null, "UNI_WO_SUB": null, "USNG_CODE": null, "GIS911POC": null, "PSAP_CODE": "WASH", "MSAG_C": "Afton", "VERROR_911": null}}, {"type": "Feature", "id": 5251, "geometry": {"type": "Point", "coordinates": [-92.78602286441755, 44.8966975367648]}, "properties": {"OBJECTID": 5251, "ADD_ID_LOC": null, "ANUMBERPRE": null, "ANUMBER": 15800, "ANUMBERSUF": null, "ST_PRE_MOD": null, "ST_PRE_DIR": null, "ST_PRE_TYP": null, "ST_CONCAT": "36th Street South", "ST_NAME": "36th", "ST_POS_TYP": "Street", "ST_POS_DIR": "South", "ST_POS_MOD": null, "SUB_TYPE1": null, "SUB_ID1": null, "SUB_TYPE2": null, "SUB_ID2": null, "CO_CODE": "163", "CO_NAME": "Washington", "STATE_CODE": "MN", "ZIP": "55001", "ZIP4": null, "LOC_NAME": null, "LOC_DESC": null, "LANDMARK": null, "RESIDENCE": "Yes", "MAILABLE": null, "STATUS": null, "PIN": "2202820410038", "LONGITUDE": null, "LATITUDE": null, "SOURCE": null, "AAUTHORITY": null, "EDIT_ORG": null, "UPDATEDATE": null, "COMMENTS": null, "EX_KEY": "6D027151-67A4-40D5-B1AD-E2E039099370", "RT_ST_EX_KEY": null, "created_user": null, "created_date": null, "last_edited_user": "DDMATZE", "last_edited_date": 1557844094000, "ESN": "3", "PS_MUNICODE": "A", "SERV_AREA": null, "PS_STNAME": "36TH ST S", "CTU_NAME": "Afton", "CTU_ID_TXT": "02393887", "POSTCOMM": null, "PLACE_LOC": "3", "CEN_GEO": null, "UNI_WO_SUB": null, "USNG_CODE": null, "GIS911POC": null, "PSAP_CODE": "WASH", "MSAG_C": "Afton", "VERROR_911": null}}, {"type": "Feature", "id": 5329, "geometry": {"type": "Point", "coordinates": [-92.78639486126828, 44.902750711826755]}, "properties": {"OBJECTID": 5329, "ADD_ID_LOC": null, "ANUMBERPRE": null, "ANUMBER": 15751, "ANUMBERSUF": null, "ST_PRE_MOD": null, "ST_PRE_DIR": null, "ST_PRE_TYP": null, "ST_CONCAT": "Afton Boulevard South", "ST_NAME": "Afton", "ST_POS_TYP": "Boulevard", "ST_POS_DIR": "South", "ST_POS_MOD": null, "SUB_TYPE1": null, "SUB_ID1": null, "SUB_TYPE2": null, "SUB_ID2": null, "CO_CODE": "163", "CO_NAME": "Washington", "STATE_CODE": "MN", "ZIP": "55001", "ZIP4": null, "LOC_NAME": null, "LOC_DESC": null, "LANDMARK": null, "RESIDENCE": "Yes", "MAILABLE": null, "STATUS": null, "PIN": "2202820110046", "LONGITUDE": null, "LATITUDE": null, "SOURCE": null, "AAUTHORITY": null, "EDIT_ORG": null, "UPDATEDATE": null, "COMMENTS": null, "EX_KEY": "CD8B5AFC-D49C-4F24-815A-1848FD47AC30", "RT_ST_EX_KEY": null, "created_user": null, "created_date": null, "last_edited_user": "DDMATZE", "last_edited_date": 1571063390000, "ESN": "3", "PS_MUNICODE": "A", "SERV_AREA": null, "PS_STNAME": "AFTON BLVD S", "CTU_NAME": "Afton", "CTU_ID_TXT": "02393887", "POSTCOMM": null, "PLACE_LOC": "3", "CEN_GEO": null, "UNI_WO_SUB": null, "USNG_CODE": null, "GIS911POC": null, "PSAP_CODE": "WASH", "MSAG_C": "Afton", "VERROR_911": null}}, {"type": "Feature", "id": 5597, "geometry": {"type": "Point", "coordinates": [-92.78274522905109, 44.89629558357346]}, "properties": {"OBJECTID": 5597, "ADD_ID_LOC": null, "ANUMBERPRE": null, "ANUMBER": 3601, "ANUMBERSUF": null, "ST_PRE_MOD": null, "ST_PRE_DIR": null, "ST_PRE_TYP": null, "ST_CONCAT": "Saint Croix Trail South", "ST_NAME": "Saint Croix", "ST_POS_TYP": "Trail", "ST_POS_DIR": "South", "ST_POS_MOD": null, "SUB_TYPE1": null, "SUB_ID1": null, "SUB_TYPE2": null, "SUB_ID2": null, "CO_CODE": "163", "CO_NAME": "Washington", "STATE_CODE": "MN", "ZIP": "55001", "ZIP4": null, "LOC_NAME": null, "LOC_DESC": "Carver Park", "LANDMARK": null, "RESIDENCE": null, "MAILABLE": null, "STATUS": null, "PIN": "2202820410007", "LONGITUDE": null, "LATITUDE": null, "SOURCE": null, "AAUTHORITY": null, "EDIT_ORG": null, "UPDATEDATE": null, "COMMENTS": null, "EX_KEY": "3E309076-97F4-42FF-A776-C897A35878B4", "RT_ST_EX_KEY": null, "created_user": null, "created_date": null, "last_edited_user": "DDMATZE", "last_edited_date": 1632849749000, "ESN": "3", "PS_MUNICODE": "A", "SERV_AREA": null, "PS_STNAME": "SAINT CROIX TRL S", "CTU_NAME": "Afton", "CTU_ID_TXT": "02393887", "POSTCOMM": null, "PLACE_LOC": "1", "CEN_GEO": null, "UNI_WO_SUB": null, "USNG_CODE": null, "GIS911POC": null, "PSAP_CODE": "WASH", "MSAG_C": "Afton", "VERROR_911": null}}, {"type": "Feature", "id": 6438, "geometry": {"type": "Point", "coordinates": [-92.78007643136002, 44.90151765269069]}, "properties": {"OBJECTID": 6438, "ADD_ID_LOC": null, "ANUMBERPRE": null, "ANUMBER": 16065, "ANUMBERSUF": null, "ST_PRE_MOD": null, "ST_PRE_DIR": null, "ST_PRE_TYP": null, "ST_CONCAT": "32nd Street South", "ST_NAME": "32nd", "ST_POS_TYP": "Street", "ST_POS_DIR": "South", "ST_POS_MOD": null, "SUB_TYPE1": null, "SUB_ID1": null, "SUB_TYPE2": null, "SUB_ID2": null, "CO_CODE": "163", "CO_NAME": "Washington", "STATE_CODE": "MN", "ZIP": "55001", "ZIP4": null, "LOC_NAME": null, "LOC_DESC": "Windmill Marina", "LANDMARK": "Marina", "RESIDENCE": "No", "MAILABLE": null, "STATUS": null, "PIN": "2302820230005", "LONGITUDE": null, "LATITUDE": null, "SOURCE": null, "AAUTHORITY": null, "EDIT_ORG": null, "UPDATEDATE": null, "COMMENTS": null, "EX_KEY": "E612D4B2-946E-403C-9523-1E7644C83D18", "RT_ST_EX_KEY": null, "created_user": null, "created_date": null, "last_edited_user": "DDMATZE", "last_edited_date": 1622737555000, "ESN": "3", "PS_MUNICODE": "A", "SERV_AREA": null, "PS_STNAME": "32ND ST S", "CTU_NAME": "Afton", "CTU_ID_TXT": "02393887", "POSTCOMM": null, "PLACE_LOC": "3", "CEN_GEO": null, "UNI_WO_SUB": null, "USNG_CODE": null, "GIS911POC": null, "PSAP_CODE": "WASH", "MSAG_C": "Afton", "VERROR_911": null}}, {"type": "Feature", "id": 7590, "geometry": {"type": "Point", "coordinates": [-92.78785398400449, 44.89886954595491]}, "properties": {"OBJECTID": 7590, "ADD_ID_LOC": null, "ANUMBERPRE": null, "ANUMBER": 15711, "ANUMBERSUF": null, "ST_PRE_MOD": null, "ST_PRE_DIR": null, "ST_PRE_TYP": null, "ST_CONCAT": "Upper 34th Street South", "ST_NAME": "Upper 34th", "ST_POS_TYP": "Street", "ST_POS_DIR": "South", "ST_POS_MOD": null, "SUB_TYPE1": null, "SUB_ID1": null, "SUB_TYPE2": null, "SUB_ID2": null, "CO_CODE": "163", "CO_NAME": "Washington", "STATE_CODE": "MN", "ZIP": "55001", "ZIP4": null, "LOC_NAME": null, "LOC_DESC": null, "LANDMARK": null, "RESIDENCE": "Yes", "MAILABLE": null, "STATUS": null, "PIN": "2202820130016", "LONGITUDE": null, "LATITUDE": null, "SOURCE": null, "AAUTHORITY": null, "EDIT_ORG": null, "UPDATEDATE": null, "COMMENTS": null, "EX_KEY": "DF03EB1B-6F7B-410E-9091-BFA7BD80ECBD", "RT_ST_EX_KEY": null, "created_user": null, "created_date": null, "last_edited_user": "DDMATZE", "last_edited_date": 1557844107000, "ESN": "3", "PS_MUNICODE": "A", "SERV_AREA": null, "PS_STNAME": "UPPER 34TH ST S", "CTU_NAME": "Afton", "CTU_ID_TXT": "02393887", "POSTCOMM": null, "PLACE_LOC": "3", "CEN_GEO": null, "UNI_WO_SUB": null, "USNG_CODE": null, "GIS911POC": null, "PSAP_CODE": "WASH", "MSAG_C": "Afton", "VERROR_911": null}}, {"type": "Feature", "id": 7750, "geometry": {"type": "Point", "coordinates": [-92.78223570013036, 44.903112792719085]}, "properties": {"OBJECTID": 7750, "ADD_ID_LOC": null, "ANUMBERPRE": null, "ANUMBER": 15954, "ANUMBERSUF": null, "ST_PRE_MOD": null, "ST_PRE_DIR": null, "ST_PRE_TYP": null, "ST_CONCAT": "Afton Boulevard South", "ST_NAME": "Afton", "ST_POS_TYP": "Boulevard", "ST_POS_DIR": "South", "ST_POS_MOD": null, "SUB_TYPE1": null, "SUB_ID1": null, "SUB_TYPE2": null, "SUB_ID2": null, "CO_CODE": "163", "CO_NAME": "Washington", "STATE_CODE": "MN", "ZIP": "55001", "ZIP4": null, "LOC_NAME": null, "LOC_DESC": null, "LANDMARK": null, "RESIDENCE": "Yes", "MAILABLE": null, "STATUS": null, "PIN": "2202820110010", "LONGITUDE": null, "LATITUDE": null, "SOURCE": null, "AAUTHORITY": null, "EDIT_ORG": null, "UPDATEDATE": null, "COMMENTS": null, "EX_KEY": "910A68F6-5069-4C89-AB67-4E1E06A55DB1", "RT_ST_EX_KEY": null, "created_user": null, "created_date": null, "last_edited_user": "DDMATZE", "last_edited_date": 1571063278000, "ESN": "3", "PS_MUNICODE": "A", "SERV_AREA": null, "PS_STNAME": "AFTON BLVD S", "CTU_NAME": "Afton", "CTU_ID_TXT": "02393887", "POSTCOMM": null, "PLACE_LOC": "3", "CEN_GEO": null, "UNI_WO_SUB": null, "USNG_CODE": null, "GIS911POC": null, "PSAP_CODE": "WASH", "MSAG_C": "Afton", "VERROR_911": null}}, {"type": "Feature", "id": 8087, "geometry": {"type": "Point", "coordinates": [-92.78657067684074, 44.902041286039925]}, "properties": {"OBJECTID": 8087, "ADD_ID_LOC": null, "ANUMBERPRE": null, "ANUMBER": 3180, "ANUMBERSUF": null, "ST_PRE_MOD": null, "ST_PRE_DIR": null, "ST_PRE_TYP": null, "ST_CONCAT": "Pennington Avenue South", "ST_NAME": "Pennington", "ST_POS_TYP": "Avenue", "ST_POS_DIR": "South", "ST_POS_MOD": null, "SUB_TYPE1": null, "SUB_ID1": null, "SUB_TYPE2": null, "SUB_ID2": null, "CO_CODE": "163", "CO_NAME": "Washington", "STATE_CODE": "MN", "ZIP": "55001", "ZIP4": null, "LOC_NAME": null, "LOC_DESC": null, "LANDMARK": null, "RESIDENCE": "Yes", "MAILABLE": null, "STATUS": null, "PIN": "2202820110045", "LONGITUDE": null, "LATITUDE": null, "SOURCE": null, "AAUTHORITY": null, "EDIT_ORG": null, "UPDATEDATE": null, "COMMENTS": null, "EX_KEY": "01B79043-4B46-4959-8ED4-86A01EACDE3B", "RT_ST_EX_KEY": null, "created_user": null, "created_date": null, "last_edited_user": "DDMATZE", "last_edited_date": 1660047976000, "ESN": "3", "PS_MUNICODE": "A", "SERV_AREA": null, "PS_STNAME": "PENNINGTON AVE S", "CTU_NAME": "Afton", "CTU_ID_TXT": "02393887", "POSTCOMM": null, "PLACE_LOC": "1", "CEN_GEO": null, "UNI_WO_SUB": null, "USNG_CODE": null, "GIS911POC": null, "PSAP_CODE": "WASH", "MSAG_C": "Afton", "VERROR_911": null}}, {"type": "Feature", "id": 8173, "geometry": {"type": "Point", "coordinates": [-92.78707546355507, 44.893764519013786]}, "properties": {"OBJECTID": 8173, "ADD_ID_LOC": null, "ANUMBERPRE": null, "ANUMBER": 15695, "ANUMBERSUF": null, "ST_PRE_MOD": null, "ST_PRE_DIR": null, "ST_PRE_TYP": null, "ST_CONCAT": "37th Street South", "ST_NAME": "37th", "ST_POS_TYP": "Street", "ST_POS_DIR": "South", "ST_POS_MOD": null, "SUB_TYPE1": null, "SUB_ID1": null, "SUB_TYPE2": null, "SUB_ID2": null, "CO_CODE": "163", "CO_NAME": "Washington", "STATE_CODE": "MN", "ZIP": "55001", "ZIP4": null, "LOC_NAME": null, "LOC_DESC": null, "LANDMARK": null, "RESIDENCE": "Yes", "MAILABLE": null, "STATUS": null, "PIN": "2202820430001", "LONGITUDE": null, "LATITUDE": null, "SOURCE": null, "AAUTHORITY": null, "EDIT_ORG": null, "UPDATEDATE": null, "COMMENTS": null, "EX_KEY": "F75A595D-C258-451A-A403-5FA82C2E3BDD", "RT_ST_EX_KEY": null, "created_user": null, "created_date": null, "last_edited_user": "DDMATZE", "last_edited_date": 1557844110000, "ESN": "3", "PS_MUNICODE": "A", "SERV_AREA": null, "PS_STNAME": "37TH ST S", "CTU_NAME": "Afton", "CTU_ID_TXT": "02393887", "POSTCOMM": null, "PLACE_LOC": "3", "CEN_GEO": null, "UNI_WO_SUB": null, "USNG_CODE": null, "GIS911POC": null, "PSAP_CODE": "WASH", "MSAG_C": "Afton", "VERROR_911": null}}, {"type": "Feature", "id": 9072, "geometry": {"type": "Point", "coordinates": [-92.78339951608997, 44.89403301538149]}, "properties": {"OBJECTID": 9072, "ADD_ID_LOC": null, "ANUMBERPRE": null, "ANUMBER": 3752, "ANUMBERSUF": null, "ST_PRE_MOD": null, "ST_PRE_DIR": null, "ST_PRE_TYP": null, "ST_CONCAT": "River Road South", "ST_NAME": "River", "ST_POS_TYP": "Road", "ST_POS_DIR": "South", "ST_POS_MOD": null, "SUB_TYPE1": null, "SUB_ID1": null, "SUB_TYPE2": null, "SUB_ID2": null, "CO_CODE": "163", "CO_NAME": "Washington", "STATE_CODE": "MN", "ZIP": "55001", "ZIP4": null, "LOC_NAME": null, "LOC_DESC": null, "LANDMARK": null, "RESIDENCE": "Yes", "MAILABLE": null, "STATUS": null, "PIN": "2202820440018", "LONGITUDE": null, "LATITUDE": null, "SOURCE": null, "AAUTHORITY": null, "EDIT_ORG": null, "UPDATEDATE": null, "COMMENTS": null, "EX_KEY": "E60556D9-9767-4C38-97ED-68027239DE20", "RT_ST_EX_KEY": null, "created_user": null, "created_date": null, "last_edited_user": "DDMATZE", "last_edited_date": 1668790974000, "ESN": "3", "PS_MUNICODE": "A", "SERV_AREA": null, "PS_STNAME": "RIVER RD S", "CTU_NAME": "Afton", "CTU_ID_TXT": "02393887", "POSTCOMM": null, "PLACE_LOC": "3", "CEN_GEO": null, "UNI_WO_SUB": null, "USNG_CODE": null, "GIS911POC": null, "PSAP_CODE": "WASH", "MSAG_C": "Afton", "VERROR_911": null}}, {"type": "Feature", "id": 9472, "geometry": {"type": "Point", "coordinates": [-92.78290033845626, 44.90420213114548]}, "properties": {"OBJECTID": 9472, "ADD_ID_LOC": null, "ANUMBERPRE": null, "ANUMBER": 3085, "ANUMBERSUF": null, "ST_PRE_MOD": null, "ST_PRE_DIR": null, "ST_PRE_TYP": null, "ST_CONCAT": "Saint Croix Trail South", "ST_NAME": "Saint Croix", "ST_POS_TYP": "Trail", "ST_POS_DIR": "South", "ST_POS_MOD": null, "SUB_TYPE1": null, "SUB_ID1": null, "SUB_TYPE2": null, "SUB_ID2": null, "CO_CODE": "163", "CO_NAME": "Washington", "STATE_CODE": "MN", "ZIP": "55001", "ZIP4": null, "LOC_NAME": null, "LOC_DESC": null, "LANDMARK": null, "RESIDENCE": "Yes", "MAILABLE": null, "STATUS": null, "PIN": "2202820110014", "LONGITUDE": null, "LATITUDE": null, "SOURCE": null, "AAUTHORITY": null, "EDIT_ORG": null, "UPDATEDATE": null, "COMMENTS": null, "EX_KEY": "5F4E2D5B-CA52-4193-8EAC-437FD45E9915", "RT_ST_EX_KEY": null, "created_user": null, "created_date": null, "last_edited_user": "DDMATZE", "last_edited_date": 1571063390000, "ESN": "3", "PS_MUNICODE": "A", "SERV_AREA": null, "PS_STNAME": "SAINT CROIX TRL S", "CTU_NAME": "Afton", "CTU_ID_TXT": "02393887", "POSTCOMM": null, "PLACE_LOC": "3", "CEN_GEO": null, "UNI_WO_SUB": null, "USNG_CODE": null, "GIS911POC": null, "PSAP_CODE": "WASH", "MSAG_C": "Afton", "VERROR_911": null}}, {"type": "Feature", "id": 9519, "geometry": {"type": "Point", "coordinates": [-92.78429565834941, 44.90092011001429]}, "properties": {"OBJECTID": 9519, "ADD_ID_LOC": null, "ANUMBERPRE": null, "ANUMBER": 15800, "ANUMBERSUF": null, "ST_PRE_MOD": null, "ST_PRE_DIR": null, "ST_PRE_TYP": null, "ST_CONCAT": "33rd Street South", "ST_NAME": "33rd", "ST_POS_TYP": "Street", "ST_POS_DIR": "South", "ST_POS_MOD": null, "SUB_TYPE1": null, "SUB_ID1": null, "SUB_TYPE2": null, "SUB_ID2": null, "CO_CODE": "163", "CO_NAME": "Washington", "STATE_CODE": "MN", "ZIP": "55001", "ZIP4": null, "LOC_NAME": null, "LOC_DESC": null, "LANDMARK": null, "RESIDENCE": null, "MAILABLE": null, "STATUS": null, "PIN": "2202820140063", "LONGITUDE": null, "LATITUDE": null, "SOURCE": null, "AAUTHORITY": null, "EDIT_ORG": null, "UPDATEDATE": null, "COMMENTS": null, "EX_KEY": "1D55754C-D166-4D5D-A3C1-7A45151C5800", "RT_ST_EX_KEY": null, "created_user": null, "created_date": null, "last_edited_user": "DDMATZE", "last_edited_date": 1557844117000, "ESN": "3", "PS_MUNICODE": "A", "SERV_AREA": null, "PS_STNAME": "33RD ST S", "CTU_NAME": "Afton", "CTU_ID_TXT": "02393887", "POSTCOMM": null, "PLACE_LOC": "3", "CEN_GEO": null, "UNI_WO_SUB": null, "USNG_CODE": null, "GIS911POC": null, "PSAP_CODE": "WASH", "MSAG_C": "Afton", "VERROR_911": null}}, {"type": "Feature", "id": 9584, "geometry": {"type": "Point", "coordinates": [-92.78443552154758, 44.903147698286155]}, "properties": {"OBJECTID": 9584, "ADD_ID_LOC": null, "ANUMBERPRE": null, "ANUMBER": 15876, "ANUMBERSUF": null, "ST_PRE_MOD": null, "ST_PRE_DIR": null, "ST_PRE_TYP": null, "ST_CONCAT": "Afton Boulevard South", "ST_NAME": "Afton", "ST_POS_TYP": "Boulevard", "ST_POS_DIR": "South", "ST_POS_MOD": null, "SUB_TYPE1": null, "SUB_ID1": null, "SUB_TYPE2": null, "SUB_ID2": null, "CO_CODE": "163", "CO_NAME": "Washington", "STATE_CODE": "MN", "ZIP": "55001", "ZIP4": null, "LOC_NAME": null, "LOC_DESC": null, "LANDMARK": null, "RESIDENCE": null, "MAILABLE": null, "STATUS": null, "PIN": "2202820110025", "LONGITUDE": null, "LATITUDE": null, "SOURCE": null, "AAUTHORITY": null, "EDIT_ORG": null, "UPDATEDATE": null, "COMMENTS": null, "EX_KEY": "A2980E2B-3A59-4A5F-9DA0-458946839922", "RT_ST_EX_KEY": null, "created_user": null, "created_date": null, "last_edited_user": "DDMATZE", "last_edited_date": 1557844117000, "ESN": "3", "PS_MUNICODE": "A", "SERV_AREA": null, "PS_STNAME": "AFTON BLVD S", "CTU_NAME": "Afton", "CTU_ID_TXT": "02393887", "POSTCOMM": null, "PLACE_LOC": "1", "CEN_GEO": null, "UNI_WO_SUB": null, "USNG_CODE": null, "GIS911POC": null, "PSAP_CODE": "WASH", "MSAG_C": "Afton", "VERROR_911": null}}, {"type": "Feature", "id": 9937, "geometry": {"type": "Point", "coordinates": [-92.78387485872423, 44.90302208802982]}, "properties": {"OBJECTID": 9937, "ADD_ID_LOC": null, "ANUMBERPRE": null, "ANUMBER": 15894, "ANUMBERSUF": null, "ST_PRE_MOD": null, "ST_PRE_DIR": null, "ST_PRE_TYP": null, "ST_CONCAT": "Afton Boulevard South", "ST_NAME": "Afton", "ST_POS_TYP": "Boulevard", "ST_POS_DIR": "South", "ST_POS_MOD": null, "SUB_TYPE1": null, "SUB_ID1": null, "SUB_TYPE2": null, "SUB_ID2": null, "CO_CODE": "163", "CO_NAME": "Washington", "STATE_CODE": "MN", "ZIP": "55001", "ZIP4": null, "LOC_NAME": null, "LOC_DESC": null, "LANDMARK": null, "RESIDENCE": "Yes", "MAILABLE": null, "STATUS": null, "PIN": "2202820110022", "LONGITUDE": null, "LATITUDE": null, "SOURCE": null, "AAUTHORITY": null, "EDIT_ORG": null, "UPDATEDATE": null, "COMMENTS": null, "EX_KEY": "68611ED0-2523-4B59-8EDB-BF491E6804DE", "RT_ST_EX_KEY": null, "created_user": null, "created_date": null, "last_edited_user": "DDMATZE", "last_edited_date": 1557844118000, "ESN": "3", "PS_MUNICODE": "A", "SERV_AREA": null, "PS_STNAME": "AFTON BLVD S", "CTU_NAME": "Afton", "CTU_ID_TXT": "02393887", "POSTCOMM": null, "PLACE_LOC": "3", "CEN_GEO": null, "UNI_WO_SUB": null, "USNG_CODE": null, "GIS911POC": null, "PSAP_CODE": "WASH", "MSAG_C": "Afton", "VERROR_911": null}}, {"type": "Feature", "id": 10461, "geometry": {"type": "Point", "coordinates": [-92.78125088337258, 44.902397209607244]}, "properties": {"OBJECTID": 10461, "ADD_ID_LOC": null, "ANUMBERPRE": null, "ANUMBER": 16052, "ANUMBERSUF": null, "ST_PRE_MOD": null, "ST_PRE_DIR": null, "ST_PRE_TYP": null, "ST_CONCAT": "32nd Street South", "ST_NAME": "32nd", "ST_POS_TYP": "Street", "ST_POS_DIR": "South", "ST_POS_MOD": null, "SUB_TYPE1": null, "SUB_ID1": null, "SUB_TYPE2": null, "SUB_ID2": null, "CO_CODE": "163", "CO_NAME": "Washington", "STATE_CODE": "MN", "ZIP": "55001", "ZIP4": null, "LOC_NAME": null, "LOC_DESC": null, "LANDMARK": null, "RESIDENCE": "No", "MAILABLE": null, "STATUS": null, "PIN": "2302820220002", "LONGITUDE": null, "LATITUDE": null, "SOURCE": null, "AAUTHORITY": null, "EDIT_ORG": null, "UPDATEDATE": null, "COMMENTS": null, "EX_KEY": "EA425CF8-3326-4C9F-A8BB-A6F406D1CCC6", "RT_ST_EX_KEY": null, "created_user": null, "created_date": null, "last_edited_user": "DDMATZE", "last_edited_date": 1738244300000, "ESN": "3", "PS_MUNICODE": "A", "SERV_AREA": null, "PS_STNAME": "32ND ST S", "CTU_NAME": "Afton", "CTU_ID_TXT": "02393887", "POSTCOMM": null, "PLACE_LOC": "3", "CEN_GEO": null, "UNI_WO_SUB": null, "USNG_CODE": null, "GIS911POC": null, "PSAP_CODE": "WASH", "MSAG_C": "Afton", "VERROR_911": null}}, {"type": "Feature", "id": 11094, "geometry": {"type": "Point", "coordinates": [-92.78291928751885, 44.89674991590396]}, "properties": {"OBJECTID": 11094, "ADD_ID_LOC": null, "ANUMBERPRE": null, "ANUMBER": 3579, "ANUMBERSUF": null, "ST_PRE_MOD": null, "ST_PRE_DIR": null, "ST_PRE_TYP": null, "ST_CONCAT": "Saint Croix Trail South", "ST_NAME": "Saint Croix", "ST_POS_TYP": "Trail", "ST_POS_DIR": "South", "ST_POS_MOD": null, "SUB_TYPE1": null, "SUB_ID1": null, "SUB_TYPE2": null, "SUB_ID2": null, "CO_CODE": "163", "CO_NAME": "Washington", "STATE_CODE": "MN", "ZIP": "55001", "ZIP4": null, "LOC_NAME": null, "LOC_DESC": null, "LANDMARK": null, "RESIDENCE": null, "MAILABLE": null, "STATUS": null, "PIN": "2202820410012", "LONGITUDE": null, "LATITUDE": null, "SOURCE": null, "AAUTHORITY": null, "EDIT_ORG": null, "UPDATEDATE": null, "COMMENTS": null, "EX_KEY": "F28004B9-A474-4306-9317-B4CA4D560CAF", "RT_ST_EX_KEY": null, "created_user": null, "created_date": null, "last_edited_user": "DDMATZE", "last_edited_date": 1557844126000, "ESN": "3", "PS_MUNICODE": "A", "SERV_AREA": null, "PS_STNAME": "SAINT CROIX TRL S", "CTU_NAME": "Afton", "CTU_ID_TXT": "02393887", "POSTCOMM": null, "PLACE_LOC": "1", "CEN_GEO": null, "UNI_WO_SUB": null, "USNG_CODE": null, "GIS911POC": null, "PSAP_CODE": "WASH", "MSAG_C": "Afton", "VERROR_911": null}}, {"type": "Feature", "id": 12146, "geometry": {"type": "Point", "coordinates": [-92.78502190044254, 44.90455059515975]}, "properties": {"OBJECTID": 12146, "ADD_ID_LOC": null, "ANUMBERPRE": null, "ANUMBER": 3080, "ANUMBERSUF": null, "ST_PRE_MOD": null, "ST_PRE_DIR": null, "ST_PRE_TYP": null, "ST_CONCAT": "Perrot Avenue South", "ST_NAME": "Perrot", "ST_POS_TYP": "Avenue", "ST_POS_DIR": "South", "ST_POS_MOD": null, "SUB_TYPE1": null, "SUB_ID1": null, "SUB_TYPE2": null, "SUB_ID2": null, "CO_CODE": "163", "CO_NAME": "Washington", "STATE_CODE": "MN", "ZIP": "55001", "ZIP4": null, "LOC_NAME": null, "LOC_DESC": null, "LANDMARK": null, "RESIDENCE": "Yes", "MAILABLE": null, "STATUS": null, "PIN": "2202820110049", "LONGITUDE": null, "LATITUDE": null, "SOURCE": null, "AAUTHORITY": null, "EDIT_ORG": null, "UPDATEDATE": null, "COMMENTS": null, "EX_KEY": "1BBED58D-1029-4DB5-97C6-9C819C92C53B", "RT_ST_EX_KEY": null, "created_user": null, "created_date": null, "last_edited_user": "DDMATZE", "last_edited_date": 1571063390000, "ESN": "3", "PS_MUNICODE": "A", "SERV_AREA": null, "PS_STNAME": "PERROT AVE S", "CTU_NAME": "Afton", "CTU_ID_TXT": "02393887", "POSTCOMM": null, "PLACE_LOC": "3", "CEN_GEO": null, "UNI_WO_SUB": null, "USNG_CODE": null, "GIS911POC": null, "PSAP_CODE": "WASH", "MSAG_C": "Afton", "VERROR_911": null}}, {"type": "Feature", "id": 12327, "geometry": {"type": "Point", "coordinates": [-92.78600108476348, 44.90356107621905]}, "properties": {"OBJECTID": 12327, "ADD_ID_LOC": null, "ANUMBERPRE": null, "ANUMBER": 15730, "ANUMBERSUF": null, "ST_PRE_MOD": null, "ST_PRE_DIR": null, "ST_PRE_TYP": null, "ST_CONCAT": "Afton Boulevard South", "ST_NAME": "Afton", "ST_POS_TYP": "Boulevard", "ST_POS_DIR": "South", "ST_POS_MOD": null, "SUB_TYPE1": null, "SUB_ID1": null, "SUB_TYPE2": null, "SUB_ID2": null, "CO_CODE": "163", "CO_NAME": "Washington", "STATE_CODE": "MN", "ZIP": "55001", "ZIP4": null, "LOC_NAME": null, "LOC_DESC": null, "LANDMARK": null, "RESIDENCE": null, "MAILABLE": null, "STATUS": null, "PIN": "2202820110053", "LONGITUDE": null, "LATITUDE": null, "SOURCE": null, "AAUTHORITY": null, "EDIT_ORG": null, "UPDATEDATE": null, "COMMENTS": null, "EX_KEY": "C8816E2D-351A-47DF-84CD-EF64D4780083", "RT_ST_EX_KEY": null, "created_user": null, "created_date": null, "last_edited_user": "DDMATZE", "last_edited_date": 1571063390000, "ESN": "3", "PS_MUNICODE": "A", "SERV_AREA": null, "PS_STNAME": "AFTON BLVD S", "CTU_NAME": "Afton", "CTU_ID_TXT": "02393887", "POSTCOMM": null, "PLACE_LOC": "3", "CEN_GEO": null, "UNI_WO_SUB": null, "USNG_CODE": null, "GIS911POC": null, "PSAP_CODE": "WASH", "MSAG_C": "Afton", "VERROR_911": null}}, {"type": "Feature", "id": 12937, "geometry": {"type": "Point", "coordinates": [-92.78647988411497, 44.8972428458614]}, "properties": {"OBJECTID": 12937, "ADD_ID_LOC": null, "ANUMBERPRE": null, "ANUMBER": 3570, "ANUMBERSUF": null, "ST_PRE_MOD": null, "ST_PRE_DIR": null, "ST_PRE_TYP": null, "ST_CONCAT": "Pennington Avenue South", "ST_NAME": "Pennington", "ST_POS_TYP": "Avenue", "ST_POS_DIR": "South", "ST_POS_MOD": null, "SUB_TYPE1": null, "SUB_ID1": null, "SUB_TYPE2": null, "SUB_ID2": null, "CO_CODE": "163", "CO_NAME": "Washington", "STATE_CODE": "MN", "ZIP": "55001", "ZIP4": null, "LOC_NAME": null, "LOC_DESC": null, "LANDMARK": null, "RESIDENCE": "Yes", "MAILABLE": null, "STATUS": null, "PIN": "2202820410044", "LONGITUDE": null, "LATITUDE": null, "SOURCE": null, "AAUTHORITY": null, "EDIT_ORG": null, "UPDATEDATE": null, "COMMENTS": null, "EX_KEY": "CFFDFBB7-57E9-41C9-A656-94E732079062", "RT_ST_EX_KEY": null, "created_user": null, "created_date": null, "last_edited_user": "DDMATZE", "last_edited_date": 1571063087000, "ESN": "3", "PS_MUNICODE": "A", "SERV_AREA": null, "PS_STNAME": "PENNINGTON AVE S", "CTU_NAME": "Afton", "CTU_ID_TXT": "02393887", "POSTCOMM": null, "PLACE_LOC": "3", "CEN_GEO": null, "UNI_WO_SUB": null, "USNG_CODE": null, "GIS911POC": null, "PSAP_CODE": "WASH", "MSAG_C": "Afton", "VERROR_911": null}}, {"type": "Feature", "id": 13131, "geometry": {"type": "Point", "coordinates": [-92.7848389333821, 44.9041432548777]}, "properties": {"OBJECTID": 13131, "ADD_ID_LOC": null, "ANUMBERPRE": null, "ANUMBER": 3090, "ANUMBERSUF": null, "ST_PRE_MOD": null, "ST_PRE_DIR": null, "ST_PRE_TYP": null, "ST_CONCAT": "Perrot Avenue South", "ST_NAME": "Perrot", "ST_POS_TYP": "Avenue", "ST_POS_DIR": "South", "ST_POS_MOD": null, "SUB_TYPE1": null, "SUB_ID1": null, "SUB_TYPE2": null, "SUB_ID2": null, "CO_CODE": "163", "CO_NAME": "Washington", "STATE_CODE": "MN", "ZIP": "55001", "ZIP4": null, "LOC_NAME": null, "LOC_DESC": null, "LANDMARK": null, "RESIDENCE": "Yes", "MAILABLE": null, "STATUS": null, "PIN": "2202820110047", "LONGITUDE": null, "LATITUDE": null, "SOURCE": null, "AAUTHORITY": null, "EDIT_ORG": null, "UPDATEDATE": null, "COMMENTS": null, "EX_KEY": "45BF4C9F-B2BE-4303-95FB-3D80FEF59A92", "RT_ST_EX_KEY": null, "created_user": null, "created_date": null, "last_edited_user": "DDMATZE", "last_edited_date": 1571063390000, "ESN": "3", "PS_MUNICODE": "A", "SERV_AREA": null, "PS_STNAME": "PERROT AVE S", "CTU_NAME": "Afton", "CTU_ID_TXT": "02393887", "POSTCOMM": null, "PLACE_LOC": "3", "CEN_GEO": null, "UNI_WO_SUB": null, "USNG_CODE": null, "GIS911POC": null, "PSAP_CODE": "WASH", "MSAG_C": "Afton", "VERROR_911": null}}, {"type": "Feature", "id": 14008, "geometry": {"type": "Point", "coordinates": [-92.78272232290966, 44.89586948032866]}, "properties": {"OBJECTID": 14008, "ADD_ID_LOC": null, "ANUMBERPRE": null, "ANUMBER": 3633, "ANUMBERSUF": null, "ST_PRE_MOD": null, "ST_PRE_DIR": null, "ST_PRE_TYP": null, "ST_CONCAT": "Saint Croix Trail South", "ST_NAME": "Saint Croix", "ST_POS_TYP": "Trail", "ST_POS_DIR": "South", "ST_POS_MOD": null, "SUB_TYPE1": null, "SUB_ID1": null, "SUB_TYPE2": null, "SUB_ID2": null, "CO_CODE": "163", "CO_NAME": "Washington", "STATE_CODE": "MN", "ZIP": "55001", "ZIP4": null, "LOC_NAME": null, "LOC_DESC": null, "LANDMARK": null, "RESIDENCE": null, "MAILABLE": null, "STATUS": null, "PIN": "2202820410006", "LONGITUDE": null, "LATITUDE": null, "SOURCE": null, "AAUTHORITY": null, "EDIT_ORG": null, "UPDATEDATE": null, "COMMENTS": null, "EX_KEY": "FB89F3CB-FB85-44C5-BDC3-857DEBA6C482", "RT_ST_EX_KEY": null, "created_user": null, "created_date": null, "last_edited_user": "DDMATZE", "last_edited_date": 1557844140000, "ESN": "3", "PS_MUNICODE": "A", "SERV_AREA": null, "PS_STNAME": "SAINT CROIX TRL S", "CTU_NAME": "Afton", "CTU_ID_TXT": "02393887", "POSTCOMM": null, "PLACE_LOC": "1", "CEN_GEO": null, "UNI_WO_SUB": null, "USNG_CODE": null, "GIS911POC": null, "PSAP_CODE": "WASH", "MSAG_C": "Afton", "VERROR_911": null}}, {"type": "Feature", "id": 14267, "geometry": {"type": "Point", "coordinates": [-92.78356078524303, 44.900540528339256]}, "properties": {"OBJECTID": 14267, "ADD_ID_LOC": null, "ANUMBERPRE": null, "ANUMBER": 3326, "ANUMBERSUF": null, "ST_PRE_MOD": null, "ST_PRE_DIR": null, "ST_PRE_TYP": null, "ST_CONCAT": "Saint Croix Trail South", "ST_NAME": "Saint Croix", "ST_POS_TYP": "Trail", "ST_POS_DIR": "South", "ST_POS_MOD": null, "SUB_TYPE1": null, "SUB_ID1": null, "SUB_TYPE2": null, "SUB_ID2": null, "CO_CODE": "163", "CO_NAME": "Washington", "STATE_CODE": "MN", "ZIP": "55001", "ZIP4": null, "LOC_NAME": null, "LOC_DESC": null, "LANDMARK": null, "RESIDENCE": "No", "MAILABLE": null, "STATUS": null, "PIN": "2202820140035", "LONGITUDE": null, "LATITUDE": null, "SOURCE": null, "AAUTHORITY": null, "EDIT_ORG": null, "UPDATEDATE": null, "COMMENTS": null, "EX_KEY": "EDE7D393-5DEC-4F07-8EFC-9EA2616024EC", "RT_ST_EX_KEY": null, "created_user": null, "created_date": null, "last_edited_user": "DDMATZE", "last_edited_date": 1557844143000, "ESN": "3", "PS_MUNICODE": "A", "SERV_AREA": null, "PS_STNAME": "SAINT CROIX TRL S", "CTU_NAME": "Afton", "CTU_ID_TXT": "02393887", "POSTCOMM": null, "PLACE_LOC": "3", "CEN_GEO": null, "UNI_WO_SUB": null, "USNG_CODE": null, "GIS911POC": null, "PSAP_CODE": "WASH", "MSAG_C": "Afton", "VERROR_911": null}}, {"type": "Feature", "id": 14868, "geometry": {"type": "Point", "coordinates": [-92.78569276948325, 44.895846465156595]}, "properties": {"OBJECTID": 14868, "ADD_ID_LOC": null, "ANUMBERPRE": null, "ANUMBER": 15820, "ANUMBERSUF": null, "ST_PRE_MOD": null, "ST_PRE_DIR": null, "ST_PRE_TYP": null, "ST_CONCAT": "37th Street South", "ST_NAME": "37th", "ST_POS_TYP": "Street", "ST_POS_DIR": "South", "ST_POS_MOD": null, "SUB_TYPE1": null, "SUB_ID1": null, "SUB_TYPE2": null, "SUB_ID2": null, "CO_CODE": "163", "CO_NAME": "Washington", "STATE_CODE": "MN", "ZIP": "55001", "ZIP4": null, "LOC_NAME": null, "LOC_DESC": null, "LANDMARK": null, "RESIDENCE": "Yes", "MAILABLE": null, "STATUS": null, "PIN": "2202820410053", "LONGITUDE": null, "LATITUDE": null, "SOURCE": null, "AAUTHORITY": null, "EDIT_ORG": null, "UPDATEDATE": null, "COMMENTS": null, "EX_KEY": "1B1D272B-A583-4ABC-A462-8247CA05B262", "RT_ST_EX_KEY": null, "created_user": null, "created_date": null, "last_edited_user": "DDMATZE", "last_edited_date": 1557844145000, "ESN": "3", "PS_MUNICODE": "A", "SERV_AREA": null, "PS_STNAME": "37TH ST S", "CTU_NAME": "Afton", "CTU_ID_TXT": "02393887", "POSTCOMM": null, "PLACE_LOC": "3", "CEN_GEO": null, "UNI_WO_SUB": null, "USNG_CODE": null, "GIS911POC": null, "PSAP_CODE": "WASH", "MSAG_C": "Afton", "VERROR_911": null}}, {"type": "Feature", "id": 16441, "geometry": {"type": "Point", "coordinates": [-92.78446868824618, 44.901355539587236]}, "properties": {"OBJECTID": 16441, "ADD_ID_LOC": null, "ANUMBERPRE": null, "ANUMBER": 15871, "ANUMBERSUF": null, "ST_PRE_MOD": null, "ST_PRE_DIR": null, "ST_PRE_TYP": null, "ST_CONCAT": "32nd Street South", "ST_NAME": "32nd", "ST_POS_TYP": "Street", "ST_POS_DIR": "South", "ST_POS_MOD": null, "SUB_TYPE1": null, "SUB_ID1": null, "SUB_TYPE2": null, "SUB_ID2": null, "CO_CODE": "163", "CO_NAME": "Washington", "STATE_CODE": "MN", "ZIP": "55001", "ZIP4": null, "LOC_NAME": null, "LOC_DESC": null, "LANDMARK": null, "RESIDENCE": "Yes", "MAILABLE": null, "STATUS": null, "PIN": "2202820140026", "LONGITUDE": null, "LATITUDE": null, "SOURCE": null, "AAUTHORITY": null, "EDIT_ORG": null, "UPDATEDATE": null, "COMMENTS": null, "EX_KEY": "A70E280B-7F2A-4F62-B990-FED8B0BAF600", "RT_ST_EX_KEY": null, "created_user": null, "created_date": null, "last_edited_user": "DDMATZE", "last_edited_date": 1644003130000, "ESN": "3", "PS_MUNICODE": "A", "SERV_AREA": null, "PS_STNAME": "32ND ST S", "CTU_NAME": "Afton", "CTU_ID_TXT": "02393887", "POSTCOMM": null, "PLACE_LOC": "3", "CEN_GEO": null, "UNI_WO_SUB": null, "USNG_CODE": null, "GIS911POC": null, "PSAP_CODE": "WASH", "MSAG_C": "Afton", "VERROR_911": null}}, {"type": "Feature", "id": 17745, "geometry": {"type": "Point", "coordinates": [-92.78498930597078, 44.89636268446525]}, "properties": {"OBJECTID": 17745, "ADD_ID_LOC": null, "ANUMBERPRE": null, "ANUMBER": 15847, "ANUMBERSUF": null, "ST_PRE_MOD": null, "ST_PRE_DIR": null, "ST_PRE_TYP": null, "ST_CONCAT": "36th Street South", "ST_NAME": "36th", "ST_POS_TYP": "Street", "ST_POS_DIR": "South", "ST_POS_MOD": null, "SUB_TYPE1": null, "SUB_ID1": null, "SUB_TYPE2": null, "SUB_ID2": null, "CO_CODE": "163", "CO_NAME": "Washington", "STATE_CODE": "MN", "ZIP": "55001", "ZIP4": null, "LOC_NAME": null, "LOC_DESC": null, "LANDMARK": null, "RESIDENCE": "Yes", "MAILABLE": null, "STATUS": null, "PIN": "2202820410035", "LONGITUDE": null, "LATITUDE": null, "SOURCE": null, "AAUTHORITY": null, "EDIT_ORG": null, "UPDATEDATE": null, "COMMENTS": null, "EX_KEY": "28DE4CED-FBDC-4681-A897-B7D4177BF040", "RT_ST_EX_KEY": null, "created_user": null, "created_date": null, "last_edited_user": "DDMATZE", "last_edited_date": 1557844160000, "ESN": "3", "PS_MUNICODE": "A", "SERV_AREA": null, "PS_STNAME": "36TH ST S", "CTU_NAME": "Afton", "CTU_ID_TXT": "02393887", "POSTCOMM": null, "PLACE_LOC": "3", "CEN_GEO": null, "UNI_WO_SUB": null, "USNG_CODE": null, "GIS911POC": null, "PSAP_CODE": "WASH", "MSAG_C": "Afton", "VERROR_911": null}}, {"type": "Feature", "id": 17757, "geometry": {"type": "Point", "coordinates": [-92.78386605882771, 44.90366478036774]}, "properties": {"OBJECTID": 17757, "ADD_ID_LOC": null, "ANUMBERPRE": null, "ANUMBER": 15895, "ANUMBERSUF": null, "ST_PRE_MOD": null, "ST_PRE_DIR": null, "ST_PRE_TYP": null, "ST_CONCAT": "31st Street South", "ST_NAME": "31st", "ST_POS_TYP": "Street", "ST_POS_DIR": "South", "ST_POS_MOD": null, "SUB_TYPE1": null, "SUB_ID1": null, "SUB_TYPE2": null, "SUB_ID2": null, "CO_CODE": "163", "CO_NAME": "Washington", "STATE_CODE": "MN", "ZIP": "55001", "ZIP4": null, "LOC_NAME": null, "LOC_DESC": null, "LANDMARK": null, "RESIDENCE": "Yes", "MAILABLE": null, "STATUS": null, "PIN": "2202820110023", "LONGITUDE": null, "LATITUDE": null, "SOURCE": null, "AAUTHORITY": null, "EDIT_ORG": null, "UPDATEDATE": null, "COMMENTS": null, "EX_KEY": "E65FB22D-EC97-4849-8779-0EE12DB35BC6", "RT_ST_EX_KEY": null, "created_user": null, "created_date": null, "last_edited_user": "DDMATZE", "last_edited_date": 1571063390000, "ESN": "3", "PS_MUNICODE": "A", "SERV_AREA": null, "PS_STNAME": "31ST ST S", "CTU_NAME": "Afton", "CTU_ID_TXT": "02393887", "POSTCOMM": null, "PLACE_LOC": "3", "CEN_GEO": null, "UNI_WO_SUB": null, "USNG_CODE": null, "GIS911POC": null, "PSAP_CODE": "WASH", "MSAG_C": "Afton", "VERROR_911": null}}, {"type": "Feature", "id": 18193, "geometry": {"type": "Point", "coordinates": [-92.78394890415817, 44.904188905718996]}, "properties": {"OBJECTID": 18193, "ADD_ID_LOC": null, "ANUMBERPRE": null, "ANUMBER": 15890, "ANUMBERSUF": null, "ST_PRE_MOD": null, "ST_PRE_DIR": null, "ST_PRE_TYP": null, "ST_CONCAT": "31st Street South", "ST_NAME": "31st", "ST_POS_TYP": "Street", "ST_POS_DIR": "South", "ST_POS_MOD": null, "SUB_TYPE1": null, "SUB_ID1": null, "SUB_TYPE2": null, "SUB_ID2": null, "CO_CODE": "163", "CO_NAME": "Washington", "STATE_CODE": "MN", "ZIP": "55001", "ZIP4": null, "LOC_NAME": null, "LOC_DESC": null, "LANDMARK": null, "RESIDENCE": "Yes", "MAILABLE": null, "STATUS": null, "PIN": "2202820110021", "LONGITUDE": null, "LATITUDE": null, "SOURCE": null, "AAUTHORITY": null, "EDIT_ORG": null, "UPDATEDATE": null, "COMMENTS": null, "EX_KEY": "7A203079-BA18-4481-B962-DBEFACF7ED8D", "RT_ST_EX_KEY": null, "created_user": null, "created_date": null, "last_edited_user": "DDMATZE", "last_edited_date": 1660047976000, "ESN": "3", "PS_MUNICODE": "A", "SERV_AREA": null, "PS_STNAME": "31ST ST S", "CTU_NAME": "Afton", "CTU_ID_TXT": "02393887", "POSTCOMM": null, "PLACE_LOC": "3", "CEN_GEO": null, "UNI_WO_SUB": null, "USNG_CODE": null, "GIS911POC": null, "PSAP_CODE": "WASH", "MSAG_C": "Afton", "VERROR_911": null}}, {"type": "Feature", "id": 18283, "geometry": {"type": "Point", "coordinates": [-92.78411689720113, 44.897336659290225]}, "properties": {"OBJECTID": 18283, "ADD_ID_LOC": null, "ANUMBERPRE": null, "ANUMBER": 15887, "ANUMBERSUF": null, "ST_PRE_MOD": null, "ST_PRE_DIR": null, "ST_PRE_TYP": null, "ST_CONCAT": "35th Street South", "ST_NAME": "35th", "ST_POS_TYP": "Street", "ST_POS_DIR": "South", "ST_POS_MOD": null, "SUB_TYPE1": null, "SUB_ID1": null, "SUB_TYPE2": null, "SUB_ID2": null, "CO_CODE": "163", "CO_NAME": "Washington", "STATE_CODE": "MN", "ZIP": "55001", "ZIP4": null, "LOC_NAME": null, "LOC_DESC": null, "LANDMARK": null, "RESIDENCE": "Yes", "MAILABLE": null, "STATUS": null, "PIN": "2202820410020", "LONGITUDE": null, "LATITUDE": null, "SOURCE": null, "AAUTHORITY": null, "EDIT_ORG": null, "UPDATEDATE": null, "COMMENTS": null, "EX_KEY": "58364C58-BEFA-48A9-8631-B6132037EC67", "RT_ST_EX_KEY": null, "created_user": null, "created_date": null, "last_edited_user": "DDMATZE", "last_edited_date": 1557844164000, "ESN": "3", "PS_MUNICODE": "A", "SERV_AREA": null, "PS_STNAME": "35TH ST S", "CTU_NAME": "Afton", "CTU_ID_TXT": "02393887", "POSTCOMM": null, "PLACE_LOC": "3", "CEN_GEO": null, "UNI_WO_SUB": null, "USNG_CODE": null, "GIS911POC": null, "PSAP_CODE": "WASH", "MSAG_C": "Afton", "VERROR_911": null}}, {"type": "Feature", "id": 19586, "geometry": {"type": "Point", "coordinates": [-92.78238143471722, 44.9015891398326]}, "properties": {"OBJECTID": 19586, "ADD_ID_LOC": null, "ANUMBERPRE": null, "ANUMBER": 15965, "ANUMBERSUF": null, "ST_PRE_MOD": null, "ST_PRE_DIR": null, "ST_PRE_TYP": null, "ST_CONCAT": "32nd Street South", "ST_NAME": "32nd", "ST_POS_TYP": "Street", "ST_POS_DIR": "South", "ST_POS_MOD": null, "SUB_TYPE1": null, "SUB_ID1": null, "SUB_TYPE2": null, "SUB_ID2": null, "CO_CODE": "163", "CO_NAME": "Washington", "STATE_CODE": "MN", "ZIP": "55001", "ZIP4": null, "LOC_NAME": null, "LOC_DESC": null, "LANDMARK": null, "RESIDENCE": "No", "MAILABLE": null, "STATUS": null, "PIN": "2202820140062", "LONGITUDE": null, "LATITUDE": null, "SOURCE": null, "AAUTHORITY": null, "EDIT_ORG": null, "UPDATEDATE": null, "COMMENTS": null, "EX_KEY": "3EB69DAD-FCDB-48D6-A375-74C8CB1FD8B7", "RT_ST_EX_KEY": null, "created_user": null, "created_date": null, "last_edited_user": "DDMATZE", "last_edited_date": 1691755200000, "ESN": "3", "PS_MUNICODE": "A", "SERV_AREA": null, "PS_STNAME": "32ND ST S", "CTU_NAME": "Afton", "CTU_ID_TXT": "02393887", "POSTCOMM": null, "PLACE_LOC": "3", "CEN_GEO": null, "UNI_WO_SUB": null, "USNG_CODE": null, "GIS911POC": null, "PSAP_CODE": "WASH", "MSAG_C": "Afton", "VERROR_911": null}}, {"type": "Feature", "id": 20757, "geometry": {"type": "Point", "coordinates": [-92.78288506260485, 44.902513062531476]}, "properties": {"OBJECTID": 20757, "ADD_ID_LOC": null, "ANUMBERPRE": null, "ANUMBER": 3165, "ANUMBERSUF": null, "ST_PRE_MOD": null, "ST_PRE_DIR": null, "ST_PRE_TYP": null, "ST_CONCAT": "Saint Croix Trail South", "ST_NAME": "Saint Croix", "ST_POS_TYP": "Trail", "ST_POS_DIR": "South", "ST_POS_MOD": null, "SUB_TYPE1": null, "SUB_ID1": null, "SUB_TYPE2": null, "SUB_ID2": null, "CO_CODE": "163", "CO_NAME": "Washington", "STATE_CODE": "MN", "ZIP": "55001", "ZIP4": null, "LOC_NAME": null, "LOC_DESC": null, "LANDMARK": null, "RESIDENCE": null, "MAILABLE": null, "STATUS": null, "PIN": "2202820110004", "LONGITUDE": null, "LATITUDE": null, "SOURCE": null, "AAUTHORITY": null, "EDIT_ORG": null, "UPDATEDATE": null, "COMMENTS": null, "EX_KEY": "E2FA755C-E850-4878-84A1-E54FA889BC05", "RT_ST_EX_KEY": null, "created_user": null, "created_date": null, "last_edited_user": "DDMATZE", "last_edited_date": 1571063278000, "ESN": "3", "PS_MUNICODE": "A", "SERV_AREA": null, "PS_STNAME": "SAINT CROIX TRL S", "CTU_NAME": "Afton", "CTU_ID_TXT": "02393887", "POSTCOMM": null, "PLACE_LOC": "3", "CEN_GEO": null, "UNI_WO_SUB": null, "USNG_CODE": null, "GIS911POC": null, "PSAP_CODE": "WASH", "MSAG_C": "Afton", "VERROR_911": null}}, {"type": "Feature", "id": 25506, "geometry": {"type": "Point", "coordinates": [-92.78305147101965, 44.90041028133743]}, "properties": {"OBJECTID": 25506, "ADD_ID_LOC": null, "ANUMBERPRE": null, "ANUMBER": 3335, "ANUMBERSUF": null, "ST_PRE_MOD": null, "ST_PRE_DIR": null, "ST_PRE_TYP": null, "ST_CONCAT": "Saint Croix Trail South", "ST_NAME": "Saint Croix", "ST_POS_TYP": "Trail", "ST_POS_DIR": "South", "ST_POS_MOD": null, "SUB_TYPE1": null, "SUB_ID1": null, "SUB_TYPE2": null, "SUB_ID2": null, "CO_CODE": "163", "CO_NAME": "Washington", "STATE_CODE": "MN", "ZIP": "55001", "ZIP4": null, "LOC_NAME": null, "LOC_DESC": "Herb's Salon ", "LANDMARK": null, "RESIDENCE": "Yes", "MAILABLE": null, "STATUS": null, "PIN": "2202820140012", "LONGITUDE": null, "LATITUDE": null, "SOURCE": null, "AAUTHORITY": null, "EDIT_ORG": null, "UPDATEDATE": null, "COMMENTS": null, "EX_KEY": "AFB14544-8F07-47A5-999A-72655D849503", "RT_ST_EX_KEY": null, "created_user": null, "created_date": null, "last_edited_user": "DDMATZE", "last_edited_date": 1593014543000, "ESN": "3", "PS_MUNICODE": "A", "SERV_AREA": null, "PS_STNAME": "SAINT CROIX TRL S", "CTU_NAME": "Afton", "CTU_ID_TXT": "02393887", "POSTCOMM": null, "PLACE_LOC": "3", "CEN_GEO": null, "UNI_WO_SUB": null, "USNG_CODE": null, "GIS911POC": null, "PSAP_CODE": "WASH", "MSAG_C": "Afton", "VERROR_911": null}}, {"type": "Feature", "id": 25507, "geometry": {"type": "Point", "coordinates": [-92.78299647436134, 44.9005951997695]}, "properties": {"OBJECTID": 25507, "ADD_ID_LOC": null, "ANUMBERPRE": null, "ANUMBER": 3321, "ANUMBERSUF": null, "ST_PRE_MOD": null, "ST_PRE_DIR": null, "ST_PRE_TYP": null, "ST_CONCAT": "Saint Croix Trail South", "ST_NAME": "Saint Croix", "ST_POS_TYP": "Trail", "ST_POS_DIR": "South", "ST_POS_MOD": null, "SUB_TYPE1": null, "SUB_ID1": null, "SUB_TYPE2": null, "SUB_ID2": null, "CO_CODE": "163", "CO_NAME": "Washington", "STATE_CODE": "MN", "ZIP": "55001", "ZIP4": null, "LOC_NAME": null, "LOC_DESC": "Afton Historical Society Press", "LANDMARK": null, "RESIDENCE": "No", "MAILABLE": null, "STATUS": null, "PIN": "2202820140013", "LONGITUDE": null, "LATITUDE": null, "SOURCE": null, "AAUTHORITY": null, "EDIT_ORG": null, "UPDATEDATE": null, "COMMENTS": null, "EX_KEY": "1EDEEDC2-B951-4C59-B5F2-2E92C0C5D8B5", "RT_ST_EX_KEY": null, "created_user": null, "created_date": null, "last_edited_user": "DDMATZE", "last_edited_date": 1593014543000, "ESN": "3", "PS_MUNICODE": "A", "SERV_AREA": null, "PS_STNAME": "SAINT CROIX TRL S", "CTU_NAME": "Afton", "CTU_ID_TXT": "02393887", "POSTCOMM": null, "PLACE_LOC": "3", "CEN_GEO": null, "UNI_WO_SUB": null, "USNG_CODE": null, "GIS911POC": null, "PSAP_CODE": "WASH", "MSAG_C": "Afton", "VERROR_911": null}}, {"type": "Feature", "id": 25508, "geometry": {"type": "Point", "coordinates": [-92.78284037860598, 44.89947987321581]}, "properties": {"OBJECTID": 25508, "ADD_ID_LOC": null, "ANUMBERPRE": null, "ANUMBER": 3411, "ANUMBERSUF": null, "ST_PRE_MOD": null, "ST_PRE_DIR": null, "ST_PRE_TYP": null, "ST_CONCAT": "Saint Croix Trail South", "ST_NAME": "Saint Croix", "ST_POS_TYP": "Trail", "ST_POS_DIR": "South", "ST_POS_MOD": null, "SUB_TYPE1": null, "SUB_ID1": null, "SUB_TYPE2": null, "SUB_ID2": null, "CO_CODE": "163", "CO_NAME": "Washington", "STATE_CODE": "MN", "ZIP": "55001", "ZIP4": null, "LOC_NAME": null, "LOC_DESC": "Afton Leather & Gifts", "LANDMARK": null, "RESIDENCE": "Yes", "MAILABLE": null, "STATUS": null, "PIN": "2202820140007", "LONGITUDE": null, "LATITUDE": null, "SOURCE": null, "AAUTHORITY": null, "EDIT_ORG": null, "UPDATEDATE": null, "COMMENTS": null, "EX_KEY": "9CE97FA4-E465-40D5-8C1C-DCF05F2A53D0", "RT_ST_EX_KEY": null, "created_user": null, "created_date": null, "last_edited_user": "DDMATZE", "last_edited_date": 1593014543000, "ESN": "3", "PS_MUNICODE": "A", "SERV_AREA": null, "PS_STNAME": "SAINT CROIX TRL S", "CTU_NAME": "Afton", "CTU_ID_TXT": "02393887", "POSTCOMM": null, "PLACE_LOC": "3", "CEN_GEO": null, "UNI_WO_SUB": null, "USNG_CODE": null, "GIS911POC": null, "PSAP_CODE": "WASH", "MSAG_C": "Afton", "VERROR_911": null}}, {"type": "Feature", "id": 25509, "geometry": {"type": "Point", "coordinates": [-92.7830453732555, 44.90046482308481]}, "properties": {"OBJECTID": 25509, "ADD_ID_LOC": null, "ANUMBERPRE": null, "ANUMBER": 3329, "ANUMBERSUF": null, "ST_PRE_MOD": null, "ST_PRE_DIR": null, "ST_PRE_TYP": null, "ST_CONCAT": "Saint Croix Trail South", "ST_NAME": "Saint Croix", "ST_POS_TYP": "Trail", "ST_POS_DIR": "South", "ST_POS_MOD": null, "SUB_TYPE1": null, "SUB_ID1": null, "SUB_TYPE2": null, "SUB_ID2": null, "CO_CODE": "163", "CO_NAME": "Washington", "STATE_CODE": "MN", "ZIP": "55001", "ZIP4": null, "LOC_NAME": null, "LOC_DESC": "Lerk's Bar", "LANDMARK": null, "RESIDENCE": "No", "MAILABLE": null, "STATUS": null, "PIN": "2202820140014", "LONGITUDE": null, "LATITUDE": null, "SOURCE": null, "AAUTHORITY": null, "EDIT_ORG": null, "UPDATEDATE": null, "COMMENTS": null, "EX_KEY": "3EB7F0A1-F558-4497-9221-122ECB1988E1", "RT_ST_EX_KEY": null, "created_user": null, "created_date": null, "last_edited_user": "DDMATZE", "last_edited_date": 1593014543000, "ESN": "3", "PS_MUNICODE": "A", "SERV_AREA": null, "PS_STNAME": "SAINT CROIX TRL S", "CTU_NAME": "Afton", "CTU_ID_TXT": "02393887", "POSTCOMM": null, "PLACE_LOC": "3", "CEN_GEO": null, "UNI_WO_SUB": null, "USNG_CODE": null, "GIS911POC": null, "PSAP_CODE": "WASH", "MSAG_C": "Afton", "VERROR_911": null}}, {"type": "Feature", "id": 25510, "geometry": {"type": "Point", "coordinates": [-92.78298515648707, 44.90089254920902]}, "properties": {"OBJECTID": 25510, "ADD_ID_LOC": null, "ANUMBERPRE": null, "ANUMBER": 3291, "ANUMBERSUF": null, "ST_PRE_MOD": null, "ST_PRE_DIR": null, "ST_PRE_TYP": null, "ST_CONCAT": "Saint Croix Trail South", "ST_NAME": "Saint Croix", "ST_POS_TYP": "Trail", "ST_POS_DIR": "South", "ST_POS_MOD": null, "SUB_TYPE1": null, "SUB_ID1": null, "SUB_TYPE2": null, "SUB_ID2": null, "CO_CODE": "163", "CO_NAME": "Washington", "STATE_CODE": "MN", "ZIP": "55001", "ZIP4": null, "LOC_NAME": null, "LOC_DESC": "Afton House Inn ", "LANDMARK": null, "RESIDENCE": "No", "MAILABLE": null, "STATUS": null, "PIN": "2202820140062", "LONGITUDE": null, "LATITUDE": null, "SOURCE": null, "AAUTHORITY": null, "EDIT_ORG": null, "UPDATEDATE": null, "COMMENTS": null, "EX_KEY": "9583B6CF-7F0A-4D5A-BEFA-9CDA4F05E7F6", "RT_ST_EX_KEY": null, "created_user": null, "created_date": null, "last_edited_user": "DDMATZE", "last_edited_date": 1691755200000, "ESN": "3", "PS_MUNICODE": "A", "SERV_AREA": null, "PS_STNAME": "SAINT CROIX TRL S", "CTU_NAME": "Afton", "CTU_ID_TXT": "02393887", "POSTCOMM": null, "PLACE_LOC": "3", "CEN_GEO": null, "UNI_WO_SUB": null, "USNG_CODE": null, "GIS911POC": null, "PSAP_CODE": "WASH", "MSAG_C": "Afton", "VERROR_911": null}}, {"type": "Feature", "id": 25511, "geometry": {"type": "Point", "coordinates": [-92.78299976039864, 44.90123105420948]}, "properties": {"OBJECTID": 25511, "ADD_ID_LOC": null, "ANUMBERPRE": null, "ANUMBER": 3291, "ANUMBERSUF": null, "ST_PRE_MOD": null, "ST_PRE_DIR": null, "ST_PRE_TYP": null, "ST_CONCAT": "Saint Croix Trail South", "ST_NAME": "Saint Croix", "ST_POS_TYP": "Trail", "ST_POS_DIR": "South", "ST_POS_MOD": null, "SUB_TYPE1": "Suite", "SUB_ID1": "1", "SUB_TYPE2": null, "SUB_ID2": null, "CO_CODE": "163", "CO_NAME": "Washington", "STATE_CODE": "MN", "ZIP": "55001", "ZIP4": null, "LOC_NAME": null, "LOC_DESC": "Velo Du Nord Bike Shop", "LANDMARK": null, "RESIDENCE": "No", "MAILABLE": null, "STATUS": null, "PIN": "2202820140062", "LONGITUDE": null, "LATITUDE": null, "SOURCE": null, "AAUTHORITY": null, "EDIT_ORG": null, "UPDATEDATE": null, "COMMENTS": null, "EX_KEY": "B3C18658-5047-4D2F-9B0D-9D88509C7CBB", "RT_ST_EX_KEY": null, "created_user": null, "created_date": null, "last_edited_user": "DDMATZE", "last_edited_date": 1691755200000, "ESN": "3", "PS_MUNICODE": "A", "SERV_AREA": null, "PS_STNAME": "SAINT CROIX TRL S", "CTU_NAME": "Afton", "CTU_ID_TXT": "02393887", "POSTCOMM": null, "PLACE_LOC": "3", "CEN_GEO": null, "UNI_WO_SUB": null, "USNG_CODE": null, "GIS911POC": null, "PSAP_CODE": "WASH", "MSAG_C": "Afton", "VERROR_911": null}}, {"type": "Feature", "id": 25512, "geometry": {"type": "Point", "coordinates": [-92.78302542975787, 44.90132165546275]}, "properties": {"OBJECTID": 25512, "ADD_ID_LOC": null, "ANUMBERPRE": null, "ANUMBER": 3291, "ANUMBERSUF": null, "ST_PRE_MOD": null, "ST_PRE_DIR": null, "ST_PRE_TYP": null, "ST_CONCAT": "Saint Croix Trail South", "ST_NAME": "Saint Croix", "ST_POS_TYP": "Trail", "ST_POS_DIR": "South", "ST_POS_MOD": null, "SUB_TYPE1": "Suite", "SUB_ID1": "2 & 3", "SUB_TYPE2": null, "SUB_ID2": null, "CO_CODE": "163", "CO_NAME": "Washington", "STATE_CODE": "MN", "ZIP": "55001", "ZIP4": null, "LOC_NAME": null, "LOC_DESC": "Swirl Wine Bar ", "LANDMARK": null, "RESIDENCE": "No", "MAILABLE": null, "STATUS": null, "PIN": "2202820140062", "LONGITUDE": null, "LATITUDE": null, "SOURCE": null, "AAUTHORITY": null, "EDIT_ORG": null, "UPDATEDATE": null, "COMMENTS": null, "EX_KEY": "37DAE940-1451-42F0-938C-1A1B3471667C", "RT_ST_EX_KEY": null, "created_user": null, "created_date": null, "last_edited_user": "DDMATZE", "last_edited_date": 1691755200000, "ESN": "3", "PS_MUNICODE": "A", "SERV_AREA": null, "PS_STNAME": "SAINT CROIX TRL S", "CTU_NAME": "Afton", "CTU_ID_TXT": "02393887", "POSTCOMM": null, "PLACE_LOC": "3", "CEN_GEO": null, "UNI_WO_SUB": null, "USNG_CODE": null, "GIS911POC": null, "PSAP_CODE": "WASH", "MSAG_C": "Afton", "VERROR_911": null}}, {"type": "Feature", "id": 25513, "geometry": {"type": "Point", "coordinates": [-92.7830307145467, 44.9013828424702]}, "properties": {"OBJECTID": 25513, "ADD_ID_LOC": null, "ANUMBERPRE": null, "ANUMBER": 3291, "ANUMBERSUF": null, "ST_PRE_MOD": null, "ST_PRE_DIR": null, "ST_PRE_TYP": null, "ST_CONCAT": "Saint Croix Trail South", "ST_NAME": "Saint Croix", "ST_POS_TYP": "Trail", "ST_POS_DIR": "South", "ST_POS_MOD": null, "SUB_TYPE1": "Suite", "SUB_ID1": "4", "SUB_TYPE2": null, "SUB_ID2": null, "CO_CODE": "163", "CO_NAME": "Washington", "STATE_CODE": "MN", "ZIP": "55001", "ZIP4": null, "LOC_NAME": null, "LOC_DESC": "Bisou Bisou Salon ", "LANDMARK": null, "RESIDENCE": "No", "MAILABLE": null, "STATUS": null, "PIN": "2202820140062", "LONGITUDE": null, "LATITUDE": null, "SOURCE": null, "AAUTHORITY": null, "EDIT_ORG": null, "UPDATEDATE": null, "COMMENTS": null, "EX_KEY": "3247D10C-4CCD-414E-9BC5-76661FF5588D", "RT_ST_EX_KEY": null, "created_user": null, "created_date": null, "last_edited_user": "DDMATZE", "last_edited_date": 1691755200000, "ESN": "3", "PS_MUNICODE": "A", "SERV_AREA": null, "PS_STNAME": "SAINT CROIX TRL S", "CTU_NAME": "Afton", "CTU_ID_TXT": "02393887", "POSTCOMM": null, "PLACE_LOC": "3", "CEN_GEO": null, "UNI_WO_SUB": null, "USNG_CODE": null, "GIS911POC": null, "PSAP_CODE": "WASH", "MSAG_C": "Afton", "VERROR_911": null}}, {"type": "Feature", "id": 25514, "geometry": {"type": "Point", "coordinates": [-92.78376539182035, 44.90088001277333]}, "properties": {"OBJECTID": 25514, "ADD_ID_LOC": null, "ANUMBERPRE": null, "ANUMBER": 3290, "ANUMBERSUF": null, "ST_PRE_MOD": null, "ST_PRE_DIR": null, "ST_PRE_TYP": null, "ST_CONCAT": "Saint Croix Trail South", "ST_NAME": "Saint Croix", "ST_POS_TYP": "Trail", "ST_POS_DIR": "South", "ST_POS_MOD": null, "SUB_TYPE1": "Building", "SUB_ID1": "B", "SUB_TYPE2": null, "SUB_ID2": null, "CO_CODE": "163", "CO_NAME": "Washington", "STATE_CODE": "MN", "ZIP": "55001", "ZIP4": null, "LOC_NAME": null, "LOC_DESC": "Vintage Vouge Cottage", "LANDMARK": null, "RESIDENCE": "No", "MAILABLE": null, "STATUS": null, "PIN": "2202820140029", "LONGITUDE": null, "LATITUDE": null, "SOURCE": null, "AAUTHORITY": null, "EDIT_ORG": null, "UPDATEDATE": null, "COMMENTS": null, "EX_KEY": "A1B9CA8B-20DD-4832-86A1-778D3972994E", "RT_ST_EX_KEY": null, "created_user": null, "created_date": null, "last_edited_user": "DDMATZE", "last_edited_date": 1580935823000, "ESN": "3", "PS_MUNICODE": "A", "SERV_AREA": null, "PS_STNAME": "SAINT CROIX TRL S", "CTU_NAME": "Afton", "CTU_ID_TXT": "02393887", "POSTCOMM": null, "PLACE_LOC": "3", "CEN_GEO": null, "UNI_WO_SUB": null, "USNG_CODE": null, "GIS911POC": null, "PSAP_CODE": "WASH", "MSAG_C": "Afton", "VERROR_911": null}}, {"type": "Feature", "id": 25515, "geometry": {"type": "Point", "coordinates": [-92.78350333169242, 44.900934104209504]}, "properties": {"OBJECTID": 25515, "ADD_ID_LOC": null, "ANUMBERPRE": null, "ANUMBER": 3290, "ANUMBERSUF": null, "ST_PRE_MOD": null, "ST_PRE_DIR": null, "ST_PRE_TYP": null, "ST_CONCAT": "Saint Croix Trail South", "ST_NAME": "Saint Croix", "ST_POS_TYP": "Trail", "ST_POS_DIR": "South", "ST_POS_MOD": null, "SUB_TYPE1": "Building", "SUB_ID1": "A", "SUB_TYPE2": null, "SUB_ID2": null, "CO_CODE": "163", "CO_NAME": "Washington", "STATE_CODE": "MN", "ZIP": "55001", "ZIP4": null, "LOC_NAME": null, "LOC_DESC": "The Foundry", "LANDMARK": null, "RESIDENCE": "No", "MAILABLE": null, "STATUS": null, "PIN": "2202820140029", "LONGITUDE": null, "LATITUDE": null, "SOURCE": null, "AAUTHORITY": null, "EDIT_ORG": null, "UPDATEDATE": null, "COMMENTS": null, "EX_KEY": "86DABCEA-7986-4302-B8E2-CEBECFD7FC92", "RT_ST_EX_KEY": null, "created_user": null, "created_date": null, "last_edited_user": "DDMATZE", "last_edited_date": 1580935823000, "ESN": "3", "PS_MUNICODE": "A", "SERV_AREA": null, "PS_STNAME": "SAINT CROIX TRL S", "CTU_NAME": "Afton", "CTU_ID_TXT": "02393887", "POSTCOMM": null, "PLACE_LOC": "3", "CEN_GEO": null, "UNI_WO_SUB": null, "USNG_CODE": null, "GIS911POC": null, "PSAP_CODE": "WASH", "MSAG_C": "Afton", "VERROR_911": null}}, {"type": "Feature", "id": 25516, "geometry": {"type": "Point", "coordinates": [-92.78355004139223, 44.90198788156663]}, "properties": {"OBJECTID": 25516, "ADD_ID_LOC": null, "ANUMBERPRE": null, "ANUMBER": 3192, "ANUMBERSUF": null, "ST_PRE_MOD": null, "ST_PRE_DIR": null, "ST_PRE_TYP": null, "ST_CONCAT": "Saint Croix Trail South", "ST_NAME": "Saint Croix", "ST_POS_TYP": "Trail", "ST_POS_DIR": "South", "ST_POS_MOD": null, "SUB_TYPE1": null, "SUB_ID1": null, "SUB_TYPE2": null, "SUB_ID2": null, "CO_CODE": "163", "CO_NAME": "Washington", "STATE_CODE": "MN", "ZIP": "55001", "ZIP4": null, "LOC_NAME": null, "LOC_DESC": "Dwell Furniture and Home Decor ", "LANDMARK": null, "RESIDENCE": "No", "MAILABLE": null, "STATUS": null, "PIN": "2202820110028", "LONGITUDE": null, "LATITUDE": null, "SOURCE": null, "AAUTHORITY": null, "EDIT_ORG": null, "UPDATEDATE": null, "COMMENTS": null, "EX_KEY": "0D74E14C-8031-4EA5-8B26-D2B67E3D7E61", "RT_ST_EX_KEY": null, "created_user": null, "created_date": null, "last_edited_user": "DDMATZE", "last_edited_date": 1593014543000, "ESN": "3", "PS_MUNICODE": "A", "SERV_AREA": null, "PS_STNAME": "SAINT CROIX TRL S", "CTU_NAME": "Afton", "CTU_ID_TXT": "02393887", "POSTCOMM": null, "PLACE_LOC": "3", "CEN_GEO": null, "UNI_WO_SUB": null, "USNG_CODE": null, "GIS911POC": null, "PSAP_CODE": "WASH", "MSAG_C": "Afton", "VERROR_911": null}}, {"type": "Feature", "id": 25517, "geometry": {"type": "Point", "coordinates": [-92.78280409026176, 44.90360744396556]}, "properties": {"OBJECTID": 25517, "ADD_ID_LOC": null, "ANUMBERPRE": null, "ANUMBER": 3121, "ANUMBERSUF": null, "ST_PRE_MOD": null, "ST_PRE_DIR": null, "ST_PRE_TYP": null, "ST_CONCAT": "Saint Croix Trail South", "ST_NAME": "Saint Croix", "ST_POS_TYP": "Trail", "ST_POS_DIR": "South", "ST_POS_MOD": null, "SUB_TYPE1": "Suite", "SUB_ID1": "201", "SUB_TYPE2": null, "SUB_ID2": null, "CO_CODE": "163", "CO_NAME": "Washington", "STATE_CODE": "MN", "ZIP": "55001", "ZIP4": null, "LOC_NAME": null, "LOC_DESC": "Seeberger Law Office, PLLC", "LANDMARK": null, "RESIDENCE": "No", "MAILABLE": null, "STATUS": null, "PIN": "2202820110008", "LONGITUDE": null, "LATITUDE": null, "SOURCE": null, "AAUTHORITY": null, "EDIT_ORG": null, "UPDATEDATE": null, "COMMENTS": null, "EX_KEY": "DEE93C89-4018-40C5-8F3C-6056254E700C", "RT_ST_EX_KEY": null, "created_user": null, "created_date": null, "last_edited_user": "DDMATZE", "last_edited_date": 1580934588000, "ESN": "3", "PS_MUNICODE": "A", "SERV_AREA": null, "PS_STNAME": "SAINT CROIX TRL S", "CTU_NAME": "Afton", "CTU_ID_TXT": "02393887", "POSTCOMM": null, "PLACE_LOC": "3", "CEN_GEO": null, "UNI_WO_SUB": null, "USNG_CODE": null, "GIS911POC": null, "PSAP_CODE": "WASH", "MSAG_C": "Afton", "VERROR_911": null}}, {"type": "Feature", "id": 25518, "geometry": {"type": "Point", "coordinates": [-92.78284104515593, 44.903683516028316]}, "properties": {"OBJECTID": 25518, "ADD_ID_LOC": null, "ANUMBERPRE": null, "ANUMBER": 3121, "ANUMBERSUF": null, "ST_PRE_MOD": null, "ST_PRE_DIR": null, "ST_PRE_TYP": null, "ST_CONCAT": "Saint Croix Trail South", "ST_NAME": "Saint Croix", "ST_POS_TYP": "Trail", "ST_POS_DIR": "South", "ST_POS_MOD": null, "SUB_TYPE1": "Suite", "SUB_ID1": "204", "SUB_TYPE2": null, "SUB_ID2": null, "CO_CODE": "163", "CO_NAME": "Washington", "STATE_CODE": "MN", "ZIP": "55001", "ZIP4": null, "LOC_NAME": null, "LOC_DESC": null, "LANDMARK": "Afton Law Office ", "RESIDENCE": "No", "MAILABLE": null, "STATUS": null, "PIN": "2202820110008", "LONGITUDE": null, "LATITUDE": null, "SOURCE": null, "AAUTHORITY": null, "EDIT_ORG": null, "UPDATEDATE": null, "COMMENTS": null, "EX_KEY": "438D908C-A02D-46E1-B2C8-4FC227A301A6", "RT_ST_EX_KEY": null, "created_user": null, "created_date": null, "last_edited_user": "DDMATZE", "last_edited_date": 1674596182000, "ESN": "3", "PS_MUNICODE": "A", "SERV_AREA": null, "PS_STNAME": "SAINT CROIX TRL S", "CTU_NAME": "Afton", "CTU_ID_TXT": "02393887", "POSTCOMM": null, "PLACE_LOC": "3", "CEN_GEO": null, "UNI_WO_SUB": null, "USNG_CODE": null, "GIS911POC": null, "PSAP_CODE": "WASH", "MSAG_C": "Afton", "VERROR_911": null}}, {"type": "Feature", "id": 25519, "geometry": {"type": "Point", "coordinates": [-92.78275915922622, 44.90366393158095]}, "properties": {"OBJECTID": 25519, "ADD_ID_LOC": null, "ANUMBERPRE": null, "ANUMBER": 3121, "ANUMBERSUF": null, "ST_PRE_MOD": null, "ST_PRE_DIR": null, "ST_PRE_TYP": null, "ST_CONCAT": "Saint Croix Trail South", "ST_NAME": "Saint Croix", "ST_POS_TYP": "Trail", "ST_POS_DIR": "South", "ST_POS_MOD": null, "SUB_TYPE1": "Suite", "SUB_ID1": "205", "SUB_TYPE2": null, "SUB_ID2": null, "CO_CODE": "163", "CO_NAME": "Washington", "STATE_CODE": "MN", "ZIP": "55001", "ZIP4": null, "LOC_NAME": null, "LOC_DESC": "Beck Best, CMT Massage Therapy ", "LANDMARK": null, "RESIDENCE": "No", "MAILABLE": null, "STATUS": null, "PIN": "2202820110008", "LONGITUDE": null, "LATITUDE": null, "SOURCE": null, "AAUTHORITY": null, "EDIT_ORG": null, "UPDATEDATE": null, "COMMENTS": null, "EX_KEY": "D9B37AE5-91FF-4CAE-A8FC-75A874EAD246", "RT_ST_EX_KEY": null, "created_user": null, "created_date": null, "last_edited_user": "DDMATZE", "last_edited_date": 1580934588000, "ESN": "3", "PS_MUNICODE": "A", "SERV_AREA": null, "PS_STNAME": "SAINT CROIX TRL S", "CTU_NAME": "Afton", "CTU_ID_TXT": "02393887", "POSTCOMM": null, "PLACE_LOC": "3", "CEN_GEO": null, "UNI_WO_SUB": null, "USNG_CODE": null, "GIS911POC": null, "PSAP_CODE": "WASH", "MSAG_C": "Afton", "VERROR_911": null}}, {"type": "Feature", "id": 25520, "geometry": {"type": "Point", "coordinates": [-92.78293468104955, 44.90358959079054]}, "properties": {"OBJECTID": 25520, "ADD_ID_LOC": null, "ANUMBERPRE": null, "ANUMBER": 3121, "ANUMBERSUF": null, "ST_PRE_MOD": null, "ST_PRE_DIR": null, "ST_PRE_TYP": null, "ST_CONCAT": "Saint Croix Trail South", "ST_NAME": "Saint Croix", "ST_POS_TYP": "Trail", "ST_POS_DIR": "South", "ST_POS_MOD": null, "SUB_TYPE1": "Suite", "SUB_ID1": "101", "SUB_TYPE2": null, "SUB_ID2": null, "CO_CODE": "163", "CO_NAME": "Washington", "STATE_CODE": "MN", "ZIP": "55001", "ZIP4": null, "LOC_NAME": null, "LOC_DESC": null, "LANDMARK": null, "RESIDENCE": "No", "MAILABLE": null, "STATUS": null, "PIN": "2202820110008", "LONGITUDE": null, "LATITUDE": null, "SOURCE": null, "AAUTHORITY": null, "EDIT_ORG": null, "UPDATEDATE": null, "COMMENTS": null, "EX_KEY": "F07CF418-7FC0-473E-A1F5-AD2EDFD45653", "RT_ST_EX_KEY": null, "created_user": null, "created_date": null, "last_edited_user": "DDMATZE", "last_edited_date": 1674596182000, "ESN": "3", "PS_MUNICODE": "A", "SERV_AREA": null, "PS_STNAME": "SAINT CROIX TRL S", "CTU_NAME": "Afton", "CTU_ID_TXT": "02393887", "POSTCOMM": null, "PLACE_LOC": "3", "CEN_GEO": null, "UNI_WO_SUB": null, "USNG_CODE": null, "GIS911POC": null, "PSAP_CODE": "WASH", "MSAG_C": "Afton", "VERROR_911": null}}, {"type": "Feature", "id": 25521, "geometry": {"type": "Point", "coordinates": [-92.78275751081765, 44.90373233650159]}, "properties": {"OBJECTID": 25521, "ADD_ID_LOC": null, "ANUMBERPRE": null, "ANUMBER": 3121, "ANUMBERSUF": null, "ST_PRE_MOD": null, "ST_PRE_DIR": null, "ST_PRE_TYP": null, "ST_CONCAT": "Saint Croix Trail South", "ST_NAME": "Saint Croix", "ST_POS_TYP": "Trail", "ST_POS_DIR": "South", "ST_POS_MOD": null, "SUB_TYPE1": "Suite", "SUB_ID1": "104", "SUB_TYPE2": null, "SUB_ID2": null, "CO_CODE": "163", "CO_NAME": "Washington", "STATE_CODE": "MN", "ZIP": "55001", "ZIP4": null, "LOC_NAME": null, "LOC_DESC": null, "LANDMARK": "US Postal Service ", "RESIDENCE": "No", "MAILABLE": null, "STATUS": null, "PIN": "2202820110008", "LONGITUDE": null, "LATITUDE": null, "SOURCE": null, "AAUTHORITY": null, "EDIT_ORG": null, "UPDATEDATE": null, "COMMENTS": null, "EX_KEY": "46CD54E6-C7DC-4968-B19D-8CCADCB9F5F3", "RT_ST_EX_KEY": null, "created_user": null, "created_date": null, "last_edited_user": "DDMATZE", "last_edited_date": 1674596182000, "ESN": "3", "PS_MUNICODE": "A", "SERV_AREA": null, "PS_STNAME": "SAINT CROIX TRL S", "CTU_NAME": "Afton", "CTU_ID_TXT": "02393887", "POSTCOMM": null, "PLACE_LOC": "3", "CEN_GEO": null, "UNI_WO_SUB": null, "USNG_CODE": null, "GIS911POC": null, "PSAP_CODE": "WASH", "MSAG_C": "Afton", "VERROR_911": null}}, {"type": "Feature", "id": 31190, "geometry": {"type": "Point", "coordinates": [-92.78356281453725, 44.89916990075786]}, "properties": {"OBJECTID": 31190, "ADD_ID_LOC": null, "ANUMBERPRE": null, "ANUMBER": 3418, "ANUMBERSUF": null, "ST_PRE_MOD": null, "ST_PRE_DIR": null, "ST_PRE_TYP": null, "ST_CONCAT": "Saint Croix Trail South", "ST_NAME": "Saint Croix", "ST_POS_TYP": "Trail", "ST_POS_DIR": "South", "ST_POS_MOD": null, "SUB_TYPE1": null, "SUB_ID1": null, "SUB_TYPE2": null, "SUB_ID2": null, "CO_CODE": "163", "CO_NAME": "Washington", "STATE_CODE": "MN", "ZIP": "55001", "ZIP4": null, "LOC_NAME": "", "LOC_DESC": "Public Restrooms at Town Square Park", "LANDMARK": "Town Square Park", "RESIDENCE": "No", "MAILABLE": "No", "STATUS": null, "PIN": "2202820140041", "LONGITUDE": null, "LATITUDE": null, "SOURCE": null, "AAUTHORITY": null, "EDIT_ORG": null, "UPDATEDATE": 1508457600000, "COMMENTS": null, "EX_KEY": "FD1F2F19-D46F-4B45-A861-AAC008300532", "RT_ST_EX_KEY": null, "created_user": "TASIEBE", "created_date": 1508514037000, "last_edited_user": "DDMATZE", "last_edited_date": 1571063134000, "ESN": "3", "PS_MUNICODE": "A", "SERV_AREA": null, "PS_STNAME": "SAINT CROIX TRL S", "CTU_NAME": "Afton", "CTU_ID_TXT": "02393887", "POSTCOMM": null, "PLACE_LOC": "3", "CEN_GEO": null, "UNI_WO_SUB": null, "USNG_CODE": null, "GIS911POC": null, "PSAP_CODE": "WASH", "MSAG_C": "Afton", "VERROR_911": null}}, {"type": "Feature", "id": 33218, "geometry": {"type": "Point", "coordinates": [-92.78372531168732, 44.90249010155754]}, "properties": {"OBJECTID": 33218, "ADD_ID_LOC": null, "ANUMBERPRE": null, "ANUMBER": 15893, "ANUMBERSUF": null, "ST_PRE_MOD": null, "ST_PRE_DIR": null, "ST_PRE_TYP": null, "ST_CONCAT": "Afton Boulevard South", "ST_NAME": "Afton", "ST_POS_TYP": "Boulevard", "ST_POS_DIR": "South", "ST_POS_MOD": null, "SUB_TYPE1": null, "SUB_ID1": null, "SUB_TYPE2": null, "SUB_ID2": null, "CO_CODE": "163", "CO_NAME": "Washington", "STATE_CODE": "MN", "ZIP": "55001", "ZIP4": null, "LOC_NAME": null, "LOC_DESC": null, "LANDMARK": null, "RESIDENCE": "Yes", "MAILABLE": null, "STATUS": null, "PIN": "2202820110027", "LONGITUDE": null, "LATITUDE": null, "SOURCE": null, "AAUTHORITY": null, "EDIT_ORG": null, "UPDATEDATE": null, "COMMENTS": null, "EX_KEY": "DD6F0003-4F9D-4EAF-94E5-ADE631858AC2", "RT_ST_EX_KEY": null, "created_user": "DDMATZE", "created_date": 1514381621000, "last_edited_user": "DDMATZE", "last_edited_date": 1557844245000, "ESN": "3", "PS_MUNICODE": "A", "SERV_AREA": null, "PS_STNAME": "AFTON BLVD S", "CTU_NAME": "Afton", "CTU_ID_TXT": "02393887", "POSTCOMM": null, "PLACE_LOC": "3", "CEN_GEO": null, "UNI_WO_SUB": null, "USNG_CODE": null, "GIS911POC": null, "PSAP_CODE": "WASH", "MSAG_C": "Afton", "VERROR_911": null}}, {"type": "Feature", "id": 34681, "geometry": {"type": "Point", "coordinates": [-92.78398241850479, 44.89634049802218]}, "properties": {"OBJECTID": 34681, "ADD_ID_LOC": null, "ANUMBERPRE": null, "ANUMBER": 15889, "ANUMBERSUF": null, "ST_PRE_MOD": null, "ST_PRE_DIR": null, "ST_PRE_TYP": null, "ST_CONCAT": "36th Street South", "ST_NAME": "36th", "ST_POS_TYP": "Street", "ST_POS_DIR": "South", "ST_POS_MOD": null, "SUB_TYPE1": null, "SUB_ID1": null, "SUB_TYPE2": null, "SUB_ID2": null, "CO_CODE": "163", "CO_NAME": "Washington", "STATE_CODE": "MN", "ZIP": "55001", "ZIP4": null, "LOC_NAME": null, "LOC_DESC": null, "LANDMARK": null, "RESIDENCE": "Yes", "MAILABLE": null, "STATUS": null, "PIN": "2202820410027", "LONGITUDE": null, "LATITUDE": null, "SOURCE": null, "AAUTHORITY": null, "EDIT_ORG": null, "UPDATEDATE": null, "COMMENTS": null, "EX_KEY": "BD7C6ADD-33E1-4302-9419-61E8E4D9847C", "RT_ST_EX_KEY": null, "created_user": "DDMATZE", "created_date": 1514381621000, "last_edited_user": "DDMATZE", "last_edited_date": 1557844252000, "ESN": "3", "PS_MUNICODE": "A", "SERV_AREA": null, "PS_STNAME": "36TH ST S", "CTU_NAME": "Afton", "CTU_ID_TXT": "02393887", "POSTCOMM": null, "PLACE_LOC": "3", "CEN_GEO": null, "UNI_WO_SUB": null, "USNG_CODE": null, "GIS911POC": null, "PSAP_CODE": "WASH", "MSAG_C": "Afton", "VERROR_911": null}}, {"type": "Feature", "id": 34925, "geometry": {"type": "Point", "coordinates": [-92.78696146465059, 44.898099937517145]}, "properties": {"OBJECTID": 34925, "ADD_ID_LOC": null, "ANUMBERPRE": null, "ANUMBER": 5, "ANUMBERSUF": null, "ST_PRE_MOD": null, "ST_PRE_DIR": null, "ST_PRE_TYP": null, "ST_CONCAT": "Coulee Ridge Road South", "ST_NAME": "Coulee Ridge", "ST_POS_TYP": "Road", "ST_POS_DIR": "South", "ST_POS_MOD": null, "SUB_TYPE1": null, "SUB_ID1": null, "SUB_TYPE2": null, "SUB_ID2": null, "CO_CODE": "163", "CO_NAME": "Washington", "STATE_CODE": "MN", "ZIP": "55001", "ZIP4": null, "LOC_NAME": null, "LOC_DESC": null, "LANDMARK": null, "RESIDENCE": "Yes", "MAILABLE": null, "STATUS": null, "PIN": "2202820420007", "LONGITUDE": null, "LATITUDE": null, "SOURCE": null, "AAUTHORITY": null, "EDIT_ORG": null, "UPDATEDATE": null, "COMMENTS": null, "EX_KEY": "98C93A07-DA50-49E2-ACA0-11F829022FE9", "RT_ST_EX_KEY": null, "created_user": "DDMATZE", "created_date": 1514381621000, "last_edited_user": "DDMATZE", "last_edited_date": 1557844252000, "ESN": "3", "PS_MUNICODE": "A", "SERV_AREA": null, "PS_STNAME": "COULEE RIDGE RD S", "CTU_NAME": "Afton", "CTU_ID_TXT": "02393887", "POSTCOMM": null, "PLACE_LOC": "3", "CEN_GEO": null, "UNI_WO_SUB": null, "USNG_CODE": null, "GIS911POC": null, "PSAP_CODE": "WASH", "MSAG_C": "Afton", "VERROR_911": null}}, {"type": "Feature", "id": 36688, "geometry": {"type": "Point", "coordinates": [-92.78580060684321, 44.899945568483396]}, "properties": {"OBJECTID": 36688, "ADD_ID_LOC": null, "ANUMBERPRE": null, "ANUMBER": 3369, "ANUMBERSUF": null, "ST_PRE_MOD": null, "ST_PRE_DIR": null, "ST_PRE_TYP": null, "ST_CONCAT": "Pennington Avenue South", "ST_NAME": "Pennington", "ST_POS_TYP": "Avenue", "ST_POS_DIR": "South", "ST_POS_MOD": null, "SUB_TYPE1": null, "SUB_ID1": null, "SUB_TYPE2": null, "SUB_ID2": null, "CO_CODE": "163", "CO_NAME": "Washington", "STATE_CODE": "MN", "ZIP": "55001", "ZIP4": null, "LOC_NAME": null, "LOC_DESC": null, "LANDMARK": null, "RESIDENCE": "Yes", "MAILABLE": null, "STATUS": null, "PIN": "2202820140065", "LONGITUDE": null, "LATITUDE": null, "SOURCE": null, "AAUTHORITY": null, "EDIT_ORG": null, "UPDATEDATE": null, "COMMENTS": null, "EX_KEY": "C9E0FBE3-4F00-4FD6-A3ED-C7B9B2620EAF", "RT_ST_EX_KEY": null, "created_user": "DDMATZE", "created_date": 1514381621000, "last_edited_user": "DDMATZE", "last_edited_date": 1557844262000, "ESN": "3", "PS_MUNICODE": "A", "SERV_AREA": null, "PS_STNAME": "PENNINGTON AVE S", "CTU_NAME": "Afton", "CTU_ID_TXT": "02393887", "POSTCOMM": null, "PLACE_LOC": "3", "CEN_GEO": null, "UNI_WO_SUB": null, "USNG_CODE": null, "GIS911POC": null, "PSAP_CODE": "WASH", "MSAG_C": "Afton", "VERROR_911": null}}, {"type": "Feature", "id": 36712, "geometry": {"type": "Point", "coordinates": [-92.78221381178015, 44.904308571985375]}, "properties": {"OBJECTID": 36712, "ADD_ID_LOC": null, "ANUMBERPRE": null, "ANUMBER": 3070, "ANUMBERSUF": null, "ST_PRE_MOD": null, "ST_PRE_DIR": null, "ST_PRE_TYP": null, "ST_CONCAT": "Pike Avenue South", "ST_NAME": "Pike", "ST_POS_TYP": "Avenue", "ST_POS_DIR": "South", "ST_POS_MOD": null, "SUB_TYPE1": null, "SUB_ID1": null, "SUB_TYPE2": null, "SUB_ID2": null, "CO_CODE": "163", "CO_NAME": "Washington", "STATE_CODE": "MN", "ZIP": "55001", "ZIP4": null, "LOC_NAME": null, "LOC_DESC": null, "LANDMARK": null, "RESIDENCE": "Yes", "MAILABLE": null, "STATUS": null, "PIN": "2202820110013", "LONGITUDE": null, "LATITUDE": null, "SOURCE": null, "AAUTHORITY": null, "EDIT_ORG": null, "UPDATEDATE": null, "COMMENTS": null, "EX_KEY": "E35AC3CE-D33E-4989-AC63-9DFC444AB46B", "RT_ST_EX_KEY": null, "created_user": "DDMATZE", "created_date": 1514381621000, "last_edited_user": "DDMATZE", "last_edited_date": 1557844263000, "ESN": "3", "PS_MUNICODE": "A", "SERV_AREA": null, "PS_STNAME": "PIKE AVE S", "CTU_NAME": "Afton", "CTU_ID_TXT": "02393887", "POSTCOMM": null, "PLACE_LOC": "3", "CEN_GEO": null, "UNI_WO_SUB": null, "USNG_CODE": null, "GIS911POC": null, "PSAP_CODE": "WASH", "MSAG_C": "Afton", "VERROR_911": null}}, {"type": "Feature", "id": 39052, "geometry": {"type": "Point", "coordinates": [-92.78300711131261, 44.896996625767635]}, "properties": {"OBJECTID": 39052, "ADD_ID_LOC": null, "ANUMBERPRE": null, "ANUMBER": 3561, "ANUMBERSUF": null, "ST_PRE_MOD": null, "ST_PRE_DIR": null, "ST_PRE_TYP": null, "ST_CONCAT": "Saint Croix Trail South", "ST_NAME": "Saint Croix", "ST_POS_TYP": "Trail", "ST_POS_DIR": "South", "ST_POS_MOD": null, "SUB_TYPE1": null, "SUB_ID1": null, "SUB_TYPE2": null, "SUB_ID2": null, "CO_CODE": "163", "CO_NAME": "Washington", "STATE_CODE": "MN", "ZIP": "55001", "ZIP4": null, "LOC_NAME": null, "LOC_DESC": null, "LANDMARK": null, "RESIDENCE": "Yes", "MAILABLE": null, "STATUS": null, "PIN": "2202820410054", "LONGITUDE": null, "LATITUDE": null, "SOURCE": null, "AAUTHORITY": null, "EDIT_ORG": null, "UPDATEDATE": null, "COMMENTS": null, "EX_KEY": "785F6E42-C90E-455C-9A00-F95510CF8392", "RT_ST_EX_KEY": null, "created_user": "DDMATZE", "created_date": 1514381621000, "last_edited_user": "DDMATZE", "last_edited_date": 1557844276000, "ESN": "3", "PS_MUNICODE": "A", "SERV_AREA": null, "PS_STNAME": "SAINT CROIX TRL S", "CTU_NAME": "Afton", "CTU_ID_TXT": "02393887", "POSTCOMM": null, "PLACE_LOC": "3", "CEN_GEO": null, "UNI_WO_SUB": null, "USNG_CODE": null, "GIS911POC": null, "PSAP_CODE": "WASH", "MSAG_C": "Afton", "VERROR_911": null}}, {"type": "Feature", "id": 41577, "geometry": {"type": "Point", "coordinates": [-92.7858729104438, 44.899485792884256]}, "properties": {"OBJECTID": 41577, "ADD_ID_LOC": null, "ANUMBERPRE": null, "ANUMBER": 3403, "ANUMBERSUF": null, "ST_PRE_MOD": null, "ST_PRE_DIR": null, "ST_PRE_TYP": null, "ST_CONCAT": "Pennington Avenue South", "ST_NAME": "Pennington", "ST_POS_TYP": "Avenue", "ST_POS_DIR": "South", "ST_POS_MOD": null, "SUB_TYPE1": null, "SUB_ID1": null, "SUB_TYPE2": null, "SUB_ID2": null, "CO_CODE": "163", "CO_NAME": "Washington", "STATE_CODE": "MN", "ZIP": "55001", "ZIP4": null, "LOC_NAME": null, "LOC_DESC": null, "LANDMARK": null, "RESIDENCE": "Yes", "MAILABLE": null, "STATUS": null, "PIN": "2202820140048", "LONGITUDE": null, "LATITUDE": null, "SOURCE": null, "AAUTHORITY": null, "EDIT_ORG": null, "UPDATEDATE": null, "COMMENTS": null, "EX_KEY": "CCCB8680-FB76-4D32-B174-1340F9F23A26", "RT_ST_EX_KEY": null, "created_user": "DDMATZE", "created_date": 1514381621000, "last_edited_user": "DDMATZE", "last_edited_date": 1557844288000, "ESN": "3", "PS_MUNICODE": "A", "SERV_AREA": null, "PS_STNAME": "PENNINGTON AVE S", "CTU_NAME": "Afton", "CTU_ID_TXT": "02393887", "POSTCOMM": null, "PLACE_LOC": "3", "CEN_GEO": null, "UNI_WO_SUB": null, "USNG_CODE": null, "GIS911POC": null, "PSAP_CODE": "WASH", "MSAG_C": "Afton", "VERROR_911": null}}, {"type": "Feature", "id": 44374, "geometry": {"type": "Point", "coordinates": [-92.78578392153513, 44.90047986220725]}, "properties": {"OBJECTID": 44374, "ADD_ID_LOC": null, "ANUMBERPRE": null, "ANUMBER": 3329, "ANUMBERSUF": null, "ST_PRE_MOD": null, "ST_PRE_DIR": null, "ST_PRE_TYP": null, "ST_CONCAT": "Pennington Avenue South", "ST_NAME": "Pennington", "ST_POS_TYP": "Avenue", "ST_POS_DIR": "South", "ST_POS_MOD": null, "SUB_TYPE1": null, "SUB_ID1": null, "SUB_TYPE2": null, "SUB_ID2": null, "CO_CODE": "163", "CO_NAME": "Washington", "STATE_CODE": "MN", "ZIP": "55001", "ZIP4": null, "LOC_NAME": null, "LOC_DESC": null, "LANDMARK": null, "RESIDENCE": "Yes", "MAILABLE": null, "STATUS": null, "PIN": "2202820140049", "LONGITUDE": null, "LATITUDE": null, "SOURCE": null, "AAUTHORITY": null, "EDIT_ORG": null, "UPDATEDATE": null, "COMMENTS": null, "EX_KEY": "BB0F5E3C-BCFF-4020-B04F-E9500C63A5A2", "RT_ST_EX_KEY": null, "created_user": "DDMATZE", "created_date": 1514381621000, "last_edited_user": "DDMATZE", "last_edited_date": 1557844303000, "ESN": "3", "PS_MUNICODE": "A", "SERV_AREA": null, "PS_STNAME": "PENNINGTON AVE S", "CTU_NAME": "Afton", "CTU_ID_TXT": "02393887", "POSTCOMM": null, "PLACE_LOC": "3", "CEN_GEO": null, "UNI_WO_SUB": null, "USNG_CODE": null, "GIS911POC": null, "PSAP_CODE": "WASH", "MSAG_C": "Afton", "VERROR_911": null}}, {"type": "Feature", "id": 45128, "geometry": {"type": "Point", "coordinates": [-92.78225366553772, 44.90359443282616]}, "properties": {"OBJECTID": 45128, "ADD_ID_LOC": null, "ANUMBERPRE": null, "ANUMBER": 15953, "ANUMBERSUF": null, "ST_PRE_MOD": null, "ST_PRE_DIR": null, "ST_PRE_TYP": null, "ST_CONCAT": "31st Street South", "ST_NAME": "31st", "ST_POS_TYP": "Street", "ST_POS_DIR": "South", "ST_POS_MOD": null, "SUB_TYPE1": null, "SUB_ID1": null, "SUB_TYPE2": null, "SUB_ID2": null, "CO_CODE": "163", "CO_NAME": "Washington", "STATE_CODE": "MN", "ZIP": "55001", "ZIP4": null, "LOC_NAME": null, "LOC_DESC": null, "LANDMARK": null, "RESIDENCE": "Yes", "MAILABLE": null, "STATUS": null, "PIN": "2202820110012", "LONGITUDE": null, "LATITUDE": null, "SOURCE": null, "AAUTHORITY": null, "EDIT_ORG": null, "UPDATEDATE": null, "COMMENTS": null, "EX_KEY": "6BAB0AD1-74EE-4930-B356-4051D56AA027", "RT_ST_EX_KEY": null, "created_user": "DDMATZE", "created_date": 1514381621000, "last_edited_user": "DDMATZE", "last_edited_date": 1557844308000, "ESN": "3", "PS_MUNICODE": "A", "SERV_AREA": null, "PS_STNAME": "31ST ST S", "CTU_NAME": "Afton", "CTU_ID_TXT": "02393887", "POSTCOMM": null, "PLACE_LOC": "3", "CEN_GEO": null, "UNI_WO_SUB": null, "USNG_CODE": null, "GIS911POC": null, "PSAP_CODE": "WASH", "MSAG_C": "Afton", "VERROR_911": null}}, {"type": "Feature", "id": 47246, "geometry": {"type": "Point", "coordinates": [-92.78443305297716, 44.902001612714024]}, "properties": {"OBJECTID": 47246, "ADD_ID_LOC": null, "ANUMBERPRE": null, "ANUMBER": 15872, "ANUMBERSUF": null, "ST_PRE_MOD": null, "ST_PRE_DIR": null, "ST_PRE_TYP": null, "ST_CONCAT": "32nd Street South", "ST_NAME": "32nd", "ST_POS_TYP": "Street", "ST_POS_DIR": "South", "ST_POS_MOD": null, "SUB_TYPE1": null, "SUB_ID1": null, "SUB_TYPE2": null, "SUB_ID2": null, "CO_CODE": "163", "CO_NAME": "Washington", "STATE_CODE": "MN", "ZIP": "55001", "ZIP4": null, "LOC_NAME": null, "LOC_DESC": null, "LANDMARK": null, "RESIDENCE": "Yes", "MAILABLE": null, "STATUS": null, "PIN": "2202820110029", "LONGITUDE": null, "LATITUDE": null, "SOURCE": null, "AAUTHORITY": null, "EDIT_ORG": null, "UPDATEDATE": null, "COMMENTS": null, "EX_KEY": "1CD198A7-3CB9-4165-9648-5C0FDDC6D104", "RT_ST_EX_KEY": null, "created_user": "DDMATZE", "created_date": 1514381621000, "last_edited_user": "DDMATZE", "last_edited_date": 1557844319000, "ESN": "3", "PS_MUNICODE": "A", "SERV_AREA": null, "PS_STNAME": "32ND ST S", "CTU_NAME": "Afton", "CTU_ID_TXT": "02393887", "POSTCOMM": null, "PLACE_LOC": "3", "CEN_GEO": null, "UNI_WO_SUB": null, "USNG_CODE": null, "GIS911POC": null, "PSAP_CODE": "WASH", "MSAG_C": "Afton", "VERROR_911": null}}, {"type": "Feature", "id": 47887, "geometry": {"type": "Point", "coordinates": [-92.783593967213, 44.89588492155865]}, "properties": {"OBJECTID": 47887, "ADD_ID_LOC": null, "ANUMBERPRE": null, "ANUMBER": 3632, "ANUMBERSUF": null, "ST_PRE_MOD": null, "ST_PRE_DIR": null, "ST_PRE_TYP": null, "ST_CONCAT": "Saint Croix Trail South", "ST_NAME": "Saint Croix", "ST_POS_TYP": "Trail", "ST_POS_DIR": "South", "ST_POS_MOD": null, "SUB_TYPE1": null, "SUB_ID1": null, "SUB_TYPE2": null, "SUB_ID2": null, "CO_CODE": "163", "CO_NAME": "Washington", "STATE_CODE": "MN", "ZIP": "55001", "ZIP4": null, "LOC_NAME": null, "LOC_DESC": null, "LANDMARK": null, "RESIDENCE": "Yes", "MAILABLE": null, "STATUS": null, "PIN": "2202820410056", "LONGITUDE": null, "LATITUDE": null, "SOURCE": null, "AAUTHORITY": null, "EDIT_ORG": null, "UPDATEDATE": null, "COMMENTS": null, "EX_KEY": "8C84B439-D6DC-475E-9F00-9D52BA41B286", "RT_ST_EX_KEY": null, "created_user": "DDMATZE", "created_date": 1514381621000, "last_edited_user": "DDMATZE", "last_edited_date": 1668790974000, "ESN": "3", "PS_MUNICODE": "A", "SERV_AREA": null, "PS_STNAME": "SAINT CROIX TRL S", "CTU_NAME": "Afton", "CTU_ID_TXT": "02393887", "POSTCOMM": null, "PLACE_LOC": "3", "CEN_GEO": null, "UNI_WO_SUB": null, "USNG_CODE": null, "GIS911POC": null, "PSAP_CODE": "WASH", "MSAG_C": "Afton", "VERROR_911": null}}, {"type": "Feature", "id": 48121, "geometry": {"type": "Point", "coordinates": [-92.78440350199759, 44.899905927435924]}, "properties": {"OBJECTID": 48121, "ADD_ID_LOC": null, "ANUMBERPRE": null, "ANUMBER": 15858, "ANUMBERSUF": null, "ST_PRE_MOD": null, "ST_PRE_DIR": null, "ST_PRE_TYP": null, "ST_CONCAT": "34th Street South", "ST_NAME": "34th", "ST_POS_TYP": "Street", "ST_POS_DIR": "South", "ST_POS_MOD": null, "SUB_TYPE1": null, "SUB_ID1": null, "SUB_TYPE2": null, "SUB_ID2": null, "CO_CODE": "163", "CO_NAME": "Washington", "STATE_CODE": "MN", "ZIP": "55001", "ZIP4": null, "LOC_NAME": null, "LOC_DESC": null, "LANDMARK": null, "RESIDENCE": "Yes", "MAILABLE": null, "STATUS": null, "PIN": "2202820140040", "LONGITUDE": null, "LATITUDE": null, "SOURCE": null, "AAUTHORITY": null, "EDIT_ORG": null, "UPDATEDATE": null, "COMMENTS": null, "EX_KEY": "3D935AFC-6F36-4A02-8628-43A7A99653D0", "RT_ST_EX_KEY": null, "created_user": "DDMATZE", "created_date": 1514381621000, "last_edited_user": "DDMATZE", "last_edited_date": 1557844325000, "ESN": "3", "PS_MUNICODE": "A", "SERV_AREA": null, "PS_STNAME": "34TH ST S", "CTU_NAME": "Afton", "CTU_ID_TXT": "02393887", "POSTCOMM": null, "PLACE_LOC": "3", "CEN_GEO": null, "UNI_WO_SUB": null, "USNG_CODE": null, "GIS911POC": null, "PSAP_CODE": "WASH", "MSAG_C": "Afton", "VERROR_911": null}}, {"type": "Feature", "id": 49283, "geometry": {"type": "Point", "coordinates": [-92.78496068115426, 44.8972754514319]}, "properties": {"OBJECTID": 49283, "ADD_ID_LOC": null, "ANUMBERPRE": null, "ANUMBER": 3520, "ANUMBERSUF": null, "ST_PRE_MOD": null, "ST_PRE_DIR": null, "ST_PRE_TYP": null, "ST_CONCAT": "Perrot Avenue South", "ST_NAME": "Perrot", "ST_POS_TYP": "Avenue", "ST_POS_DIR": "South", "ST_POS_MOD": null, "SUB_TYPE1": null, "SUB_ID1": null, "SUB_TYPE2": null, "SUB_ID2": null, "CO_CODE": "163", "CO_NAME": "Washington", "STATE_CODE": "MN", "ZIP": "55001", "ZIP4": null, "LOC_NAME": null, "LOC_DESC": null, "LANDMARK": null, "RESIDENCE": "Yes", "MAILABLE": null, "STATUS": null, "PIN": "2202820410040", "LONGITUDE": null, "LATITUDE": null, "SOURCE": null, "AAUTHORITY": null, "EDIT_ORG": null, "UPDATEDATE": null, "COMMENTS": null, "EX_KEY": "B32B3E03-DDF9-4260-8DB6-049292C3A8D5", "RT_ST_EX_KEY": null, "created_user": "DDMATZE", "created_date": 1514381621000, "last_edited_user": "DDMATZE", "last_edited_date": 1557844331000, "ESN": "3", "PS_MUNICODE": "A", "SERV_AREA": null, "PS_STNAME": "PERROT AVE S", "CTU_NAME": "Afton", "CTU_ID_TXT": "02393887", "POSTCOMM": null, "PLACE_LOC": "3", "CEN_GEO": null, "UNI_WO_SUB": null, "USNG_CODE": null, "GIS911POC": null, "PSAP_CODE": "WASH", "MSAG_C": "Afton", "VERROR_911": null}}, {"type": "Feature", "id": 50326, "geometry": {"type": "Point", "coordinates": [-92.78657224799417, 44.899002116482706]}, "properties": {"OBJECTID": 50326, "ADD_ID_LOC": null, "ANUMBERPRE": null, "ANUMBER": 3418, "ANUMBERSUF": null, "ST_PRE_MOD": null, "ST_PRE_DIR": null, "ST_PRE_TYP": null, "ST_CONCAT": "Pennington Avenue South", "ST_NAME": "Pennington", "ST_POS_TYP": "Avenue", "ST_POS_DIR": "South", "ST_POS_MOD": null, "SUB_TYPE1": null, "SUB_ID1": null, "SUB_TYPE2": null, "SUB_ID2": null, "CO_CODE": "163", "CO_NAME": "Washington", "STATE_CODE": "MN", "ZIP": "55001", "ZIP4": null, "LOC_NAME": null, "LOC_DESC": null, "LANDMARK": null, "RESIDENCE": "Yes", "MAILABLE": null, "STATUS": null, "PIN": "2202820140058", "LONGITUDE": null, "LATITUDE": null, "SOURCE": null, "AAUTHORITY": null, "EDIT_ORG": null, "UPDATEDATE": null, "COMMENTS": null, "EX_KEY": "EE7FDD4D-9BCC-4959-94B0-611C6C05AB8F", "RT_ST_EX_KEY": null, "created_user": "DDMATZE", "created_date": 1514381621000, "last_edited_user": "DDMATZE", "last_edited_date": 1557844337000, "ESN": "3", "PS_MUNICODE": "A", "SERV_AREA": null, "PS_STNAME": "PENNINGTON AVE S", "CTU_NAME": "Afton", "CTU_ID_TXT": "02393887", "POSTCOMM": null, "PLACE_LOC": "3", "CEN_GEO": null, "UNI_WO_SUB": null, "USNG_CODE": null, "GIS911POC": null, "PSAP_CODE": "WASH", "MSAG_C": "Afton", "VERROR_911": null}}, {"type": "Feature", "id": 50929, "geometry": {"type": "Point", "coordinates": [-92.78665469986252, 44.90142439138968]}, "properties": {"OBJECTID": 50929, "ADD_ID_LOC": null, "ANUMBERPRE": null, "ANUMBER": 3250, "ANUMBERSUF": null, "ST_PRE_MOD": null, "ST_PRE_DIR": null, "ST_PRE_TYP": null, "ST_CONCAT": "Pennington Avenue South", "ST_NAME": "Pennington", "ST_POS_TYP": "Avenue", "ST_POS_DIR": "South", "ST_POS_MOD": null, "SUB_TYPE1": null, "SUB_ID1": null, "SUB_TYPE2": null, "SUB_ID2": null, "CO_CODE": "163", "CO_NAME": "Washington", "STATE_CODE": "MN", "ZIP": "55001", "ZIP4": null, "LOC_NAME": null, "LOC_DESC": null, "LANDMARK": null, "RESIDENCE": "Yes", "MAILABLE": null, "STATUS": null, "PIN": "2202820130003", "LONGITUDE": null, "LATITUDE": null, "SOURCE": null, "AAUTHORITY": null, "EDIT_ORG": null, "UPDATEDATE": null, "COMMENTS": null, "EX_KEY": "31CD10FF-78FE-4944-8829-80926A43F9CA", "RT_ST_EX_KEY": null, "created_user": "DDMATZE", "created_date": 1514381621000, "last_edited_user": "DDMATZE", "last_edited_date": 1557844339000, "ESN": "3", "PS_MUNICODE": "A", "SERV_AREA": null, "PS_STNAME": "PENNINGTON AVE S", "CTU_NAME": "Afton", "CTU_ID_TXT": "02393887", "POSTCOMM": null, "PLACE_LOC": "3", "CEN_GEO": null, "UNI_WO_SUB": null, "USNG_CODE": null, "GIS911POC": null, "PSAP_CODE": "WASH", "MSAG_C": "Afton", "VERROR_911": null}}, {"type": "Feature", "id": 53524, "geometry": {"type": "Point", "coordinates": [-92.78284335562284, 44.898004720306844]}, "properties": {"OBJECTID": 53524, "ADD_ID_LOC": null, "ANUMBERPRE": null, "ANUMBER": 3491, "ANUMBERSUF": null, "ST_PRE_MOD": null, "ST_PRE_DIR": null, "ST_PRE_TYP": null, "ST_CONCAT": "Saint Croix Trail South", "ST_NAME": "Saint Croix", "ST_POS_TYP": "Trail", "ST_POS_DIR": "South", "ST_POS_MOD": null, "SUB_TYPE1": null, "SUB_ID1": null, "SUB_TYPE2": null, "SUB_ID2": null, "CO_CODE": "163", "CO_NAME": "Washington", "STATE_CODE": "MN", "ZIP": "55001", "ZIP4": null, "LOC_NAME": null, "LOC_DESC": null, "LANDMARK": null, "RESIDENCE": "Yes", "MAILABLE": null, "STATUS": null, "PIN": "2202820410016", "LONGITUDE": null, "LATITUDE": null, "SOURCE": null, "AAUTHORITY": null, "EDIT_ORG": null, "UPDATEDATE": null, "COMMENTS": null, "EX_KEY": "98A08C7B-2258-49F3-AD92-1EA941C70753", "RT_ST_EX_KEY": null, "created_user": "DDMATZE", "created_date": 1514381621000, "last_edited_user": "DDMATZE", "last_edited_date": 1557844354000, "ESN": "3", "PS_MUNICODE": "A", "SERV_AREA": null, "PS_STNAME": "SAINT CROIX TRL S", "CTU_NAME": "Afton", "CTU_ID_TXT": "02393887", "POSTCOMM": null, "PLACE_LOC": "3", "CEN_GEO": null, "UNI_WO_SUB": null, "USNG_CODE": null, "GIS911POC": null, "PSAP_CODE": "WASH", "MSAG_C": "Afton", "VERROR_911": null}}, {"type": "Feature", "id": 53662, "geometry": {"type": "Point", "coordinates": [-92.78436369225744, 44.89630995943353]}, "properties": {"OBJECTID": 53662, "ADD_ID_LOC": null, "ANUMBERPRE": null, "ANUMBER": 15875, "ANUMBERSUF": null, "ST_PRE_MOD": null, "ST_PRE_DIR": null, "ST_PRE_TYP": null, "ST_CONCAT": "36th Street South", "ST_NAME": "36th", "ST_POS_TYP": "Street", "ST_POS_DIR": "South", "ST_POS_MOD": null, "SUB_TYPE1": null, "SUB_ID1": null, "SUB_TYPE2": null, "SUB_ID2": null, "CO_CODE": "163", "CO_NAME": "Washington", "STATE_CODE": "MN", "ZIP": "55001", "ZIP4": null, "LOC_NAME": null, "LOC_DESC": null, "LANDMARK": null, "RESIDENCE": "Yes", "MAILABLE": null, "STATUS": null, "PIN": "2202820410028", "LONGITUDE": null, "LATITUDE": null, "SOURCE": null, "AAUTHORITY": null, "EDIT_ORG": null, "UPDATEDATE": null, "COMMENTS": null, "EX_KEY": "39A36587-6639-408C-891A-6DBDC57D8B8B", "RT_ST_EX_KEY": null, "created_user": "DDMATZE", "created_date": 1514381621000, "last_edited_user": "DDMATZE", "last_edited_date": 1557844354000, "ESN": "3", "PS_MUNICODE": "A", "SERV_AREA": null, "PS_STNAME": "36TH ST S", "CTU_NAME": "Afton", "CTU_ID_TXT": "02393887", "POSTCOMM": null, "PLACE_LOC": "3", "CEN_GEO": null, "UNI_WO_SUB": null, "USNG_CODE": null, "GIS911POC": null, "PSAP_CODE": "WASH", "MSAG_C": "Afton", "VERROR_911": null}}, {"type": "Feature", "id": 53750, "geometry": {"type": "Point", "coordinates": [-92.78286486937559, 44.899921577565394]}, "properties": {"OBJECTID": 53750, "ADD_ID_LOC": null, "ANUMBERPRE": null, "ANUMBER": 3395, "ANUMBERSUF": null, "ST_PRE_MOD": null, "ST_PRE_DIR": null, "ST_PRE_TYP": null, "ST_CONCAT": "Saint Croix Trail South", "ST_NAME": "Saint Croix", "ST_POS_TYP": "Trail", "ST_POS_DIR": "South", "ST_POS_MOD": null, "SUB_TYPE1": null, "SUB_ID1": null, "SUB_TYPE2": null, "SUB_ID2": null, "CO_CODE": "163", "CO_NAME": "Washington", "STATE_CODE": "MN", "ZIP": "55001", "ZIP4": null, "LOC_NAME": null, "LOC_DESC": null, "LANDMARK": null, "RESIDENCE": "Yes", "MAILABLE": null, "STATUS": null, "PIN": "2202820140066", "LONGITUDE": null, "LATITUDE": null, "SOURCE": null, "AAUTHORITY": null, "EDIT_ORG": null, "UPDATEDATE": null, "COMMENTS": null, "EX_KEY": "9B9A205A-53EE-48C9-90F8-5D28924D0FBC", "RT_ST_EX_KEY": null, "created_user": "DDMATZE", "created_date": 1514381621000, "last_edited_user": "DDMATZE", "last_edited_date": 1668790974000, "ESN": "3", "PS_MUNICODE": "A", "SERV_AREA": null, "PS_STNAME": "SAINT CROIX TRL S", "CTU_NAME": "Afton", "CTU_ID_TXT": "02393887", "POSTCOMM": null, "PLACE_LOC": "3", "CEN_GEO": null, "UNI_WO_SUB": null, "USNG_CODE": null, "GIS911POC": null, "PSAP_CODE": "WASH", "MSAG_C": "Afton", "VERROR_911": null}}, {"type": "Feature", "id": 54185, "geometry": {"type": "Point", "coordinates": [-92.78489226186893, 44.90200504995436]}, "properties": {"OBJECTID": 54185, "ADD_ID_LOC": null, "ANUMBERPRE": null, "ANUMBER": 3190, "ANUMBERSUF": null, "ST_PRE_MOD": null, "ST_PRE_DIR": null, "ST_PRE_TYP": null, "ST_CONCAT": "Perrot Avenue South", "ST_NAME": "Perrot", "ST_POS_TYP": "Avenue", "ST_POS_DIR": "South", "ST_POS_MOD": null, "SUB_TYPE1": null, "SUB_ID1": null, "SUB_TYPE2": null, "SUB_ID2": null, "CO_CODE": "163", "CO_NAME": "Washington", "STATE_CODE": "MN", "ZIP": "55001", "ZIP4": null, "LOC_NAME": null, "LOC_DESC": null, "LANDMARK": null, "RESIDENCE": "Yes", "MAILABLE": null, "STATUS": null, "PIN": "2202820110032", "LONGITUDE": null, "LATITUDE": null, "SOURCE": null, "AAUTHORITY": null, "EDIT_ORG": null, "UPDATEDATE": null, "COMMENTS": null, "EX_KEY": "A575324B-C710-4221-B49F-127A991BCDFC", "RT_ST_EX_KEY": null, "created_user": "DDMATZE", "created_date": 1514381621000, "last_edited_user": "DDMATZE", "last_edited_date": 1557844358000, "ESN": "3", "PS_MUNICODE": "A", "SERV_AREA": null, "PS_STNAME": "PERROT AVE S", "CTU_NAME": "Afton", "CTU_ID_TXT": "02393887", "POSTCOMM": null, "PLACE_LOC": "3", "CEN_GEO": null, "UNI_WO_SUB": null, "USNG_CODE": null, "GIS911POC": null, "PSAP_CODE": "WASH", "MSAG_C": "Afton", "VERROR_911": null}}, {"type": "Feature", "id": 54894, "geometry": {"type": "Point", "coordinates": [-92.78225192550103, 44.89777039280046]}, "properties": {"OBJECTID": 54894, "ADD_ID_LOC": null, "ANUMBERPRE": null, "ANUMBER": 15960, "ANUMBERSUF": null, "ST_PRE_MOD": null, "ST_PRE_DIR": null, "ST_PRE_TYP": null, "ST_CONCAT": "35th Street South", "ST_NAME": "35th", "ST_POS_TYP": "Street", "ST_POS_DIR": "South", "ST_POS_MOD": null, "SUB_TYPE1": null, "SUB_ID1": null, "SUB_TYPE2": null, "SUB_ID2": null, "CO_CODE": "163", "CO_NAME": "Washington", "STATE_CODE": "MN", "ZIP": "55001", "ZIP4": null, "LOC_NAME": null, "LOC_DESC": null, "LANDMARK": null, "RESIDENCE": "Yes", "MAILABLE": null, "STATUS": null, "PIN": "2202820410017", "LONGITUDE": null, "LATITUDE": null, "SOURCE": null, "AAUTHORITY": null, "EDIT_ORG": null, "UPDATEDATE": null, "COMMENTS": null, "EX_KEY": "766346AF-FD56-4B1E-8F43-BD0045B9629C", "RT_ST_EX_KEY": null, "created_user": "DDMATZE", "created_date": 1514381621000, "last_edited_user": "DDMATZE", "last_edited_date": 1557844360000, "ESN": "3", "PS_MUNICODE": "A", "SERV_AREA": null, "PS_STNAME": "35TH ST S", "CTU_NAME": "Afton", "CTU_ID_TXT": "02393887", "POSTCOMM": null, "PLACE_LOC": "3", "CEN_GEO": null, "UNI_WO_SUB": null, "USNG_CODE": null, "GIS911POC": null, "PSAP_CODE": "WASH", "MSAG_C": "Afton", "VERROR_911": null}}, {"type": "Feature", "id": 55364, "geometry": {"type": "Point", "coordinates": [-92.78583346182641, 44.90200940281623]}, "properties": {"OBJECTID": 55364, "ADD_ID_LOC": null, "ANUMBERPRE": null, "ANUMBER": 3193, "ANUMBERSUF": null, "ST_PRE_MOD": null, "ST_PRE_DIR": null, "ST_PRE_TYP": null, "ST_CONCAT": "Pennington Avenue South", "ST_NAME": "Pennington", "ST_POS_TYP": "Avenue", "ST_POS_DIR": "South", "ST_POS_MOD": null, "SUB_TYPE1": null, "SUB_ID1": null, "SUB_TYPE2": null, "SUB_ID2": null, "CO_CODE": "163", "CO_NAME": "Washington", "STATE_CODE": "MN", "ZIP": "55001", "ZIP4": null, "LOC_NAME": null, "LOC_DESC": null, "LANDMARK": null, "RESIDENCE": "Yes", "MAILABLE": null, "STATUS": null, "PIN": "2202820110031", "LONGITUDE": null, "LATITUDE": null, "SOURCE": null, "AAUTHORITY": null, "EDIT_ORG": null, "UPDATEDATE": null, "COMMENTS": null, "EX_KEY": "F2BC4E50-0AA1-4A00-9F9C-87F77980E6D9", "RT_ST_EX_KEY": null, "created_user": "DDMATZE", "created_date": 1514381621000, "last_edited_user": "DDMATZE", "last_edited_date": 1557844364000, "ESN": "3", "PS_MUNICODE": "A", "SERV_AREA": null, "PS_STNAME": "PENNINGTON AVE S", "CTU_NAME": "Afton", "CTU_ID_TXT": "02393887", "POSTCOMM": null, "PLACE_LOC": "3", "CEN_GEO": null, "UNI_WO_SUB": null, "USNG_CODE": null, "GIS911POC": null, "PSAP_CODE": "WASH", "MSAG_C": "Afton", "VERROR_911": null}}, {"type": "Feature", "id": 57456, "geometry": {"type": "Point", "coordinates": [-92.78281650408067, 44.897298989741884]}, "properties": {"OBJECTID": 57456, "ADD_ID_LOC": null, "ANUMBERPRE": null, "ANUMBER": 15945, "ANUMBERSUF": null, "ST_PRE_MOD": null, "ST_PRE_DIR": null, "ST_PRE_TYP": null, "ST_CONCAT": "35th Street South", "ST_NAME": "35th", "ST_POS_TYP": "Street", "ST_POS_DIR": "South", "ST_POS_MOD": null, "SUB_TYPE1": null, "SUB_ID1": null, "SUB_TYPE2": null, "SUB_ID2": null, "CO_CODE": "163", "CO_NAME": "Washington", "STATE_CODE": "MN", "ZIP": "55001", "ZIP4": null, "LOC_NAME": null, "LOC_DESC": null, "LANDMARK": null, "RESIDENCE": "Yes", "MAILABLE": null, "STATUS": null, "PIN": "2202820410009", "LONGITUDE": null, "LATITUDE": null, "SOURCE": null, "AAUTHORITY": null, "EDIT_ORG": null, "UPDATEDATE": null, "COMMENTS": null, "EX_KEY": "8E6FA148-99E4-4178-A3C1-4AB93815E5BA", "RT_ST_EX_KEY": null, "created_user": "DDMATZE", "created_date": 1514381621000, "last_edited_user": "DDMATZE", "last_edited_date": 1557844374000, "ESN": "3", "PS_MUNICODE": "A", "SERV_AREA": null, "PS_STNAME": "35TH ST S", "CTU_NAME": "Afton", "CTU_ID_TXT": "02393887", "POSTCOMM": null, "PLACE_LOC": "3", "CEN_GEO": null, "UNI_WO_SUB": null, "USNG_CODE": null, "GIS911POC": null, "PSAP_CODE": "WASH", "MSAG_C": "Afton", "VERROR_911": null}}, {"type": "Feature", "id": 59635, "geometry": {"type": "Point", "coordinates": [-92.78267365757745, 44.904628072748196]}, "properties": {"OBJECTID": 59635, "ADD_ID_LOC": null, "ANUMBERPRE": null, "ANUMBER": 3055, "ANUMBERSUF": null, "ST_PRE_MOD": null, "ST_PRE_DIR": null, "ST_PRE_TYP": null, "ST_CONCAT": "Saint Croix Trail South", "ST_NAME": "Saint Croix", "ST_POS_TYP": "Trail", "ST_POS_DIR": "South", "ST_POS_MOD": null, "SUB_TYPE1": null, "SUB_ID1": null, "SUB_TYPE2": null, "SUB_ID2": null, "CO_CODE": "163", "CO_NAME": "Washington", "STATE_CODE": "MN", "ZIP": "55001", "ZIP4": null, "LOC_NAME": null, "LOC_DESC": null, "LANDMARK": null, "RESIDENCE": "Yes", "MAILABLE": null, "STATUS": null, "PIN": "2202820110015", "LONGITUDE": null, "LATITUDE": null, "SOURCE": null, "AAUTHORITY": null, "EDIT_ORG": null, "UPDATEDATE": null, "COMMENTS": null, "EX_KEY": "7A06501D-2623-4949-880C-75DFE80D2C29", "RT_ST_EX_KEY": null, "created_user": "DDMATZE", "created_date": 1514381621000, "last_edited_user": "DDMATZE", "last_edited_date": 1557844386000, "ESN": "3", "PS_MUNICODE": "A", "SERV_AREA": null, "PS_STNAME": "SAINT CROIX TRL S", "CTU_NAME": "Afton", "CTU_ID_TXT": "02393887", "POSTCOMM": null, "PLACE_LOC": "3", "CEN_GEO": null, "UNI_WO_SUB": null, "USNG_CODE": null, "GIS911POC": null, "PSAP_CODE": "WASH", "MSAG_C": "Afton", "VERROR_911": null}}, {"type": "Feature", "id": 60528, "geometry": {"type": "Point", "coordinates": [-92.78820076873845, 44.89820547715432]}, "properties": {"OBJECTID": 60528, "ADD_ID_LOC": null, "ANUMBERPRE": null, "ANUMBER": 3, "ANUMBERSUF": null, "ST_PRE_MOD": null, "ST_PRE_DIR": null, "ST_PRE_TYP": null, "ST_CONCAT": "Coulee Ridge Road South", "ST_NAME": "Coulee Ridge", "ST_POS_TYP": "Road", "ST_POS_DIR": "South", "ST_POS_MOD": null, "SUB_TYPE1": null, "SUB_ID1": null, "SUB_TYPE2": null, "SUB_ID2": null, "CO_CODE": "163", "CO_NAME": "Washington", "STATE_CODE": "MN", "ZIP": "55001", "ZIP4": null, "LOC_NAME": null, "LOC_DESC": null, "LANDMARK": null, "RESIDENCE": "Yes", "MAILABLE": null, "STATUS": null, "PIN": "2202820130022", "LONGITUDE": null, "LATITUDE": null, "SOURCE": null, "AAUTHORITY": null, "EDIT_ORG": null, "UPDATEDATE": null, "COMMENTS": null, "EX_KEY": "49A04C2E-90EB-4E0B-AE06-9149CE703407", "RT_ST_EX_KEY": null, "created_user": "DDMATZE", "created_date": 1514381621000, "last_edited_user": "DDMATZE", "last_edited_date": 1557844391000, "ESN": "3", "PS_MUNICODE": "A", "SERV_AREA": null, "PS_STNAME": "COULEE RIDGE RD S", "CTU_NAME": "Afton", "CTU_ID_TXT": "02393887", "POSTCOMM": null, "PLACE_LOC": "3", "CEN_GEO": null, "UNI_WO_SUB": null, "USNG_CODE": null, "GIS911POC": null, "PSAP_CODE": "WASH", "MSAG_C": "Afton", "VERROR_911": null}}, {"type": "Feature", "id": 63180, "geometry": {"type": "Point", "coordinates": [-92.78499974888595, 44.90238897224849]}, "properties": {"OBJECTID": 63180, "ADD_ID_LOC": null, "ANUMBERPRE": null, "ANUMBER": 3160, "ANUMBERSUF": null, "ST_PRE_MOD": null, "ST_PRE_DIR": null, "ST_PRE_TYP": null, "ST_CONCAT": "Perrot Avenue South", "ST_NAME": "Perrot", "ST_POS_TYP": "Avenue", "ST_POS_DIR": "South", "ST_POS_MOD": null, "SUB_TYPE1": null, "SUB_ID1": null, "SUB_TYPE2": null, "SUB_ID2": null, "CO_CODE": "163", "CO_NAME": "Washington", "STATE_CODE": "MN", "ZIP": "55001", "ZIP4": null, "LOC_NAME": null, "LOC_DESC": null, "LANDMARK": null, "RESIDENCE": "Yes", "MAILABLE": null, "STATUS": null, "PIN": "2202820110036", "LONGITUDE": null, "LATITUDE": null, "SOURCE": null, "AAUTHORITY": null, "EDIT_ORG": null, "UPDATEDATE": null, "COMMENTS": null, "EX_KEY": "8C2476EB-2EDB-42F4-BEA9-4ABFB96C30FE", "RT_ST_EX_KEY": null, "created_user": "DDMATZE", "created_date": 1514381621000, "last_edited_user": "DDMATZE", "last_edited_date": 1557844407000, "ESN": "3", "PS_MUNICODE": "A", "SERV_AREA": null, "PS_STNAME": "PERROT AVE S", "CTU_NAME": "Afton", "CTU_ID_TXT": "02393887", "POSTCOMM": null, "PLACE_LOC": "3", "CEN_GEO": null, "UNI_WO_SUB": null, "USNG_CODE": null, "GIS911POC": null, "PSAP_CODE": "WASH", "MSAG_C": "Afton", "VERROR_911": null}}, {"type": "Feature", "id": 63861, "geometry": {"type": "Point", "coordinates": [-92.78661369985464, 44.90055503676236]}, "properties": {"OBJECTID": 63861, "ADD_ID_LOC": null, "ANUMBERPRE": null, "ANUMBER": 3322, "ANUMBERSUF": null, "ST_PRE_MOD": null, "ST_PRE_DIR": null, "ST_PRE_TYP": null, "ST_CONCAT": "Pennington Avenue South", "ST_NAME": "Pennington", "ST_POS_TYP": "Avenue", "ST_POS_DIR": "South", "ST_POS_MOD": null, "SUB_TYPE1": null, "SUB_ID1": null, "SUB_TYPE2": null, "SUB_ID2": null, "CO_CODE": "163", "CO_NAME": "Washington", "STATE_CODE": "MN", "ZIP": "55001", "ZIP4": null, "LOC_NAME": null, "LOC_DESC": null, "LANDMARK": null, "RESIDENCE": "Yes", "MAILABLE": null, "STATUS": null, "PIN": "2202820140055", "LONGITUDE": null, "LATITUDE": null, "SOURCE": null, "AAUTHORITY": null, "EDIT_ORG": null, "UPDATEDATE": null, "COMMENTS": null, "EX_KEY": "F0A24F4B-8330-4F03-8138-9925521E667F", "RT_ST_EX_KEY": null, "created_user": "DDMATZE", "created_date": 1514381621000, "last_edited_user": "DDMATZE", "last_edited_date": 1557844409000, "ESN": "3", "PS_MUNICODE": "A", "SERV_AREA": null, "PS_STNAME": "PENNINGTON AVE S", "CTU_NAME": "Afton", "CTU_ID_TXT": "02393887", "POSTCOMM": null, "PLACE_LOC": "3", "CEN_GEO": null, "UNI_WO_SUB": null, "USNG_CODE": null, "GIS911POC": null, "PSAP_CODE": "WASH", "MSAG_C": "Afton", "VERROR_911": null}}, {"type": "Feature", "id": 65387, "geometry": {"type": "Point", "coordinates": [-92.78715131190778, 44.89968628812525]}, "properties": {"OBJECTID": 65387, "ADD_ID_LOC": null, "ANUMBERPRE": null, "ANUMBER": 15740, "ANUMBERSUF": null, "ST_PRE_MOD": null, "ST_PRE_DIR": null, "ST_PRE_TYP": null, "ST_CONCAT": "Upper 34th Street South", "ST_NAME": "Upper 34th", "ST_POS_TYP": "Street", "ST_POS_DIR": "South", "ST_POS_MOD": null, "SUB_TYPE1": null, "SUB_ID1": null, "SUB_TYPE2": null, "SUB_ID2": null, "CO_CODE": "163", "CO_NAME": "Washington", "STATE_CODE": "MN", "ZIP": "55001", "ZIP4": null, "LOC_NAME": null, "LOC_DESC": null, "LANDMARK": null, "RESIDENCE": "Yes", "MAILABLE": null, "STATUS": null, "PIN": "2202820130015", "LONGITUDE": null, "LATITUDE": null, "SOURCE": null, "AAUTHORITY": null, "EDIT_ORG": null, "UPDATEDATE": null, "COMMENTS": null, "EX_KEY": "BEFF98CE-8354-4338-8D70-F3DC0184A143", "RT_ST_EX_KEY": null, "created_user": "DDMATZE", "created_date": 1514381621000, "last_edited_user": "DDMATZE", "last_edited_date": 1557844418000, "ESN": "3", "PS_MUNICODE": "A", "SERV_AREA": null, "PS_STNAME": "UPPER 34TH ST S", "CTU_NAME": "Afton", "CTU_ID_TXT": "02393887", "POSTCOMM": null, "PLACE_LOC": "3", "CEN_GEO": null, "UNI_WO_SUB": null, "USNG_CODE": null, "GIS911POC": null, "PSAP_CODE": "WASH", "MSAG_C": "Afton", "VERROR_911": null}}, {"type": "Feature", "id": 66808, "geometry": {"type": "Point", "coordinates": [-92.78376873534984, 44.89727966147476]}, "properties": {"OBJECTID": 66808, "ADD_ID_LOC": null, "ANUMBERPRE": null, "ANUMBER": 15895, "ANUMBERSUF": null, "ST_PRE_MOD": null, "ST_PRE_DIR": null, "ST_PRE_TYP": null, "ST_CONCAT": "35th Street South", "ST_NAME": "35th", "ST_POS_TYP": "Street", "ST_POS_DIR": "South", "ST_POS_MOD": null, "SUB_TYPE1": null, "SUB_ID1": null, "SUB_TYPE2": null, "SUB_ID2": null, "CO_CODE": "163", "CO_NAME": "Washington", "STATE_CODE": "MN", "ZIP": "55001", "ZIP4": null, "LOC_NAME": null, "LOC_DESC": null, "LANDMARK": null, "RESIDENCE": "Yes", "MAILABLE": null, "STATUS": null, "PIN": "2202820410021", "LONGITUDE": null, "LATITUDE": null, "SOURCE": null, "AAUTHORITY": null, "EDIT_ORG": null, "UPDATEDATE": null, "COMMENTS": null, "EX_KEY": "E0AA4E49-4113-468E-88E7-AB919AF6556C", "RT_ST_EX_KEY": null, "created_user": "DDMATZE", "created_date": 1514381621000, "last_edited_user": "DDMATZE", "last_edited_date": 1557844425000, "ESN": "3", "PS_MUNICODE": "A", "SERV_AREA": null, "PS_STNAME": "35TH ST S", "CTU_NAME": "Afton", "CTU_ID_TXT": "02393887", "POSTCOMM": null, "PLACE_LOC": "3", "CEN_GEO": null, "UNI_WO_SUB": null, "USNG_CODE": null, "GIS911POC": null, "PSAP_CODE": "WASH", "MSAG_C": "Afton", "VERROR_911": null}}, {"type": "Feature", "id": 67117, "geometry": {"type": "Point", "coordinates": [-92.78746681640524, 44.901736140313716]}, "properties": {"OBJECTID": 67117, "ADD_ID_LOC": null, "ANUMBERPRE": null, "ANUMBER": 15721, "ANUMBERSUF": null, "ST_PRE_MOD": null, "ST_PRE_DIR": null, "ST_PRE_TYP": null, "ST_CONCAT": "Afton Boulevard South", "ST_NAME": "Afton", "ST_POS_TYP": "Boulevard", "ST_POS_DIR": "South", "ST_POS_MOD": null, "SUB_TYPE1": null, "SUB_ID1": null, "SUB_TYPE2": null, "SUB_ID2": null, "CO_CODE": "163", "CO_NAME": "Washington", "STATE_CODE": "MN", "ZIP": "55001", "ZIP4": null, "LOC_NAME": null, "LOC_DESC": null, "LANDMARK": null, "RESIDENCE": "Yes", "MAILABLE": null, "STATUS": null, "PIN": "2202820120036", "LONGITUDE": null, "LATITUDE": null, "SOURCE": null, "AAUTHORITY": null, "EDIT_ORG": null, "UPDATEDATE": null, "COMMENTS": null, "EX_KEY": "152640C6-185C-46CC-939E-AEE85254C4DC", "RT_ST_EX_KEY": null, "created_user": "DDMATZE", "created_date": 1514381621000, "last_edited_user": "DDMATZE", "last_edited_date": 1557844428000, "ESN": "3", "PS_MUNICODE": "A", "SERV_AREA": null, "PS_STNAME": "AFTON BLVD S", "CTU_NAME": "Afton", "CTU_ID_TXT": "02393887", "POSTCOMM": null, "PLACE_LOC": "3", "CEN_GEO": null, "UNI_WO_SUB": null, "USNG_CODE": null, "GIS911POC": null, "PSAP_CODE": "WASH", "MSAG_C": "Afton", "VERROR_911": null}}, {"type": "Feature", "id": 67291, "geometry": {"type": "Point", "coordinates": [-92.78351345121408, 44.89638327620039]}, "properties": {"OBJECTID": 67291, "ADD_ID_LOC": null, "ANUMBERPRE": null, "ANUMBER": 3602, "ANUMBERSUF": null, "ST_PRE_MOD": null, "ST_PRE_DIR": null, "ST_PRE_TYP": null, "ST_CONCAT": "Saint Croix Trail South", "ST_NAME": "Saint Croix", "ST_POS_TYP": "Trail", "ST_POS_DIR": "South", "ST_POS_MOD": null, "SUB_TYPE1": null, "SUB_ID1": null, "SUB_TYPE2": null, "SUB_ID2": null, "CO_CODE": "163", "CO_NAME": "Washington", "STATE_CODE": "MN", "ZIP": "55001", "ZIP4": null, "LOC_NAME": null, "LOC_DESC": null, "LANDMARK": null, "RESIDENCE": "Yes", "MAILABLE": null, "STATUS": null, "PIN": "2202820410029", "LONGITUDE": null, "LATITUDE": null, "SOURCE": null, "AAUTHORITY": null, "EDIT_ORG": null, "UPDATEDATE": null, "COMMENTS": null, "EX_KEY": "9CC10A42-D788-4FF9-B889-583BFC2F613E", "RT_ST_EX_KEY": null, "created_user": "DDMATZE", "created_date": 1514381621000, "last_edited_user": "DDMATZE", "last_edited_date": 1557844429000, "ESN": "3", "PS_MUNICODE": "A", "SERV_AREA": null, "PS_STNAME": "SAINT CROIX TRL S", "CTU_NAME": "Afton", "CTU_ID_TXT": "02393887", "POSTCOMM": null, "PLACE_LOC": "3", "CEN_GEO": null, "UNI_WO_SUB": null, "USNG_CODE": null, "GIS911POC": null, "PSAP_CODE": "WASH", "MSAG_C": "Afton", "VERROR_911": null}}, {"type": "Feature", "id": 67935, "geometry": {"type": "Point", "coordinates": [-92.78760383913048, 44.8961872920149]}, "properties": {"OBJECTID": 67935, "ADD_ID_LOC": null, "ANUMBERPRE": null, "ANUMBER": 15674, "ANUMBERSUF": null, "ST_PRE_MOD": null, "ST_PRE_DIR": null, "ST_PRE_TYP": null, "ST_CONCAT": "37th Street South", "ST_NAME": "37th", "ST_POS_TYP": "Street", "ST_POS_DIR": "South", "ST_POS_MOD": null, "SUB_TYPE1": null, "SUB_ID1": null, "SUB_TYPE2": null, "SUB_ID2": null, "CO_CODE": "163", "CO_NAME": "Washington", "STATE_CODE": "MN", "ZIP": "55001", "ZIP4": null, "LOC_NAME": null, "LOC_DESC": null, "LANDMARK": null, "RESIDENCE": "Yes", "MAILABLE": null, "STATUS": null, "PIN": "2202820420003", "LONGITUDE": null, "LATITUDE": null, "SOURCE": null, "AAUTHORITY": null, "EDIT_ORG": null, "UPDATEDATE": null, "COMMENTS": null, "EX_KEY": "847D81E7-BE0A-417F-9C7E-3CB6C3F5D1E3", "RT_ST_EX_KEY": null, "created_user": "DDMATZE", "created_date": 1514381621000, "last_edited_user": "DDMATZE", "last_edited_date": 1557844431000, "ESN": "3", "PS_MUNICODE": "A", "SERV_AREA": null, "PS_STNAME": "37TH ST S", "CTU_NAME": "Afton", "CTU_ID_TXT": "02393887", "POSTCOMM": null, "PLACE_LOC": "3", "CEN_GEO": null, "UNI_WO_SUB": null, "USNG_CODE": null, "GIS911POC": null, "PSAP_CODE": "WASH", "MSAG_C": "Afton", "VERROR_911": null}}, {"type": "Feature", "id": 68383, "geometry": {"type": "Point", "coordinates": [-92.78429481572968, 44.89841947151157]}, "properties": {"OBJECTID": 68383, "ADD_ID_LOC": null, "ANUMBERPRE": null, "ANUMBER": 15859, "ANUMBERSUF": null, "ST_PRE_MOD": null, "ST_PRE_DIR": null, "ST_PRE_TYP": null, "ST_CONCAT": "Upper 34th Street South", "ST_NAME": "Upper 34th", "ST_POS_TYP": "Street", "ST_POS_DIR": "South", "ST_POS_MOD": null, "SUB_TYPE1": null, "SUB_ID1": null, "SUB_TYPE2": null, "SUB_ID2": null, "CO_CODE": "163", "CO_NAME": "Washington", "STATE_CODE": "MN", "ZIP": "55001", "ZIP4": null, "LOC_NAME": null, "LOC_DESC": null, "LANDMARK": null, "RESIDENCE": "Yes", "MAILABLE": null, "STATUS": null, "PIN": "2202820140043", "LONGITUDE": null, "LATITUDE": null, "SOURCE": null, "AAUTHORITY": null, "EDIT_ORG": null, "UPDATEDATE": null, "COMMENTS": null, "EX_KEY": "0FD7490E-D88A-463B-B4E7-D39758CFB5B1", "RT_ST_EX_KEY": null, "created_user": "DDMATZE", "created_date": 1514381621000, "last_edited_user": "DDMATZE", "last_edited_date": 1557844434000, "ESN": "3", "PS_MUNICODE": "A", "SERV_AREA": null, "PS_STNAME": "UPPER 34TH ST S", "CTU_NAME": "Afton", "CTU_ID_TXT": "02393887", "POSTCOMM": null, "PLACE_LOC": "3", "CEN_GEO": null, "UNI_WO_SUB": null, "USNG_CODE": null, "GIS911POC": null, "PSAP_CODE": "WASH", "MSAG_C": "Afton", "VERROR_911": null}}, {"type": "Feature", "id": 68622, "geometry": {"type": "Point", "coordinates": [-92.78714322707022, 44.902725733296506]}, "properties": {"OBJECTID": 68622, "ADD_ID_LOC": null, "ANUMBERPRE": null, "ANUMBER": 15737, "ANUMBERSUF": null, "ST_PRE_MOD": null, "ST_PRE_DIR": null, "ST_PRE_TYP": null, "ST_CONCAT": "Afton Boulevard South", "ST_NAME": "Afton", "ST_POS_TYP": "Boulevard", "ST_POS_DIR": "South", "ST_POS_MOD": null, "SUB_TYPE1": null, "SUB_ID1": null, "SUB_TYPE2": null, "SUB_ID2": null, "CO_CODE": "163", "CO_NAME": "Washington", "STATE_CODE": "MN", "ZIP": "55001", "ZIP4": null, "LOC_NAME": null, "LOC_DESC": null, "LANDMARK": null, "RESIDENCE": "Yes", "MAILABLE": null, "STATUS": null, "PIN": "2202820120028", "LONGITUDE": null, "LATITUDE": null, "SOURCE": null, "AAUTHORITY": null, "EDIT_ORG": null, "UPDATEDATE": null, "COMMENTS": null, "EX_KEY": "4DA04D5F-1373-4213-AC90-934E58327F1F", "RT_ST_EX_KEY": null, "created_user": "DDMATZE", "created_date": 1514381621000, "last_edited_user": "DDMATZE", "last_edited_date": 1557844435000, "ESN": "3", "PS_MUNICODE": "A", "SERV_AREA": null, "PS_STNAME": "AFTON BLVD S", "CTU_NAME": "Afton", "CTU_ID_TXT": "02393887", "POSTCOMM": null, "PLACE_LOC": "3", "CEN_GEO": null, "UNI_WO_SUB": null, "USNG_CODE": null, "GIS911POC": null, "PSAP_CODE": "WASH", "MSAG_C": "Afton", "VERROR_911": null}}, {"type": "Feature", "id": 70782, "geometry": {"type": "Point", "coordinates": [-92.78288878163012, 44.90304873984445]}, "properties": {"OBJECTID": 70782, "ADD_ID_LOC": null, "ANUMBERPRE": null, "ANUMBER": 15904, "ANUMBERSUF": null, "ST_PRE_MOD": null, "ST_PRE_DIR": null, "ST_PRE_TYP": null, "ST_CONCAT": "Afton Boulevard South", "ST_NAME": "Afton", "ST_POS_TYP": "Boulevard", "ST_POS_DIR": "South", "ST_POS_MOD": null, "SUB_TYPE1": null, "SUB_ID1": null, "SUB_TYPE2": null, "SUB_ID2": null, "CO_CODE": "163", "CO_NAME": "Washington", "STATE_CODE": "MN", "ZIP": "55001", "ZIP4": null, "LOC_NAME": null, "LOC_DESC": null, "LANDMARK": null, "RESIDENCE": "Yes", "MAILABLE": null, "STATUS": null, "PIN": "2202820110009", "LONGITUDE": null, "LATITUDE": null, "SOURCE": null, "AAUTHORITY": null, "EDIT_ORG": null, "UPDATEDATE": null, "COMMENTS": null, "EX_KEY": "6B51B771-B828-4A70-A081-1D53B2EA3E2E", "RT_ST_EX_KEY": null, "created_user": "DDMATZE", "created_date": 1514381621000, "last_edited_user": "DDMATZE", "last_edited_date": 1557844447000, "ESN": "3", "PS_MUNICODE": "A", "SERV_AREA": null, "PS_STNAME": "AFTON BLVD S", "CTU_NAME": "Afton", "CTU_ID_TXT": "02393887", "POSTCOMM": null, "PLACE_LOC": "3", "CEN_GEO": null, "UNI_WO_SUB": null, "USNG_CODE": null, "GIS911POC": null, "PSAP_CODE": "WASH", "MSAG_C": "Afton", "VERROR_911": null}}, {"type": "Feature", "id": 71344, "geometry": {"type": "Point", "coordinates": [-92.78449531880277, 44.894744843005924]}, "properties": {"OBJECTID": 71344, "ADD_ID_LOC": null, "ANUMBERPRE": null, "ANUMBER": 3710, "ANUMBERSUF": null, "ST_PRE_MOD": null, "ST_PRE_DIR": null, "ST_PRE_TYP": null, "ST_CONCAT": "Saint Croix Trail South", "ST_NAME": "Saint Croix", "ST_POS_TYP": "Trail", "ST_POS_DIR": "South", "ST_POS_MOD": null, "SUB_TYPE1": null, "SUB_ID1": null, "SUB_TYPE2": null, "SUB_ID2": null, "CO_CODE": "163", "CO_NAME": "Washington", "STATE_CODE": "MN", "ZIP": "55001", "ZIP4": null, "LOC_NAME": null, "LOC_DESC": null, "LANDMARK": null, "RESIDENCE": "Yes", "MAILABLE": null, "STATUS": null, "PIN": "2202820410031", "LONGITUDE": null, "LATITUDE": null, "SOURCE": null, "AAUTHORITY": null, "EDIT_ORG": null, "UPDATEDATE": null, "COMMENTS": null, "EX_KEY": "185F7015-A4C0-412F-BF32-EDDA55B48C61", "RT_ST_EX_KEY": null, "created_user": "DDMATZE", "created_date": 1514381621000, "last_edited_user": "DDMATZE", "last_edited_date": 1557844451000, "ESN": "3", "PS_MUNICODE": "A", "SERV_AREA": null, "PS_STNAME": "SAINT CROIX TRL S", "CTU_NAME": "Afton", "CTU_ID_TXT": "02393887", "POSTCOMM": null, "PLACE_LOC": "3", "CEN_GEO": null, "UNI_WO_SUB": null, "USNG_CODE": null, "GIS911POC": null, "PSAP_CODE": "WASH", "MSAG_C": "Afton", "VERROR_911": null}}, {"type": "Feature", "id": 72070, "geometry": {"type": "Point", "coordinates": [-92.78408896498568, 44.89987685426272]}, "properties": {"OBJECTID": 72070, "ADD_ID_LOC": null, "ANUMBERPRE": null, "ANUMBER": 15888, "ANUMBERSUF": null, "ST_PRE_MOD": null, "ST_PRE_DIR": null, "ST_PRE_TYP": null, "ST_CONCAT": "34th Street South", "ST_NAME": "34th", "ST_POS_TYP": "Street", "ST_POS_DIR": "South", "ST_POS_MOD": null, "SUB_TYPE1": null, "SUB_ID1": null, "SUB_TYPE2": null, "SUB_ID2": null, "CO_CODE": "163", "CO_NAME": "Washington", "STATE_CODE": "MN", "ZIP": "55001", "ZIP4": null, "LOC_NAME": null, "LOC_DESC": null, "LANDMARK": null, "RESIDENCE": "Yes", "MAILABLE": null, "STATUS": null, "PIN": "2202820140038", "LONGITUDE": null, "LATITUDE": null, "SOURCE": null, "AAUTHORITY": null, "EDIT_ORG": null, "UPDATEDATE": null, "COMMENTS": null, "EX_KEY": "20BEFE14-8D0A-456B-B207-67DA3CF168A4", "RT_ST_EX_KEY": null, "created_user": "DDMATZE", "created_date": 1514381621000, "last_edited_user": "DDMATZE", "last_edited_date": 1557844455000, "ESN": "3", "PS_MUNICODE": "A", "SERV_AREA": null, "PS_STNAME": "34TH ST S", "CTU_NAME": "Afton", "CTU_ID_TXT": "02393887", "POSTCOMM": null, "PLACE_LOC": "3", "CEN_GEO": null, "UNI_WO_SUB": null, "USNG_CODE": null, "GIS911POC": null, "PSAP_CODE": "WASH", "MSAG_C": "Afton", "VERROR_911": null}}, {"type": "Feature", "id": 72267, "geometry": {"type": "Point", "coordinates": [-92.78099531716582, 44.903666681548266]}, "properties": {"OBJECTID": 72267, "ADD_ID_LOC": null, "ANUMBERPRE": null, "ANUMBER": 16053, "ANUMBERSUF": null, "ST_PRE_MOD": null, "ST_PRE_DIR": null, "ST_PRE_TYP": null, "ST_CONCAT": "31st Street South", "ST_NAME": "31st", "ST_POS_TYP": "Street", "ST_POS_DIR": "South", "ST_POS_MOD": null, "SUB_TYPE1": null, "SUB_ID1": null, "SUB_TYPE2": null, "SUB_ID2": null, "CO_CODE": "163", "CO_NAME": "Washington", "STATE_CODE": "MN", "ZIP": "55001", "ZIP4": null, "LOC_NAME": null, "LOC_DESC": null, "LANDMARK": null, "RESIDENCE": "Yes", "MAILABLE": null, "STATUS": null, "PIN": "2302820220004", "LONGITUDE": null, "LATITUDE": null, "SOURCE": null, "AAUTHORITY": null, "EDIT_ORG": null, "UPDATEDATE": null, "COMMENTS": null, "EX_KEY": "7F7361E9-F622-4379-89E3-749CC95BAF5E", "RT_ST_EX_KEY": null, "created_user": "DDMATZE", "created_date": 1514381621000, "last_edited_user": "DDMATZE", "last_edited_date": 1662491669000, "ESN": "3", "PS_MUNICODE": "A", "SERV_AREA": null, "PS_STNAME": "31ST ST S", "CTU_NAME": "Afton", "CTU_ID_TXT": "02393887", "POSTCOMM": null, "PLACE_LOC": "3", "CEN_GEO": null, "UNI_WO_SUB": null, "USNG_CODE": null, "GIS911POC": null, "PSAP_CODE": "WASH", "MSAG_C": "Afton", "VERROR_911": null}}, {"type": "Feature", "id": 73153, "geometry": {"type": "Point", "coordinates": [-92.78550025602628, 44.89527046240424]}, "properties": {"OBJECTID": 73153, "ADD_ID_LOC": null, "ANUMBERPRE": null, "ANUMBER": 15825, "ANUMBERSUF": null, "ST_PRE_MOD": null, "ST_PRE_DIR": null, "ST_PRE_TYP": null, "ST_CONCAT": "37th Street South", "ST_NAME": "37th", "ST_POS_TYP": "Street", "ST_POS_DIR": "South", "ST_POS_MOD": null, "SUB_TYPE1": null, "SUB_ID1": null, "SUB_TYPE2": null, "SUB_ID2": null, "CO_CODE": "163", "CO_NAME": "Washington", "STATE_CODE": "MN", "ZIP": "55001", "ZIP4": null, "LOC_NAME": null, "LOC_DESC": null, "LANDMARK": null, "RESIDENCE": "Yes", "MAILABLE": null, "STATUS": null, "PIN": "2202820410032", "LONGITUDE": null, "LATITUDE": null, "SOURCE": null, "AAUTHORITY": null, "EDIT_ORG": null, "UPDATEDATE": null, "COMMENTS": null, "EX_KEY": "94D2F2C2-C677-40F9-8239-329F03DB43BA", "RT_ST_EX_KEY": null, "created_user": "DDMATZE", "created_date": 1514381621000, "last_edited_user": "DDMATZE", "last_edited_date": 1557844461000, "ESN": "3", "PS_MUNICODE": "A", "SERV_AREA": null, "PS_STNAME": "37TH ST S", "CTU_NAME": "Afton", "CTU_ID_TXT": "02393887", "POSTCOMM": null, "PLACE_LOC": "3", "CEN_GEO": null, "UNI_WO_SUB": null, "USNG_CODE": null, "GIS911POC": null, "PSAP_CODE": "WASH", "MSAG_C": "Afton", "VERROR_911": null}}, {"type": "Feature", "id": 74732, "geometry": {"type": "Point", "coordinates": [-92.78707147144195, 44.8958422244636]}, "properties": {"OBJECTID": 74732, "ADD_ID_LOC": null, "ANUMBERPRE": null, "ANUMBER": 15680, "ANUMBERSUF": null, "ST_PRE_MOD": null, "ST_PRE_DIR": null, "ST_PRE_TYP": null, "ST_CONCAT": "37th Street South", "ST_NAME": "37th", "ST_POS_TYP": "Street", "ST_POS_DIR": "South", "ST_POS_MOD": null, "SUB_TYPE1": null, "SUB_ID1": null, "SUB_TYPE2": null, "SUB_ID2": null, "CO_CODE": "163", "CO_NAME": "Washington", "STATE_CODE": "MN", "ZIP": "55001", "ZIP4": null, "LOC_NAME": null, "LOC_DESC": null, "LANDMARK": null, "RESIDENCE": "Yes", "MAILABLE": null, "STATUS": null, "PIN": "2202820420005", "LONGITUDE": null, "LATITUDE": null, "SOURCE": null, "AAUTHORITY": null, "EDIT_ORG": null, "UPDATEDATE": null, "COMMENTS": null, "EX_KEY": "F1145D5D-C1B8-406F-8D17-00C754FABE13", "RT_ST_EX_KEY": null, "created_user": "DDMATZE", "created_date": 1514381621000, "last_edited_user": "DDMATZE", "last_edited_date": 1557844469000, "ESN": "3", "PS_MUNICODE": "A", "SERV_AREA": null, "PS_STNAME": "37TH ST S", "CTU_NAME": "Afton", "CTU_ID_TXT": "02393887", "POSTCOMM": null, "PLACE_LOC": "3", "CEN_GEO": null, "UNI_WO_SUB": null, "USNG_CODE": null, "GIS911POC": null, "PSAP_CODE": "WASH", "MSAG_C": "Afton", "VERROR_911": null}}, {"type": "Feature", "id": 75149, "geometry": {"type": "Point", "coordinates": [-92.78665713429695, 44.901050501574076]}, "properties": {"OBJECTID": 75149, "ADD_ID_LOC": null, "ANUMBERPRE": null, "ANUMBER": 3296, "ANUMBERSUF": null, "ST_PRE_MOD": null, "ST_PRE_DIR": null, "ST_PRE_TYP": null, "ST_CONCAT": "Pennington Avenue South", "ST_NAME": "Pennington", "ST_POS_TYP": "Avenue", "ST_POS_DIR": "South", "ST_POS_MOD": null, "SUB_TYPE1": null, "SUB_ID1": null, "SUB_TYPE2": null, "SUB_ID2": null, "CO_CODE": "163", "CO_NAME": "Washington", "STATE_CODE": "MN", "ZIP": "55001", "ZIP4": null, "LOC_NAME": null, "LOC_DESC": null, "LANDMARK": null, "RESIDENCE": "Yes", "MAILABLE": null, "STATUS": null, "PIN": "2202820130002", "LONGITUDE": null, "LATITUDE": null, "SOURCE": null, "AAUTHORITY": null, "EDIT_ORG": null, "UPDATEDATE": null, "COMMENTS": null, "EX_KEY": "13DF7534-BEE5-42D4-93F6-B065B0E4ECBC", "RT_ST_EX_KEY": null, "created_user": "DDMATZE", "created_date": 1514381621000, "last_edited_user": "DDMATZE", "last_edited_date": 1557844472000, "ESN": "3", "PS_MUNICODE": "A", "SERV_AREA": null, "PS_STNAME": "PENNINGTON AVE S", "CTU_NAME": "Afton", "CTU_ID_TXT": "02393887", "POSTCOMM": null, "PLACE_LOC": "3", "CEN_GEO": null, "UNI_WO_SUB": null, "USNG_CODE": null, "GIS911POC": null, "PSAP_CODE": "WASH", "MSAG_C": "Afton", "VERROR_911": null}}, {"type": "Feature", "id": 77092, "geometry": {"type": "Point", "coordinates": [-92.7857005309273, 44.90151393290586]}, "properties": {"OBJECTID": 77092, "ADD_ID_LOC": null, "ANUMBERPRE": null, "ANUMBER": 3245, "ANUMBERSUF": null, "ST_PRE_MOD": null, "ST_PRE_DIR": null, "ST_PRE_TYP": null, "ST_CONCAT": "Pennington Avenue South", "ST_NAME": "Pennington", "ST_POS_TYP": "Avenue", "ST_POS_DIR": "South", "ST_POS_MOD": null, "SUB_TYPE1": null, "SUB_ID1": null, "SUB_TYPE2": null, "SUB_ID2": null, "CO_CODE": "163", "CO_NAME": "Washington", "STATE_CODE": "MN", "ZIP": "55001", "ZIP4": null, "LOC_NAME": null, "LOC_DESC": null, "LANDMARK": null, "RESIDENCE": "Yes", "MAILABLE": null, "STATUS": null, "PIN": "2202820140054", "LONGITUDE": null, "LATITUDE": null, "SOURCE": null, "AAUTHORITY": null, "EDIT_ORG": null, "UPDATEDATE": null, "COMMENTS": null, "EX_KEY": "82018E0D-8B46-41A6-89F6-152FF002BFBC", "RT_ST_EX_KEY": null, "created_user": "DDMATZE", "created_date": 1514381621000, "last_edited_user": "DDMATZE", "last_edited_date": 1557844483000, "ESN": "3", "PS_MUNICODE": "A", "SERV_AREA": null, "PS_STNAME": "PENNINGTON AVE S", "CTU_NAME": "Afton", "CTU_ID_TXT": "02393887", "POSTCOMM": null, "PLACE_LOC": "3", "CEN_GEO": null, "UNI_WO_SUB": null, "USNG_CODE": null, "GIS911POC": null, "PSAP_CODE": "WASH", "MSAG_C": "Afton", "VERROR_911": null}}, {"type": "Feature", "id": 78148, "geometry": {"type": "Point", "coordinates": [-92.78439539021056, 44.9024658024667]}, "properties": {"OBJECTID": 78148, "ADD_ID_LOC": null, "ANUMBERPRE": null, "ANUMBER": 3175, "ANUMBERSUF": null, "ST_PRE_MOD": null, "ST_PRE_DIR": null, "ST_PRE_TYP": null, "ST_CONCAT": "Perrot Avenue South", "ST_NAME": "Perrot", "ST_POS_TYP": "Avenue", "ST_POS_DIR": "South", "ST_POS_MOD": null, "SUB_TYPE1": null, "SUB_ID1": null, "SUB_TYPE2": null, "SUB_ID2": null, "CO_CODE": "163", "CO_NAME": "Washington", "STATE_CODE": "MN", "ZIP": "55001", "ZIP4": null, "LOC_NAME": null, "LOC_DESC": null, "LANDMARK": null, "RESIDENCE": "Yes", "MAILABLE": null, "STATUS": null, "PIN": "2202820110026", "LONGITUDE": null, "LATITUDE": null, "SOURCE": null, "AAUTHORITY": null, "EDIT_ORG": null, "UPDATEDATE": null, "COMMENTS": null, "EX_KEY": "025086C2-4A76-468F-86E1-0EFA5904558A", "RT_ST_EX_KEY": null, "created_user": "DDMATZE", "created_date": 1514381621000, "last_edited_user": "DDMATZE", "last_edited_date": 1557844489000, "ESN": "3", "PS_MUNICODE": "A", "SERV_AREA": null, "PS_STNAME": "PERROT AVE S", "CTU_NAME": "Afton", "CTU_ID_TXT": "02393887", "POSTCOMM": null, "PLACE_LOC": "3", "CEN_GEO": null, "UNI_WO_SUB": null, "USNG_CODE": null, "GIS911POC": null, "PSAP_CODE": "WASH", "MSAG_C": "Afton", "VERROR_911": null}}, {"type": "Feature", "id": 78379, "geometry": {"type": "Point", "coordinates": [-92.78398491582128, 44.900947171309255]}, "properties": {"OBJECTID": 78379, "ADD_ID_LOC": null, "ANUMBERPRE": null, "ANUMBER": 15892, "ANUMBERSUF": null, "ST_PRE_MOD": null, "ST_PRE_DIR": null, "ST_PRE_TYP": null, "ST_CONCAT": "33rd Street South", "ST_NAME": "33rd", "ST_POS_TYP": "Street", "ST_POS_DIR": "South", "ST_POS_MOD": null, "SUB_TYPE1": null, "SUB_ID1": null, "SUB_TYPE2": null, "SUB_ID2": null, "CO_CODE": "163", "CO_NAME": "Washington", "STATE_CODE": "MN", "ZIP": "55001", "ZIP4": null, "LOC_NAME": null, "LOC_DESC": null, "LANDMARK": null, "RESIDENCE": "Yes", "MAILABLE": null, "STATUS": null, "PIN": "2202820140030", "LONGITUDE": null, "LATITUDE": null, "SOURCE": null, "AAUTHORITY": null, "EDIT_ORG": null, "UPDATEDATE": null, "COMMENTS": null, "EX_KEY": "C740AD4D-6681-47A3-8F20-B06EE1347812", "RT_ST_EX_KEY": null, "created_user": "DDMATZE", "created_date": 1514381621000, "last_edited_user": "DDMATZE", "last_edited_date": 1557844489000, "ESN": "3", "PS_MUNICODE": "A", "SERV_AREA": null, "PS_STNAME": "33RD ST S", "CTU_NAME": "Afton", "CTU_ID_TXT": "02393887", "POSTCOMM": null, "PLACE_LOC": "3", "CEN_GEO": null, "UNI_WO_SUB": null, "USNG_CODE": null, "GIS911POC": null, "PSAP_CODE": "WASH", "MSAG_C": "Afton", "VERROR_911": null}}, {"type": "Feature", "id": 78853, "geometry": {"type": "Point", "coordinates": [-92.78363521246095, 44.89837343110904]}, "properties": {"OBJECTID": 78853, "ADD_ID_LOC": null, "ANUMBERPRE": null, "ANUMBER": 3466, "ANUMBERSUF": null, "ST_PRE_MOD": null, "ST_PRE_DIR": null, "ST_PRE_TYP": null, "ST_CONCAT": "Saint Croix Trail South", "ST_NAME": "Saint Croix", "ST_POS_TYP": "Trail", "ST_POS_DIR": "South", "ST_POS_MOD": null, "SUB_TYPE1": null, "SUB_ID1": null, "SUB_TYPE2": null, "SUB_ID2": null, "CO_CODE": "163", "CO_NAME": "Washington", "STATE_CODE": "MN", "ZIP": "55001", "ZIP4": null, "LOC_NAME": null, "LOC_DESC": null, "LANDMARK": null, "RESIDENCE": "Yes", "MAILABLE": null, "STATUS": null, "PIN": "2202820140045", "LONGITUDE": null, "LATITUDE": null, "SOURCE": null, "AAUTHORITY": null, "EDIT_ORG": null, "UPDATEDATE": null, "COMMENTS": null, "EX_KEY": "93A63112-50E1-4D0C-859B-43757325E46D", "RT_ST_EX_KEY": null, "created_user": "DDMATZE", "created_date": 1514381621000, "last_edited_user": "DDMATZE", "last_edited_date": 1557844491000, "ESN": "3", "PS_MUNICODE": "A", "SERV_AREA": null, "PS_STNAME": "SAINT CROIX TRL S", "CTU_NAME": "Afton", "CTU_ID_TXT": "02393887", "POSTCOMM": null, "PLACE_LOC": "3", "CEN_GEO": null, "UNI_WO_SUB": null, "USNG_CODE": null, "GIS911POC": null, "PSAP_CODE": "WASH", "MSAG_C": "Afton", "VERROR_911": null}}, {"type": "Feature", "id": 80204, "geometry": {"type": "Point", "coordinates": [-92.7821350510893, 44.902016213030514]}, "properties": {"OBJECTID": 80204, "ADD_ID_LOC": null, "ANUMBERPRE": null, "ANUMBER": 15990, "ANUMBERSUF": null, "ST_PRE_MOD": null, "ST_PRE_DIR": null, "ST_PRE_TYP": null, "ST_CONCAT": "32nd Street South", "ST_NAME": "32nd", "ST_POS_TYP": "Street", "ST_POS_DIR": "South", "ST_POS_MOD": null, "SUB_TYPE1": null, "SUB_ID1": null, "SUB_TYPE2": null, "SUB_ID2": null, "CO_CODE": "163", "CO_NAME": "Washington", "STATE_CODE": "MN", "ZIP": "55001", "ZIP4": null, "LOC_NAME": null, "LOC_DESC": null, "LANDMARK": null, "RESIDENCE": "Yes", "MAILABLE": null, "STATUS": null, "PIN": "2202820110058", "LONGITUDE": null, "LATITUDE": null, "SOURCE": null, "AAUTHORITY": null, "EDIT_ORG": null, "UPDATEDATE": null, "COMMENTS": null, "EX_KEY": "5452600E-11EE-49A6-A1BB-869CC19F767F", "RT_ST_EX_KEY": null, "created_user": "DDMATZE", "created_date": 1514381621000, "last_edited_user": "DDMATZE", "last_edited_date": 1668790974000, "ESN": "3", "PS_MUNICODE": "A", "SERV_AREA": null, "PS_STNAME": "32ND ST S", "CTU_NAME": "Afton", "CTU_ID_TXT": "02393887", "POSTCOMM": null, "PLACE_LOC": "3", "CEN_GEO": null, "UNI_WO_SUB": null, "USNG_CODE": null, "GIS911POC": null, "PSAP_CODE": "WASH", "MSAG_C": "Afton", "VERROR_911": null}}, {"type": "Feature", "id": 80425, "geometry": {"type": "Point", "coordinates": [-92.78288369536898, 44.89911448665687]}, "properties": {"OBJECTID": 80425, "ADD_ID_LOC": null, "ANUMBERPRE": null, "ANUMBER": 3419, "ANUMBERSUF": null, "ST_PRE_MOD": null, "ST_PRE_DIR": null, "ST_PRE_TYP": null, "ST_CONCAT": "Saint Croix Trail South", "ST_NAME": "Saint Croix", "ST_POS_TYP": "Trail", "ST_POS_DIR": "South", "ST_POS_MOD": null, "SUB_TYPE1": null, "SUB_ID1": null, "SUB_TYPE2": null, "SUB_ID2": null, "CO_CODE": "163", "CO_NAME": "Washington", "STATE_CODE": "MN", "ZIP": "55001", "ZIP4": null, "LOC_NAME": null, "LOC_DESC": null, "LANDMARK": null, "RESIDENCE": "Yes", "MAILABLE": null, "STATUS": null, "PIN": "2202820140006", "LONGITUDE": null, "LATITUDE": null, "SOURCE": null, "AAUTHORITY": null, "EDIT_ORG": null, "UPDATEDATE": null, "COMMENTS": null, "EX_KEY": "A2173006-386D-4CC2-A938-CF647DD80D45", "RT_ST_EX_KEY": null, "created_user": "DDMATZE", "created_date": 1514381621000, "last_edited_user": "DDMATZE", "last_edited_date": 1557844501000, "ESN": "3", "PS_MUNICODE": "A", "SERV_AREA": null, "PS_STNAME": "SAINT CROIX TRL S", "CTU_NAME": "Afton", "CTU_ID_TXT": "02393887", "POSTCOMM": null, "PLACE_LOC": "3", "CEN_GEO": null, "UNI_WO_SUB": null, "USNG_CODE": null, "GIS911POC": null, "PSAP_CODE": "WASH", "MSAG_C": "Afton", "VERROR_911": null}}, {"type": "Feature", "id": 80726, "geometry": {"type": "Point", "coordinates": [-92.78779922809466, 44.90049944392143]}, "properties": {"OBJECTID": 80726, "ADD_ID_LOC": null, "ANUMBERPRE": null, "ANUMBER": 15685, "ANUMBERSUF": null, "ST_PRE_MOD": null, "ST_PRE_DIR": null, "ST_PRE_TYP": null, "ST_CONCAT": "Afton Boulevard South", "ST_NAME": "Afton", "ST_POS_TYP": "Boulevard", "ST_POS_DIR": "South", "ST_POS_MOD": null, "SUB_TYPE1": null, "SUB_ID1": null, "SUB_TYPE2": null, "SUB_ID2": null, "CO_CODE": "163", "CO_NAME": "Washington", "STATE_CODE": "MN", "ZIP": "55001", "ZIP4": null, "LOC_NAME": null, "LOC_DESC": null, "LANDMARK": null, "RESIDENCE": "Yes", "MAILABLE": null, "STATUS": null, "PIN": "2202820130004", "LONGITUDE": null, "LATITUDE": null, "SOURCE": null, "AAUTHORITY": null, "EDIT_ORG": null, "UPDATEDATE": null, "COMMENTS": null, "EX_KEY": "61E02158-DFE1-4DB9-976F-BD5E9EC02AB0", "RT_ST_EX_KEY": null, "created_user": "DDMATZE", "created_date": 1514381621000, "last_edited_user": "DDMATZE", "last_edited_date": 1557844502000, "ESN": "3", "PS_MUNICODE": "A", "SERV_AREA": null, "PS_STNAME": "AFTON BLVD S", "CTU_NAME": "Afton", "CTU_ID_TXT": "02393887", "POSTCOMM": null, "PLACE_LOC": "3", "CEN_GEO": null, "UNI_WO_SUB": null, "USNG_CODE": null, "GIS911POC": null, "PSAP_CODE": "WASH", "MSAG_C": "Afton", "VERROR_911": null}}, {"type": "Feature", "id": 80970, "geometry": {"type": "Point", "coordinates": [-92.7858054846952, 44.90257422854615]}, "properties": {"OBJECTID": 80970, "ADD_ID_LOC": null, "ANUMBERPRE": null, "ANUMBER": 3167, "ANUMBERSUF": null, "ST_PRE_MOD": null, "ST_PRE_DIR": null, "ST_PRE_TYP": null, "ST_CONCAT": "Pennington Avenue South", "ST_NAME": "Pennington", "ST_POS_TYP": "Avenue", "ST_POS_DIR": "South", "ST_POS_MOD": null, "SUB_TYPE1": null, "SUB_ID1": null, "SUB_TYPE2": null, "SUB_ID2": null, "CO_CODE": "163", "CO_NAME": "Washington", "STATE_CODE": "MN", "ZIP": "55001", "ZIP4": null, "LOC_NAME": null, "LOC_DESC": null, "LANDMARK": null, "RESIDENCE": "Yes", "MAILABLE": null, "STATUS": null, "PIN": "2202820110030", "LONGITUDE": null, "LATITUDE": null, "SOURCE": null, "AAUTHORITY": null, "EDIT_ORG": null, "UPDATEDATE": null, "COMMENTS": null, "EX_KEY": "08E32D4E-EE42-4754-AC3C-47A3945AD70C", "RT_ST_EX_KEY": null, "created_user": "DDMATZE", "created_date": 1514381621000, "last_edited_user": "DDMATZE", "last_edited_date": 1557844502000, "ESN": "3", "PS_MUNICODE": "A", "SERV_AREA": null, "PS_STNAME": "PENNINGTON AVE S", "CTU_NAME": "Afton", "CTU_ID_TXT": "02393887", "POSTCOMM": null, "PLACE_LOC": "3", "CEN_GEO": null, "UNI_WO_SUB": null, "USNG_CODE": null, "GIS911POC": null, "PSAP_CODE": "WASH", "MSAG_C": "Afton", "VERROR_911": null}}, {"type": "Feature", "id": 81085, "geometry": {"type": "Point", "coordinates": [-92.78583073903279, 44.90106957914377]}, "properties": {"OBJECTID": 81085, "ADD_ID_LOC": null, "ANUMBERPRE": null, "ANUMBER": 3297, "ANUMBERSUF": null, "ST_PRE_MOD": null, "ST_PRE_DIR": null, "ST_PRE_TYP": null, "ST_CONCAT": "Pennington Avenue South", "ST_NAME": "Pennington", "ST_POS_TYP": "Avenue", "ST_POS_DIR": "South", "ST_POS_MOD": null, "SUB_TYPE1": null, "SUB_ID1": null, "SUB_TYPE2": null, "SUB_ID2": null, "CO_CODE": "163", "CO_NAME": "Washington", "STATE_CODE": "MN", "ZIP": "55001", "ZIP4": null, "LOC_NAME": null, "LOC_DESC": null, "LANDMARK": null, "RESIDENCE": "Yes", "MAILABLE": null, "STATUS": null, "PIN": "2202820140053", "LONGITUDE": null, "LATITUDE": null, "SOURCE": null, "AAUTHORITY": null, "EDIT_ORG": null, "UPDATEDATE": null, "COMMENTS": null, "EX_KEY": "67E5B404-515A-4C91-A706-B499038EC7CB", "RT_ST_EX_KEY": null, "created_user": "DDMATZE", "created_date": 1514381621000, "last_edited_user": "DDMATZE", "last_edited_date": 1557844503000, "ESN": "3", "PS_MUNICODE": "A", "SERV_AREA": null, "PS_STNAME": "PENNINGTON AVE S", "CTU_NAME": "Afton", "CTU_ID_TXT": "02393887", "POSTCOMM": null, "PLACE_LOC": "3", "CEN_GEO": null, "UNI_WO_SUB": null, "USNG_CODE": null, "GIS911POC": null, "PSAP_CODE": "WASH", "MSAG_C": "Afton", "VERROR_911": null}}, {"type": "Feature", "id": 82115, "geometry": {"type": "Point", "coordinates": [-92.78289387597611, 44.900286873729925]}, "properties": {"OBJECTID": 82115, "ADD_ID_LOC": null, "ANUMBERPRE": null, "ANUMBER": 3343, "ANUMBERSUF": null, "ST_PRE_MOD": null, "ST_PRE_DIR": null, "ST_PRE_TYP": null, "ST_CONCAT": "Saint Croix Trail South", "ST_NAME": "Saint Croix", "ST_POS_TYP": "Trail", "ST_POS_DIR": "South", "ST_POS_MOD": null, "SUB_TYPE1": null, "SUB_ID1": null, "SUB_TYPE2": null, "SUB_ID2": null, "CO_CODE": "163", "CO_NAME": "Washington", "STATE_CODE": "MN", "ZIP": "55001", "ZIP4": null, "LOC_NAME": null, "LOC_DESC": null, "LANDMARK": null, "RESIDENCE": "Yes", "MAILABLE": null, "STATUS": null, "PIN": "2202820140012", "LONGITUDE": null, "LATITUDE": null, "SOURCE": null, "AAUTHORITY": null, "EDIT_ORG": null, "UPDATEDATE": null, "COMMENTS": null, "EX_KEY": "252F3605-FA51-4B85-8C9D-C68F6FE0FF03", "RT_ST_EX_KEY": null, "created_user": "DDMATZE", "created_date": 1514381621000, "last_edited_user": "DDMATZE", "last_edited_date": 1557844510000, "ESN": "3", "PS_MUNICODE": "A", "SERV_AREA": null, "PS_STNAME": "SAINT CROIX TRL S", "CTU_NAME": "Afton", "CTU_ID_TXT": "02393887", "POSTCOMM": null, "PLACE_LOC": "3", "CEN_GEO": null, "UNI_WO_SUB": null, "USNG_CODE": null, "GIS911POC": null, "PSAP_CODE": "WASH", "MSAG_C": "Afton", "VERROR_911": null}}, {"type": "Feature", "id": 83067, "geometry": {"type": "Point", "coordinates": [-92.7827157247839, 44.90263977467007]}, "properties": {"OBJECTID": 83067, "ADD_ID_LOC": null, "ANUMBERPRE": null, "ANUMBER": 15909, "ANUMBERSUF": null, "ST_PRE_MOD": null, "ST_PRE_DIR": null, "ST_PRE_TYP": null, "ST_CONCAT": "Afton Boulevard South", "ST_NAME": "Afton", "ST_POS_TYP": "Boulevard", "ST_POS_DIR": "South", "ST_POS_MOD": null, "SUB_TYPE1": null, "SUB_ID1": null, "SUB_TYPE2": null, "SUB_ID2": null, "CO_CODE": "163", "CO_NAME": "Washington", "STATE_CODE": "MN", "ZIP": "55001", "ZIP4": null, "LOC_NAME": null, "LOC_DESC": null, "LANDMARK": null, "RESIDENCE": "Yes", "MAILABLE": null, "STATUS": null, "PIN": "2202820110005", "LONGITUDE": null, "LATITUDE": null, "SOURCE": null, "AAUTHORITY": null, "EDIT_ORG": null, "UPDATEDATE": null, "COMMENTS": null, "EX_KEY": "7494F6E3-A2D1-4243-A8A1-AD23CC4D8EBC", "RT_ST_EX_KEY": null, "created_user": "DDMATZE", "created_date": 1514381621000, "last_edited_user": "DDMATZE", "last_edited_date": 1557844513000, "ESN": "3", "PS_MUNICODE": "A", "SERV_AREA": null, "PS_STNAME": "AFTON BLVD S", "CTU_NAME": "Afton", "CTU_ID_TXT": "02393887", "POSTCOMM": null, "PLACE_LOC": "3", "CEN_GEO": null, "UNI_WO_SUB": null, "USNG_CODE": null, "GIS911POC": null, "PSAP_CODE": "WASH", "MSAG_C": "Afton", "VERROR_911": null}}, {"type": "Feature", "id": 84890, "geometry": {"type": "Point", "coordinates": [-92.78366888041948, 44.904578831194]}, "properties": {"OBJECTID": 84890, "ADD_ID_LOC": null, "ANUMBERPRE": null, "ANUMBER": 3060, "ANUMBERSUF": null, "ST_PRE_MOD": null, "ST_PRE_DIR": null, "ST_PRE_TYP": null, "ST_CONCAT": "Saint Croix Trail South", "ST_NAME": "Saint Croix", "ST_POS_TYP": "Trail", "ST_POS_DIR": "South", "ST_POS_MOD": null, "SUB_TYPE1": null, "SUB_ID1": null, "SUB_TYPE2": null, "SUB_ID2": null, "CO_CODE": "163", "CO_NAME": "Washington", "STATE_CODE": "MN", "ZIP": "55001", "ZIP4": null, "LOC_NAME": null, "LOC_DESC": null, "LANDMARK": null, "RESIDENCE": "Yes", "MAILABLE": null, "STATUS": null, "PIN": "2202820110020", "LONGITUDE": null, "LATITUDE": null, "SOURCE": null, "AAUTHORITY": null, "EDIT_ORG": null, "UPDATEDATE": null, "COMMENTS": null, "EX_KEY": "827963D9-42C4-4767-B218-724128210CCD", "RT_ST_EX_KEY": null, "created_user": "DDMATZE", "created_date": 1514381621000, "last_edited_user": "DDMATZE", "last_edited_date": 1557844523000, "ESN": "3", "PS_MUNICODE": "A", "SERV_AREA": null, "PS_STNAME": "SAINT CROIX TRL S", "CTU_NAME": "Afton", "CTU_ID_TXT": "02393887", "POSTCOMM": null, "PLACE_LOC": "3", "CEN_GEO": null, "UNI_WO_SUB": null, "USNG_CODE": null, "GIS911POC": null, "PSAP_CODE": "WASH", "MSAG_C": "Afton", "VERROR_911": null}}, {"type": "Feature", "id": 85880, "geometry": {"type": "Point", "coordinates": [-92.78649895355181, 44.89943413909538]}, "properties": {"OBJECTID": 85880, "ADD_ID_LOC": null, "ANUMBERPRE": null, "ANUMBER": 3404, "ANUMBERSUF": null, "ST_PRE_MOD": null, "ST_PRE_DIR": null, "ST_PRE_TYP": null, "ST_CONCAT": "Pennington Avenue South", "ST_NAME": "Pennington", "ST_POS_TYP": "Avenue", "ST_POS_DIR": "South", "ST_POS_MOD": null, "SUB_TYPE1": null, "SUB_ID1": null, "SUB_TYPE2": null, "SUB_ID2": null, "CO_CODE": "163", "CO_NAME": "Washington", "STATE_CODE": "MN", "ZIP": "55001", "ZIP4": null, "LOC_NAME": null, "LOC_DESC": null, "LANDMARK": null, "RESIDENCE": "Yes", "MAILABLE": null, "STATUS": null, "PIN": "2202820140057", "LONGITUDE": null, "LATITUDE": null, "SOURCE": null, "AAUTHORITY": null, "EDIT_ORG": null, "UPDATEDATE": null, "COMMENTS": null, "EX_KEY": "38F6200F-E4D7-4ED2-8091-75B7DAF36627", "RT_ST_EX_KEY": null, "created_user": "DDMATZE", "created_date": 1514381621000, "last_edited_user": "DDMATZE", "last_edited_date": 1557844529000, "ESN": "3", "PS_MUNICODE": "A", "SERV_AREA": null, "PS_STNAME": "PENNINGTON AVE S", "CTU_NAME": "Afton", "CTU_ID_TXT": "02393887", "POSTCOMM": null, "PLACE_LOC": "3", "CEN_GEO": null, "UNI_WO_SUB": null, "USNG_CODE": null, "GIS911POC": null, "PSAP_CODE": "WASH", "MSAG_C": "Afton", "VERROR_911": null}}, {"type": "Feature", "id": 87016, "geometry": {"type": "Point", "coordinates": [-92.78270153679232, 44.898390605030436]}, "properties": {"OBJECTID": 87016, "ADD_ID_LOC": null, "ANUMBERPRE": null, "ANUMBER": 3465, "ANUMBERSUF": null, "ST_PRE_MOD": null, "ST_PRE_DIR": null, "ST_PRE_TYP": null, "ST_CONCAT": "Saint Croix Trail South", "ST_NAME": "Saint Croix", "ST_POS_TYP": "Trail", "ST_POS_DIR": "South", "ST_POS_MOD": null, "SUB_TYPE1": null, "SUB_ID1": null, "SUB_TYPE2": null, "SUB_ID2": null, "CO_CODE": "163", "CO_NAME": "Washington", "STATE_CODE": "MN", "ZIP": "55001", "ZIP4": null, "LOC_NAME": null, "LOC_DESC": null, "LANDMARK": null, "RESIDENCE": "Yes", "MAILABLE": null, "STATUS": null, "PIN": "2202820140004", "LONGITUDE": null, "LATITUDE": null, "SOURCE": null, "AAUTHORITY": null, "EDIT_ORG": null, "UPDATEDATE": null, "COMMENTS": null, "EX_KEY": "8775B684-7118-4C8D-B7B1-467B84544730", "RT_ST_EX_KEY": null, "created_user": "DDMATZE", "created_date": 1514381621000, "last_edited_user": "DDMATZE", "last_edited_date": 1557844537000, "ESN": "3", "PS_MUNICODE": "A", "SERV_AREA": null, "PS_STNAME": "SAINT CROIX TRL S", "CTU_NAME": "Afton", "CTU_ID_TXT": "02393887", "POSTCOMM": null, "PLACE_LOC": "3", "CEN_GEO": null, "UNI_WO_SUB": null, "USNG_CODE": null, "GIS911POC": null, "PSAP_CODE": "WASH", "MSAG_C": "Afton", "VERROR_911": null}}, {"type": "Feature", "id": 87541, "geometry": {"type": "Point", "coordinates": [-92.78356461296445, 44.9015768319787]}, "properties": {"OBJECTID": 87541, "ADD_ID_LOC": null, "ANUMBERPRE": null, "ANUMBER": 3222, "ANUMBERSUF": null, "ST_PRE_MOD": null, "ST_PRE_DIR": null, "ST_PRE_TYP": null, "ST_CONCAT": "Saint Croix Trail South", "ST_NAME": "Saint Croix", "ST_POS_TYP": "Trail", "ST_POS_DIR": "South", "ST_POS_MOD": null, "SUB_TYPE1": null, "SUB_ID1": null, "SUB_TYPE2": null, "SUB_ID2": null, "CO_CODE": "163", "CO_NAME": "Washington", "STATE_CODE": "MN", "ZIP": "55001", "ZIP4": null, "LOC_NAME": null, "LOC_DESC": null, "LANDMARK": null, "RESIDENCE": "Yes", "MAILABLE": null, "STATUS": null, "PIN": "2202820140028", "LONGITUDE": null, "LATITUDE": null, "SOURCE": null, "AAUTHORITY": null, "EDIT_ORG": null, "UPDATEDATE": null, "COMMENTS": null, "EX_KEY": "F22EE1A2-6CA6-4B03-9E1B-5054F261E4BD", "RT_ST_EX_KEY": null, "created_user": "DDMATZE", "created_date": 1514381621000, "last_edited_user": "DDMATZE", "last_edited_date": 1557844541000, "ESN": "3", "PS_MUNICODE": "A", "SERV_AREA": null, "PS_STNAME": "SAINT CROIX TRL S", "CTU_NAME": "Afton", "CTU_ID_TXT": "02393887", "POSTCOMM": null, "PLACE_LOC": "3", "CEN_GEO": null, "UNI_WO_SUB": null, "USNG_CODE": null, "GIS911POC": null, "PSAP_CODE": "WASH", "MSAG_C": "Afton", "VERROR_911": null}}, {"type": "Feature", "id": 88759, "geometry": {"type": "Point", "coordinates": [-92.78241598212642, 44.89736962052254]}, "properties": {"OBJECTID": 88759, "ADD_ID_LOC": null, "ANUMBERPRE": null, "ANUMBER": 15955, "ANUMBERSUF": null, "ST_PRE_MOD": null, "ST_PRE_DIR": null, "ST_PRE_TYP": null, "ST_CONCAT": "35th Street South", "ST_NAME": "35th", "ST_POS_TYP": "Street", "ST_POS_DIR": "South", "ST_POS_MOD": null, "SUB_TYPE1": null, "SUB_ID1": null, "SUB_TYPE2": null, "SUB_ID2": null, "CO_CODE": "163", "CO_NAME": "Washington", "STATE_CODE": "MN", "ZIP": "55001", "ZIP4": null, "LOC_NAME": null, "LOC_DESC": null, "LANDMARK": null, "RESIDENCE": "Yes", "MAILABLE": null, "STATUS": null, "PIN": "2202820410014", "LONGITUDE": null, "LATITUDE": null, "SOURCE": null, "AAUTHORITY": null, "EDIT_ORG": null, "UPDATEDATE": null, "COMMENTS": null, "EX_KEY": "737CA82C-916C-46CE-B9B9-5EFEBA626302", "RT_ST_EX_KEY": null, "created_user": "DDMATZE", "created_date": 1514381621000, "last_edited_user": "DDMATZE", "last_edited_date": 1557844547000, "ESN": "3", "PS_MUNICODE": "A", "SERV_AREA": null, "PS_STNAME": "35TH ST S", "CTU_NAME": "Afton", "CTU_ID_TXT": "02393887", "POSTCOMM": null, "PLACE_LOC": "3", "CEN_GEO": null, "UNI_WO_SUB": null, "USNG_CODE": null, "GIS911POC": null, "PSAP_CODE": "WASH", "MSAG_C": "Afton", "VERROR_911": null}}, {"type": "Feature", "id": 89985, "geometry": {"type": "Point", "coordinates": [-92.78359253080686, 44.89778540208349]}, "properties": {"OBJECTID": 89985, "ADD_ID_LOC": null, "ANUMBERPRE": null, "ANUMBER": 3494, "ANUMBERSUF": null, "ST_PRE_MOD": null, "ST_PRE_DIR": null, "ST_PRE_TYP": null, "ST_CONCAT": "Saint Croix Trail South", "ST_NAME": "Saint Croix", "ST_POS_TYP": "Trail", "ST_POS_DIR": "South", "ST_POS_MOD": null, "SUB_TYPE1": null, "SUB_ID1": null, "SUB_TYPE2": null, "SUB_ID2": null, "CO_CODE": "163", "CO_NAME": "Washington", "STATE_CODE": "MN", "ZIP": "55001", "ZIP4": null, "LOC_NAME": null, "LOC_DESC": null, "LANDMARK": null, "RESIDENCE": "Yes", "MAILABLE": null, "STATUS": null, "PIN": "2202820410018", "LONGITUDE": null, "LATITUDE": null, "SOURCE": null, "AAUTHORITY": null, "EDIT_ORG": null, "UPDATEDATE": null, "COMMENTS": null, "EX_KEY": "0BFABF58-6CD8-4B98-B0FF-75AD3B654179", "RT_ST_EX_KEY": null, "created_user": "DDMATZE", "created_date": 1514381621000, "last_edited_user": "DDMATZE", "last_edited_date": 1557844553000, "ESN": "3", "PS_MUNICODE": "A", "SERV_AREA": null, "PS_STNAME": "SAINT CROIX TRL S", "CTU_NAME": "Afton", "CTU_ID_TXT": "02393887", "POSTCOMM": null, "PLACE_LOC": "3", "CEN_GEO": null, "UNI_WO_SUB": null, "USNG_CODE": null, "GIS911POC": null, "PSAP_CODE": "WASH", "MSAG_C": "Afton", "VERROR_911": null}}, {"type": "Feature", "id": 90831, "geometry": {"type": "Point", "coordinates": [-92.78433161162202, 44.896788890961844]}, "properties": {"OBJECTID": 90831, "ADD_ID_LOC": null, "ANUMBERPRE": null, "ANUMBER": 15880, "ANUMBERSUF": null, "ST_PRE_MOD": null, "ST_PRE_DIR": null, "ST_PRE_TYP": null, "ST_CONCAT": "36th Street South", "ST_NAME": "36th", "ST_POS_TYP": "Street", "ST_POS_DIR": "South", "ST_POS_MOD": null, "SUB_TYPE1": null, "SUB_ID1": null, "SUB_TYPE2": null, "SUB_ID2": null, "CO_CODE": "163", "CO_NAME": "Washington", "STATE_CODE": "MN", "ZIP": "55001", "ZIP4": null, "LOC_NAME": null, "LOC_DESC": null, "LANDMARK": null, "RESIDENCE": "Yes", "MAILABLE": null, "STATUS": null, "PIN": "2202820410024", "LONGITUDE": null, "LATITUDE": null, "SOURCE": null, "AAUTHORITY": null, "EDIT_ORG": null, "UPDATEDATE": null, "COMMENTS": null, "EX_KEY": "9953622C-C0E5-4810-AAFE-FD404695C69B", "RT_ST_EX_KEY": null, "created_user": "DDMATZE", "created_date": 1514381621000, "last_edited_user": "DDMATZE", "last_edited_date": 1557844557000, "ESN": "3", "PS_MUNICODE": "A", "SERV_AREA": null, "PS_STNAME": "36TH ST S", "CTU_NAME": "Afton", "CTU_ID_TXT": "02393887", "POSTCOMM": null, "PLACE_LOC": "3", "CEN_GEO": null, "UNI_WO_SUB": null, "USNG_CODE": null, "GIS911POC": null, "PSAP_CODE": "WASH", "MSAG_C": "Afton", "VERROR_911": null}}, {"type": "Feature", "id": 91857, "geometry": {"type": "Point", "coordinates": [-92.78584385443592, 44.89836767104505]}, "properties": {"OBJECTID": 91857, "ADD_ID_LOC": null, "ANUMBERPRE": null, "ANUMBER": 3435, "ANUMBERSUF": null, "ST_PRE_MOD": null, "ST_PRE_DIR": null, "ST_PRE_TYP": null, "ST_CONCAT": "Pennington Avenue South", "ST_NAME": "Pennington", "ST_POS_TYP": "Avenue", "ST_POS_DIR": "South", "ST_POS_MOD": null, "SUB_TYPE1": null, "SUB_ID1": null, "SUB_TYPE2": null, "SUB_ID2": null, "CO_CODE": "163", "CO_NAME": "Washington", "STATE_CODE": "MN", "ZIP": "55001", "ZIP4": null, "LOC_NAME": null, "LOC_DESC": null, "LANDMARK": null, "RESIDENCE": "Yes", "MAILABLE": null, "STATUS": null, "PIN": "2202820140046", "LONGITUDE": null, "LATITUDE": null, "SOURCE": null, "AAUTHORITY": null, "EDIT_ORG": null, "UPDATEDATE": null, "COMMENTS": null, "EX_KEY": "60131409-63D7-4C7B-A696-CE8BCDE96E40", "RT_ST_EX_KEY": null, "created_user": "DDMATZE", "created_date": 1514381621000, "last_edited_user": "DDMATZE", "last_edited_date": 1557844563000, "ESN": "3", "PS_MUNICODE": "A", "SERV_AREA": null, "PS_STNAME": "PENNINGTON AVE S", "CTU_NAME": "Afton", "CTU_ID_TXT": "02393887", "POSTCOMM": null, "PLACE_LOC": "3", "CEN_GEO": null, "UNI_WO_SUB": null, "USNG_CODE": null, "GIS911POC": null, "PSAP_CODE": "WASH", "MSAG_C": "Afton", "VERROR_911": null}}, {"type": "Feature", "id": 94472, "geometry": {"type": "Point", "coordinates": [-92.78619980917232, 44.90432597446177]}, "properties": {"OBJECTID": 94472, "ADD_ID_LOC": null, "ANUMBERPRE": null, "ANUMBER": 3100, "ANUMBERSUF": null, "ST_PRE_MOD": null, "ST_PRE_DIR": null, "ST_PRE_TYP": null, "ST_CONCAT": "Perrot Avenue South", "ST_NAME": "Perrot", "ST_POS_TYP": "Avenue", "ST_POS_DIR": "South", "ST_POS_MOD": null, "SUB_TYPE1": null, "SUB_ID1": null, "SUB_TYPE2": null, "SUB_ID2": null, "CO_CODE": "163", "CO_NAME": "Washington", "STATE_CODE": "MN", "ZIP": "55001", "ZIP4": null, "LOC_NAME": null, "LOC_DESC": null, "LANDMARK": null, "RESIDENCE": "Yes", "MAILABLE": null, "STATUS": null, "PIN": "2202820110051", "LONGITUDE": null, "LATITUDE": null, "SOURCE": null, "AAUTHORITY": null, "EDIT_ORG": null, "UPDATEDATE": null, "COMMENTS": null, "EX_KEY": "F0489B90-D742-4EA0-BE77-7E09D44048DA", "RT_ST_EX_KEY": null, "created_user": "DDMATZE", "created_date": 1514381621000, "last_edited_user": "DDMATZE", "last_edited_date": 1557844578000, "ESN": "3", "PS_MUNICODE": "A", "SERV_AREA": null, "PS_STNAME": "PERROT AVE S", "CTU_NAME": "Afton", "CTU_ID_TXT": "02393887", "POSTCOMM": null, "PLACE_LOC": "3", "CEN_GEO": null, "UNI_WO_SUB": null, "USNG_CODE": null, "GIS911POC": null, "PSAP_CODE": "WASH", "MSAG_C": "Afton", "VERROR_911": null}}, {"type": "Feature", "id": 95844, "geometry": {"type": "Point", "coordinates": [-92.78286005620228, 44.90222195964002]}, "properties": {"OBJECTID": 95844, "ADD_ID_LOC": null, "ANUMBERPRE": null, "ANUMBER": 3185, "ANUMBERSUF": null, "ST_PRE_MOD": null, "ST_PRE_DIR": null, "ST_PRE_TYP": null, "ST_CONCAT": "Saint Croix Trail South", "ST_NAME": "Saint Croix", "ST_POS_TYP": "Trail", "ST_POS_DIR": "South", "ST_POS_MOD": null, "SUB_TYPE1": null, "SUB_ID1": null, "SUB_TYPE2": null, "SUB_ID2": null, "CO_CODE": "163", "CO_NAME": "Washington", "STATE_CODE": "MN", "ZIP": "55001", "ZIP4": null, "LOC_NAME": null, "LOC_DESC": null, "LANDMARK": null, "RESIDENCE": "Yes", "MAILABLE": null, "STATUS": null, "PIN": "2202820110006", "LONGITUDE": null, "LATITUDE": null, "SOURCE": null, "AAUTHORITY": null, "EDIT_ORG": null, "UPDATEDATE": null, "COMMENTS": null, "EX_KEY": "A7350E73-3B0F-4C39-94B6-8D135B062406", "RT_ST_EX_KEY": null, "created_user": "DDMATZE", "created_date": 1514381621000, "last_edited_user": "DDMATZE", "last_edited_date": 1557844585000, "ESN": "3", "PS_MUNICODE": "A", "SERV_AREA": null, "PS_STNAME": "SAINT CROIX TRL S", "CTU_NAME": "Afton", "CTU_ID_TXT": "02393887", "POSTCOMM": null, "PLACE_LOC": "3", "CEN_GEO": null, "UNI_WO_SUB": null, "USNG_CODE": null, "GIS911POC": null, "PSAP_CODE": "WASH", "MSAG_C": "Afton", "VERROR_911": null}}, {"type": "Feature", "id": 96217, "geometry": {"type": "Point", "coordinates": [-92.7836504146505, 44.89991081814158]}, "properties": {"OBJECTID": 96217, "ADD_ID_LOC": null, "ANUMBERPRE": null, "ANUMBER": 3390, "ANUMBERSUF": null, "ST_PRE_MOD": null, "ST_PRE_DIR": null, "ST_PRE_TYP": null, "ST_CONCAT": "Saint Croix Trail South", "ST_NAME": "Saint Croix", "ST_POS_TYP": "Trail", "ST_POS_DIR": "South", "ST_POS_MOD": null, "SUB_TYPE1": null, "SUB_ID1": null, "SUB_TYPE2": null, "SUB_ID2": null, "CO_CODE": "163", "CO_NAME": "Washington", "STATE_CODE": "MN", "ZIP": "55001", "ZIP4": null, "LOC_NAME": null, "LOC_DESC": null, "LANDMARK": null, "RESIDENCE": "Yes", "MAILABLE": null, "STATUS": null, "PIN": "2202820140037", "LONGITUDE": null, "LATITUDE": null, "SOURCE": null, "AAUTHORITY": null, "EDIT_ORG": null, "UPDATEDATE": null, "COMMENTS": null, "EX_KEY": "39AD9EE6-DBA3-4B39-8C38-EC2A49AB9C80", "RT_ST_EX_KEY": null, "created_user": "DDMATZE", "created_date": 1514381621000, "last_edited_user": "DDMATZE", "last_edited_date": 1557844588000, "ESN": "3", "PS_MUNICODE": "A", "SERV_AREA": null, "PS_STNAME": "SAINT CROIX TRL S", "CTU_NAME": "Afton", "CTU_ID_TXT": "02393887", "POSTCOMM": null, "PLACE_LOC": "3", "CEN_GEO": null, "UNI_WO_SUB": null, "USNG_CODE": null, "GIS911POC": null, "PSAP_CODE": "WASH", "MSAG_C": "Afton", "VERROR_911": null}}, {"type": "Feature", "id": 96502, "geometry": {"type": "Point", "coordinates": [-92.78404875010536, 44.89850130794487]}, "properties": {"OBJECTID": 96502, "ADD_ID_LOC": null, "ANUMBERPRE": null, "ANUMBER": 15885, "ANUMBERSUF": null, "ST_PRE_MOD": null, "ST_PRE_DIR": null, "ST_PRE_TYP": null, "ST_CONCAT": "Upper 34th Street South", "ST_NAME": "Upper 34th", "ST_POS_TYP": "Street", "ST_POS_DIR": "South", "ST_POS_MOD": null, "SUB_TYPE1": null, "SUB_ID1": null, "SUB_TYPE2": null, "SUB_ID2": null, "CO_CODE": "163", "CO_NAME": "Washington", "STATE_CODE": "MN", "ZIP": "55001", "ZIP4": null, "LOC_NAME": null, "LOC_DESC": null, "LANDMARK": null, "RESIDENCE": "Yes", "MAILABLE": null, "STATUS": null, "PIN": "2202820140044", "LONGITUDE": null, "LATITUDE": null, "SOURCE": null, "AAUTHORITY": null, "EDIT_ORG": null, "UPDATEDATE": null, "COMMENTS": null, "EX_KEY": "95F33252-6931-4B9E-A03F-698FE1481FE9", "RT_ST_EX_KEY": null, "created_user": "DDMATZE", "created_date": 1514381621000, "last_edited_user": "DDMATZE", "last_edited_date": 1557844589000, "ESN": "3", "PS_MUNICODE": "A", "SERV_AREA": null, "PS_STNAME": "UPPER 34TH ST S", "CTU_NAME": "Afton", "CTU_ID_TXT": "02393887", "POSTCOMM": null, "PLACE_LOC": "3", "CEN_GEO": null, "UNI_WO_SUB": null, "USNG_CODE": null, "GIS911POC": null, "PSAP_CODE": "WASH", "MSAG_C": "Afton", "VERROR_911": null}}, {"type": "Feature", "id": 98376, "geometry": {"type": "Point", "coordinates": [-92.78646056045488, 44.89996747101259]}, "properties": {"OBJECTID": 98376, "ADD_ID_LOC": null, "ANUMBERPRE": null, "ANUMBER": 3364, "ANUMBERSUF": null, "ST_PRE_MOD": null, "ST_PRE_DIR": null, "ST_PRE_TYP": null, "ST_CONCAT": "Pennington Avenue South", "ST_NAME": "Pennington", "ST_POS_TYP": "Avenue", "ST_POS_DIR": "South", "ST_POS_MOD": null, "SUB_TYPE1": null, "SUB_ID1": null, "SUB_TYPE2": null, "SUB_ID2": null, "CO_CODE": "163", "CO_NAME": "Washington", "STATE_CODE": "MN", "ZIP": "55001", "ZIP4": null, "LOC_NAME": null, "LOC_DESC": null, "LANDMARK": null, "RESIDENCE": "Yes", "MAILABLE": null, "STATUS": null, "PIN": "2202820140056", "LONGITUDE": null, "LATITUDE": null, "SOURCE": null, "AAUTHORITY": null, "EDIT_ORG": null, "UPDATEDATE": null, "COMMENTS": null, "EX_KEY": "4F187087-B31F-4ED0-8262-BCC3D0611393", "RT_ST_EX_KEY": null, "created_user": "DDMATZE", "created_date": 1514381621000, "last_edited_user": "DDMATZE", "last_edited_date": 1557844600000, "ESN": "3", "PS_MUNICODE": "A", "SERV_AREA": null, "PS_STNAME": "PENNINGTON AVE S", "CTU_NAME": "Afton", "CTU_ID_TXT": "02393887", "POSTCOMM": null, "PLACE_LOC": "3", "CEN_GEO": null, "UNI_WO_SUB": null, "USNG_CODE": null, "GIS911POC": null, "PSAP_CODE": "WASH", "MSAG_C": "Afton", "VERROR_911": null}}, {"type": "Feature", "id": 101071, "geometry": {"type": "Point", "coordinates": [-92.7808646599027, 44.90440791892443]}, "properties": {"OBJECTID": 101071, "ADD_ID_LOC": null, "ANUMBERPRE": null, "ANUMBER": 16071, "ANUMBERSUF": null, "ST_PRE_MOD": null, "ST_PRE_DIR": null, "ST_PRE_TYP": null, "ST_CONCAT": "31st Street South", "ST_NAME": "31st", "ST_POS_TYP": "Street", "ST_POS_DIR": "South", "ST_POS_MOD": null, "SUB_TYPE1": "Building", "SUB_ID1": "Pool", "SUB_TYPE2": null, "SUB_ID2": null, "CO_CODE": "163", "CO_NAME": "Washington", "STATE_CODE": "MN", "ZIP": "55001", "ZIP4": null, "LOC_NAME": "Pool", "LOC_DESC": "Afton Marina &Yacht Club", "LANDMARK": "Marina", "RESIDENCE": "No", "MAILABLE": null, "STATUS": null, "PIN": "2302820220003", "LONGITUDE": null, "LATITUDE": null, "SOURCE": null, "AAUTHORITY": null, "EDIT_ORG": null, "UPDATEDATE": null, "COMMENTS": null, "EX_KEY": "67E9A907-A01F-4BD1-8D3F-4F46CC09C482", "RT_ST_EX_KEY": null, "created_user": "CEEICKH", "created_date": 1522951653000, "last_edited_user": "DDMATZE", "last_edited_date": 1662491087000, "ESN": "3", "PS_MUNICODE": "A", "SERV_AREA": null, "PS_STNAME": "31ST ST S", "CTU_NAME": "Afton", "CTU_ID_TXT": "02393887", "POSTCOMM": null, "PLACE_LOC": "3", "CEN_GEO": null, "UNI_WO_SUB": null, "USNG_CODE": null, "GIS911POC": null, "PSAP_CODE": "WASH", "MSAG_C": "Afton", "VERROR_911": null}}, {"type": "Feature", "id": 101072, "geometry": {"type": "Point", "coordinates": [-92.78000734372814, 44.90229817161041]}, "properties": {"OBJECTID": 101072, "ADD_ID_LOC": null, "ANUMBERPRE": null, "ANUMBER": 16071, "ANUMBERSUF": null, "ST_PRE_MOD": null, "ST_PRE_DIR": null, "ST_PRE_TYP": null, "ST_CONCAT": "31st Street South", "ST_NAME": "31st", "ST_POS_TYP": "Street", "ST_POS_DIR": "South", "ST_POS_MOD": null, "SUB_TYPE1": "Building", "SUB_ID1": "Canvas", "SUB_TYPE2": null, "SUB_ID2": null, "CO_CODE": "163", "CO_NAME": "Washington", "STATE_CODE": "MN", "ZIP": "55001", "ZIP4": null, "LOC_NAME": "Canvas Building", "LOC_DESC": "Afton Marina &Yacht Club", "LANDMARK": "Marina", "RESIDENCE": "No", "MAILABLE": null, "STATUS": null, "PIN": "2302820220003", "LONGITUDE": null, "LATITUDE": null, "SOURCE": null, "AAUTHORITY": null, "EDIT_ORG": null, "UPDATEDATE": null, "COMMENTS": null, "EX_KEY": "F6494C4E-0159-448B-8A6C-54A7234AF507", "RT_ST_EX_KEY": null, "created_user": "CEEICKH", "created_date": 1522951669000, "last_edited_user": "DDMATZE", "last_edited_date": 1662491087000, "ESN": "3", "PS_MUNICODE": "A", "SERV_AREA": null, "PS_STNAME": "31ST ST S", "CTU_NAME": "Afton", "CTU_ID_TXT": "02393887", "POSTCOMM": null, "PLACE_LOC": "3", "CEN_GEO": null, "UNI_WO_SUB": null, "USNG_CODE": null, "GIS911POC": null, "PSAP_CODE": "WASH", "MSAG_C": "Afton", "VERROR_911": null}}, {"type": "Feature", "id": 101316, "geometry": {"type": "Point", "coordinates": [-92.78260038559299, 44.901322298759936]}, "properties": {"OBJECTID": 101316, "ADD_ID_LOC": null, "ANUMBERPRE": null, "ANUMBER": 3235, "ANUMBERSUF": null, "ST_PRE_MOD": null, "ST_PRE_DIR": null, "ST_PRE_TYP": null, "ST_CONCAT": "Saint Croix Trail South", "ST_NAME": "Saint Croix", "ST_POS_TYP": "Trail", "ST_POS_DIR": "South", "ST_POS_MOD": null, "SUB_TYPE1": null, "SUB_ID1": null, "SUB_TYPE2": null, "SUB_ID2": null, "CO_CODE": "163", "CO_NAME": "Washington", "STATE_CODE": "MN", "ZIP": "55001", "ZIP4": null, "LOC_NAME": null, "LOC_DESC": "", "LANDMARK": null, "RESIDENCE": "No", "MAILABLE": null, "STATUS": null, "PIN": "2202820140062", "LONGITUDE": null, "LATITUDE": null, "SOURCE": null, "AAUTHORITY": null, "EDIT_ORG": null, "UPDATEDATE": null, "COMMENTS": null, "EX_KEY": "5D5683EC-D2DF-4755-A847-C29A60733268", "RT_ST_EX_KEY": null, "created_user": "CEEICKH", "created_date": 1524150519000, "last_edited_user": "DDMATZE", "last_edited_date": 1691755200000, "ESN": "3", "PS_MUNICODE": "A", "SERV_AREA": null, "PS_STNAME": "SAINT CROIX TRL S", "CTU_NAME": "Afton", "CTU_ID_TXT": "02393887", "POSTCOMM": null, "PLACE_LOC": "3", "CEN_GEO": null, "UNI_WO_SUB": null, "USNG_CODE": null, "GIS911POC": null, "PSAP_CODE": "WASH", "MSAG_C": "Afton", "VERROR_911": null}}, {"type": "Feature", "id": 107761, "geometry": {"type": "Point", "coordinates": [-92.78356963005531, 44.90096508257205]}, "properties": {"OBJECTID": 107761, "ADD_ID_LOC": null, "ANUMBERPRE": null, "ANUMBER": 3290, "ANUMBERSUF": null, "ST_PRE_MOD": null, "ST_PRE_DIR": null, "ST_PRE_TYP": null, "ST_CONCAT": "Saint Croix Trail South", "ST_NAME": "Saint Croix", "ST_POS_TYP": "Trail", "ST_POS_DIR": "South", "ST_POS_MOD": null, "SUB_TYPE1": null, "SUB_ID1": null, "SUB_TYPE2": null, "SUB_ID2": null, "CO_CODE": "163", "CO_NAME": "Washington", "STATE_CODE": "MN", "ZIP": "55001", "ZIP4": null, "LOC_NAME": null, "LOC_DESC": "", "LANDMARK": null, "RESIDENCE": "No", "MAILABLE": null, "STATUS": null, "PIN": "2202820140029", "LONGITUDE": null, "LATITUDE": null, "SOURCE": null, "AAUTHORITY": null, "EDIT_ORG": null, "UPDATEDATE": null, "COMMENTS": null, "EX_KEY": "183D8ACC-1AD7-4BC1-9AAB-52B8B898DBFD", "RT_ST_EX_KEY": null, "created_user": "CEEICKH", "created_date": 1548703069000, "last_edited_user": "DDMATZE", "last_edited_date": 1654177532000, "ESN": "3", "PS_MUNICODE": "A", "SERV_AREA": null, "PS_STNAME": "SAINT CROIX TRL S", "CTU_NAME": "Afton", "CTU_ID_TXT": "02393887", "POSTCOMM": null, "PLACE_LOC": "3", "CEN_GEO": null, "UNI_WO_SUB": null, "USNG_CODE": null, "GIS911POC": null, "PSAP_CODE": "WASH", "MSAG_C": "Afton", "VERROR_911": null}}, {"type": "Feature", "id": 108954, "geometry": {"type": "Point", "coordinates": [-92.78429774154256, 44.8958151919475]}, "properties": {"OBJECTID": 108954, "ADD_ID_LOC": null, "ANUMBERPRE": null, "ANUMBER": 15880, "ANUMBERSUF": null, "ST_PRE_MOD": null, "ST_PRE_DIR": null, "ST_PRE_TYP": null, "ST_CONCAT": "37th Street South", "ST_NAME": "37th", "ST_POS_TYP": "Street", "ST_POS_DIR": "South", "ST_POS_MOD": null, "SUB_TYPE1": null, "SUB_ID1": null, "SUB_TYPE2": null, "SUB_ID2": null, "CO_CODE": "163", "CO_NAME": "Washington", "STATE_CODE": "MN", "ZIP": "55001", "ZIP4": null, "LOC_NAME": null, "LOC_DESC": null, "LANDMARK": null, "RESIDENCE": "Yes", "MAILABLE": null, "STATUS": null, "PIN": "2202820410055", "LONGITUDE": null, "LATITUDE": null, "SOURCE": null, "AAUTHORITY": null, "EDIT_ORG": null, "UPDATEDATE": null, "COMMENTS": null, "EX_KEY": "56A1A57C-C0F7-4707-8506-EB1A398AC00B", "RT_ST_EX_KEY": null, "created_user": "DDMATZE", "created_date": 1565714160000, "last_edited_user": "DDMATZE", "last_edited_date": 1668790974000, "ESN": "3", "PS_MUNICODE": "A", "SERV_AREA": null, "PS_STNAME": "37TH ST S", "CTU_NAME": "Afton", "CTU_ID_TXT": "02393887", "POSTCOMM": null, "PLACE_LOC": "1", "CEN_GEO": null, "UNI_WO_SUB": null, "USNG_CODE": null, "GIS911POC": null, "PSAP_CODE": "WASH", "MSAG_C": "Afton", "VERROR_911": null}}, {"type": "Feature", "id": 110589, "geometry": {"type": "Point", "coordinates": [-92.7829417004852, 44.90362405322253]}, "properties": {"OBJECTID": 110589, "ADD_ID_LOC": null, "ANUMBERPRE": null, "ANUMBER": 3121, "ANUMBERSUF": null, "ST_PRE_MOD": null, "ST_PRE_DIR": null, "ST_PRE_TYP": null, "ST_CONCAT": "Saint Croix Trail South", "ST_NAME": "Saint Croix", "ST_POS_TYP": "Trail", "ST_POS_DIR": "South", "ST_POS_MOD": null, "SUB_TYPE1": null, "SUB_ID1": null, "SUB_TYPE2": null, "SUB_ID2": null, "CO_CODE": "163", "CO_NAME": "Washington", "STATE_CODE": "MN", "ZIP": "55001", "ZIP4": null, "LOC_NAME": null, "LOC_DESC": null, "LANDMARK": null, "RESIDENCE": "No", "MAILABLE": null, "STATUS": null, "PIN": "2202820110008", "LONGITUDE": null, "LATITUDE": null, "SOURCE": null, "AAUTHORITY": null, "EDIT_ORG": null, "UPDATEDATE": null, "COMMENTS": null, "EX_KEY": "56C709E4-9430-41A1-9D37-6B9118BC2FB6", "RT_ST_EX_KEY": null, "created_user": "DDMATZE", "created_date": 1580934548000, "last_edited_user": "DDMATZE", "last_edited_date": 1674596182000, "ESN": "3", "PS_MUNICODE": "A", "SERV_AREA": null, "PS_STNAME": "SAINT CROIX TRL S", "CTU_NAME": "Afton", "CTU_ID_TXT": "02393887", "POSTCOMM": null, "PLACE_LOC": "3", "CEN_GEO": null, "UNI_WO_SUB": null, "USNG_CODE": null, "GIS911POC": null, "PSAP_CODE": "WASH", "MSAG_C": "Afton", "VERROR_911": null}}, {"type": "Feature", "id": 115846, "geometry": {"type": "Point", "coordinates": [-92.78297808854241, 44.898681495061545]}, "properties": {"OBJECTID": 115846, "ADD_ID_LOC": null, "ANUMBERPRE": null, "ANUMBER": 3451, "ANUMBERSUF": null, "ST_PRE_MOD": null, "ST_PRE_DIR": null, "ST_PRE_TYP": null, "ST_CONCAT": "Saint Croix Trail South", "ST_NAME": "Saint Croix", "ST_POS_TYP": "Trail", "ST_POS_DIR": "South", "ST_POS_MOD": null, "SUB_TYPE1": null, "SUB_ID1": null, "SUB_TYPE2": null, "SUB_ID2": null, "CO_CODE": "163", "CO_NAME": "Washington", "STATE_CODE": "MN", "ZIP": "55001", "ZIP4": null, "LOC_NAME": null, "LOC_DESC": "Steamboat Park", "LANDMARK": null, "RESIDENCE": "No", "MAILABLE": null, "STATUS": null, "PIN": null, "LONGITUDE": null, "LATITUDE": null, "SOURCE": null, "AAUTHORITY": null, "EDIT_ORG": null, "UPDATEDATE": null, "COMMENTS": null, "EX_KEY": "8B5A9F42-BD57-480D-B70F-AF5B1FC9CA82", "RT_ST_EX_KEY": null, "created_user": "DDMATZE", "created_date": 1632849749000, "last_edited_user": "DDMATZE", "last_edited_date": 1632858262000, "ESN": "3", "PS_MUNICODE": "A", "SERV_AREA": null, "PS_STNAME": "SAINT CROIX TRL S", "CTU_NAME": "Afton", "CTU_ID_TXT": "02393887", "POSTCOMM": null, "PLACE_LOC": "3", "CEN_GEO": null, "UNI_WO_SUB": null, "USNG_CODE": null, "GIS911POC": null, "PSAP_CODE": "WASH", "MSAG_C": "Afton", "VERROR_911": null}}, {"type": "Feature", "id": 117307, "geometry": {"type": "Point", "coordinates": [-92.78218795018144, 44.90263698202265]}, "properties": {"OBJECTID": 117307, "ADD_ID_LOC": null, "ANUMBERPRE": null, "ANUMBER": 15955, "ANUMBERSUF": null, "ST_PRE_MOD": null, "ST_PRE_DIR": null, "ST_PRE_TYP": null, "ST_CONCAT": "Afton Boulevard South", "ST_NAME": "Afton", "ST_POS_TYP": "Boulevard", "ST_POS_DIR": "South", "ST_POS_MOD": null, "SUB_TYPE1": null, "SUB_ID1": null, "SUB_TYPE2": null, "SUB_ID2": null, "CO_CODE": "163", "CO_NAME": "Washington", "STATE_CODE": "MN", "ZIP": "55001", "ZIP4": null, "LOC_NAME": null, "LOC_DESC": null, "LANDMARK": null, "RESIDENCE": "Yes", "MAILABLE": null, "STATUS": null, "PIN": "2202820110059", "LONGITUDE": null, "LATITUDE": null, "SOURCE": null, "AAUTHORITY": null, "EDIT_ORG": null, "UPDATEDATE": null, "COMMENTS": null, "EX_KEY": "AFEBB043-37EC-4EB1-94FD-7DA7F78ED18D", "RT_ST_EX_KEY": null, "created_user": "DDMATZE", "created_date": 1645107864000, "last_edited_user": "DDMATZE", "last_edited_date": 1645107864000, "ESN": "3", "PS_MUNICODE": "A", "SERV_AREA": null, "PS_STNAME": "AFTON BLVD S", "CTU_NAME": "Afton", "CTU_ID_TXT": "02393887", "POSTCOMM": null, "PLACE_LOC": "3", "CEN_GEO": null, "UNI_WO_SUB": null, "USNG_CODE": null, "GIS911POC": null, "PSAP_CODE": "WASH", "MSAG_C": "Afton", "VERROR_911": null}}]}