{"type": "FeatureCollection", "features": [{"type": "Feature", "id": 42444, "geometry": {"type": "Polygon", "coordinates": [[[-92.77858812146192, 44.90998915626951], [-92.77862015628327, 44.90999582302927], [-92.7797313534251, 44.9102270590401], [-92.7798344728332, 44.90997152838337], [-92.77983700338734, 44.90996537376357], [-92.78020740483012, 44.910042450245285], [-92.78021613914964, 44.91002073668905], [-92.78022485280789, 44.90999906702249], [-92.78023357814425, 44.90997737698931], [-92.78024228910755, 44.90995571684949], [-92.7802506667959, 44.90993395427282], [-92.7802590480775, 44.90991218087253], [-92.78026741408775, 44.90989045136197], [-92.78027578279293, 44.909868707210514], [-92.78028381822315, 44.90984686634793], [-92.78029184017863, 44.90982505219757], [-92.78029987021895, 44.909803222133846], [-92.78030788408961, 44.909781432778935], [-92.7803157892641, 44.909759298592874], [-92.78034694104153, 44.909669332845986], [-92.78037605004998, 44.90958086522456], [-92.78042996513672, 44.909403247557705], [-92.78045476402846, 44.909314118505094], [-92.78048033457303, 44.90921595512591], [-92.78048732975412, 44.90918790332567], [-92.78049159136184, 44.90917032609069], [-92.78050265860614, 44.90912467411561], [-92.78054259590704, 44.90894156515264], [-92.78059454098835, 44.90868355326288], [-92.78062242289813, 44.90868282924864], [-92.78112915266843, 44.90866967738169], [-92.781224526244, 44.90849523772338], [-92.78132477388347, 44.90832355276744], [-92.78142981608708, 44.908154758665745], [-92.78153956955293, 44.9079889892776], [-92.78165394724286, 44.90782637606363], [-92.78177285845157, 44.907667047981505], [-92.78182210319714, 44.907603553063645], [-92.78202014039479, 44.90735097176322], [-92.7822774448416, 44.9070227938952], [-92.78238503288111, 44.90688247992678], [-92.78248688827398, 44.90673795077773], [-92.78258284606461, 44.90658944051411], [-92.78267275084862, 44.90643718964944], [-92.78275645702453, 44.90628144475515], [-92.78283382902954, 44.9061224580613], [-92.78290474155911, 44.90596048704805], [-92.78296907976984, 44.905795794028705], [-92.7830267394655, 44.90562864572486], [-92.78307762726578, 44.90545931283448], [-92.78305611530968, 44.905459408908555], [-92.78278232767569, 44.90546062033253], [-92.78267018289392, 44.90546111597289], [-92.78188725620807, 44.905464574639], [-92.78175509875841, 44.90546515871833], [-92.7817577029744, 44.90478389037976], [-92.7816229152576, 44.905468586844094], [-92.7810353290269, 44.905483842892004], [-92.78084664329137, 44.90644265428417], [-92.7806729091154, 44.90732545570754], [-92.7804817215718, 44.907306449562995], [-92.78047698206036, 44.90733053537902], [-92.77948808964616, 44.907356173588795], [-92.77952618719735, 44.90739177070704], [-92.77956931711077, 44.90742973139874], [-92.77960483380217, 44.90747633651978], [-92.77963622722639, 44.907543085253394], [-92.77966510177457, 44.90761033398496], [-92.77967047998818, 44.907653237386306], [-92.77967549528242, 44.90769664655639], [-92.77967217870238, 44.90774818730826], [-92.77965270682027, 44.90779940226615], [-92.77965095510548, 44.90783614749744], [-92.77963566667765, 44.907857352262354], [-92.77962783067345, 44.90789616773316], [-92.77960724398208, 44.90799811380934], [-92.77957161949286, 44.90806776057013], [-92.77953697955718, 44.90815774091205], [-92.77957141467697, 44.90828866320639], [-92.779651908218, 44.90843596911996], [-92.77974992250033, 44.90859094934728], [-92.77975542468144, 44.90859964961982], [-92.77977834878918, 44.908722384081145], [-92.77966307697193, 44.90881232713409], [-92.7795018284801, 44.908795887973135], [-92.77919092605185, 44.90868119862596], [-92.77904014203477, 44.908658173949135], [-92.77886844433958, 44.908631956090176], [-92.77881537456754, 44.908615173320435], [-92.77866116796925, 44.90856640407405], [-92.77830164602285, 44.90840071875182], [-92.77857716560871, 44.908621345898865], [-92.77858812146192, 44.90998915626951]]]}, "properties": {"PIN": "1402820330005", "TAXPIN": "14.028.20.33.0005               ", "Acres_Poly": 18.53, "USE1_DESC": "100", "USE2_DESC": "", "PLAT_NAME": "", "BLOCK": "", "LOT": "", "YEAR_BUILT": 1923, "SITUS_ADDRESS": "2803 ST CROIX TRL S, CITY OF AFTON", "BLDG_NUM": "2803", "CITY": "CITY OF AFTON", "ZIP": "55001"}}, {"type": "Feature", "id": 46096, "geometry": {"type": "Polygon", "coordinates": [[[-92.78836893246134, 44.906107868917395], [-92.78837746016832, 44.907096376944885], [-92.78837746735483, 44.90709723586072], [-92.78927433545303, 44.90761665745742], [-92.78936299647663, 44.907533290506855], [-92.79080402085481, 44.90617827891641], [-92.79088981715097, 44.90609760055995], [-92.79152962963566, 44.90609498559289], [-92.79152473651233, 44.90542162443013], [-92.7902257438654, 44.90542746077401], [-92.78976008147662, 44.905429548954444], [-92.78886816758722, 44.90479999474318], [-92.78886793043199, 44.90446345072237], [-92.78835894948357, 44.90442994573383], [-92.7881250820825, 44.904414550700736], [-92.78718227773395, 44.904140124445725], [-92.78683007795544, 44.904147803547794], [-92.78683052351982, 44.90481187624958], [-92.78683067174184, 44.90503128792344], [-92.788083333778, 44.90543705482365], [-92.78836408694869, 44.90543579949779], [-92.78836893246134, 44.906107868917395]]]}, "properties": {"PIN": "1502820430015", "TAXPIN": "15.028.20.43.0015               ", "Acres_Poly": 14.73, "USE1_DESC": "100", "USE2_DESC": "", "PLAT_NAME": "", "BLOCK": "", "LOT": "", "YEAR_BUILT": 1975, "SITUS_ADDRESS": "15707 AFTON HILLS DR S, CITY OF AFTON", "BLDG_NUM": "15707", "CITY": "CITY OF AFTON", "ZIP": "55001"}}, {"type": "Feature", "id": 79363, "geometry": {"type": "Polygon", "coordinates": [[[-92.7824846062276, 44.90258144527897], [-92.78306784640898, 44.90258264785556], [-92.78306896391317, 44.902308385925814], [-92.78248583602122, 44.90230718270715], [-92.7824846062276, 44.90258144527897]]]}, "properties": {"PIN": "2202820110004", "TAXPIN": "22.028.20.11.0004               ", "Acres_Poly": 0.35, "USE1_DESC": "958", "USE2_DESC": "", "PLAT_NAME": "AFTON", "BLOCK": "8", "LOT": "1", "YEAR_BUILT": null, "SITUS_ADDRESS": "3165 ST CROIX TRL S, CITY OF AFTON", "BLDG_NUM": "3165", "CITY": "CITY OF AFTON", "ZIP": "55001"}}, {"type": "Feature", "id": 79364, "geometry": {"type": "Polygon", "coordinates": [[[-92.78248399177996, 44.90271857639236], [-92.78306728675855, 44.90271977896613], [-92.78306784640898, 44.90258264785556], [-92.7824846062276, 44.90258144527897], [-92.78248399177996, 44.90271857639236]]]}, "properties": {"PIN": "2202820110005", "TAXPIN": "22.028.20.11.0005               ", "Acres_Poly": 0.17, "USE1_DESC": "100", "USE2_DESC": "", "PLAT_NAME": "AFTON", "BLOCK": "8", "LOT": "1", "YEAR_BUILT": 1928, "SITUS_ADDRESS": "15909 AFTON BLVD S, CITY OF AFTON", "BLDG_NUM": "15909", "CITY": "CITY OF AFTON", "ZIP": "55001"}}, {"type": "Feature", "id": 79365, "geometry": {"type": "Polygon", "coordinates": [[[-92.78306896391317, 44.902308385925814], [-92.78307064106781, 44.90189699248683], [-92.78248768026249, 44.90189579053216], [-92.78248583602122, 44.90230718270715], [-92.78306896391317, 44.902308385925814]]]}, "properties": {"PIN": "2202820110006", "TAXPIN": "22.028.20.11.0006               ", "Acres_Poly": 0.52, "USE1_DESC": "300", "USE2_DESC": "", "PLAT_NAME": "AFTON", "BLOCK": "8", "LOT": "4", "YEAR_BUILT": null, "SITUS_ADDRESS": "3185 ST CROIX TRL S, CITY OF AFTON", "BLDG_NUM": "3185", "CITY": "CITY OF AFTON", "ZIP": "55001"}}, {"type": "Feature", "id": 79366, "geometry": {"type": "Polygon", "coordinates": [[[-92.78306303772725, 44.90376197527879], [-92.7830647148819, 44.90335058142471], [-92.78248116118849, 44.90334937822789], [-92.78247931784553, 44.90376077081801], [-92.78306303772725, 44.90376197527879]]]}, "properties": {"PIN": "2202820110008", "TAXPIN": "22.028.20.11.0008               ", "Acres_Poly": 0.52, "USE1_DESC": "300", "USE2_DESC": "", "PLAT_NAME": "AFTON", "BLOCK": "9", "LOT": "1", "YEAR_BUILT": null, "SITUS_ADDRESS": "3121 ST CROIX TRL S, CITY OF AFTON", "BLDG_NUM": "3121", "CITY": "CITY OF AFTON", "ZIP": "55001"}}, {"type": "Feature", "id": 79367, "geometry": {"type": "Polygon", "coordinates": [[[-92.78248116118849, 44.90334937822789], [-92.7830647148819, 44.90335058142471], [-92.78306639203652, 44.90293918844437], [-92.7824830072264, 44.90293798587519], [-92.78248116118849, 44.90334937822789]]]}, "properties": {"PIN": "2202820110009", "TAXPIN": "22.028.20.11.0009               ", "Acres_Poly": 0.52, "USE1_DESC": "100", "USE2_DESC": "", "PLAT_NAME": "AFTON", "BLOCK": "9", "LOT": "4", "YEAR_BUILT": 1901, "SITUS_ADDRESS": "15904 AFTON BLVD S, CITY OF AFTON", "BLDG_NUM": "15904", "CITY": "CITY OF AFTON", "ZIP": "55001"}}, {"type": "Feature", "id": 79368, "geometry": {"type": "Polygon", "coordinates": [[[-92.78234609589225, 44.90334909953923], [-92.78248116118849, 44.90334937822789], [-92.7824830072264, 44.90293798587519], [-92.78189962331459, 44.90293677948833], [-92.78189761108834, 44.90334817184962], [-92.78234609589225, 44.90334909953923]]]}, "properties": {"PIN": "2202820110010", "TAXPIN": "22.028.20.11.0010               ", "Acres_Poly": 0.52, "USE1_DESC": "100", "USE2_DESC": "", "PLAT_NAME": "AFTON", "BLOCK": "", "LOT": "", "YEAR_BUILT": 1890, "SITUS_ADDRESS": "15954 AFTON BLVD S, CITY OF AFTON", "BLDG_NUM": "15954", "CITY": "CITY OF AFTON", "ZIP": "55001"}}, {"type": "Feature", "id": 79369, "geometry": {"type": "Polygon", "coordinates": [[[-92.78239940281952, 44.90376060666015], [-92.78247931784553, 44.90376077081801], [-92.78248116118849, 44.90334937822789], [-92.78234609589225, 44.90334909953923], [-92.78239940281952, 44.90376060666015]]]}, "properties": {"PIN": "2202820110011", "TAXPIN": "22.028.20.11.0011               ", "Acres_Poly": 0.1, "USE1_DESC": "300", "USE2_DESC": "", "PLAT_NAME": "AFTON", "BLOCK": "9", "LOT": "10", "YEAR_BUILT": null, "SITUS_ADDRESS": "", "BLDG_NUM": "", "CITY": "CITY OF AFTON", "ZIP": ""}}, {"type": "Feature", "id": 79370, "geometry": {"type": "Polygon", "coordinates": [[[-92.78189559706549, 44.90375956444843], [-92.78239940281952, 44.90376060666015], [-92.78234609589225, 44.90334909953923], [-92.78189761108834, 44.90334817184962], [-92.78189559706549, 44.90375956444843]]]}, "properties": {"PIN": "2202820110012", "TAXPIN": "22.028.20.11.0012               ", "Acres_Poly": 0.42, "USE1_DESC": "100", "USE2_DESC": "", "PLAT_NAME": "AFTON", "BLOCK": "9", "LOT": "10", "YEAR_BUILT": 1964, "SITUS_ADDRESS": "15953 31ST ST S, CITY OF AFTON", "BLDG_NUM": "15953", "CITY": "CITY OF AFTON", "ZIP": "55001"}}, {"type": "Feature", "id": 79371, "geometry": {"type": "Polygon", "coordinates": [[[-92.78189513622974, 44.90452750392958], [-92.78248103183108, 44.90452871473688], [-92.78248131210546, 44.90446014915303], [-92.78248327492435, 44.90398019032124], [-92.78190440684347, 44.9039789935003], [-92.78189513622974, 44.90452750392958]]]}, "properties": {"PIN": "2202820110013", "TAXPIN": "22.028.20.11.0013               ", "Acres_Poly": 0.69, "USE1_DESC": "100", "USE2_DESC": "", "PLAT_NAME": "AFTON", "BLOCK": "10", "LOT": "7", "YEAR_BUILT": 1988, "SITUS_ADDRESS": "3070 PIKE AVE S, CITY OF AFTON", "BLDG_NUM": "3070", "CITY": "CITY OF AFTON", "ZIP": "55001"}}, {"type": "Feature", "id": 79372, "geometry": {"type": "Polygon", "coordinates": [[[-92.78248131210546, 44.90446014915303], [-92.78303921171097, 44.90446130015304], [-92.78306018467791, 44.90446134278268], [-92.78306046495227, 44.9043927777547], [-92.7830621421069, 44.90398138459713], [-92.78248327492435, 44.90398019032124], [-92.78248131210546, 44.90446014915303]]]}, "properties": {"PIN": "2202820110014", "TAXPIN": "22.028.20.11.0014               ", "Acres_Poly": 0.6, "USE1_DESC": "100", "USE2_DESC": "", "PLAT_NAME": "AFTON", "BLOCK": "", "LOT": "", "YEAR_BUILT": 1880, "SITUS_ADDRESS": "3085 ST CROIX TRL S, CITY OF AFTON", "BLDG_NUM": "3085", "CITY": "CITY OF AFTON", "ZIP": "55001"}}, {"type": "Feature", "id": 79373, "geometry": {"type": "Polygon", "coordinates": [[[-92.78189049912623, 44.90480175845415], [-92.78293294550444, 44.904803911555774], [-92.78305878779764, 44.90480416987707], [-92.78306018467791, 44.90446134278268], [-92.78303921171097, 44.90446130015304], [-92.78248131210546, 44.90446014915303], [-92.78248103183108, 44.90452871473688], [-92.78189513622974, 44.90452750392958], [-92.78189049912623, 44.90480175845415]]]}, "properties": {"PIN": "2202820110015", "TAXPIN": "22.028.20.11.0015               ", "Acres_Poly": 0.78, "USE1_DESC": "100", "USE2_DESC": "", "PLAT_NAME": "AFTON", "BLOCK": "10", "LOT": "1", "YEAR_BUILT": 1946, "SITUS_ADDRESS": "3055 ST CROIX TRL S, CITY OF AFTON", "BLDG_NUM": "3055", "CITY": "CITY OF AFTON", "ZIP": "55001"}}, {"type": "Feature", "id": 79378, "geometry": {"type": "Polygon", "coordinates": [[[-92.78452527312592, 44.904807181928646], [-92.78452694129741, 44.90439578791906], [-92.78336919705082, 44.90439341210982], [-92.78336752169281, 44.90480480613641], [-92.78452527312592, 44.904807181928646]]]}, "properties": {"PIN": "2202820110020", "TAXPIN": "22.028.20.11.0020               ", "Acres_Poly": 1.03, "USE1_DESC": "100", "USE2_DESC": "", "PLAT_NAME": "AFTON", "BLOCK": "13", "LOT": "1", "YEAR_BUILT": 1890, "SITUS_ADDRESS": "3060 ST CROIX TRL S, CITY OF AFTON", "BLDG_NUM": "3060", "CITY": "CITY OF AFTON", "ZIP": "55001"}}, {"type": "Feature", "id": 79379, "geometry": {"type": "Polygon", "coordinates": [[[-92.78452694129741, 44.90439578791906], [-92.78452860767226, 44.90398439478303], [-92.78337087240881, 44.90398201895673], [-92.78336919705082, 44.90439341210982], [-92.78452694129741, 44.90439578791906]]]}, "properties": {"PIN": "2202820110021", "TAXPIN": "22.028.20.11.0021               ", "Acres_Poly": 1.03, "USE1_DESC": "110", "USE2_DESC": "", "PLAT_NAME": "AFTON", "BLOCK": "13", "LOT": "7", "YEAR_BUILT": 2004, "SITUS_ADDRESS": "15890 31ST ST S, CITY OF AFTON", "BLDG_NUM": "15890", "CITY": "CITY OF AFTON", "ZIP": "55001"}}, {"type": "Feature", "id": 79380, "geometry": {"type": "Polygon", "coordinates": [[[-92.78414525701466, 44.903352801389595], [-92.78414692518614, 44.902941409061434], [-92.78337511694853, 44.902939824088065], [-92.78337344069222, 44.90335121706385], [-92.78414525701466, 44.903352801389595]]]}, "properties": {"PIN": "2202820110022", "TAXPIN": "22.028.20.11.0022               ", "Acres_Poly": 0.69, "USE1_DESC": "100", "USE2_DESC": "", "PLAT_NAME": "AFTON", "BLOCK": "14", "LOT": "7", "YEAR_BUILT": 1868, "SITUS_ADDRESS": "15894 AFTON BLVD S, CITY OF AFTON", "BLDG_NUM": "15894", "CITY": "CITY OF AFTON", "ZIP": "55001"}}, {"type": "Feature", "id": 79381, "geometry": {"type": "Polygon", "coordinates": [[[-92.78452949700439, 44.90376498547617], [-92.78453116337924, 44.903353591643636], [-92.78433820884948, 44.9033531971529], [-92.78414525701466, 44.903352801389595], [-92.78337344069222, 44.90335121706385], [-92.7833717653342, 44.903762610913375], [-92.78452949700439, 44.90376498547617]]]}, "properties": {"PIN": "2202820110023", "TAXPIN": "22.028.20.11.0023               ", "Acres_Poly": 1.03, "USE1_DESC": "100", "USE2_DESC": "", "PLAT_NAME": "AFTON", "BLOCK": "14", "LOT": "1", "YEAR_BUILT": 1853, "SITUS_ADDRESS": "15895 31ST ST S, CITY OF AFTON", "BLDG_NUM": "15895", "CITY": "CITY OF AFTON", "ZIP": "55001"}}, {"type": "Feature", "id": 79382, "geometry": {"type": "Polygon", "coordinates": [[[-92.78414525701466, 44.903352801389595], [-92.78433820884948, 44.9033531971529], [-92.78433987881759, 44.902941803554995], [-92.78414692518614, 44.902941409061434], [-92.78414525701466, 44.903352801389595]]]}, "properties": {"PIN": "2202820110024", "TAXPIN": "22.028.20.11.0024               ", "Acres_Poly": 0.17, "USE1_DESC": "140", "USE2_DESC": "", "PLAT_NAME": "AFTON", "BLOCK": "14", "LOT": "11", "YEAR_BUILT": null, "SITUS_ADDRESS": "", "BLDG_NUM": "", "CITY": "CITY OF AFTON", "ZIP": ""}}, {"type": "Feature", "id": 79383, "geometry": {"type": "Polygon", "coordinates": [[[-92.78433820884948, 44.9033531971529], [-92.78453116337924, 44.903353591643636], [-92.7845327363293, 44.90296548588967], [-92.78453283155072, 44.902942199957415], [-92.78433987881759, 44.902941803554995], [-92.78433820884948, 44.9033531971529]]]}, "properties": {"PIN": "2202820110025", "TAXPIN": "22.028.20.11.0025               ", "Acres_Poly": 0.17, "USE1_DESC": "140", "USE2_DESC": "", "PLAT_NAME": "AFTON", "BLOCK": "14", "LOT": "12", "YEAR_BUILT": null, "SITUS_ADDRESS": "15876 AFTON BLVD S, CITY OF AFTON", "BLDG_NUM": "15876", "CITY": "CITY OF AFTON", "ZIP": "55001"}}, {"type": "Feature", "id": 79384, "geometry": {"type": "Polygon", "coordinates": [[[-92.78453371998454, 44.902722790490635], [-92.78453538815602, 44.902311396199316], [-92.78434243721951, 44.90231100106514], [-92.78395653624482, 44.90231020952421], [-92.78395486537839, 44.90272160318772], [-92.78453371998454, 44.902722790490635]]]}, "properties": {"PIN": "2202820110026", "TAXPIN": "22.028.20.11.0026               ", "Acres_Poly": 0.52, "USE1_DESC": "100", "USE2_DESC": "", "PLAT_NAME": "AFTON", "BLOCK": "15", "LOT": "1", "YEAR_BUILT": 2002, "SITUS_ADDRESS": "3175 PERROT AVE S, CITY OF AFTON", "BLDG_NUM": "3175", "CITY": "CITY OF AFTON", "ZIP": "55001"}}, {"type": "Feature", "id": 79385, "geometry": {"type": "Polygon", "coordinates": [[[-92.78395486537839, 44.90272160318772], [-92.78395653624482, 44.90231020952421], [-92.7833776843336, 44.90230902094018], [-92.78337600897561, 44.90272041461225], [-92.78395486537839, 44.90272160318772]]]}, "properties": {"PIN": "2202820110027", "TAXPIN": "22.028.20.11.0027               ", "Acres_Poly": 0.52, "USE1_DESC": "100", "USE2_DESC": "", "PLAT_NAME": "AFTON", "BLOCK": "15", "LOT": "4", "YEAR_BUILT": 2004, "SITUS_ADDRESS": "15893 AFTON BLVD S, CITY OF AFTON", "BLDG_NUM": "15893", "CITY": "CITY OF AFTON", "ZIP": "55001"}}, {"type": "Feature", "id": 79386, "geometry": {"type": "Polygon", "coordinates": [[[-92.78395653624482, 44.90231020952421], [-92.78434243721951, 44.90231100106514], [-92.78434410449269, 44.90189960828116], [-92.78337936058993, 44.901897628142045], [-92.7833776843336, 44.90230902094018], [-92.78395653624482, 44.90231020952421]]]}, "properties": {"PIN": "2202820110028", "TAXPIN": "22.028.20.11.0028               ", "Acres_Poly": 0.86, "USE1_DESC": "100", "USE2_DESC": "", "PLAT_NAME": "AFTON", "BLOCK": "15", "LOT": "7", "YEAR_BUILT": 1855, "SITUS_ADDRESS": "3192 ST CROIX TRL S, CITY OF AFTON", "BLDG_NUM": "3192", "CITY": "CITY OF AFTON", "ZIP": "55001"}}, {"type": "Feature", "id": 79387, "geometry": {"type": "Polygon", "coordinates": [[[-92.78434243721951, 44.90231100106514], [-92.78453538815602, 44.902311396199316], [-92.78453705363255, 44.90190000278188], [-92.78434410449269, 44.90189960828116], [-92.78434243721951, 44.90231100106514]]]}, "properties": {"PIN": "2202820110029", "TAXPIN": "22.028.20.11.0029               ", "Acres_Poly": 0.17, "USE1_DESC": "100", "USE2_DESC": "", "PLAT_NAME": "AFTON", "BLOCK": "15", "LOT": "12", "YEAR_BUILT": 1901, "SITUS_ADDRESS": "15872 32ND ST S, CITY OF AFTON", "BLDG_NUM": "15872", "CITY": "CITY OF AFTON", "ZIP": "55001"}}, {"type": "Feature", "id": 79388, "geometry": {"type": "Polygon", "coordinates": [[[-92.7848419957389, 44.902723420410176], [-92.7860040303393, 44.90272578992565], [-92.7860039962033, 44.902310361596754], [-92.78542340874698, 44.90231319943642], [-92.78542314554062, 44.902587470887475], [-92.78522817249639, 44.902588423404424], [-92.78484226433518, 44.902590307440875], [-92.7848419957389, 44.902723420410176]]]}, "properties": {"PIN": "2202820110030", "TAXPIN": "22.028.20.11.0030               ", "Acres_Poly": 0.69, "USE1_DESC": "100", "USE2_DESC": "", "PLAT_NAME": "AFTON", "BLOCK": "30", "LOT": "1", "YEAR_BUILT": 1965, "SITUS_ADDRESS": "3167 PENNINGTON AVE S, CITY OF AFTON", "BLDG_NUM": "3167", "CITY": "CITY OF AFTON", "ZIP": "55001"}}, {"type": "Feature", "id": 79389, "geometry": {"type": "Polygon", "coordinates": [[[-92.78542354079934, 44.902176064810945], [-92.78542340874698, 44.90231319943642], [-92.7860039962033, 44.902310361596754], [-92.7860039593724, 44.90190299653319], [-92.78542380490401, 44.90190181430371], [-92.78542354079934, 44.902176064810945]]]}, "properties": {"PIN": "2202820110031", "TAXPIN": "22.028.20.11.0031               ", "Acres_Poly": 0.52, "USE1_DESC": "100", "USE2_DESC": "", "PLAT_NAME": "AFTON", "BLOCK": "30", "LOT": "4", "YEAR_BUILT": 1970, "SITUS_ADDRESS": "3193 PENNINGTON AVE S, CITY OF AFTON", "BLDG_NUM": "3193", "CITY": "CITY OF AFTON", "ZIP": "55001"}}, {"type": "Feature", "id": 79390, "geometry": {"type": "Polygon", "coordinates": [[[-92.78484364953734, 44.901900630165265], [-92.78484308898861, 44.902178898839495], [-92.78522899625152, 44.90217701478955], [-92.78542354079934, 44.902176064810945], [-92.78542380490401, 44.90190181430371], [-92.78484364953734, 44.901900630165265]]]}, "properties": {"PIN": "2202820110032", "TAXPIN": "22.028.20.11.0032               ", "Acres_Poly": 0.35, "USE1_DESC": "100", "USE2_DESC": "", "PLAT_NAME": "AFTON", "BLOCK": "30", "LOT": "7", "YEAR_BUILT": 1901, "SITUS_ADDRESS": "3190 PERROT AVE S, CITY OF AFTON", "BLDG_NUM": "3190", "CITY": "CITY OF AFTON", "ZIP": "55001"}}, {"type": "Feature", "id": 79391, "geometry": {"type": "Polygon", "coordinates": [[[-92.78522899625152, 44.90217701478955], [-92.78522872136703, 44.90231415068532], [-92.78542340874698, 44.90231319943642], [-92.78542354079934, 44.902176064810945], [-92.78522899625152, 44.90217701478955]]]}, "properties": {"PIN": "2202820110034", "TAXPIN": "22.028.20.11.0034               ", "Acres_Poly": 0.06, "USE1_DESC": "100", "USE2_DESC": "", "PLAT_NAME": "AFTON", "BLOCK": "30", "LOT": "9", "YEAR_BUILT": null, "SITUS_ADDRESS": "", "BLDG_NUM": "", "CITY": "CITY OF AFTON", "ZIP": ""}}, {"type": "Feature", "id": 79392, "geometry": {"type": "Polygon", "coordinates": [[[-92.78522872136703, 44.90231415068532], [-92.78522817249639, 44.902588423404424], [-92.78542314554062, 44.902587470887475], [-92.78542340874698, 44.90231319943642], [-92.78522872136703, 44.90231415068532]]]}, "properties": {"PIN": "2202820110035", "TAXPIN": "22.028.20.11.0035               ", "Acres_Poly": 0.12, "USE1_DESC": "100", "USE2_DESC": "", "PLAT_NAME": "", "BLOCK": "", "LOT": "", "YEAR_BUILT": null, "SITUS_ADDRESS": "", "BLDG_NUM": "", "CITY": "CITY OF AFTON", "ZIP": ""}}, {"type": "Feature", "id": 79393, "geometry": {"type": "Polygon", "coordinates": [[[-92.78484308898861, 44.902178898839495], [-92.78484226433518, 44.902590307440875], [-92.78522817249639, 44.902588423404424], [-92.78522872136703, 44.90231415068532], [-92.78522899625152, 44.90217701478955], [-92.78484308898861, 44.902178898839495]]]}, "properties": {"PIN": "2202820110036", "TAXPIN": "22.028.20.11.0036               ", "Acres_Poly": 0.34, "USE1_DESC": "100", "USE2_DESC": "", "PLAT_NAME": "AFTON", "BLOCK": "30", "LOT": "9", "YEAR_BUILT": 1890, "SITUS_ADDRESS": "3160 PERROT AVE S, CITY OF AFTON", "BLDG_NUM": "3160", "CITY": "CITY OF AFTON", "ZIP": "55001"}}, {"type": "Feature", "id": 79394, "geometry": {"type": "Polygon", "coordinates": [[[-92.78631272920016, 44.90245215223841], [-92.78682893978998, 44.902453200836646], [-92.78682875563534, 44.90217893510793], [-92.78631270494566, 44.902177887777235], [-92.78631272920016, 44.90245215223841]]]}, "properties": {"PIN": "2202820110044", "TAXPIN": "22.028.20.11.0044               ", "Acres_Poly": 0.31, "USE1_DESC": "100", "USE2_DESC": "", "PLAT_NAME": "AFTON", "BLOCK": "38", "LOT": "3", "YEAR_BUILT": null, "SITUS_ADDRESS": "", "BLDG_NUM": "", "CITY": "CITY OF AFTON", "ZIP": ""}}, {"type": "Feature", "id": 79395, "geometry": {"type": "Polygon", "coordinates": [[[-92.78631270494566, 44.902177887777235], [-92.78682875563534, 44.90217893510793], [-92.78682857148071, 44.90190467125223], [-92.7863126788945, 44.90190362391654], [-92.78631270494566, 44.902177887777235]]]}, "properties": {"PIN": "2202820110045", "TAXPIN": "22.028.20.11.0045               ", "Acres_Poly": 0.31, "USE1_DESC": "140", "USE2_DESC": "", "PLAT_NAME": "AFTON", "BLOCK": "38", "LOT": "5", "YEAR_BUILT": null, "SITUS_ADDRESS": "3180 PENNINGTON AVE S, CITY OF AFTON", "BLDG_NUM": "3180", "CITY": "CITY OF AFTON", "ZIP": "55001"}}, {"type": "Feature", "id": 79396, "geometry": {"type": "Polygon", "coordinates": [[[-92.78631276243782, 44.902836121812996], [-92.78682919760647, 44.90283717167687], [-92.7868290350114, 44.90259455781677], [-92.78682893978998, 44.902453200836646], [-92.78631272920016, 44.90245215223841], [-92.78631276243782, 44.902836121812996]]]}, "properties": {"PIN": "2202820110046", "TAXPIN": "22.028.20.11.0046               ", "Acres_Poly": 0.43, "USE1_DESC": "100", "USE2_DESC": "", "PLAT_NAME": "AFTON", "BLOCK": "38", "LOT": "1", "YEAR_BUILT": 1901, "SITUS_ADDRESS": "15751 AFTON BLVD S, CITY OF AFTON", "BLDG_NUM": "15751", "CITY": "CITY OF AFTON", "ZIP": "55001"}}, {"type": "Feature", "id": 79397, "geometry": {"type": "Polygon", "coordinates": [[[-92.78541648902436, 44.90439758472819], [-92.78541795687153, 44.9040593382446], [-92.78483733707584, 44.903985027233816], [-92.78476015472494, 44.903984869439235], [-92.78475847038378, 44.90440079786042], [-92.78541648902436, 44.90439758472819]]]}, "properties": {"PIN": "2202820110047", "TAXPIN": "22.028.20.11.0047               ", "Acres_Poly": 0.54, "USE1_DESC": "100", "USE2_DESC": "", "PLAT_NAME": "AFTON", "BLOCK": "32", "LOT": "7", "YEAR_BUILT": 1875, "SITUS_ADDRESS": "3090 PERROT AVE S, CITY OF AFTON", "BLDG_NUM": "3090", "CITY": "CITY OF AFTON", "ZIP": "55001"}}, {"type": "Feature", "id": 79398, "geometry": {"type": "Polygon", "coordinates": [[[-92.78599539483447, 44.90481018061869], [-92.7861497613329, 44.9048104942945], [-92.78615131272339, 44.90447589539105], [-92.78553384942465, 44.90447463813542], [-92.78541648902436, 44.90439758472819], [-92.78475847038378, 44.90440079786042], [-92.78475682377186, 44.90480765530556], [-92.78483400702109, 44.90480781246162], [-92.78599539483447, 44.90481018061869]]]}, "properties": {"PIN": "2202820110049", "TAXPIN": "22.028.20.11.0049               ", "Acres_Poly": 1.13, "USE1_DESC": "100", "USE2_DESC": "", "PLAT_NAME": "AFTON", "BLOCK": "32", "LOT": "10", "YEAR_BUILT": 1955, "SITUS_ADDRESS": "3080 PERROT AVE S, CITY OF AFTON", "BLDG_NUM": "3080", "CITY": "CITY OF AFTON", "ZIP": "55001"}}, {"type": "Feature", "id": 79399, "geometry": {"type": "Polygon", "coordinates": [[[-92.7861497613329, 44.9048104942945], [-92.78630412872964, 44.90481080860654], [-92.78683052351982, 44.90481187624958], [-92.78683007795544, 44.904147803547794], [-92.78682997105592, 44.90398908280845], [-92.78630794207801, 44.90398802278534], [-92.78599921177613, 44.903987395424735], [-92.78483733707584, 44.903985027233816], [-92.78541795687153, 44.9040593382446], [-92.78541648902436, 44.90439758472819], [-92.78553384942465, 44.90447463813542], [-92.78615131272339, 44.90447589539105], [-92.7861497613329, 44.9048104942945]]]}, "properties": {"PIN": "2202820110051", "TAXPIN": "22.028.20.11.0051               ", "Acres_Poly": 2.03, "USE1_DESC": "100", "USE2_DESC": "", "PLAT_NAME": "AFTON", "BLOCK": "36", "LOT": "1", "YEAR_BUILT": 2002, "SITUS_ADDRESS": "3100 PERROT AVE S, CITY OF AFTON", "BLDG_NUM": "3100", "CITY": "CITY OF AFTON", "ZIP": "55001"}}, {"type": "Feature", "id": 79400, "geometry": {"type": "Polygon", "coordinates": [[[-92.78577450180104, 44.90318409081201], [-92.78581277452373, 44.90318932737364], [-92.78582754192868, 44.903191347553744], [-92.78583122502135, 44.903191851485275], [-92.78585113797627, 44.90319419425777], [-92.78588081471999, 44.90319768487413], [-92.78588821593961, 44.90319855721003], [-92.78588959395526, 44.90319869210078], [-92.7859281990546, 44.903202499582854], [-92.78593428693728, 44.90320309959213], [-92.78594543323331, 44.90320419971514], [-92.78598792534288, 44.90320758789027], [-92.78600283827491, 44.90320877709196], [-92.78600366921656, 44.90302690148067], [-92.78600405010224, 44.90294520065352], [-92.78544662121392, 44.902944065530136], [-92.78484155466609, 44.902942829874554], [-92.78484124564565, 44.903019453198155], [-92.78539477315067, 44.90312151163659], [-92.78545818432826, 44.90313296782003], [-92.78548669865202, 44.90313790851716], [-92.78552175181271, 44.90314398178818], [-92.78576398612235, 44.903182550384734], [-92.78577450180104, 44.90318409081201]]]}, "properties": {"PIN": "2202820110052", "TAXPIN": "22.028.20.11.0052               ", "Acres_Poly": 0.45, "USE1_DESC": "966", "USE2_DESC": "", "PLAT_NAME": "AFTON", "BLOCK": "31", "LOT": "1", "YEAR_BUILT": null, "SITUS_ADDRESS": "", "BLDG_NUM": "", "CITY": "CITY OF AFTON", "ZIP": ""}}, {"type": "Feature", "id": 79401, "geometry": {"type": "Polygon", "coordinates": [[[-92.78483822461133, 44.90376561665685], [-92.78615446131846, 44.90376829981083], [-92.78615668464879, 44.903215963203834], [-92.78614951609282, 44.90321575068735], [-92.78611942971735, 44.90321485862713], [-92.78610532616737, 44.90321443995689], [-92.78609556148022, 44.90321398374635], [-92.78608052278406, 44.9032132819329], [-92.78605403505959, 44.90321204437424], [-92.78604168771601, 44.90321125666335], [-92.78600283827491, 44.90320877709196], [-92.78598792534288, 44.90320758789027], [-92.78594543323331, 44.90320419971514], [-92.78593428693728, 44.90320309959213], [-92.7859281990546, 44.903202499582854], [-92.78588959395526, 44.90319869210078], [-92.78588821593961, 44.90319855721003], [-92.78588081471999, 44.90319768487413], [-92.78585113797627, 44.90319419425777], [-92.78583122502135, 44.903191851485275], [-92.78582754192868, 44.903191347553744], [-92.78581277452373, 44.90318932737364], [-92.78577450180104, 44.90318409081201], [-92.78576398612235, 44.903182550384734], [-92.78552175181271, 44.90314398178818], [-92.78548669865202, 44.90313790851716], [-92.78545818432826, 44.90313296782003], [-92.78539477315067, 44.90312151163659], [-92.78484124564565, 44.903019453198155], [-92.78483822461133, 44.90376561665685]]]}, "properties": {"PIN": "2202820110053", "TAXPIN": "22.028.20.11.0053               ", "Acres_Poly": 1.81, "USE1_DESC": "915", "USE2_DESC": "", "PLAT_NAME": "AFTON", "BLOCK": "31", "LOT": "1", "YEAR_BUILT": null, "SITUS_ADDRESS": "15730 AFTON BLVD S, CITY OF AFTON", "BLDG_NUM": "15730", "CITY": "CITY OF AFTON", "ZIP": "55001"}}, {"type": "Feature", "id": 79402, "geometry": {"type": "Polygon", "coordinates": [[[-92.78631181830848, 44.90312506015865], [-92.78631152276274, 44.90321558334654], [-92.78634850999624, 44.903214349605555], [-92.78638546219545, 44.90321268001492], [-92.78645590897835, 44.9032090805961], [-92.78654945324384, 44.90320388284916], [-92.78655450986057, 44.90320355643901], [-92.78658632998456, 44.90320150317298], [-92.786642896898, 44.903197853487576], [-92.78665299665674, 44.9031971103159], [-92.78671656234457, 44.90319243876909], [-92.78673622826275, 44.90319099251109], [-92.78675135589215, 44.9031897441352], [-92.78682943027012, 44.90318330310074], [-92.78682936918467, 44.903092079955925], [-92.78644718094705, 44.90311886090254], [-92.78637952433142, 44.9031222319032], [-92.78631181830848, 44.90312506015865]]]}, "properties": {"PIN": "2202820110054", "TAXPIN": "22.028.20.11.0054               ", "Acres_Poly": 0.1, "USE1_DESC": "966", "USE2_DESC": "", "PLAT_NAME": "AFTON", "BLOCK": "37", "LOT": "1", "YEAR_BUILT": null, "SITUS_ADDRESS": "", "BLDG_NUM": "", "CITY": "CITY OF AFTON", "ZIP": ""}}, {"type": "Feature", "id": 79403, "geometry": {"type": "Polygon", "coordinates": [[[-92.78615446131846, 44.90376829981083], [-92.7868298228339, 44.90376967033812], [-92.78682971862933, 44.90361287455176], [-92.78682943027012, 44.90318330310074], [-92.78675135589215, 44.9031897441352], [-92.78673622826275, 44.90319099251109], [-92.78671656234457, 44.90319243876909], [-92.78665299665674, 44.9031971103159], [-92.786642896898, 44.903197853487576], [-92.78658632998456, 44.90320150317298], [-92.78655450986057, 44.90320355643901], [-92.78654945324384, 44.90320388284916], [-92.78645590897835, 44.9032090805961], [-92.78638546219545, 44.90321268001492], [-92.78634850999624, 44.903214349605555], [-92.78631152276274, 44.90321558334654], [-92.78625991993955, 44.903216569575754], [-92.78625752682765, 44.90321657593849], [-92.78623630862064, 44.90321662747694], [-92.78620829735344, 44.9032166968311], [-92.78620351292624, 44.90321662874951], [-92.78619733700864, 44.90321654157957], [-92.78615836988827, 44.90321598738238], [-92.78615668464879, 44.903215963203834], [-92.78615446131846, 44.90376829981083]]]}, "properties": {"PIN": "2202820110055", "TAXPIN": "22.028.20.11.0055               ", "Acres_Poly": 0.82, "USE1_DESC": "915", "USE2_DESC": "", "PLAT_NAME": "AFTON", "BLOCK": "37", "LOT": "1", "YEAR_BUILT": null, "SITUS_ADDRESS": "", "BLDG_NUM": "", "CITY": "CITY OF AFTON", "ZIP": ""}}, {"type": "Feature", "id": 79404, "geometry": {"type": "Polygon", "coordinates": [[[-92.7863123375347, 44.90303436630543], [-92.78631181830848, 44.90312506015865], [-92.78637952433142, 44.9031222319032], [-92.78644718094705, 44.90311886090254], [-92.78682936918467, 44.903092079955925], [-92.78682952369492, 44.90300086939191], [-92.78681793363111, 44.90300191925273], [-92.78662792067773, 44.903017017013894], [-92.7864376570084, 44.9030285322637], [-92.78636719046258, 44.903032132966395], [-92.7863123375347, 44.90303436630543]]]}, "properties": {"PIN": "2202820110056", "TAXPIN": "22.028.20.11.0056               ", "Acres_Poly": 0.1, "USE1_DESC": "966", "USE2_DESC": "", "PLAT_NAME": "", "BLOCK": "", "LOT": "", "YEAR_BUILT": null, "SITUS_ADDRESS": "", "BLDG_NUM": "", "CITY": "CITY OF AFTON", "ZIP": ""}}, {"type": "Feature", "id": 79405, "geometry": {"type": "Polygon", "coordinates": [[[-92.78631276243782, 44.902836121812996], [-92.7863123375347, 44.90303436630543], [-92.78636719046258, 44.903032132966395], [-92.7864376570084, 44.9030285322637], [-92.78662792067773, 44.903017017013894], [-92.78681793363111, 44.90300191925273], [-92.78682952369492, 44.90300086939191], [-92.78682919760647, 44.90283717167687], [-92.78631276243782, 44.902836121812996]]]}, "properties": {"PIN": "2202820110057", "TAXPIN": "22.028.20.11.0057               ", "Acres_Poly": 0.21, "USE1_DESC": "100", "USE2_DESC": "", "PLAT_NAME": "AFTON", "BLOCK": "37", "LOT": "", "YEAR_BUILT": null, "SITUS_ADDRESS": "", "BLDG_NUM": "", "CITY": "CITY OF AFTON", "ZIP": ""}}, {"type": "Feature", "id": 79406, "geometry": {"type": "Polygon", "coordinates": [[[-92.78190270812927, 44.90230597757965], [-92.78248583602122, 44.90230718270715], [-92.78248768026249, 44.90189579053216], [-92.78190471945719, 44.90189458539603], [-92.78190270812927, 44.90230597757965]]]}, "properties": {"PIN": "2202820110058", "TAXPIN": "22.028.20.11.0058               ", "Acres_Poly": 0.52, "USE1_DESC": "100", "USE2_DESC": "", "PLAT_NAME": "", "BLOCK": "", "LOT": "", "YEAR_BUILT": 1945, "SITUS_ADDRESS": "15990 32ND ST S, CITY OF AFTON", "BLDG_NUM": "15990", "CITY": "CITY OF AFTON", "ZIP": "55001"}}, {"type": "Feature", "id": 79407, "geometry": {"type": "Polygon", "coordinates": [[[-92.78190069590303, 44.9027173700009], [-92.78248399177996, 44.90271857639236], [-92.7824846062276, 44.90258144527897], [-92.78248583602122, 44.90230718270715], [-92.78190270812927, 44.90230597757965], [-92.78190069590303, 44.9027173700009]]]}, "properties": {"PIN": "2202820110059", "TAXPIN": "22.028.20.11.0059               ", "Acres_Poly": 0.52, "USE1_DESC": "100", "USE2_DESC": "", "PLAT_NAME": "", "BLOCK": "", "LOT": "", "YEAR_BUILT": 2022, "SITUS_ADDRESS": "15955 AFTON BLVD S, CITY OF AFTON", "BLDG_NUM": "15955", "CITY": "CITY OF AFTON", "ZIP": "55001"}}, {"type": "Feature", "id": 79408, "geometry": {"type": "Polygon", "coordinates": [[[-92.78835894948357, 44.90442994573383], [-92.78886793043199, 44.90446345072237], [-92.78886732317085, 44.90360384329895], [-92.78797585304919, 44.90360779964193], [-92.7879121777669, 44.9036079536199], [-92.78784850248464, 44.90360810823414], [-92.78682971862933, 44.90361287455176], [-92.7868298228339, 44.90376967033812], [-92.78682989649576, 44.90387937604169], [-92.78682997105592, 44.90398908280845], [-92.78683007795544, 44.904147803547794], [-92.78718227773395, 44.904140124445725], [-92.7881250820825, 44.904414550700736], [-92.78835894948357, 44.90442994573383]]]}, "properties": {"PIN": "2202820120001", "TAXPIN": "22.028.20.12.0001               ", "Acres_Poly": 3.12, "USE1_DESC": "912", "USE2_DESC": "", "PLAT_NAME": "COUNTY AUDITOR'S PLAT NO.5", "BLOCK": "", "LOT": "1", "YEAR_BUILT": null, "SITUS_ADDRESS": "", "BLDG_NUM": "", "CITY": "CITY OF AFTON", "ZIP": ""}}, {"type": "Feature", "id": 79411, "geometry": {"type": "Polygon", "coordinates": [[[-92.78784801829269, 44.90301981396843], [-92.78784807937812, 44.903092689510494], [-92.78791175016883, 44.90308702408846], [-92.78791169357496, 44.9030197866084], [-92.78784801829269, 44.90301981396843]]]}, "properties": {"PIN": "2202820120018", "TAXPIN": "22.028.20.12.0018               ", "Acres_Poly": 0.01, "USE1_DESC": "966", "USE2_DESC": "", "PLAT_NAME": "COUNTY AUDITOR'S PLAT NO.5", "BLOCK": "", "LOT": "4", "YEAR_BUILT": null, "SITUS_ADDRESS": "", "BLDG_NUM": "", "CITY": "CITY OF AFTON", "ZIP": ""}}, {"type": "Feature", "id": 79412, "geometry": {"type": "Polygon", "coordinates": [[[-92.7879121777669, 44.9036079536199], [-92.78791175016883, 44.90308702408846], [-92.78784807937812, 44.903092689510494], [-92.78784850248464, 44.90360810823414], [-92.7879121777669, 44.9036079536199]]]}, "properties": {"PIN": "2202820120019", "TAXPIN": "22.028.20.12.0019               ", "Acres_Poly": 0.07, "USE1_DESC": "912", "USE2_DESC": "", "PLAT_NAME": "COUNTY AUDITOR'S PLAT NO.5", "BLOCK": "", "LOT": "4", "YEAR_BUILT": null, "SITUS_ADDRESS": "", "BLDG_NUM": "", "CITY": "CITY OF AFTON", "ZIP": ""}}, {"type": "Feature", "id": 79413, "geometry": {"type": "Polygon", "coordinates": [[[-92.78682936918467, 44.903092079955925], [-92.78682943027012, 44.90318330310074], [-92.7868495830752, 44.903181529796], [-92.78784807937812, 44.903092689510494], [-92.78784801829269, 44.90301981396843], [-92.78784800391963, 44.90300151267026], [-92.78752865103952, 44.90302993016862], [-92.78683377631948, 44.903091799357185], [-92.78682936918467, 44.903092079955925]]]}, "properties": {"PIN": "2202820120020", "TAXPIN": "22.028.20.12.0020               ", "Acres_Poly": 0.2, "USE1_DESC": "966", "USE2_DESC": "", "PLAT_NAME": "COUNTY AUDITOR'S PLAT NO.5", "BLOCK": "31", "LOT": "5", "YEAR_BUILT": null, "SITUS_ADDRESS": "", "BLDG_NUM": "", "CITY": "CITY OF AFTON", "ZIP": ""}}, {"type": "Feature", "id": 79414, "geometry": {"type": "Polygon", "coordinates": [[[-92.78682943027012, 44.90318330310074], [-92.78682971862933, 44.90361287455176], [-92.78784850248464, 44.90360810823414], [-92.78784807937812, 44.903092689510494], [-92.7868495830752, 44.903181529796], [-92.78682943027012, 44.90318330310074]]]}, "properties": {"PIN": "2202820120021", "TAXPIN": "22.028.20.12.0021               ", "Acres_Poly": 1.04, "USE1_DESC": "912", "USE2_DESC": "", "PLAT_NAME": "COUNTY AUDITOR'S PLAT NO.5", "BLOCK": "", "LOT": "5", "YEAR_BUILT": null, "SITUS_ADDRESS": "", "BLDG_NUM": "", "CITY": "CITY OF AFTON", "ZIP": ""}}, {"type": "Feature", "id": 79415, "geometry": {"type": "Polygon", "coordinates": [[[-92.78791169357496, 44.9030197866084], [-92.78797536795894, 44.90301976052099], [-92.78797542006123, 44.90308135866586], [-92.78886689647109, 44.903002031874166], [-92.7888668326907, 44.90291084598223], [-92.78784800391963, 44.90300151267026], [-92.78784801829269, 44.90301981396843], [-92.78791169357496, 44.9030197866084]]]}, "properties": {"PIN": "2202820120022", "TAXPIN": "22.028.20.12.0022               ", "Acres_Poly": 0.18, "USE1_DESC": "966", "USE2_DESC": "", "PLAT_NAME": "COUNTY AUDITOR'S PLAT NO.5", "BLOCK": "", "LOT": "3", "YEAR_BUILT": null, "SITUS_ADDRESS": "", "BLDG_NUM": "", "CITY": "CITY OF AFTON", "ZIP": ""}}, {"type": "Feature", "id": 79416, "geometry": {"type": "Polygon", "coordinates": [[[-92.78797542006123, 44.90308135866586], [-92.78797585304919, 44.90360779964193], [-92.78886732317085, 44.90360384329895], [-92.78886689647109, 44.903002031874166], [-92.78797542006123, 44.90308135866586]]]}, "properties": {"PIN": "2202820120023", "TAXPIN": "22.028.20.12.0023               ", "Acres_Poly": 1.09, "USE1_DESC": "911", "USE2_DESC": "", "PLAT_NAME": "COUNTY AUDITOR'S PLAT NO.5", "BLOCK": "", "LOT": "3", "YEAR_BUILT": null, "SITUS_ADDRESS": "15702 AFTON BLVD S, CITY OF AFTON", "BLDG_NUM": "15702", "CITY": "CITY OF AFTON", "ZIP": "55001"}}, {"type": "Feature", "id": 79420, "geometry": {"type": "Polygon", "coordinates": [[[-92.78682952369492, 44.90300086939191], [-92.78682936918467, 44.903092079955925], [-92.78683377631948, 44.903091799357185], [-92.78752865103952, 44.90302993016862], [-92.78752859624228, 44.902938689600866], [-92.78682952369492, 44.90300086939191]]]}, "properties": {"PIN": "2202820120027", "TAXPIN": "22.028.20.12.0027               ", "Acres_Poly": 0.14, "USE1_DESC": "966", "USE2_DESC": "", "PLAT_NAME": "COUNTY AUDITOR'S PLAT NO.5", "BLOCK": "", "LOT": "7", "YEAR_BUILT": null, "SITUS_ADDRESS": "", "BLDG_NUM": "", "CITY": "CITY OF AFTON", "ZIP": ""}}, {"type": "Feature", "id": 79421, "geometry": {"type": "Polygon", "coordinates": [[[-92.78682919760647, 44.90283717167687], [-92.78682952369492, 44.90300086939191], [-92.78752859624228, 44.902938689600866], [-92.7875283563921, 44.90253235468002], [-92.7868290350114, 44.90259455781677], [-92.78682919760647, 44.90283717167687]]]}, "properties": {"PIN": "2202820120028", "TAXPIN": "22.028.20.12.0028               ", "Acres_Poly": 0.62, "USE1_DESC": "100", "USE2_DESC": "", "PLAT_NAME": "COUNTY AUDITOR'S PLAT NO.5", "BLOCK": "", "LOT": "7", "YEAR_BUILT": 1948, "SITUS_ADDRESS": "15737 AFTON BLVD S, CITY OF AFTON", "BLDG_NUM": "15737", "CITY": "CITY OF AFTON", "ZIP": "55001"}}, {"type": "Feature", "id": 79425, "geometry": {"type": "Polygon", "coordinates": [[[-92.78791169357496, 44.9030197866084], [-92.78791175016883, 44.90308702408846], [-92.78797542006123, 44.90308135866586], [-92.78797536795894, 44.90301976052099], [-92.78791169357496, 44.9030197866084]]]}, "properties": {"PIN": "2202820120032", "TAXPIN": "22.028.20.12.0032               ", "Acres_Poly": 0.01, "USE1_DESC": "966", "USE2_DESC": "", "PLAT_NAME": "COUNTY AUDITOR'S PLAT NO.5", "BLOCK": "", "LOT": "4", "YEAR_BUILT": null, "SITUS_ADDRESS": "", "BLDG_NUM": "", "CITY": "CITY OF AFTON", "ZIP": ""}}, {"type": "Feature", "id": 79426, "geometry": {"type": "Polygon", "coordinates": [[[-92.78791175016883, 44.90308702408846], [-92.7879121777669, 44.9036079536199], [-92.78797585304919, 44.90360779964193], [-92.78797542006123, 44.90308135866586], [-92.78791175016883, 44.90308702408846]]]}, "properties": {"PIN": "2202820120033", "TAXPIN": "22.028.20.12.0033               ", "Acres_Poly": 0.07, "USE1_DESC": "911", "USE2_DESC": "", "PLAT_NAME": "COUNTY AUDITOR'S PLAT NO.5", "BLOCK": "", "LOT": "4", "YEAR_BUILT": null, "SITUS_ADDRESS": "", "BLDG_NUM": "", "CITY": "CITY OF AFTON", "ZIP": ""}}, {"type": "Feature", "id": 79428, "geometry": {"type": "Polygon", "coordinates": [[[-92.78752859624228, 44.902938689600866], [-92.78752865103952, 44.90302993016862], [-92.78784800391963, 44.90300151267026], [-92.7888668326907, 44.90291084598223], [-92.7895918090576, 44.90284632267094], [-92.78959217826518, 44.902755060178215], [-92.78934070927443, 44.902777438848474], [-92.78933591316914, 44.90275022570727], [-92.78913598501782, 44.902768018059916], [-92.78891389992002, 44.9028154216758], [-92.78752859624228, 44.902938689600866]]]}, "properties": {"PIN": "2202820120035", "TAXPIN": "22.028.20.12.0035               ", "Acres_Poly": 0.43, "USE1_DESC": "966", "USE2_DESC": "", "PLAT_NAME": "COUNTY AUDITOR'S PLAT NO.5", "BLOCK": "", "LOT": "7", "YEAR_BUILT": null, "SITUS_ADDRESS": "", "BLDG_NUM": "", "CITY": "CITY OF AFTON", "ZIP": ""}}, {"type": "Feature", "id": 79429, "geometry": {"type": "Polygon", "coordinates": [[[-92.7868290350114, 44.90259455781677], [-92.7875283563921, 44.90253235468002], [-92.78752859624228, 44.902938689600866], [-92.78891389992002, 44.9028154216758], [-92.78913598501782, 44.902768018059916], [-92.78933591316914, 44.90275022570727], [-92.78934070927443, 44.902777438848474], [-92.78959217826518, 44.902755060178215], [-92.78959613444567, 44.90177092391211], [-92.78844924364435, 44.90177597925901], [-92.7884491816606, 44.90168547162059], [-92.78748389068384, 44.9008653498106], [-92.78748417275484, 44.90127761027064], [-92.78748445392753, 44.90168971506407], [-92.7868284295469, 44.901692596838636], [-92.78682848973403, 44.90178310510218], [-92.78682857148071, 44.90190467125223], [-92.78682875563534, 44.90217893510793], [-92.78682893978998, 44.902453200836646], [-92.7868290350114, 44.90259455781677]]]}, "properties": {"PIN": "2202820120036", "TAXPIN": "22.028.20.12.0036               ", "Acres_Poly": 7.15, "USE1_DESC": "100", "USE2_DESC": "", "PLAT_NAME": "COUNTY AUDITOR'S PLAT NO.5", "BLOCK": "", "LOT": "7", "YEAR_BUILT": 2020, "SITUS_ADDRESS": "15721 AFTON BLVD S, CITY OF AFTON", "BLDG_NUM": "15721", "CITY": "CITY OF AFTON", "ZIP": "55001"}}, {"type": "Feature", "id": 79430, "geometry": {"type": "Polygon", "coordinates": [[[-92.78631262230064, 44.90127429833758], [-92.78682815017083, 44.90127783488397], [-92.78748417275484, 44.90127761027064], [-92.78748389068384, 44.9008653498106], [-92.78682787618469, 44.900868219536704], [-92.78682779713294, 44.90075153928405], [-92.78631257558824, 44.900751712995095], [-92.78631258457139, 44.90086141873096], [-92.78631262230064, 44.90127429833758]]]}, "properties": {"PIN": "2202820130002", "TAXPIN": "22.028.20.13.0002               ", "Acres_Poly": 1.17, "USE1_DESC": "100", "USE2_DESC": "", "PLAT_NAME": "COUNTY AUDITOR'S PLAT NO.5", "BLOCK": "", "LOT": "12", "YEAR_BUILT": 1963, "SITUS_ADDRESS": "3296 PENNINGTON AVE S, CITY OF AFTON", "BLDG_NUM": "3296", "CITY": "CITY OF AFTON", "ZIP": "55001"}}, {"type": "Feature", "id": 79431, "geometry": {"type": "Polygon", "coordinates": [[[-92.78631265913157, 44.90168421239502], [-92.7868284250553, 44.90168525909844], [-92.7868284295469, 44.901692596838636], [-92.78748445392753, 44.90168971506407], [-92.78748417275484, 44.90127761027064], [-92.78682815017083, 44.90127783488397], [-92.78631262230064, 44.90127429833758], [-92.78631265913157, 44.90168421239502]]]}, "properties": {"PIN": "2202820130003", "TAXPIN": "22.028.20.13.0003               ", "Acres_Poly": 1.05, "USE1_DESC": "100", "USE2_DESC": "", "PLAT_NAME": "COUNTY AUDITOR'S PLAT NO.5", "BLOCK": "", "LOT": "12", "YEAR_BUILT": 1967, "SITUS_ADDRESS": "3250 PENNINGTON AVE S, CITY OF AFTON", "BLDG_NUM": "3250", "CITY": "CITY OF AFTON", "ZIP": "55001"}}, {"type": "Feature", "id": 79432, "geometry": {"type": "Polygon", "coordinates": [[[-92.78682779713294, 44.90075153928405], [-92.78682787618469, 44.900868219536704], [-92.78748389068384, 44.9008653498106], [-92.78861694114158, 44.900548916131186], [-92.78812937153799, 44.89994765622664], [-92.78682726083872, 44.89995333468432], [-92.78682743511187, 44.900212221871136], [-92.78682779713294, 44.90075153928405]]]}, "properties": {"PIN": "2202820130004", "TAXPIN": "22.028.20.13.0004               ", "Acres_Poly": 2.85, "USE1_DESC": "100", "USE2_DESC": "", "PLAT_NAME": "COUNTY AUDITOR'S PLAT NO.5", "BLOCK": "", "LOT": "13", "YEAR_BUILT": 1979, "SITUS_ADDRESS": "15685 AFTON BLVD S, CITY OF AFTON", "BLDG_NUM": "15685", "CITY": "CITY OF AFTON", "ZIP": "55001"}}, {"type": "Feature", "id": 79433, "geometry": {"type": "Polygon", "coordinates": [[[-92.7883493069673, 44.89955533669386], [-92.78834958005517, 44.899946694757546], [-92.78935284281899, 44.89994230801495], [-92.78935170106026, 44.899550953102946], [-92.7883493069673, 44.89955533669386]]]}, "properties": {"PIN": "2202820130006", "TAXPIN": "22.028.20.13.0006               ", "Acres_Poly": 0.85, "USE1_DESC": "140", "USE2_DESC": "", "PLAT_NAME": "COUNTY AUDITOR'S PLAT NO.5", "BLOCK": "", "LOT": "14", "YEAR_BUILT": null, "SITUS_ADDRESS": "", "BLDG_NUM": "", "CITY": "CITY OF AFTON", "ZIP": ""}}, {"type": "Feature", "id": 79434, "geometry": {"type": "Polygon", "coordinates": [[[-92.78682672184954, 44.89915057375597], [-92.78682699763233, 44.89956197666579], [-92.78688873884182, 44.89956167441505], [-92.78688862026418, 44.89938539451208], [-92.78688856995853, 44.899309773639864], [-92.78688819536106, 44.89875406875716], [-92.78682645594822, 44.89875433410526], [-92.78682672184954, 44.89915057375597]]]}, "properties": {"PIN": "2202820130007", "TAXPIN": "22.028.20.13.0007               ", "Acres_Poly": 0.11, "USE1_DESC": "962", "USE2_DESC": "", "PLAT_NAME": "COUNTY AUDITOR'S PLAT NO.5", "BLOCK": "", "LOT": "14", "YEAR_BUILT": null, "SITUS_ADDRESS": "", "BLDG_NUM": "", "CITY": "CITY OF AFTON", "ZIP": ""}}, {"type": "Feature", "id": 79435, "geometry": {"type": "Polygon", "coordinates": [[[-92.78834918299981, 44.89937907395205], [-92.7883493069673, 44.89955533669386], [-92.78935170106026, 44.899550953102946], [-92.78947412885707, 44.899550417323624], [-92.78958785018213, 44.89913851736362], [-92.78939395331963, 44.898743241664306], [-92.78923239041748, 44.898413881352305], [-92.78921116502394, 44.898370608346866], [-92.78865098818918, 44.89845373341725], [-92.78793911285238, 44.8986222020723], [-92.78766906490495, 44.89868611034178], [-92.78761151164132, 44.898750948212985], [-92.78768707882134, 44.898750623050226], [-92.7883487428253, 44.89874776467226], [-92.78834918299981, 44.89937907395205]]]}, "properties": {"PIN": "2202820130009", "TAXPIN": "22.028.20.13.0009               ", "Acres_Poly": 2.9, "USE1_DESC": "100", "USE2_DESC": "", "PLAT_NAME": "COUNTY AUDITOR'S PLAT NO.5", "BLOCK": "", "LOT": "14", "YEAR_BUILT": 1980, "SITUS_ADDRESS": "15616 UPPER 34TH ST S, CITY OF AFTON", "BLDG_NUM": "15616", "CITY": "CITY OF AFTON", "ZIP": "55001"}}, {"type": "Feature", "id": 79441, "geometry": {"type": "Polygon", "coordinates": [[[-92.78697114938767, 44.899385043263806], [-92.78688862026418, 44.89938539451208], [-92.78688873884182, 44.89956167441505], [-92.78682699763233, 44.89956197666579], [-92.78682714585435, 44.89978139246848], [-92.78682726083872, 44.89995333468432], [-92.78812937153799, 44.89994765622664], [-92.78834958005517, 44.899946694757546], [-92.7883493069673, 44.89955533669386], [-92.78834918299981, 44.89937907395205], [-92.78697114938767, 44.899385043263806]]]}, "properties": {"PIN": "2202820130015", "TAXPIN": "22.028.20.13.0015               ", "Acres_Poly": 1.85, "USE1_DESC": "100", "USE2_DESC": "", "PLAT_NAME": "COUNTY AUDITOR'S PLAT NO.5", "BLOCK": "", "LOT": "14", "YEAR_BUILT": 1880, "SITUS_ADDRESS": "15740 UPPER 34TH ST S, CITY OF AFTON", "BLDG_NUM": "15740", "CITY": "CITY OF AFTON", "ZIP": "55001"}}, {"type": "Feature", "id": 79442, "geometry": {"type": "Polygon", "coordinates": [[[-92.78768707882134, 44.898750623050226], [-92.78761151164132, 44.898750948212985], [-92.78753593637646, 44.89875127464836], [-92.78688819536106, 44.89875406875716], [-92.78688856995853, 44.899309773639864], [-92.78688862026418, 44.89938539451208], [-92.78697114938767, 44.899385043263806], [-92.78834918299981, 44.89937907395205], [-92.7883487428253, 44.89874776467226], [-92.78768707882134, 44.898750623050226]]]}, "properties": {"PIN": "2202820130016", "TAXPIN": "22.028.20.13.0016               ", "Acres_Poly": 2, "USE1_DESC": "100", "USE2_DESC": "", "PLAT_NAME": "COUNTY AUDITOR'S PLAT NO.5", "BLOCK": "", "LOT": "14", "YEAR_BUILT": 1966, "SITUS_ADDRESS": "15711 UPPER 34TH ST S, CITY OF AFTON", "BLDG_NUM": "15711", "CITY": "CITY OF AFTON", "ZIP": "55001"}}, {"type": "Feature", "id": 79444, "geometry": {"type": "Polygon", "coordinates": [[[-92.78812937153799, 44.89994765622664], [-92.78861694114158, 44.900548916131186], [-92.79066791171624, 44.90053993466527], [-92.79066266914823, 44.899936566561195], [-92.79061563425827, 44.89993677336298], [-92.7905538930488, 44.89993704443239], [-92.78935284281899, 44.89994230801495], [-92.78834958005517, 44.899946694757546], [-92.78812937153799, 44.89994765622664]]]}, "properties": {"PIN": "2202820130020", "TAXPIN": "22.028.20.13.0020               ", "Acres_Poly": 3, "USE1_DESC": "100", "USE2_DESC": "", "PLAT_NAME": "COUNTY AUDITOR'S PLAT NO.5", "BLOCK": "", "LOT": "13", "YEAR_BUILT": 1971, "SITUS_ADDRESS": "15606 UPPER 34TH ST S, CITY OF AFTON", "BLDG_NUM": "15606", "CITY": "CITY OF AFTON", "ZIP": "55001"}}, {"type": "Feature", "id": 79445, "geometry": {"type": "Polygon", "coordinates": [[[-92.78748706083847, 44.89809315547401], [-92.78748178952439, 44.89809517201517], [-92.78747406491127, 44.898098428770346], [-92.78746118845999, 44.89810385478626], [-92.78745131866997, 44.89810801513441], [-92.78744839106045, 44.89810936670666], [-92.78743584159592, 44.898115166885546], [-92.78742329213141, 44.89812096579115], [-92.78742161946835, 44.898121739572446], [-92.78741104539914, 44.89812708031749], [-92.78739884358264, 44.898133243204505], [-92.78739274222522, 44.8981363249659], [-92.78738682681907, 44.898139581718745], [-92.78737499331184, 44.898146097769256], [-92.78736473904289, 44.898151745224546], [-92.78736321370353, 44.898152658998626], [-92.7873517682685, 44.89815951612207], [-92.78734032283346, 44.89816637388099], [-92.78733765393874, 44.89816797362162], [-92.78732919450371, 44.8981734836269], [-92.78731815600548, 44.89818067100449], [-92.78731153542186, 44.898184983430596], [-92.78730729267878, 44.89818798501132], [-92.78729668177864, 44.89819549118967], [-92.78728642661135, 44.89820274601575], [-92.78727592440737, 44.8982108159826], [-92.78726576086824, 44.8982186256884], [-92.78726237152468, 44.89822122955975], [-92.78725590545126, 44.89822663074713], [-92.7872462036462, 44.89823473189087], [-92.78723941148432, 44.898240402881754], [-92.78723664467324, 44.89824291766567], [-92.78722742346686, 44.898251296884126], [-92.78721758601618, 44.89826023607333], [-92.78682637330321, 44.898631222653776], [-92.78682644606675, 44.89873916981146], [-92.78682645594822, 44.89875433410526], [-92.78688819536106, 44.89875406875716], [-92.78753593637646, 44.89875127464836], [-92.78761151164132, 44.898750948212985], [-92.78766906490495, 44.89868611034178], [-92.78793911285238, 44.8986222020723], [-92.78865098818918, 44.89845373341725], [-92.78921116502394, 44.898370608346866], [-92.7893045251348, 44.89835697687252], [-92.78929587525693, 44.89831203218233], [-92.78924821244458, 44.89806439191519], [-92.78882859140906, 44.89809013416193], [-92.78825949071026, 44.89802970916054], [-92.78809843894949, 44.89801260830982], [-92.78788770137037, 44.89801634232054], [-92.78787274531919, 44.89801676357392], [-92.78785778836972, 44.89801718355465], [-92.78785230505322, 44.898017338183934], [-92.78784285657306, 44.89801788224989], [-92.7878279364545, 44.898018741301364], [-92.78781699497435, 44.89801937063609], [-92.78781303430226, 44.898019716802054], [-92.78779817616747, 44.89802101365158], [-92.7877833207276, 44.898022310501084], [-92.78778183311749, 44.89802244031327], [-92.78776854164455, 44.898023998059834], [-92.78775377244297, 44.898025728889294], [-92.78774688146643, 44.89802653703395], [-92.78773906612346, 44.89802769007174], [-92.78772440921128, 44.89802985424475], [-92.78771219751332, 44.89803165697979], [-92.78770977745192, 44.89803208905078], [-92.7876952588803, 44.89803468020393], [-92.78768074210531, 44.898037271356955], [-92.78767783875033, 44.89803779124199], [-92.78766635558605, 44.898040202948636], [-92.78765199960948, 44.898043217899975], [-92.7876438662629, 44.89804492645716], [-92.78763772807456, 44.898046414842675], [-92.78762355984591, 44.898049848501486], [-92.78761033754324, 44.898053053716204], [-92.7875954533573, 44.89805715743435], [-92.78758149623273, 44.89806100534594], [-92.7875773100835, 44.89806215965574], [-92.7875677061948, 44.89806513642586], [-92.78755398532716, 44.89806939031792], [-92.78754483957924, 44.89807222518524], [-92.7875403524944, 44.89807377593077], [-92.78752689213817, 44.89807842880349], [-92.7875129808277, 44.898083236304885], [-92.78750024092032, 44.898088111257294], [-92.78748706083847, 44.89809315547401]]]}, "properties": {"PIN": "2202820130022", "TAXPIN": "22.028.20.13.0022               ", "Acres_Poly": 2.46, "USE1_DESC": "100", "USE2_DESC": "", "PLAT_NAME": "SCHMITT'S AFTON COULEE RIDGE", "BLOCK": "", "LOT": "3", "YEAR_BUILT": 1950, "SITUS_ADDRESS": "3 COULEE RIDGE RD S, CITY OF AFTON", "BLDG_NUM": "3", "CITY": "CITY OF AFTON", "ZIP": "55001"}}, {"type": "Feature", "id": 79448, "geometry": {"type": "Polygon", "coordinates": [[[-92.78748389068384, 44.9008653498106], [-92.7884491816606, 44.90168547162059], [-92.78844924364435, 44.90177597925901], [-92.78959613444567, 44.90177092391211], [-92.78959217826518, 44.902755060178215], [-92.78986468310492, 44.9027308082842], [-92.78985748939613, 44.90268998821633], [-92.79026039637749, 44.90265412921923], [-92.79026758918796, 44.90269495058514], [-92.79028180143408, 44.90269368565518], [-92.79028515215009, 44.901857863727244], [-92.79101241562768, 44.9018593341979], [-92.79101561003684, 44.901059633127204], [-92.79066791171624, 44.90053993466527], [-92.78861694114158, 44.900548916131186], [-92.78748389068384, 44.9008653498106]]]}, "properties": {"PIN": "2202820130026", "TAXPIN": "22.028.20.13.0026               ", "Acres_Poly": 9.3, "USE1_DESC": "100", "USE2_DESC": "", "PLAT_NAME": "COUNTY AUDITOR'S PLAT NO.5", "BLOCK": "", "LOT": "9", "YEAR_BUILT": 1969, "SITUS_ADDRESS": "15677 AFTON BLVD S, CITY OF AFTON", "BLDG_NUM": "15677", "CITY": "CITY OF AFTON", "ZIP": "55001"}}, {"type": "Feature", "id": 79449, "geometry": {"type": "Polygon", "coordinates": [[[-92.78230219791926, 44.897993287918574], [-92.78219640871815, 44.898542338429834], [-92.7830813085618, 44.898538036848116], [-92.78308304410695, 44.89818147723793], [-92.78246009300011, 44.89818450681747], [-92.78249711796288, 44.8979923423252], [-92.78230219791926, 44.897993287918574]]]}, "properties": {"PIN": "2202820140004", "TAXPIN": "22.028.20.14.0004               ", "Acres_Poly": 0.74, "USE1_DESC": "100", "USE2_DESC": "", "PLAT_NAME": "", "BLOCK": "", "LOT": "", "YEAR_BUILT": 1996, "SITUS_ADDRESS": "3465 ST CROIX TRL S, CITY OF AFTON", "BLDG_NUM": "3465", "CITY": "CITY OF AFTON", "ZIP": "55001"}}, {"type": "Feature", "id": 79450, "geometry": {"type": "Polygon", "coordinates": [[[-92.78192379518225, 44.89799512310786], [-92.78192111191449, 44.898543675992634], [-92.78219640871815, 44.898542338429834], [-92.78230219791926, 44.897993287918574], [-92.78192379518225, 44.89799512310786]]]}, "properties": {"PIN": "2202820140005", "TAXPIN": "22.028.20.14.0005               ", "Acres_Poly": 0.39, "USE1_DESC": "958", "USE2_DESC": "", "PLAT_NAME": "AFTON", "BLOCK": "4", "LOT": "9", "YEAR_BUILT": null, "SITUS_ADDRESS": "", "BLDG_NUM": "", "CITY": "CITY OF AFTON", "ZIP": ""}}, {"type": "Feature", "id": 79451, "geometry": {"type": "Polygon", "coordinates": [[[-92.78212764268315, 44.89889922478218], [-92.78204829808737, 44.89931101510046], [-92.78243814625941, 44.899309123956996], [-92.78249770276614, 44.89900002297817], [-92.7824961953931, 44.89930884206718], [-92.78307756887529, 44.899306019987215], [-92.78307957122006, 44.89889460570114], [-92.78212764268315, 44.89889922478218]]]}, "properties": {"PIN": "2202820140006", "TAXPIN": "22.028.20.14.0006               ", "Acres_Poly": 0.86, "USE1_DESC": "100", "USE2_DESC": "300", "PLAT_NAME": "AFTON", "BLOCK": "5", "LOT": "1", "YEAR_BUILT": null, "SITUS_ADDRESS": "3419 ST CROIX TRL S, CITY OF AFTON", "BLDG_NUM": "3419", "CITY": "CITY OF AFTON", "ZIP": "55001"}}, {"type": "Feature", "id": 79452, "geometry": {"type": "Polygon", "coordinates": [[[-92.7824961953931, 44.89930884206718], [-92.7824948569033, 44.89958311385164], [-92.78249472215602, 44.89961054038543], [-92.78307609833315, 44.89960771322979], [-92.78307623128383, 44.89958028669461], [-92.78307756887529, 44.899306019987215], [-92.7824961953931, 44.89930884206718]]]}, "properties": {"PIN": "2202820140007", "TAXPIN": "22.028.20.14.0007               ", "Acres_Poly": 0.38, "USE1_DESC": "105", "USE2_DESC": "300", "PLAT_NAME": "", "BLOCK": "", "LOT": "", "YEAR_BUILT": null, "SITUS_ADDRESS": "3411 ST CROIX TRL S, CITY OF AFTON", "BLDG_NUM": "3411", "CITY": "CITY OF AFTON", "ZIP": "55001"}}, {"type": "Feature", "id": 79453, "geometry": {"type": "Polygon", "coordinates": [[[-92.78215409088173, 44.89876195983898], [-92.78212764268315, 44.89889922478218], [-92.78307957122006, 44.89889460570114], [-92.78308024046494, 44.89875745783089], [-92.78215409088173, 44.89876195983898]]]}, "properties": {"PIN": "2202820140009", "TAXPIN": "22.028.20.14.0009               ", "Acres_Poly": 0.28, "USE1_DESC": "958", "USE2_DESC": "", "PLAT_NAME": "AFTON", "BLOCK": "5", "LOT": "4", "YEAR_BUILT": null, "SITUS_ADDRESS": "", "BLDG_NUM": "", "CITY": "CITY OF AFTON", "ZIP": ""}}, {"type": "Feature", "id": 79454, "geometry": {"type": "MultiPolygon", "coordinates": [[[[-92.78192003752942, 44.89876309631756], [-92.78191601397526, 44.899585925736915], [-92.78199540169017, 44.899585540128776], [-92.78204829808737, 44.89931101510046], [-92.78212764268315, 44.89889922478218], [-92.78215409088173, 44.89876195983898], [-92.78192003752942, 44.89876309631756]]], [[[-92.78243814625941, 44.899309123956996], [-92.78238525076054, 44.899583646449074], [-92.7824948569033, 44.89958311385164], [-92.7824961953931, 44.89930884206718], [-92.78249770276614, 44.89900002297817], [-92.78243814625941, 44.899309123956996]]]]}, "properties": {"PIN": "2202820140010", "TAXPIN": "22.028.20.14.0010               ", "Acres_Poly": 0.35, "USE1_DESC": "958", "USE2_DESC": "", "PLAT_NAME": "AFTON", "BLOCK": "5", "LOT": "7", "YEAR_BUILT": null, "SITUS_ADDRESS": "", "BLDG_NUM": "", "CITY": "CITY OF AFTON", "ZIP": ""}}, {"type": "Feature", "id": 79455, "geometry": {"type": "Polygon", "coordinates": [[[-92.78238525076054, 44.899583646449074], [-92.78243814625941, 44.899309123956996], [-92.78204829808737, 44.89931101510046], [-92.78199540169017, 44.899585540128776], [-92.78238525076054, 44.899583646449074]]]}, "properties": {"PIN": "2202820140011", "TAXPIN": "22.028.20.14.0011               ", "Acres_Poly": 0.23, "USE1_DESC": "958", "USE2_DESC": "", "PLAT_NAME": "AFTON", "BLOCK": "5", "LOT": "11", "YEAR_BUILT": null, "SITUS_ADDRESS": "", "BLDG_NUM": "", "CITY": "CITY OF AFTON", "ZIP": ""}}, {"type": "Feature", "id": 79456, "geometry": {"type": "Polygon", "coordinates": [[[-92.78249175502063, 44.90021835653697], [-92.78249075160247, 44.90042405613051], [-92.78307212598298, 44.90042324165652], [-92.78307312850283, 44.90021754206006], [-92.78249175502063, 44.90021835653697]]]}, "properties": {"PIN": "2202820140012", "TAXPIN": "22.028.20.14.0012               ", "Acres_Poly": 0.26, "USE1_DESC": "100", "USE2_DESC": "300", "PLAT_NAME": "AFTON", "BLOCK": "", "LOT": "", "YEAR_BUILT": null, "SITUS_ADDRESS": "3343 ST CROIX TRL S, CITY OF AFTON", "BLDG_NUM": "3343", "CITY": "CITY OF AFTON", "ZIP": "55001"}}, {"type": "Feature", "id": 79457, "geometry": {"type": "Polygon", "coordinates": [[[-92.78248959277573, 44.90066160334388], [-92.78307095817311, 44.900662803415415], [-92.78307176036867, 44.90049824639171], [-92.78249039676793, 44.900497046953014], [-92.78248959277573, 44.90066160334388]]]}, "properties": {"PIN": "2202820140013", "TAXPIN": "22.028.20.14.0013               ", "Acres_Poly": 0.21, "USE1_DESC": "300", "USE2_DESC": "", "PLAT_NAME": "AFTON", "BLOCK": "6", "LOT": "1", "YEAR_BUILT": null, "SITUS_ADDRESS": "3321 ST CROIX TRL S, CITY OF AFTON", "BLDG_NUM": "3321", "CITY": "CITY OF AFTON", "ZIP": "55001"}}, {"type": "Feature", "id": 79458, "geometry": {"type": "Polygon", "coordinates": [[[-92.78249039676793, 44.900497046953014], [-92.78307176036867, 44.90049824639171], [-92.78307212598298, 44.90042324165652], [-92.78249075160247, 44.90042405613051], [-92.78249039676793, 44.900497046953014]]]}, "properties": {"PIN": "2202820140014", "TAXPIN": "22.028.20.14.0014               ", "Acres_Poly": 0.09, "USE1_DESC": "300", "USE2_DESC": "", "PLAT_NAME": "AFTON", "BLOCK": "6", "LOT": "1", "YEAR_BUILT": null, "SITUS_ADDRESS": "3329 ST CROIX TRL S, CITY OF AFTON", "BLDG_NUM": "3329", "CITY": "CITY OF AFTON", "ZIP": "55001"}}, {"type": "Feature", "id": 79459, "geometry": {"type": "Polygon", "coordinates": [[[-92.78177353667961, 44.90064359526815], [-92.78177293660501, 44.90080048632637], [-92.78176959397385, 44.90167489387066], [-92.78178754051659, 44.90167493141198], [-92.781908875962, 44.901045254000465], [-92.78195130788446, 44.90082505018695], [-92.78198300314263, 44.90066055725813], [-92.78198828613482, 44.90063314140608], [-92.78202845070948, 44.900424701346644], [-92.78206809515959, 44.90021894766904], [-92.78191291568584, 44.90021916401448], [-92.78191393437538, 44.900011050791434], [-92.78191507343915, 44.8997779188252], [-92.7817768442765, 44.89977858950113], [-92.78177647866218, 44.89987449926506], [-92.78177353667961, 44.90064359526815]]]}, "properties": {"PIN": "2202820140020", "TAXPIN": "22.028.20.14.0020               ", "Acres_Poly": 0.62, "USE1_DESC": "300", "USE2_DESC": "", "PLAT_NAME": "AFTON", "BLOCK": "6", "LOT": "", "YEAR_BUILT": null, "SITUS_ADDRESS": "", "BLDG_NUM": "", "CITY": "CITY OF AFTON", "ZIP": ""}}, {"type": "Feature", "id": 79460, "geometry": {"type": "Polygon", "coordinates": [[[-92.78395469200353, 44.901405133229346], [-92.78453375142557, 44.90140632055944], [-92.78453441617889, 44.901269188861185], [-92.78414819540393, 44.901268397942225], [-92.7839552480607, 44.901268002164564], [-92.78395469200353, 44.901405133229346]]]}, "properties": {"PIN": "2202820140026", "TAXPIN": "22.028.20.14.0026               ", "Acres_Poly": 0.17, "USE1_DESC": "105", "USE2_DESC": "", "PLAT_NAME": "AFTON", "BLOCK": "16", "LOT": "1", "YEAR_BUILT": 1962, "SITUS_ADDRESS": "15871 32ND ST S, CITY OF AFTON", "BLDG_NUM": "15871", "CITY": "CITY OF AFTON", "ZIP": "55001"}}, {"type": "Feature", "id": 79461, "geometry": {"type": "Polygon", "coordinates": [[[-92.78395357719428, 44.901679395650284], [-92.78453242102063, 44.901680582974706], [-92.78453375142557, 44.90140632055944], [-92.78395469200353, 44.901405133229346], [-92.78395357719428, 44.901679395650284]]]}, "properties": {"PIN": "2202820140027", "TAXPIN": "22.028.20.14.0027               ", "Acres_Poly": 0.34, "USE1_DESC": "100", "USE2_DESC": "", "PLAT_NAME": "AFTON", "BLOCK": "16", "LOT": "1", "YEAR_BUILT": null, "SITUS_ADDRESS": "", "BLDG_NUM": "", "CITY": "CITY OF AFTON", "ZIP": ""}}, {"type": "Feature", "id": 79462, "geometry": {"type": "Polygon", "coordinates": [[[-92.7833747333679, 44.90167820705326], [-92.78395357719428, 44.901679395650284], [-92.78395469200353, 44.901405133229346], [-92.7839552480607, 44.901268002164564], [-92.78385877528738, 44.90126780554833], [-92.78337673301772, 44.9012668141953], [-92.7833747333679, 44.90167820705326]]]}, "properties": {"PIN": "2202820140028", "TAXPIN": "22.028.20.14.0028               ", "Acres_Poly": 0.52, "USE1_DESC": "100", "USE2_DESC": "", "PLAT_NAME": "AFTON", "BLOCK": "16", "LOT": "4", "YEAR_BUILT": 1850, "SITUS_ADDRESS": "3222 ST CROIX TRL S, CITY OF AFTON", "BLDG_NUM": "3222", "CITY": "CITY OF AFTON", "ZIP": "55001"}}, {"type": "Feature", "id": 79463, "geometry": {"type": "Polygon", "coordinates": [[[-92.78337673301772, 44.9012668141953], [-92.78385877528738, 44.90126780554833], [-92.78385933134456, 44.901130674156], [-92.7838605566466, 44.90082898572319], [-92.78337887010979, 44.900827995635176], [-92.78337673301772, 44.9012668141953]]]}, "properties": {"PIN": "2202820140029", "TAXPIN": "22.028.20.14.0029               ", "Acres_Poly": 0.46, "USE1_DESC": "300", "USE2_DESC": "", "PLAT_NAME": "AFTON", "BLOCK": "16", "LOT": "7", "YEAR_BUILT": null, "SITUS_ADDRESS": "3290 ST CROIX TRL S, CITY OF AFTON", "BLDG_NUM": "3290", "CITY": "CITY OF AFTON", "ZIP": "55001"}}, {"type": "Feature", "id": 79464, "geometry": {"type": "Polygon", "coordinates": [[[-92.78385933134456, 44.901130674156], [-92.78414875235943, 44.90113126718758], [-92.78414997586484, 44.900829579394184], [-92.7838605566466, 44.90082898572319], [-92.78385933134456, 44.901130674156]]]}, "properties": {"PIN": "2202820140030", "TAXPIN": "22.028.20.14.0030               ", "Acres_Poly": 0.19, "USE1_DESC": "100", "USE2_DESC": "", "PLAT_NAME": "AFTON", "BLOCK": "16", "LOT": "9", "YEAR_BUILT": 1952, "SITUS_ADDRESS": "15892 33RD ST S, CITY OF AFTON", "BLDG_NUM": "15892", "CITY": "CITY OF AFTON", "ZIP": "55001"}}, {"type": "Feature", "id": 79465, "geometry": {"type": "Polygon", "coordinates": [[[-92.7839552480607, 44.901268002164564], [-92.78414819540393, 44.901268397942225], [-92.78414875235943, 44.90113126718758], [-92.78385933134456, 44.901130674156], [-92.78385877528738, 44.90126780554833], [-92.7839552480607, 44.901268002164564]]]}, "properties": {"PIN": "2202820140031", "TAXPIN": "22.028.20.14.0031               ", "Acres_Poly": 0.09, "USE1_DESC": "140", "USE2_DESC": "", "PLAT_NAME": "AFTON", "BLOCK": "16", "LOT": "9", "YEAR_BUILT": null, "SITUS_ADDRESS": "", "BLDG_NUM": "", "CITY": "CITY OF AFTON", "ZIP": ""}}, {"type": "Feature", "id": 79466, "geometry": {"type": "Polygon", "coordinates": [[[-92.78376555980532, 44.9006642319205], [-92.78415145000022, 44.90066502284782], [-92.78415362841478, 44.900216021278915], [-92.78386420829823, 44.90021642979], [-92.78376773462661, 44.90021656596039], [-92.78376555980532, 44.9006642319205]]]}, "properties": {"PIN": "2202820140034", "TAXPIN": "22.028.20.14.0034               ", "Acres_Poly": 0.38, "USE1_DESC": "100", "USE2_DESC": "", "PLAT_NAME": "AFTON", "BLOCK": "17", "LOT": "3", "YEAR_BUILT": null, "SITUS_ADDRESS": "", "BLDG_NUM": "", "CITY": "CITY OF AFTON", "ZIP": ""}}, {"type": "Feature", "id": 79467, "geometry": {"type": "Polygon", "coordinates": [[[-92.78337967050871, 44.900663437811694], [-92.78376555980532, 44.9006642319205], [-92.78376773462661, 44.90021656596039], [-92.78374844150925, 44.90021659268539], [-92.78374777316267, 44.900353726257926], [-92.78338117608513, 44.900354241667884], [-92.78337967050871, 44.900663437811694]]]}, "properties": {"PIN": "2202820140035", "TAXPIN": "22.028.20.14.0035               ", "Acres_Poly": 0.27, "USE1_DESC": "140", "USE2_DESC": "", "PLAT_NAME": "AFTON", "BLOCK": "17", "LOT": "5", "YEAR_BUILT": null, "SITUS_ADDRESS": "3326 ST CROIX TRL S, CITY OF AFTON", "BLDG_NUM": "3326", "CITY": "CITY OF AFTON", "ZIP": "55001"}}, {"type": "Feature", "id": 79468, "geometry": {"type": "Polygon", "coordinates": [[[-92.78338184263507, 44.9002171087329], [-92.78338117608513, 44.900354241667884], [-92.78374777316267, 44.900353726257926], [-92.78374844150925, 44.90021659268539], [-92.78338184263507, 44.9002171087329]]]}, "properties": {"PIN": "2202820140036", "TAXPIN": "22.028.20.14.0036               ", "Acres_Poly": 0.11, "USE1_DESC": "100", "USE2_DESC": "", "PLAT_NAME": "AFTON", "BLOCK": "17", "LOT": "5", "YEAR_BUILT": null, "SITUS_ADDRESS": "", "BLDG_NUM": "", "CITY": "CITY OF AFTON", "ZIP": ""}}, {"type": "Feature", "id": 79469, "geometry": {"type": "Polygon", "coordinates": [[[-92.78338388001413, 44.899798205815166], [-92.78338184263507, 44.9002171087329], [-92.78374844150925, 44.90021659268539], [-92.78376773462661, 44.90021656596039], [-92.78386420829823, 44.90021642979], [-92.78386625196549, 44.89979585590479], [-92.78338388001413, 44.899798205815166]]]}, "properties": {"PIN": "2202820140037", "TAXPIN": "22.028.20.14.0037               ", "Acres_Poly": 0.44, "USE1_DESC": "100", "USE2_DESC": "300", "PLAT_NAME": "AFTON", "BLOCK": "17", "LOT": "7", "YEAR_BUILT": 1875, "SITUS_ADDRESS": "3390 ST CROIX TRL S, CITY OF AFTON", "BLDG_NUM": "3390", "CITY": "CITY OF AFTON", "ZIP": "55001"}}, {"type": "Feature", "id": 79470, "geometry": {"type": "Polygon", "coordinates": [[[-92.78386625196549, 44.89979585590479], [-92.78386420829823, 44.90021642979], [-92.78415362841478, 44.900216021278915], [-92.78421151315675, 44.90021593919494], [-92.78421355862065, 44.89979416394382], [-92.78386625196549, 44.89979585590479]]]}, "properties": {"PIN": "2202820140038", "TAXPIN": "22.028.20.14.0038               ", "Acres_Poly": 0.32, "USE1_DESC": "100", "USE2_DESC": "300", "PLAT_NAME": "AFTON", "BLOCK": "17", "LOT": "10", "YEAR_BUILT": 1876, "SITUS_ADDRESS": "15888 34TH ST S, CITY OF AFTON", "BLDG_NUM": "15888", "CITY": "CITY OF AFTON", "ZIP": "55001"}}, {"type": "Feature", "id": 79471, "geometry": {"type": "Polygon", "coordinates": [[[-92.78421355862065, 44.89979416394382], [-92.78421151315675, 44.90021593919494], [-92.78453952130464, 44.90021547596116], [-92.78454157126012, 44.899792563612145], [-92.78421355862065, 44.89979416394382]]]}, "properties": {"PIN": "2202820140040", "TAXPIN": "22.028.20.14.0040               ", "Acres_Poly": 0.3, "USE1_DESC": "100", "USE2_DESC": "", "PLAT_NAME": "AFTON", "BLOCK": "17", "LOT": "11", "YEAR_BUILT": 1962, "SITUS_ADDRESS": "15858 34TH ST S, CITY OF AFTON", "BLDG_NUM": "15858", "CITY": "CITY OF AFTON", "ZIP": "55001"}}, {"type": "Feature", "id": 79472, "geometry": {"type": "Polygon", "coordinates": [[[-92.78454263486542, 44.89957314339789], [-92.78454662069034, 44.8987503137956], [-92.7833889510039, 44.898755954828275], [-92.78338494811099, 44.89957878434983], [-92.78454263486542, 44.89957314339789]]]}, "properties": {"PIN": "2202820140041", "TAXPIN": "22.028.20.14.0041               ", "Acres_Poly": 2.07, "USE1_DESC": "958", "USE2_DESC": "", "PLAT_NAME": "AFTON", "BLOCK": "18", "LOT": "", "YEAR_BUILT": null, "SITUS_ADDRESS": "3418 ST CROIX TRL S, CITY OF AFTON", "BLDG_NUM": "3418", "CITY": "CITY OF AFTON", "ZIP": "55001"}}, {"type": "Feature", "id": 79473, "geometry": {"type": "Polygon", "coordinates": [[[-92.78435673480557, 44.898120419180835], [-92.78435474054564, 44.89853183327946], [-92.78454768339732, 44.89853089214923], [-92.78454967855555, 44.89811947804387], [-92.78435673480557, 44.898120419180835]]]}, "properties": {"PIN": "2202820140042", "TAXPIN": "22.028.20.14.0042               ", "Acres_Poly": 0.17, "USE1_DESC": "100", "USE2_DESC": "", "PLAT_NAME": "AFTON", "BLOCK": "19", "LOT": "1", "YEAR_BUILT": null, "SITUS_ADDRESS": "", "BLDG_NUM": "", "CITY": "CITY OF AFTON", "ZIP": ""}}, {"type": "Feature", "id": 79474, "geometry": {"type": "Polygon", "coordinates": [[[-92.78416379195392, 44.89812135968149], [-92.78416179589735, 44.89853277440968], [-92.78435474054564, 44.89853183327946], [-92.78435673480557, 44.898120419180835], [-92.78416379195392, 44.89812135968149]]]}, "properties": {"PIN": "2202820140043", "TAXPIN": "22.028.20.14.0043               ", "Acres_Poly": 0.17, "USE1_DESC": "100", "USE2_DESC": "", "PLAT_NAME": "AFTON", "BLOCK": "19", "LOT": "2", "YEAR_BUILT": 1962, "SITUS_ADDRESS": "15859 UPPER 34TH ST S, CITY OF AFTON", "BLDG_NUM": "15859", "CITY": "CITY OF AFTON", "ZIP": "55001"}}, {"type": "Feature", "id": 79475, "geometry": {"type": "Polygon", "coordinates": [[[-92.78377790714887, 44.89812324068265], [-92.78377590749906, 44.89853465476109], [-92.78416179589735, 44.89853277440968], [-92.78416379195392, 44.89812135968149], [-92.78397085000056, 44.89812230081842], [-92.78377790714887, 44.89812324068265]]]}, "properties": {"PIN": "2202820140044", "TAXPIN": "22.028.20.14.0044               ", "Acres_Poly": 0.34, "USE1_DESC": "100", "USE2_DESC": "", "PLAT_NAME": "AFTON", "BLOCK": "19", "LOT": "3", "YEAR_BUILT": 1942, "SITUS_ADDRESS": "15885 UPPER 34TH ST S, CITY OF AFTON", "BLDG_NUM": "15885", "CITY": "CITY OF AFTON", "ZIP": "55001"}}, {"type": "Feature", "id": 79476, "geometry": {"type": "Polygon", "coordinates": [[[-92.78339202054723, 44.898125119774775], [-92.7833900199991, 44.89853653447611], [-92.78377590749906, 44.89853465476109], [-92.78377790714887, 44.89812324068265], [-92.78339202054723, 44.898125119774775]]]}, "properties": {"PIN": "2202820140045", "TAXPIN": "22.028.20.14.0045               ", "Acres_Poly": 0.34, "USE1_DESC": "100", "USE2_DESC": "", "PLAT_NAME": "AFTON", "BLOCK": "19", "LOT": "5", "YEAR_BUILT": 1901, "SITUS_ADDRESS": "3466 ST CROIX TRL S, CITY OF AFTON", "BLDG_NUM": "3466", "CITY": "CITY OF AFTON", "ZIP": "55001"}}, {"type": "Feature", "id": 79477, "geometry": {"type": "Polygon", "coordinates": [[[-92.78601406092776, 44.89852373090491], [-92.7860160435096, 44.89811231547567], [-92.78543721495458, 44.89811514461387], [-92.78543522788118, 44.89852655875025], [-92.78601406092776, 44.89852373090491]]]}, "properties": {"PIN": "2202820140046", "TAXPIN": "22.028.20.14.0046               ", "Acres_Poly": 0.52, "USE1_DESC": "100", "USE2_DESC": "", "PLAT_NAME": "AFTON", "BLOCK": "26", "LOT": "1", "YEAR_BUILT": 1957, "SITUS_ADDRESS": "3435 PENNINGTON AVE S, CITY OF AFTON", "BLDG_NUM": "3435", "CITY": "CITY OF AFTON", "ZIP": "55001"}}, {"type": "Feature", "id": 79478, "geometry": {"type": "Polygon", "coordinates": [[[-92.78485905025458, 44.89798083293794], [-92.7848563957329, 44.898529385959044], [-92.78543522788118, 44.89852655875025], [-92.78543721495458, 44.89811514461387], [-92.78543787791126, 44.89797800633846], [-92.78485905025458, 44.89798083293794]]]}, "properties": {"PIN": "2202820140047", "TAXPIN": "22.028.20.14.0047               ", "Acres_Poly": 0.69, "USE1_DESC": "140", "USE2_DESC": "", "PLAT_NAME": "AFTON", "BLOCK": "26", "LOT": "9", "YEAR_BUILT": null, "SITUS_ADDRESS": "", "BLDG_NUM": "", "CITY": "CITY OF AFTON", "ZIP": ""}}, {"type": "Feature", "id": 79479, "geometry": {"type": "Polygon", "coordinates": [[[-92.78600903665037, 44.89956598037444], [-92.78601300361066, 44.89874315130594], [-92.78485533392424, 44.89874880761117], [-92.78485135079428, 44.89957163596234], [-92.78600903665037, 44.89956598037444]]]}, "properties": {"PIN": "2202820140048", "TAXPIN": "22.028.20.14.0048               ", "Acres_Poly": 2.07, "USE1_DESC": "100", "USE2_DESC": "", "PLAT_NAME": "AFTON", "BLOCK": "27", "LOT": "1", "YEAR_BUILT": 1990, "SITUS_ADDRESS": "3403 PENNINGTON AVE S, CITY OF AFTON", "BLDG_NUM": "3403", "CITY": "CITY OF AFTON", "ZIP": "55001"}}, {"type": "Feature", "id": 79480, "geometry": {"type": "Polygon", "coordinates": [[[-92.78484618458309, 44.90063901832336], [-92.78600385337118, 44.900641379016456], [-92.78600585571596, 44.90022595598785], [-92.78484815728343, 44.9002316134198], [-92.78484618458309, 44.90063901832336]]]}, "properties": {"PIN": "2202820140049", "TAXPIN": "22.028.20.14.0049               ", "Acres_Poly": 1.03, "USE1_DESC": "100", "USE2_DESC": "", "PLAT_NAME": "AFTON", "BLOCK": "28", "LOT": "1", "YEAR_BUILT": 1966, "SITUS_ADDRESS": "3329 PENNINGTON AVE S, CITY OF AFTON", "BLDG_NUM": "3329", "CITY": "CITY OF AFTON", "ZIP": "55001"}}, {"type": "Feature", "id": 79481, "geometry": {"type": "Polygon", "coordinates": [[[-92.78600390727009, 44.90126816442068], [-92.7860038713375, 44.90086079069991], [-92.78484574261196, 44.90085842937957], [-92.78484490897537, 44.90127382684045], [-92.78600390727009, 44.90126816442068]]]}, "properties": {"PIN": "2202820140053", "TAXPIN": "22.028.20.14.0053               ", "Acres_Poly": 1.03, "USE1_DESC": "100", "USE2_DESC": "", "PLAT_NAME": "AFTON", "BLOCK": "29", "LOT": "4", "YEAR_BUILT": 1969, "SITUS_ADDRESS": "3297 PENNINGTON AVE S, CITY OF AFTON", "BLDG_NUM": "3297", "CITY": "CITY OF AFTON", "ZIP": "55001"}}, {"type": "Feature", "id": 79482, "geometry": {"type": "Polygon", "coordinates": [[[-92.7860039423044, 44.901683584373], [-92.78600390727009, 44.90126816442068], [-92.78484490897537, 44.90127382684045], [-92.78484409061015, 44.90168121990492], [-92.7860039423044, 44.901683584373]]]}, "properties": {"PIN": "2202820140054", "TAXPIN": "22.028.20.14.0054               ", "Acres_Poly": 1.03, "USE1_DESC": "100", "USE2_DESC": "", "PLAT_NAME": "AFTON", "BLOCK": "29", "LOT": "1", "YEAR_BUILT": 1973, "SITUS_ADDRESS": "3245 PENNINGTON AVE S, CITY OF AFTON", "BLDG_NUM": "3245", "CITY": "CITY OF AFTON", "ZIP": "55001"}}, {"type": "Feature", "id": 79483, "geometry": {"type": "Polygon", "coordinates": [[[-92.78631252707923, 44.90021295935461], [-92.78631256391014, 44.90064200704989], [-92.78631257558824, 44.900751712995095], [-92.78682779713294, 44.90075153928405], [-92.78682743511187, 44.900212221871136], [-92.78631252707923, 44.90021295935461]]]}, "properties": {"PIN": "2202820140055", "TAXPIN": "22.028.20.14.0055               ", "Acres_Poly": 0.6, "USE1_DESC": "100", "USE2_DESC": "", "PLAT_NAME": "AFTON", "BLOCK": "39", "LOT": "1", "YEAR_BUILT": 1962, "SITUS_ADDRESS": "3322 PENNINGTON AVE S, CITY OF AFTON", "BLDG_NUM": "3322", "CITY": "CITY OF AFTON", "ZIP": "55001"}}, {"type": "Feature", "id": 79484, "geometry": {"type": "Polygon", "coordinates": [[[-92.78631248755336, 44.89978391163917], [-92.78631252707923, 44.90021295935461], [-92.78682743511187, 44.900212221871136], [-92.78682726083872, 44.89995333468432], [-92.78682714585435, 44.89978139246848], [-92.78631248755336, 44.89978391163917]]]}, "properties": {"PIN": "2202820140056", "TAXPIN": "22.028.20.14.0056               ", "Acres_Poly": 0.48, "USE1_DESC": "100", "USE2_DESC": "", "PLAT_NAME": "AFTON", "BLOCK": "39", "LOT": "4", "YEAR_BUILT": 1957, "SITUS_ADDRESS": "3364 PENNINGTON AVE S, CITY OF AFTON", "BLDG_NUM": "3364", "CITY": "CITY OF AFTON", "ZIP": "55001"}}, {"type": "Feature", "id": 79485, "geometry": {"type": "Polygon", "coordinates": [[[-92.78631242916286, 44.89915309104535], [-92.78631246868873, 44.89956449648241], [-92.78682699763233, 44.89956197666579], [-92.78682672184954, 44.89915057375597], [-92.78631242916286, 44.89915309104535]]]}, "properties": {"PIN": "2202820140057", "TAXPIN": "22.028.20.14.0057               ", "Acres_Poly": 0.46, "USE1_DESC": "100", "USE2_DESC": "", "PLAT_NAME": "AFTON", "BLOCK": "40", "LOT": "1", "YEAR_BUILT": 1900, "SITUS_ADDRESS": "3404 PENNINGTON AVE S, CITY OF AFTON", "BLDG_NUM": "3404", "CITY": "CITY OF AFTON", "ZIP": "55001"}}, {"type": "Feature", "id": 79486, "geometry": {"type": "Polygon", "coordinates": [[[-92.78631239323025, 44.89874168648252], [-92.78631242916286, 44.89915309104535], [-92.78682672184954, 44.89915057375597], [-92.78682645594822, 44.89875433410526], [-92.78682644606675, 44.89873916981146], [-92.78631239323025, 44.89874168648252]]]}, "properties": {"PIN": "2202820140058", "TAXPIN": "22.028.20.14.0058               ", "Acres_Poly": 0.46, "USE1_DESC": "100", "USE2_DESC": "", "PLAT_NAME": "AFTON", "BLOCK": "40", "LOT": "4", "YEAR_BUILT": 1966, "SITUS_ADDRESS": "3418 PENNINGTON AVE S, CITY OF AFTON", "BLDG_NUM": "3418", "CITY": "CITY OF AFTON", "ZIP": "55001"}}, {"type": "Feature", "id": 79487, "geometry": {"type": "Polygon", "coordinates": [[[-92.78632475315024, 44.898110804820156], [-92.78632277146673, 44.898522220260254], [-92.78682629784471, 44.89851975448587], [-92.7868260319434, 44.898123563303635], [-92.78682602296024, 44.89810835111847], [-92.78632475315024, 44.898110804820156]]]}, "properties": {"PIN": "2202820140059", "TAXPIN": "22.028.20.14.0059               ", "Acres_Poly": 0.45, "USE1_DESC": "100", "USE2_DESC": "", "PLAT_NAME": "AFTON", "BLOCK": "41", "LOT": "1", "YEAR_BUILT": null, "SITUS_ADDRESS": "", "BLDG_NUM": "", "CITY": "CITY OF AFTON", "ZIP": ""}}, {"type": "Feature", "id": 79488, "geometry": {"type": "Polygon", "coordinates": [[[-92.78221565422479, 44.90021874086827], [-92.78218304178672, 44.900218787318934], [-92.78206809515959, 44.90021894766904], [-92.78202845070948, 44.900424701346644], [-92.78198828613482, 44.90063314140608], [-92.78198300314263, 44.90066055725813], [-92.78248959277573, 44.90066160334388], [-92.78249039676793, 44.900497046953014], [-92.78249075160247, 44.90042405613051], [-92.78249175502063, 44.90021835653697], [-92.78221565422479, 44.90021874086827]]]}, "properties": {"PIN": "2202820140061", "TAXPIN": "22.028.20.14.0061               ", "Acres_Poly": 0.45, "USE1_DESC": "300", "USE2_DESC": "", "PLAT_NAME": "AFTON", "BLOCK": "6", "LOT": "10", "YEAR_BUILT": null, "SITUS_ADDRESS": "", "BLDG_NUM": "", "CITY": "CITY OF AFTON", "ZIP": ""}}, {"type": "Feature", "id": 79489, "geometry": {"type": "Polygon", "coordinates": [[[-92.781908875962, 44.901045254000465], [-92.78190579474058, 44.90167517574888], [-92.7820467080693, 44.90167546780782], [-92.78306601474411, 44.901677571395616], [-92.78307015597755, 44.90082735996814], [-92.7821403125219, 44.90082544214983], [-92.78204864214213, 44.90082525189513], [-92.78195130788446, 44.90082505018695], [-92.781908875962, 44.901045254000465]]]}, "properties": {"PIN": "2202820140062", "TAXPIN": "22.028.20.14.0062               ", "Acres_Poly": 2.13, "USE1_DESC": "300", "USE2_DESC": "100", "PLAT_NAME": "AFTON", "BLOCK": "7", "LOT": "1", "YEAR_BUILT": 1960, "SITUS_ADDRESS": "3291 ST CROIX TRL S, CITY OF AFTON", "BLDG_NUM": "3291", "CITY": "CITY OF AFTON", "ZIP": "55001"}}, {"type": "Feature", "id": 79490, "geometry": {"type": "Polygon", "coordinates": [[[-92.78414819540393, 44.901268397942225], [-92.78453441617889, 44.901269188861185], [-92.78453654159286, 44.900830370319184], [-92.78453694044482, 44.900748091787875], [-92.78415071338169, 44.90074730022543], [-92.78414997586484, 44.900829579394184], [-92.78414875235943, 44.90113126718758], [-92.78414819540393, 44.901268397942225]]]}, "properties": {"PIN": "2202820140063", "TAXPIN": "22.028.20.14.0063               ", "Acres_Poly": 0.44, "USE1_DESC": "140", "USE2_DESC": "", "PLAT_NAME": "AFTON", "BLOCK": "16", "LOT": "11", "YEAR_BUILT": null, "SITUS_ADDRESS": "15800 33RD ST S, CITY OF AFTON", "BLDG_NUM": "15800", "CITY": "CITY OF AFTON", "ZIP": "55001"}}, {"type": "Feature", "id": 79491, "geometry": {"type": "Polygon", "coordinates": [[[-92.78415071338169, 44.90074730022543], [-92.78453694044482, 44.900748091787875], [-92.7845373392968, 44.90066581377508], [-92.78453952130464, 44.90021547596116], [-92.78421151315675, 44.90021593919494], [-92.78415362841478, 44.900216021278915], [-92.78415145000022, 44.90066502284782], [-92.78415071338169, 44.90074730022543]]]}, "properties": {"PIN": "2202820140064", "TAXPIN": "22.028.20.14.0064               ", "Acres_Poly": 0.45, "USE1_DESC": "140", "USE2_DESC": "", "PLAT_NAME": "AFTON", "BLOCK": "17", "LOT": "1", "YEAR_BUILT": null, "SITUS_ADDRESS": "", "BLDG_NUM": "", "CITY": "CITY OF AFTON", "ZIP": ""}}, {"type": "Feature", "id": 79492, "geometry": {"type": "Polygon", "coordinates": [[[-92.7848502889856, 44.89979105745501], [-92.78484815728343, 44.9002316134198], [-92.78600585571596, 44.90022595598785], [-92.7860079802316, 44.89978540125231], [-92.7848502889856, 44.89979105745501]]]}, "properties": {"PIN": "2202820140065", "TAXPIN": "22.028.20.14.0065               ", "Acres_Poly": 1.11, "USE1_DESC": "100", "USE2_DESC": "", "PLAT_NAME": "AFTON", "BLOCK": "28", "LOT": "4", "YEAR_BUILT": 1966, "SITUS_ADDRESS": "3369 PENNINGTON AVE S, CITY OF AFTON", "BLDG_NUM": "3369", "CITY": "CITY OF AFTON", "ZIP": "55001"}}, {"type": "Feature", "id": 79493, "geometry": {"type": "Polygon", "coordinates": [[[-92.78249392085878, 44.89977510694933], [-92.78214112100567, 44.899776820545554], [-92.78191507343915, 44.8997779188252], [-92.78191393437538, 44.900011050791434], [-92.78191291568584, 44.90021916401448], [-92.78206809515959, 44.90021894766904], [-92.78218304178672, 44.900218787318934], [-92.78221565422479, 44.90021874086827], [-92.78249175502063, 44.90021835653697], [-92.78307312850283, 44.90021754206006], [-92.78307414090416, 44.90000942946742], [-92.78307529613761, 44.89977227916544], [-92.78249392085878, 44.89977510694933]]]}, "properties": {"PIN": "2202820140066", "TAXPIN": "22.028.20.14.0066               ", "Acres_Poly": 1.12, "USE1_DESC": "100", "USE2_DESC": "", "PLAT_NAME": "AFTON", "BLOCK": "6", "LOT": "4, 5,", "YEAR_BUILT": 1931, "SITUS_ADDRESS": "3395 ST CROIX TRL S, CITY OF AFTON", "BLDG_NUM": "3395", "CITY": "CITY OF AFTON", "ZIP": "55001"}}, {"type": "Feature", "id": 79552, "geometry": {"type": "Polygon", "coordinates": [[[-92.78295108428667, 44.894589200532266], [-92.78194295804389, 44.8945940815082], [-92.7819400439091, 44.89518992655882], [-92.78193893448973, 44.895416910768006], [-92.78309653859914, 44.895411285316875], [-92.78310003753718, 44.89469259886018], [-92.78310054598361, 44.89458847634046], [-92.78295108428667, 44.894589200532266]]]}, "properties": {"PIN": "2202820410005", "TAXPIN": "22.028.20.41.0005               ", "Acres_Poly": 2.07, "USE1_DESC": "958", "USE2_DESC": "", "PLAT_NAME": "AFTON", "BLOCK": "1", "LOT": "1", "YEAR_BUILT": null, "SITUS_ADDRESS": "", "BLDG_NUM": "", "CITY": "CITY OF AFTON", "ZIP": ""}}, {"type": "Feature", "id": 79553, "geometry": {"type": "Polygon", "coordinates": [[[-92.78232370987537, 44.89563445876024], [-92.78237763664019, 44.89611416908661], [-92.78309313128928, 44.896110690130946], [-92.78309546870564, 44.89563070614041], [-92.78232370987537, 44.89563445876024]]]}, "properties": {"PIN": "2202820410006", "TAXPIN": "22.028.20.41.0006               ", "Acres_Poly": 0.77, "USE1_DESC": "958", "USE2_DESC": "", "PLAT_NAME": "", "BLOCK": "", "LOT": "", "YEAR_BUILT": null, "SITUS_ADDRESS": "3633 ST CROIX TRL S, CITY OF AFTON", "BLDG_NUM": "3633", "CITY": "CITY OF AFTON", "ZIP": "55001"}}, {"type": "Feature", "id": 79554, "geometry": {"type": "Polygon", "coordinates": [[[-92.78237763664019, 44.89611416908661], [-92.78241615460296, 44.89645682005133], [-92.78241923672269, 44.89648423153127], [-92.78309132747218, 44.89648096259397], [-92.78309146221946, 44.89645353584007], [-92.78309313128928, 44.896110690130946], [-92.78237763664019, 44.89611416908661]]]}, "properties": {"PIN": "2202820410007", "TAXPIN": "22.028.20.41.0007               ", "Acres_Poly": 0.56, "USE1_DESC": "958", "USE2_DESC": "", "PLAT_NAME": "", "BLOCK": "", "LOT": "", "YEAR_BUILT": null, "SITUS_ADDRESS": "3601 ST CROIX TRL S, CITY OF AFTON", "BLDG_NUM": "3601", "CITY": "CITY OF AFTON", "ZIP": "55001"}}, {"type": "Feature", "id": 79555, "geometry": {"type": "Polygon", "coordinates": [[[-92.78193786190128, 44.89563633284281], [-92.78193383655048, 44.8964591618256], [-92.78193370270152, 44.896486589849545], [-92.78241641960597, 44.89648424553099], [-92.78241923672269, 44.89648423153127], [-92.78241615460296, 44.89645682005133], [-92.78237763664019, 44.89611416908661], [-92.78232370987537, 44.89563445876024], [-92.78193786190128, 44.89563633284281]]]}, "properties": {"PIN": "2202820410008", "TAXPIN": "22.028.20.41.0008               ", "Acres_Poly": 0.8, "USE1_DESC": "958", "USE2_DESC": "", "PLAT_NAME": "", "BLOCK": "", "LOT": "", "YEAR_BUILT": null, "SITUS_ADDRESS": "", "BLDG_NUM": "", "CITY": "CITY OF AFTON", "ZIP": ""}}, {"type": "Feature", "id": 79556, "geometry": {"type": "Polygon", "coordinates": [[[-92.78274109680078, 44.89708606027377], [-92.78273908996444, 44.897497476046176], [-92.7830863858398, 44.89749578592661], [-92.78308838998119, 44.89708437205113], [-92.78289544982448, 44.89708530938695], [-92.78274109680078, 44.89708606027377]]]}, "properties": {"PIN": "2202820410009", "TAXPIN": "22.028.20.41.0009               ", "Acres_Poly": 0.31, "USE1_DESC": "100", "USE2_DESC": "", "PLAT_NAME": "", "BLOCK": "", "LOT": "", "YEAR_BUILT": 1870, "SITUS_ADDRESS": "15945 35TH ST S, CITY OF AFTON", "BLDG_NUM": "15945", "CITY": "CITY OF AFTON", "ZIP": "55001"}}, {"type": "Feature", "id": 79557, "geometry": {"type": "Polygon", "coordinates": [[[-92.78308950119721, 44.89663182032449], [-92.78274330485975, 44.89663350474234], [-92.78274310363713, 44.89667464601222], [-92.78274229425506, 44.89684082521093], [-92.78276673561732, 44.896844640113855], [-92.78281024461978, 44.89686081733574], [-92.78282455298563, 44.896866137198415], [-92.78286034186654, 44.89686915157496], [-92.78289648917527, 44.89687219458698], [-92.78296840021206, 44.8968782513385], [-92.78304981542458, 44.89686793551554], [-92.78308946706123, 44.896862910281754], [-92.7830903941226, 44.89667295650478], [-92.7830905935486, 44.89663181459735], [-92.78308950119721, 44.89663182032449]]]}, "properties": {"PIN": "2202820410012", "TAXPIN": "22.028.20.41.0012               ", "Acres_Poly": 0.18, "USE1_DESC": "958", "USE2_DESC": "", "PLAT_NAME": "", "BLOCK": "", "LOT": "", "YEAR_BUILT": null, "SITUS_ADDRESS": "3579 ST CROIX TRL S, CITY OF AFTON", "BLDG_NUM": "3579", "CITY": "CITY OF AFTON", "ZIP": "55001"}}, {"type": "Feature", "id": 79558, "geometry": {"type": "Polygon", "coordinates": [[[-92.78251068791356, 44.896634634899485], [-92.78193296608299, 44.89663744183815], [-92.78193276486036, 44.89667858374157], [-92.78193222227792, 44.89678918368197], [-92.78193142277732, 44.89695285916365], [-92.7825102387559, 44.89695005351308], [-92.78251093944183, 44.89680643634732], [-92.78251157904232, 44.89667577107777], [-92.78251177936663, 44.89663463044506], [-92.78251068791356, 44.896634634899485]]]}, "properties": {"PIN": "2202820410013", "TAXPIN": "22.028.20.41.0013               ", "Acres_Poly": 0.4, "USE1_DESC": "958", "USE2_DESC": "", "PLAT_NAME": "", "BLOCK": "", "LOT": "", "YEAR_BUILT": null, "SITUS_ADDRESS": "", "BLDG_NUM": "", "CITY": "CITY OF AFTON", "ZIP": ""}}, {"type": "Feature", "id": 79559, "geometry": {"type": "Polygon", "coordinates": [[[-92.78250930271138, 44.89714204140328], [-92.78249747908562, 44.897143244729996], [-92.78248565366322, 44.89714444805674], [-92.7824781769851, 44.89714520848793], [-92.78247386237679, 44.89714579265183], [-92.78246212768424, 44.89714738096661], [-92.78245039209338, 44.897148969281396], [-92.78244728751574, 44.897149389904826], [-92.78243874363908, 44.897150838223865], [-92.78242712303256, 44.89715280707227], [-92.78241670167695, 44.897154574835916], [-92.78241551859573, 44.89715481537393], [-92.7824040381264, 44.897157162846874], [-92.78239255765706, 44.89715950968336], [-92.78238648145248, 44.89716075182669], [-92.78238115534116, 44.89716203215065], [-92.78236983926354, 44.897164751248155], [-92.7823585231859, 44.89716747034548], [-92.78235669511429, 44.89716790942273], [-92.78234736431344, 44.89717049679673], [-92.78233623508538, 44.897173581791485], [-92.78232740105288, 44.89717603107863], [-92.78232514987478, 44.89717674187459], [-92.78231423264911, 44.897180187675886], [-92.78230331452517, 44.89718363284062], [-92.782298661252, 44.89718510152182], [-92.78229253294512, 44.8971872809988], [-92.78228184838314, 44.897191079333766], [-92.78227054128867, 44.89719509975243], [-92.78226072360091, 44.89719900117457], [-92.78225029685541, 44.89720314377062], [-92.78224309326515, 44.89720600477069], [-92.78223995724649, 44.89720739072669], [-92.78222980808042, 44.89721186931141], [-92.78221965981264, 44.897216348532105], [-92.78221638275848, 44.89721779557681], [-92.78220971546246, 44.8972210485636], [-92.7821998681303, 44.89722585422766], [-92.78219046007433, 44.897230445443704], [-92.782180506741, 44.8972357958167], [-92.7821709801074, 44.89724091774201], [-92.78216538180655, 44.89724392764448], [-92.78216159450932, 44.89724616629914], [-92.7821524074389, 44.89725159430449], [-92.78214322126682, 44.89725702103667], [-92.78214120275237, 44.897258215452176], [-92.78213431716573, 44.897262677488044], [-92.78212549121805, 44.897268400118534], [-92.78211797052249, 44.89727327513998], [-92.78211672096592, 44.897274162838], [-92.78210827500563, 44.8972801667308], [-92.78209982814701, 44.89728617062293], [-92.7820957363209, 44.897289079980915], [-92.78209158700257, 44.89729231260075], [-92.78208353630102, 44.897298586300806], [-92.78207548739606, 44.89730486000016], [-92.78207454685995, 44.89730559179385], [-92.78206780320714, 44.89731135832767], [-92.7820601675272, 44.89731788847153], [-92.78205444705547, 44.89732277939736], [-92.7820526378485, 44.89732447843085], [-92.78204543335993, 44.89733124974685], [-92.78203822707471, 44.89733802233476], [-92.78203547822994, 44.89734060461038], [-92.7820312965723, 44.89734493364437], [-92.78202453495315, 44.897351934041055], [-92.78201768080753, 44.897359029888094], [-92.7820114671607, 44.89736614355184], [-92.78200516547899, 44.89737335712037], [-92.78200109431413, 44.89737801641314], [-92.78199903178223, 44.89738063941285], [-92.78199320261436, 44.89738805151803], [-92.78198737434478, 44.89739546171329], [-92.7819857519874, 44.89739752409546], [-92.78198189641819, 44.897403004266536], [-92.78197655234058, 44.8974105983624], [-92.78197168526836, 44.89741751348136], [-92.78196640497113, 44.89742596663568], [-92.78196155766184, 44.897433726177205], [-92.78195892649637, 44.89743793939014], [-92.78195694211792, 44.897441555078764], [-92.78195260056015, 44.89744946415822], [-92.78194825990069, 44.89745737514564], [-92.78194749992596, 44.89745876173188], [-92.78194434504269, 44.89746539558251], [-92.78194052001622, 44.89747343892657], [-92.78193742981162, 44.897479934053266], [-92.78193679560104, 44.89748150390501], [-92.78193349249574, 44.89748966369708], [-92.78192874040789, 44.897501411810175], [-92.78262333395523, 44.897498037934604], [-92.782625071297, 44.89714147887507], [-92.78250930271138, 44.89714204140328]]]}, "properties": {"PIN": "2202820410014", "TAXPIN": "22.028.20.41.0014               ", "Acres_Poly": 0.41, "USE1_DESC": "100", "USE2_DESC": "", "PLAT_NAME": "AFTON", "BLOCK": "3", "LOT": "", "YEAR_BUILT": 1901, "SITUS_ADDRESS": "15955 35TH ST S, CITY OF AFTON", "BLDG_NUM": "15955", "CITY": "CITY OF AFTON", "ZIP": "55001"}}, {"type": "Feature", "id": 79560, "geometry": {"type": "Polygon", "coordinates": [[[-92.78193142277732, 44.89695285916365], [-92.78192874040789, 44.897501411810175], [-92.78193349249574, 44.89748966369708], [-92.78193679560104, 44.89748150390501], [-92.78193742981162, 44.897479934053266], [-92.78194052001622, 44.89747343892657], [-92.78194434504269, 44.89746539558251], [-92.78194749992596, 44.89745876173188], [-92.78194825990069, 44.89745737514564], [-92.78195260056015, 44.89744946415822], [-92.78195694211792, 44.897441555078764], [-92.78195892649637, 44.89743793939014], [-92.78196155766184, 44.897433726177205], [-92.78196640497113, 44.89742596663568], [-92.78197168526836, 44.89741751348136], [-92.78197655234058, 44.8974105983624], [-92.78198189641819, 44.897403004266536], [-92.7819857519874, 44.89739752409546], [-92.78198737434478, 44.89739546171329], [-92.78199320261436, 44.89738805151803], [-92.78199903178223, 44.89738063941285], [-92.78200109431413, 44.89737801641314], [-92.78200516547899, 44.89737335712037], [-92.7820114671607, 44.89736614355184], [-92.78201768080753, 44.897359029888094], [-92.78202453495315, 44.897351934041055], [-92.7820312965723, 44.89734493364437], [-92.78203547822994, 44.89734060461038], [-92.78203822707471, 44.89733802233476], [-92.78204543335993, 44.89733124974685], [-92.7820526378485, 44.89732447843085], [-92.78205444705547, 44.89732277939736], [-92.7820601675272, 44.89731788847153], [-92.78206780320714, 44.89731135832767], [-92.78207454685995, 44.89730559179385], [-92.78207548739606, 44.89730486000016], [-92.78208353630102, 44.897298586300806], [-92.78209158700257, 44.89729231260075], [-92.7820957363209, 44.897289079980915], [-92.78209982814701, 44.89728617062293], [-92.78210827500563, 44.8972801667308], [-92.78211672096592, 44.897274162838], [-92.78211797052249, 44.89727327513998], [-92.78212549121805, 44.897268400118534], [-92.78213431716573, 44.897262677488044], [-92.78214120275237, 44.897258215452176], [-92.78214322126682, 44.89725702103667], [-92.7821524074389, 44.89725159430449], [-92.78216159450932, 44.89724616629914], [-92.78216538180655, 44.89724392764448], [-92.7821709801074, 44.89724091774201], [-92.782180506741, 44.8972357958167], [-92.78219046007433, 44.897230445443704], [-92.7821998681303, 44.89722585422766], [-92.78220971546246, 44.8972210485636], [-92.78221638275848, 44.89721779557681], [-92.78221965981264, 44.897216348532105], [-92.78222980808042, 44.89721186931141], [-92.78223995724649, 44.89720739072669], [-92.78224309326515, 44.89720600477069], [-92.78225029685541, 44.89720314377062], [-92.78226072360091, 44.89719900117457], [-92.78227054128867, 44.89719509975243], [-92.78228184838314, 44.897191079333766], [-92.78229253294512, 44.8971872809988], [-92.782298661252, 44.89718510152182], [-92.78230331452517, 44.89718363284062], [-92.78231423264911, 44.897180187675886], [-92.78232514987478, 44.89717674187459], [-92.78232740105288, 44.89717603107863], [-92.78233623508538, 44.897173581791485], [-92.78234736431344, 44.89717049679673], [-92.78235669511429, 44.89716790942273], [-92.7823585231859, 44.89716747034548], [-92.78236983926354, 44.897164751248155], [-92.78238115534116, 44.89716203215065], [-92.78238648145248, 44.89716075182669], [-92.78239255765706, 44.89715950968336], [-92.7824040381264, 44.897157162846874], [-92.78241551859573, 44.89715481537393], [-92.78241670167695, 44.897154574835916], [-92.78242712303256, 44.89715280707227], [-92.78243874363908, 44.897150838223865], [-92.78244728751574, 44.897149389904826], [-92.78245039209338, 44.897148969281396], [-92.78246212768424, 44.89714738096661], [-92.78247386237679, 44.89714579265183], [-92.7824781769851, 44.89714520848793], [-92.78248565366322, 44.89714444805674], [-92.78249747908562, 44.897143244729996], [-92.78250930271138, 44.89714204140328], [-92.7825102387559, 44.89695005351308], [-92.78193142277732, 44.89695285916365]]]}, "properties": {"PIN": "2202820410015", "TAXPIN": "22.028.20.41.0015               ", "Acres_Poly": 0.37, "USE1_DESC": "958", "USE2_DESC": "", "PLAT_NAME": "AFTON", "BLOCK": "3", "LOT": "9", "YEAR_BUILT": null, "SITUS_ADDRESS": "", "BLDG_NUM": "", "CITY": "CITY OF AFTON", "ZIP": ""}}, {"type": "Feature", "id": 79561, "geometry": {"type": "Polygon", "coordinates": [[[-92.78249711796288, 44.8979923423252], [-92.78246009300011, 44.89818450681747], [-92.78308304410695, 44.89818147723793], [-92.78308558364424, 44.89766035154345], [-92.78256059112421, 44.89766290516936], [-92.78249711796288, 44.8979923423252]]]}, "properties": {"PIN": "2202820410016", "TAXPIN": "22.028.20.41.0016               ", "Acres_Poly": 0.65, "USE1_DESC": "100", "USE2_DESC": "", "PLAT_NAME": "AFTON", "BLOCK": "4", "LOT": "1", "YEAR_BUILT": 1870, "SITUS_ADDRESS": "3491 ST CROIX TRL S, CITY OF AFTON", "BLDG_NUM": "3491", "CITY": "CITY OF AFTON", "ZIP": "55001"}}, {"type": "Feature", "id": 79562, "geometry": {"type": "Polygon", "coordinates": [[[-92.78192540496323, 44.897665990774016], [-92.78192379518225, 44.89799512310786], [-92.78230219791926, 44.897993287918574], [-92.78249711796288, 44.8979923423252], [-92.78256059112421, 44.89766290516936], [-92.7819264964163, 44.89766598504696], [-92.78192540496323, 44.897665990774016]]]}, "properties": {"PIN": "2202820410017", "TAXPIN": "22.028.20.41.0017               ", "Acres_Poly": 0.43, "USE1_DESC": "100", "USE2_DESC": "", "PLAT_NAME": "AFTON", "BLOCK": "4", "LOT": "7", "YEAR_BUILT": 1901, "SITUS_ADDRESS": "15960 35TH ST S, CITY OF AFTON", "BLDG_NUM": "15960", "CITY": "CITY OF AFTON", "ZIP": "55001"}}, {"type": "Feature", "id": 79563, "geometry": {"type": "Polygon", "coordinates": [[[-92.78339402199369, 44.89771370403877], [-92.78339202054723, 44.898125119774775], [-92.78377790714887, 44.89812324068265], [-92.78397085000056, 44.89812230081842], [-92.78397284785375, 44.89771088569855], [-92.78339402199369, 44.89771370403877]]]}, "properties": {"PIN": "2202820410018", "TAXPIN": "22.028.20.41.0018               ", "Acres_Poly": 0.52, "USE1_DESC": "100", "USE2_DESC": "", "PLAT_NAME": "AFTON", "BLOCK": "19", "LOT": "7", "YEAR_BUILT": 1901, "SITUS_ADDRESS": "3494 ST CROIX TRL S, CITY OF AFTON", "BLDG_NUM": "3494", "CITY": "CITY OF AFTON", "ZIP": "55001"}}, {"type": "Feature", "id": 79564, "geometry": {"type": "Polygon", "coordinates": [[[-92.78397284785375, 44.89771088569855], [-92.78397085000056, 44.89812230081842], [-92.78416379195392, 44.89812135968149], [-92.78435673480557, 44.898120419180835], [-92.78454967855555, 44.89811947804387], [-92.78455167191719, 44.8977080641765], [-92.78397284785375, 44.89771088569855]]]}, "properties": {"PIN": "2202820410019", "TAXPIN": "22.028.20.41.0019               ", "Acres_Poly": 0.52, "USE1_DESC": "100", "USE2_DESC": "", "PLAT_NAME": "AFTON", "BLOCK": "19", "LOT": "10", "YEAR_BUILT": 1986, "SITUS_ADDRESS": "15882 35TH ST S, CITY OF AFTON", "BLDG_NUM": "15882", "CITY": "CITY OF AFTON", "ZIP": "55001"}}, {"type": "Feature", "id": 79565, "geometry": {"type": "Polygon", "coordinates": [[[-92.78397591021054, 44.8970800499973], [-92.78397391235735, 44.89749146454005], [-92.78455273462416, 44.897488641734526], [-92.78455472798576, 44.897077227807976], [-92.78397591021054, 44.8970800499973]]]}, "properties": {"PIN": "2202820410020", "TAXPIN": "22.028.20.41.0020               ", "Acres_Poly": 0.52, "USE1_DESC": "100", "USE2_DESC": "", "PLAT_NAME": "AFTON", "BLOCK": "20", "LOT": "1", "YEAR_BUILT": 1962, "SITUS_ADDRESS": "15887 35TH ST S, CITY OF AFTON", "BLDG_NUM": "15887", "CITY": "CITY OF AFTON", "ZIP": "55001"}}, {"type": "Feature", "id": 79566, "geometry": {"type": "Polygon", "coordinates": [[[-92.78339856028249, 44.896781165059814], [-92.78339817221028, 44.89686092551475], [-92.78339508919224, 44.89749428352732], [-92.78397391235735, 44.89749146454005], [-92.78397591021054, 44.8970800499973], [-92.78397632253727, 44.896995300259434], [-92.78397657496387, 44.896942911798625], [-92.78391410342405, 44.89694321533579], [-92.78378363750208, 44.896943852318486], [-92.78378375697801, 44.89691909271402], [-92.78378443610437, 44.896779285287415], [-92.78339856028249, 44.896781165059814]]]}, "properties": {"PIN": "2202820410021", "TAXPIN": "22.028.20.41.0021               ", "Acres_Poly": 0.83, "USE1_DESC": "100", "USE2_DESC": "", "PLAT_NAME": "AFTON", "BLOCK": "20", "LOT": "4", "YEAR_BUILT": 1888, "SITUS_ADDRESS": "15895 35TH ST S, CITY OF AFTON", "BLDG_NUM": "15895", "CITY": "CITY OF AFTON", "ZIP": "55001"}}, {"type": "Feature", "id": 79567, "geometry": {"type": "Polygon", "coordinates": [[[-92.78339909298346, 44.896671454084], [-92.78339856028249, 44.896781165059814], [-92.78378443610437, 44.896779285287415], [-92.78378496970365, 44.896669574944376], [-92.78339909298346, 44.896671454084]]]}, "properties": {"PIN": "2202820410023", "TAXPIN": "22.028.20.41.0023               ", "Acres_Poly": 0.09, "USE1_DESC": "100", "USE2_DESC": "", "PLAT_NAME": "AFTON", "BLOCK": "20", "LOT": "7", "YEAR_BUILT": null, "SITUS_ADDRESS": "", "BLDG_NUM": "", "CITY": "CITY OF AFTON", "ZIP": ""}}, {"type": "Feature", "id": 79568, "geometry": {"type": "Polygon", "coordinates": [[[-92.78378443610437, 44.896779285287415], [-92.78378375697801, 44.89691909271402], [-92.78378363750208, 44.896943852318486], [-92.78391410342405, 44.89694321533579], [-92.78397657496387, 44.896942911798625], [-92.78429239926156, 44.89694137184048], [-92.78438885586519, 44.89694090158053], [-92.78455539273908, 44.89694008896621], [-92.78455672134739, 44.896665813483196], [-92.78378496970365, 44.896669574944376], [-92.78378443610437, 44.896779285287415]]]}, "properties": {"PIN": "2202820410024", "TAXPIN": "22.028.20.41.0024               ", "Acres_Poly": 0.46, "USE1_DESC": "100", "USE2_DESC": "", "PLAT_NAME": "AFTON", "BLOCK": "20", "LOT": "9", "YEAR_BUILT": 1930, "SITUS_ADDRESS": "15880 36TH ST S, CITY OF AFTON", "BLDG_NUM": "15880", "CITY": "CITY OF AFTON", "ZIP": "55001"}}, {"type": "Feature", "id": 79569, "geometry": {"type": "Polygon", "coordinates": [[[-92.78397657496387, 44.896942911798625], [-92.78397632253727, 44.896995300259434], [-92.78397591021054, 44.8970800499973], [-92.78455472798576, 44.897077227807976], [-92.78455497412416, 44.89702623874537], [-92.78455539273908, 44.89694008896621], [-92.78438885586519, 44.89694090158053], [-92.78429239926156, 44.89694137184048], [-92.78397657496387, 44.896942911798625]]]}, "properties": {"PIN": "2202820410026", "TAXPIN": "22.028.20.41.0026               ", "Acres_Poly": 0.17, "USE1_DESC": "100", "USE2_DESC": "", "PLAT_NAME": "AFTON", "BLOCK": "20", "LOT": "10", "YEAR_BUILT": null, "SITUS_ADDRESS": "", "BLDG_NUM": "", "CITY": "CITY OF AFTON", "ZIP": ""}}, {"type": "Feature", "id": 79570, "geometry": {"type": "Polygon", "coordinates": [[[-92.78378803565371, 44.896038739273614], [-92.7837860369022, 44.89645015363043], [-92.78417191002913, 44.89644827321085], [-92.7841739060857, 44.89603685884058], [-92.78398097042054, 44.896037799375264], [-92.78378803565371, 44.896038739273614]]]}, "properties": {"PIN": "2202820410027", "TAXPIN": "22.028.20.41.0027               ", "Acres_Poly": 0.34, "USE1_DESC": "100", "USE2_DESC": "", "PLAT_NAME": "AFTON", "BLOCK": "21", "LOT": "3", "YEAR_BUILT": 1972, "SITUS_ADDRESS": "15889 36TH ST S, CITY OF AFTON", "BLDG_NUM": "15889", "CITY": "CITY OF AFTON", "ZIP": "55001"}}, {"type": "Feature", "id": 79571, "geometry": {"type": "Polygon", "coordinates": [[[-92.7841739060857, 44.89603685884058], [-92.78417191002913, 44.89644827321085], [-92.78455778495268, 44.89644639151852], [-92.78455977741598, 44.896034977771166], [-92.7841739060857, 44.89603685884058]]]}, "properties": {"PIN": "2202820410028", "TAXPIN": "22.028.20.41.0028               ", "Acres_Poly": 0.34, "USE1_DESC": "100", "USE2_DESC": "", "PLAT_NAME": "AFTON", "BLOCK": "21", "LOT": "1", "YEAR_BUILT": 1966, "SITUS_ADDRESS": "15875 36TH ST S, CITY OF AFTON", "BLDG_NUM": "15875", "CITY": "CITY OF AFTON", "ZIP": "55001"}}, {"type": "Feature", "id": 79572, "geometry": {"type": "Polygon", "coordinates": [[[-92.7834021625268, 44.89604061779749], [-92.78340016018203, 44.89645203341354], [-92.7837860369022, 44.89645015363043], [-92.78378803565371, 44.896038739273614], [-92.7834021625268, 44.89604061779749]]]}, "properties": {"PIN": "2202820410029", "TAXPIN": "22.028.20.41.0029               ", "Acres_Poly": 0.34, "USE1_DESC": "100", "USE2_DESC": "", "PLAT_NAME": "AFTON", "BLOCK": "21", "LOT": "5", "YEAR_BUILT": 2019, "SITUS_ADDRESS": "3602 ST CROIX TRL S, CITY OF AFTON", "BLDG_NUM": "3602", "CITY": "CITY OF AFTON", "ZIP": "55001"}}, {"type": "Feature", "id": 79573, "geometry": {"type": "Polygon", "coordinates": [[[-92.78340709427769, 44.89502706697327], [-92.7834052311718, 44.89540978159042], [-92.78456283617953, 44.89540414086586], [-92.7845648277445, 44.89499272666171], [-92.78471941792344, 44.89499197129295], [-92.78472160352453, 44.894580556685554], [-92.78456682110614, 44.89458131078695], [-92.78365581172872, 44.89458575203022], [-92.7835640272629, 44.89458619876362], [-92.78356356193557, 44.894587505872586], [-92.78340709427769, 44.89502706697327]]]}, "properties": {"PIN": "2202820410031", "TAXPIN": "22.028.20.41.0031               ", "Acres_Poly": 2.13, "USE1_DESC": "100", "USE2_DESC": "", "PLAT_NAME": "AFTON", "BLOCK": "22", "LOT": "1", "YEAR_BUILT": 1900, "SITUS_ADDRESS": "3710 ST CROIX TRL S, CITY OF AFTON", "BLDG_NUM": "3710", "CITY": "CITY OF AFTON", "ZIP": "55001"}}, {"type": "Feature", "id": 79574, "geometry": {"type": "Polygon", "coordinates": [[[-92.78487351941887, 44.89499122037884], [-92.78487152785387, 44.895402635230084], [-92.78602913106496, 44.89539697795938], [-92.78603111364681, 44.8949855630676], [-92.78487351941887, 44.89499122037884]]]}, "properties": {"PIN": "2202820410032", "TAXPIN": "22.028.20.41.0032               ", "Acres_Poly": 1.03, "USE1_DESC": "100", "USE2_DESC": "", "PLAT_NAME": "AFTON", "BLOCK": "23", "LOT": "1", "YEAR_BUILT": 1969, "SITUS_ADDRESS": "15825 37TH ST S, CITY OF AFTON", "BLDG_NUM": "15825", "CITY": "CITY OF AFTON", "ZIP": "55001"}}, {"type": "Feature", "id": 79575, "geometry": {"type": "Polygon", "coordinates": [[[-92.78472160352453, 44.894580556685554], [-92.78471941792344, 44.89499197129295], [-92.78487351941887, 44.89499122037884], [-92.78603111364681, 44.8949855630676], [-92.78603309802526, 44.8945741490507], [-92.78487551188215, 44.89457980449325], [-92.78472160352453, 44.894580556685554]]]}, "properties": {"PIN": "2202820410033", "TAXPIN": "22.028.20.41.0033               ", "Acres_Poly": 1.17, "USE1_DESC": "100", "USE2_DESC": "", "PLAT_NAME": "AFTON", "BLOCK": "23", "LOT": "7", "YEAR_BUILT": null, "SITUS_ADDRESS": "", "BLDG_NUM": "", "CITY": "CITY OF AFTON", "ZIP": ""}}, {"type": "Feature", "id": 79576, "geometry": {"type": "Polygon", "coordinates": [[[-92.7854472841706, 44.89603064418403], [-92.78544529709718, 44.896442057962396], [-92.78602410768589, 44.89643922874187], [-92.78602609116605, 44.89602781367053], [-92.7854472841706, 44.89603064418403]]]}, "properties": {"PIN": "2202820410034", "TAXPIN": "22.028.20.41.0034               ", "Acres_Poly": 0.52, "USE1_DESC": "100", "USE2_DESC": "", "PLAT_NAME": "AFTON", "BLOCK": "24", "LOT": "1", "YEAR_BUILT": 2004, "SITUS_ADDRESS": "", "BLDG_NUM": "", "CITY": "CITY OF AFTON", "ZIP": ""}}, {"type": "Feature", "id": 79577, "geometry": {"type": "Polygon", "coordinates": [[[-92.78486847537854, 44.89603347087923], [-92.78486648471186, 44.896444885273745], [-92.78544529709718, 44.896442057962396], [-92.7854472841706, 44.89603064418403], [-92.78525434670884, 44.89603158726424], [-92.78486847537854, 44.89603347087923]]]}, "properties": {"PIN": "2202820410035", "TAXPIN": "22.028.20.41.0035               ", "Acres_Poly": 0.52, "USE1_DESC": "100", "USE2_DESC": "", "PLAT_NAME": "AFTON", "BLOCK": "24", "LOT": "4", "YEAR_BUILT": 1901, "SITUS_ADDRESS": "15847 36TH ST S, CITY OF AFTON", "BLDG_NUM": "15847", "CITY": "CITY OF AFTON", "ZIP": "55001"}}, {"type": "Feature", "id": 79578, "geometry": {"type": "Polygon", "coordinates": [[[-92.7848634304399, 44.89707572157972], [-92.78544224821512, 44.89707289429939], [-92.78544026293834, 44.897484309529645], [-92.78601908430682, 44.897481480360405], [-92.78602217271478, 44.896841001479174], [-92.78602305126712, 44.89665865009755], [-92.78486542290321, 44.89666430660778], [-92.78486369903617, 44.897020315641974], [-92.7848634304399, 44.89707572157972]]]}, "properties": {"PIN": "2202820410038", "TAXPIN": "22.028.20.41.0038               ", "Acres_Poly": 1.55, "USE1_DESC": "100", "USE2_DESC": "", "PLAT_NAME": "AFTON", "BLOCK": "25", "LOT": "1", "YEAR_BUILT": 1895, "SITUS_ADDRESS": "15800 36TH ST S, CITY OF AFTON", "BLDG_NUM": "15800", "CITY": "CITY OF AFTON", "ZIP": "55001"}}, {"type": "Feature", "id": 79579, "geometry": {"type": "Polygon", "coordinates": [[[-92.78544026293834, 44.897484309529645], [-92.78544224821512, 44.89707289429939], [-92.7848634304399, 44.89707572157972], [-92.78486143977322, 44.89748713551704], [-92.78544026293834, 44.897484309529645]]]}, "properties": {"PIN": "2202820410040", "TAXPIN": "22.028.20.41.0040               ", "Acres_Poly": 0.52, "USE1_DESC": "100", "USE2_DESC": "", "PLAT_NAME": "AFTON", "BLOCK": "25", "LOT": "11", "YEAR_BUILT": 1965, "SITUS_ADDRESS": "3520 PERROT AVE S, CITY OF AFTON", "BLDG_NUM": "3520", "CITY": "CITY OF AFTON", "ZIP": "55001"}}, {"type": "Feature", "id": 79580, "geometry": {"type": "Polygon", "coordinates": [[[-92.78543787791126, 44.89797800633846], [-92.78543721495458, 44.89811514461387], [-92.7860160435096, 44.89811231547567], [-92.78601802788805, 44.897700900284356], [-92.785439202028, 44.89770373071549], [-92.78543787791126, 44.89797800633846]]]}, "properties": {"PIN": "2202820410041", "TAXPIN": "22.028.20.41.0041               ", "Acres_Poly": 0.52, "USE1_DESC": "140", "USE2_DESC": "", "PLAT_NAME": "AFTON", "BLOCK": "26", "LOT": "6", "YEAR_BUILT": null, "SITUS_ADDRESS": "", "BLDG_NUM": "", "CITY": "CITY OF AFTON", "ZIP": ""}}, {"type": "Feature", "id": 79581, "geometry": {"type": "Polygon", "coordinates": [[[-92.78486037796456, 44.89770655732841], [-92.78485905025458, 44.89798083293794], [-92.78543787791126, 44.89797800633846], [-92.785439202028, 44.89770373071549], [-92.78486037796456, 44.89770655732841]]]}, "properties": {"PIN": "2202820410042", "TAXPIN": "22.028.20.41.0042               ", "Acres_Poly": 0.34, "USE1_DESC": "100", "USE2_DESC": "", "PLAT_NAME": "AFTON", "BLOCK": "26", "LOT": "7", "YEAR_BUILT": null, "SITUS_ADDRESS": "", "BLDG_NUM": "", "CITY": "CITY OF AFTON", "ZIP": ""}}, {"type": "Feature", "id": 79582, "geometry": {"type": "Polygon", "coordinates": [[[-92.78632673303714, 44.89769939089073], [-92.78632475315024, 44.898110804820156], [-92.78682602296024, 44.89810835111847], [-92.78682573460104, 44.897696947989225], [-92.78632673303714, 44.89769939089073]]]}, "properties": {"PIN": "2202820410043", "TAXPIN": "22.028.20.41.0043               ", "Acres_Poly": 0.45, "USE1_DESC": "140", "USE2_DESC": "", "PLAT_NAME": "AFTON", "BLOCK": "41", "LOT": "4", "YEAR_BUILT": null, "SITUS_ADDRESS": "", "BLDG_NUM": "", "CITY": "CITY OF AFTON", "ZIP": ""}}, {"type": "Feature", "id": 79583, "geometry": {"type": "Polygon", "coordinates": [[[-92.78632977113942, 44.89706855442706], [-92.78632778945591, 44.89747996841566], [-92.78682558188744, 44.89747753186825], [-92.78682539952943, 44.89721855918874], [-92.78682534922379, 44.897145081855435], [-92.78682529352824, 44.89706612804372], [-92.78668892926811, 44.89706679620591], [-92.78632977113942, 44.89706855442706]]]}, "properties": {"PIN": "2202820410044", "TAXPIN": "22.028.20.41.0044               ", "Acres_Poly": 0.44, "USE1_DESC": "100", "USE2_DESC": "", "PLAT_NAME": "AFTON", "BLOCK": "42", "LOT": "1", "YEAR_BUILT": 1972, "SITUS_ADDRESS": "3570 PENNINGTON AVE S, CITY OF AFTON", "BLDG_NUM": "3570", "CITY": "CITY OF AFTON", "ZIP": "55001"}}, {"type": "Feature", "id": 79584, "geometry": {"type": "Polygon", "coordinates": [[[-92.7863317519246, 44.896657140676574], [-92.78633118239273, 44.89677524765826], [-92.78632977113942, 44.89706855442706], [-92.78668892926811, 44.89706679620591], [-92.78682529352824, 44.89706612804372], [-92.78682500786398, 44.8966547244575], [-92.7863317519246, 44.896657140676574]]]}, "properties": {"PIN": "2202820410045", "TAXPIN": "22.028.20.41.0045               ", "Acres_Poly": 0.44, "USE1_DESC": "100", "USE2_DESC": "", "PLAT_NAME": "AFTON", "BLOCK": "42", "LOT": "4", "YEAR_BUILT": null, "SITUS_ADDRESS": "", "BLDG_NUM": "", "CITY": "CITY OF AFTON", "ZIP": ""}}, {"type": "Feature", "id": 79585, "geometry": {"type": "Polygon", "coordinates": [[[-92.7863347891286, 44.89602630423299], [-92.7863328083434, 44.89643771804245], [-92.78682485335375, 44.89643531008668], [-92.78682471141994, 44.89623087338614], [-92.78682456679118, 44.89602390580541], [-92.7863347891286, 44.89602630423299]]]}, "properties": {"PIN": "2202820410046", "TAXPIN": "22.028.20.41.0046               ", "Acres_Poly": 0.44, "USE1_DESC": "100", "USE2_DESC": "", "PLAT_NAME": "AFTON", "BLOCK": "43", "LOT": "1", "YEAR_BUILT": null, "SITUS_ADDRESS": "", "BLDG_NUM": "", "CITY": "CITY OF AFTON", "ZIP": ""}}, {"type": "Feature", "id": 79586, "geometry": {"type": "Polygon", "coordinates": [[[-92.78633676811718, 44.89561488875279], [-92.7863347891286, 44.89602630423299], [-92.78682456679118, 44.89602390580541], [-92.78682451828215, 44.89595393645607], [-92.78682427933028, 44.89561250176254], [-92.78633676811718, 44.89561488875279]]]}, "properties": {"PIN": "2202820410047", "TAXPIN": "22.028.20.41.0047               ", "Acres_Poly": 0.44, "USE1_DESC": "100", "USE2_DESC": "", "PLAT_NAME": "AFTON", "BLOCK": "43", "LOT": "4", "YEAR_BUILT": null, "SITUS_ADDRESS": "", "BLDG_NUM": "", "CITY": "CITY OF AFTON", "ZIP": ""}}, {"type": "Feature", "id": 79587, "geometry": {"type": "Polygon", "coordinates": [[[-92.78634178610633, 44.89457263766589], [-92.78633980711777, 44.894984053602705], [-92.78682384005411, 44.894981683131846], [-92.7868235516949, 44.894570278632735], [-92.78634178610633, 44.89457263766589]]]}, "properties": {"PIN": "2202820410048", "TAXPIN": "22.028.20.41.0048               ", "Acres_Poly": 0.43, "USE1_DESC": "211", "USE2_DESC": "", "PLAT_NAME": "AFTON", "BLOCK": "44", "LOT": "4", "YEAR_BUILT": null, "SITUS_ADDRESS": "", "BLDG_NUM": "", "CITY": "CITY OF AFTON", "ZIP": ""}}, {"type": "Feature", "id": 79588, "geometry": {"type": "Polygon", "coordinates": [[[-92.78633980711777, 44.894984053602705], [-92.78633782633257, 44.895395467232525], [-92.7868241266167, 44.89539308723316], [-92.78682410775207, 44.895364657051026], [-92.78682384005411, 44.894981683131846], [-92.78633980711777, 44.894984053602705]]]}, "properties": {"PIN": "2202820410049", "TAXPIN": "22.028.20.41.0049               ", "Acres_Poly": 0.43, "USE1_DESC": "100", "USE2_DESC": "", "PLAT_NAME": "AFTON", "BLOCK": "44", "LOT": "1", "YEAR_BUILT": null, "SITUS_ADDRESS": "", "BLDG_NUM": "", "CITY": "CITY OF AFTON", "ZIP": ""}}, {"type": "Feature", "id": 79589, "geometry": {"type": "Polygon", "coordinates": [[[-92.782625071297, 44.89714147887507], [-92.78262333395523, 44.897498037934604], [-92.78273908996444, 44.897497476046176], [-92.78274109680078, 44.89708606027377], [-92.78262533899496, 44.89708662343888], [-92.782625071297, 44.89714147887507]]]}, "properties": {"PIN": "2202820410050", "TAXPIN": "22.028.20.41.0050               ", "Acres_Poly": 0.1, "USE1_DESC": "100", "USE2_DESC": "", "PLAT_NAME": "", "BLOCK": "", "LOT": "", "YEAR_BUILT": null, "SITUS_ADDRESS": "", "BLDG_NUM": "", "CITY": "CITY OF AFTON", "ZIP": ""}}, {"type": "Feature", "id": 79590, "geometry": {"type": "Polygon", "coordinates": [[[-92.7834092340647, 44.89458695286494], [-92.78340709427769, 44.89502706697327], [-92.78356356193557, 44.894587505872586], [-92.7835640272629, 44.89458619876362], [-92.7834092340647, 44.89458695286494]]]}, "properties": {"PIN": "2202820410051", "TAXPIN": "22.028.20.41.0051               ", "Acres_Poly": 0.07, "USE1_DESC": "966", "USE2_DESC": "", "PLAT_NAME": "AFTON", "BLOCK": "22", "LOT": "6", "YEAR_BUILT": null, "SITUS_ADDRESS": "", "BLDG_NUM": "", "CITY": "CITY OF AFTON", "ZIP": ""}}, {"type": "Feature", "id": 79591, "geometry": {"type": "Polygon", "coordinates": [[[-92.78525633647719, 44.895620171821825], [-92.78487046694353, 44.8956220554503], [-92.78486847537854, 44.89603347087923], [-92.78525434670884, 44.89603158726424], [-92.7854472841706, 44.89603064418403], [-92.78602609116605, 44.89602781367053], [-92.7860280746462, 44.89561640011024], [-92.78525633647719, 44.895620171821825]]]}, "properties": {"PIN": "2202820410053", "TAXPIN": "22.028.20.41.0053               ", "Acres_Poly": 1.03, "USE1_DESC": "100", "USE2_DESC": "", "PLAT_NAME": "", "BLOCK": "", "LOT": "", "YEAR_BUILT": 1970, "SITUS_ADDRESS": "15820 37TH ST S, CITY OF AFTON", "BLDG_NUM": "15820", "CITY": "CITY OF AFTON", "ZIP": "55001"}}, {"type": "Feature", "id": 79592, "geometry": {"type": "Polygon", "coordinates": [[[-92.7825102387559, 44.89695005351308], [-92.78250930271138, 44.89714204140328], [-92.782625071297, 44.89714147887507], [-92.78262533899496, 44.89708662343888], [-92.78274109680078, 44.89708606027377], [-92.78289544982448, 44.89708530938695], [-92.78308838998119, 44.89708437205113], [-92.78308943651851, 44.89686951429286], [-92.78308946706123, 44.896862910281754], [-92.78304981542458, 44.89686793551554], [-92.78296840021206, 44.8968782513385], [-92.78289648917527, 44.89687219458698], [-92.78286034186654, 44.89686915157496], [-92.78282455298563, 44.896866137198415], [-92.78281024461978, 44.89686081733574], [-92.78276673561732, 44.896844640113855], [-92.78274229425506, 44.89684082521093], [-92.78274310363713, 44.89667464601222], [-92.78274330485975, 44.89663350474234], [-92.78274221340668, 44.89663350983314], [-92.78251177936663, 44.89663463044506], [-92.78251157904232, 44.89667577107777], [-92.78251093944183, 44.89680643634732], [-92.7825102387559, 44.89695005351308]]]}, "properties": {"PIN": "2202820410054", "TAXPIN": "22.028.20.41.0054               ", "Acres_Poly": 0.41, "USE1_DESC": "958", "USE2_DESC": "", "PLAT_NAME": "", "BLOCK": "", "LOT": "", "YEAR_BUILT": null, "SITUS_ADDRESS": "3561 ST CROIX TRL S, CITY OF AFTON", "BLDG_NUM": "3561", "CITY": "CITY OF AFTON", "ZIP": "55001"}}, {"type": "Feature", "id": 79593, "geometry": {"type": "Polygon", "coordinates": [[[-92.78398296827373, 44.89562638461368], [-92.78398097042054, 44.896037799375264], [-92.7841739060857, 44.89603685884058], [-92.78455977741598, 44.896034977771166], [-92.7845617707776, 44.89562356171665], [-92.78398296827373, 44.89562638461368]]]}, "properties": {"PIN": "2202820410055", "TAXPIN": "22.028.20.41.0055               ", "Acres_Poly": 0.52, "USE1_DESC": "100", "USE2_DESC": "", "PLAT_NAME": "", "BLOCK": "", "LOT": "", "YEAR_BUILT": 2020, "SITUS_ADDRESS": "15880 37TH ST S, CITY OF AFTON", "BLDG_NUM": "15880", "CITY": "CITY OF AFTON", "ZIP": "55001"}}, {"type": "Feature", "id": 79594, "geometry": {"type": "Polygon", "coordinates": [[[-92.78398296827373, 44.89562638461368], [-92.78340416397324, 44.89562920369244], [-92.7834021625268, 44.89604061779749], [-92.78378803565371, 44.896038739273614], [-92.78398097042054, 44.896037799375264], [-92.78398296827373, 44.89562638461368]]]}, "properties": {"PIN": "2202820410056", "TAXPIN": "22.028.20.41.0056               ", "Acres_Poly": 0.52, "USE1_DESC": "100", "USE2_DESC": "", "PLAT_NAME": "", "BLOCK": "", "LOT": "", "YEAR_BUILT": 1860, "SITUS_ADDRESS": "3632 ST CROIX TRL S, CITY OF AFTON", "BLDG_NUM": "3632", "CITY": "CITY OF AFTON", "ZIP": "55001"}}, {"type": "Feature", "id": 79596, "geometry": {"type": "Polygon", "coordinates": [[[-92.78740262818492, 44.896801237385176], [-92.78741190508687, 44.89680512992516], [-92.78742118378544, 44.896809023737596], [-92.78742873143045, 44.89681219084057], [-92.78743050829809, 44.89681285518766], [-92.78744004391483, 44.896816420007774], [-92.7874495804299, 44.896819986100375], [-92.78745556051473, 44.89682222158979], [-92.7874592031832, 44.89682342428685], [-92.78746897415854, 44.896826652478445], [-92.7874787460322, 44.89682988066982], [-92.78748305075905, 44.89683130290665], [-92.78748863289023, 44.89683291604776], [-92.78749861586797, 44.89683579933842], [-92.78750859704911, 44.89683868199261], [-92.78751113568809, 44.8968394150649], [-92.78751871746908, 44.8968413024715], [-92.7875288863981, 44.89684383386163], [-92.78753974523326, 44.89684653642915], [-92.78754937517313, 44.89684856319557], [-92.7875597075955, 44.89685073695818], [-92.78756881381754, 44.89685265236367], [-92.78757005439095, 44.89685286744906], [-92.78758052335728, 44.89685467785721], [-92.7875909923236, 44.89685648890161], [-92.78759826777907, 44.8968577469602], [-92.78760149452758, 44.89685818603981], [-92.7876120757833, 44.89685962927542], [-92.78762265793735, 44.89686107187463], [-92.78762804064255, 44.89686180685566], [-92.78763328051559, 44.89686233375117], [-92.78764394980621, 44.89686340472357], [-92.78765461819853, 44.8968644769686], [-92.7876580551528, 44.89686482377782], [-92.78766532791334, 44.89686529722013], [-92.78767605828942, 44.89686599465665], [-92.78768678776717, 44.89686669336588], [-92.78768824483457, 44.89686678881796], [-92.78769754688932, 44.896867067538], [-92.78770831140137, 44.89686739143874], [-92.78771853243269, 44.8968676975217], [-92.78772985120527, 44.89686764279586], [-92.78774062559879, 44.89686759061537], [-92.78774884518363, 44.89686755116183], [-92.7877513946024, 44.896867449346324], [-92.78776215282625, 44.896867021084674], [-92.78777291194842, 44.896866592186676], [-92.78777911212049, 44.896866345920316], [-92.78778364951101, 44.89686600611091], [-92.7877943637174, 44.89686520176805], [-92.78780507972043, 44.89686439933426], [-92.78780925868313, 44.89686408497873], [-92.78781575260432, 44.89686336845177], [-92.78782639853875, 44.89686219184576], [-92.78783704537149, 44.89686101523972], [-92.78783921390459, 44.89686077660949], [-92.78784761764406, 44.89685954527758], [-92.7878581701537, 44.896857999590075], [-92.78786890412304, 44.89685642717592], [-92.78787915659537, 44.896854546769674], [-92.7878895905274, 44.896852633909624], [-92.78789825926988, 44.89685104558665], [-92.78789999840829, 44.89685066123284], [-92.78791028591492, 44.896848386927346], [-92.7879205761165, 44.896846113258114], [-92.78792720478498, 44.89684464711365], [-92.78793080163938, 44.89684371168293], [-92.78794092116107, 44.896841082295296], [-92.78795104158105, 44.896838451634814], [-92.78795567598961, 44.89683724639264], [-92.78796105330488, 44.89683563197903], [-92.78797097968877, 44.89683265132715], [-92.78798360101852, 44.896828861240984], [-92.78808708154935, 44.89679561970564], [-92.78810014664685, 44.896791184360126], [-92.78811321174435, 44.896786748377956], [-92.78811869865409, 44.896784885150794], [-92.7881261160434, 44.896782088400926], [-92.78813890625642, 44.89677726424564], [-92.78814965100554, 44.89677321261674], [-92.78815164796039, 44.89677238090962], [-92.78816413993275, 44.896767177489984], [-92.78817663010845, 44.89676197534255], [-92.78817988111147, 44.896760621193245], [-92.78818888492556, 44.896756497655815], [-92.78820105709765, 44.8967509251526], [-92.78820933597132, 44.896747133788374], [-92.78821311877698, 44.89674523619713], [-92.78822494689432, 44.896739302883184], [-92.7882367768083, 44.89673336893232], [-92.78823796348279, 44.89673277458265], [-92.78824827973551, 44.896727120624504], [-92.78825974762843, 44.896720837316906], [-92.78826571244193, 44.89671756839306], [-92.78827102867177, 44.89671439173961], [-92.78828211118743, 44.89670776989294], [-92.78829253344135, 44.896701543218306], [-92.788303849519, 44.89669418002343], [-92.78831452958941, 44.89668723172735], [-92.78831837887039, 44.896684727056964], [-92.78832493926691, 44.89668008170771], [-92.78833519712914, 44.89667281905333], [-92.78834320111832, 44.89666715108964], [-92.78834535617669, 44.89666548958136], [-92.78835517386443, 44.8966579252955], [-92.78836498885723, 44.896650361008604], [-92.78836695706602, 44.896648844587574], [-92.7883744382357, 44.89664256636217], [-92.78838379778264, 44.89663471444322], [-92.78838960539098, 44.89662984191298], [-92.78839297586991, 44.89662675943449], [-92.78840185930976, 44.89661863261023], [-92.78841110387233, 44.89661017615545], [-92.78841915637055, 44.89660213269069], [-92.78842754843194, 44.89659374559566], [-92.78843141478092, 44.89658988358618], [-92.7884356692021, 44.89658522932034], [-92.78844355551199, 44.89657659850064], [-92.78845050308239, 44.89656899856748], [-92.78845138073642, 44.89656794222568], [-92.7884587496167, 44.89655908358991], [-92.78846611670033, 44.89655022368006], [-92.78846833284415, 44.896547559916044], [-92.78847311188144, 44.89654121677184], [-92.78847994536582, 44.896532144318044], [-92.78848487262515, 44.896525604539676], [-92.78848662883155, 44.89652301777301], [-92.78849291973346, 44.89651374804749], [-92.78849920704215, 44.896504478956885], [-92.78850009457764, 44.89650317316423], [-92.78850501914204, 44.89649505523136], [-92.78851075398681, 44.89648560541393], [-92.78851396995552, 44.89648030460658], [-92.78851623820162, 44.89647608432354], [-92.78852140620943, 44.896466470324285], [-92.78852647360597, 44.89645703959269], [-92.78853115113365, 44.896447095323666], [-92.78853574332138, 44.896437334958556], [-92.7885375839694, 44.896433420757724], [-92.78853998516615, 44.89642749950231], [-92.78854399165232, 44.89641760931807], [-92.7885472821812, 44.8964094894641], [-92.78854789303558, 44.89640770067794], [-92.78855131022694, 44.89639770103768], [-92.78855472562165, 44.89638769948665], [-92.78855554937677, 44.89638528834706], [-92.78855768826546, 44.89637762920776], [-92.78856050807713, 44.89636753474574], [-92.78856237208134, 44.8963608600419], [-92.78856312397124, 44.89635741546418], [-92.78856534011504, 44.89634724590897], [-92.78856755715718, 44.8963370757156], [-92.78856773682023, 44.896336250365714], [-92.78856921814211, 44.896326855248525], [-92.78857082792311, 44.89631662777977], [-92.78857163550856, 44.896311500044945], [-92.78857213407353, 44.896306380582246], [-92.7885740591632, 44.8962866548968], [-92.78859627270354, 44.895958850406736], [-92.78866391225117, 44.895869172331295], [-92.78875033377477, 44.89590997878749], [-92.78996007879822, 44.89648116749914], [-92.78995925414479, 44.895386048416206], [-92.78995915802506, 44.89525697146796], [-92.78995854627235, 44.89444512055366], [-92.78809675011676, 44.89445430661125], [-92.78778906275889, 44.89535991104964], [-92.7875885012953, 44.895950180038916], [-92.78781733992741, 44.89592433310781], [-92.78826909819223, 44.896084224097756], [-92.7882221890664, 44.896234991234124], [-92.78788190094858, 44.896447948035075], [-92.78714937244509, 44.896232101549785], [-92.78682471141994, 44.89623087338614], [-92.78682485335375, 44.89643531008668], [-92.78682492971053, 44.89654502151299], [-92.78740262818492, 44.896801237385176]]]}, "properties": {"PIN": "2202820420002", "TAXPIN": "22.028.20.42.0002               ", "Acres_Poly": 9.41, "USE1_DESC": "100", "USE2_DESC": "", "PLAT_NAME": "COUNTY AUDITOR'S PLAT NO.5", "BLOCK": "", "LOT": "37", "YEAR_BUILT": 1900, "SITUS_ADDRESS": "15601 36TH ST S, CITY OF AFTON", "BLDG_NUM": "15601", "CITY": "CITY OF AFTON", "ZIP": "55001"}}, {"type": "Feature", "id": 79597, "geometry": {"type": "Polygon", "coordinates": [[[-92.78682471141994, 44.89623087338614], [-92.78714937244509, 44.896232101549785], [-92.78788190094858, 44.896447948035075], [-92.7882221890664, 44.896234991234124], [-92.78826909819223, 44.896084224097756], [-92.78781733992741, 44.89592433310781], [-92.7875885012953, 44.895950180038916], [-92.78682451828215, 44.89595393645607], [-92.78682456679118, 44.89602390580541], [-92.78682471141994, 44.89623087338614]]]}, "properties": {"PIN": "2202820420003", "TAXPIN": "22.028.20.42.0003               ", "Acres_Poly": 1.08, "USE1_DESC": "100", "USE2_DESC": "", "PLAT_NAME": "COUNTY AUDITOR'S PLAT NO.5", "BLOCK": "", "LOT": "37", "YEAR_BUILT": 1969, "SITUS_ADDRESS": "15674 37TH ST S, CITY OF AFTON", "BLDG_NUM": "15674", "CITY": "CITY OF AFTON", "ZIP": "55001"}}, {"type": "Feature", "id": 79598, "geometry": {"type": "Polygon", "coordinates": [[[-92.78682529352824, 44.89706612804372], [-92.78682534922379, 44.897145081855435], [-92.78682539952943, 44.89721855918874], [-92.78737921269874, 44.89721032426969], [-92.78791334557678, 44.89720237952213], [-92.78792611512853, 44.89720218989173], [-92.7882688843932, 44.897197089598635], [-92.78837446788012, 44.897195517830156], [-92.78918643170923, 44.897183433028694], [-92.78996633107259, 44.89717181911918], [-92.78996008059484, 44.896484199713676], [-92.78996007879822, 44.89648116749914], [-92.78875033377477, 44.89590997878749], [-92.78866391225117, 44.895869172331295], [-92.78859627270354, 44.895958850406736], [-92.7885740591632, 44.8962866548968], [-92.78857213407353, 44.896306380582246], [-92.78857163550856, 44.896311500044945], [-92.78857082792311, 44.89631662777977], [-92.78856921814211, 44.896326855248525], [-92.78856773682023, 44.896336250365714], [-92.78856755715718, 44.8963370757156], [-92.78856534011504, 44.89634724590897], [-92.78856312397124, 44.89635741546418], [-92.78856237208134, 44.8963608600419], [-92.78856050807713, 44.89636753474574], [-92.78855768826546, 44.89637762920776], [-92.78855554937677, 44.89638528834706], [-92.78855472562165, 44.89638769948665], [-92.78855131022694, 44.89639770103768], [-92.78854789303558, 44.89640770067794], [-92.7885472821812, 44.8964094894641], [-92.78854399165232, 44.89641760931807], [-92.78853998516615, 44.89642749950231], [-92.7885375839694, 44.896433420757724], [-92.78853574332138, 44.896437334958556], [-92.78853115113365, 44.896447095323666], [-92.78852647360597, 44.89645703959269], [-92.78852140620943, 44.896466470324285], [-92.78851623820162, 44.89647608432354], [-92.78851396995552, 44.89648030460658], [-92.78851075398681, 44.89648560541393], [-92.78850501914204, 44.89649505523136], [-92.78850009457764, 44.89650317316423], [-92.78849920704215, 44.896504478956885], [-92.78849291973346, 44.89651374804749], [-92.78848662883155, 44.89652301777301], [-92.78848487262515, 44.896525604539676], [-92.78847994536582, 44.896532144318044], [-92.78847311188144, 44.89654121677184], [-92.78846833284415, 44.896547559916044], [-92.78846611670033, 44.89655022368006], [-92.7884587496167, 44.89655908358991], [-92.78845138073642, 44.89656794222568], [-92.78845050308239, 44.89656899856748], [-92.78844355551199, 44.89657659850064], [-92.7884356692021, 44.89658522932034], [-92.78843141478092, 44.89658988358618], [-92.78842754843194, 44.89659374559566], [-92.78841915637055, 44.89660213269069], [-92.78841110387233, 44.89661017615545], [-92.78840185930976, 44.89661863261023], [-92.78839297586991, 44.89662675943449], [-92.78838960539098, 44.89662984191298], [-92.78838379778264, 44.89663471444322], [-92.7883744382357, 44.89664256636217], [-92.78836695706602, 44.896648844587574], [-92.78836498885723, 44.896650361008604], [-92.78835517386443, 44.8966579252955], [-92.78834535617669, 44.89666548958136], [-92.78834320111832, 44.89666715108964], [-92.78833519712914, 44.89667281905333], [-92.78832493926691, 44.89668008170771], [-92.78831837887039, 44.896684727056964], [-92.78831452958941, 44.89668723172735], [-92.788303849519, 44.89669418002343], [-92.78829253344135, 44.896701543218306], [-92.78828211118743, 44.89670776989294], [-92.78827102867177, 44.89671439173961], [-92.78826571244193, 44.89671756839306], [-92.78825974762843, 44.896720837316906], [-92.78824827973551, 44.896727120624504], [-92.78823796348279, 44.89673277458265], [-92.7882367768083, 44.89673336893232], [-92.78822494689432, 44.896739302883184], [-92.78821311877698, 44.89674523619713], [-92.78820933597132, 44.896747133788374], [-92.78820105709765, 44.8967509251526], [-92.78818888492556, 44.896756497655815], [-92.78817988111147, 44.896760621193245], [-92.78817663010845, 44.89676197534255], [-92.78816413993275, 44.896767177489984], [-92.78815164796039, 44.89677238090962], [-92.78814965100554, 44.89677321261674], [-92.78813890625642, 44.89677726424564], [-92.7881261160434, 44.896782088400926], [-92.78811869865409, 44.896784885150794], [-92.78811321174435, 44.896786748377956], [-92.78810014664685, 44.896791184360126], [-92.78808708154935, 44.89679561970564], [-92.78798360101852, 44.896828861240984], [-92.78797097968877, 44.89683265132715], [-92.78796105330488, 44.89683563197903], [-92.78795567598961, 44.89683724639264], [-92.78795104158105, 44.896838451634814], [-92.78794092116107, 44.896841082295296], [-92.78793080163938, 44.89684371168293], [-92.78792720478498, 44.89684464711365], [-92.7879205761165, 44.896846113258114], [-92.78791028591492, 44.896848386927346], [-92.78789999840829, 44.89685066123284], [-92.78789825926988, 44.89685104558665], [-92.7878895905274, 44.896852633909624], [-92.78787915659537, 44.896854546769674], [-92.78786890412304, 44.89685642717592], [-92.7878581701537, 44.896857999590075], [-92.78784761764406, 44.89685954527758], [-92.78783921390459, 44.89686077660949], [-92.78783704537149, 44.89686101523972], [-92.78782639853875, 44.89686219184576], [-92.78781575260432, 44.89686336845177], [-92.78780925868313, 44.89686408497873], [-92.78780507972043, 44.89686439933426], [-92.7877943637174, 44.89686520176805], [-92.78778364951101, 44.89686600611091], [-92.78777911212049, 44.896866345920316], [-92.78777291194842, 44.896866592186676], [-92.78776215282625, 44.896867021084674], [-92.7877513946024, 44.896867449346324], [-92.78774884518363, 44.89686755116183], [-92.78774062559879, 44.89686759061537], [-92.78772985120527, 44.89686764279586], [-92.78771853243269, 44.8968676975217], [-92.78770831140137, 44.89686739143874], [-92.78769754688932, 44.896867067538], [-92.78768824483457, 44.89686678881796], [-92.78768678776717, 44.89686669336588], [-92.78767605828942, 44.89686599465665], [-92.78766532791334, 44.89686529722013], [-92.7876580551528, 44.89686482377782], [-92.78765461819853, 44.8968644769686], [-92.78764394980621, 44.89686340472357], [-92.78763328051559, 44.89686233375117], [-92.78762804064255, 44.89686180685566], [-92.78762265793735, 44.89686107187463], [-92.7876120757833, 44.89685962927542], [-92.78760149452758, 44.89685818603981], [-92.78759826777907, 44.8968577469602], [-92.7875909923236, 44.89685648890161], [-92.78758052335728, 44.89685467785721], [-92.78757005439095, 44.89685286744906], [-92.78756881381754, 44.89685265236367], [-92.7875597075955, 44.89685073695818], [-92.78754937517313, 44.89684856319557], [-92.78753974523326, 44.89684653642915], [-92.7875288863981, 44.89684383386163], [-92.78751871746908, 44.8968413024715], [-92.78751113568809, 44.8968394150649], [-92.78750859704911, 44.89683868199261], [-92.78749861586797, 44.89683579933842], [-92.78748863289023, 44.89683291604776], [-92.78748305075905, 44.89683130290665], [-92.7874787460322, 44.89682988066982], [-92.78746897415854, 44.896826652478445], [-92.7874592031832, 44.89682342428685], [-92.78745556051473, 44.89682222158979], [-92.7874495804299, 44.896819986100375], [-92.78744004391483, 44.896816420007774], [-92.78743050829809, 44.89681285518766], [-92.78742873143045, 44.89681219084057], [-92.78742118378544, 44.896809023737596], [-92.78741190508687, 44.89680512992516], [-92.78740262818492, 44.896801237385176], [-92.78682492971053, 44.89654502151299], [-92.78682500786398, 44.8966547244575], [-92.78682529352824, 44.89706612804372]]]}, "properties": {"PIN": "2202820420004", "TAXPIN": "22.028.20.42.0004               ", "Acres_Poly": 4.87, "USE1_DESC": "100", "USE2_DESC": "", "PLAT_NAME": "COUNTY AUDITOR'S PLAT NO.5", "BLOCK": "", "LOT": "37", "YEAR_BUILT": 1901, "SITUS_ADDRESS": "15612 36TH ST S, CITY OF AFTON", "BLDG_NUM": "15612", "CITY": "CITY OF AFTON", "ZIP": "55001"}}, {"type": "Feature", "id": 79599, "geometry": {"type": "Polygon", "coordinates": [[[-92.78682427933028, 44.89561250176254], [-92.78682451828215, 44.89595393645607], [-92.7875885012953, 44.895950180038916], [-92.78778906275889, 44.89535991104964], [-92.78682410775207, 44.895364657051026], [-92.7868241266167, 44.89539308723316], [-92.78682427933028, 44.89561250176254]]]}, "properties": {"PIN": "2202820420005", "TAXPIN": "22.028.20.42.0005               ", "Acres_Poly": 1.11, "USE1_DESC": "100", "USE2_DESC": "", "PLAT_NAME": "COUNTY AUDITOR'S PLAT NO.5", "BLOCK": "", "LOT": "37", "YEAR_BUILT": 1970, "SITUS_ADDRESS": "15680 37TH ST S, CITY OF AFTON", "BLDG_NUM": "15680", "CITY": "CITY OF AFTON", "ZIP": "55001"}}, {"type": "Feature", "id": 79600, "geometry": {"type": "Polygon", "coordinates": [[[-92.78682384005411, 44.894981683131846], [-92.78682410775207, 44.895364657051026], [-92.78778906275889, 44.89535991104964], [-92.78809675011676, 44.89445430661125], [-92.78682347623642, 44.89446057171169], [-92.7868235516949, 44.894570278632735], [-92.78682384005411, 44.894981683131846]]]}, "properties": {"PIN": "2202820420006", "TAXPIN": "22.028.20.42.0006               ", "Acres_Poly": 2.19, "USE1_DESC": "100", "USE2_DESC": "", "PLAT_NAME": "COUNTY AUDITOR'S PLAT NO.5", "BLOCK": "", "LOT": "37", "YEAR_BUILT": null, "SITUS_ADDRESS": "", "BLDG_NUM": "", "CITY": "CITY OF AFTON", "ZIP": ""}}, {"type": "Feature", "id": 79601, "geometry": {"type": "Polygon", "coordinates": [[[-92.78682629784471, 44.89851975448587], [-92.78682637330321, 44.898631222653776], [-92.78721758601618, 44.89826023607333], [-92.78722742346686, 44.898251296884126], [-92.78723664467324, 44.89824291766567], [-92.78723941148432, 44.898240402881754], [-92.7872462036462, 44.89823473189087], [-92.78725590545126, 44.89822663074713], [-92.78726237152468, 44.89822122955975], [-92.78726576086824, 44.8982186256884], [-92.78727592440737, 44.8982108159826], [-92.78728642661135, 44.89820274601575], [-92.78729668177864, 44.89819549118967], [-92.78730729267878, 44.89818798501132], [-92.78731153542186, 44.898184983430596], [-92.78731815600548, 44.89818067100449], [-92.78732919450371, 44.8981734836269], [-92.78733765393874, 44.89816797362162], [-92.78734032283346, 44.89816637388099], [-92.7873517682685, 44.89815951612207], [-92.78736321370353, 44.898152658998626], [-92.78736473904289, 44.898151745224546], [-92.78737499331184, 44.898146097769256], [-92.78738682681907, 44.898139581718745], [-92.78739274222522, 44.8981363249659], [-92.78739884358264, 44.898133243204505], [-92.78741104539914, 44.89812708031749], [-92.78742161946835, 44.898121739572446], [-92.78742329213141, 44.89812096579115], [-92.78743584159592, 44.898115166885546], [-92.78744839106045, 44.89810936670666], [-92.78745131866997, 44.89810801513441], [-92.78746118845999, 44.89810385478626], [-92.78747406491127, 44.898098428770346], [-92.78748178952439, 44.89809517201517], [-92.78748706083847, 44.89809315547401], [-92.78750024092032, 44.898088111257294], [-92.7875129808277, 44.898083236304885], [-92.78752689213817, 44.89807842880349], [-92.7875403524944, 44.89807377593077], [-92.78754483957924, 44.89807222518524], [-92.78755398532716, 44.89806939031792], [-92.7875677061948, 44.89806513642586], [-92.7875773100835, 44.89806215965574], [-92.78758149623273, 44.89806100534594], [-92.7875954533573, 44.89805715743435], [-92.78761033754324, 44.898053053716204], [-92.78762355984591, 44.898049848501486], [-92.78763772807456, 44.898046414842675], [-92.7876438662629, 44.89804492645716], [-92.78765199960948, 44.898043217899975], [-92.78766635558605, 44.898040202948636], [-92.78767783875033, 44.89803779124199], [-92.78768074210531, 44.898037271356955], [-92.7876952588803, 44.89803468020393], [-92.78770977745192, 44.89803208905078], [-92.78771219751332, 44.89803165697979], [-92.78772440921128, 44.89802985424475], [-92.78773906612346, 44.89802769007174], [-92.78774688146643, 44.89802653703395], [-92.78775377244297, 44.898025728889294], [-92.78776854164455, 44.898023998059834], [-92.78778183311749, 44.89802244031327], [-92.7877833207276, 44.898022310501084], [-92.78779817616747, 44.89802101365158], [-92.78781303430226, 44.898019716802054], [-92.78781699497435, 44.89801937063609], [-92.7878279364545, 44.898018741301364], [-92.78784285657306, 44.89801788224989], [-92.78785230505322, 44.898017338183934], [-92.78785778836972, 44.89801718355465], [-92.78787274531919, 44.89801676357392], [-92.78788770137037, 44.89801634232054], [-92.78809843894949, 44.89801260830982], [-92.78825949071026, 44.89802970916054], [-92.78792004970374, 44.89721840137558], [-92.78791334557678, 44.89720237952213], [-92.78737921269874, 44.89721032426969], [-92.78682539952943, 44.89721855918874], [-92.78682558188744, 44.89747753186825], [-92.78682573460104, 44.897696947989225], [-92.78682602296024, 44.89810835111847], [-92.7868260319434, 44.898123563303635], [-92.78682629784471, 44.89851975448587]]]}, "properties": {"PIN": "2202820420007", "TAXPIN": "22.028.20.42.0007               ", "Acres_Poly": 2.68, "USE1_DESC": "100", "USE2_DESC": "", "PLAT_NAME": "SCHMITT'S AFTON COULEE RIDGE", "BLOCK": "", "LOT": "5", "YEAR_BUILT": 1975, "SITUS_ADDRESS": "5 COULEE RIDGE RD S, CITY OF AFTON", "BLDG_NUM": "5", "CITY": "CITY OF AFTON", "ZIP": "55001"}}, {"type": "Feature", "id": 79602, "geometry": {"type": "Polygon", "coordinates": [[[-92.78825949071026, 44.89802970916054], [-92.78882859140906, 44.89809013416193], [-92.78924821244458, 44.89806439191519], [-92.78974137675577, 44.898034134865476], [-92.78976856875944, 44.89803470883898], [-92.78918643170923, 44.897183433028694], [-92.78837446788012, 44.897195517830156], [-92.7882688843932, 44.897197089598635], [-92.78792611512853, 44.89720218989173], [-92.78791334557678, 44.89720237952213], [-92.78792004970374, 44.89721840137558], [-92.78825949071026, 44.89802970916054]]]}, "properties": {"PIN": "2202820420008", "TAXPIN": "22.028.20.42.0008               ", "Acres_Poly": 2.63, "USE1_DESC": "100", "USE2_DESC": "", "PLAT_NAME": "SCHMITT'S AFTON COULEE RIDGE", "BLOCK": "", "LOT": "6", "YEAR_BUILT": 2003, "SITUS_ADDRESS": "6 COULEE RIDGE RD S, CITY OF AFTON", "BLDG_NUM": "6", "CITY": "CITY OF AFTON", "ZIP": "55001"}}, {"type": "Feature", "id": 79606, "geometry": {"type": "Polygon", "coordinates": [[[-92.78682285370394, 44.893569215106744], [-92.78682347623642, 44.89446057171169], [-92.78809675011676, 44.89445430661125], [-92.78995854627235, 44.89444512055366], [-92.79112418042209, 44.89443935373236], [-92.79185002905311, 44.89443583967483], [-92.7918384731253, 44.89219923402935], [-92.79183108897367, 44.89077001151111], [-92.79078891298836, 44.89077576342638], [-92.79055742522449, 44.89077703943758], [-92.78973498614084, 44.890781571345514], [-92.78699847254533, 44.89079660345442], [-92.786877348204, 44.89131603422693], [-92.78686852854455, 44.89135117860841], [-92.78686748739713, 44.891354810589945], [-92.78686454900784, 44.891365059306224], [-92.78685850154935, 44.89138615813874], [-92.78685718102588, 44.89139024578602], [-92.78685616862455, 44.89139338454913], [-92.7868490881035, 44.891415320883546], [-92.78684726991334, 44.89142095245323], [-92.78684339817447, 44.89143172619379], [-92.7868403259362, 44.89144027950753], [-92.78683484261971, 44.89145554118721], [-92.7868310391528, 44.89146514011406], [-92.78682918862332, 44.89146981006809], [-92.78682122595661, 44.89148990333958], [-92.78682285370394, 44.893569215106744]]]}, "properties": {"PIN": "2202820430001", "TAXPIN": "22.028.20.43.0001               ", "Acres_Poly": 39.75, "USE1_DESC": "100", "USE2_DESC": "211", "PLAT_NAME": "", "BLOCK": "", "LOT": "", "YEAR_BUILT": 2002, "SITUS_ADDRESS": "15695 37TH ST S, CITY OF AFTON", "BLDG_NUM": "15695", "CITY": "CITY OF AFTON", "ZIP": "55001"}}, {"type": "Feature", "id": 79608, "geometry": {"type": "Polygon", "coordinates": [[[-92.7814238036749, 44.89356745359673], [-92.7814344424228, 44.89359537619702], [-92.78146047649804, 44.89360749675359], [-92.78148710615633, 44.893613811584196], [-92.78151522971292, 44.893635619795084], [-92.78156044012457, 44.893694669737165], [-92.7816021839375, 44.89377576960139], [-92.78161994003739, 44.89386024216767], [-92.78161991218961, 44.89392334498193], [-92.78161347216735, 44.89397286548719], [-92.78159672397719, 44.89401808084806], [-92.78157030991458, 44.89404815673399], [-92.78154495227074, 44.89408172059211], [-92.78154391381827, 44.89408278397976], [-92.78179844247087, 44.894081400494], [-92.78246816615959, 44.89407775850258], [-92.78250711531368, 44.89407754595232], [-92.78253409441659, 44.894060897027536], [-92.783729724212, 44.89332303719435], [-92.78294859325837, 44.892935381116814], [-92.78248986945684, 44.89270772271829], [-92.78284732797303, 44.89332384667784], [-92.78285232530095, 44.89333293936578], [-92.78215357524877, 44.89353830848924], [-92.78212136525595, 44.89354777470059], [-92.78208318685637, 44.89354798279815], [-92.7818004537988, 44.893549519028845], [-92.78142079881027, 44.89354832071798], [-92.7814238036749, 44.89356745359673]]]}, "properties": {"PIN": "2202820440004", "TAXPIN": "22.028.20.44.0004               ", "Acres_Poly": 2.67, "USE1_DESC": "100", "USE2_DESC": "", "PLAT_NAME": "", "BLOCK": "", "LOT": "", "YEAR_BUILT": 1930, "SITUS_ADDRESS": "3786 RIVER RD S, CITY OF AFTON", "BLDG_NUM": "3786", "CITY": "CITY OF AFTON", "ZIP": "55001"}}, {"type": "Feature", "id": 79609, "geometry": {"type": "Polygon", "coordinates": [[[-92.78376650573131, 44.89443618649869], [-92.78375917727521, 44.89444467254638], [-92.78375663324633, 44.89444761704868], [-92.78374956530166, 44.89445580018073], [-92.78373637893161, 44.89447187180025], [-92.78373325279442, 44.89447568240569], [-92.78395277140545, 44.894474598025], [-92.7848178750752, 44.894245179775766], [-92.7853529925068, 44.89381836068241], [-92.78682285370394, 44.893569215106744], [-92.78682122595661, 44.89148990333958], [-92.7868135543441, 44.891507611352644], [-92.78681043180019, 44.89151482056484], [-92.78680460442894, 44.89152827101257], [-92.78679935557273, 44.89153930820516], [-92.7867965923549, 44.89154512050206], [-92.78678776550892, 44.89156367873633], [-92.78678651864732, 44.89156630200125], [-92.78677822629894, 44.89158229233195], [-92.78677534809675, 44.891587840516166], [-92.78676698298483, 44.89160396894085], [-92.78676252374777, 44.89161189282413], [-92.78675846695594, 44.891619104568875], [-92.7867490849511, 44.89163577838392], [-92.78674600911958, 44.89164124446677], [-92.78673733139392, 44.891655527302476], [-92.78673494367192, 44.891659455829426], [-92.78672361591617, 44.89167809930504], [-92.78672040443904, 44.891683011711926], [-92.78671483398595, 44.8916915350773], [-92.78670515553709, 44.89170634038842], [-92.78669981774767, 44.89171450736402], [-92.78669098910504, 44.89172710371081], [-92.7866893272218, 44.89172947367941], [-92.78667463347868, 44.89175044064265], [-92.78667311083427, 44.89175247077071], [-92.78666581561585, 44.891762206474816], [-92.7866560976411, 44.8917751744708], [-92.78664807927888, 44.891785873049415], [-92.78663933058633, 44.89179681918688], [-92.78663862630714, 44.89179770187823], [-92.78662074713804, 44.89182006699402], [-92.78662017940277, 44.89182077785619], [-92.78661155377942, 44.89183091639176], [-92.78660204421382, 44.891842090989236], [-92.7865909509184, 44.89185513024432], [-92.78658273941836, 44.89186421298206], [-92.78656340857178, 44.89188559419402], [-92.78656041718187, 44.891888902213076], [-92.78655220298691, 44.8918974662777], [-92.78654314617224, 44.891906908575876], [-92.78652860065115, 44.89192207085303], [-92.78652252624317, 44.8919280473029], [-92.78652067122214, 44.89192987250335], [-92.78650133049406, 44.89194890091425], [-92.78649552468238, 44.891954611981944], [-92.7864879321216, 44.89196166840169], [-92.78647956072146, 44.891969448409014], [-92.78646121353012, 44.89198649950843], [-92.78645744330086, 44.891989811976465], [-92.78645400814321, 44.89199283042699], [-92.78643468358482, 44.89200981215179], [-92.78642569324546, 44.892017711159525], [-92.78641892623642, 44.89202333694262], [-92.78641146303305, 44.892029541849844], [-92.78638898808295, 44.89204822338955], [-92.78638790830799, 44.892049074893414], [-92.78638270616416, 44.89205316694841], [-92.78636364660878, 44.89206816372293], [-92.78635112858531, 44.89207801392557], [-92.78634537936748, 44.89208229753498], [-92.78633903726158, 44.89208702280568], [-92.78631405331689, 44.89210563623192], [-92.78631214170197, 44.89210705985841], [-92.78630697010087, 44.89211070897501], [-92.78628841899194, 44.89212379526277], [-92.78627205617904, 44.8921353389151], [-92.7862675044155, 44.892138380904804], [-92.78626248283307, 44.892141734730046], [-92.78623611009294, 44.892159353446516], [-92.78623090076262, 44.892162832004814], [-92.78622701195576, 44.89216529232421], [-92.78620920285526, 44.89217655658903], [-92.78618870869035, 44.892189518763985], [-92.78618552146773, 44.89219142541516], [-92.78618200815666, 44.89219352871352], [-92.78615432387623, 44.892210099901874], [-92.78614550691171, 44.89221537755613], [-92.78614306439245, 44.89221676045036], [-92.78612621559098, 44.8922263013379], [-92.78610133135929, 44.892240390563195], [-92.7860996685777, 44.89224128024814], [-92.78609783331957, 44.89224226221079], [-92.78606892014385, 44.89225773750743], [-92.78605621437246, 44.89226453869439], [-92.78603968177798, 44.892272895237326], [-92.78601018739225, 44.892287803495215], [-92.78550981050763, 44.89253350663356], [-92.78548691873925, 44.8925451049336], [-92.78547103383008, 44.89255315405704], [-92.78546417698952, 44.89255685023855], [-92.78544177839622, 44.89256892582996], [-92.78543309258573, 44.89257360778583], [-92.78541969421327, 44.8925812858872], [-92.7853978067614, 44.89259382604144], [-92.78539601821565, 44.89259485000016], [-92.78537640619636, 44.89260678366762], [-92.78535984216086, 44.89261686224356], [-92.78535517451463, 44.892619877479255], [-92.78533436773603, 44.89263331621344], [-92.78532459945563, 44.89263962415067], [-92.78531386368967, 44.8926469821371], [-92.785293623748, 44.89266085170349], [-92.78529031794774, 44.892663117901485], [-92.7852738760831, 44.8926750725558], [-92.78525702817996, 44.892687321221395], [-92.78525431077622, 44.89268941813773], [-92.78523525930568, 44.89270411373231], [-92.78522475979663, 44.89271221247215], [-92.78521648721119, 44.89271898433126], [-92.7851980564765, 44.892734074481936], [-92.78519353974724, 44.89273777192462], [-92.78518010723879, 44.89274945100535], [-92.78516339677789, 44.89276397730419], [-92.78516235113891, 44.89276494207535], [-92.78514520769001, 44.89278077933863], [-92.78513435693971, 44.89279080251792], [-92.7851283085829, 44.89279674578512], [-92.78511182988733, 44.89281293623723], [-92.78510644538551, 44.892818226564025], [-92.78509581023084, 44.89282935387668], [-92.7850796854715, 44.892846225895056], [-92.78506489560867, 44.89286273071063], [-92.78505410235053, 44.89287477378183], [-92.78504999345643, 44.892879672085904], [-92.78503559795399, 44.89289683746581], [-92.78502971668382, 44.89290384858623], [-92.785021628253, 44.89291417530259], [-92.78500795319944, 44.89293163404837], [-92.78500655182759, 44.892933421669845], [-92.78499493391602, 44.892949343526666], [-92.78498462574815, 44.892963468849096], [-92.78498214100806, 44.8929671357303], [-92.7849699400899, 44.89298513984632], [-92.78496396090335, 44.892993963394815], [-92.78495812454895, 44.89300326805275], [-92.78494457256457, 44.89302487921438], [-92.78460673684746, 44.89358569998695], [-92.78458456462963, 44.893621334269206], [-92.78458333842924, 44.89362330578398], [-92.78456647076317, 44.8936487661922], [-92.78455869314942, 44.89366050808982], [-92.78454779209348, 44.893675998278034], [-92.78453281627935, 44.89369728272274], [-92.78452853311208, 44.89370302479951], [-92.78450856715658, 44.89372979357362], [-92.78450572039543, 44.89373361313759], [-92.78448784212466, 44.893756267690584], [-92.78447742076905, 44.89376947515277], [-92.78446655295075, 44.893782513334486], [-92.78444793446816, 44.89380485222323], [-92.7844447041264, 44.89380852668735], [-92.78442211598859, 44.89383422056531], [-92.7844172785608, 44.893839723985636], [-92.78439885950421, 44.89385960960551], [-92.78438546831826, 44.89387406689489], [-92.78437506313232, 44.8938847428097], [-92.7843525226052, 44.89390786631518], [-92.78435072866958, 44.893909617632666], [-92.78432563063886, 44.8939341055261], [-92.78431846118458, 44.89394110188332], [-92.78429995499141, 44.89395828794695], [-92.78428330112436, 44.893973754508906], [-92.7842737646093, 44.89398218844172], [-92.78424706218749, 44.89400580510162], [-92.78515610515274, 44.89385173248773], [-92.78475053915814, 44.894175217807835], [-92.78376650573131, 44.89443618649869]]]}, "properties": {"PIN": "2202820440007", "TAXPIN": "22.028.20.44.0007               ", "Acres_Poly": 6.61, "USE1_DESC": "100", "USE2_DESC": "", "PLAT_NAME": "", "BLOCK": "", "LOT": "", "YEAR_BUILT": 1961, "SITUS_ADDRESS": "3742 ST CROIX TRL S, CITY OF AFTON", "BLDG_NUM": "3742", "CITY": "CITY OF AFTON", "ZIP": "55001"}}, {"type": "Feature", "id": 79610, "geometry": {"type": "MultiPolygon", "coordinates": [[[[-92.78676608287292, 44.890797877555926], [-92.7866566914275, 44.89103541807942], [-92.786652817892, 44.89104313520725], [-92.78664991274037, 44.89104891827934], [-92.7866474567464, 44.89105380655631], [-92.78664693841847, 44.89105468162213], [-92.78664358680415, 44.89106034122924], [-92.78664023518984, 44.891066001472254], [-92.78663680182879, 44.89107180172516], [-92.78663310795636, 44.8910771832189], [-92.7866293197608, 44.891082702813335], [-92.78662553066694, 44.89108822177086], [-92.78662475721747, 44.891089348854955], [-92.78662140650147, 44.891093614718464], [-92.78661719340278, 44.89109897520858], [-92.7866129803041, 44.89110433633462], [-92.7866113642349, 44.891106395123984], [-92.78660851477882, 44.89110958927032], [-92.78660388935343, 44.891114777291634], [-92.78659926482635, 44.89111996467605], [-92.78659665971202, 44.89112288580141], [-92.7865944669244, 44.89112506741737], [-92.78658944534197, 44.89113006387766], [-92.78658442286121, 44.89113506097393], [-92.78658069125952, 44.89113877315688], [-92.78657930336243, 44.89114000270207], [-92.78657389909766, 44.89114479423687], [-92.7865684939346, 44.89114958577132], [-92.7865635091831, 44.89115400500526], [-92.78655729284132, 44.89115892763947], [-92.78655152296226, 44.891163499611174], [-92.78654516378836, 44.89116853552556], [-92.78653967148871, 44.891172429083234], [-92.78653355306331, 44.89117676494569], [-92.78652743553623, 44.89118110080783], [-92.78652571256751, 44.8911823227152], [-92.78652108354885, 44.891185257838416], [-92.78651463634004, 44.891189345500024], [-92.78650819002958, 44.891193434434136], [-92.78650521660599, 44.8911953194804], [-92.7865015784291, 44.891197380812145], [-92.78649482219984, 44.89120120818126], [-92.7864880668689, 44.89120503618649], [-92.78648373609091, 44.8912074889099], [-92.7864812082317, 44.89120876554799], [-92.78647416364323, 44.89121231989654], [-92.7864671199531, 44.891215876154085], [-92.7864613428875, 44.89121879281972], [-92.7864600304489, 44.89121938022584], [-92.78645271995909, 44.89122265264428], [-92.786445408571, 44.891225925062535], [-92.78643809808122, 44.891229196207775], [-92.7863119791069, 44.891282230101325], [-92.78630727642637, 44.89128436079856], [-92.78630257554249, 44.89128648958647], [-92.7862978737603, 44.89128861964708], [-92.78629415383672, 44.89129030422145], [-92.78629321599557, 44.891290793619866], [-92.78628872441915, 44.89129313878655], [-92.78628422924946, 44.89129548522594], [-92.78627973677474, 44.89129783102885], [-92.7862771199823, 44.891299196762105], [-92.78627533952141, 44.89130026211042], [-92.78627107432042, 44.891302813473146], [-92.78626680911947, 44.89130536610859], [-92.78626254302019, 44.891307917471075], [-92.78626095030718, 44.89130887144767], [-92.78625843322777, 44.891310591023945], [-92.7862544150635, 44.89131333840006], [-92.78625039510261, 44.89131608513963], [-92.78624571577829, 44.89131928436558], [-92.78624258155625, 44.89132173072007], [-92.78623882749667, 44.891324660744914], [-92.78623507164048, 44.8913275907696], [-92.78623148287093, 44.891330390330374], [-92.78622785727045, 44.89133362646722], [-92.78622438438356, 44.8913367270489], [-92.78622090880171, 44.89133982635756], [-92.78621831446718, 44.89134214161108], [-92.78621751227162, 44.89134296512342], [-92.78621433403215, 44.8913462203518], [-92.78621115669098, 44.891349476852795], [-92.78620797845151, 44.891352733353656], [-92.78620626985584, 44.89135448602178], [-92.78620494573913, 44.89135605413149], [-92.7862020774184, 44.89135945255097], [-92.7861992090977, 44.891362850970246], [-92.78619634257363, 44.89136625002569], [-92.78619539664764, 44.89136736819463], [-92.78619369074693, 44.89136973308684], [-92.78619114492139, 44.89137325815066], [-92.7861885990959, 44.8913767844871], [-92.78618574784316, 44.89138073467099], [-92.78618380299058, 44.891383933256925], [-92.78618158954171, 44.89138757096406], [-92.7861793778895, 44.89139120930739], [-92.78617736206999, 44.89139452562823], [-92.78617532918251, 44.8913985878186], [-92.78617346068671, 44.891402322258806], [-92.78617159129261, 44.891406055425925], [-92.78617027705735, 44.89140868060725], [-92.78616982789971, 44.891409812139905], [-92.7861683106452, 44.891413625493925], [-92.78616679159406, 44.891417438211256], [-92.78616527433954, 44.89142125283755], [-92.78616452514459, 44.89142313660351], [-92.78616393944301, 44.89142509673836], [-92.786162779718, 44.89142897245924], [-92.78616162089126, 44.8914328494527], [-92.78616046116625, 44.891436725809484], [-92.78616013058623, 44.89143783188529], [-92.78615956195264, 44.89144063398638], [-92.7861587660453, 44.89144455616392], [-92.78615796923964, 44.89144847897766], [-92.78615711224685, 44.89145270090245], [-92.78615671519151, 44.891456348787734], [-92.7861562857968, 44.891460300875416], [-92.7861558564021, 44.89146425105352], [-92.78615548360125, 44.89146768001414], [-92.78615541353267, 44.891472166046384], [-92.78615535244722, 44.89147612895184], [-92.7861552922601, 44.89148009185702], [-92.78615525093758, 44.89148270239759], [-92.78615535693879, 44.891484051579894], [-92.78615566416262, 44.89148800875691], [-92.78615597138645, 44.89149196657002], [-92.78615641695085, 44.891497703139315], [-92.78618143862477, 44.89169858389249], [-92.78618262170598, 44.891711805191726], [-92.78618334305315, 44.89171986015942], [-92.78618347780045, 44.89172681605614], [-92.78618362692079, 44.891734330714726], [-92.78618376166808, 44.89174117587549], [-92.78618335383294, 44.891749353664956], [-92.78618297833715, 44.891756863229375], [-92.78618269806279, 44.89176248203757], [-92.78618247168734, 44.891764366428816], [-92.78618157337206, 44.89177185435353], [-92.7861806759551, 44.8917793422773], [-92.78618015133894, 44.89178372455148], [-92.78617956204413, 44.89178681238079], [-92.78617814450261, 44.89179425957283], [-92.78617672606278, 44.891801707400276], [-92.78617612868311, 44.89180485059569], [-92.78617501028057, 44.89180911767895], [-92.78617307620777, 44.89181650631898], [-92.78617114123666, 44.891823893685284], [-92.78617063997673, 44.891825809258215], [-92.78616882627817, 44.891831223774346], [-92.78616638106395, 44.89183853477041], [-92.78616369779621, 44.891846549626976], [-92.78616102979981, 44.89185306957256], [-92.78615807613916, 44.89186028574187], [-92.78615532010787, 44.89186701951716], [-92.78615163971016, 44.89187459525206], [-92.78614818748451, 44.891881698775435], [-92.78614552847127, 44.89188717056253], [-92.78614462386778, 44.89188877111422], [-92.78614068206032, 44.89189574417342], [-92.78613673845622, 44.891902716595354], [-92.78613434444598, 44.8919069524876], [-92.78613260979917, 44.891909631740255], [-92.78612818649472, 44.89191645587886], [-92.78612376319028, 44.89192328192584], [-92.7861217967781, 44.891926315653535], [-92.78611908027268, 44.89193001505735], [-92.78611418714932, 44.891936677547456], [-92.7861092949243, 44.891943339400434], [-92.78610791870527, 44.891945214239705], [-92.78610407481418, 44.89194987015387], [-92.78609872444835, 44.89195635126732], [-92.78609337318419, 44.891962832379974], [-92.78609273987192, 44.89196360051652], [-92.7860876311529, 44.89196914039074], [-92.786081836121, 44.891975425490365], [-92.7860762989056, 44.89198143184558], [-92.7860697977979, 44.89198777485635], [-92.78606357157466, 44.89199384803238], [-92.78605863712879, 44.89199866113372], [-92.78605726001146, 44.891999874114106], [-92.78605061966488, 44.89200572073007], [-92.78604397752166, 44.89201156861832], [-92.78603979676234, 44.89201524956104], [-92.7860371907497, 44.892017325500575], [-92.78603015065282, 44.89202293155533], [-92.78602310965762, 44.892028536973136], [-92.78601982541693, 44.892031153852834], [-92.7860158674398, 44.892034007473434], [-92.7860084455589, 44.89203935896629], [-92.78600102457636, 44.89204471045869], [-92.78599877070332, 44.8920463358256], [-92.78599334937059, 44.89204987484881], [-92.78598556457031, 44.89205495905202], [-92.78597777977006, 44.892060043254794], [-92.78597668562205, 44.89206075856878], [-92.78596969942409, 44.892064886261394], [-92.78596156967076, 44.89206969044718], [-92.78595362137712, 44.8920743864445], [-92.7859449795841, 44.892078999073014], [-92.78593652374232, 44.89208351115], [-92.78592963635904, 44.89208718699688], [-92.78592801579828, 44.892087965950566], [-92.78591925812258, 44.89209217510044], [-92.78591049954854, 44.89209638424996], [-92.78590479165322, 44.892099127770116], [-92.78590164485477, 44.89210048393837], [-92.78589260420978, 44.89210437870578], [-92.78588356356475, 44.892108274745695], [-92.78587914475187, 44.89211017949037], [-92.78587439086738, 44.892112005321394], [-92.78586508971092, 44.89211557870611], [-92.7858557894528, 44.89211915018142], [-92.78585275943534, 44.89212031542929], [-92.78584633019287, 44.89212250018942], [-92.78583679277948, 44.89212574073648], [-92.78582725536612, 44.89212898255618], [-92.78582570128066, 44.89212951013147], [-92.785817539188, 44.89213193926865], [-92.78580778617898, 44.89213484061426], [-92.78579803586487, 44.89213774195969], [-92.78541822726443, 44.89224296797656], [-92.78540419378305, 44.89224709247409], [-92.78539015850507, 44.89225121633489], [-92.78538552050325, 44.892252578863555], [-92.78537629121202, 44.89225560939188], [-92.78536250297073, 44.89226013609213], [-92.78535338866386, 44.89226312779978], [-92.78534880725589, 44.89226479579921], [-92.78533529030582, 44.89226971642916], [-92.78532188744178, 44.892274596329194], [-92.78530855374801, 44.892279947163246], [-92.78529532785208, 44.892285255994594], [-92.78529106804102, 44.89228696535927], [-92.78528231845013, 44.89229081938456], [-92.78526940696456, 44.892296505598765], [-92.78526098256384, 44.89230021579751], [-92.78525661675154, 44.8923023184555], [-92.78524404123588, 44.8923083725064], [-92.78523167862095, 44.89231432473303], [-92.78521925851382, 44.89232084398923], [-92.78520704052765, 44.89232725632987], [-92.78520320741634, 44.89232926861847], [-92.78519508305291, 44.89233390795527], [-92.78518324235914, 44.892340667130995], [-92.78517561476407, 44.892345022633705], [-92.7851715444975, 44.89234754722136], [-92.78516009996079, 44.89235464432239], [-92.7851489446816, 44.89236156323135], [-92.78513764118037, 44.892369170720954], [-92.785126610767, 44.89237659301807], [-92.78512324388133, 44.892378859227264], [-92.78511588578081, 44.892384231052745], [-92.78510529194868, 44.892391965182306], [-92.78509855368574, 44.89239688389216], [-92.78509486250823, 44.892399809407415], [-92.78508471783373, 44.892407843277645], [-92.78507491451904, 44.892415607951065], [-92.7850649153716, 44.89242420757544], [-92.785055240516, 44.89243252845695], [-92.78505236770371, 44.892434998947124], [-92.78504590612188, 44.89244104089252], [-92.7850367145599, 44.89244963478552], [-92.78503094737576, 44.89245502696906], [-92.78502770984748, 44.892458323500236], [-92.78501901685048, 44.89246717640379], [-92.78501069036612, 44.89247565701443], [-92.78500216894733, 44.89248513358306], [-92.7849916290141, 44.892496855990004], [-92.78495898154172, 44.89253571428822], [-92.78495436330286, 44.89254121019609], [-92.7849272710122, 44.8925749645793], [-92.78491834535154, 44.892586084302295], [-92.78489651090024, 44.892614593498166], [-92.7848835949231, 44.89263145921565], [-92.78486671018901, 44.892654590861774], [-92.78485012010233, 44.89267731775227], [-92.78483787606501, 44.89269494394138], [-92.78481793795729, 44.892723640819234], [-92.78481001481646, 44.89273564255404], [-92.78478706106434, 44.89277040996004], [-92.78478313901981, 44.89277667397112], [-92.7847575011016, 44.89281760862738], [-92.78473251805524, 44.89285973585221], [-92.78472926974717, 44.892865213910135], [-92.78470237508586, 44.89291321180674], [-92.78451763205612, 44.89325273172827], [-92.78449122068844, 44.89330002736696], [-92.78448982380819, 44.89330240618021], [-92.78448904317219, 44.893303733682686], [-92.78448851855607, 44.893304626533066], [-92.78448714952357, 44.89330695825349], [-92.7844636415109, 44.89334698440929], [-92.78446072917276, 44.89335170893975], [-92.78445965748263, 44.89335344563732], [-92.7844591032221, 44.89335434357802], [-92.78445801176903, 44.89335611527677], [-92.78443490350666, 44.89339359012846], [-92.7844310272762, 44.89339958551702], [-92.78443035982797, 44.89340062091627], [-92.7844278238839, 44.89340454296019], [-92.7844261197798, 44.89340717823245], [-92.78440501745547, 44.893439826706505], [-92.7844012705824, 44.89344536452939], [-92.78439872565522, 44.89344912556483], [-92.78439521593741, 44.89345431082957], [-92.78439285606315, 44.89345779758254], [-92.78437398784892, 44.89348568459855], [-92.78437039279117, 44.893490766129304], [-92.78436583743435, 44.89349720570407], [-92.78436128926407, 44.893503633823194], [-92.78435823319546, 44.893507953600306], [-92.78434182636512, 44.89353114598675], [-92.7843384046822, 44.89353577822634], [-92.78433170504681, 44.893544847334546], [-92.78432605913527, 44.89355248966877], [-92.78432226285486, 44.89355762783175], [-92.78430854468215, 44.89357619750797], [-92.78430534039154, 44.89358039509397], [-92.78429643000224, 44.89359206573059], [-92.78428967197635, 44.89360091845963], [-92.78428501151666, 44.893606823460146], [-92.78427103552747, 44.89362453463967], [-92.78425980838306, 44.89363876416305], [-92.78425350670133, 44.893646750131495], [-92.78424633634873, 44.893655460302355], [-92.78423577575427, 44.893668292321976], [-92.78422202883546, 44.89368499418014], [-92.78421617451477, 44.89369210638928], [-92.7842063496405, 44.893703559360546], [-92.78419944788418, 44.893711607049056], [-92.78418305363023, 44.893730718872895], [-92.78417768889136, 44.89373697259729], [-92.78416506845993, 44.89375110090816], [-92.7841620644936, 44.89375446418511], [-92.78414289354714, 44.89377592424207], [-92.78413806150922, 44.89378133411991], [-92.78412363456577, 44.893796852276346], [-92.78412250358681, 44.89379806776432], [-92.78410156475586, 44.8938205931066], [-92.78409730494478, 44.89382517632158], [-92.78408417247364, 44.89383875859612], [-92.78407867568241, 44.893844444020914], [-92.78405908073113, 44.89386471146741], [-92.78405543357108, 44.893868483930284], [-92.78404368989537, 44.89388016978159], [-92.78403359911978, 44.89389021122432], [-92.78401545584599, 44.89390826341624], [-92.78401246086284, 44.89391124358332], [-92.78400219761072, 44.89392107374252], [-92.78398728737362, 44.89393535155739], [-92.78397070537179, 44.89395123431765], [-92.7839684020914, 44.893953440008765], [-92.78395970819608, 44.89396145711612], [-92.78393976380015, 44.89397985102127], [-92.78392484278328, 44.89399361080903], [-92.78392327073153, 44.893995059843945], [-92.78391623692285, 44.894001309084956], [-92.78389104007745, 44.89402369052603], [-92.78387788604675, 44.894035375709414], [-92.78387708115626, 44.89403609036248], [-92.78387179367249, 44.894040616922595], [-92.78384113956173, 44.89406685416381], [-92.78382984953524, 44.89407651629261], [-92.78424706218749, 44.89400580510162], [-92.7842737646093, 44.89398218844172], [-92.78428330112436, 44.893973754508906], [-92.78429995499141, 44.89395828794695], [-92.78431846118458, 44.89394110188332], [-92.78432563063886, 44.8939341055261], [-92.78435072866958, 44.893909617632666], [-92.7843525226052, 44.89390786631518], [-92.78437506313232, 44.8938847428097], [-92.78438546831826, 44.89387406689489], [-92.78439885950421, 44.89385960960551], [-92.7844172785608, 44.893839723985636], [-92.78442211598859, 44.89383422056531], [-92.7844447041264, 44.89380852668735], [-92.78444793446816, 44.89380485222323], [-92.78446655295075, 44.893782513334486], [-92.78447742076905, 44.89376947515277], [-92.78448784212466, 44.893756267690584], [-92.78450572039543, 44.89373361313759], [-92.78450856715658, 44.89372979357362], [-92.78452853311208, 44.89370302479951], [-92.78453281627935, 44.89369728272274], [-92.78454779209348, 44.893675998278034], [-92.78455869314942, 44.89366050808982], [-92.78456647076317, 44.8936487661922], [-92.78458333842924, 44.89362330578398], [-92.78458456462963, 44.893621334269206], [-92.78460673684746, 44.89358569998695], [-92.78494457256457, 44.89302487921438], [-92.78495812454895, 44.89300326805275], [-92.78496396090335, 44.892993963394815], [-92.7849699400899, 44.89298513984632], [-92.78498214100806, 44.8929671357303], [-92.78498462574815, 44.892963468849096], [-92.78499493391602, 44.892949343526666], [-92.78500655182759, 44.892933421669845], [-92.78500795319944, 44.89293163404837], [-92.785021628253, 44.89291417530259], [-92.78502971668382, 44.89290384858623], [-92.78503559795399, 44.89289683746581], [-92.78504999345643, 44.892879672085904], [-92.78505410235053, 44.89287477378183], [-92.78506489560867, 44.89286273071063], [-92.7850796854715, 44.892846225895056], [-92.78509581023084, 44.89282935387668], [-92.78510644538551, 44.892818226564025], [-92.78511182988733, 44.89281293623723], [-92.7851283085829, 44.89279674578512], [-92.78513435693971, 44.89279080251792], [-92.78514520769001, 44.89278077933863], [-92.78516235113891, 44.89276494207535], [-92.78516339677789, 44.89276397730419], [-92.78518010723879, 44.89274945100535], [-92.78519353974724, 44.89273777192462], [-92.7851980564765, 44.892734074481936], [-92.78521648721119, 44.89271898433126], [-92.78522475979663, 44.89271221247215], [-92.78523525930568, 44.89270411373231], [-92.78525431077622, 44.89268941813773], [-92.78525702817996, 44.892687321221395], [-92.7852738760831, 44.8926750725558], [-92.78529031794774, 44.892663117901485], [-92.785293623748, 44.89266085170349], [-92.78531386368967, 44.8926469821371], [-92.78532459945563, 44.89263962415067], [-92.78533436773603, 44.89263331621344], [-92.78535517451463, 44.892619877479255], [-92.78535984216086, 44.89261686224356], [-92.78537640619636, 44.89260678366762], [-92.78539601821565, 44.89259485000016], [-92.7853978067614, 44.89259382604144], [-92.78541969421327, 44.8925812858872], [-92.78543309258573, 44.89257360778583], [-92.78544177839622, 44.89256892582996], [-92.78546417698952, 44.89255685023855], [-92.78547103383008, 44.89255315405704], [-92.78548691873925, 44.8925451049336], [-92.78550981050763, 44.89253350663356], [-92.78601018739225, 44.892287803495215], [-92.78603968177798, 44.892272895237326], [-92.78605621437246, 44.89226453869439], [-92.78606892014385, 44.89225773750743], [-92.78609783331957, 44.89224226221079], [-92.7860996685777, 44.89224128024814], [-92.78610133135929, 44.892240390563195], [-92.78612621559098, 44.8922263013379], [-92.78614306439245, 44.89221676045036], [-92.78614550691171, 44.89221537755613], [-92.78615432387623, 44.892210099901874], [-92.78618200815666, 44.89219352871352], [-92.78618552146773, 44.89219142541516], [-92.78618870869035, 44.892189518763985], [-92.78620920285526, 44.89217655658903], [-92.78622701195576, 44.89216529232421], [-92.78623090076262, 44.892162832004814], [-92.78623611009294, 44.892159353446516], [-92.78626248283307, 44.892141734730046], [-92.7862675044155, 44.892138380904804], [-92.78627205617904, 44.8921353389151], [-92.78628841899194, 44.89212379526277], [-92.78630697010087, 44.89211070897501], [-92.78631214170197, 44.89210705985841], [-92.78631405331689, 44.89210563623192], [-92.78633903726158, 44.89208702280568], [-92.78634537936748, 44.89208229753498], [-92.78635112858531, 44.89207801392557], [-92.78636364660878, 44.89206816372293], [-92.78638270616416, 44.89205316694841], [-92.78638790830799, 44.892049074893414], [-92.78638898808295, 44.89204822338955], [-92.78641146303305, 44.892029541849844], [-92.78641892623642, 44.89202333694262], [-92.78642569324546, 44.892017711159525], [-92.78643468358482, 44.89200981215179], [-92.78645400814321, 44.89199283042699], [-92.78645744330086, 44.891989811976465], [-92.78646121353012, 44.89198649950843], [-92.78647956072146, 44.891969448409014], [-92.7864879321216, 44.89196166840169], [-92.78649552468238, 44.891954611981944], [-92.78650133049406, 44.89194890091425], [-92.78652067122214, 44.89192987250335], [-92.78652252624317, 44.8919280473029], [-92.78652860065115, 44.89192207085303], [-92.78654314617224, 44.891906908575876], [-92.78655220298691, 44.8918974662777], [-92.78656041718187, 44.891888902213076], [-92.78656340857178, 44.89188559419402], [-92.78658273941836, 44.89186421298206], [-92.7865909509184, 44.89185513024432], [-92.78660204421382, 44.891842090989236], [-92.78661155377942, 44.89183091639176], [-92.78662017940277, 44.89182077785619], [-92.78662074713804, 44.89182006699402], [-92.78663862630714, 44.89179770187823], [-92.78663933058633, 44.89179681918688], [-92.78664807927888, 44.891785873049415], [-92.7866560976411, 44.8917751744708], [-92.78666581561585, 44.891762206474816], [-92.78667311083427, 44.89175247077071], [-92.78667463347868, 44.89175044064265], [-92.7866893272218, 44.89172947367941], [-92.78669098910504, 44.89172710371081], [-92.78669981774767, 44.89171450736402], [-92.78670515553709, 44.89170634038842], [-92.78671483398595, 44.8916915350773], [-92.78672040443904, 44.891683011711926], [-92.78672361591617, 44.89167809930504], [-92.78673494367192, 44.891659455829426], [-92.78673733139392, 44.891655527302476], [-92.78674600911958, 44.89164124446677], [-92.7867490849511, 44.89163577838392], [-92.78675846695594, 44.891619104568875], [-92.78676252374777, 44.89161189282413], [-92.78676698298483, 44.89160396894085], [-92.78677534809675, 44.891587840516166], [-92.78677822629894, 44.89158229233195], [-92.78678651864732, 44.89156630200125], [-92.78678776550892, 44.89156367873633], [-92.7867965923549, 44.89154512050206], [-92.78679935557273, 44.89153930820516], [-92.78680460442894, 44.89152827101257], [-92.78681043180019, 44.89151482056484], [-92.7868135543441, 44.891507611352644], [-92.78682122595661, 44.89148990333958], [-92.7868209187328, 44.89079757716834], [-92.78676608287292, 44.890797877555926]]], [[[-92.78361541269376, 44.894476240505384], [-92.78373325279442, 44.89447568240569], [-92.78373637893161, 44.89447187180025], [-92.78374956530166, 44.89445580018073], [-92.78375663324633, 44.89444761704868], [-92.78375917727521, 44.89444467254638], [-92.78376650573131, 44.89443618649869], [-92.78361541269376, 44.894476240505384]]]]}, "properties": {"PIN": "2202820440008", "TAXPIN": "22.028.20.44.0008               ", "Acres_Poly": 2.83, "USE1_DESC": "966", "USE2_DESC": "", "PLAT_NAME": "", "BLOCK": "", "LOT": "", "YEAR_BUILT": null, "SITUS_ADDRESS": "", "BLDG_NUM": "", "CITY": "CITY OF AFTON", "ZIP": ""}}, {"type": "Feature", "id": 79611, "geometry": {"type": "MultiPolygon", "coordinates": [[[[-92.7853529925068, 44.89381836068241], [-92.7848178750752, 44.894245179775766], [-92.78395277140545, 44.894474598025], [-92.78682347623642, 44.89446057171169], [-92.78682285370394, 44.893569215106744], [-92.7853529925068, 44.89381836068241]]], [[[-92.78424706218749, 44.89400580510162], [-92.78388925871823, 44.89431469937768], [-92.78387167419656, 44.89433028993696], [-92.78386291382591, 44.89433805498716], [-92.78386094471881, 44.894339899838755], [-92.78385438342397, 44.89434604276766], [-92.78383744928254, 44.894361898050384], [-92.78383425128014, 44.89436506210627], [-92.7838330439444, 44.89436625721827], [-92.78382098765496, 44.894378189881785], [-92.78381288035952, 44.89438621329367], [-92.78380826301895, 44.894391047195136], [-92.78380652208395, 44.89439287231736], [-92.78380489703159, 44.89439457207381], [-92.78378922771809, 44.89441098162521], [-92.7837833150069, 44.8944175400989], [-92.78378108269342, 44.89442001623117], [-92.78377394827342, 44.89442793081725], [-92.78376650573131, 44.89443618649869], [-92.78475053915814, 44.894175217807835], [-92.78515610515274, 44.89385173248773], [-92.78424706218749, 44.89400580510162]]]]}, "properties": {"PIN": "2202820440009", "TAXPIN": "22.028.20.44.0009               ", "Acres_Poly": 3.76, "USE1_DESC": "211", "USE2_DESC": "", "PLAT_NAME": "", "BLOCK": "", "LOT": "", "YEAR_BUILT": null, "SITUS_ADDRESS": "", "BLDG_NUM": "", "CITY": "CITY OF AFTON", "ZIP": ""}}, {"type": "Feature", "id": 79612, "geometry": {"type": "Polygon", "coordinates": [[[-92.78382984953524, 44.89407651629261], [-92.7838263317326, 44.894079329719936], [-92.78379003440523, 44.89410930184427], [-92.78378254425238, 44.894115487435116], [-92.7837799948336, 44.89411751620691], [-92.7837378297108, 44.894151067297024], [-92.78373267427938, 44.89415508792824], [-92.7837282024659, 44.89415857654784], [-92.78371136085094, 44.8941717151889], [-92.78368456680097, 44.894192151796304], [-92.78365715111681, 44.89421333359337], [-92.78364665609934, 44.89422144293901], [-92.78363018459031, 44.89423480238833], [-92.78360974971422, 44.8942513780795], [-92.783603671713, 44.894256553726244], [-92.78357772657097, 44.89427865251713], [-92.78357387010347, 44.89428193621627], [-92.7835524264193, 44.89430112357927], [-92.78353903792832, 44.894313102075344], [-92.7835275996798, 44.89432385936475], [-92.78350527564668, 44.894344855928104], [-92.78350325264067, 44.89434685605497], [-92.78347962425374, 44.89437023137906], [-92.78347259942822, 44.89437717995512], [-92.7834565591105, 44.89439388478929], [-92.78344103173083, 44.89441005379138], [-92.78343399073562, 44.894417780648425], [-92.78341197662127, 44.89444193804731], [-92.78341058962248, 44.89444346152668], [-92.78338128927284, 44.89447738025054], [-92.78361541269376, 44.894476240505384], [-92.78376650573131, 44.89443618649869], [-92.78377394827342, 44.89442793081725], [-92.78378108269342, 44.89442001623117], [-92.7837833150069, 44.8944175400989], [-92.78378922771809, 44.89441098162521], [-92.78380489703159, 44.89439457207381], [-92.78380652208395, 44.89439287231736], [-92.78380826301895, 44.894391047195136], [-92.78381288035952, 44.89438621329367], [-92.78382098765496, 44.894378189881785], [-92.7838330439444, 44.89436625721827], [-92.78383425128014, 44.89436506210627], [-92.78383744928254, 44.894361898050384], [-92.78385438342397, 44.89434604276766], [-92.78386094471881, 44.894339899838755], [-92.78386291382591, 44.89433805498716], [-92.78387167419656, 44.89433028993696], [-92.78388925871823, 44.89431469937768], [-92.78424706218749, 44.89400580510162], [-92.78382984953524, 44.89407651629261]]]}, "properties": {"PIN": "2202820440010", "TAXPIN": "22.028.20.44.0010               ", "Acres_Poly": 0.32, "USE1_DESC": "966", "USE2_DESC": "", "PLAT_NAME": "", "BLOCK": "", "LOT": "", "YEAR_BUILT": null, "SITUS_ADDRESS": "", "BLDG_NUM": "", "CITY": "CITY OF AFTON", "ZIP": ""}}, {"type": "Feature", "id": 79614, "geometry": {"type": "MultiPolygon", "coordinates": [[[[-92.78438857918408, 44.892285232447854], [-92.7842897330618, 44.892750317772276], [-92.7837561912752, 44.89330683097621], [-92.78420265486972, 44.89352455813828], [-92.78427292560062, 44.89342625527757], [-92.78433838370535, 44.893324684294655], [-92.7843988774705, 44.89322008060244], [-92.78458361960195, 44.89288056621569], [-92.78464979925833, 44.892767052234596], [-92.78472188823629, 44.89265719619206], [-92.78479968486154, 44.892551305418515], [-92.78488297149227, 44.89244967615125], [-92.78494117407689, 44.89239129571179], [-92.78500403555545, 44.89233796419125], [-92.78507111935562, 44.892290051976495], [-92.78514195958113, 44.892247891817355], [-92.78521606424734, 44.892211776515694], [-92.78529291869812, 44.892181956891896], [-92.78537198918012, 44.89215864004295], [-92.78491544918305, 44.89176362501854], [-92.78438857918408, 44.892285232447854]]], [[[-92.78037311794891, 44.89448012111168], [-92.78032266856255, 44.8945178287799], [-92.78031519188444, 44.89452254303216], [-92.78067784176463, 44.894513375440276], [-92.7816425632095, 44.89448898643141], [-92.78179691802984, 44.89448508291631], [-92.78194190521837, 44.89448437908716], [-92.78195672023402, 44.89448430717697], [-92.7828675804911, 44.89447987992608], [-92.78295993269221, 44.89447943191907], [-92.78323375176721, 44.89447809935271], [-92.78338128927284, 44.89447738025054], [-92.78341058962248, 44.89444346152668], [-92.78341197662127, 44.89444193804731], [-92.78343399073562, 44.894417780648425], [-92.78344103173083, 44.89441005379138], [-92.7834565591105, 44.89439388478929], [-92.78347259942822, 44.89437717995512], [-92.78347962425374, 44.89437023137906], [-92.78350325264067, 44.89434685605497], [-92.78350527564668, 44.894344855928104], [-92.7835275996798, 44.89432385936475], [-92.78353903792832, 44.894313102075344], [-92.7835524264193, 44.89430112357927], [-92.78357387010347, 44.89428193621627], [-92.78357772657097, 44.89427865251713], [-92.783603671713, 44.894256553726244], [-92.78360974971422, 44.8942513780795], [-92.78363018459031, 44.89423480238833], [-92.78364665609934, 44.89422144293901], [-92.78365715111681, 44.89421333359337], [-92.78368456680097, 44.894192151796304], [-92.78371136085094, 44.8941717151889], [-92.7837282024659, 44.89415857654784], [-92.78373267427938, 44.89415508792824], [-92.7837378297108, 44.894151067297024], [-92.7837799948336, 44.89411751620691], [-92.78378254425238, 44.894115487435116], [-92.78379003440523, 44.89410930184427], [-92.7838263317326, 44.894079329719936], [-92.78382984953524, 44.89407651629261], [-92.78384113956173, 44.89406685416381], [-92.78387179367249, 44.894040616922595], [-92.78387708115626, 44.89403609036248], [-92.78387788604675, 44.894035375709414], [-92.78389104007745, 44.89402369052603], [-92.78391623692285, 44.894001309084956], [-92.78392327073153, 44.893995059843945], [-92.78392484278328, 44.89399361080903], [-92.78393976380015, 44.89397985102127], [-92.78395970819608, 44.89396145711612], [-92.7839684020914, 44.893953440008765], [-92.78397070537179, 44.89395123431765], [-92.78398728737362, 44.89393535155739], [-92.78400219761072, 44.89392107374252], [-92.78401246086284, 44.89391124358332], [-92.78401545584599, 44.89390826341624], [-92.78403359911978, 44.89389021122432], [-92.78404368989537, 44.89388016978159], [-92.78405543357108, 44.893868483930284], [-92.78405908073113, 44.89386471146741], [-92.78407867568241, 44.893844444020914], [-92.78408417247364, 44.89383875859612], [-92.78409730494478, 44.89382517632158], [-92.78410156475586, 44.8938205931066], [-92.78412250358681, 44.89379806776432], [-92.78412363456577, 44.893796852276346], [-92.78413806150922, 44.89378133411991], [-92.78414289354714, 44.89377592424207], [-92.7841620644936, 44.89375446418511], [-92.78416506845993, 44.89375110090816], [-92.78417768889136, 44.89373697259729], [-92.78418305363023, 44.893730718872895], [-92.78419944788418, 44.893711607049056], [-92.7842063496405, 44.893703559360546], [-92.78421617451477, 44.89369210638928], [-92.78422202883546, 44.89368499418014], [-92.78423577575427, 44.893668292321976], [-92.78424633634873, 44.893655460302355], [-92.78425350670133, 44.893646750131495], [-92.78425980838306, 44.89363876416305], [-92.78427103552747, 44.89362453463967], [-92.78428501151666, 44.893606823460146], [-92.78428967197635, 44.89360091845963], [-92.78418451608752, 44.8935487343675], [-92.783729724212, 44.89332303719435], [-92.78253409441659, 44.894060897027536], [-92.78250711531368, 44.89407754595232], [-92.78246816615959, 44.89407775850258], [-92.78179844247087, 44.894081400494], [-92.78154391381827, 44.89408278397976], [-92.78152351397648, 44.89410368962914], [-92.78146691831695, 44.89415878846141], [-92.78136543833425, 44.894238845923205], [-92.7812245887859, 44.894335757036444], [-92.7810706930047, 44.8944302834925], [-92.7809908543355, 44.89446591979692], [-92.7809482957506, 44.8944746272982], [-92.7808704495447, 44.89447040050427], [-92.78079591991884, 44.89446154345448], [-92.78074963332553, 44.894460557075085], [-92.78071251403965, 44.894469675674635], [-92.78067868797764, 44.89447610177595], [-92.78064872197639, 44.89447751452537], [-92.78060248299377, 44.89447149506701], [-92.78048927460671, 44.894463620578534], [-92.78040862745377, 44.894468283925335], [-92.78037311794891, 44.89448012111168]]]]}, "properties": {"PIN": "2202820440018", "TAXPIN": "22.028.20.44.0018               ", "Acres_Poly": 5.42, "USE1_DESC": "100", "USE2_DESC": "", "PLAT_NAME": "", "BLOCK": "", "LOT": "", "YEAR_BUILT": 1875, "SITUS_ADDRESS": "3752 RIVER RD S, CITY OF AFTON", "BLDG_NUM": "3752", "CITY": "CITY OF AFTON", "ZIP": "55001"}}, {"type": "Feature", "id": 79615, "geometry": {"type": "Polygon", "coordinates": [[[-92.78418451608752, 44.8935487343675], [-92.78428967197635, 44.89360091845963], [-92.78429643000224, 44.89359206573059], [-92.78430534039154, 44.89358039509397], [-92.78430854468215, 44.89357619750797], [-92.78432226285486, 44.89355762783175], [-92.78432605913527, 44.89355248966877], [-92.78433170504681, 44.893544847334546], [-92.7843384046822, 44.89353577822634], [-92.78434182636512, 44.89353114598675], [-92.78435823319546, 44.893507953600306], [-92.78436128926407, 44.893503633823194], [-92.78436583743435, 44.89349720570407], [-92.78437039279117, 44.893490766129304], [-92.78437398784892, 44.89348568459855], [-92.78439285606315, 44.89345779758254], [-92.78439521593741, 44.89345431082957], [-92.78439872565522, 44.89344912556483], [-92.7844012705824, 44.89344536452939], [-92.78440501745547, 44.893439826706505], [-92.7844261197798, 44.89340717823245], [-92.7844278238839, 44.89340454296019], [-92.78443035982797, 44.89340062091627], [-92.7844310272762, 44.89339958551702], [-92.78443490350666, 44.89339359012846], [-92.78445801176903, 44.89335611527677], [-92.7844591032221, 44.89335434357802], [-92.78445965748263, 44.89335344563732], [-92.78446072917276, 44.89335170893975], [-92.7844636415109, 44.89334698440929], [-92.78448714952357, 44.89330695825349], [-92.78448851855607, 44.893304626533066], [-92.78448904317219, 44.893303733682686], [-92.78448982380819, 44.89330240618021], [-92.78449122068844, 44.89330002736696], [-92.78451763205612, 44.89325273172827], [-92.78470237508586, 44.89291321180674], [-92.78472926974717, 44.892865213910135], [-92.78473251805524, 44.89285973585221], [-92.7847575011016, 44.89281760862738], [-92.78478313901981, 44.89277667397112], [-92.78478706106434, 44.89277040996004], [-92.78481001481646, 44.89273564255404], [-92.78481793795729, 44.892723640819234], [-92.78483787606501, 44.89269494394138], [-92.78485012010233, 44.89267731775227], [-92.78486671018901, 44.892654590861774], [-92.7848835949231, 44.89263145921565], [-92.78489651090024, 44.892614593498166], [-92.78491834535154, 44.892586084302295], [-92.7849272710122, 44.8925749645793], [-92.78495436330286, 44.89254121019609], [-92.78495898154172, 44.89253571428822], [-92.7849916290141, 44.892496855990004], [-92.78500216894733, 44.89248513358306], [-92.78501069036612, 44.89247565701443], [-92.78501901685048, 44.89246717640379], [-92.78502770984748, 44.892458323500236], [-92.78503094737576, 44.89245502696906], [-92.7850367145599, 44.89244963478552], [-92.78504590612188, 44.89244104089252], [-92.78505236770371, 44.892434998947124], [-92.785055240516, 44.89243252845695], [-92.7850649153716, 44.89242420757544], [-92.78507491451904, 44.892415607951065], [-92.78508471783373, 44.892407843277645], [-92.78509486250823, 44.892399809407415], [-92.78509855368574, 44.89239688389216], [-92.78510529194868, 44.892391965182306], [-92.78511588578081, 44.892384231052745], [-92.78512324388133, 44.892378859227264], [-92.785126610767, 44.89237659301807], [-92.78513764118037, 44.892369170720954], [-92.7851489446816, 44.89236156323135], [-92.78516009996079, 44.89235464432239], [-92.7851715444975, 44.89234754722136], [-92.78517561476407, 44.892345022633705], [-92.78518324235914, 44.892340667130995], [-92.78519508305291, 44.89233390795527], [-92.78520320741634, 44.89232926861847], [-92.78520704052765, 44.89232725632987], [-92.78521925851382, 44.89232084398923], [-92.78523167862095, 44.89231432473303], [-92.78524404123588, 44.8923083725064], [-92.78525661675154, 44.8923023184555], [-92.78526098256384, 44.89230021579751], [-92.78526940696456, 44.892296505598765], [-92.78528231845013, 44.89229081938456], [-92.78529106804102, 44.89228696535927], [-92.78529532785208, 44.892285255994594], [-92.78530855374801, 44.892279947163246], [-92.78532188744178, 44.892274596329194], [-92.78533529030582, 44.89226971642916], [-92.78534880725589, 44.89226479579921], [-92.78535338866386, 44.89226312779978], [-92.78536250297073, 44.89226013609213], [-92.78537629121202, 44.89225560939188], [-92.78538552050325, 44.892252578863555], [-92.78539015850507, 44.89225121633489], [-92.78540419378305, 44.89224709247409], [-92.78541822726443, 44.89224296797656], [-92.78579803586487, 44.89213774195969], [-92.78580778617898, 44.89213484061426], [-92.785817539188, 44.89213193926865], [-92.78582570128066, 44.89212951013147], [-92.78582725536612, 44.89212898255618], [-92.78583679277948, 44.89212574073648], [-92.78584633019287, 44.89212250018942], [-92.78585275943534, 44.89212031542929], [-92.7858557894528, 44.89211915018142], [-92.78586508971092, 44.89211557870611], [-92.78587439086738, 44.892112005321394], [-92.78587914475187, 44.89211017949037], [-92.78588356356475, 44.892108274745695], [-92.78589260420978, 44.89210437870578], [-92.78590164485477, 44.89210048393837], [-92.78590479165322, 44.892099127770116], [-92.78591049954854, 44.89209638424996], [-92.78591925812258, 44.89209217510044], [-92.78592801579828, 44.892087965950566], [-92.78592963635904, 44.89208718699688], [-92.78593652374232, 44.89208351115], [-92.7859449795841, 44.892078999073014], [-92.78595362137712, 44.8920743864445], [-92.78596156967076, 44.89206969044718], [-92.78596969942409, 44.892064886261394], [-92.78597668562205, 44.89206075856878], [-92.78597777977006, 44.892060043254794], [-92.78598556457031, 44.89205495905202], [-92.78599334937059, 44.89204987484881], [-92.78599877070332, 44.8920463358256], [-92.78600102457636, 44.89204471045869], [-92.7860084455589, 44.89203935896629], [-92.7860158674398, 44.892034007473434], [-92.78601982541693, 44.892031153852834], [-92.78602310965762, 44.892028536973136], [-92.78603015065282, 44.89202293155533], [-92.7860371907497, 44.892017325500575], [-92.78603979676234, 44.89201524956104], [-92.78604397752166, 44.89201156861832], [-92.78605061966488, 44.89200572073007], [-92.78605726001146, 44.891999874114106], [-92.78605863712879, 44.89199866113372], [-92.78606357157466, 44.89199384803238], [-92.7860697977979, 44.89198777485635], [-92.7860762989056, 44.89198143184558], [-92.786081836121, 44.891975425490365], [-92.7860876311529, 44.89196914039074], [-92.78609273987192, 44.89196360051652], [-92.78609337318419, 44.891962832379974], [-92.78609872444835, 44.89195635126732], [-92.78610407481418, 44.89194987015387], [-92.78610791870527, 44.891945214239705], [-92.7861092949243, 44.891943339400434], [-92.78611418714932, 44.891936677547456], [-92.78611908027268, 44.89193001505735], [-92.7861217967781, 44.891926315653535], [-92.78612376319028, 44.89192328192584], [-92.78612818649472, 44.89191645587886], [-92.78613260979917, 44.891909631740255], [-92.78613434444598, 44.8919069524876], [-92.78613673845622, 44.891902716595354], [-92.78614068206032, 44.89189574417342], [-92.78614462386778, 44.89188877111422], [-92.78614552847127, 44.89188717056253], [-92.78614818748451, 44.891881698775435], [-92.78615163971016, 44.89187459525206], [-92.78615532010787, 44.89186701951716], [-92.78615807613916, 44.89186028574187], [-92.78616102979981, 44.89185306957256], [-92.78616369779621, 44.891846549626976], [-92.78616638106395, 44.89183853477041], [-92.78616882627817, 44.891831223774346], [-92.78617063997673, 44.891825809258215], [-92.78617114123666, 44.891823893685284], [-92.78617307620777, 44.89181650631898], [-92.78617501028057, 44.89180911767895], [-92.78617612868311, 44.89180485059569], [-92.78617672606278, 44.891801707400276], [-92.78617814450261, 44.89179425957283], [-92.78617956204413, 44.89178681238079], [-92.78618015133894, 44.89178372455148], [-92.7861806759551, 44.8917793422773], [-92.78618157337206, 44.89177185435353], [-92.78618247168734, 44.891764366428816], [-92.78618269806279, 44.89176248203757], [-92.78618297833715, 44.891756863229375], [-92.78618335383294, 44.891749353664956], [-92.78618376166808, 44.89174117587549], [-92.78618362692079, 44.891734330714726], [-92.78618347780045, 44.89172681605614], [-92.78618334305315, 44.89171986015942], [-92.78618262170598, 44.891711805191726], [-92.78618143862477, 44.89169858389249], [-92.78615641695085, 44.891497703139315], [-92.78615597138645, 44.89149196657002], [-92.78615566416262, 44.89148800875691], [-92.78615535693879, 44.891484051579894], [-92.78615525093758, 44.89148270239759], [-92.7861552922601, 44.89148009185702], [-92.78615535244722, 44.89147612895184], [-92.78615541353267, 44.891472166046384], [-92.78615548360125, 44.89146768001414], [-92.7861558564021, 44.89146425105352], [-92.7861562857968, 44.891460300875416], [-92.78615671519151, 44.891456348787734], [-92.78615711224685, 44.89145270090245], [-92.78615796923964, 44.89144847897766], [-92.7861587660453, 44.89144455616392], [-92.78615956195264, 44.89144063398638], [-92.78616013058623, 44.89143783188529], [-92.78616046116625, 44.891436725809484], [-92.78616162089126, 44.8914328494527], [-92.786162779718, 44.89142897245924], [-92.78616393944301, 44.89142509673836], [-92.78616452514459, 44.89142313660351], [-92.78616527433954, 44.89142125283755], [-92.78616679159406, 44.891417438211256], [-92.7861683106452, 44.891413625493925], [-92.78616982789971, 44.891409812139905], [-92.78617027705735, 44.89140868060725], [-92.78617159129261, 44.891406055425925], [-92.78617346068671, 44.891402322258806], [-92.78617532918251, 44.8913985878186], [-92.78617736206999, 44.89139452562823], [-92.7861793778895, 44.89139120930739], [-92.78618158954171, 44.89138757096406], [-92.78618380299058, 44.891383933256925], [-92.78618574784316, 44.89138073467099], [-92.7861885990959, 44.8913767844871], [-92.78619114492139, 44.89137325815066], [-92.78619369074693, 44.89136973308684], [-92.78619539664764, 44.89136736819463], [-92.78619634257363, 44.89136625002569], [-92.7861992090977, 44.891362850970246], [-92.7862020774184, 44.89135945255097], [-92.78620494573913, 44.89135605413149], [-92.78620626985584, 44.89135448602178], [-92.78620797845151, 44.891352733353656], [-92.78621115669098, 44.891349476852795], [-92.78621433403215, 44.8913462203518], [-92.78621751227162, 44.89134296512342], [-92.78621831446718, 44.89134214161108], [-92.78622090880171, 44.89133982635756], [-92.78622438438356, 44.8913367270489], [-92.78622785727045, 44.89133362646722], [-92.78623148287093, 44.891330390330374], [-92.78623507164048, 44.8913275907696], [-92.78623882749667, 44.891324660744914], [-92.78624258155625, 44.89132173072007], [-92.78624571577829, 44.89131928436558], [-92.78625039510261, 44.89131608513963], [-92.7862544150635, 44.89131333840006], [-92.78625843322777, 44.891310591023945], [-92.78626095030718, 44.89130887144767], [-92.78626254302019, 44.891307917471075], [-92.78626680911947, 44.89130536610859], [-92.78627107432042, 44.891302813473146], [-92.78627533952141, 44.89130026211042], [-92.7862771199823, 44.891299196762105], [-92.78627973677474, 44.89129783102885], [-92.78628422924946, 44.89129548522594], [-92.78628872441915, 44.89129313878655], [-92.78629321599557, 44.891290793619866], [-92.78629415383672, 44.89129030422145], [-92.7862978737603, 44.89128861964708], [-92.78630257554249, 44.89128648958647], [-92.78630727642637, 44.89128436079856], [-92.7863119791069, 44.891282230101325], [-92.78643809808122, 44.891229196207775], [-92.786445408571, 44.891225925062535], [-92.78645271995909, 44.89122265264428], [-92.7864600304489, 44.89121938022584], [-92.7864613428875, 44.89121879281972], [-92.7864671199531, 44.891215876154085], [-92.78647416364323, 44.89121231989654], [-92.7864812082317, 44.89120876554799], [-92.78648373609091, 44.8912074889099], [-92.7864880668689, 44.89120503618649], [-92.78649482219984, 44.89120120818126], [-92.7865015784291, 44.891197380812145], [-92.78650521660599, 44.8911953194804], [-92.78650819002958, 44.891193434434136], [-92.78651463634004, 44.891189345500024], [-92.78652108354885, 44.891185257838416], [-92.78652571256751, 44.8911823227152], [-92.78652743553623, 44.89118110080783], [-92.78653355306331, 44.89117676494569], [-92.78653967148871, 44.891172429083234], [-92.78654516378836, 44.89116853552556], [-92.78655152296226, 44.891163499611174], [-92.78655729284132, 44.89115892763947], [-92.7865635091831, 44.89115400500526], [-92.7865684939346, 44.89114958577132], [-92.78657389909766, 44.89114479423687], [-92.78657930336243, 44.89114000270207], [-92.78658069125952, 44.89113877315688], [-92.78658442286121, 44.89113506097393], [-92.78658944534197, 44.89113006387766], [-92.7865944669244, 44.89112506741737], [-92.78659665971202, 44.89112288580141], [-92.78659926482635, 44.89111996467605], [-92.78660388935343, 44.891114777291634], [-92.78660851477882, 44.89110958927032], [-92.7866113642349, 44.891106395123984], [-92.7866129803041, 44.89110433633462], [-92.78661719340278, 44.89109897520858], [-92.78662140650147, 44.891093614718464], [-92.78662475721747, 44.891089348854955], [-92.78662553066694, 44.89108822177086], [-92.7866293197608, 44.891082702813335], [-92.78663310795636, 44.8910771832189], [-92.78663680182879, 44.89107180172516], [-92.78664023518984, 44.891066001472254], [-92.78664358680415, 44.89106034122924], [-92.78664693841847, 44.89105468162213], [-92.7866474567464, 44.89105380655631], [-92.78664991274037, 44.89104891827934], [-92.786652817892, 44.89104313520725], [-92.7866566914275, 44.89103541807942], [-92.78676608287292, 44.890797877555926], [-92.7867635181828, 44.89079789155704], [-92.78663138408932, 44.89079861516015], [-92.78635922959253, 44.89080010564249], [-92.78533679588224, 44.890805699724005], [-92.78488163390081, 44.89080818746721], [-92.78477206279234, 44.89080878633302], [-92.78451098272639, 44.89081021190084], [-92.78432922479831, 44.89081120343415], [-92.78385658788966, 44.89131549327961], [-92.78373848727757, 44.89142218644727], [-92.78353082193672, 44.891504357406234], [-92.78286797485151, 44.89085926477707], [-92.78286754276185, 44.89081917324848], [-92.7827752812906, 44.890819674742744], [-92.78181074489868, 44.890824922613135], [-92.78140716148593, 44.89096577614064], [-92.78140353229219, 44.89095796354054], [-92.78129689957301, 44.8910135866081], [-92.78109374377487, 44.89108560803031], [-92.78098911340048, 44.891093990201], [-92.78084785961026, 44.89110923478943], [-92.78070180522316, 44.89111923725851], [-92.78069302508958, 44.89116281228804], [-92.78067120051975, 44.89117290002678], [-92.78065291621046, 44.891181349007745], [-92.78059841093058, 44.891182717289446], [-92.78001165114993, 44.89119733499061], [-92.78008816245932, 44.891262759165464], [-92.78016018398891, 44.89132710518991], [-92.78019252603407, 44.89135155599846], [-92.78072512728457, 44.89133820160705], [-92.78080280281056, 44.891336253561064], [-92.78145100106843, 44.891320016871816], [-92.78155262837484, 44.891538924452256], [-92.78180807241071, 44.891532520933374], [-92.78194008972318, 44.89176008152292], [-92.78207210883228, 44.8919876431213], [-92.78233614974543, 44.892442764253275], [-92.78248986945684, 44.89270772271829], [-92.78294859325837, 44.892935381116814], [-92.783729724212, 44.89332303719435], [-92.78418451608752, 44.8935487343675]], [[-92.78537198918012, 44.89215864004295], [-92.78529291869813, 44.89218195689191], [-92.78521606424735, 44.892211776515715], [-92.78514195958114, 44.892247891817384], [-92.78507111935564, 44.892290051976524], [-92.78500403555546, 44.89233796419127], [-92.78494117407689, 44.892391295711796], [-92.78488297149227, 44.89244967615125], [-92.78479968486154, 44.892551305418515], [-92.78472188823629, 44.89265719619206], [-92.78464979925833, 44.892767052234596], [-92.78458361960195, 44.89288056621569], [-92.7843988774705, 44.89322008060244], [-92.78433838370535, 44.893324684294655], [-92.78427292560062, 44.89342625527757], [-92.78420265486972, 44.89352455813828], [-92.7837561912752, 44.89330683097621], [-92.7842897330618, 44.892750317772276], [-92.78438857918408, 44.892285232447854], [-92.78491544918305, 44.89176362501854], [-92.78537198918012, 44.89215864004295]]]}, "properties": {"PIN": "2202820440019", "TAXPIN": "22.028.20.44.0019               ", "Acres_Poly": 16.59, "USE1_DESC": "105", "USE2_DESC": "", "PLAT_NAME": "", "BLOCK": "", "LOT": "", "YEAR_BUILT": 1979, "SITUS_ADDRESS": "3787 ST CROIX TRL S, CITY OF AFTON", "BLDG_NUM": "3787", "CITY": "CITY OF AFTON", "ZIP": "55001"}}, {"type": "Feature", "id": 79616, "geometry": {"type": "Polygon", "coordinates": [[[-92.78180462288003, 44.89244565412803], [-92.78147971302154, 44.89245379936116], [-92.78144262607505, 44.89245472913572], [-92.78173560980831, 44.89295974278333], [-92.78180229624344, 44.89306156579562], [-92.78211503123488, 44.89353907469556], [-92.78214768140218, 44.893529479296795], [-92.78284732797303, 44.89332384667784], [-92.78248986945684, 44.89270772271829], [-92.78233614974543, 44.892442764253275], [-92.78180462288003, 44.89244565412803]]]}, "properties": {"PIN": "2202820440020", "TAXPIN": "22.028.20.44.0020               ", "Acres_Poly": 1.91, "USE1_DESC": "100", "USE2_DESC": "", "PLAT_NAME": "", "BLOCK": "", "LOT": "", "YEAR_BUILT": 2025, "SITUS_ADDRESS": "3880 RIVER RD S, CITY OF AFTON", "BLDG_NUM": "3880", "CITY": "CITY OF AFTON", "ZIP": "55001"}}, {"type": "Feature", "id": 80771, "geometry": {"type": "Polygon", "coordinates": [[[-92.78113964858422, 44.903964413406555], [-92.78083950887137, 44.90548890681995], [-92.7810353290269, 44.905483842892004], [-92.7816229152576, 44.905468586844094], [-92.7817577029744, 44.90478389037976], [-92.78176289344012, 44.90342681734995], [-92.78124284794238, 44.903440191203686], [-92.78113964858422, 44.903964413406555]]]}, "properties": {"PIN": "2302820220001", "TAXPIN": "23.028.20.22.0001               ", "Acres_Poly": 3.08, "USE1_DESC": "300", "USE2_DESC": "", "PLAT_NAME": "", "BLOCK": "", "LOT": "", "YEAR_BUILT": null, "SITUS_ADDRESS": "16071 31ST ST S, CITY OF AFTON", "BLDG_NUM": "16071", "CITY": "CITY OF AFTON", "ZIP": "55001"}}, {"type": "Feature", "id": 80772, "geometry": {"type": "Polygon", "coordinates": [[[-92.78165806543637, 44.901808057317666], [-92.78098521022056, 44.90182536192568], [-92.78097572580779, 44.901873460513194], [-92.78066436074717, 44.903455067297905], [-92.78124284794238, 44.903440191203686], [-92.78176289344012, 44.90342681734995], [-92.7817688277109, 44.90187510532736], [-92.78176909540886, 44.901805201000606], [-92.78165806543637, 44.901808057317666]]]}, "properties": {"PIN": "2302820220002", "TAXPIN": "23.028.20.22.0002               ", "Acres_Poly": 3.31, "USE1_DESC": "300", "USE2_DESC": "", "PLAT_NAME": "", "BLOCK": "", "LOT": "", "YEAR_BUILT": null, "SITUS_ADDRESS": "16052 32ND ST S, CITY OF AFTON", "BLDG_NUM": "16052", "CITY": "CITY OF AFTON", "ZIP": "55001"}}, {"type": "Feature", "id": 80773, "geometry": {"type": "MultiPolygon", "coordinates": [[[[-92.77815462055693, 44.90542441757851], [-92.7781620065052, 44.90544256922228], [-92.77817836662317, 44.90546127376337], [-92.77818623586505, 44.90546487876745], [-92.77819859309011, 44.9054896906821], [-92.77820729507025, 44.90552214078443], [-92.77821074999083, 44.90553772576002], [-92.77822107881997, 44.90554797958363], [-92.77823550217018, 44.90555641245511], [-92.78013529706227, 44.9055071691511], [-92.78083950887137, 44.90548890681995], [-92.78113964858422, 44.903964413406555], [-92.78056115599912, 44.90397928872884], [-92.78066436074717, 44.903455067297905], [-92.78097572580779, 44.901873460513194], [-92.78098521022056, 44.90182536192568], [-92.77954345281711, 44.90186242848545], [-92.77925391322462, 44.90186986991862], [-92.77881756735515, 44.90188108265176], [-92.77844208953269, 44.90189073583208], [-92.77844004945868, 44.90189302011884], [-92.7784306351145, 44.901907697454185], [-92.77842606987625, 44.901926471864854], [-92.77843072943762, 44.9019416289551], [-92.77846056338652, 44.90196246557318], [-92.77848474154239, 44.90196894237668], [-92.77854225168687, 44.90198172291052], [-92.77857596366287, 44.90198653326702], [-92.7786122304475, 44.90198636146856], [-92.77866023911122, 44.901979039036824], [-92.77874320032436, 44.90196652765337], [-92.77881654237741, 44.90196043644181], [-92.77891232075301, 44.90195955199759], [-92.77900841264064, 44.90196092320431], [-92.77910951353428, 44.901957734750994], [-92.77915878792425, 44.901962486570746], [-92.77920532155429, 44.901958954520495], [-92.7792694100616, 44.901958281961136], [-92.77932894051715, 44.90195656842986], [-92.77939324372183, 44.90196365861838], [-92.77941851692401, 44.90196788931554], [-92.7794521345769, 44.90197795352506], [-92.77946467326164, 44.90198552347398], [-92.77947713738622, 44.90199729548381], [-92.7794856237707, 44.902015039075096], [-92.77948973086818, 44.902041097698145], [-92.7794943230559, 44.90205990769746], [-92.77949390983089, 44.90208292229147], [-92.77949330077311, 44.90211694722349], [-92.77949035519731, 44.90216346120853], [-92.77949145114195, 44.90220050400764], [-92.77949805645423, 44.9022641194253], [-92.77949122207156, 44.90229183037313], [-92.77948157596202, 44.90231926834057], [-92.77947541801075, 44.902368255406806], [-92.779460873388, 44.902394147162795], [-92.77943932909253, 44.90241747149416], [-92.77939902887225, 44.90242661491967], [-92.77932214027045, 44.9024341765378], [-92.77927701789375, 44.902437522763464], [-92.7792427148263, 44.90244597008945], [-92.77922493177692, 44.90245606602952], [-92.77920533502899, 44.902468899903035], [-92.77918494147542, 44.90248698376126], [-92.77916507163967, 44.90251532770492], [-92.77916019468599, 44.902532047354626], [-92.77916425057948, 44.902561109640864], [-92.77918281606146, 44.90260556488892], [-92.7792038357408, 44.9026311288521], [-92.7792334522974, 44.902648413487604], [-92.77927797190456, 44.90265907568407], [-92.77934016676326, 44.90266614224346], [-92.77948978566542, 44.902686264689684], [-92.77965833386722, 44.90271131004674], [-92.77975738300877, 44.90272446645839], [-92.77981649844267, 44.90272625441174], [-92.77987922779896, 44.90274258714055], [-92.77989920902583, 44.90274751896328], [-92.77991281760406, 44.9027543984449], [-92.77992392347592, 44.90276325676249], [-92.77992553595186, 44.90277152906314], [-92.779922111574, 44.902785762049625], [-92.77991456752223, 44.902813717078075], [-92.7799030511203, 44.902886676870466], [-92.77988903021533, 44.90296186800329], [-92.7798670349656, 44.90306951116086], [-92.77986193433144, 44.90311825898357], [-92.77985668906848, 44.90315549268704], [-92.77985206184646, 44.903217254845956], [-92.77985071706848, 44.90323350726444], [-92.77984096046616, 44.90326719937922], [-92.77983730881455, 44.903313706707166], [-92.77982045731814, 44.90340938915037], [-92.77980504941436, 44.90350283111454], [-92.77980684245168, 44.90352061305385], [-92.77980772010572, 44.903530629271046], [-92.77979857795106, 44.903547918090005], [-92.77978414022782, 44.90359839171487], [-92.77977581733671, 44.90364761311188], [-92.77977445010085, 44.903681297348726], [-92.77977832902624, 44.90368999072914], [-92.77977610569592, 44.90369789385894], [-92.77976741988543, 44.90370551384682], [-92.77976491089083, 44.903747104354146], [-92.77974187000211, 44.90383735423898], [-92.77972842671389, 44.90385567372287], [-92.77970711867535, 44.9038696182108], [-92.77968259107483, 44.903882017832885], [-92.77965057332149, 44.90388877119735], [-92.77958727622993, 44.90389896041567], [-92.77943084809793, 44.90392380609218], [-92.7793380647055, 44.90393846254851], [-92.77922583188884, 44.90396043863629], [-92.77916795792667, 44.903966822955816], [-92.77914213675214, 44.90396262803673], [-92.77912495826897, 44.9039556621672], [-92.77908453497949, 44.90393711111329], [-92.77904403623154, 44.903927492635106], [-92.77900850337048, 44.90392478531027], [-92.77897799927838, 44.90392261245137], [-92.7789583351568, 44.90391206374518], [-92.77891757140584, 44.90389172412388], [-92.77887576920241, 44.90386652848516], [-92.77882542581726, 44.903832367790535], [-92.77873217530087, 44.90377632318502], [-92.77863885830917, 44.90372793732238], [-92.7785856825359, 44.90368891161237], [-92.77850988718382, 44.90364953210861], [-92.77848593809834, 44.9036361589398], [-92.77842240205491, 44.90359121710372], [-92.77839466297726, 44.90357913619162], [-92.77834874199826, 44.90354819423262], [-92.77828045027373, 44.903508291615466], [-92.77824912781641, 44.90348799002773], [-92.77820555323692, 44.90346382433993], [-92.77817001947754, 44.90344273375625], [-92.77812691561527, 44.90341181590231], [-92.77808385217718, 44.90337864816293], [-92.7780512343492, 44.90335207858073], [-92.77802401359946, 44.903319052696425], [-92.7780114326939, 44.90329416730941], [-92.7779998417318, 44.90327304357713], [-92.77800349518007, 44.903265572420594], [-92.7780205766452, 44.903235948658136], [-92.77805642840819, 44.903180474848206], [-92.77810419093353, 44.90310859392005], [-92.77815421451844, 44.90302847818002], [-92.77817979763941, 44.9029764139922], [-92.77820249627001, 44.902927827664335], [-92.77823222601434, 44.902860285855816], [-92.77828313084653, 44.90277016805629], [-92.77832406887066, 44.90272574856729], [-92.77834550177504, 44.90270842895949], [-92.77836689964509, 44.90269310981932], [-92.77839461806151, 44.90267884817719], [-92.77842676966384, 44.90267263169338], [-92.77846729446294, 44.90267049950925], [-92.77849093812121, 44.90266745998551], [-92.77852275555027, 44.90266024071836], [-92.77854302693297, 44.902648914242455], [-92.77855692387041, 44.90263953415499], [-92.77858939796792, 44.90261530511846], [-92.77861103658648, 44.90258672516281], [-92.77862034672609, 44.902558285811686], [-92.77862087673212, 44.90252876539914], [-92.7786142049445, 44.90250818604539], [-92.77859293553352, 44.9024769648171], [-92.77856716017308, 44.90244195067427], [-92.77853731813933, 44.90241766174364], [-92.77848888367416, 44.90238944691786], [-92.77845999654956, 44.90237092017376], [-92.77844032254653, 44.90236848956019], [-92.77839716388702, 44.90236034127736], [-92.77834051432858, 44.90235857558265], [-92.77827013851258, 44.90235618950861], [-92.77817300907081, 44.90235380470701], [-92.77811184996963, 44.902348246108296], [-92.7780871687572, 44.902350275225935], [-92.7780272017204, 44.90235673735119], [-92.77797285095076, 44.902364001196496], [-92.77794702438635, 44.90237102388843], [-92.77791712126718, 44.90238927003033], [-92.77788848117929, 44.902415782155515], [-92.77787540530201, 44.90243818322782], [-92.77786051931945, 44.90248283963702], [-92.77784729701678, 44.90249372710906], [-92.77781142099929, 44.90251141900805], [-92.77774021334332, 44.90253604576614], [-92.77766796543828, 44.90255966018556], [-92.77758684846644, 44.90258695167987], [-92.77749690554694, 44.90261591022413], [-92.77742989841327, 44.90264182604733], [-92.77736586021162, 44.90265926211504], [-92.77727523906407, 44.9026864638462], [-92.77720092862712, 44.90270730973853], [-92.77718990450197, 44.9027134644992], [-92.77716308529915, 44.902716974233215], [-92.77715483337496, 44.90272540688368], [-92.77714135145918, 44.902731289313586], [-92.77708504326054, 44.90274954679428], [-92.77702086941326, 44.902774486501], [-92.77692858907739, 44.902815685096286], [-92.77691163696964, 44.90281853436407], [-92.77689770230299, 44.90282991807184], [-92.77688726747262, 44.902842583247356], [-92.77686773899669, 44.90287118152803], [-92.7768597242277, 44.90288612267006], [-92.77683362727039, 44.90290815578913], [-92.77680596993943, 44.90293868005665], [-92.77676977681662, 44.902973884144586], [-92.77675219498988, 44.902992239535266], [-92.77674100916796, 44.90300740334358], [-92.77671665045072, 44.90303070133874], [-92.77668373078883, 44.90305992944164], [-92.77664218011365, 44.903099586766615], [-92.77660410052877, 44.90314177963098], [-92.77657463938071, 44.90317479225532], [-92.77654071719894, 44.90322077409335], [-92.77651122460986, 44.903255286376016], [-92.77647028478911, 44.903299954876054], [-92.77643478875896, 44.90333566267298], [-92.77640399540935, 44.9033641595406], [-92.77636296216379, 44.90339456394633], [-92.77631870486469, 44.90342794037456], [-92.776288412775, 44.903448182809996], [-92.77625063951561, 44.903473363361464], [-92.77622031598489, 44.90349560686211], [-92.77618323083502, 44.90354106097295], [-92.77616055376399, 44.90356863068894], [-92.7761525848091, 44.90358106918863], [-92.77615199910753, 44.903594075240896], [-92.77614585103773, 44.90362279531198], [-92.77614116632351, 44.90364204573044], [-92.77614110523807, 44.90364893846672], [-92.77614028687285, 44.90366041872343], [-92.7761336833572, 44.903676980880974], [-92.77612244543299, 44.90368892751919], [-92.77610364010084, 44.90370415922482], [-92.7760573481176, 44.903741728499966], [-92.77602611100023, 44.90378268525552], [-92.77602058276798, 44.90379899668726], [-92.77602431347135, 44.90382427888832], [-92.77603118917654, 44.903860041715085], [-92.77604732651231, 44.90390426562928], [-92.77607320877227, 44.90394312003673], [-92.77609175179637, 44.903966274492234], [-92.77610909646788, 44.90399570063523], [-92.77613425468573, 44.90403537131254], [-92.77615987553594, 44.90406279254118], [-92.77618842309735, 44.90408384472133], [-92.77622245577189, 44.90409369095702], [-92.7762655326847, 44.9040956652941], [-92.77631914953075, 44.9040833923353], [-92.77635199283586, 44.90406464916983], [-92.77637771160246, 44.904038981496164], [-92.77640655381127, 44.90402583747444], [-92.77643352482937, 44.90402187161619], [-92.7764611444311, 44.904025565788025], [-92.77649117241609, 44.90404151765954], [-92.77652077549797, 44.904065127642994], [-92.7765667395961, 44.904107441325756], [-92.77663758433268, 44.904179468618764], [-92.776664692793, 44.90420127982157], [-92.77669442163902, 44.904210087651215], [-92.77672998594112, 44.90420922296585], [-92.77676848503924, 44.904200456493356], [-92.77680988928901, 44.904188639759745], [-92.77688491029333, 44.90415093843321], [-92.7769318508602, 44.90412153591157], [-92.77699367022309, 44.90407433252435], [-92.77713984408612, 44.90398946838707], [-92.77731742664476, 44.90388585199301], [-92.77751185800484, 44.903785881242804], [-92.77769323055566, 44.90370040204142], [-92.77781902344152, 44.90364709709521], [-92.77785030098309, 44.903643404807845], [-92.77790845072805, 44.90364671914951], [-92.77795962056327, 44.90366812461298], [-92.77801753674626, 44.903698494499324], [-92.7781014807163, 44.90375092516158], [-92.77814718609966, 44.903781494793144], [-92.7782461364265, 44.903842922237786], [-92.77831357744645, 44.90389349358913], [-92.77838322203382, 44.90393820485959], [-92.77846420425836, 44.90400134306205], [-92.77850456556408, 44.9040267842411], [-92.77858494771401, 44.90407588310799], [-92.77868054822318, 44.90415133228219], [-92.77870828460588, 44.904183356841685], [-92.77875321653978, 44.904220302899446], [-92.77880580571313, 44.904244013339415], [-92.77882828425649, 44.90426095454295], [-92.77886217320058, 44.90428739072567], [-92.77891884072534, 44.90433842552287], [-92.77899827515265, 44.90441431528323], [-92.77904412426643, 44.904469897339766], [-92.7790711940992, 44.90449604710816], [-92.77909017100959, 44.904502767951115], [-92.77912044513297, 44.904532249174295], [-92.77913618092181, 44.90454022917607], [-92.779154071769, 44.904547453933496], [-92.7791618287215, 44.90456458528994], [-92.779209483449, 44.90461890167736], [-92.779273172206, 44.904688342566466], [-92.77929853164648, 44.90470453221552], [-92.7793266273553, 44.90473681351591], [-92.77938352305215, 44.90480265239855], [-92.77946368960639, 44.90487701579815], [-92.77953593661313, 44.90495415000376], [-92.77957049120884, 44.90498696816514], [-92.77965313172342, 44.905066189780634], [-92.77973395314953, 44.905148212083844], [-92.77977940880122, 44.905208131416614], [-92.779785707788, 44.90522704408924], [-92.77978123777113, 44.90524616926466], [-92.77976134817243, 44.905261905107324], [-92.77974254463692, 44.905270373014716], [-92.77973149895217, 44.905283803702474], [-92.7797204505725, 44.905298353557676], [-92.77971919832099, 44.905319148238895], [-92.7797255934275, 44.905327344457596], [-92.77979627826394, 44.90537665408594], [-92.77973701191307, 44.90541978502414], [-92.77961424994298, 44.905328904551254], [-92.77960063597484, 44.9053195707113], [-92.77957540858672, 44.90532627682413], [-92.77955806481353, 44.90533186631132], [-92.77954072283697, 44.90533633790073], [-92.77952338086043, 44.90533968841123], [-92.77946820094576, 44.90535685707059], [-92.77939376564302, 44.905367706459344], [-92.7793618395178, 44.90537562208359], [-92.77932715556469, 44.90538120520345], [-92.77926448459888, 44.90539787630071], [-92.77921130702902, 44.90541164162753], [-92.77917717014991, 44.90541404602612], [-92.77915888763725, 44.90541013816261], [-92.77914026466308, 44.90540393279042], [-92.77910992136943, 44.90538261641246], [-92.77906966696324, 44.90534441450136], [-92.77901769403414, 44.90529033548592], [-92.77895679005451, 44.90523162512259], [-92.77891217702256, 44.90519876383553], [-92.77887042332816, 44.90516795445311], [-92.7788226769725, 44.905124104993206], [-92.77877343671851, 44.90508662696986], [-92.77875381122449, 44.90507199498403], [-92.77872330264081, 44.905027963481466], [-92.77865027948967, 44.90495822777905], [-92.77860046790718, 44.90490364702884], [-92.7785331724143, 44.90483623033965], [-92.77846542417052, 44.90477927749784], [-92.7784533571013, 44.90476263612536], [-92.77843159541355, 44.90474569506968], [-92.77840974748752, 44.90473896471119], [-92.77839120446342, 44.90472382744624], [-92.77832236746153, 44.90466814319719], [-92.77825614815035, 44.904600733230666], [-92.77819947972729, 44.904550206403584], [-92.77816277097152, 44.904517377812645], [-92.77812282828071, 44.90448504739682], [-92.77810282369767, 44.90447245511711], [-92.77809073237393, 44.904467496719285], [-92.77807669080772, 44.904462642668236], [-92.77806391406945, 44.904445231961795], [-92.77805075285221, 44.90443037139409], [-92.77803114981607, 44.904413185278955], [-92.77801148569452, 44.904402634753964], [-92.7779900141626, 44.904393865129684], [-92.7779688839905, 44.90438688340578], [-92.77794808170344, 44.90438398522341], [-92.7779275965217, 44.904385682775704], [-92.77790527159027, 44.90439247680191], [-92.77788242473764, 44.904395630761876], [-92.77783039072312, 44.904415760237946], [-92.77777677747034, 44.90443812680902], [-92.77776257690233, 44.90445155450989], [-92.77774522863756, 44.90446162337473], [-92.77771211943113, 44.90447168396633], [-92.77764108784498, 44.90450209733029], [-92.77762057930707, 44.90450660206983], [-92.77759970335815, 44.90451187223291], [-92.77758273597908, 44.904522263672256], [-92.7775722167071, 44.90453421331614], [-92.77755381022692, 44.90454485162114], [-92.7774766260794, 44.90457378054742], [-92.77740882124176, 44.904601737887745], [-92.77739935749024, 44.90460845171944], [-92.77735046398597, 44.904638657589885], [-92.77731733681321, 44.904666632713976], [-92.77730787036676, 44.90467670408613], [-92.7772999723788, 44.90469349500468], [-92.77729996159898, 44.90470469191689], [-92.77730877047868, 44.90472499625628], [-92.77731797461708, 44.90474060689834], [-92.7773297254793, 44.90475214292792], [-92.77735435279281, 44.90476960571469], [-92.77741761395177, 44.90480561227697], [-92.77749342098194, 44.904843713380956], [-92.77756066347423, 44.904875399065205], [-92.77762182347372, 44.904905016892805], [-92.77768034512121, 44.90494840396045], [-92.7777481571454, 44.904997444777045], [-92.77784260421772, 44.90508182705284], [-92.7779294820855, 44.90516898073289], [-92.7779849422745, 44.905234814666805], [-92.77801215134613, 44.905286487421904], [-92.77803061621681, 44.90531106718095], [-92.77804341990455, 44.905325928157204], [-92.77805736714765, 44.90533262345299], [-92.77806447641481, 44.90534107735239], [-92.77806793492866, 44.90535640405826], [-92.77808038557849, 44.90537049770165], [-92.77809861509054, 44.90538053013906], [-92.77812971566401, 44.905397254045496], [-92.77815368271578, 44.90540833375016], [-92.77815649803588, 44.90541523581843], [-92.77815462055693, 44.90542441757851]]], [[[-92.77353074924444, 44.90559288744124], [-92.77362202975542, 44.90567586400373], [-92.77426131403074, 44.90565932405453], [-92.7742278580746, 44.90562037409696], [-92.77416756315273, 44.90553282280797], [-92.77412604212198, 44.90547547236258], [-92.77409857613218, 44.905453656553206], [-92.77403015684688, 44.90543370813631], [-92.77395593444484, 44.905419599238385], [-92.77390313416738, 44.90541385960408], [-92.77385734254578, 44.90541509902413], [-92.773812969364, 44.90539405560274], [-92.77376365544818, 44.90538351798285], [-92.77369953819475, 44.9053764772076], [-92.77365516860624, 44.90535543249959], [-92.77359885681435, 44.905348104134404], [-92.77355609790514, 44.90535072677053], [-92.77348610297483, 44.9053463334414], [-92.77345734880089, 44.90534927229548], [-92.77342280498495, 44.90535677817518], [-92.77337774728694, 44.9053757219753], [-92.77331899297577, 44.90540039395284], [-92.77353074924444, 44.90559288744124]]]]}, "properties": {"PIN": "2302820220003", "TAXPIN": "23.028.20.22.0003               ", "Acres_Poly": 19.63, "USE1_DESC": "300", "USE2_DESC": "", "PLAT_NAME": "", "BLOCK": "", "LOT": "", "YEAR_BUILT": null, "SITUS_ADDRESS": "16071 31ST ST S, CITY OF AFTON", "BLDG_NUM": "16071", "CITY": "CITY OF AFTON", "ZIP": "55001"}}, {"type": "Feature", "id": 80774, "geometry": {"type": "Polygon", "coordinates": [[[-92.78113964858422, 44.903964413406555], [-92.78124284794238, 44.903440191203686], [-92.78066436074717, 44.903455067297905], [-92.78056115599912, 44.90397928872884], [-92.78113964858422, 44.903964413406555]]]}, "properties": {"PIN": "2302820220004", "TAXPIN": "23.028.20.22.0004               ", "Acres_Poly": 0.65, "USE1_DESC": "100", "USE2_DESC": "", "PLAT_NAME": "", "BLOCK": "", "LOT": "", "YEAR_BUILT": 1955, "SITUS_ADDRESS": "16053 31ST ST S, CITY OF AFTON", "BLDG_NUM": "16053", "CITY": "CITY OF AFTON", "ZIP": "55001"}}, {"type": "Feature", "id": 80775, "geometry": {"type": "Polygon", "coordinates": [[[-92.77926946575714, 44.89965337785364], [-92.77930828824879, 44.899652389018044], [-92.77995221322085, 44.89963597714441], [-92.77994042103612, 44.899618867862976], [-92.77993293088328, 44.89958738417564], [-92.77992007419493, 44.89956786196467], [-92.77989252286515, 44.89957532851121], [-92.77986473527848, 44.89959615389683], [-92.77982705634221, 44.899607023462316], [-92.77980416726878, 44.89960411485794], [-92.7798007662471, 44.89957537305341], [-92.77979051287645, 44.89954816094182], [-92.77978103295524, 44.899521352242836], [-92.77977706150338, 44.89949308254501], [-92.7797915333626, 44.89946617264571], [-92.77981121365384, 44.899429367977106], [-92.77983477736207, 44.89939458868896], [-92.77986115908534, 44.899358639824335], [-92.77988139273879, 44.89932223724112], [-92.77990782297107, 44.899283508247386], [-92.7799583523075, 44.899211194202735], [-92.77997596827022, 44.89916482736484], [-92.77998898216374, 44.89912557775354], [-92.78001742372395, 44.89906817446472], [-92.78006844354051, 44.89896842695901], [-92.78010256784322, 44.898906305802846], [-92.78012164446658, 44.89884086423411], [-92.78013283567839, 44.89880805401806], [-92.77986297727547, 44.89881519231923], [-92.77984253700949, 44.89883602752507], [-92.77981458862438, 44.89886699556421], [-92.7797818351508, 44.89890328707885], [-92.77968840676799, 44.899009035228175], [-92.77961424275645, 44.89906140908013], [-92.77956260579728, 44.89911398841651], [-92.7795175094717, 44.899174883156476], [-92.77947221461845, 44.89922702141858], [-92.77943947551792, 44.89928577545707], [-92.7793975798897, 44.89936446660265], [-92.77935844927593, 44.899445934535095], [-92.77932886236371, 44.899505717912405], [-92.7793034642957, 44.89958706092659], [-92.77926946575714, 44.89965337785364]]]}, "properties": {"PIN": "2302820230001", "TAXPIN": "23.028.20.23.0001               ", "Acres_Poly": 0.78, "USE1_DESC": "958", "USE2_DESC": "", "PLAT_NAME": "AFTON", "BLOCK": "9", "LOT": "", "YEAR_BUILT": null, "SITUS_ADDRESS": "", "BLDG_NUM": "", "CITY": "CITY OF AFTON", "ZIP": ""}}, {"type": "Feature", "id": 80776, "geometry": {"type": "Polygon", "coordinates": [[[-92.77982816935484, 44.89777294833053], [-92.7798568849012, 44.897799246866185], [-92.77993027636161, 44.89786872208236], [-92.77997703996036, 44.89793094935488], [-92.77998426511019, 44.89797955581388], [-92.77995532678162, 44.89802283102261], [-92.77994488296814, 44.898035749245444], [-92.77994032581469, 44.8980544740138], [-92.77994599418415, 44.89807229009131], [-92.77997085595794, 44.89809908928455], [-92.78000019134186, 44.89813208316914], [-92.78002680033889, 44.898179617237616], [-92.78004056791893, 44.898216772688976], [-92.7800479664436, 44.89827539158478], [-92.78003985016502, 44.898355137876834], [-92.7800249093852, 44.898442330389386], [-92.78000580401576, 44.89852622976823], [-92.7799795166156, 44.898592409199324], [-92.78016070591009, 44.89858779136627], [-92.78021066661292, 44.898586517437295], [-92.78021019320076, 44.898582395303436], [-92.78019450592096, 44.8985524280558], [-92.78017585150577, 44.89853197772612], [-92.7801560337723, 44.89851390598679], [-92.78015372869528, 44.898486446477115], [-92.78016215579096, 44.898453118086465], [-92.78017438096366, 44.89842658631676], [-92.78020529019595, 44.89841891281381], [-92.78026539467497, 44.89840554097366], [-92.78030431957455, 44.89838759964233], [-92.78033601393442, 44.898367209069065], [-92.78034740816548, 44.898355778025504], [-92.78034583880867, 44.898349800970934], [-92.78033080550239, 44.89834568772873], [-92.78030510829537, 44.898343466297824], [-92.78027496622434, 44.89833961522348], [-92.78026612859858, 44.89833317428199], [-92.7802534057592, 44.89832510433231], [-92.78021192425433, 44.89832950074332], [-92.78015977435713, 44.89833618730895], [-92.78014049022293, 44.89832583293135], [-92.78013332885348, 44.8982633369179], [-92.78013129955926, 44.89822037178399], [-92.78014448682762, 44.89820259456863], [-92.78017254480721, 44.89816666277609], [-92.78018288621277, 44.89812022955352], [-92.78018790330363, 44.898090054620255], [-92.78021003509728, 44.898072759069315], [-92.7802731776786, 44.89804589113968], [-92.78029145390306, 44.89803848802794], [-92.7802898989193, 44.89803722299554], [-92.78028904372314, 44.898036526209566], [-92.7802881894253, 44.89803582942359], [-92.780274418252, 44.89802324845795], [-92.7802686932887, 44.89801801842544], [-92.78026706823634, 44.8980163862276], [-92.78026006047884, 44.898009342641096], [-92.78025305272129, 44.89800229969002], [-92.78025036047039, 44.89799959399519], [-92.78024632793309, 44.897995121198825], [-92.78023977741803, 44.897987857437904], [-92.78023322959793, 44.8979805949487], [-92.78022643114785, 44.897972216327084], [-92.78022092267851, 44.89796542790552], [-92.78021811185, 44.897961961152234], [-92.7802156423813, 44.89795855103259], [-92.78021059744265, 44.89795158189019], [-92.78020555250401, 44.897944613383295], [-92.7802042652182, 44.89794283609894], [-92.78020086239992, 44.89793752460818], [-92.78019629177176, 44.89793039128872], [-92.78019172294022, 44.897923260513714], [-92.78018292753528, 44.89790790382738], [-92.78018168247029, 44.89790573074109], [-92.78017803081865, 44.89789868650467], [-92.78017323740829, 44.897889439272724], [-92.78017247563693, 44.897887971245865], [-92.78016881230721, 44.89788010167952], [-92.78016445637641, 44.89787074626746], [-92.78016411052502, 44.89787000366325], [-92.78016051007735, 44.89786129985778], [-92.78015659701597, 44.897851846446834], [-92.78015463240044, 44.897847222827274], [-92.78015267676807, 44.89784261766108], [-92.78015121431079, 44.8978391776265], [-92.78015064208395, 44.8978380309483], [-92.78014837653281, 44.89783349768737], [-92.78014611098166, 44.897828963153444], [-92.78014498269768, 44.89782670606773], [-92.78014369361523, 44.897824473162714], [-92.78014112443353, 44.8978200219882], [-92.7801385543535, 44.897815570813314], [-92.78013791475301, 44.89781446231482], [-92.78013576238959, 44.89781118963511], [-92.78013289586553, 44.89780683200105], [-92.78013003023977, 44.89780247373031], [-92.78012647830113, 44.89779783674372], [-92.78012415974939, 44.89779481096179], [-92.78012184209595, 44.8977917845434], [-92.78012014338175, 44.897789566272785], [-92.78011944269582, 44.89778879566871], [-92.78011681602193, 44.89778590033537], [-92.7801141875514, 44.897783005001926], [-92.7801115590809, 44.897780110304694], [-92.780108932407, 44.89777721624362], [-92.78010277355742, 44.89776594862145], [-92.78004080148091, 44.89776752801042], [-92.77982816935484, 44.89777294833053]]]}, "properties": {"PIN": "2302820230002", "TAXPIN": "23.028.20.23.0002               ", "Acres_Poly": 0.36, "USE1_DESC": "958", "USE2_DESC": "", "PLAT_NAME": "AFTON", "BLOCK": "10", "LOT": "", "YEAR_BUILT": null, "SITUS_ADDRESS": "", "BLDG_NUM": "", "CITY": "CITY OF AFTON", "ZIP": ""}}, {"type": "Feature", "id": 80777, "geometry": {"type": "Polygon", "coordinates": [[[-92.78162319822692, 44.89959337128266], [-92.78162634951696, 44.89876997054901], [-92.78130272604595, 44.89877822560709], [-92.78129643783896, 44.898797962527986], [-92.78129868722044, 44.89882860097105], [-92.7812723549045, 44.89889318160635], [-92.78125552496766, 44.89895824513906], [-92.78128736844785, 44.89899233428002], [-92.78129282750983, 44.8990309552949], [-92.78129300896953, 44.89908344684658], [-92.78129091769154, 44.89913790649445], [-92.7812791785074, 44.89916842130991], [-92.78124998865057, 44.899205139605904], [-92.78122836799832, 44.89925663961088], [-92.78117012123528, 44.89932252103986], [-92.78114465938687, 44.89940102569363], [-92.78110842404325, 44.89945597436967], [-92.78107094812624, 44.89951806629767], [-92.78105372472729, 44.899542563892815], [-92.78104160106422, 44.89956353118905], [-92.7810357287772, 44.8995789866987], [-92.78102120301905, 44.899596670586234], [-92.78101517262854, 44.899608877053275], [-92.78162319822692, 44.89959337128266]]]}, "properties": {"PIN": "2302820230004", "TAXPIN": "23.028.20.23.0004               ", "Acres_Poly": 0.74, "USE1_DESC": "958", "USE2_DESC": "", "PLAT_NAME": "AFTON", "BLOCK": "4", "LOT": "", "YEAR_BUILT": null, "SITUS_ADDRESS": "", "BLDG_NUM": "", "CITY": "CITY OF AFTON", "ZIP": ""}}, {"type": "Feature", "id": 80778, "geometry": {"type": "MultiPolygon", "coordinates": [[[[-92.7795078876167, 44.90126363079393], [-92.77948087527609, 44.90129766575525], [-92.77943147242706, 44.90134325968047], [-92.77937815112674, 44.90139156864935], [-92.77929539203456, 44.901451622974726], [-92.77927598483116, 44.901473716455364], [-92.77925638808323, 44.90148680124879], [-92.77924057234435, 44.90150492486628], [-92.77922822679739, 44.90152583227144], [-92.77920230051998, 44.901577641346], [-92.77919225825342, 44.90160757838369], [-92.77917241626541, 44.90161465334416], [-92.7791489819146, 44.90162570005419], [-92.77911879043623, 44.90164044108725], [-92.77908245987119, 44.901663884075106], [-92.77901671217555, 44.90169806769223], [-92.77894439689685, 44.90172568665035], [-92.77889838967957, 44.901739032902974], [-92.7788711195225, 44.90174926958793], [-92.78014865411222, 44.9017167117312], [-92.78045740417707, 44.90170884014369], [-92.78145230362558, 44.90168347174898], [-92.78161521759395, 44.90167931738613], [-92.78161836708733, 44.90085591725526], [-92.78160344876541, 44.90085634675977], [-92.781135245941, 44.900869847199495], [-92.78128123654771, 44.90087030851906], [-92.78149065001011, 44.900873953261815], [-92.78152548667684, 44.900914305027904], [-92.78151333157273, 44.90096398813287], [-92.78149475620928, 44.901057651050266], [-92.78147579277365, 44.901173082898325], [-92.78145128313943, 44.90124417405454], [-92.78144235029225, 44.90125159966029], [-92.78140923210266, 44.901253052330084], [-92.78132754020903, 44.90125356391416], [-92.78111957213592, 44.901247931398466], [-92.78093271357369, 44.901242988629974], [-92.7807451947497, 44.9012355382075], [-92.78055626287578, 44.90122857582531], [-92.78037330479849, 44.901222166386034], [-92.78016263638963, 44.90121000352981], [-92.77996456864926, 44.90120195434549], [-92.77975179369108, 44.90118927162845], [-92.7796275405176, 44.90118789722187], [-92.77960520480637, 44.901196701059064], [-92.77957459740801, 44.90121494248333], [-92.77953328568472, 44.9012413393436], [-92.7795078876167, 44.90126363079393]]], [[[-92.778843936502, 44.90049569989108], [-92.7788481801434, 44.90053377139993], [-92.7788359136482, 44.90060922649536], [-92.77882278387202, 44.900673913938874], [-92.77882804081304, 44.900707497473014], [-92.77896995127173, 44.900703881353444], [-92.7801526722765, 44.900673738318694], [-92.78046141605313, 44.900665866588405], [-92.78143889177841, 44.90064094314726], [-92.78155412496811, 44.90063800405249], [-92.78161920880875, 44.90063634456789], [-92.78161925192788, 44.900624696995266], [-92.78162102610058, 44.90016106187568], [-92.7816185063262, 44.90018175151504], [-92.78160970732799, 44.90026024163315], [-92.78159882962821, 44.900336958887884], [-92.78158386728884, 44.90040588508557], [-92.78157450145369, 44.90043732887358], [-92.78155560000178, 44.90045092040366], [-92.78152687906552, 44.9004624210245], [-92.78147465550649, 44.900468954628344], [-92.78140703392516, 44.9004703455961], [-92.78129754636002, 44.900470358322266], [-92.78116581561012, 44.90047367157428], [-92.78102115091677, 44.90047186128007], [-92.78085145556634, 44.900472079533465], [-92.78069092123518, 44.90047162966424], [-92.78048877334678, 44.90047530433868], [-92.78030182495303, 44.90047561549293], [-92.78009414793405, 44.900473487681445], [-92.77990652939707, 44.900471788741044], [-92.77972558264771, 44.90047115307007], [-92.77956366850428, 44.900469187516826], [-92.77943631524475, 44.90046403088215], [-92.77929407151107, 44.90046474609164], [-92.77915281233098, 44.90046947067359], [-92.77906533708355, 44.900463533926114], [-92.77906349643553, 44.90046340857353], [-92.77904880987896, 44.90045777025365], [-92.77903063606243, 44.900411065905146], [-92.77901015986387, 44.900374847881345], [-92.77897797592217, 44.90036354577123], [-92.77894150162669, 44.90035570963177], [-92.77892594550092, 44.90035932322802], [-92.778919620463, 44.90036262248763], [-92.77890284712002, 44.90037137427392], [-92.77888376241181, 44.90039497049322], [-92.77886348384258, 44.90042631502322], [-92.77885014386061, 44.90046347665844], [-92.778843936502, 44.90049569989108]]], [[[-92.77890643588958, 44.89997480706313], [-92.77891523129453, 44.9000144232469], [-92.77892864763328, 44.90003180920646], [-92.77896905385477, 44.900055945157575], [-92.77900881149263, 44.90005755693553], [-92.7790571929572, 44.90004898772301], [-92.77906926631461, 44.90004334109039], [-92.7790753901299, 44.900035639169154], [-92.77908949367986, 44.900014749675165], [-92.77909651491213, 44.8999962985233], [-92.77911012169373, 44.899983408738635], [-92.77912927647054, 44.89997532502173], [-92.77919867761445, 44.899972952211336], [-92.77921341896825, 44.899972528426986], [-92.7793575365876, 44.899968383485216], [-92.77956004919199, 44.89996396174705], [-92.77967800876857, 44.89996277884133], [-92.77979345306237, 44.89996457324376], [-92.7798882109518, 44.89996142540379], [-92.78000514734728, 44.899958483092696], [-92.7801793504438, 44.899962058535145], [-92.78031677291933, 44.8999552951647], [-92.78044292153805, 44.89994918019645], [-92.78060238867067, 44.89994987123242], [-92.78069619704084, 44.89995083206513], [-92.78081217762886, 44.89995201942527], [-92.78103925376637, 44.8999520684214], [-92.7812466172733, 44.89995194115877], [-92.7814417008103, 44.899949452538465], [-92.7815718864579, 44.89995363056986], [-92.78160092809271, 44.89996365122636], [-92.78161850991945, 44.89998457828137], [-92.78162167648084, 44.89999103621832], [-92.78162170882018, 44.89998234736907], [-92.78162235830213, 44.899812944135206], [-92.78162056706147, 44.89981298994987], [-92.77955112622627, 44.899865751221036], [-92.7792334513991, 44.89987384767965], [-92.7789514414853, 44.89988103420837], [-92.77892673691667, 44.89990292976272], [-92.77890885954422, 44.89993779655461], [-92.77890643588958, 44.89997480706313]]]]}, "properties": {"PIN": "2302820230005", "TAXPIN": "23.028.20.23.0005               ", "Acres_Poly": 4.52, "USE1_DESC": "300", "USE2_DESC": "", "PLAT_NAME": "AFTON", "BLOCK": "5", "LOT": "", "YEAR_BUILT": null, "SITUS_ADDRESS": "16065 32ND ST S, CITY OF AFTON", "BLDG_NUM": "16065", "CITY": "CITY OF AFTON", "ZIP": "55001"}}, {"type": "Feature", "id": 80779, "geometry": {"type": "Polygon", "coordinates": [[[-92.78029145390306, 44.89803848802794], [-92.78032502753848, 44.89802488765527], [-92.78037872074133, 44.898025770887365], [-92.78042789721493, 44.89802899710243], [-92.78047327920477, 44.89802543172115], [-92.78050519544851, 44.89802373143573], [-92.78052879329269, 44.89801837859071], [-92.7805340888613, 44.89800371235286], [-92.78052101837392, 44.8979837129894], [-92.78050785086847, 44.89796927773229], [-92.78051921096356, 44.8979598377021], [-92.78054828224279, 44.897960895927326], [-92.78064576831574, 44.89795342662581], [-92.78074854456739, 44.8979627043916], [-92.7808276142787, 44.897983700899026], [-92.78085717603807, 44.897988741306875], [-92.78088978488287, 44.89797988925336], [-92.78091683405441, 44.897968999653884], [-92.78094091698887, 44.89796762644296], [-92.780955841599, 44.89797770344305], [-92.78094649462845, 44.8979998879818], [-92.78094259773674, 44.89803007314375], [-92.78093655476984, 44.89805507025878], [-92.78091774045453, 44.89807478388352], [-92.78092961169101, 44.89809914973627], [-92.78092804502916, 44.89812418563757], [-92.78091099231013, 44.898139142012575], [-92.78089888840998, 44.89815891733284], [-92.78091964218798, 44.89818733722481], [-92.78095144704062, 44.89822341472446], [-92.78098852590227, 44.898246016602144], [-92.78103041164903, 44.89825037229393], [-92.7810789107929, 44.89825995863268], [-92.78111893972198, 44.8982742379156], [-92.7811566096751, 44.898295255944575], [-92.78119625771848, 44.898330606686564], [-92.7812142428888, 44.898357412759076], [-92.78122928787315, 44.89839214431347], [-92.78122871834127, 44.89842395127453], [-92.78120502258069, 44.89846628629018], [-92.78118663586348, 44.89852457658593], [-92.78118708142784, 44.89856162109325], [-92.78162718944174, 44.89855039816779], [-92.78163032096882, 44.89772699713393], [-92.78055471148528, 44.89775442646214], [-92.78010277355742, 44.89776594862145], [-92.780108932407, 44.89777721624362], [-92.7801115590809, 44.897780110304694], [-92.7801141875514, 44.897783005001926], [-92.78011681602193, 44.89778590033537], [-92.78011944269582, 44.89778879566871], [-92.78012014338175, 44.897789566272785], [-92.78012184209595, 44.8977917845434], [-92.78012415974939, 44.89779481096179], [-92.78012647830113, 44.89779783674372], [-92.78013003023977, 44.89780247373031], [-92.78013289586553, 44.89780683200105], [-92.78013576238959, 44.89781118963511], [-92.78013791475301, 44.89781446231482], [-92.7801385543535, 44.897815570813314], [-92.78014112443353, 44.8978200219882], [-92.78014369361523, 44.897824473162714], [-92.78014498269768, 44.89782670606773], [-92.78014611098166, 44.897828963153444], [-92.78014837653281, 44.89783349768737], [-92.78015064208395, 44.8978380309483], [-92.78015121431079, 44.8978391776265], [-92.78015267676807, 44.89784261766108], [-92.78015463240044, 44.897847222827274], [-92.78015659701597, 44.897851846446834], [-92.78016051007735, 44.89786129985778], [-92.78016411052502, 44.89787000366325], [-92.78016445637641, 44.89787074626746], [-92.78016881230721, 44.89788010167952], [-92.78017247563693, 44.897887971245865], [-92.78017323740829, 44.897889439272724], [-92.78017803081865, 44.89789868650467], [-92.78018168247029, 44.89790573074109], [-92.78018292753528, 44.89790790382738], [-92.78019172294022, 44.897923260513714], [-92.78019629177176, 44.89793039128872], [-92.78020086239992, 44.89793752460818], [-92.7802042652182, 44.89794283609894], [-92.78020555250401, 44.897944613383295], [-92.78021059744265, 44.89795158189019], [-92.7802156423813, 44.89795855103259], [-92.78021811185, 44.897961961152234], [-92.78022092267851, 44.89796542790552], [-92.78022643114785, 44.897972216327084], [-92.78023322959793, 44.8979805949487], [-92.78023977741803, 44.897987857437904], [-92.78024632793309, 44.897995121198825], [-92.78025036047039, 44.89799959399519], [-92.78025305272129, 44.89800229969002], [-92.78026006047884, 44.898009342641096], [-92.78026706823634, 44.8980163862276], [-92.7802686932887, 44.89801801842544], [-92.780274418252, 44.89802324845795], [-92.7802881894253, 44.89803582942359], [-92.78028904372314, 44.898036526209566], [-92.7802898989193, 44.89803722299554], [-92.78029145390306, 44.89803848802794]]]}, "properties": {"PIN": "2302820230006", "TAXPIN": "23.028.20.23.0006               ", "Acres_Poly": 1.46, "USE1_DESC": "958", "USE2_DESC": "", "PLAT_NAME": "AFTON", "BLOCK": "3", "LOT": "", "YEAR_BUILT": null, "SITUS_ADDRESS": "", "BLDG_NUM": "", "CITY": "CITY OF AFTON", "ZIP": ""}}, {"type": "Feature", "id": 80780, "geometry": {"type": "Polygon", "coordinates": [[[-92.78067784176463, 44.894513375440276], [-92.78067477491625, 44.89532088984134], [-92.78067179520446, 44.896105755193496], [-92.7806703399337, 44.89648905507472], [-92.78163509461623, 44.89646445181697], [-92.78163784256269, 44.895674550113974], [-92.7816396122438, 44.89523000358606], [-92.7816425632095, 44.89448898643141], [-92.78067784176463, 44.894513375440276]]]}, "properties": {"PIN": "2302820320001", "TAXPIN": "23.028.20.32.0001               ", "Acres_Poly": 4.13, "USE1_DESC": "958", "USE2_DESC": "", "PLAT_NAME": "AFTON", "BLOCK": "1", "LOT": "", "YEAR_BUILT": null, "SITUS_ADDRESS": "", "BLDG_NUM": "", "CITY": "CITY OF AFTON", "ZIP": ""}}, {"type": "Feature", "id": 80781, "geometry": {"type": "Polygon", "coordinates": [[[-92.78031519188444, 44.89452254303216], [-92.78028487194698, 44.894541655222845], [-92.78025368962683, 44.894556996898864], [-92.78023017712258, 44.894567341773175], [-92.7802109531755, 44.894585062202495], [-92.78020152086502, 44.894604374193285], [-92.78021428053532, 44.89463850091585], [-92.78023531997758, 44.89466066319716], [-92.78027638286754, 44.8946968542745], [-92.78029947496022, 44.89473296069174], [-92.78031769009924, 44.894766337057284], [-92.78033309620638, 44.89480899167803], [-92.78034014259146, 44.89487289909464], [-92.78032274132607, 44.894929726203536], [-92.78025500296377, 44.895012261244275], [-92.7801333180737, 44.89509764263518], [-92.77999045360417, 44.89517634778519], [-92.77986690111663, 44.8952276547617], [-92.77980949787167, 44.89525139245582], [-92.77977494237763, 44.89527794732699], [-92.77977083977173, 44.89531044455701], [-92.7797771387585, 44.895336023854725], [-92.77978128358522, 44.89535927214032], [-92.77979143185298, 44.89538153850744], [-92.77982146612618, 44.89543262002839], [-92.77985071167856, 44.89545094982666], [-92.7798543336858, 44.89547187152415], [-92.77984825209134, 44.89548191077988], [-92.77983494624534, 44.895486617953104], [-92.77981014016709, 44.89549590184412], [-92.77979795002868, 44.89550805190914], [-92.77979171841555, 44.89552200796718], [-92.7797973634288, 44.895540825190146], [-92.77980220714481, 44.89554562399467], [-92.77982667186328, 44.89555560341952], [-92.77984466781335, 44.895572780091626], [-92.77988056449209, 44.895593122019626], [-92.77990941837902, 44.89561340221341], [-92.77992761645005, 44.89563908892134], [-92.77994932873047, 44.89568472615172], [-92.77995699764806, 44.895728332085554], [-92.77996230848801, 44.89578543134715], [-92.77995787350547, 44.89581691966165], [-92.77993881933996, 44.89585878314614], [-92.77990222017867, 44.89591700290407], [-92.77986073508052, 44.89597292726321], [-92.77985146626342, 44.89599911844145], [-92.77982417814002, 44.89604841252552], [-92.77979642019774, 44.896084944452575], [-92.77976190692453, 44.896144436055536], [-92.77972840245938, 44.89620693500833], [-92.77969283636065, 44.896266418212534], [-92.77963929946466, 44.89632698506458], [-92.77962449882205, 44.896347369997805], [-92.77961715239967, 44.89638408500443], [-92.77960811983947, 44.89641678333298], [-92.77959220528591, 44.89646017617018], [-92.77957183239356, 44.896497024738586], [-92.77955613882555, 44.896517459246894], [-92.78039962902957, 44.89649585576127], [-92.7806703399337, 44.89648905507472], [-92.78067179520446, 44.896105755193496], [-92.78067477491625, 44.89532088984134], [-92.78067784176463, 44.894513375440276], [-92.78031519188444, 44.89452254303216]]]}, "properties": {"PIN": "2302820320002", "TAXPIN": "23.028.20.32.0002               ", "Acres_Poly": 3.1, "USE1_DESC": "958", "USE2_DESC": "", "PLAT_NAME": "AFTON", "BLOCK": "1", "LOT": "", "YEAR_BUILT": null, "SITUS_ADDRESS": "", "BLDG_NUM": "", "CITY": "CITY OF AFTON", "ZIP": ""}}, {"type": "Feature", "id": 80782, "geometry": {"type": "Polygon", "coordinates": [[[-92.78032219245546, 44.89671748312229], [-92.78032065813295, 44.89712087277552], [-92.78031905913173, 44.89754088270369], [-92.78163115101212, 44.89750742458797], [-92.78163392141649, 44.896774654581755], [-92.78163426457292, 44.89668402452747], [-92.78047655266566, 44.896713547941], [-92.78032219245546, 44.89671748312229]]]}, "properties": {"PIN": "2302820320003", "TAXPIN": "23.028.20.32.0003               ", "Acres_Poly": 2.34, "USE1_DESC": "958", "USE2_DESC": "", "PLAT_NAME": "AFTON", "BLOCK": "1", "LOT": "", "YEAR_BUILT": null, "SITUS_ADDRESS": "", "BLDG_NUM": "", "CITY": "CITY OF AFTON", "ZIP": ""}}, {"type": "Feature", "id": 80783, "geometry": {"type": "Polygon", "coordinates": [[[-92.7795055187593, 44.897466775805185], [-92.77953304942781, 44.89750205642275], [-92.77953937536404, 44.897542148383366], [-92.7795494346986, 44.897560501053846], [-92.77978708400701, 44.89755444373779], [-92.78031905913173, 44.89754088270369], [-92.78032065813295, 44.89712087277552], [-92.78032219245546, 44.89671748312229], [-92.78028931321775, 44.896718321830065], [-92.77959520476062, 44.8967360155063], [-92.77959553534066, 44.89674570773135], [-92.77958013821669, 44.896799615334345], [-92.77956491267093, 44.89684376831787], [-92.77954559260412, 44.89686110814642], [-92.77950974712934, 44.896877298090594], [-92.77946636748428, 44.896901176372765], [-92.77944210309013, 44.89691947197661], [-92.7794036453145, 44.89696341232846], [-92.779381340146, 44.896990236219686], [-92.77936284563091, 44.89704011043734], [-92.77935220957797, 44.897103071039155], [-92.77935069052681, 44.897168364408586], [-92.77934587735352, 44.89718133182189], [-92.77933546408275, 44.897192747826665], [-92.77933586832464, 44.89720951611362], [-92.77934392082282, 44.89723160867899], [-92.77935618552141, 44.89725449030104], [-92.77938543736201, 44.89729203706445], [-92.7794135429523, 44.89733457908828], [-92.77943890149446, 44.89737309176595], [-92.77944002888015, 44.89738886539872], [-92.77943345770383, 44.89740181876277], [-92.77943137630731, 44.897419815126995], [-92.77943127839096, 44.89742531884054], [-92.77943188655041, 44.89743057947132], [-92.77943566216955, 44.897435868736984], [-92.7794503478278, 44.897441506716895], [-92.77946125247705, 44.89744210424089], [-92.77947401843555, 44.89743696451593], [-92.7795055187593, 44.897466775805185]]]}, "properties": {"PIN": "2302820320004", "TAXPIN": "23.028.20.32.0004               ", "Acres_Poly": 1.57, "USE1_DESC": "958", "USE2_DESC": "", "PLAT_NAME": "AFTON", "BLOCK": "11", "LOT": "", "YEAR_BUILT": null, "SITUS_ADDRESS": "", "BLDG_NUM": "", "CITY": "CITY OF AFTON", "ZIP": ""}}, {"type": "Feature", "id": 80785, "geometry": {"type": "Polygon", "coordinates": [[[-92.78140560290892, 44.89245565700109], [-92.78099456527595, 44.892465959614874], [-92.78100105380724, 44.892477002355086], [-92.78103723884519, 44.89251797731751], [-92.78108964027065, 44.892581595174995], [-92.78117586236826, 44.892690500006516], [-92.78125927812891, 44.892799725373436], [-92.78134820146057, 44.89292458347509], [-92.78140832749918, 44.89301394412926], [-92.78144844536146, 44.893072048399], [-92.7814595638097, 44.893106939697425], [-92.78144395917492, 44.8932063619948], [-92.78142290266466, 44.89330652996533], [-92.78141781909846, 44.893386640160806], [-92.78141679142578, 44.89344005771432], [-92.78142454119174, 44.893486161887004], [-92.78141711212433, 44.893524840692834], [-92.78142079881027, 44.89354832071798], [-92.7818004537988, 44.893549519028845], [-92.78180046188362, 44.893546962038336], [-92.78207795416984, 44.89354000508897], [-92.78211503123488, 44.89353907469556], [-92.78180229624344, 44.89306156579562], [-92.78173560980831, 44.89295974278333], [-92.78144262607505, 44.89245472913572], [-92.78140560290892, 44.89245565700109]]]}, "properties": {"PIN": "2302820330006", "TAXPIN": "23.028.20.33.0006               ", "Acres_Poly": 1.07, "USE1_DESC": "140", "USE2_DESC": "", "PLAT_NAME": "", "BLOCK": "", "LOT": "", "YEAR_BUILT": null, "SITUS_ADDRESS": "", "BLDG_NUM": "", "CITY": "CITY OF AFTON", "ZIP": ""}}]}