{"type": "FeatureCollection", "features": [{"type": "Feature", "id": 142, "geometry": {"type": "LineString", "coordinates": [[-92.78317102061429, 44.904911562080706], [-92.78323918567638, 44.90439828589089], [-92.78320238978402, 44.903891668768445]]}, "properties": {"OBJECTID": 142, "ROUTE_ID": null, "UNIQUE_ID": "4A50ED9B-3C18-4ECA-8104-EB23D0CF452D", "ROUTE_SYS": "07", "ROUTE_DIR": null, "DIR_RTE_ID": null, "LOC_STATE": null, "PRIME_STAT": null, "ST_PRE_MOD": null, "ST_PRE_DIR": null, "ST_PRE_TYP": null, "ST_NAME": "Saint Croix", "ST_POS_TYP": "Trail", "ST_POS_DIR": "South", "ST_POS_MOD": null, "ST_CONCAT": "Saint Croix Trail South", "ST_NAME_A1": "County Road 18", "A1_MSAG_YN": null, "ST_NAME_A2": "St Croix Trl S", "A2_MSAG_YN": null, "ST_NAME_A3": null, "A3_MSAG_YN": null, "CFCC": "A31", "WCFC": "A3", "CTY_RTE": null, "ST_RTE": null, "FED_RTE": null, "ADR_FR_L": 3051, "ADR_TO_L": 3099, "ADR_FR_R": 3050, "ADR_TO_R": 3098, "ZIP_L": "55001", "ZIP_R": "55001", "CITYID_L": "2393887", "CITYID_R": "2393887", "CITY_L": "Afton", "CITY_R": "Afton", "COUNTY_L": "163", "COUNTY_R": "163", "CTYNAME_L": "Washington", "CTYNAME_R": "Washington", "STATE_L": "MN", "STATE_R": "MN", "PARITY_L": "O", "PARITY_R": "E", "POSTCOMM_L": "Afton", "POSTCOMM_R": "Afton", "ELEV_FROM": 0, "ELEV_TO": 0, "WC_ONEWAY": null, "WC_SPEED": null, "COMMENTS": null, "ONEWAY": "B", "SPEED_IMP": 45, "EMERG_ACC": null, "SPEEDLIMIT": 45, "ROUTE_NAME": "CR", "ROUTE_NUM": "18", "ESN_L": "3", "ESN_R": "3", "MSAG_C_L": "Afton", "MSAG_C_R": "Afton", "PSAP_L": "WASH", "PSAP_R": "WASH", "PS_STNAME": "SAINT CROIX TRL S", "PS_ALT_NM": "CO RD 18", "PS_ALT_NM2": "CO RD 21", "STATUS": "Active", "ACT_DATE": -2208988800000, "RET_DATE": null, "EDITED_BY": "SDELOADER\\TASIEBE", "EDITED_DT": 1376524800000, "SOURCE": "Washington", "FUNCTIONAL": "4214", "SURF_TYPE": "Paved", "created_user": null, "created_date": null, "last_edited_user": "DDMATZE", "last_edited_date": 1707418273000, "PS_MUNICODE_L": "A", "PS_MUNICODE_R": "A", "PD_LEFT": null, "PD_RIGHT": null, "FD_LEFT": null, "FD_RIGHT": null, "EMS_LEFT": null, "EMS_RIGHT": null, "L_SERV_AREA": null, "R_SERV_AREA": null, "Shape_Length": 160.7554815669098}}, {"type": "Feature", "id": 143, "geometry": {"type": "LineString", "coordinates": [[-92.78391856805102, 44.90492944284054], [-92.78364670191344, 44.90493438847329], [-92.78317102061429, 44.904911562080706]]}, "properties": {"OBJECTID": 143, "ROUTE_ID": null, "UNIQUE_ID": "0BE5D407-D369-427E-9B69-654788FAA233", "ROUTE_SYS": "10", "ROUTE_DIR": null, "DIR_RTE_ID": null, "LOC_STATE": null, "PRIME_STAT": null, "ST_PRE_MOD": null, "ST_PRE_DIR": null, "ST_PRE_TYP": null, "ST_NAME": "Private", "ST_POS_TYP": null, "ST_POS_DIR": null, "ST_POS_MOD": null, "ST_CONCAT": "Private", "ST_NAME_A1": null, "A1_MSAG_YN": null, "ST_NAME_A2": null, "A2_MSAG_YN": null, "ST_NAME_A3": null, "A3_MSAG_YN": null, "CFCC": null, "WCFC": "A4", "CTY_RTE": null, "ST_RTE": null, "FED_RTE": null, "ADR_FR_L": 0, "ADR_TO_L": 0, "ADR_FR_R": 0, "ADR_TO_R": 0, "ZIP_L": "55001", "ZIP_R": "55001", "CITYID_L": "2393887", "CITYID_R": "2393887", "CITY_L": "Afton", "CITY_R": "Afton", "COUNTY_L": "163", "COUNTY_R": "163", "CTYNAME_L": "Washington", "CTYNAME_R": "Washington", "STATE_L": "MN", "STATE_R": "MN", "PARITY_L": "Z", "PARITY_R": "Z", "POSTCOMM_L": "Afton", "POSTCOMM_R": "Afton", "ELEV_FROM": 0, "ELEV_TO": 0, "WC_ONEWAY": null, "WC_SPEED": null, "COMMENTS": null, "ONEWAY": "B", "SPEED_IMP": 30, "EMERG_ACC": null, "SPEEDLIMIT": 30, "ROUTE_NAME": "M", "ROUTE_NUM": null, "ESN_L": "3", "ESN_R": "3", "MSAG_C_L": "Afton", "MSAG_C_R": "Afton", "PSAP_L": "WASH", "PSAP_R": "WASH", "PS_STNAME": "PRIVATE", "PS_ALT_NM": null, "PS_ALT_NM2": null, "STATUS": "Active", "ACT_DATE": -2208988800000, "RET_DATE": null, "EDITED_BY": "SDE\\TASIEBE", "EDITED_DT": 1337817600000, "SOURCE": "Washington", "FUNCTIONAL": "7000", "SURF_TYPE": null, "created_user": null, "created_date": null, "last_edited_user": "DDMATZE", "last_edited_date": 1707418273000, "PS_MUNICODE_L": "A", "PS_MUNICODE_R": "A", "PD_LEFT": null, "PD_RIGHT": null, "FD_LEFT": null, "FD_RIGHT": null, "EMS_LEFT": null, "EMS_RIGHT": null, "L_SERV_AREA": null, "R_SERV_AREA": null, "Shape_Length": 83.34797331648184}}, {"type": "Feature", "id": 144, "geometry": {"type": "LineString", "coordinates": [[-92.78320238978402, 44.903891668768445], [-92.78323748426723, 44.902830402918106]]}, "properties": {"OBJECTID": 144, "ROUTE_ID": null, "UNIQUE_ID": "97EF02D8-C8F5-4B3F-BD1A-7DA1B2C225E1", "ROUTE_SYS": "07", "ROUTE_DIR": null, "DIR_RTE_ID": null, "LOC_STATE": null, "PRIME_STAT": null, "ST_PRE_MOD": null, "ST_PRE_DIR": null, "ST_PRE_TYP": null, "ST_NAME": "Saint Croix", "ST_POS_TYP": "Trail", "ST_POS_DIR": "South", "ST_POS_MOD": null, "ST_CONCAT": "Saint Croix Trail South", "ST_NAME_A1": "County Road 18", "A1_MSAG_YN": null, "ST_NAME_A2": "St Croix Trl S", "A2_MSAG_YN": null, "ST_NAME_A3": null, "A3_MSAG_YN": null, "CFCC": "A31", "WCFC": "A3", "CTY_RTE": null, "ST_RTE": null, "FED_RTE": null, "ADR_FR_L": 3101, "ADR_TO_L": 3149, "ADR_FR_R": 3100, "ADR_TO_R": 3148, "ZIP_L": "55001", "ZIP_R": "55001", "CITYID_L": "2393887", "CITYID_R": "2393887", "CITY_L": "Afton", "CITY_R": "Afton", "COUNTY_L": "163", "COUNTY_R": "163", "CTYNAME_L": "Washington", "CTYNAME_R": "Washington", "STATE_L": "MN", "STATE_R": "MN", "PARITY_L": "O", "PARITY_R": "E", "POSTCOMM_L": "Afton", "POSTCOMM_R": "Afton", "ELEV_FROM": 0, "ELEV_TO": 0, "WC_ONEWAY": null, "WC_SPEED": null, "COMMENTS": null, "ONEWAY": "B", "SPEED_IMP": 45, "EMERG_ACC": null, "SPEEDLIMIT": 45, "ROUTE_NAME": "CR", "ROUTE_NUM": "18", "ESN_L": "3", "ESN_R": "3", "MSAG_C_L": "Afton", "MSAG_C_R": "Afton", "PSAP_L": "WASH", "PSAP_R": "WASH", "PS_STNAME": "SAINT CROIX TRL S", "PS_ALT_NM": "CO RD 18", "PS_ALT_NM2": "CO RD 21", "STATUS": "Active", "ACT_DATE": -2208988800000, "RET_DATE": null, "EDITED_BY": "SDELOADER\\TASIEBE", "EDITED_DT": 1376524800000, "SOURCE": "Washington", "FUNCTIONAL": "4214", "SURF_TYPE": "Paved", "created_user": null, "created_date": null, "last_edited_user": "DDMATZE", "last_edited_date": 1707418273000, "PS_MUNICODE_L": "A", "PS_MUNICODE_R": "A", "PD_LEFT": null, "PD_RIGHT": null, "FD_LEFT": null, "FD_RIGHT": null, "EMS_LEFT": null, "EMS_RIGHT": null, "L_SERV_AREA": null, "R_SERV_AREA": null, "Shape_Length": 166.83924582280918}}, {"type": "Feature", "id": 148, "geometry": {"type": "LineString", "coordinates": [[-92.78142082126814, 44.90175162132738], [-92.78142550418572, 44.90149833156833]]}, "properties": {"OBJECTID": 148, "ROUTE_ID": null, "UNIQUE_ID": "A02A1AA3-DF9E-4BF3-9E45-8F8C4AB56D3D", "ROUTE_SYS": "10", "ROUTE_DIR": null, "DIR_RTE_ID": null, "LOC_STATE": null, "PRIME_STAT": null, "ST_PRE_MOD": null, "ST_PRE_DIR": null, "ST_PRE_TYP": null, "ST_NAME": "Marina Access", "ST_POS_TYP": null, "ST_POS_DIR": null, "ST_POS_MOD": null, "ST_CONCAT": "Marina Access", "ST_NAME_A1": null, "A1_MSAG_YN": null, "ST_NAME_A2": null, "A2_MSAG_YN": null, "ST_NAME_A3": null, "A3_MSAG_YN": null, "CFCC": null, "WCFC": "A4", "CTY_RTE": null, "ST_RTE": null, "FED_RTE": null, "ADR_FR_L": 0, "ADR_TO_L": 0, "ADR_FR_R": 0, "ADR_TO_R": 0, "ZIP_L": "55001", "ZIP_R": "55001", "CITYID_L": "2393887", "CITYID_R": "2393887", "CITY_L": "Afton", "CITY_R": "Afton", "COUNTY_L": "163", "COUNTY_R": "163", "CTYNAME_L": "Washington", "CTYNAME_R": "Washington", "STATE_L": "MN", "STATE_R": "MN", "PARITY_L": "Z", "PARITY_R": "Z", "POSTCOMM_L": "Afton", "POSTCOMM_R": "Afton", "ELEV_FROM": 0, "ELEV_TO": 0, "WC_ONEWAY": null, "WC_SPEED": null, "COMMENTS": null, "ONEWAY": "B", "SPEED_IMP": 30, "EMERG_ACC": null, "SPEEDLIMIT": 30, "ROUTE_NAME": "M", "ROUTE_NUM": null, "ESN_L": "3", "ESN_R": "3", "MSAG_C_L": "Afton", "MSAG_C_R": "Afton", "PSAP_L": "WASH", "PSAP_R": "WASH", "PS_STNAME": "MARINA ACCESS", "PS_ALT_NM": null, "PS_ALT_NM2": null, "STATUS": "Active", "ACT_DATE": -2208988800000, "RET_DATE": null, "EDITED_BY": "SDE\\TASIEBE", "EDITED_DT": 1337817600000, "SOURCE": "Washington", "FUNCTIONAL": "7000", "SURF_TYPE": null, "created_user": null, "created_date": null, "last_edited_user": "DDMATZE", "last_edited_date": 1707418273000, "PS_MUNICODE_L": "A", "PS_MUNICODE_R": "A", "PD_LEFT": null, "PD_RIGHT": null, "FD_LEFT": null, "FD_RIGHT": null, "EMS_LEFT": null, "EMS_RIGHT": null, "L_SERV_AREA": null, "R_SERV_AREA": null, "Shape_Length": 39.81041324814566}}, {"type": "Feature", "id": 149, "geometry": {"type": "LineString", "coordinates": [[-92.77961957964756, 44.90166331840966], [-92.77962954555733, 44.901569602393906], [-92.7796413671206, 44.90152042346337], [-92.77965740186168, 44.901472452600906], [-92.77967752937636, 44.90142605001779], [-92.77970159852794, 44.90138156414914], [-92.77973526042172, 44.901361389700405], [-92.77977114467002, 44.90134550095598], [-92.77980870825253, 44.90133413835313], [-92.77986791961118, 44.901328797287896], [-92.77992736751654, 44.90132812014703], [-92.77998668517156, 44.90133211110851], [-92.78028095464171, 44.90135788131417], [-92.78057452023562, 44.90139071219341], [-92.78128231362774, 44.90147224088449], [-92.78135443752281, 44.90148238508241], [-92.78142550418572, 44.90149833156833]]}, "properties": {"OBJECTID": 149, "ROUTE_ID": null, "UNIQUE_ID": "5105902F-F310-4732-B7BD-1E634C75100F", "ROUTE_SYS": "10", "ROUTE_DIR": null, "DIR_RTE_ID": null, "LOC_STATE": null, "PRIME_STAT": null, "ST_PRE_MOD": null, "ST_PRE_DIR": null, "ST_PRE_TYP": null, "ST_NAME": "Marina Access", "ST_POS_TYP": null, "ST_POS_DIR": null, "ST_POS_MOD": null, "ST_CONCAT": "Marina Access", "ST_NAME_A1": null, "A1_MSAG_YN": null, "ST_NAME_A2": null, "A2_MSAG_YN": null, "ST_NAME_A3": null, "A3_MSAG_YN": null, "CFCC": null, "WCFC": "A4", "CTY_RTE": null, "ST_RTE": null, "FED_RTE": null, "ADR_FR_L": 0, "ADR_TO_L": 0, "ADR_FR_R": 0, "ADR_TO_R": 0, "ZIP_L": "55001", "ZIP_R": "55001", "CITYID_L": "2393887", "CITYID_R": "2393887", "CITY_L": "Afton", "CITY_R": "Afton", "COUNTY_L": "163", "COUNTY_R": "163", "CTYNAME_L": "Washington", "CTYNAME_R": "Washington", "STATE_L": "MN", "STATE_R": "MN", "PARITY_L": "Z", "PARITY_R": "Z", "POSTCOMM_L": "Afton", "POSTCOMM_R": "Afton", "ELEV_FROM": 0, "ELEV_TO": 0, "WC_ONEWAY": null, "WC_SPEED": null, "COMMENTS": null, "ONEWAY": "B", "SPEED_IMP": 30, "EMERG_ACC": null, "SPEEDLIMIT": 30, "ROUTE_NAME": "M", "ROUTE_NUM": null, "ESN_L": "3", "ESN_R": "3", "MSAG_C_L": "Afton", "MSAG_C_R": "Afton", "PSAP_L": "WASH", "PSAP_R": "WASH", "PS_STNAME": "MARINA ACCESS", "PS_ALT_NM": null, "PS_ALT_NM2": null, "STATUS": "Active", "ACT_DATE": -2208988800000, "RET_DATE": null, "EDITED_BY": "SDE\\TASIEBE", "EDITED_DT": 1337817600000, "SOURCE": "Washington", "FUNCTIONAL": "7000", "SURF_TYPE": null, "created_user": null, "created_date": null, "last_edited_user": "DDMATZE", "last_edited_date": 1707418273000, "PS_MUNICODE_L": "A", "PS_MUNICODE_R": "A", "PD_LEFT": null, "PD_RIGHT": null, "FD_LEFT": null, "FD_RIGHT": null, "EMS_LEFT": null, "EMS_RIGHT": null, "L_SERV_AREA": null, "R_SERV_AREA": null, "Shape_Length": 241.97896675540755}}, {"type": "Feature", "id": 150, "geometry": {"type": "LineString", "coordinates": [[-92.7816878427914, 44.900677307989874], [-92.78172435542142, 44.90046849478092], [-92.78175766755389, 44.900259147150855], [-92.7817877713836, 44.90004931415102], [-92.78178904346004, 44.900026263471815], [-92.78178666577922, 44.90000330048803], [-92.78178069780378, 44.89998099947327], [-92.78177128878481, 44.899959918146166], [-92.78175867402935, 44.899940583722596], [-92.7817431690156, 44.89992347973071], [-92.78172516150326, 44.89990903391852], [-92.7816907774597, 44.899887522881414], [-92.78165382980703, 44.89987079392059], [-92.78161497979758, 44.89985914643439], [-92.78157492273024, 44.89985278887792], [-92.78153437550657, 44.899851835032436], [-92.78082484877834, 44.89985107141696], [-92.78011534727645, 44.899845039833295], [-92.77976257190097, 44.899847661714], [-92.77940988860571, 44.89985613715219], [-92.7793460685852, 44.89985856950899], [-92.77928254892342, 44.899865215104946], [-92.77921960746224, 44.89987604487148]]}, "properties": {"OBJECTID": 150, "ROUTE_ID": null, "UNIQUE_ID": "AB0FF368-3487-4576-A9BD-0EEA8B9719C0", "ROUTE_SYS": "10", "ROUTE_DIR": null, "DIR_RTE_ID": null, "LOC_STATE": null, "PRIME_STAT": null, "ST_PRE_MOD": null, "ST_PRE_DIR": null, "ST_PRE_TYP": null, "ST_NAME": "Marina Access", "ST_POS_TYP": null, "ST_POS_DIR": null, "ST_POS_MOD": null, "ST_CONCAT": "Marina Access", "ST_NAME_A1": null, "A1_MSAG_YN": null, "ST_NAME_A2": null, "A2_MSAG_YN": null, "ST_NAME_A3": null, "A3_MSAG_YN": null, "CFCC": null, "WCFC": "A4", "CTY_RTE": null, "ST_RTE": null, "FED_RTE": null, "ADR_FR_L": 0, "ADR_TO_L": 0, "ADR_FR_R": 0, "ADR_TO_R": 0, "ZIP_L": "55001", "ZIP_R": "55001", "CITYID_L": "2393887", "CITYID_R": "2393887", "CITY_L": "Afton", "CITY_R": "Afton", "COUNTY_L": "163", "COUNTY_R": "163", "CTYNAME_L": "Washington", "CTYNAME_R": "Washington", "STATE_L": "MN", "STATE_R": "MN", "PARITY_L": "Z", "PARITY_R": "Z", "POSTCOMM_L": "Afton", "POSTCOMM_R": "Afton", "ELEV_FROM": 0, "ELEV_TO": 0, "WC_ONEWAY": null, "WC_SPEED": null, "COMMENTS": null, "ONEWAY": "B", "SPEED_IMP": 30, "EMERG_ACC": null, "SPEEDLIMIT": 30, "ROUTE_NAME": "M", "ROUTE_NUM": null, "ESN_L": "3", "ESN_R": "3", "MSAG_C_L": "Afton", "MSAG_C_R": "Afton", "PSAP_L": "WASH", "PSAP_R": "WASH", "PS_STNAME": "MARINA ACCESS", "PS_ALT_NM": null, "PS_ALT_NM2": null, "STATUS": "Active", "ACT_DATE": -2208988800000, "RET_DATE": null, "EDITED_BY": "SDE\\TASIEBE", "EDITED_DT": 1337817600000, "SOURCE": "Washington", "FUNCTIONAL": "7000", "SURF_TYPE": null, "created_user": null, "created_date": null, "last_edited_user": "DDMATZE", "last_edited_date": 1707418273000, "PS_MUNICODE_L": "A", "PS_MUNICODE_R": "A", "PD_LEFT": null, "PD_RIGHT": null, "FD_LEFT": null, "FD_RIGHT": null, "EMS_LEFT": null, "EMS_RIGHT": null, "L_SERV_AREA": null, "R_SERV_AREA": null, "Shape_Length": 404.9857699055212}}, {"type": "Feature", "id": 151, "geometry": {"type": "LineString", "coordinates": [[-92.78324438512523, 44.89761966277938], [-92.78325969690925, 44.896562423794]]}, "properties": {"OBJECTID": 151, "ROUTE_ID": null, "UNIQUE_ID": "A681871B-FC7B-49C9-B843-31B7A9A898A9", "ROUTE_SYS": "04", "ROUTE_DIR": null, "DIR_RTE_ID": null, "LOC_STATE": null, "PRIME_STAT": null, "ST_PRE_MOD": null, "ST_PRE_DIR": null, "ST_PRE_TYP": null, "ST_NAME": "Saint Croix", "ST_POS_TYP": "Trail", "ST_POS_DIR": "South", "ST_POS_MOD": null, "ST_CONCAT": "Saint Croix Trail South", "ST_NAME_A1": "CSAH 21", "A1_MSAG_YN": null, "ST_NAME_A2": "St Croix Trl S", "A2_MSAG_YN": null, "ST_NAME_A3": null, "A3_MSAG_YN": null, "CFCC": "A31", "WCFC": "A3", "CTY_RTE": "21", "ST_RTE": null, "FED_RTE": null, "ADR_FR_L": 3501, "ADR_TO_L": 3599, "ADR_FR_R": 3500, "ADR_TO_R": 3598, "ZIP_L": "55001", "ZIP_R": "55001", "CITYID_L": "2393887", "CITYID_R": "2393887", "CITY_L": "Afton", "CITY_R": "Afton", "COUNTY_L": "163", "COUNTY_R": "163", "CTYNAME_L": "Washington", "CTYNAME_R": "Washington", "STATE_L": "MN", "STATE_R": "MN", "PARITY_L": "O", "PARITY_R": "E", "POSTCOMM_L": "Afton", "POSTCOMM_R": "Afton", "ELEV_FROM": 0, "ELEV_TO": 0, "WC_ONEWAY": null, "WC_SPEED": null, "COMMENTS": null, "ONEWAY": "B", "SPEED_IMP": 45, "EMERG_ACC": null, "SPEEDLIMIT": 45, "ROUTE_NAME": "CSAH", "ROUTE_NUM": "21", "ESN_L": "3", "ESN_R": "3", "MSAG_C_L": "Afton", "MSAG_C_R": "Afton", "PSAP_L": "WASH", "PSAP_R": "WASH", "PS_STNAME": "SAINT CROIX TRL S", "PS_ALT_NM": "CO RD 21", "PS_ALT_NM2": null, "STATUS": "Active", "ACT_DATE": -2208988800000, "RET_DATE": null, "EDITED_BY": "SDELOADER\\TASIEBE", "EDITED_DT": 1376524800000, "SOURCE": "Washington", "FUNCTIONAL": "4214", "SURF_TYPE": "Paved", "created_user": null, "created_date": null, "last_edited_user": "DDMATZE", "last_edited_date": 1707418273000, "PS_MUNICODE_L": "A", "PS_MUNICODE_R": "A", "PD_LEFT": null, "PD_RIGHT": null, "FD_LEFT": null, "FD_RIGHT": null, "EMS_LEFT": null, "EMS_RIGHT": null, "L_SERV_AREA": null, "R_SERV_AREA": null, "Shape_Length": 166.15124322709408}}, {"type": "Feature", "id": 152, "geometry": {"type": "LineString", "coordinates": [[-92.78325969690925, 44.896562423794], [-92.78326541243678, 44.89611932176507], [-92.7832772670579, 44.89567634146837], [-92.78328130947668, 44.89556239467102]]}, "properties": {"OBJECTID": 152, "ROUTE_ID": null, "UNIQUE_ID": "5C783CD4-94A4-47AD-9250-CA802D8CDBB1", "ROUTE_SYS": "04", "ROUTE_DIR": null, "DIR_RTE_ID": null, "LOC_STATE": null, "PRIME_STAT": null, "ST_PRE_MOD": null, "ST_PRE_DIR": null, "ST_PRE_TYP": null, "ST_NAME": "Saint Croix", "ST_POS_TYP": "Trail", "ST_POS_DIR": "South", "ST_POS_MOD": null, "ST_CONCAT": "Saint Croix Trail South", "ST_NAME_A1": "CSAH 21", "A1_MSAG_YN": null, "ST_NAME_A2": "St Croix Trl S", "A2_MSAG_YN": null, "ST_NAME_A3": null, "A3_MSAG_YN": null, "CFCC": "A31", "WCFC": "A3", "CTY_RTE": "21", "ST_RTE": null, "FED_RTE": null, "ADR_FR_L": 3601, "ADR_TO_L": 3699, "ADR_FR_R": 3600, "ADR_TO_R": 3698, "ZIP_L": "55001", "ZIP_R": "55001", "CITYID_L": "2393887", "CITYID_R": "2393887", "CITY_L": "Afton", "CITY_R": "Afton", "COUNTY_L": "163", "COUNTY_R": "163", "CTYNAME_L": "Washington", "CTYNAME_R": "Washington", "STATE_L": "MN", "STATE_R": "MN", "PARITY_L": "O", "PARITY_R": "E", "POSTCOMM_L": "Afton", "POSTCOMM_R": "Afton", "ELEV_FROM": 0, "ELEV_TO": 0, "WC_ONEWAY": null, "WC_SPEED": null, "COMMENTS": null, "ONEWAY": "B", "SPEED_IMP": 45, "EMERG_ACC": null, "SPEEDLIMIT": 45, "ROUTE_NAME": "CSAH", "ROUTE_NUM": "21", "ESN_L": "3", "ESN_R": "3", "MSAG_C_L": "Afton", "MSAG_C_R": "Afton", "PSAP_L": "WASH", "PSAP_R": "WASH", "PS_STNAME": "SAINT CROIX TRL S", "PS_ALT_NM": "CO RD 21", "PS_ALT_NM2": null, "STATUS": "Active", "ACT_DATE": -2208988800000, "RET_DATE": null, "EDITED_BY": "SDELOADER\\TASIEBE", "EDITED_DT": 1376524800000, "SOURCE": "Washington", "FUNCTIONAL": "4214", "SURF_TYPE": "Paved", "created_user": null, "created_date": null, "last_edited_user": "DDMATZE", "last_edited_date": 1707418273000, "PS_MUNICODE_L": "A", "PS_MUNICODE_R": "A", "PD_LEFT": null, "PD_RIGHT": null, "FD_LEFT": null, "FD_RIGHT": null, "EMS_LEFT": null, "EMS_RIGHT": null, "L_SERV_AREA": null, "R_SERV_AREA": null, "Shape_Length": 157.17093183410756}}, {"type": "Feature", "id": 153, "geometry": {"type": "LineString", "coordinates": [[-92.78323748426723, 44.902830402918106], [-92.78323713000412, 44.90276585091591], [-92.78323298550428, 44.90270143112384], [-92.78322512670593, 44.90225304797099], [-92.7832195808436, 44.90180463024622]]}, "properties": {"OBJECTID": 153, "ROUTE_ID": null, "UNIQUE_ID": "B49FF48C-7727-4E6B-B6DA-6662AA9BE04D", "ROUTE_SYS": "04", "ROUTE_DIR": null, "DIR_RTE_ID": null, "LOC_STATE": null, "PRIME_STAT": null, "ST_PRE_MOD": null, "ST_PRE_DIR": null, "ST_PRE_TYP": null, "ST_NAME": "Saint Croix", "ST_POS_TYP": "Trail", "ST_POS_DIR": "South", "ST_POS_MOD": null, "ST_CONCAT": "Saint Croix Trail South", "ST_NAME_A1": "CSAH 21", "A1_MSAG_YN": null, "ST_NAME_A2": "St Croix Trl S", "A2_MSAG_YN": null, "ST_NAME_A3": null, "A3_MSAG_YN": null, "CFCC": "A31", "WCFC": "A3", "CTY_RTE": "21", "ST_RTE": null, "FED_RTE": null, "ADR_FR_L": 3151, "ADR_TO_L": 3199, "ADR_FR_R": 3150, "ADR_TO_R": 3198, "ZIP_L": "55001", "ZIP_R": "55001", "CITYID_L": "2393887", "CITYID_R": "2393887", "CITY_L": "Afton", "CITY_R": "Afton", "COUNTY_L": "163", "COUNTY_R": "163", "CTYNAME_L": "Washington", "CTYNAME_R": "Washington", "STATE_L": "MN", "STATE_R": "MN", "PARITY_L": "O", "PARITY_R": "E", "POSTCOMM_L": "Afton", "POSTCOMM_R": "Afton", "ELEV_FROM": 0, "ELEV_TO": 0, "WC_ONEWAY": null, "WC_SPEED": null, "COMMENTS": null, "ONEWAY": "B", "SPEED_IMP": 45, "EMERG_ACC": null, "SPEEDLIMIT": 45, "ROUTE_NAME": "CSAH", "ROUTE_NUM": "21", "ESN_L": "3", "ESN_R": "3", "MSAG_C_L": "Afton", "MSAG_C_R": "Afton", "PSAP_L": "WASH", "PSAP_R": "WASH", "PS_STNAME": "SAINT CROIX TRL S", "PS_ALT_NM": "CO RD 21", "PS_ALT_NM2": null, "STATUS": "Active", "ACT_DATE": -2208988800000, "RET_DATE": null, "EDITED_BY": "SDELOADER\\TASIEBE", "EDITED_DT": 1376524800000, "SOURCE": "Washington", "FUNCTIONAL": "4214", "SURF_TYPE": "Paved", "created_user": null, "created_date": null, "last_edited_user": "DDMATZE", "last_edited_date": 1707418273000, "PS_MUNICODE_L": "A", "PS_MUNICODE_R": "A", "PD_LEFT": null, "PD_RIGHT": null, "FD_LEFT": null, "FD_RIGHT": null, "EMS_LEFT": null, "EMS_RIGHT": null, "L_SERV_AREA": null, "R_SERV_AREA": null, "Shape_Length": 161.23256477790108}}, {"type": "Feature", "id": 154, "geometry": {"type": "LineString", "coordinates": [[-92.7832370369062, 44.898697893208436], [-92.78324438512523, 44.89761966277938]]}, "properties": {"OBJECTID": 154, "ROUTE_ID": null, "UNIQUE_ID": "5BD2CD9C-3057-4114-ADBE-B060E0E5A3E4", "ROUTE_SYS": "04", "ROUTE_DIR": null, "DIR_RTE_ID": null, "LOC_STATE": null, "PRIME_STAT": null, "ST_PRE_MOD": null, "ST_PRE_DIR": null, "ST_PRE_TYP": null, "ST_NAME": "Saint Croix", "ST_POS_TYP": "Trail", "ST_POS_DIR": "South", "ST_POS_MOD": null, "ST_CONCAT": "Saint Croix Trail South", "ST_NAME_A1": "CSAH 21", "A1_MSAG_YN": null, "ST_NAME_A2": "St Croix Trl S", "A2_MSAG_YN": null, "ST_NAME_A3": null, "A3_MSAG_YN": null, "CFCC": "A31", "WCFC": "A3", "CTY_RTE": "21", "ST_RTE": null, "FED_RTE": null, "ADR_FR_L": 3451, "ADR_TO_L": 3499, "ADR_FR_R": 3450, "ADR_TO_R": 3498, "ZIP_L": "55001", "ZIP_R": "55001", "CITYID_L": "2393887", "CITYID_R": "2393887", "CITY_L": "Afton", "CITY_R": "Afton", "COUNTY_L": "163", "COUNTY_R": "163", "CTYNAME_L": "Washington", "CTYNAME_R": "Washington", "STATE_L": "MN", "STATE_R": "MN", "PARITY_L": "O", "PARITY_R": "E", "POSTCOMM_L": "Afton", "POSTCOMM_R": "Afton", "ELEV_FROM": 0, "ELEV_TO": 0, "WC_ONEWAY": null, "WC_SPEED": null, "COMMENTS": null, "ONEWAY": "B", "SPEED_IMP": 45, "EMERG_ACC": null, "SPEEDLIMIT": 45, "ROUTE_NAME": "CSAH", "ROUTE_NUM": "21", "ESN_L": "3", "ESN_R": "3", "MSAG_C_L": "Afton", "MSAG_C_R": "Afton", "PSAP_L": "WASH", "PSAP_R": "WASH", "PS_STNAME": "SAINT CROIX TRL S", "PS_ALT_NM": "CO RD 21", "PS_ALT_NM2": null, "STATUS": "Active", "ACT_DATE": -2208988800000, "RET_DATE": null, "EDITED_BY": "SDELOADER\\TASIEBE", "EDITED_DT": 1376524800000, "SOURCE": "Washington", "FUNCTIONAL": "4214", "SURF_TYPE": "Paved", "created_user": null, "created_date": null, "last_edited_user": "DDMATZE", "last_edited_date": 1707418273000, "PS_MUNICODE_L": "A", "PS_MUNICODE_R": "A", "PD_LEFT": null, "PD_RIGHT": null, "FD_LEFT": null, "FD_RIGHT": null, "EMS_LEFT": null, "EMS_RIGHT": null, "L_SERV_AREA": null, "R_SERV_AREA": null, "Shape_Length": 169.44637445831887}}, {"type": "Feature", "id": 155, "geometry": {"type": "LineString", "coordinates": [[-92.78323315259091, 44.89968922981394], [-92.7832370369062, 44.898697893208436]]}, "properties": {"OBJECTID": 155, "ROUTE_ID": null, "UNIQUE_ID": "2232096D-3260-429F-AEC0-3DD5790C7896", "ROUTE_SYS": "04", "ROUTE_DIR": null, "DIR_RTE_ID": null, "LOC_STATE": null, "PRIME_STAT": null, "ST_PRE_MOD": null, "ST_PRE_DIR": null, "ST_PRE_TYP": null, "ST_NAME": "Saint Croix", "ST_POS_TYP": "Trail", "ST_POS_DIR": "South", "ST_POS_MOD": null, "ST_CONCAT": "Saint Croix Trail South", "ST_NAME_A1": "CSAH 21", "A1_MSAG_YN": null, "ST_NAME_A2": "St Croix Trl S", "A2_MSAG_YN": null, "ST_NAME_A3": null, "A3_MSAG_YN": null, "CFCC": "A31", "WCFC": "A3", "CTY_RTE": "21", "ST_RTE": null, "FED_RTE": null, "ADR_FR_L": 3401, "ADR_TO_L": 3449, "ADR_FR_R": 3400, "ADR_TO_R": 3448, "ZIP_L": "55001", "ZIP_R": "55001", "CITYID_L": "2393887", "CITYID_R": "2393887", "CITY_L": "Afton", "CITY_R": "Afton", "COUNTY_L": "163", "COUNTY_R": "163", "CTYNAME_L": "Washington", "CTYNAME_R": "Washington", "STATE_L": "MN", "STATE_R": "MN", "PARITY_L": "O", "PARITY_R": "E", "POSTCOMM_L": "Afton", "POSTCOMM_R": "Afton", "ELEV_FROM": 0, "ELEV_TO": 0, "WC_ONEWAY": null, "WC_SPEED": null, "COMMENTS": null, "ONEWAY": "B", "SPEED_IMP": 45, "EMERG_ACC": null, "SPEEDLIMIT": 45, "ROUTE_NAME": "CSAH", "ROUTE_NUM": "21", "ESN_L": "3", "ESN_R": "3", "MSAG_C_L": "Afton", "MSAG_C_R": "Afton", "PSAP_L": "WASH", "PSAP_R": "WASH", "PS_STNAME": "SAINT CROIX TRL S", "PS_ALT_NM": "CO RD 21", "PS_ALT_NM2": null, "STATUS": "Active", "ACT_DATE": -2208988800000, "RET_DATE": null, "EDITED_BY": "SDELOADER\\TASIEBE", "EDITED_DT": 1376524800000, "SOURCE": "Washington", "FUNCTIONAL": "4214", "SURF_TYPE": "Paved", "created_user": null, "created_date": null, "last_edited_user": "DDMATZE", "last_edited_date": 1707418273000, "PS_MUNICODE_L": "A", "PS_MUNICODE_R": "A", "PD_LEFT": null, "PD_RIGHT": null, "FD_LEFT": null, "FD_RIGHT": null, "EMS_LEFT": null, "EMS_RIGHT": null, "L_SERV_AREA": null, "R_SERV_AREA": null, "Shape_Length": 155.79240006152054}}, {"type": "Feature", "id": 156, "geometry": {"type": "LineString", "coordinates": [[-92.78335501355079, 44.89469978794558], [-92.78336609067655, 44.89467306607813], [-92.78339522352138, 44.89461091319501], [-92.78342803225378, 44.89455061982385], [-92.78346439870799, 44.894492403120616], [-92.78351188591736, 44.89442571017471], [-92.78356338842147, 44.894362066823454], [-92.78361871088512, 44.894301714449], [-92.78367764348508, 44.89424488195169], [-92.78409481391651, 44.89388301758302], [-92.78417126915265, 44.89381086472775], [-92.78424269507762, 44.89373372994378], [-92.78430876780517, 44.89365196300467], [-92.78436918772347, 44.893565934688816], [-92.78442368085382, 44.89347603509815], [-92.78472710840059, 44.89297361227434], [-92.78478624518948, 44.89288720990627], [-92.78485104624205, 44.8928049703015], [-92.78492121947419, 44.89272726414666], [-92.7849964485872, 44.89265444169431], [-92.7850763944935, 44.892586831184246], [-92.78516069684511, 44.892524737363935], [-92.78524897565777, 44.89246844011493], [-92.78534083302371, 44.89241819319136], [-92.78543585490526, 44.8923742230761], [-92.78587252955812, 44.89215975565088], [-92.78595899083248, 44.892120436731005], [-92.78604245844087, 44.89207510806704], [-92.78612251530971, 44.89202399615868], [-92.78619876140836, 44.89196735640349], [-92.78627081574791, 44.89190547182078], [-92.786338318285, 44.89183865163736], [-92.78640093172085, 44.89176722974241], [-92.78645834318667, 44.89169156301909], [-92.78651026580707, 44.891612029561244], [-92.78655644013345, 44.891529026784134], [-92.78659663544055, 44.891442969438636], [-92.78663065087915, 44.891354287538775], [-92.78665831647986, 44.891263424213044], [-92.78679242237536, 44.890677752315575], [-92.78681576625632, 44.89058131306527], [-92.78684598220813, 44.89048680136211], [-92.78688291389236, 44.89039470621305], [-92.78692637022311, 44.890305504121734], [-92.7869761263558, 44.890219656622996], [-92.78703192485035, 44.89013760789489], [-92.78709347700338, 44.89005978246051], [-92.7871604643418, 44.88998658299146], [-92.78723254027071, 44.88991838822443], [-92.78849461754936, 44.88870870391502], [-92.78860606729438, 44.88861497970851], [-92.78872199170273, 44.888526850235], [-92.78884211019968, 44.88844452879647], [-92.78896613205944, 44.88836821463753], [-92.78909375710882, 44.88829809246326], [-92.78922467645371, 44.888234331992095], [-92.78935857322678, 44.888177087545095], [-92.78949512335433, 44.88812649767242], [-92.78963399634068, 44.88808268481799], [-92.78977485606809, 44.888045755023164], [-92.79127718866779, 44.887637065642856], [-92.79143230904384, 44.88760216508301], [-92.79158880425933, 44.88757406476856], [-92.79174637634938, 44.887552818202124], [-92.79190472529872, 44.887538465836904], [-92.79206354961299, 44.88753103499962], [-92.79262753799951, 44.88751414232847], [-92.7927309824441, 44.88751574332998], [-92.79283430907786, 44.88751055458476], [-92.79293707272473, 44.88749859844817], [-92.79303883063426, 44.887479926432455], [-92.79313914438912, 44.887454618984776], [-92.79323758179403, 44.88742278514062], [-92.79333371873788, 44.887384562054024], [-92.79342714102091, 44.88734011440666], [-92.79351744613929, 44.88728963369833], [-92.79360424501934, 44.887233337421854], [-92.79368716369372, 44.887171468126084], [-92.79376584491276, 44.88710429237083], [-92.79383994968353, 44.88703209957846], [-92.79390915873047, 44.88695520078691], [-92.79397317387092, 44.886873927309594], [-92.79479451521331, 44.88572971509427], [-92.79483499391098, 44.88566718228216], [-92.7948694735872, 44.88560115176282], [-92.7948976545982, 44.88553219737083], [-92.7949192920385, 44.88546091835054], [-92.7949341978691, 44.88538793414834], [-92.79494224255168, 44.885313879029425], [-92.79494335617441, 44.885239396565716], [-92.79494435869427, 44.884891103839855], [-92.794942307659, 44.88481686972738], [-92.79494665534482, 44.884742734662616], [-92.79495736946603, 44.884669249168766], [-92.79497437046012, 44.88459695894536], [-92.79499753207858, 44.884526400815915], [-92.79502668232439, 44.884458098741504], [-92.79506160472934, 44.88439255992984], [-92.7951020399614, 44.88433027106882], [-92.79514768775063, 44.88427169471233], [-92.79519820911884, 44.884217265845415], [-92.79570695111536, 44.88368895108229], [-92.79580722555896, 44.88358610454326]]}, "properties": {"OBJECTID": 156, "ROUTE_ID": null, "UNIQUE_ID": "03AC6D97-1427-48C3-9F40-7CD41CDD088B", "ROUTE_SYS": "04", "ROUTE_DIR": null, "DIR_RTE_ID": null, "LOC_STATE": null, "PRIME_STAT": null, "ST_PRE_MOD": null, "ST_PRE_DIR": null, "ST_PRE_TYP": null, "ST_NAME": "Saint Croix", "ST_POS_TYP": "Trail", "ST_POS_DIR": "South", "ST_POS_MOD": null, "ST_CONCAT": "Saint Croix Trail South", "ST_NAME_A1": "CSAH 21", "A1_MSAG_YN": null, "ST_NAME_A2": "St Croix Trl S", "A2_MSAG_YN": null, "ST_NAME_A3": null, "A3_MSAG_YN": null, "CFCC": "A31", "WCFC": "A3", "CTY_RTE": "21", "ST_RTE": null, "FED_RTE": null, "ADR_FR_L": 3721, "ADR_TO_L": 4499, "ADR_FR_R": 3722, "ADR_TO_R": 4498, "ZIP_L": "55001", "ZIP_R": "55001", "CITYID_L": "2393887", "CITYID_R": "2393887", "CITY_L": "Afton", "CITY_R": "Afton", "COUNTY_L": "163", "COUNTY_R": "163", "CTYNAME_L": "Washington", "CTYNAME_R": "Washington", "STATE_L": "MN", "STATE_R": "MN", "PARITY_L": "O", "PARITY_R": "E", "POSTCOMM_L": "Afton", "POSTCOMM_R": "Afton", "ELEV_FROM": 0, "ELEV_TO": 0, "WC_ONEWAY": null, "WC_SPEED": null, "COMMENTS": null, "ONEWAY": "B", "SPEED_IMP": 45, "EMERG_ACC": null, "SPEEDLIMIT": 45, "ROUTE_NAME": "CSAH", "ROUTE_NUM": "21", "ESN_L": "3", "ESN_R": "3", "MSAG_C_L": "Afton", "MSAG_C_R": "Afton", "PSAP_L": "WASH", "PSAP_R": "WASH", "PS_STNAME": "SAINT CROIX TRL S", "PS_ALT_NM": "CO RD 21", "PS_ALT_NM2": null, "STATUS": "Active", "ACT_DATE": -2208988800000, "RET_DATE": null, "EDITED_BY": "SDELOADER\\TASIEBE", "EDITED_DT": 1376524800000, "SOURCE": "Washington", "FUNCTIONAL": "4214", "SURF_TYPE": "Paved", "created_user": null, "created_date": null, "last_edited_user": "DDMATZE", "last_edited_date": 1707418273000, "PS_MUNICODE_L": "A", "PS_MUNICODE_R": "A", "PD_LEFT": null, "PD_RIGHT": null, "FD_LEFT": null, "FD_RIGHT": null, "EMS_LEFT": null, "EMS_RIGHT": null, "L_SERV_AREA": null, "R_SERV_AREA": null, "Shape_Length": 2397.3250993117995}}, {"type": "Feature", "id": 157, "geometry": {"type": "LineString", "coordinates": [[-92.7816878427914, 44.900677307989874], [-92.77907867526889, 44.90067110274314]]}, "properties": {"OBJECTID": 157, "ROUTE_ID": null, "UNIQUE_ID": "E86C35C1-26C4-4A40-B13A-3004DF334E00", "ROUTE_SYS": "10", "ROUTE_DIR": null, "DIR_RTE_ID": null, "LOC_STATE": null, "PRIME_STAT": null, "ST_PRE_MOD": null, "ST_PRE_DIR": null, "ST_PRE_TYP": null, "ST_NAME": "Marina Access", "ST_POS_TYP": null, "ST_POS_DIR": null, "ST_POS_MOD": null, "ST_CONCAT": "Marina Access", "ST_NAME_A1": null, "A1_MSAG_YN": null, "ST_NAME_A2": null, "A2_MSAG_YN": null, "ST_NAME_A3": null, "A3_MSAG_YN": null, "CFCC": null, "WCFC": "A4", "CTY_RTE": null, "ST_RTE": null, "FED_RTE": null, "ADR_FR_L": 0, "ADR_TO_L": 0, "ADR_FR_R": 0, "ADR_TO_R": 0, "ZIP_L": "55001", "ZIP_R": "55001", "CITYID_L": "2393887", "CITYID_R": "2393887", "CITY_L": "Afton", "CITY_R": "Afton", "COUNTY_L": "163", "COUNTY_R": "163", "CTYNAME_L": "Washington", "CTYNAME_R": "Washington", "STATE_L": "MN", "STATE_R": "MN", "PARITY_L": "Z", "PARITY_R": "Z", "POSTCOMM_L": "Afton", "POSTCOMM_R": "Afton", "ELEV_FROM": 0, "ELEV_TO": 0, "WC_ONEWAY": null, "WC_SPEED": null, "COMMENTS": null, "ONEWAY": "B", "SPEED_IMP": 30, "EMERG_ACC": null, "SPEEDLIMIT": 30, "ROUTE_NAME": "M", "ROUTE_NUM": null, "ESN_L": "3", "ESN_R": "3", "MSAG_C_L": "Afton", "MSAG_C_R": "Afton", "PSAP_L": "WASH", "PSAP_R": "WASH", "PS_STNAME": "MARINA ACCESS", "PS_ALT_NM": null, "PS_ALT_NM2": null, "STATUS": "Active", "ACT_DATE": -2208988800000, "RET_DATE": null, "EDITED_BY": "SDE\\TASIEBE", "EDITED_DT": 1337817600000, "SOURCE": "Washington", "FUNCTIONAL": "7000", "SURF_TYPE": null, "created_user": null, "created_date": null, "last_edited_user": "DDMATZE", "last_edited_date": 1707418273000, "PS_MUNICODE_L": "A", "PS_MUNICODE_R": "A", "PD_LEFT": null, "PD_RIGHT": null, "FD_LEFT": null, "FD_RIGHT": null, "EMS_LEFT": null, "EMS_RIGHT": null, "L_SERV_AREA": null, "R_SERV_AREA": null, "Shape_Length": 290.4528371302681}}, {"type": "Feature", "id": 158, "geometry": {"type": "LineString", "coordinates": [[-92.78328130947668, 44.89556239467102], [-92.78329245307776, 44.895069688309555], [-92.78329452800378, 44.89499431712887], [-92.78330187027184, 44.89491927573165], [-92.7833144439093, 44.89484493177536], [-92.78333218731294, 44.8947716495004], [-92.78335501355079, 44.89469978794558]]}, "properties": {"OBJECTID": 158, "ROUTE_ID": null, "UNIQUE_ID": "2B681CE2-D3E0-401D-996F-E463D424DD77", "ROUTE_SYS": "04", "ROUTE_DIR": null, "DIR_RTE_ID": null, "LOC_STATE": null, "PRIME_STAT": null, "ST_PRE_MOD": null, "ST_PRE_DIR": null, "ST_PRE_TYP": null, "ST_NAME": "Saint Croix", "ST_POS_TYP": "Trail", "ST_POS_DIR": "South", "ST_POS_MOD": null, "ST_CONCAT": "Saint Croix Trail South", "ST_NAME_A1": "CSAH 21", "A1_MSAG_YN": null, "ST_NAME_A2": "St Croix Trl S", "A2_MSAG_YN": null, "ST_NAME_A3": null, "A3_MSAG_YN": null, "CFCC": "A31", "WCFC": "A3", "CTY_RTE": "21", "ST_RTE": null, "FED_RTE": null, "ADR_FR_L": 3701, "ADR_TO_L": 3719, "ADR_FR_R": 3700, "ADR_TO_R": 3720, "ZIP_L": "55001", "ZIP_R": "55001", "CITYID_L": "2393887", "CITYID_R": "2393887", "CITY_L": "Afton", "CITY_R": "Afton", "COUNTY_L": "163", "COUNTY_R": "163", "CTYNAME_L": "Washington", "CTYNAME_R": "Washington", "STATE_L": "MN", "STATE_R": "MN", "PARITY_L": "O", "PARITY_R": "E", "POSTCOMM_L": "Afton", "POSTCOMM_R": "Afton", "ELEV_FROM": 0, "ELEV_TO": 0, "WC_ONEWAY": null, "WC_SPEED": null, "COMMENTS": null, "ONEWAY": "B", "SPEED_IMP": 45, "EMERG_ACC": null, "SPEEDLIMIT": 45, "ROUTE_NAME": "CSAH", "ROUTE_NUM": "21", "ESN_L": "3", "ESN_R": "3", "MSAG_C_L": "Afton", "MSAG_C_R": "Afton", "PSAP_L": "WASH", "PSAP_R": "WASH", "PS_STNAME": "SAINT CROIX TRL S", "PS_ALT_NM": "CO RD 21", "PS_ALT_NM2": null, "STATUS": "Active", "ACT_DATE": -2208988800000, "RET_DATE": null, "EDITED_BY": "SDELOADER\\TASIEBE", "EDITED_DT": 1376524800000, "SOURCE": "Washington", "FUNCTIONAL": "4214", "SURF_TYPE": "Paved", "created_user": null, "created_date": null, "last_edited_user": "DDMATZE", "last_edited_date": 1707418273000, "PS_MUNICODE_L": "A", "PS_MUNICODE_R": "A", "PD_LEFT": null, "PD_RIGHT": null, "FD_LEFT": null, "FD_RIGHT": null, "EMS_LEFT": null, "EMS_RIGHT": null, "L_SERV_AREA": null, "R_SERV_AREA": null, "Shape_Length": 136.1324359865261}}, {"type": "Feature", "id": 159, "geometry": {"type": "LineString", "coordinates": [[-92.78449945105308, 44.90389876953485], [-92.78453400878051, 44.903920022729345], [-92.78457095605232, 44.90393678082909], [-92.78460971112125, 44.903948779972126], [-92.78464966377565, 44.903955831227904], [-92.78469018494748, 44.90395782357201], [-92.78473856371708, 44.90395820851459], [-92.78489264185632, 44.9039594326955], [-92.78495244956133, 44.903959727523294], [-92.78501219324758, 44.90396250969081], [-92.78507686039896, 44.903968356475644], [-92.7851411922207, 44.903977156593214], [-92.78534906260624, 44.90400631593108], [-92.78555613213527, 44.904040704509356], [-92.78572668178354, 44.90407310770955], [-92.78578850676236, 44.904088968221664], [-92.78584821375242, 44.904111528345496], [-92.78590507917534, 44.90414051467892], [-92.78595841388918, 44.90417557594173]]}, "properties": {"OBJECTID": 159, "ROUTE_ID": null, "UNIQUE_ID": "9A253677-F666-4434-9A22-5B5F8316379C", "ROUTE_SYS": "70", "ROUTE_DIR": null, "DIR_RTE_ID": null, "LOC_STATE": null, "PRIME_STAT": null, "ST_PRE_MOD": null, "ST_PRE_DIR": null, "ST_PRE_TYP": null, "ST_NAME": "Private", "ST_POS_TYP": "Road", "ST_POS_DIR": null, "ST_POS_MOD": null, "ST_CONCAT": "Private Road", "ST_NAME_A1": "Perrot Avenue", "A1_MSAG_YN": null, "ST_NAME_A2": null, "A2_MSAG_YN": null, "ST_NAME_A3": null, "A3_MSAG_YN": null, "CFCC": "A74", "WCFC": "A7", "CTY_RTE": null, "ST_RTE": null, "FED_RTE": null, "ADR_FR_L": 0, "ADR_TO_L": 0, "ADR_FR_R": 0, "ADR_TO_R": 0, "ZIP_L": "55001", "ZIP_R": "55001", "CITYID_L": "2393887", "CITYID_R": "2393887", "CITY_L": "Afton", "CITY_R": "Afton", "COUNTY_L": "163", "COUNTY_R": "163", "CTYNAME_L": "Washington", "CTYNAME_R": "Washington", "STATE_L": "MN", "STATE_R": "MN", "PARITY_L": "Z", "PARITY_R": "Z", "POSTCOMM_L": "Afton", "POSTCOMM_R": "Afton", "ELEV_FROM": 0, "ELEV_TO": 0, "WC_ONEWAY": null, "WC_SPEED": null, "COMMENTS": null, "ONEWAY": "B", "SPEED_IMP": 30, "EMERG_ACC": null, "SPEEDLIMIT": 30, "ROUTE_NAME": "PRRA", "ROUTE_NUM": null, "ESN_L": "3", "ESN_R": "3", "MSAG_C_L": "Afton", "MSAG_C_R": "Afton", "PSAP_L": "WASH", "PSAP_R": "WASH", "PS_STNAME": "PRIVATE DR", "PS_ALT_NM": "PERROT AVE S", "PS_ALT_NM2": null, "STATUS": "Active", "ACT_DATE": -2208988800000, "RET_DATE": null, "EDITED_BY": "SDE\\TASIEBE", "EDITED_DT": 1337817600000, "SOURCE": "Washington", "FUNCTIONAL": "7000", "SURF_TYPE": null, "created_user": null, "created_date": null, "last_edited_user": "DDMATZE", "last_edited_date": 1759242240000, "PS_MUNICODE_L": "A", "PS_MUNICODE_R": "A", "PD_LEFT": null, "PD_RIGHT": null, "FD_LEFT": null, "FD_RIGHT": null, "EMS_LEFT": null, "EMS_RIGHT": null, "L_SERV_AREA": null, "R_SERV_AREA": null, "Shape_Length": 171.95078913957772}}, {"type": "Feature", "id": 240, "geometry": {"type": "LineString", "coordinates": [[-92.78322900417093, 44.900752681450044], [-92.78323315259091, 44.89968922981394]]}, "properties": {"OBJECTID": 240, "ROUTE_ID": null, "UNIQUE_ID": "A96BE6E3-F67A-474C-B766-1436B2E76B77", "ROUTE_SYS": "04", "ROUTE_DIR": null, "DIR_RTE_ID": null, "LOC_STATE": null, "PRIME_STAT": null, "ST_PRE_MOD": null, "ST_PRE_DIR": null, "ST_PRE_TYP": null, "ST_NAME": "Saint Croix", "ST_POS_TYP": "Trail", "ST_POS_DIR": "South", "ST_POS_MOD": null, "ST_CONCAT": "Saint Croix Trail South", "ST_NAME_A1": "CSAH 21", "A1_MSAG_YN": null, "ST_NAME_A2": "St Croix Trl S", "A2_MSAG_YN": null, "ST_NAME_A3": null, "A3_MSAG_YN": null, "CFCC": "A31", "WCFC": "A3", "CTY_RTE": "21", "ST_RTE": null, "FED_RTE": null, "ADR_FR_L": 3301, "ADR_TO_L": 3399, "ADR_FR_R": 3300, "ADR_TO_R": 3398, "ZIP_L": "55001", "ZIP_R": "55001", "CITYID_L": "2393887", "CITYID_R": "2393887", "CITY_L": "Afton", "CITY_R": "Afton", "COUNTY_L": "163", "COUNTY_R": "163", "CTYNAME_L": "Washington", "CTYNAME_R": "Washington", "STATE_L": "MN", "STATE_R": "MN", "PARITY_L": "O", "PARITY_R": "E", "POSTCOMM_L": "Afton", "POSTCOMM_R": "Afton", "ELEV_FROM": 0, "ELEV_TO": 0, "WC_ONEWAY": null, "WC_SPEED": null, "COMMENTS": null, "ONEWAY": "B", "SPEED_IMP": 45, "EMERG_ACC": null, "SPEEDLIMIT": 45, "ROUTE_NAME": "CSAH", "ROUTE_NUM": "21", "ESN_L": "3", "ESN_R": "3", "MSAG_C_L": "Afton", "MSAG_C_R": "Afton", "PSAP_L": "WASH", "PSAP_R": "WASH", "PS_STNAME": "SAINT CROIX TRL S", "PS_ALT_NM": "CO RD 21", "PS_ALT_NM2": null, "STATUS": "Active", "ACT_DATE": -2208988800000, "RET_DATE": null, "EDITED_BY": "SDELOADER\\TASIEBE", "EDITED_DT": 1376524800000, "SOURCE": "Washington", "FUNCTIONAL": "4214", "SURF_TYPE": "Paved", "created_user": null, "created_date": null, "last_edited_user": "DDMATZE", "last_edited_date": 1707418273000, "PS_MUNICODE_L": "A", "PS_MUNICODE_R": "A", "PD_LEFT": null, "PD_RIGHT": null, "FD_LEFT": null, "FD_RIGHT": null, "EMS_LEFT": null, "EMS_RIGHT": null, "L_SERV_AREA": null, "R_SERV_AREA": null, "Shape_Length": 167.12853800780306}}, {"type": "Feature", "id": 241, "geometry": {"type": "LineString", "coordinates": [[-92.7832195808436, 44.90180463024622], [-92.78322900417093, 44.900752681450044]]}, "properties": {"OBJECTID": 241, "ROUTE_ID": null, "UNIQUE_ID": "0FD8DDE5-1F2D-4867-8AB0-1676F08990A0", "ROUTE_SYS": "04", "ROUTE_DIR": null, "DIR_RTE_ID": null, "LOC_STATE": null, "PRIME_STAT": null, "ST_PRE_MOD": null, "ST_PRE_DIR": null, "ST_PRE_TYP": null, "ST_NAME": "Saint Croix", "ST_POS_TYP": "Trail", "ST_POS_DIR": "South", "ST_POS_MOD": null, "ST_CONCAT": "Saint Croix Trail South", "ST_NAME_A1": "CSAH 21", "A1_MSAG_YN": null, "ST_NAME_A2": "St Croix Trl S", "A2_MSAG_YN": null, "ST_NAME_A3": null, "A3_MSAG_YN": null, "CFCC": "A31", "WCFC": "A3", "CTY_RTE": "21", "ST_RTE": null, "FED_RTE": null, "ADR_FR_L": 3201, "ADR_TO_L": 3299, "ADR_FR_R": 3200, "ADR_TO_R": 3298, "ZIP_L": "55001", "ZIP_R": "55001", "CITYID_L": "2393887", "CITYID_R": "2393887", "CITY_L": "Afton", "CITY_R": "Afton", "COUNTY_L": "163", "COUNTY_R": "163", "CTYNAME_L": "Washington", "CTYNAME_R": "Washington", "STATE_L": "MN", "STATE_R": "MN", "PARITY_L": "O", "PARITY_R": "E", "POSTCOMM_L": "Afton", "POSTCOMM_R": "Afton", "ELEV_FROM": 0, "ELEV_TO": 0, "WC_ONEWAY": null, "WC_SPEED": null, "COMMENTS": null, "ONEWAY": "B", "SPEED_IMP": 45, "EMERG_ACC": null, "SPEEDLIMIT": 45, "ROUTE_NAME": "CSAH", "ROUTE_NUM": "21", "ESN_L": "3", "ESN_R": "3", "MSAG_C_L": "Afton", "MSAG_C_R": "Afton", "PSAP_L": "WASH", "PSAP_R": "WASH", "PS_STNAME": "SAINT CROIX TRL S", "PS_ALT_NM": "CO RD 21", "PS_ALT_NM2": null, "STATUS": "Active", "ACT_DATE": -2208988800000, "RET_DATE": null, "EDITED_BY": "SDELOADER\\TASIEBE", "EDITED_DT": 1376524800000, "SOURCE": "Washington", "FUNCTIONAL": "4214", "SURF_TYPE": "Paved", "created_user": null, "created_date": null, "last_edited_user": "DDMATZE", "last_edited_date": 1707418273000, "PS_MUNICODE_L": "A", "PS_MUNICODE_R": "A", "PD_LEFT": null, "PD_RIGHT": null, "FD_LEFT": null, "FD_RIGHT": null, "EMS_LEFT": null, "EMS_RIGHT": null, "L_SERV_AREA": null, "R_SERV_AREA": null, "Shape_Length": 165.32652799840045}}, {"type": "Feature", "id": 500, "geometry": {"type": "LineString", "coordinates": [[-92.78142550418572, 44.90149833156833], [-92.78145355886441, 44.9014712761758], [-92.78147917138458, 44.90144189832577], [-92.78150215024239, 44.90141041767529], [-92.78152406217453, 44.901370846213645], [-92.78154241499779, 44.90132950365416], [-92.78155706695065, 44.9012867093365], [-92.7816006412092, 44.90111774639386], [-92.78163813615723, 44.90094733125115], [-92.78166950368488, 44.90077568256866], [-92.7816878427914, 44.900677307989874]]}, "properties": {"OBJECTID": 500, "ROUTE_ID": null, "UNIQUE_ID": "661C99A8-62FA-4BD6-894D-B5CE1C2A1D19", "ROUTE_SYS": "10", "ROUTE_DIR": null, "DIR_RTE_ID": null, "LOC_STATE": null, "PRIME_STAT": null, "ST_PRE_MOD": null, "ST_PRE_DIR": null, "ST_PRE_TYP": null, "ST_NAME": "Marina Access", "ST_POS_TYP": null, "ST_POS_DIR": null, "ST_POS_MOD": null, "ST_CONCAT": "Marina Access", "ST_NAME_A1": null, "A1_MSAG_YN": null, "ST_NAME_A2": null, "A2_MSAG_YN": null, "ST_NAME_A3": null, "A3_MSAG_YN": null, "CFCC": null, "WCFC": "A4", "CTY_RTE": null, "ST_RTE": null, "FED_RTE": null, "ADR_FR_L": 0, "ADR_TO_L": 0, "ADR_FR_R": 0, "ADR_TO_R": 0, "ZIP_L": "55001", "ZIP_R": "55001", "CITYID_L": "2393887", "CITYID_R": "2393887", "CITY_L": "Afton", "CITY_R": "Afton", "COUNTY_L": "163", "COUNTY_R": "163", "CTYNAME_L": "Washington", "CTYNAME_R": "Washington", "STATE_L": "MN", "STATE_R": "MN", "PARITY_L": "Z", "PARITY_R": "Z", "POSTCOMM_L": "Afton", "POSTCOMM_R": "Afton", "ELEV_FROM": 0, "ELEV_TO": 0, "WC_ONEWAY": null, "WC_SPEED": null, "COMMENTS": null, "ONEWAY": "B", "SPEED_IMP": 30, "EMERG_ACC": null, "SPEEDLIMIT": 30, "ROUTE_NAME": "M", "ROUTE_NUM": null, "ESN_L": "3", "ESN_R": "3", "MSAG_C_L": "Afton", "MSAG_C_R": "Afton", "PSAP_L": "WASH", "PSAP_R": "WASH", "PS_STNAME": "MARINA ACCESS", "PS_ALT_NM": null, "PS_ALT_NM2": null, "STATUS": "Active", "ACT_DATE": -2208988800000, "RET_DATE": null, "EDITED_BY": "SDE\\TASIEBE", "EDITED_DT": 1337817600000, "SOURCE": "Washington", "FUNCTIONAL": "7000", "SURF_TYPE": null, "created_user": null, "created_date": null, "last_edited_user": "DDMATZE", "last_edited_date": 1707418273000, "PS_MUNICODE_L": "A", "PS_MUNICODE_R": "A", "PD_LEFT": null, "PD_RIGHT": null, "FD_LEFT": null, "FD_RIGHT": null, "EMS_LEFT": null, "EMS_RIGHT": null, "L_SERV_AREA": null, "R_SERV_AREA": null, "Shape_Length": 133.58810296567478}}, {"type": "Feature", "id": 6212, "geometry": {"type": "LineString", "coordinates": [[-92.78469646147636, 44.899682099257056], [-92.78323315259091, 44.89968922981394]]}, "properties": {"OBJECTID": 6212, "ROUTE_ID": null, "UNIQUE_ID": "A8D541E8-5DF0-4FA8-A632-57278521C1D0", "ROUTE_SYS": "10", "ROUTE_DIR": null, "DIR_RTE_ID": null, "LOC_STATE": null, "PRIME_STAT": null, "ST_PRE_MOD": null, "ST_PRE_DIR": null, "ST_PRE_TYP": null, "ST_NAME": "34th", "ST_POS_TYP": "Street", "ST_POS_DIR": "South", "ST_POS_MOD": null, "ST_CONCAT": "34th Street South", "ST_NAME_A1": null, "A1_MSAG_YN": null, "ST_NAME_A2": null, "A2_MSAG_YN": null, "ST_NAME_A3": null, "A3_MSAG_YN": null, "CFCC": "A41", "WCFC": "A4", "CTY_RTE": null, "ST_RTE": null, "FED_RTE": null, "ADR_FR_L": 15850, "ADR_TO_L": 15898, "ADR_FR_R": 15851, "ADR_TO_R": 15899, "ZIP_L": "55001", "ZIP_R": "55001", "CITYID_L": "2393887", "CITYID_R": "2393887", "CITY_L": "Afton", "CITY_R": "Afton", "COUNTY_L": "163", "COUNTY_R": "163", "CTYNAME_L": "Washington", "CTYNAME_R": "Washington", "STATE_L": "MN", "STATE_R": "MN", "PARITY_L": "E", "PARITY_R": "O", "POSTCOMM_L": "Afton", "POSTCOMM_R": "Afton", "ELEV_FROM": 0, "ELEV_TO": 0, "WC_ONEWAY": null, "WC_SPEED": null, "COMMENTS": null, "ONEWAY": "B", "SPEED_IMP": 30, "EMERG_ACC": null, "SPEEDLIMIT": 30, "ROUTE_NAME": "M", "ROUTE_NUM": null, "ESN_L": "3", "ESN_R": "3", "MSAG_C_L": "Afton", "MSAG_C_R": "Afton", "PSAP_L": "WASH", "PSAP_R": "WASH", "PS_STNAME": "34TH ST S", "PS_ALT_NM": null, "PS_ALT_NM2": null, "STATUS": "Active", "ACT_DATE": -2208988800000, "RET_DATE": null, "EDITED_BY": "SDE\\TASIEBE", "EDITED_DT": 1337817600000, "SOURCE": "Washington", "FUNCTIONAL": "7000", "SURF_TYPE": null, "created_user": null, "created_date": null, "last_edited_user": "DDMATZE", "last_edited_date": 1707418273000, "PS_MUNICODE_L": "A", "PS_MUNICODE_R": "A", "PD_LEFT": null, "PD_RIGHT": null, "FD_LEFT": null, "FD_RIGHT": null, "EMS_LEFT": null, "EMS_RIGHT": null, "L_SERV_AREA": null, "R_SERV_AREA": null, "Shape_Length": 162.8986544185221}}, {"type": "Feature", "id": 6525, "geometry": {"type": "LineString", "coordinates": [[-92.78320238978402, 44.903891668768445], [-92.78238118947715, 44.903881678701225], [-92.78226731705331, 44.90388220938029], [-92.78215354254355, 44.903886960323455], [-92.78204002230274, 44.90389592500173], [-92.78192691233629, 44.90390909109539], [-92.78184782286205, 44.90392303048017], [-92.78177922301536, 44.90393406338503]]}, "properties": {"OBJECTID": 6525, "ROUTE_ID": null, "UNIQUE_ID": "CFB12A5E-F136-4124-8B65-D156FF66CAB6", "ROUTE_SYS": "10", "ROUTE_DIR": null, "DIR_RTE_ID": null, "LOC_STATE": null, "PRIME_STAT": null, "ST_PRE_MOD": null, "ST_PRE_DIR": null, "ST_PRE_TYP": null, "ST_NAME": "31st", "ST_POS_TYP": "Street", "ST_POS_DIR": "South", "ST_POS_MOD": null, "ST_CONCAT": "31st Street South", "ST_NAME_A1": null, "A1_MSAG_YN": null, "ST_NAME_A2": null, "A2_MSAG_YN": null, "ST_NAME_A3": null, "A3_MSAG_YN": null, "CFCC": "A41", "WCFC": "A4", "CTY_RTE": null, "ST_RTE": null, "FED_RTE": null, "ADR_FR_L": 15900, "ADR_TO_L": 15998, "ADR_FR_R": 15901, "ADR_TO_R": 15999, "ZIP_L": "55001", "ZIP_R": "55001", "CITYID_L": "2393887", "CITYID_R": "2393887", "CITY_L": "Afton", "CITY_R": "Afton", "COUNTY_L": "163", "COUNTY_R": "163", "CTYNAME_L": "Washington", "CTYNAME_R": "Washington", "STATE_L": "MN", "STATE_R": "MN", "PARITY_L": "E", "PARITY_R": "O", "POSTCOMM_L": "Afton", "POSTCOMM_R": "Afton", "ELEV_FROM": 0, "ELEV_TO": 0, "WC_ONEWAY": null, "WC_SPEED": null, "COMMENTS": null, "ONEWAY": "B", "SPEED_IMP": 30, "EMERG_ACC": null, "SPEEDLIMIT": 30, "ROUTE_NAME": "M", "ROUTE_NUM": null, "ESN_L": "3", "ESN_R": "3", "MSAG_C_L": "Afton", "MSAG_C_R": "Afton", "PSAP_L": "WASH", "PSAP_R": "WASH", "PS_STNAME": "31ST ST S", "PS_ALT_NM": null, "PS_ALT_NM2": null, "STATUS": "Active", "ACT_DATE": -2208988800000, "RET_DATE": null, "EDITED_BY": "SDE\\TASIEBE", "EDITED_DT": 1337817600000, "SOURCE": "Washington", "FUNCTIONAL": "7000", "SURF_TYPE": null, "created_user": null, "created_date": null, "last_edited_user": "DDMATZE", "last_edited_date": 1707418273000, "PS_MUNICODE_L": "A", "PS_MUNICODE_R": "A", "PD_LEFT": null, "PD_RIGHT": null, "FD_LEFT": null, "FD_RIGHT": null, "EMS_LEFT": null, "EMS_RIGHT": null, "L_SERV_AREA": null, "R_SERV_AREA": null, "Shape_Length": 159.184301481678}}, {"type": "Feature", "id": 6526, "geometry": {"type": "LineString", "coordinates": [[-92.78177922301536, 44.90393406338503], [-92.78176094768924, 44.90393608163018], [-92.78168762179715, 44.903941832672245], [-92.78161410136117, 44.90394395550749], [-92.7815405657972, 44.90394244495546], [-92.7813381699738, 44.90392860228826], [-92.78124192379408, 44.90392139757753], [-92.78114543899925, 44.903918964609545], [-92.78104895201994, 44.90392130934617], [-92.78095269929213, 44.90392842604174], [-92.78090335207325, 44.903939622846075], [-92.78085498393975, 44.90395449026346], [-92.78080786751212, 44.90397294449568]]}, "properties": {"OBJECTID": 6526, "ROUTE_ID": null, "UNIQUE_ID": "52988A5A-CEB1-45D7-81D4-B608B037A057", "ROUTE_SYS": "10", "ROUTE_DIR": null, "DIR_RTE_ID": null, "LOC_STATE": null, "PRIME_STAT": null, "ST_PRE_MOD": null, "ST_PRE_DIR": null, "ST_PRE_TYP": null, "ST_NAME": "31st", "ST_POS_TYP": "Street", "ST_POS_DIR": "South", "ST_POS_MOD": null, "ST_CONCAT": "31st Street South", "ST_NAME_A1": null, "A1_MSAG_YN": null, "ST_NAME_A2": null, "A2_MSAG_YN": null, "ST_NAME_A3": null, "A3_MSAG_YN": null, "CFCC": "A41", "WCFC": "A4", "CTY_RTE": null, "ST_RTE": null, "FED_RTE": null, "ADR_FR_L": 16000, "ADR_TO_L": 16098, "ADR_FR_R": 16001, "ADR_TO_R": 16099, "ZIP_L": "55001", "ZIP_R": "55001", "CITYID_L": "2393887", "CITYID_R": "2393887", "CITY_L": "Afton", "CITY_R": "Afton", "COUNTY_L": "163", "COUNTY_R": "163", "CTYNAME_L": "Washington", "CTYNAME_R": "Washington", "STATE_L": "MN", "STATE_R": "MN", "PARITY_L": "E", "PARITY_R": "O", "POSTCOMM_L": "Afton", "POSTCOMM_R": "Afton", "ELEV_FROM": 0, "ELEV_TO": 0, "WC_ONEWAY": null, "WC_SPEED": null, "COMMENTS": null, "ONEWAY": "B", "SPEED_IMP": 30, "EMERG_ACC": null, "SPEEDLIMIT": 30, "ROUTE_NAME": "M", "ROUTE_NUM": null, "ESN_L": "3", "ESN_R": "3", "MSAG_C_L": "Afton", "MSAG_C_R": "Afton", "PSAP_L": "WASH", "PSAP_R": "WASH", "PS_STNAME": "31ST ST S", "PS_ALT_NM": null, "PS_ALT_NM2": null, "STATUS": "Active", "ACT_DATE": -2208988800000, "RET_DATE": null, "EDITED_BY": "SDE\\TASIEBE", "EDITED_DT": 1337817600000, "SOURCE": "Washington", "FUNCTIONAL": "7000", "SURF_TYPE": null, "created_user": null, "created_date": null, "last_edited_user": "DDMATZE", "last_edited_date": 1707418273000, "PS_MUNICODE_L": "A", "PS_MUNICODE_R": "A", "PD_LEFT": null, "PD_RIGHT": null, "FD_LEFT": null, "FD_RIGHT": null, "EMS_LEFT": null, "EMS_RIGHT": null, "L_SERV_AREA": null, "R_SERV_AREA": null, "Shape_Length": 109.98083232641835}}, {"type": "Feature", "id": 6527, "geometry": {"type": "LineString", "coordinates": [[-92.78317102061429, 44.904911562080706], [-92.781923392737, 44.904891885157966], [-92.78189919064435, 44.904889730757546], [-92.78187562045079, 44.90488382917261], [-92.78185325868031, 44.9048743247552], [-92.78183265229903, 44.904861449982185], [-92.7818143053365, 44.90484551976891], [-92.78179866655711, 44.904826923766414], [-92.78178611848348, 44.904806116830606]]}, "properties": {"OBJECTID": 6527, "ROUTE_ID": null, "UNIQUE_ID": "D819F85E-C614-453C-8AA3-B5FCEE550C37", "ROUTE_SYS": "10", "ROUTE_DIR": null, "DIR_RTE_ID": null, "LOC_STATE": null, "PRIME_STAT": null, "ST_PRE_MOD": null, "ST_PRE_DIR": null, "ST_PRE_TYP": null, "ST_NAME": "30th", "ST_POS_TYP": "Street", "ST_POS_DIR": "South", "ST_POS_MOD": null, "ST_CONCAT": "30th Street South", "ST_NAME_A1": null, "A1_MSAG_YN": null, "ST_NAME_A2": null, "A2_MSAG_YN": null, "ST_NAME_A3": null, "A3_MSAG_YN": null, "CFCC": "A41", "WCFC": "A4", "CTY_RTE": null, "ST_RTE": null, "FED_RTE": null, "ADR_FR_L": 0, "ADR_TO_L": 0, "ADR_FR_R": 0, "ADR_TO_R": 0, "ZIP_L": "55001", "ZIP_R": "55001", "CITYID_L": "2393887", "CITYID_R": "2393887", "CITY_L": "Afton", "CITY_R": "Afton", "COUNTY_L": "163", "COUNTY_R": "163", "CTYNAME_L": "Washington", "CTYNAME_R": "Washington", "STATE_L": "MN", "STATE_R": "MN", "PARITY_L": "Z", "PARITY_R": "Z", "POSTCOMM_L": "Afton", "POSTCOMM_R": "Afton", "ELEV_FROM": 0, "ELEV_TO": 0, "WC_ONEWAY": null, "WC_SPEED": null, "COMMENTS": null, "ONEWAY": "B", "SPEED_IMP": 30, "EMERG_ACC": null, "SPEEDLIMIT": 30, "ROUTE_NAME": "M", "ROUTE_NUM": null, "ESN_L": "3", "ESN_R": "3", "MSAG_C_L": "Afton", "MSAG_C_R": "Afton", "PSAP_L": "WASH", "PSAP_R": "WASH", "PS_STNAME": "30TH ST S", "PS_ALT_NM": null, "PS_ALT_NM2": null, "STATUS": "Active", "ACT_DATE": -2208988800000, "RET_DATE": null, "EDITED_BY": "SDE\\TASIEBE", "EDITED_DT": 1337817600000, "SOURCE": "Washington", "FUNCTIONAL": "7000", "SURF_TYPE": null, "created_user": null, "created_date": null, "last_edited_user": "DDMATZE", "last_edited_date": 1707418273000, "PS_MUNICODE_L": "A", "PS_MUNICODE_R": "A", "PD_LEFT": null, "PD_RIGHT": null, "FD_LEFT": null, "FD_RIGHT": null, "EMS_LEFT": null, "EMS_RIGHT": null, "L_SERV_AREA": null, "R_SERV_AREA": null, "Shape_Length": 160.55889396732877}}, {"type": "Feature", "id": 6528, "geometry": {"type": "LineString", "coordinates": [[-92.78469993256661, 44.90290794390779], [-92.78452454041262, 44.90288168898691], [-92.78434845884655, 44.90286054636077], [-92.78417183684842, 44.90284453391783], [-92.78399482385552, 44.90283366520598], [-92.78381756963596, 44.902827949421095], [-92.78364022416191, 44.90282739139919], [-92.78323748426723, 44.902830402918106]]}, "properties": {"OBJECTID": 6528, "ROUTE_ID": null, "UNIQUE_ID": "1A2067C6-A628-454F-9F99-9C6BEFBC9A1E", "ROUTE_SYS": "04", "ROUTE_DIR": null, "DIR_RTE_ID": null, "LOC_STATE": null, "PRIME_STAT": null, "ST_PRE_MOD": null, "ST_PRE_DIR": null, "ST_PRE_TYP": null, "ST_NAME": "Afton", "ST_POS_TYP": "Boulevard", "ST_POS_DIR": "South", "ST_POS_MOD": null, "ST_CONCAT": "Afton Boulevard South", "ST_NAME_A1": "CSAH 18", "A1_MSAG_YN": null, "ST_NAME_A2": null, "A2_MSAG_YN": null, "ST_NAME_A3": null, "A3_MSAG_YN": null, "CFCC": "A31", "WCFC": "A3", "CTY_RTE": "18", "ST_RTE": null, "FED_RTE": null, "ADR_FR_L": 15850, "ADR_TO_L": 15898, "ADR_FR_R": 15851, "ADR_TO_R": 15899, "ZIP_L": "55001", "ZIP_R": "55001", "CITYID_L": "2393887", "CITYID_R": "2393887", "CITY_L": "Afton", "CITY_R": "Afton", "COUNTY_L": "163", "COUNTY_R": "163", "CTYNAME_L": "Washington", "CTYNAME_R": "Washington", "STATE_L": "MN", "STATE_R": "MN", "PARITY_L": "E", "PARITY_R": "O", "POSTCOMM_L": "Afton", "POSTCOMM_R": "Afton", "ELEV_FROM": 0, "ELEV_TO": 0, "WC_ONEWAY": null, "WC_SPEED": null, "COMMENTS": null, "ONEWAY": "B", "SPEED_IMP": 45, "EMERG_ACC": null, "SPEEDLIMIT": 45, "ROUTE_NAME": "CSAH", "ROUTE_NUM": "18", "ESN_L": "3", "ESN_R": "3", "MSAG_C_L": "Afton", "MSAG_C_R": "Afton", "PSAP_L": "WASH", "PSAP_R": "WASH", "PS_STNAME": "AFTON BLVD S", "PS_ALT_NM": "CO RD 18", "PS_ALT_NM2": null, "STATUS": "Active", "ACT_DATE": -2208988800000, "RET_DATE": null, "EDITED_BY": "SDELOADER\\TASIEBE", "EDITED_DT": 1345593600000, "SOURCE": "Washington", "FUNCTIONAL": "4214", "SURF_TYPE": "Paved", "created_user": null, "created_date": null, "last_edited_user": "DDMATZE", "last_edited_date": 1707418273000, "PS_MUNICODE_L": "A", "PS_MUNICODE_R": "A", "PD_LEFT": null, "PD_RIGHT": null, "FD_LEFT": null, "FD_RIGHT": null, "EMS_LEFT": null, "EMS_RIGHT": null, "L_SERV_AREA": null, "R_SERV_AREA": null, "Shape_Length": 163.7757712576709}}, {"type": "Feature", "id": 6531, "geometry": {"type": "LineString", "coordinates": [[-92.78178611848348, 44.904806116830606], [-92.78177366168421, 44.90475913992692], [-92.7817663065354, 44.90471109928668], [-92.7817641376068, 44.90466254728284], [-92.78176997306288, 44.90407586083864], [-92.78177233632233, 44.904004814572], [-92.78177922301536, 44.90393406338503]]}, "properties": {"OBJECTID": 6531, "ROUTE_ID": null, "UNIQUE_ID": "15E903CC-EBC7-4B9F-952D-7E5DF047E4A1", "ROUTE_SYS": "10", "ROUTE_DIR": null, "DIR_RTE_ID": null, "LOC_STATE": null, "PRIME_STAT": null, "ST_PRE_MOD": null, "ST_PRE_DIR": null, "ST_PRE_TYP": null, "ST_NAME": "Pike", "ST_POS_TYP": "Avenue", "ST_POS_DIR": "South", "ST_POS_MOD": null, "ST_CONCAT": "Pike Avenue South", "ST_NAME_A1": null, "A1_MSAG_YN": null, "ST_NAME_A2": null, "A2_MSAG_YN": null, "ST_NAME_A3": null, "A3_MSAG_YN": null, "CFCC": "A41", "WCFC": "A4", "CTY_RTE": null, "ST_RTE": null, "FED_RTE": null, "ADR_FR_L": 3001, "ADR_TO_L": 3099, "ADR_FR_R": 3000, "ADR_TO_R": 3098, "ZIP_L": "55001", "ZIP_R": "55001", "CITYID_L": "2393887", "CITYID_R": "2393887", "CITY_L": "Afton", "CITY_R": "Afton", "COUNTY_L": "163", "COUNTY_R": "163", "CTYNAME_L": "Washington", "CTYNAME_R": "Washington", "STATE_L": "MN", "STATE_R": "MN", "PARITY_L": "O", "PARITY_R": "E", "POSTCOMM_L": "Afton", "POSTCOMM_R": "Afton", "ELEV_FROM": 0, "ELEV_TO": 0, "WC_ONEWAY": null, "WC_SPEED": null, "COMMENTS": null, "ONEWAY": "B", "SPEED_IMP": 30, "EMERG_ACC": null, "SPEEDLIMIT": 30, "ROUTE_NAME": "M", "ROUTE_NUM": null, "ESN_L": "3", "ESN_R": "3", "MSAG_C_L": "Afton", "MSAG_C_R": "Afton", "PSAP_L": "WASH", "PSAP_R": "WASH", "PS_STNAME": "PIKE AVE S", "PS_ALT_NM": null, "PS_ALT_NM2": null, "STATUS": "Active", "ACT_DATE": -2208988800000, "RET_DATE": null, "EDITED_BY": "SDE\\TASIEBE", "EDITED_DT": 1337817600000, "SOURCE": "Washington", "FUNCTIONAL": "7000", "SURF_TYPE": null, "created_user": null, "created_date": null, "last_edited_user": "DDMATZE", "last_edited_date": 1707418273000, "PS_MUNICODE_L": "A", "PS_MUNICODE_R": "A", "PD_LEFT": null, "PD_RIGHT": null, "FD_LEFT": null, "FD_RIGHT": null, "EMS_LEFT": null, "EMS_RIGHT": null, "L_SERV_AREA": null, "R_SERV_AREA": null, "Shape_Length": 137.2748344944918}}, {"type": "Feature", "id": 6589, "geometry": {"type": "LineString", "coordinates": [[-92.78598201263169, 44.90312396257923], [-92.78586720151353, 44.90311280915016], [-92.7857528660846, 44.903097531665814], [-92.78563915443381, 44.90307814991381], [-92.78469993256661, 44.90290794390779]]}, "properties": {"OBJECTID": 6589, "ROUTE_ID": null, "UNIQUE_ID": "148199F3-6224-46BB-8C1B-AA13EB66E59C", "ROUTE_SYS": "04", "ROUTE_DIR": null, "DIR_RTE_ID": null, "LOC_STATE": null, "PRIME_STAT": null, "ST_PRE_MOD": null, "ST_PRE_DIR": null, "ST_PRE_TYP": null, "ST_NAME": "Afton", "ST_POS_TYP": "Boulevard", "ST_POS_DIR": "South", "ST_POS_MOD": null, "ST_CONCAT": "Afton Boulevard South", "ST_NAME_A1": "CSAH 18", "A1_MSAG_YN": null, "ST_NAME_A2": null, "A2_MSAG_YN": null, "ST_NAME_A3": null, "A3_MSAG_YN": null, "CFCC": "A31", "WCFC": "A3", "CTY_RTE": "18", "ST_RTE": null, "FED_RTE": null, "ADR_FR_L": 15800, "ADR_TO_L": 15848, "ADR_FR_R": 15801, "ADR_TO_R": 15849, "ZIP_L": "55001", "ZIP_R": "55001", "CITYID_L": "2393887", "CITYID_R": "2393887", "CITY_L": "Afton", "CITY_R": "Afton", "COUNTY_L": "163", "COUNTY_R": "163", "CTYNAME_L": "Washington", "CTYNAME_R": "Washington", "STATE_L": "MN", "STATE_R": "MN", "PARITY_L": "E", "PARITY_R": "O", "POSTCOMM_L": "Afton", "POSTCOMM_R": "Afton", "ELEV_FROM": 0, "ELEV_TO": 0, "WC_ONEWAY": null, "WC_SPEED": null, "COMMENTS": null, "ONEWAY": "B", "SPEED_IMP": 45, "EMERG_ACC": null, "SPEEDLIMIT": 45, "ROUTE_NAME": "CSAH", "ROUTE_NUM": "18", "ESN_L": "3", "ESN_R": "3", "MSAG_C_L": "Afton", "MSAG_C_R": "Afton", "PSAP_L": "WASH", "PSAP_R": "WASH", "PS_STNAME": "AFTON BLVD S", "PS_ALT_NM": "CO RD 18", "PS_ALT_NM2": null, "STATUS": "Active", "ACT_DATE": -2208988800000, "RET_DATE": null, "EDITED_BY": "SDELOADER\\TASIEBE", "EDITED_DT": 1345593600000, "SOURCE": "Washington", "FUNCTIONAL": "4214", "SURF_TYPE": "Paved", "created_user": null, "created_date": null, "last_edited_user": "DDMATZE", "last_edited_date": 1707418273000, "PS_MUNICODE_L": "A", "PS_MUNICODE_R": "A", "PD_LEFT": null, "PD_RIGHT": null, "FD_LEFT": null, "FD_RIGHT": null, "EMS_LEFT": null, "EMS_RIGHT": null, "L_SERV_AREA": null, "R_SERV_AREA": null, "Shape_Length": 146.797838406554}}, {"type": "Feature", "id": 6590, "geometry": {"type": "LineString", "coordinates": [[-92.78686433790374, 44.89955061076414], [-92.78685532584662, 44.899568429317405], [-92.78684369681936, 44.8995846614996], [-92.78682972396503, 44.89959892604852], [-92.78681373547863, 44.89961088791782], [-92.78679610689845, 44.89962026614659], [-92.78677725228533, 44.899626840458595], [-92.78675761449726, 44.8996304564361], [-92.78673765478743, 44.89963102914687], [-92.78653407294034, 44.899643542551466], [-92.78633031551847, 44.8996527657173], [-92.78623377956916, 44.89965584060094], [-92.78613719929197, 44.89965489483176]]}, "properties": {"OBJECTID": 6590, "ROUTE_ID": null, "UNIQUE_ID": "B54AEE08-258A-4EE2-A9CD-F2E678940A7B", "ROUTE_SYS": "10", "ROUTE_DIR": null, "DIR_RTE_ID": null, "LOC_STATE": null, "PRIME_STAT": null, "ST_PRE_MOD": null, "ST_PRE_DIR": null, "ST_PRE_TYP": null, "ST_NAME": "34th", "ST_POS_TYP": "Street", "ST_POS_DIR": "South", "ST_POS_MOD": null, "ST_CONCAT": "34th Street South", "ST_NAME_A1": null, "A1_MSAG_YN": null, "ST_NAME_A2": null, "A2_MSAG_YN": null, "ST_NAME_A3": null, "A3_MSAG_YN": null, "CFCC": "A41", "WCFC": "A4", "CTY_RTE": null, "ST_RTE": null, "FED_RTE": null, "ADR_FR_L": 15800, "ADR_TO_L": 15848, "ADR_FR_R": 15801, "ADR_TO_R": 15849, "ZIP_L": "55001", "ZIP_R": "55001", "CITYID_L": "2393887", "CITYID_R": "2393887", "CITY_L": "Afton", "CITY_R": "Afton", "COUNTY_L": "163", "COUNTY_R": "163", "CTYNAME_L": "Washington", "CTYNAME_R": "Washington", "STATE_L": "MN", "STATE_R": "MN", "PARITY_L": "E", "PARITY_R": "O", "POSTCOMM_L": "Afton", "POSTCOMM_R": "Afton", "ELEV_FROM": 0, "ELEV_TO": 0, "WC_ONEWAY": null, "WC_SPEED": null, "COMMENTS": null, "ONEWAY": "B", "SPEED_IMP": 30, "EMERG_ACC": null, "SPEEDLIMIT": 30, "ROUTE_NAME": "M", "ROUTE_NUM": null, "ESN_L": "3", "ESN_R": "3", "MSAG_C_L": "Afton", "MSAG_C_R": "Afton", "PSAP_L": "WASH", "PSAP_R": "WASH", "PS_STNAME": "34TH ST S", "PS_ALT_NM": null, "PS_ALT_NM2": null, "STATUS": "Active", "ACT_DATE": -2208988800000, "RET_DATE": null, "EDITED_BY": "SDE\\TASIEBE", "EDITED_DT": 1337817600000, "SOURCE": "Washington", "FUNCTIONAL": "7000", "SURF_TYPE": null, "created_user": null, "created_date": null, "last_edited_user": "DDMATZE", "last_edited_date": 1707418273000, "PS_MUNICODE_L": "A", "PS_MUNICODE_R": "A", "PD_LEFT": null, "PD_RIGHT": null, "FD_LEFT": null, "FD_RIGHT": null, "EMS_LEFT": null, "EMS_RIGHT": null, "L_SERV_AREA": null, "R_SERV_AREA": null, "Shape_Length": 87.38908640344306}}, {"type": "Feature", "id": 6591, "geometry": {"type": "LineString", "coordinates": [[-92.7832195808436, 44.90180463024622], [-92.78306685287227, 44.90180135842992], [-92.78280060327258, 44.901792111362894], [-92.78253424533357, 44.90178683823173], [-92.78217545677639, 44.901780786047105], [-92.78181684266282, 44.9017680669569], [-92.78161877223869, 44.901761282401985], [-92.78142082126814, 44.90175162132738]]}, "properties": {"OBJECTID": 6591, "ROUTE_ID": null, "UNIQUE_ID": "28E7F5A5-4B49-4FF2-8813-D60D1EB2E17C", "ROUTE_SYS": "10", "ROUTE_DIR": null, "DIR_RTE_ID": null, "LOC_STATE": null, "PRIME_STAT": null, "ST_PRE_MOD": null, "ST_PRE_DIR": null, "ST_PRE_TYP": null, "ST_NAME": "32nd", "ST_POS_TYP": "Street", "ST_POS_DIR": "South", "ST_POS_MOD": null, "ST_CONCAT": "32nd Street South", "ST_NAME_A1": null, "A1_MSAG_YN": null, "ST_NAME_A2": null, "A2_MSAG_YN": null, "ST_NAME_A3": null, "A3_MSAG_YN": null, "CFCC": "A41", "WCFC": "A4", "CTY_RTE": null, "ST_RTE": null, "FED_RTE": null, "ADR_FR_L": 15900, "ADR_TO_L": 15998, "ADR_FR_R": 15901, "ADR_TO_R": 15999, "ZIP_L": "55001", "ZIP_R": "55001", "CITYID_L": "2393887", "CITYID_R": "2393887", "CITY_L": "Afton", "CITY_R": "Afton", "COUNTY_L": "163", "COUNTY_R": "163", "CTYNAME_L": "Washington", "CTYNAME_R": "Washington", "STATE_L": "MN", "STATE_R": "MN", "PARITY_L": "E", "PARITY_R": "O", "POSTCOMM_L": "Afton", "POSTCOMM_R": "Afton", "ELEV_FROM": 0, "ELEV_TO": 0, "WC_ONEWAY": null, "WC_SPEED": null, "COMMENTS": null, "ONEWAY": "B", "SPEED_IMP": 30, "EMERG_ACC": null, "SPEEDLIMIT": 30, "ROUTE_NAME": "M", "ROUTE_NUM": null, "ESN_L": "3", "ESN_R": "3", "MSAG_C_L": "Afton", "MSAG_C_R": "Afton", "PSAP_L": "WASH", "PSAP_R": "WASH", "PS_STNAME": "32ND ST S", "PS_ALT_NM": null, "PS_ALT_NM2": null, "STATUS": "Active", "ACT_DATE": -2208988800000, "RET_DATE": null, "EDITED_BY": "SDE\\TASIEBE", "EDITED_DT": 1337817600000, "SOURCE": "Washington", "FUNCTIONAL": "7000", "SURF_TYPE": null, "created_user": null, "created_date": null, "last_edited_user": "DDMATZE", "last_edited_date": 1707418273000, "PS_MUNICODE_L": "A", "PS_MUNICODE_R": "A", "PD_LEFT": null, "PD_RIGHT": null, "FD_LEFT": null, "FD_RIGHT": null, "EMS_LEFT": null, "EMS_RIGHT": null, "L_SERV_AREA": null, "R_SERV_AREA": null, "Shape_Length": 200.4359580908718}}, {"type": "Feature", "id": 6592, "geometry": {"type": "LineString", "coordinates": [[-92.78142082126814, 44.90175162132738], [-92.78052008824208, 44.90170975889494], [-92.77961957964756, 44.90166331840966]]}, "properties": {"OBJECTID": 6592, "ROUTE_ID": null, "UNIQUE_ID": "DBD28437-EB7E-47F0-8265-8BB63A076861", "ROUTE_SYS": "10", "ROUTE_DIR": null, "DIR_RTE_ID": null, "LOC_STATE": null, "PRIME_STAT": null, "ST_PRE_MOD": null, "ST_PRE_DIR": null, "ST_PRE_TYP": null, "ST_NAME": "32nd", "ST_POS_TYP": "Street", "ST_POS_DIR": "South", "ST_POS_MOD": null, "ST_CONCAT": "32nd Street South", "ST_NAME_A1": null, "A1_MSAG_YN": null, "ST_NAME_A2": null, "A2_MSAG_YN": null, "ST_NAME_A3": null, "A3_MSAG_YN": null, "CFCC": "A41", "WCFC": "A4", "CTY_RTE": null, "ST_RTE": null, "FED_RTE": null, "ADR_FR_L": 16000, "ADR_TO_L": 16100, "ADR_FR_R": 16001, "ADR_TO_R": 16099, "ZIP_L": "55001", "ZIP_R": "55001", "CITYID_L": "2393887", "CITYID_R": "2393887", "CITY_L": "Afton", "CITY_R": "Afton", "COUNTY_L": "163", "COUNTY_R": "163", "CTYNAME_L": "Washington", "CTYNAME_R": "Washington", "STATE_L": "MN", "STATE_R": "MN", "PARITY_L": "E", "PARITY_R": "O", "POSTCOMM_L": "Afton", "POSTCOMM_R": "Afton", "ELEV_FROM": 0, "ELEV_TO": 0, "WC_ONEWAY": null, "WC_SPEED": null, "COMMENTS": null, "ONEWAY": "B", "SPEED_IMP": 30, "EMERG_ACC": null, "SPEEDLIMIT": 30, "ROUTE_NAME": "M", "ROUTE_NUM": null, "ESN_L": "3", "ESN_R": "3", "MSAG_C_L": "Afton", "MSAG_C_R": "Afton", "PSAP_L": "WASH", "PSAP_R": "WASH", "PS_STNAME": "32ND ST S", "PS_ALT_NM": null, "PS_ALT_NM2": null, "STATUS": "Active", "ACT_DATE": -2208988800000, "RET_DATE": null, "EDITED_BY": "SDE\\TASIEBE", "EDITED_DT": 1337817600000, "SOURCE": "Washington", "FUNCTIONAL": "7000", "SURF_TYPE": null, "created_user": null, "created_date": null, "last_edited_user": "DDMATZE", "last_edited_date": 1707418273000, "PS_MUNICODE_L": "A", "PS_MUNICODE_R": "A", "PD_LEFT": null, "PD_RIGHT": null, "FD_LEFT": null, "FD_RIGHT": null, "EMS_LEFT": null, "EMS_RIGHT": null, "L_SERV_AREA": null, "R_SERV_AREA": null, "Shape_Length": 200.99468718361788}}, {"type": "Feature", "id": 6593, "geometry": {"type": "LineString", "coordinates": [[-92.78492962998813, 44.90441025401221], [-92.78488644327768, 44.904411517253685], [-92.7848435034101, 44.904406736509856], [-92.78480165208987, 44.90439600549256], [-92.78476170968376, 44.90437953455047], [-92.78472445914021, 44.90435764654592], [-92.78469063064189, 44.90433077052613], [-92.78466088729279, 44.90429943331306], [-92.78461092162732, 44.90423591408666], [-92.7845664117785, 44.90416845941146], [-92.7845276661455, 44.90409753666637], [-92.78449495318844, 44.90402363725981], [-92.78448701813087, 44.904003473543334], [-92.7844824894153, 44.90398228318383], [-92.78448148911995, 44.90396063739878], [-92.78448404420928, 44.90393911968238], [-92.78449008580705, 44.90391831007649], [-92.78449945105308, 44.90389876953485]]}, "properties": {"OBJECTID": 6593, "ROUTE_ID": null, "UNIQUE_ID": "DCA85BFD-D7E7-4705-8FD1-DE193F05E70D", "ROUTE_SYS": "10", "ROUTE_DIR": null, "DIR_RTE_ID": null, "LOC_STATE": null, "PRIME_STAT": null, "ST_PRE_MOD": null, "ST_PRE_DIR": null, "ST_PRE_TYP": null, "ST_NAME": "Perrot", "ST_POS_TYP": "Avenue", "ST_POS_DIR": "South", "ST_POS_MOD": null, "ST_CONCAT": "Perrot Avenue South", "ST_NAME_A1": null, "A1_MSAG_YN": null, "ST_NAME_A2": null, "A2_MSAG_YN": null, "ST_NAME_A3": null, "A3_MSAG_YN": null, "CFCC": "A41", "WCFC": "A4", "CTY_RTE": null, "ST_RTE": null, "FED_RTE": null, "ADR_FR_L": 3049, "ADR_TO_L": 3099, "ADR_FR_R": 3050, "ADR_TO_R": 3098, "ZIP_L": "55001", "ZIP_R": "55001", "CITYID_L": "2393887", "CITYID_R": "2393887", "CITY_L": "Afton", "CITY_R": "Afton", "COUNTY_L": "163", "COUNTY_R": "163", "CTYNAME_L": "Washington", "CTYNAME_R": "Washington", "STATE_L": "MN", "STATE_R": "MN", "PARITY_L": "O", "PARITY_R": "E", "POSTCOMM_L": "Afton", "POSTCOMM_R": "Afton", "ELEV_FROM": 0, "ELEV_TO": 0, "WC_ONEWAY": null, "WC_SPEED": null, "COMMENTS": null, "ONEWAY": "B", "SPEED_IMP": 30, "EMERG_ACC": null, "SPEEDLIMIT": 30, "ROUTE_NAME": "M", "ROUTE_NUM": null, "ESN_L": "3", "ESN_R": "3", "MSAG_C_L": "Afton", "MSAG_C_R": "Afton", "PSAP_L": "WASH", "PSAP_R": "WASH", "PS_STNAME": "PERROT AVE S", "PS_ALT_NM": null, "PS_ALT_NM2": null, "STATUS": "Active", "ACT_DATE": -2208988800000, "RET_DATE": null, "EDITED_BY": "SDE\\TASIEBE", "EDITED_DT": 1337817600000, "SOURCE": "Washington", "FUNCTIONAL": "7000", "SURF_TYPE": null, "created_user": null, "created_date": null, "last_edited_user": "DDMATZE", "last_edited_date": 1707418273000, "PS_MUNICODE_L": "A", "PS_MUNICODE_R": "A", "PD_LEFT": null, "PD_RIGHT": null, "FD_LEFT": null, "FD_RIGHT": null, "EMS_LEFT": null, "EMS_RIGHT": null, "L_SERV_AREA": null, "R_SERV_AREA": null, "Shape_Length": 104.06282130590289}}, {"type": "Feature", "id": 6594, "geometry": {"type": "LineString", "coordinates": [[-92.78080786751212, 44.90397294449568], [-92.78076373120366, 44.90399210965666], [-92.78072218097681, 44.90401637683136], [-92.78068380398886, 44.904045403093875], [-92.78064914255523, 44.90407877826637], [-92.78061868648588, 44.9041160307154], [-92.78059286616362, 44.904156634016715], [-92.78057204646225, 44.90420001439425], [-92.78055652159057, 44.904245558828364], [-92.78036256543926, 44.905188342614494], [-92.78031379410587, 44.90540199285593], [-92.78028821604785, 44.905462565058805], [-92.78025649776747, 44.90552016001955], [-92.78021898090822, 44.905574157372115], [-92.78017606957116, 44.905623975500994], [-92.78012822596229, 44.90566907780585], [-92.78007596541401, 44.905708978481364], [-92.7800198508344, 44.90574324774994], [-92.77996048664404, 44.90577151649092], [-92.77989851226567, 44.90579348021644], [-92.77983459523685, 44.90580890235112], [-92.77976942401975, 44.90581761678028], [-92.7797037005857, 44.90581952963918], [-92.77962005511222, 44.90582415342562], [-92.77953629678765, 44.90582257618122], [-92.77945288469333, 44.90581480655091], [-92.77937027601288, 44.90580088712021], [-92.77928892352645, 44.90578089418183], [-92.77920927312888, 44.90575493731755], [-92.7791317613859, 44.90572315879756], [-92.77905681314115, 44.90568573280065], [-92.77898483918774, 44.90564286445959], [-92.77891623401659, 44.905594788736764], [-92.77885137365423, 44.905541769136335], [-92.77828071078515, 44.904999873370706], [-92.77817865409739, 44.90492515030452], [-92.77807334871515, 44.90485507976429], [-92.77796500657747, 44.90478980277493], [-92.7778538457352, 44.9047294507138]]}, "properties": {"OBJECTID": 6594, "ROUTE_ID": null, "UNIQUE_ID": "84CD4552-08FB-405E-B632-1E4DC30F8A38", "ROUTE_SYS": "70", "ROUTE_DIR": null, "DIR_RTE_ID": null, "LOC_STATE": null, "PRIME_STAT": null, "ST_PRE_MOD": null, "ST_PRE_DIR": null, "ST_PRE_TYP": null, "ST_NAME": "Private", "ST_POS_TYP": "Drive", "ST_POS_DIR": null, "ST_POS_MOD": null, "ST_CONCAT": "Private Drive", "ST_NAME_A1": null, "A1_MSAG_YN": null, "ST_NAME_A2": null, "A2_MSAG_YN": null, "ST_NAME_A3": null, "A3_MSAG_YN": null, "CFCC": "A74", "WCFC": "A7", "CTY_RTE": null, "ST_RTE": null, "FED_RTE": null, "ADR_FR_L": 0, "ADR_TO_L": 0, "ADR_FR_R": 0, "ADR_TO_R": 0, "ZIP_L": "55001", "ZIP_R": "55001", "CITYID_L": "2393887", "CITYID_R": "2393887", "CITY_L": "Afton", "CITY_R": "Afton", "COUNTY_L": "163", "COUNTY_R": "163", "CTYNAME_L": "Washington", "CTYNAME_R": "Washington", "STATE_L": "MN", "STATE_R": "MN", "PARITY_L": "Z", "PARITY_R": "Z", "POSTCOMM_L": "Afton", "POSTCOMM_R": "Afton", "ELEV_FROM": 0, "ELEV_TO": 0, "WC_ONEWAY": null, "WC_SPEED": null, "COMMENTS": null, "ONEWAY": "B", "SPEED_IMP": 30, "EMERG_ACC": null, "SPEEDLIMIT": 30, "ROUTE_NAME": "PRRA", "ROUTE_NUM": null, "ESN_L": "3", "ESN_R": "3", "MSAG_C_L": "Afton", "MSAG_C_R": "Afton", "PSAP_L": "WASH", "PSAP_R": "WASH", "PS_STNAME": "PRIVATE DR", "PS_ALT_NM": null, "PS_ALT_NM2": null, "STATUS": "Active", "ACT_DATE": -2208988800000, "RET_DATE": null, "EDITED_BY": "SDE\\TASIEBE", "EDITED_DT": 1337817600000, "SOURCE": "Washington", "FUNCTIONAL": "7000", "SURF_TYPE": null, "created_user": null, "created_date": null, "last_edited_user": "DDMATZE", "last_edited_date": 1707418273000, "PS_MUNICODE_L": "A", "PS_MUNICODE_R": "A", "PD_LEFT": null, "PD_RIGHT": null, "FD_LEFT": null, "FD_RIGHT": null, "EMS_LEFT": null, "EMS_RIGHT": null, "L_SERV_AREA": null, "R_SERV_AREA": null, "Shape_Length": 617.5888697466045}}, {"type": "Feature", "id": 6595, "geometry": {"type": "LineString", "coordinates": [[-92.78080786751212, 44.90397294449568], [-92.7807688958125, 44.90398955204011], [-92.78072777267865, 44.90399972513041], [-92.78068555290244, 44.90400320283091], [-92.78064331940416, 44.903999895939975], [-92.7806021554561, 44.90398988927804], [-92.78056311689696, 44.90397343951196], [-92.78052720505009, 44.90395096857163], [-92.78049534103998, 44.903923052827636], [-92.78046834216563, 44.903890408307596], [-92.78044690093738, 44.90385387233034], [-92.78043156731407, 44.90381438202899], [-92.780422734597, 44.90377295031393], [-92.78051842413187, 44.903240466229946], [-92.78061808298185, 44.90270871074065], [-92.78072170560165, 44.902177713434206], [-92.78071751714566, 44.90214681505392], [-92.78070847977183, 44.90211697248462], [-92.78069482239285, 44.90208894162542], [-92.78067689094411, 44.902063432485605], [-92.78065513962129, 44.902041091200424], [-92.78063011937579, 44.90202248366477], [-92.78060246395937, 44.90200808119932], [-92.78057287387155, 44.901998248612145], [-92.78054209861617, 44.90199323495835], [-92.78051091771687, 44.90199316723155], [-92.78040365931521, 44.90198552555791], [-92.78029613363175, 44.901984531930076], [-92.78018875232786, 44.90199019015213], [-92.78008192651218, 44.902002478561606], [-92.77997606516668, 44.90202135011241], [-92.77987157358083, 44.902046732554936], [-92.77976885180001, 44.90207852871266]]}, "properties": {"OBJECTID": 6595, "ROUTE_ID": null, "UNIQUE_ID": "B5D30615-2D0E-4887-A0B7-B82AAA06E704", "ROUTE_SYS": "70", "ROUTE_DIR": null, "DIR_RTE_ID": null, "LOC_STATE": null, "PRIME_STAT": null, "ST_PRE_MOD": null, "ST_PRE_DIR": null, "ST_PRE_TYP": null, "ST_NAME": "Private", "ST_POS_TYP": "Drive", "ST_POS_DIR": null, "ST_POS_MOD": null, "ST_CONCAT": "Private Drive", "ST_NAME_A1": null, "A1_MSAG_YN": null, "ST_NAME_A2": null, "A2_MSAG_YN": null, "ST_NAME_A3": null, "A3_MSAG_YN": null, "CFCC": "A74", "WCFC": "A7", "CTY_RTE": null, "ST_RTE": null, "FED_RTE": null, "ADR_FR_L": 0, "ADR_TO_L": 0, "ADR_FR_R": 0, "ADR_TO_R": 0, "ZIP_L": "55001", "ZIP_R": "55001", "CITYID_L": "2393887", "CITYID_R": "2393887", "CITY_L": "Afton", "CITY_R": "Afton", "COUNTY_L": "163", "COUNTY_R": "163", "CTYNAME_L": "Washington", "CTYNAME_R": "Washington", "STATE_L": "MN", "STATE_R": "MN", "PARITY_L": "Z", "PARITY_R": "Z", "POSTCOMM_L": "Afton", "POSTCOMM_R": "Afton", "ELEV_FROM": 0, "ELEV_TO": 0, "WC_ONEWAY": null, "WC_SPEED": null, "COMMENTS": null, "ONEWAY": "B", "SPEED_IMP": 30, "EMERG_ACC": null, "SPEEDLIMIT": 30, "ROUTE_NAME": "PRRA", "ROUTE_NUM": null, "ESN_L": "3", "ESN_R": "3", "MSAG_C_L": "Afton", "MSAG_C_R": "Afton", "PSAP_L": "WASH", "PSAP_R": "WASH", "PS_STNAME": "PRIVATE DR", "PS_ALT_NM": null, "PS_ALT_NM2": null, "STATUS": "Active", "ACT_DATE": -2208988800000, "RET_DATE": null, "EDITED_BY": "SDE\\TASIEBE", "EDITED_DT": 1337817600000, "SOURCE": "Washington", "FUNCTIONAL": "7000", "SURF_TYPE": null, "created_user": null, "created_date": null, "last_edited_user": "DDMATZE", "last_edited_date": 1707418273000, "PS_MUNICODE_L": "A", "PS_MUNICODE_R": "A", "PD_LEFT": null, "PD_RIGHT": null, "FD_LEFT": null, "FD_RIGHT": null, "EMS_LEFT": null, "EMS_RIGHT": null, "L_SERV_AREA": null, "R_SERV_AREA": null, "Shape_Length": 444.1195876615132}}, {"type": "Feature", "id": 6596, "geometry": {"type": "LineString", "coordinates": [[-92.78613719929197, 44.89965489483176], [-92.78611326098627, 44.89905417536108], [-92.78611221083864, 44.89889502915285], [-92.78610913143092, 44.8987359092746]]}, "properties": {"OBJECTID": 6596, "ROUTE_ID": null, "UNIQUE_ID": "1BB6ADB4-3BC8-438A-A0A2-17A2E0F17D58", "ROUTE_SYS": "10", "ROUTE_DIR": null, "DIR_RTE_ID": null, "LOC_STATE": null, "PRIME_STAT": null, "ST_PRE_MOD": null, "ST_PRE_DIR": null, "ST_PRE_TYP": null, "ST_NAME": "Pennington", "ST_POS_TYP": "Avenue", "ST_POS_DIR": "South", "ST_POS_MOD": null, "ST_CONCAT": "Pennington Avenue South", "ST_NAME_A1": null, "A1_MSAG_YN": null, "ST_NAME_A2": null, "A2_MSAG_YN": null, "ST_NAME_A3": null, "A3_MSAG_YN": null, "CFCC": "A41", "WCFC": "A4", "CTY_RTE": null, "ST_RTE": null, "FED_RTE": null, "ADR_FR_L": 3401, "ADR_TO_L": 3419, "ADR_FR_R": 3400, "ADR_TO_R": 3420, "ZIP_L": "55001", "ZIP_R": "55001", "CITYID_L": "2393887", "CITYID_R": "2393887", "CITY_L": "Afton", "CITY_R": "Afton", "COUNTY_L": "163", "COUNTY_R": "163", "CTYNAME_L": "Washington", "CTYNAME_R": "Washington", "STATE_L": "MN", "STATE_R": "MN", "PARITY_L": "O", "PARITY_R": "E", "POSTCOMM_L": "Afton", "POSTCOMM_R": "Afton", "ELEV_FROM": 0, "ELEV_TO": 0, "WC_ONEWAY": null, "WC_SPEED": null, "COMMENTS": null, "ONEWAY": "B", "SPEED_IMP": 30, "EMERG_ACC": null, "SPEEDLIMIT": 30, "ROUTE_NAME": "M", "ROUTE_NUM": null, "ESN_L": "3", "ESN_R": "3", "MSAG_C_L": "Afton", "MSAG_C_R": "Afton", "PSAP_L": "WASH", "PSAP_R": "WASH", "PS_STNAME": "PENNINGTON AVE S", "PS_ALT_NM": null, "PS_ALT_NM2": null, "STATUS": "Active", "ACT_DATE": -2208988800000, "RET_DATE": null, "EDITED_BY": "SDE\\TASIEBE", "EDITED_DT": 1337817600000, "SOURCE": "Washington", "FUNCTIONAL": "7000", "SURF_TYPE": null, "created_user": null, "created_date": null, "last_edited_user": "DDMATZE", "last_edited_date": 1707418273000, "PS_MUNICODE_L": "A", "PS_MUNICODE_R": "A", "PD_LEFT": null, "PD_RIGHT": null, "FD_LEFT": null, "FD_RIGHT": null, "EMS_LEFT": null, "EMS_RIGHT": null, "L_SERV_AREA": null, "R_SERV_AREA": null, "Shape_Length": 144.46219475841815}}, {"type": "Feature", "id": 6597, "geometry": {"type": "LineString", "coordinates": [[-92.78610913143092, 44.8987359092746], [-92.78621016025066, 44.89873153959049], [-92.78631064510868, 44.898720194553405], [-92.78667245865736, 44.898654633143316], [-92.78672920512042, 44.898640586629135], [-92.78678429891025, 44.89862103822886], [-92.78682855527502, 44.89860037975659], [-92.7868704466333, 44.89857526975061], [-92.7869095267558, 44.898545975684236], [-92.7869863228029, 44.898471822995205], [-92.78705904145336, 44.89839366768818], [-92.78710011242497, 44.89834811534487], [-92.78714521446109, 44.89830655037131], [-92.78719396212084, 44.89826932798075], [-92.78731630008612, 44.89817414668556], [-92.78737002956784, 44.898137988129804], [-92.7874268069388, 44.89810683321838], [-92.78748616753373, 44.89808093692269], [-92.78754762554624, 44.89806051117771], [-92.78761067800473, 44.898045723147476], [-92.78772161854414, 44.89802868356618], [-92.78783328584532, 44.89801734493909], [-92.78794538714575, 44.89801173699313], [-92.7880576285451, 44.898011874430864], [-92.78816971577572, 44.89801775689197], [-92.78847587599759, 44.898050828455965], [-92.78859448404934, 44.89806585647591], [-92.78871358929186, 44.898076232049625], [-92.78883300930183, 44.898081939285724], [-92.78895256117383, 44.89808296944292], [-92.78907206180051, 44.8980793209434], [-92.78938172185875, 44.898056148208596], [-92.78953283154348, 44.89804653184041], [-92.78968419636746, 44.89804262013719], [-92.78983560104594, 44.8980444186625], [-92.79026182739373, 44.89805767413753], [-92.79030519369395, 44.898057500586404], [-92.79034841061407, 44.8980539000405], [-92.79039342772276, 44.89804638326598], [-92.79043755505242, 44.89803472904988], [-92.79048041319338, 44.89801903759592], [-92.79052163364861, 44.89799944382023], [-92.79055497900492, 44.897980040909175], [-92.79058502328479, 44.89795583911188], [-92.79061108165588, 44.89792739008655], [-92.79063256014102, 44.89789534230315], [-92.79064896915749, 44.897860426262085], [-92.7906599346765, 44.89782343784311], [-92.79066273292861, 44.89766154722329], [-92.79067238625548, 44.89762324342103], [-92.79068743034036, 44.897586718860836], [-92.79070755448069, 44.89755272787728], [-92.79073234305658, 44.89752197247949], [-92.79076128411438, 44.89749508785266], [-92.79079377994015, 44.897472629239715], [-92.79082915940393, 44.897455060473995], [-92.79086669182063, 44.89744274439976], [-92.79091841232311, 44.897428672993854], [-92.7911945522508, 44.89738907126059], [-92.79147142025658, 44.89735492943397], [-92.79174890839653, 44.89732626082505]]}, "properties": {"OBJECTID": 6597, "ROUTE_ID": null, "UNIQUE_ID": "6D2A937F-4B57-4876-8394-DBBF8424160B", "ROUTE_SYS": "70", "ROUTE_DIR": null, "DIR_RTE_ID": null, "LOC_STATE": null, "PRIME_STAT": null, "ST_PRE_MOD": null, "ST_PRE_DIR": null, "ST_PRE_TYP": null, "ST_NAME": "Coulee Ridge", "ST_POS_TYP": "Road", "ST_POS_DIR": "South", "ST_POS_MOD": null, "ST_CONCAT": "Coulee Ridge Road South", "ST_NAME_A1": null, "A1_MSAG_YN": null, "ST_NAME_A2": null, "A2_MSAG_YN": null, "ST_NAME_A3": null, "A3_MSAG_YN": null, "CFCC": "A74", "WCFC": "A7", "CTY_RTE": null, "ST_RTE": null, "FED_RTE": null, "ADR_FR_L": 2, "ADR_TO_L": 10, "ADR_FR_R": 1, "ADR_TO_R": 11, "ZIP_L": "55001", "ZIP_R": "55001", "CITYID_L": "2393887", "CITYID_R": "2393887", "CITY_L": "Afton", "CITY_R": "Afton", "COUNTY_L": "163", "COUNTY_R": "163", "CTYNAME_L": "Washington", "CTYNAME_R": "Washington", "STATE_L": "MN", "STATE_R": "MN", "PARITY_L": "E", "PARITY_R": "O", "POSTCOMM_L": "Afton", "POSTCOMM_R": "Afton", "ELEV_FROM": 0, "ELEV_TO": 0, "WC_ONEWAY": null, "WC_SPEED": null, "COMMENTS": null, "ONEWAY": "B", "SPEED_IMP": 30, "EMERG_ACC": null, "SPEEDLIMIT": 30, "ROUTE_NAME": "PRRA", "ROUTE_NUM": null, "ESN_L": "3", "ESN_R": "3", "MSAG_C_L": "Afton", "MSAG_C_R": "Afton", "PSAP_L": "WASH", "PSAP_R": "WASH", "PS_STNAME": "COULEE RIDGE RD S", "PS_ALT_NM": null, "PS_ALT_NM2": null, "STATUS": "Active", "ACT_DATE": -2208988800000, "RET_DATE": null, "EDITED_BY": "SDELOADER\\TASIEBE", "EDITED_DT": 1372723200000, "SOURCE": "Washington", "FUNCTIONAL": "7000", "SURF_TYPE": null, "created_user": null, "created_date": null, "last_edited_user": "DDMATZE", "last_edited_date": 1707418273000, "PS_MUNICODE_L": "A", "PS_MUNICODE_R": "A", "PD_LEFT": null, "PD_RIGHT": null, "FD_LEFT": null, "FD_RIGHT": null, "EMS_LEFT": null, "EMS_RIGHT": null, "L_SERV_AREA": null, "R_SERV_AREA": null, "Shape_Length": 738.1409721998618}}, {"type": "Feature", "id": 6598, "geometry": {"type": "LineString", "coordinates": [[-92.78456546285342, 44.89865917779335], [-92.78444243887462, 44.89867359057886], [-92.78431897259642, 44.89868352566304], [-92.78419522693937, 44.89868896993598], [-92.78407136519263, 44.898689916213684], [-92.78338228909776, 44.89869384489645], [-92.7832370369062, 44.898697893208436]]}, "properties": {"OBJECTID": 6598, "ROUTE_ID": null, "UNIQUE_ID": "32BD5359-6828-4BC6-A77A-4A5D16379E01", "ROUTE_SYS": "10", "ROUTE_DIR": null, "DIR_RTE_ID": null, "LOC_STATE": null, "PRIME_STAT": null, "ST_PRE_MOD": null, "ST_PRE_DIR": null, "ST_PRE_TYP": null, "ST_NAME": "Upper 34th", "ST_POS_TYP": "Street", "ST_POS_DIR": "South", "ST_POS_MOD": null, "ST_CONCAT": "Upper 34th Street South", "ST_NAME_A1": null, "A1_MSAG_YN": null, "ST_NAME_A2": null, "A2_MSAG_YN": null, "ST_NAME_A3": null, "A3_MSAG_YN": null, "CFCC": "A41", "WCFC": "A4", "CTY_RTE": null, "ST_RTE": null, "FED_RTE": null, "ADR_FR_L": 15850, "ADR_TO_L": 15898, "ADR_FR_R": 15851, "ADR_TO_R": 15899, "ZIP_L": "55001", "ZIP_R": "55001", "CITYID_L": "2393887", "CITYID_R": "2393887", "CITY_L": "Afton", "CITY_R": "Afton", "COUNTY_L": "163", "COUNTY_R": "163", "CTYNAME_L": "Washington", "CTYNAME_R": "Washington", "STATE_L": "MN", "STATE_R": "MN", "PARITY_L": "E", "PARITY_R": "O", "POSTCOMM_L": "Afton", "POSTCOMM_R": "Afton", "ELEV_FROM": 0, "ELEV_TO": 0, "WC_ONEWAY": null, "WC_SPEED": null, "COMMENTS": null, "ONEWAY": "B", "SPEED_IMP": 30, "EMERG_ACC": null, "SPEEDLIMIT": 30, "ROUTE_NAME": "M", "ROUTE_NUM": null, "ESN_L": "3", "ESN_R": "3", "MSAG_C_L": "Afton", "MSAG_C_R": "Afton", "PSAP_L": "WASH", "PSAP_R": "WASH", "PS_STNAME": "UPPER 34TH ST S", "PS_ALT_NM": null, "PS_ALT_NM2": null, "STATUS": "Active", "ACT_DATE": -2208988800000, "RET_DATE": null, "EDITED_BY": "SDE\\TASIEBE", "EDITED_DT": 1337817600000, "SOURCE": "Washington", "FUNCTIONAL": "7000", "SURF_TYPE": null, "created_user": null, "created_date": null, "last_edited_user": "DDMATZE", "last_edited_date": 1707418273000, "PS_MUNICODE_L": "A", "PS_MUNICODE_R": "A", "PD_LEFT": null, "PD_RIGHT": null, "FD_LEFT": null, "FD_RIGHT": null, "EMS_LEFT": null, "EMS_RIGHT": null, "L_SERV_AREA": null, "R_SERV_AREA": null, "Shape_Length": 148.20264787617796}}, {"type": "Feature", "id": 6599, "geometry": {"type": "LineString", "coordinates": [[-92.7832370369062, 44.898697893208436], [-92.78313763113349, 44.898696768182404], [-92.7830183959492, 44.8986928636803]]}, "properties": {"OBJECTID": 6599, "ROUTE_ID": null, "UNIQUE_ID": "1A77E95D-70F4-49EC-8E9A-9BF82D88335D", "ROUTE_SYS": "10", "ROUTE_DIR": null, "DIR_RTE_ID": null, "LOC_STATE": null, "PRIME_STAT": null, "ST_PRE_MOD": null, "ST_PRE_DIR": null, "ST_PRE_TYP": null, "ST_NAME": "Upper 34th", "ST_POS_TYP": "Street", "ST_POS_DIR": "South", "ST_POS_MOD": null, "ST_CONCAT": "Upper 34th Street South", "ST_NAME_A1": null, "A1_MSAG_YN": null, "ST_NAME_A2": null, "A2_MSAG_YN": null, "ST_NAME_A3": null, "A3_MSAG_YN": null, "CFCC": "A41", "WCFC": "A4", "CTY_RTE": null, "ST_RTE": null, "FED_RTE": null, "ADR_FR_L": 15900, "ADR_TO_L": 16000, "ADR_FR_R": 15901, "ADR_TO_R": 15999, "ZIP_L": "55001", "ZIP_R": "55001", "CITYID_L": "2393887", "CITYID_R": "2393887", "CITY_L": "Afton", "CITY_R": "Afton", "COUNTY_L": "163", "COUNTY_R": "163", "CTYNAME_L": "Washington", "CTYNAME_R": "Washington", "STATE_L": "MN", "STATE_R": "MN", "PARITY_L": "E", "PARITY_R": "O", "POSTCOMM_L": "Afton", "POSTCOMM_R": "Afton", "ELEV_FROM": 0, "ELEV_TO": 0, "WC_ONEWAY": null, "WC_SPEED": null, "COMMENTS": null, "ONEWAY": "B", "SPEED_IMP": 30, "EMERG_ACC": null, "SPEEDLIMIT": 30, "ROUTE_NAME": "M", "ROUTE_NUM": null, "ESN_L": "3", "ESN_R": "3", "MSAG_C_L": "Afton", "MSAG_C_R": "Afton", "PSAP_L": "WASH", "PSAP_R": "WASH", "PS_STNAME": "UPPER 34TH ST S", "PS_ALT_NM": null, "PS_ALT_NM2": null, "STATUS": "Active", "ACT_DATE": -2208988800000, "RET_DATE": null, "EDITED_BY": "SDELOADER\\TASIEBE", "EDITED_DT": 1341878400000, "SOURCE": "Washington", "FUNCTIONAL": "7000", "SURF_TYPE": null, "created_user": null, "created_date": null, "last_edited_user": "DDMATZE", "last_edited_date": 1707418273000, "PS_MUNICODE_L": "A", "PS_MUNICODE_R": "A", "PD_LEFT": null, "PD_RIGHT": null, "FD_LEFT": null, "FD_RIGHT": null, "EMS_LEFT": null, "EMS_RIGHT": null, "L_SERV_AREA": null, "R_SERV_AREA": null, "Shape_Length": 24.35458762131844}}, {"type": "Feature", "id": 6600, "geometry": {"type": "LineString", "coordinates": [[-92.78453587773785, 44.89753860078943], [-92.78449420001988, 44.897562753805055], [-92.7844495937208, 44.89758093837052], [-92.78440290850135, 44.89759280810622], [-92.78435503362161, 44.89759813691745], [-92.78430688100225, 44.89759682330102], [-92.78413267877691, 44.89759141788669], [-92.78395839665578, 44.897590244827065], [-92.78377405251, 44.897590621807055], [-92.783589780179, 44.89759578070483], [-92.78340570368564, 44.89760571804823], [-92.78332490703158, 44.89761110121478], [-92.78324438512523, 44.89761966277938]]}, "properties": {"OBJECTID": 6600, "ROUTE_ID": null, "UNIQUE_ID": "0A5AE8EC-ACA7-4796-8E1B-57D50A84ED97", "ROUTE_SYS": "10", "ROUTE_DIR": null, "DIR_RTE_ID": null, "LOC_STATE": null, "PRIME_STAT": null, "ST_PRE_MOD": null, "ST_PRE_DIR": null, "ST_PRE_TYP": null, "ST_NAME": "35th", "ST_POS_TYP": "Street", "ST_POS_DIR": "South", "ST_POS_MOD": null, "ST_CONCAT": "35th Street South", "ST_NAME_A1": null, "A1_MSAG_YN": null, "ST_NAME_A2": null, "A2_MSAG_YN": null, "ST_NAME_A3": null, "A3_MSAG_YN": null, "CFCC": "A41", "WCFC": "A4", "CTY_RTE": null, "ST_RTE": null, "FED_RTE": null, "ADR_FR_L": 15850, "ADR_TO_L": 15898, "ADR_FR_R": 15851, "ADR_TO_R": 15899, "ZIP_L": "55001", "ZIP_R": "55001", "CITYID_L": "2393887", "CITYID_R": "2393887", "CITY_L": "Afton", "CITY_R": "Afton", "COUNTY_L": "163", "COUNTY_R": "163", "CTYNAME_L": "Washington", "CTYNAME_R": "Washington", "STATE_L": "MN", "STATE_R": "MN", "PARITY_L": "E", "PARITY_R": "O", "POSTCOMM_L": "Afton", "POSTCOMM_R": "Afton", "ELEV_FROM": 0, "ELEV_TO": 0, "WC_ONEWAY": null, "WC_SPEED": null, "COMMENTS": null, "ONEWAY": "B", "SPEED_IMP": 30, "EMERG_ACC": null, "SPEEDLIMIT": 30, "ROUTE_NAME": "M", "ROUTE_NUM": null, "ESN_L": "3", "ESN_R": "3", "MSAG_C_L": "Afton", "MSAG_C_R": "Afton", "PSAP_L": "WASH", "PSAP_R": "WASH", "PS_STNAME": "35TH ST S", "PS_ALT_NM": null, "PS_ALT_NM2": null, "STATUS": "Active", "ACT_DATE": -2208988800000, "RET_DATE": null, "EDITED_BY": "SDE\\TASIEBE", "EDITED_DT": 1337817600000, "SOURCE": "Washington", "FUNCTIONAL": "7000", "SURF_TYPE": null, "created_user": null, "created_date": null, "last_edited_user": "DDMATZE", "last_edited_date": 1707418273000, "PS_MUNICODE_L": "A", "PS_MUNICODE_R": "A", "PD_LEFT": null, "PD_RIGHT": null, "FD_LEFT": null, "FD_RIGHT": null, "EMS_LEFT": null, "EMS_RIGHT": null, "L_SERV_AREA": null, "R_SERV_AREA": null, "Shape_Length": 146.56375609220083}}, {"type": "Feature", "id": 6601, "geometry": {"type": "LineString", "coordinates": [[-92.78453587773785, 44.89753860078943], [-92.78455778080031, 44.89752179302337], [-92.7845767214297, 44.89750170577111], [-92.78459221430947, 44.897478853729154], [-92.7846038624649, 44.89745382243634], [-92.78461136743482, 44.897427253270536], [-92.78461453691908, 44.8973998270146], [-92.7846174824949, 44.89724517551312]]}, "properties": {"OBJECTID": 6601, "ROUTE_ID": null, "UNIQUE_ID": "A0870B4B-D694-47D2-9A94-F6E30AD43710", "ROUTE_SYS": "10", "ROUTE_DIR": null, "DIR_RTE_ID": null, "LOC_STATE": null, "PRIME_STAT": null, "ST_PRE_MOD": null, "ST_PRE_DIR": null, "ST_PRE_TYP": null, "ST_NAME": "Perrot", "ST_POS_TYP": "Avenue", "ST_POS_DIR": "South", "ST_POS_MOD": null, "ST_CONCAT": "Perrot Avenue South", "ST_NAME_A1": null, "A1_MSAG_YN": null, "ST_NAME_A2": null, "A2_MSAG_YN": null, "ST_NAME_A3": null, "A3_MSAG_YN": null, "CFCC": "A41", "WCFC": "A4", "CTY_RTE": null, "ST_RTE": null, "FED_RTE": null, "ADR_FR_L": 3501, "ADR_TO_L": 3599, "ADR_FR_R": 3500, "ADR_TO_R": 3598, "ZIP_L": "55001", "ZIP_R": "55001", "CITYID_L": "2393887", "CITYID_R": "2393887", "CITY_L": "Afton", "CITY_R": "Afton", "COUNTY_L": "163", "COUNTY_R": "163", "CTYNAME_L": "Washington", "CTYNAME_R": "Washington", "STATE_L": "MN", "STATE_R": "MN", "PARITY_L": "O", "PARITY_R": "E", "POSTCOMM_L": "Afton", "POSTCOMM_R": "Afton", "ELEV_FROM": 0, "ELEV_TO": 0, "WC_ONEWAY": null, "WC_SPEED": null, "COMMENTS": null, "ONEWAY": "B", "SPEED_IMP": 30, "EMERG_ACC": null, "SPEEDLIMIT": 30, "ROUTE_NAME": "M", "ROUTE_NUM": null, "ESN_L": "3", "ESN_R": "3", "MSAG_C_L": "Afton", "MSAG_C_R": "Afton", "PSAP_L": "WASH", "PSAP_R": "WASH", "PS_STNAME": "PERROT AVE S", "PS_ALT_NM": null, "PS_ALT_NM2": null, "STATUS": "Active", "ACT_DATE": -2208988800000, "RET_DATE": null, "EDITED_BY": "SDE\\TASIEBE", "EDITED_DT": 1337817600000, "SOURCE": "Washington", "FUNCTIONAL": "7000", "SURF_TYPE": null, "created_user": null, "created_date": null, "last_edited_user": "DDMATZE", "last_edited_date": 1707418273000, "PS_MUNICODE_L": "A", "PS_MUNICODE_R": "A", "PD_LEFT": null, "PD_RIGHT": null, "FD_LEFT": null, "FD_RIGHT": null, "EMS_LEFT": null, "EMS_RIGHT": null, "L_SERV_AREA": null, "R_SERV_AREA": null, "Shape_Length": 48.40857541421281}}, {"type": "Feature", "id": 6602, "geometry": {"type": "LineString", "coordinates": [[-92.78324438512523, 44.89761966277938], [-92.7832411736481, 44.897620068127246], [-92.78317404526031, 44.89762695340998], [-92.78310656469601, 44.897626985130024], [-92.78293800466625, 44.897625476495236], [-92.78276962248472, 44.89761758976238], [-92.78260165940407, 44.89760333623134], [-92.7824707676209, 44.89759263039656], [-92.78233959588535, 44.89758620781186], [-92.78220828432319, 44.89758407533825], [-92.78207697320956, 44.89758623525377]]}, "properties": {"OBJECTID": 6602, "ROUTE_ID": null, "UNIQUE_ID": "0AE229DC-D1E7-4E8F-93DC-BA4B23BB19CE", "ROUTE_SYS": "10", "ROUTE_DIR": null, "DIR_RTE_ID": null, "LOC_STATE": null, "PRIME_STAT": null, "ST_PRE_MOD": null, "ST_PRE_DIR": null, "ST_PRE_TYP": null, "ST_NAME": "35th", "ST_POS_TYP": "Street", "ST_POS_DIR": "South", "ST_POS_MOD": null, "ST_CONCAT": "35th Street South", "ST_NAME_A1": null, "A1_MSAG_YN": null, "ST_NAME_A2": null, "A2_MSAG_YN": null, "ST_NAME_A3": null, "A3_MSAG_YN": null, "CFCC": "A41", "WCFC": "A4", "CTY_RTE": null, "ST_RTE": null, "FED_RTE": null, "ADR_FR_L": 15900, "ADR_TO_L": 15998, "ADR_FR_R": 15901, "ADR_TO_R": 15999, "ZIP_L": "55001", "ZIP_R": "55001", "CITYID_L": "2393887", "CITYID_R": "2393887", "CITY_L": "Afton", "CITY_R": "Afton", "COUNTY_L": "163", "COUNTY_R": "163", "CTYNAME_L": "Washington", "CTYNAME_R": "Washington", "STATE_L": "MN", "STATE_R": "MN", "PARITY_L": "E", "PARITY_R": "O", "POSTCOMM_L": "Afton", "POSTCOMM_R": "Afton", "ELEV_FROM": 0, "ELEV_TO": 0, "WC_ONEWAY": null, "WC_SPEED": null, "COMMENTS": null, "ONEWAY": "B", "SPEED_IMP": 30, "EMERG_ACC": null, "SPEEDLIMIT": 30, "ROUTE_NAME": "M", "ROUTE_NUM": null, "ESN_L": "3", "ESN_R": "3", "MSAG_C_L": "Afton", "MSAG_C_R": "Afton", "PSAP_L": "WASH", "PSAP_R": "WASH", "PS_STNAME": "35TH ST S", "PS_ALT_NM": null, "PS_ALT_NM2": null, "STATUS": "Active", "ACT_DATE": -2208988800000, "RET_DATE": null, "EDITED_BY": "SDE\\TASIEBE", "EDITED_DT": 1337817600000, "SOURCE": "Washington", "FUNCTIONAL": "7000", "SURF_TYPE": null, "created_user": null, "created_date": null, "last_edited_user": "DDMATZE", "last_edited_date": 1707418273000, "PS_MUNICODE_L": "A", "PS_MUNICODE_R": "A", "PD_LEFT": null, "PD_RIGHT": null, "FD_LEFT": null, "FD_RIGHT": null, "EMS_LEFT": null, "EMS_RIGHT": null, "L_SERV_AREA": null, "R_SERV_AREA": null, "Shape_Length": 130.37956421936596}}, {"type": "Feature", "id": 6603, "geometry": {"type": "LineString", "coordinates": [[-92.78325969690925, 44.896562423794], [-92.78284732437974, 44.89656390585441]]}, "properties": {"OBJECTID": 6603, "ROUTE_ID": null, "UNIQUE_ID": "2383BE6C-E334-48A0-A943-59B7CF8BF9CA", "ROUTE_SYS": "10", "ROUTE_DIR": null, "DIR_RTE_ID": null, "LOC_STATE": null, "PRIME_STAT": null, "ST_PRE_MOD": null, "ST_PRE_DIR": null, "ST_PRE_TYP": null, "ST_NAME": "36th", "ST_POS_TYP": "Street", "ST_POS_DIR": "South", "ST_POS_MOD": null, "ST_CONCAT": "36th Street South", "ST_NAME_A1": null, "A1_MSAG_YN": null, "ST_NAME_A2": null, "A2_MSAG_YN": null, "ST_NAME_A3": null, "A3_MSAG_YN": null, "CFCC": "A41", "WCFC": "A4", "CTY_RTE": null, "ST_RTE": null, "FED_RTE": null, "ADR_FR_L": 15900, "ADR_TO_L": 15950, "ADR_FR_R": 15901, "ADR_TO_R": 15949, "ZIP_L": "55001", "ZIP_R": "55001", "CITYID_L": "2393887", "CITYID_R": "2393887", "CITY_L": "Afton", "CITY_R": "Afton", "COUNTY_L": "163", "COUNTY_R": "163", "CTYNAME_L": "Washington", "CTYNAME_R": "Washington", "STATE_L": "MN", "STATE_R": "MN", "PARITY_L": "E", "PARITY_R": "O", "POSTCOMM_L": "Afton", "POSTCOMM_R": "Afton", "ELEV_FROM": 0, "ELEV_TO": 0, "WC_ONEWAY": null, "WC_SPEED": null, "COMMENTS": null, "ONEWAY": "B", "SPEED_IMP": 30, "EMERG_ACC": null, "SPEEDLIMIT": 30, "ROUTE_NAME": "M", "ROUTE_NUM": null, "ESN_L": "3", "ESN_R": "3", "MSAG_C_L": "Afton", "MSAG_C_R": "Afton", "PSAP_L": "WASH", "PSAP_R": "WASH", "PS_STNAME": "36TH ST S", "PS_ALT_NM": null, "PS_ALT_NM2": null, "STATUS": "Active", "ACT_DATE": -2208988800000, "RET_DATE": null, "EDITED_BY": "SDE\\TASIEBE", "EDITED_DT": 1337817600000, "SOURCE": "Washington", "FUNCTIONAL": "7000", "SURF_TYPE": null, "created_user": null, "created_date": null, "last_edited_user": "DDMATZE", "last_edited_date": 1707418273000, "PS_MUNICODE_L": "A", "PS_MUNICODE_R": "A", "PD_LEFT": null, "PD_RIGHT": null, "FD_LEFT": null, "FD_RIGHT": null, "EMS_LEFT": null, "EMS_RIGHT": null, "L_SERV_AREA": null, "R_SERV_AREA": null, "Shape_Length": 45.90569080750628}}, {"type": "Feature", "id": 6604, "geometry": {"type": "LineString", "coordinates": [[-92.78868319369043, 44.895225708756534], [-92.78863413221293, 44.89525104170283], [-92.78858736431704, 44.89528039388599], [-92.78854321850204, 44.89531355913529], [-92.78850200484965, 44.89535030449689], [-92.78846401284595, 44.89539037187012], [-92.78843135022815, 44.89542504743279], [-92.78840345273483, 44.8954636605279], [-92.78838079011737, 44.89550556096964], [-92.7883637439798, 44.89555004321826], [-92.78835260135315, 44.8955963582603], [-92.78834754986234, 44.89564372622087], [-92.78834867456679, 44.895691349495515], [-92.78835595652816, 44.895738426180685], [-92.78836927312933, 44.89578416357656], [-92.78838840013896, 44.89582779153492], [-92.78841301548727, 44.89586857542727], [-92.78845304578502, 44.895943616188305], [-92.78848797450783, 44.89602116310879], [-92.7885043952277, 44.89607868395149], [-92.7885145909148, 44.896137627444354], [-92.78851844538818, 44.896197321919985], [-92.7885159147257, 44.896257087153465], [-92.78850702776455, 44.89631624211359], [-92.78849188577257, 44.89637411272327], [-92.78846937973897, 44.89643668066318], [-92.78844107097787, 44.89649684612417], [-92.78840721204075, 44.89655407235093], [-92.78836810499402, 44.89660784880999], [-92.78832409872417, 44.896657695744366], [-92.7882755858252, 44.896703168453605], [-92.7882125347691, 44.896743180265446], [-92.78814648508006, 44.8967780201756], [-92.78807786008645, 44.8968074648867], [-92.78800709962233, 44.8968313256805], [-92.78793465720858, 44.896849449627425], [-92.78786128091481, 44.89686052057356], [-92.78778725157649, 44.89686564925805], [-92.78771304962798, 44.89686480239681], [-92.78763915662385, 44.89685798548582], [-92.78756605211366, 44.896845242765345], [-92.78749421052983, 44.896826656932866], [-92.78740788666161, 44.89679559168046], [-92.78732305228901, 44.89676066333442], [-92.78723988018886, 44.8967219430311], [-92.78715853975255, 44.89667950962972], [-92.78707465248928, 44.89663618704121], [-92.78698861712836, 44.8965973047022], [-92.78691752748473, 44.89657287632835], [-92.78684482592276, 44.896553772251146], [-92.78677091061242, 44.8965400970993], [-92.78669618637115, 44.896531925768514], [-92.7866210624467, 44.89652930301131], [-92.78634207805882, 44.89653366328759], [-92.78617098223485, 44.89653701812923], [-92.78615634059405, 44.89653725548808]]}, "properties": {"OBJECTID": 6604, "ROUTE_ID": null, "UNIQUE_ID": "245BD60C-271C-4C72-94AD-2FA2D7750841", "ROUTE_SYS": "10", "ROUTE_DIR": null, "DIR_RTE_ID": null, "LOC_STATE": null, "PRIME_STAT": null, "ST_PRE_MOD": null, "ST_PRE_DIR": null, "ST_PRE_TYP": null, "ST_NAME": "36th", "ST_POS_TYP": "Street", "ST_POS_DIR": "South", "ST_POS_MOD": null, "ST_CONCAT": "36th Street South", "ST_NAME_A1": null, "A1_MSAG_YN": null, "ST_NAME_A2": null, "A2_MSAG_YN": null, "ST_NAME_A3": null, "A3_MSAG_YN": null, "CFCC": "A41", "WCFC": "A4", "CTY_RTE": null, "ST_RTE": null, "FED_RTE": null, "ADR_FR_L": 15600, "ADR_TO_L": 15798, "ADR_FR_R": 15601, "ADR_TO_R": 15799, "ZIP_L": "55001", "ZIP_R": "55001", "CITYID_L": "2393887", "CITYID_R": "2393887", "CITY_L": "Afton", "CITY_R": "Afton", "COUNTY_L": "163", "COUNTY_R": "163", "CTYNAME_L": "Washington", "CTYNAME_R": "Washington", "STATE_L": "MN", "STATE_R": "MN", "PARITY_L": "E", "PARITY_R": "O", "POSTCOMM_L": "Afton", "POSTCOMM_R": "Afton", "ELEV_FROM": 0, "ELEV_TO": 0, "WC_ONEWAY": null, "WC_SPEED": null, "COMMENTS": null, "ONEWAY": "B", "SPEED_IMP": 30, "EMERG_ACC": null, "SPEEDLIMIT": 30, "ROUTE_NAME": "M", "ROUTE_NUM": null, "ESN_L": "3", "ESN_R": "3", "MSAG_C_L": "Afton", "MSAG_C_R": "Afton", "PSAP_L": "WASH", "PSAP_R": "WASH", "PS_STNAME": "36TH ST S", "PS_ALT_NM": null, "PS_ALT_NM2": null, "STATUS": "Active", "ACT_DATE": -2208988800000, "RET_DATE": null, "EDITED_BY": "SDE\\TASIEBE", "EDITED_DT": 1337817600000, "SOURCE": "Washington", "FUNCTIONAL": "7000", "SURF_TYPE": null, "created_user": null, "created_date": null, "last_edited_user": "DDMATZE", "last_edited_date": 1707418273000, "PS_MUNICODE_L": "A", "PS_MUNICODE_R": "A", "PD_LEFT": null, "PD_RIGHT": null, "FD_LEFT": null, "FD_RIGHT": null, "EMS_LEFT": null, "EMS_RIGHT": null, "L_SERV_AREA": null, "R_SERV_AREA": null, "Shape_Length": 510.00047113201646}}, {"type": "Feature", "id": 6605, "geometry": {"type": "LineString", "coordinates": [[-92.78735936262589, 44.893920305632165], [-92.78747174886765, 44.89392670248513], [-92.7875843158004, 44.89392722470478], [-92.78769675655587, 44.89392187086748], [-92.78780876460972, 44.893910655568305], [-92.78791870773736, 44.89389221771511], [-92.78802776427607, 44.89386910674126], [-92.78813573568901, 44.893841364720146], [-92.78824242541481, 44.893809042155965], [-92.78834031833628, 44.89377825708699], [-92.78843932752342, 44.89375127699417], [-92.78853930514148, 44.89372814216261], [-92.78861838566988, 44.893708299175735], [-92.78869597043295, 44.89368323767861], [-92.78877171547516, 44.89365306877607], [-92.78881940930826, 44.89363309480495], [-92.7888683785003, 44.89361649120685], [-92.78891838520822, 44.89360333862534], [-92.78893682191104, 44.89359854454173], [-92.78895580511511, 44.893596952934935], [-92.78897478270892, 44.89359861009558], [-92.7889932027442, 44.893603467826445], [-92.78901052948876, 44.893611384844284], [-92.78902625900795, 44.893622130888886], [-92.78903993382114, 44.89363539342005], [-92.78905115620721, 44.89365078670753], [-92.7890513376817, 44.89366939212609], [-92.78904848225409, 44.89368777801922], [-92.78904266639171, 44.89370545201927], [-92.78903404584126, 44.89372194082283], [-92.78902285145801, 44.89373680286565], [-92.78900938302355, 44.893749640147526], [-92.78899400121774, 44.89376010889065], [-92.78897711795982, 44.89376792874582], [-92.78881881197965, 44.8938423573261], [-92.7886584999016, 44.89391236042999], [-92.78856997386934, 44.89395515343352], [-92.78848369935494, 44.894002321300796], [-92.78839989238838, 44.89405374592425], [-92.78831876282099, 44.89410929853745], [-92.78824051379988, 44.89416884003755], [-92.78816772460934, 44.89422253584952], [-92.78809127234562, 44.894270873804146], [-92.78801155064431, 44.89431360502016], [-92.78792896997452, 44.894350509484106], [-92.78782391412582, 44.894393648680044], [-92.78771652649465, 44.89443060295231], [-92.78765624926075, 44.894451282301134], [-92.78759779638973, 44.89447666422904], [-92.78754153409614, 44.89450658971507], [-92.78748781487027, 44.894540871272326], [-92.78743697526981, 44.89457929412255], [-92.78741676671214, 44.89459881300994], [-92.78740002773051, 44.89462137801076], [-92.78738721035589, 44.89464637976421], [-92.78737866071745, 44.894673143105756], [-92.78737460969552, 44.89470094529972], [-92.78737516668669, 44.89472903555655], [-92.78737698397852, 44.894779782926314], [-92.78737530951882, 44.89483053343315], [-92.78736870139146, 44.89488568571902], [-92.78735536585417, 44.89493960793549], [-92.78733550505561, 44.89499148269491], [-92.78730942005856, 44.895040523646294], [-92.78727750627617, 44.89508598739535], [-92.7872402474781, 44.8951271847733], [-92.78719820845718, 44.895163491283796], [-92.78711299685152, 44.89522748809587], [-92.78702519413045, 44.89528788090895], [-92.78693495262377, 44.89534456494699], [-92.78684242889229, 44.89539744186831], [-92.78677415689167, 44.895430843036415], [-92.78670328168569, 44.89545829133827], [-92.78663032119526, 44.895479586195265], [-92.78655580857954, 44.89549457199512], [-92.78648028833986, 44.895503139229035], [-92.78640431234075, 44.89550522529189], [-92.78632843577724, 44.89550081493978], [-92.78625321311766, 44.89548994040137], [-92.78618306457543, 44.89548216977939], [-92.7860603131545, 44.895471719747235], [-92.78593729035637, 44.89546520011098], [-92.78581412199667, 44.895462617538286], [-92.78548339105514, 44.89546700334994], [-92.78523222409397, 44.89546684647893], [-92.78498112950507, 44.89546081535902], [-92.78483866862226, 44.89546122702166], [-92.78469623689753, 44.89546413844515], [-92.78443882807464, 44.895473099908955], [-92.78418168833873, 44.89548789065465], [-92.7839249496828, 44.89550850308995], [-92.78370234913284, 44.895527048321064], [-92.78347995483375, 44.89554792189709], [-92.78338087101707, 44.89555843677098], [-92.78328130947668, 44.89556239467102]]}, "properties": {"OBJECTID": 6605, "ROUTE_ID": null, "UNIQUE_ID": "01816F93-FA4B-472C-9963-E3B86D6800A8", "ROUTE_SYS": "10", "ROUTE_DIR": null, "DIR_RTE_ID": null, "LOC_STATE": null, "PRIME_STAT": null, "ST_PRE_MOD": null, "ST_PRE_DIR": null, "ST_PRE_TYP": null, "ST_NAME": "37th", "ST_POS_TYP": "Street", "ST_POS_DIR": "South", "ST_POS_MOD": null, "ST_CONCAT": "37th Street South", "ST_NAME_A1": null, "A1_MSAG_YN": null, "ST_NAME_A2": null, "A2_MSAG_YN": null, "ST_NAME_A3": null, "A3_MSAG_YN": null, "CFCC": "A41", "WCFC": "A4", "CTY_RTE": null, "ST_RTE": null, "FED_RTE": null, "ADR_FR_L": 15600, "ADR_TO_L": 15898, "ADR_FR_R": 15601, "ADR_TO_R": 15899, "ZIP_L": "55001", "ZIP_R": "55001", "CITYID_L": "2393887", "CITYID_R": "2393887", "CITY_L": "Afton", "CITY_R": "Afton", "COUNTY_L": "163", "COUNTY_R": "163", "CTYNAME_L": "Washington", "CTYNAME_R": "Washington", "STATE_L": "MN", "STATE_R": "MN", "PARITY_L": "E", "PARITY_R": "O", "POSTCOMM_L": "Afton", "POSTCOMM_R": "Afton", "ELEV_FROM": 0, "ELEV_TO": 0, "WC_ONEWAY": null, "WC_SPEED": null, "COMMENTS": null, "ONEWAY": "B", "SPEED_IMP": 30, "EMERG_ACC": null, "SPEEDLIMIT": 30, "ROUTE_NAME": "M", "ROUTE_NUM": null, "ESN_L": "3", "ESN_R": "3", "MSAG_C_L": "Afton", "MSAG_C_R": "Afton", "PSAP_L": "WASH", "PSAP_R": "WASH", "PS_STNAME": "37TH ST S", "PS_ALT_NM": null, "PS_ALT_NM2": null, "STATUS": "Active", "ACT_DATE": -2208988800000, "RET_DATE": null, "EDITED_BY": "SDELOADER\\TASIEBE", "EDITED_DT": 1341878400000, "SOURCE": "Washington", "FUNCTIONAL": "7000", "SURF_TYPE": null, "created_user": null, "created_date": null, "last_edited_user": "DDMATZE", "last_edited_date": 1707418273000, "PS_MUNICODE_L": "A", "PS_MUNICODE_R": "A", "PD_LEFT": null, "PD_RIGHT": null, "FD_LEFT": null, "FD_RIGHT": null, "EMS_LEFT": null, "EMS_RIGHT": null, "L_SERV_AREA": null, "R_SERV_AREA": null, "Shape_Length": 992.0971438047756}}, {"type": "Feature", "id": 6606, "geometry": {"type": "LineString", "coordinates": [[-92.78610913143092, 44.8987359092746], [-92.78609861395556, 44.89845240921526]]}, "properties": {"OBJECTID": 6606, "ROUTE_ID": null, "UNIQUE_ID": "E3995345-668F-4243-80EE-C1E2CA4C506A", "ROUTE_SYS": "10", "ROUTE_DIR": null, "DIR_RTE_ID": null, "LOC_STATE": null, "PRIME_STAT": null, "ST_PRE_MOD": null, "ST_PRE_DIR": null, "ST_PRE_TYP": null, "ST_NAME": "Pennington", "ST_POS_TYP": "Avenue", "ST_POS_DIR": "South", "ST_POS_MOD": null, "ST_CONCAT": "Pennington Avenue South", "ST_NAME_A1": null, "A1_MSAG_YN": null, "ST_NAME_A2": null, "A2_MSAG_YN": null, "ST_NAME_A3": null, "A3_MSAG_YN": null, "CFCC": "A41", "WCFC": "A4", "CTY_RTE": null, "ST_RTE": null, "FED_RTE": null, "ADR_FR_L": 3421, "ADR_TO_L": 3499, "ADR_FR_R": 3422, "ADR_TO_R": 3498, "ZIP_L": "55001", "ZIP_R": "55001", "CITYID_L": "2393887", "CITYID_R": "2393887", "CITY_L": "Afton", "CITY_R": "Afton", "COUNTY_L": "163", "COUNTY_R": "163", "CTYNAME_L": "Washington", "CTYNAME_R": "Washington", "STATE_L": "MN", "STATE_R": "MN", "PARITY_L": "O", "PARITY_R": "E", "POSTCOMM_L": "Afton", "POSTCOMM_R": "Afton", "ELEV_FROM": 0, "ELEV_TO": 0, "WC_ONEWAY": null, "WC_SPEED": null, "COMMENTS": null, "ONEWAY": "B", "SPEED_IMP": 30, "EMERG_ACC": null, "SPEEDLIMIT": 30, "ROUTE_NAME": "M", "ROUTE_NUM": null, "ESN_L": "3", "ESN_R": "3", "MSAG_C_L": "Afton", "MSAG_C_R": "Afton", "PSAP_L": "WASH", "PSAP_R": "WASH", "PS_STNAME": "PENNINGTON AVE S", "PS_ALT_NM": null, "PS_ALT_NM2": null, "STATUS": "Active", "ACT_DATE": -2208988800000, "RET_DATE": null, "EDITED_BY": "SDE\\TASIEBE", "EDITED_DT": 1337817600000, "SOURCE": "Washington", "FUNCTIONAL": "7000", "SURF_TYPE": null, "created_user": null, "created_date": null, "last_edited_user": "DDMATZE", "last_edited_date": 1707418273000, "PS_MUNICODE_L": "A", "PS_MUNICODE_R": "A", "PD_LEFT": null, "PD_RIGHT": null, "FD_LEFT": null, "FD_RIGHT": null, "EMS_LEFT": null, "EMS_RIGHT": null, "L_SERV_AREA": null, "R_SERV_AREA": null, "Shape_Length": 44.568362405808166}}, {"type": "Feature", "id": 6607, "geometry": {"type": "LineString", "coordinates": [[-92.7863618661479, 44.89714973862138], [-92.78632547142418, 44.89713458614238], [-92.78629190388287, 44.8971139126399], [-92.7862619945121, 44.897088229901065], [-92.78623648373942, 44.89705817372016], [-92.78621600310194, 44.89702448815911], [-92.78621373934743, 44.89701917149277], [-92.78620978945511, 44.897008421071085], [-92.78619537204966, 44.896956583465524], [-92.78618693402342, 44.896903444039076], [-92.78618458452488, 44.89684969016678], [-92.78618339287776, 44.896775177744026], [-92.78617876026235, 44.896700799924474], [-92.78617069657058, 44.89662671552637], [-92.78615634059405, 44.89653725548808]]}, "properties": {"OBJECTID": 6607, "ROUTE_ID": null, "UNIQUE_ID": "2842F446-66F0-41EB-BB00-FB479DA95870", "ROUTE_SYS": "10", "ROUTE_DIR": null, "DIR_RTE_ID": null, "LOC_STATE": null, "PRIME_STAT": null, "ST_PRE_MOD": null, "ST_PRE_DIR": null, "ST_PRE_TYP": null, "ST_NAME": "Pennington", "ST_POS_TYP": "Avenue", "ST_POS_DIR": "South", "ST_POS_MOD": null, "ST_CONCAT": "Pennington Avenue South", "ST_NAME_A1": null, "A1_MSAG_YN": null, "ST_NAME_A2": null, "A2_MSAG_YN": null, "ST_NAME_A3": null, "A3_MSAG_YN": null, "CFCC": "A41", "WCFC": "A4", "CTY_RTE": null, "ST_RTE": null, "FED_RTE": null, "ADR_FR_L": 3501, "ADR_TO_L": 3599, "ADR_FR_R": 3500, "ADR_TO_R": 3598, "ZIP_L": "55001", "ZIP_R": "55001", "CITYID_L": "2393887", "CITYID_R": "2393887", "CITY_L": "Afton", "CITY_R": "Afton", "COUNTY_L": "163", "COUNTY_R": "163", "CTYNAME_L": "Washington", "CTYNAME_R": "Washington", "STATE_L": "MN", "STATE_R": "MN", "PARITY_L": "O", "PARITY_R": "E", "POSTCOMM_L": "Afton", "POSTCOMM_R": "Afton", "ELEV_FROM": 0, "ELEV_TO": 0, "WC_ONEWAY": null, "WC_SPEED": null, "COMMENTS": null, "ONEWAY": "B", "SPEED_IMP": 30, "EMERG_ACC": null, "SPEEDLIMIT": 30, "ROUTE_NAME": "M", "ROUTE_NUM": null, "ESN_L": "3", "ESN_R": "3", "MSAG_C_L": "Afton", "MSAG_C_R": "Afton", "PSAP_L": "WASH", "PSAP_R": "WASH", "PS_STNAME": "PENNINGTON AVE S", "PS_ALT_NM": null, "PS_ALT_NM2": null, "STATUS": "Active", "ACT_DATE": -2208988800000, "RET_DATE": null, "EDITED_BY": "SDE\\TASIEBE", "EDITED_DT": 1337817600000, "SOURCE": "Washington", "FUNCTIONAL": "7000", "SURF_TYPE": null, "created_user": null, "created_date": null, "last_edited_user": "DDMATZE", "last_edited_date": 1707418273000, "PS_MUNICODE_L": "A", "PS_MUNICODE_R": "A", "PD_LEFT": null, "PD_RIGHT": null, "FD_LEFT": null, "FD_RIGHT": null, "EMS_LEFT": null, "EMS_RIGHT": null, "L_SERV_AREA": null, "R_SERV_AREA": null, "Shape_Length": 103.17612060780624}}, {"type": "Feature", "id": 6608, "geometry": {"type": "LineString", "coordinates": [[-92.78615634059405, 44.89653725548808], [-92.78588080327337, 44.89654011615213], [-92.78560525111669, 44.89654002997763], [-92.78536874485039, 44.896537492274454], [-92.78513225995547, 44.896541560249624], [-92.78489598089422, 44.896552230730045], [-92.78461049049751, 44.89656072623728], [-92.7843248805456, 44.89656269997016], [-92.78407620694763, 44.896557519337605], [-92.78382748067783, 44.89655831933286], [-92.78325969690925, 44.896562423794]]}, "properties": {"OBJECTID": 6608, "ROUTE_ID": null, "UNIQUE_ID": "52F1E2DB-A5AD-4A4A-8D04-ABC30ED621F0", "ROUTE_SYS": "10", "ROUTE_DIR": null, "DIR_RTE_ID": null, "LOC_STATE": null, "PRIME_STAT": null, "ST_PRE_MOD": null, "ST_PRE_DIR": null, "ST_PRE_TYP": null, "ST_NAME": "36th", "ST_POS_TYP": "Street", "ST_POS_DIR": "South", "ST_POS_MOD": null, "ST_CONCAT": "36th Street South", "ST_NAME_A1": null, "A1_MSAG_YN": null, "ST_NAME_A2": null, "A2_MSAG_YN": null, "ST_NAME_A3": null, "A3_MSAG_YN": null, "CFCC": "A41", "WCFC": "A4", "CTY_RTE": null, "ST_RTE": null, "FED_RTE": null, "ADR_FR_L": 15800, "ADR_TO_L": 15898, "ADR_FR_R": 15801, "ADR_TO_R": 15899, "ZIP_L": "55001", "ZIP_R": "55001", "CITYID_L": "2393887", "CITYID_R": "2393887", "CITY_L": "Afton", "CITY_R": "Afton", "COUNTY_L": "163", "COUNTY_R": "163", "CTYNAME_L": "Washington", "CTYNAME_R": "Washington", "STATE_L": "MN", "STATE_R": "MN", "PARITY_L": "E", "PARITY_R": "O", "POSTCOMM_L": "Afton", "POSTCOMM_R": "Afton", "ELEV_FROM": 0, "ELEV_TO": 0, "WC_ONEWAY": null, "WC_SPEED": null, "COMMENTS": null, "ONEWAY": "B", "SPEED_IMP": 30, "EMERG_ACC": null, "SPEEDLIMIT": 30, "ROUTE_NAME": "M", "ROUTE_NUM": null, "ESN_L": "3", "ESN_R": "3", "MSAG_C_L": "Afton", "MSAG_C_R": "Afton", "PSAP_L": "WASH", "PSAP_R": "WASH", "PS_STNAME": "36TH ST S", "PS_ALT_NM": null, "PS_ALT_NM2": null, "STATUS": "Active", "ACT_DATE": -2208988800000, "RET_DATE": null, "EDITED_BY": "SDE\\TASIEBE", "EDITED_DT": 1337817600000, "SOURCE": "Washington", "FUNCTIONAL": "7000", "SURF_TYPE": null, "created_user": null, "created_date": null, "last_edited_user": "DDMATZE", "last_edited_date": 1707418273000, "PS_MUNICODE_L": "A", "PS_MUNICODE_R": "A", "PD_LEFT": null, "PD_RIGHT": null, "FD_LEFT": null, "FD_RIGHT": null, "EMS_LEFT": null, "EMS_RIGHT": null, "L_SERV_AREA": null, "R_SERV_AREA": null, "Shape_Length": 322.576571872243}}, {"type": "Feature", "id": 6609, "geometry": {"type": "LineString", "coordinates": [[-92.78335501355079, 44.89469978794558], [-92.78330372107868, 44.89468810028454], [-92.78325389043368, 44.89467123535246], [-92.78320604271512, 44.89464936951281], [-92.78316067828607, 44.89462273142557], [-92.78311827154081, 44.89459159965607], [-92.78288816628415, 44.894401037638694], [-92.7827912738788, 44.894321806618166], [-92.78269848459547, 44.89423780756025], [-92.78261003280956, 44.89414925263719], [-92.78252614194038, 44.89405636552883], [-92.78244702388692, 44.893959380857645], [-92.78237287849252, 44.893858543596075], [-92.78230389304021, 44.89375410844778], [-92.78222968983945, 44.89363633405392], [-92.78215177644839, 44.89352098056961], [-92.78207023178318, 44.893408164833], [-92.78198513843805, 44.893298001111816], [-92.7818856174748, 44.89315938477351], [-92.78179026972255, 44.893017865455015], [-92.78169917980225, 44.89287356875447], [-92.78161242855604, 44.89272662273495], [-92.78153009297554, 44.89257715781079], [-92.7814522461334, 44.89242530663188], [-92.78134358576958, 44.892221745995336], [-92.781229726251, 44.89202104717261], [-92.78110086213479, 44.89182853231808], [-92.7809676641696, 44.891638990154625], [-92.7808302009031, 44.89145251822638], [-92.78068854307804, 44.89126921249744], [-92.78054276359585, 44.89108916730248], [-92.78039293747902, 44.890912475298194], [-92.78023115782231, 44.89072960906479], [-92.78006431317499, 44.890551352002376], [-92.77989253479727, 44.890377844349544], [-92.77971595783085, 44.89020922260844], [-92.77953472119256, 44.890045619437366], [-92.7794271883262, 44.88996300688664], [-92.77932286139038, 44.88987638101665], [-92.77922189008139, 44.889785866124804], [-92.77914452751664, 44.889715315128726], [-92.7790687192406, 44.889643096607855], [-92.77897609465157, 44.889555599083835], [-92.778887573263, 44.88946395250742], [-92.778803340736, 44.88936834909432], [-92.77872585151988, 44.889287313672156], [-92.77864553566333, 44.88920907888803], [-92.7785624943235, 44.88913374327799], [-92.77846748497794, 44.88904740470401], [-92.7783748707618, 44.88895850176779], [-92.7782847208646, 44.888867100886294], [-92.77819952324298, 44.88877572715883], [-92.77811699815254, 44.88868193269072], [-92.77803721434258, 44.88858579561947], [-92.77800362813072, 44.888545853978684], [-92.77787968846928, 44.88840385720515], [-92.77776914540503, 44.888283752124366], [-92.77765577213125, 44.88816631490592], [-92.77753963301511, 44.88805161222424], [-92.77741344916677, 44.887932936854924], [-92.77729147162125, 44.88780994219955], [-92.77721330907096, 44.88772916231097], [-92.77713856439465, 44.88764520989569], [-92.77706736624177, 44.887558229451365], [-92.77699983715752, 44.88746837068747], [-92.77695843000706, 44.887408867181115], [-92.77691878486438, 44.88734817548448], [-92.77686904361838, 44.887274306667145], [-92.7768141064148, 44.88720421603015], [-92.77675425915223, 44.887138268332], [-92.7766898132816, 44.88707680677093], [-92.7765935318556, 44.88698607138976], [-92.77650055670432, 44.88689195102194], [-92.77641100676014, 44.88679456606474], [-92.77634019207053, 44.88670540425694], [-92.77627388118385, 44.88661284392776], [-92.77621223692513, 44.88651711235721], [-92.77615541066064, 44.886418444612254], [-92.77610354192612, 44.886317082969555], [-92.7760567580842, 44.886213276320596], [-92.77601517401166, 44.886107279560534], [-92.7759489520417, 44.885958384017385], [-92.7758770912744, 44.88581212649724], [-92.77579812881925, 44.88566555846905], [-92.7757138084516, 44.88552200592882], [-92.77562424516631, 44.885381664651426], [-92.77549950470417, 44.88517958637417], [-92.77537009307338, 44.884980467206724], [-92.7752360804371, 44.88478441510562], [-92.7750307563705, 44.884498754607506], [-92.77482002301832, 44.88421706089655], [-92.77451842436746, 44.88386079905477], [-92.77422161658001, 44.88350053611828], [-92.77398744465006, 44.88320917784968], [-92.77392664658272, 44.88313010782825], [-92.77387053855311, 44.883047643519035], [-92.77381930959616, 44.882962062754544], [-92.7737731323086, 44.882873653867016], [-92.77373216226745, 44.88278271471699], [-92.77369653750587, 44.88268955168975], [-92.7736663780481, 44.882594478663144], [-92.77364178550513, 44.88249781595001], [-92.77361427986888, 44.88234466041326], [-92.77358035201439, 44.882192798373396], [-92.77354006207901, 44.8820424990069], [-92.77351218030705, 44.88194586064954], [-92.77348966459637, 44.8818478330611], [-92.7734725833298, 44.881748713962764], [-92.77346498621912, 44.88169312865122], [-92.77346325180237, 44.881637053391536], [-92.7734673991523, 44.881581104821954], [-92.77349190166802, 44.88154000852112], [-92.77352184704846, 44.881502691589155], [-92.77355666094077, 44.881469869765304], [-92.7735956756141, 44.88144217257257], [-92.77363814276647, 44.88142013124347], [-92.77368324787739, 44.881404168530985], [-92.7737301258302, 44.88139459060014], [-92.77384322867039, 44.88136910269636], [-92.77395715023955, 44.88134756756743], [-92.77407175243779, 44.88133001131902], [-92.7742726741258, 44.881293301341834], [-92.77435816376217, 44.88126949945796], [-92.77444191133546, 44.88124015066625], [-92.77451840888276, 44.88120744793288], [-92.77459232935051, 44.88116927584937], [-92.77466328232721, 44.8811258360219], [-92.77473089307414, 44.88107735787825], [-92.77477551611541, 44.88103491282674], [-92.77481512738493, 44.88098775622022], [-92.77484923271693, 44.88093647635537], [-92.77487740663442, 44.88088171296811], [-92.77489929765696, 44.88082414925261], [-92.77491463268572, 44.88076450333822], [-92.774937529844, 44.88059068200695], [-92.77495681295537, 44.880501601399786], [-92.77498120409983, 44.88041378189723], [-92.77501062199781, 44.88032751614369], [-92.7750449686189, 44.88024309160592], [-92.77508412950847, 44.880160789615154], [-92.77511511939632, 44.88010532291096], [-92.77514248203065, 44.88004797995442], [-92.77516610437141, 44.879988997639785], [-92.77518792256001, 44.879921019640456], [-92.77520409564373, 44.87985148207428], [-92.77521451478927, 44.87978085287951], [-92.77521910988318, 44.87970960734029], [-92.77521785000377, 44.8796382248883], [-92.77521074362913, 44.87956718587658], [-92.77519783858008, 44.879496968347034], [-92.77517922169842, 44.87942804481358], [-92.7751550182625, 44.87936087908246], [-92.77508238677683, 44.8791520487385], [-92.77506161410562, 44.87905968943207], [-92.77504681001804, 44.87896618764415], [-92.77503803551825, 44.87887192867372], [-92.77503532676393, 44.87877730093993], [-92.77503869491719, 44.8786826943815], [-92.77504812609867, 44.87858849884993], [-92.77506358144468, 44.87849510250293], [-92.77508774015244, 44.8783988464886], [-92.77511801287405, 44.87830433497723], [-92.77515427535575, 44.87821195588936], [-92.775191205652, 44.87814239363166], [-92.77523283076826, 44.878075534793986], [-92.77527895374533, 44.87801169573489], [-92.77532935634132, 44.87795117852416], [-92.77538380006432, 44.8778942695134], [-92.77544202730084, 44.877841237981215], [-92.77550461683731, 44.877787295911304], [-92.77556383365085, 44.87772967155902], [-92.77561946146828, 44.87766857538148], [-92.77567129712428, 44.877604230515715], [-92.77577875090361, 44.8774605586746], [-92.77599803146109, 44.87716432301105], [-92.7760641442251, 44.877081028827305], [-92.77613476387418, 44.877001519810364], [-92.77620967409668, 44.87692603950049], [-92.77628864543865, 44.87685481909781], [-92.77636337845414, 44.87679320513302], [-92.77644215874808, 44.87673685826491], [-92.77652461579581, 44.876686043507796]]}, "properties": {"OBJECTID": 6609, "ROUTE_ID": null, "UNIQUE_ID": "9475967B-1FBB-47C1-BE2E-B6843B7047F9", "ROUTE_SYS": "10", "ROUTE_DIR": null, "DIR_RTE_ID": null, "LOC_STATE": null, "PRIME_STAT": null, "ST_PRE_MOD": null, "ST_PRE_DIR": null, "ST_PRE_TYP": null, "ST_NAME": "River", "ST_POS_TYP": "Road", "ST_POS_DIR": "South", "ST_POS_MOD": null, "ST_CONCAT": "River Road South", "ST_NAME_A1": null, "A1_MSAG_YN": null, "ST_NAME_A2": null, "A2_MSAG_YN": null, "ST_NAME_A3": null, "A3_MSAG_YN": null, "CFCC": "A41", "WCFC": "A4", "CTY_RTE": null, "ST_RTE": null, "FED_RTE": null, "ADR_FR_L": 3721, "ADR_TO_L": 4999, "ADR_FR_R": 3722, "ADR_TO_R": 4998, "ZIP_L": "55001", "ZIP_R": "55001", "CITYID_L": "2393887", "CITYID_R": "2393887", "CITY_L": "Afton", "CITY_R": "Afton", "COUNTY_L": "163", "COUNTY_R": "163", "CTYNAME_L": "Washington", "CTYNAME_R": "Washington", "STATE_L": "MN", "STATE_R": "MN", "PARITY_L": "O", "PARITY_R": "E", "POSTCOMM_L": "Afton", "POSTCOMM_R": "Afton", "ELEV_FROM": 0, "ELEV_TO": 0, "WC_ONEWAY": null, "WC_SPEED": null, "COMMENTS": null, "ONEWAY": "B", "SPEED_IMP": 30, "EMERG_ACC": null, "SPEEDLIMIT": 30, "ROUTE_NAME": "M", "ROUTE_NUM": null, "ESN_L": "3", "ESN_R": "3", "MSAG_C_L": "Afton", "MSAG_C_R": "Afton", "PSAP_L": "WASH", "PSAP_R": "WASH", "PS_STNAME": "RIVER RD S", "PS_ALT_NM": null, "PS_ALT_NM2": null, "STATUS": "Active", "ACT_DATE": -2208988800000, "RET_DATE": null, "EDITED_BY": "SDE\\TASIEBE", "EDITED_DT": 1337817600000, "SOURCE": "Washington", "FUNCTIONAL": "7000", "SURF_TYPE": null, "created_user": null, "created_date": null, "last_edited_user": "DDMATZE", "last_edited_date": 1707418273000, "PS_MUNICODE_L": "A", "PS_MUNICODE_R": "A", "PD_LEFT": null, "PD_RIGHT": null, "FD_LEFT": null, "FD_RIGHT": null, "EMS_LEFT": null, "EMS_RIGHT": null, "L_SERV_AREA": null, "R_SERV_AREA": null, "Shape_Length": 3280.626073550846}}, {"type": "Feature", "id": 6648, "geometry": {"type": "LineString", "coordinates": [[-92.78598201263169, 44.90312396257923], [-92.78599307935914, 44.903070464331236], [-92.78600026812207, 44.90301630847576], [-92.78600354165577, 44.90296177574273], [-92.78600448014198, 44.90290927215474], [-92.7860107351861, 44.902857134050315], [-92.78602224236786, 44.90280589839597], [-92.78603888317568, 44.9027560928639], [-92.78612534961505, 44.9025011735508], [-92.78614336141659, 44.902435584166405], [-92.78615558108127, 44.90236867323953], [-92.78616191538376, 44.90230095124198], [-92.78616231599885, 44.902232934833314], [-92.78615677987023, 44.902165142919195], [-92.78614236640544, 44.90207005525283], [-92.78613207530803, 44.9019744335734], [-92.78612592580305, 44.90187845651442], [-92.78612392937858, 44.901782303373274], [-92.78611773016104, 44.90160605764666], [-92.7861186843959, 44.90142970551063], [-92.78612679051277, 44.901253537189646], [-92.78614302412774, 44.90109085986331], [-92.78615252801566, 44.900927651043474], [-92.78615528597189, 44.90076418900985], [-92.78613719929197, 44.89965489483176]]}, "properties": {"OBJECTID": 6648, "ROUTE_ID": null, "UNIQUE_ID": "8BFF388A-EA59-4C2F-ADBF-3CEF8A91BADE", "ROUTE_SYS": "10", "ROUTE_DIR": null, "DIR_RTE_ID": null, "LOC_STATE": null, "PRIME_STAT": null, "ST_PRE_MOD": null, "ST_PRE_DIR": null, "ST_PRE_TYP": null, "ST_NAME": "Pennington", "ST_POS_TYP": "Avenue", "ST_POS_DIR": "South", "ST_POS_MOD": null, "ST_CONCAT": "Pennington Avenue South", "ST_NAME_A1": null, "A1_MSAG_YN": null, "ST_NAME_A2": null, "A2_MSAG_YN": null, "ST_NAME_A3": null, "A3_MSAG_YN": null, "CFCC": "A41", "WCFC": "A4", "CTY_RTE": null, "ST_RTE": null, "FED_RTE": null, "ADR_FR_L": 3151, "ADR_TO_L": 3399, "ADR_FR_R": 3150, "ADR_TO_R": 3398, "ZIP_L": "55001", "ZIP_R": "55001", "CITYID_L": "2393887", "CITYID_R": "2393887", "CITY_L": "Afton", "CITY_R": "Afton", "COUNTY_L": "163", "COUNTY_R": "163", "CTYNAME_L": "Washington", "CTYNAME_R": "Washington", "STATE_L": "MN", "STATE_R": "MN", "PARITY_L": "O", "PARITY_R": "E", "POSTCOMM_L": "Afton", "POSTCOMM_R": "Afton", "ELEV_FROM": 0, "ELEV_TO": 0, "WC_ONEWAY": null, "WC_SPEED": null, "COMMENTS": null, "ONEWAY": "B", "SPEED_IMP": 30, "EMERG_ACC": null, "SPEEDLIMIT": 30, "ROUTE_NAME": "M", "ROUTE_NUM": null, "ESN_L": "3", "ESN_R": "3", "MSAG_C_L": "Afton", "MSAG_C_R": "Afton", "PSAP_L": "WASH", "PSAP_R": "WASH", "PS_STNAME": "PENNINGTON AVE S", "PS_ALT_NM": null, "PS_ALT_NM2": null, "STATUS": "Active", "ACT_DATE": -2208988800000, "RET_DATE": null, "EDITED_BY": "SDE\\TASIEBE", "EDITED_DT": 1337817600000, "SOURCE": "Washington", "FUNCTIONAL": "7000", "SURF_TYPE": null, "created_user": null, "created_date": null, "last_edited_user": "DDMATZE", "last_edited_date": 1707418273000, "PS_MUNICODE_L": "A", "PS_MUNICODE_R": "A", "PD_LEFT": null, "PD_RIGHT": null, "FD_LEFT": null, "FD_RIGHT": null, "EMS_LEFT": null, "EMS_RIGHT": null, "L_SERV_AREA": null, "R_SERV_AREA": null, "Shape_Length": 547.4362642251832}}, {"type": "Feature", "id": 6649, "geometry": {"type": "LineString", "coordinates": [[-92.78456658934078, 44.90188315569005], [-92.78456346140695, 44.90188096048379], [-92.78453070761775, 44.90186048709303], [-92.7844963135033, 44.901842908261266], [-92.78446053423835, 44.901828354408316], [-92.78440167665113, 44.901815413458294], [-92.7843419735384, 44.901807214550345], [-92.78428180632773, 44.90180381006515], [-92.78340013323256, 44.90180485613005], [-92.7832195808436, 44.90180463024622]]}, "properties": {"OBJECTID": 6649, "ROUTE_ID": null, "UNIQUE_ID": "30C77C5B-8ADA-446F-933F-599EA4E04F07", "ROUTE_SYS": "10", "ROUTE_DIR": null, "DIR_RTE_ID": null, "LOC_STATE": null, "PRIME_STAT": null, "ST_PRE_MOD": null, "ST_PRE_DIR": null, "ST_PRE_TYP": null, "ST_NAME": "32nd", "ST_POS_TYP": "Street", "ST_POS_DIR": "South", "ST_POS_MOD": null, "ST_CONCAT": "32nd Street South", "ST_NAME_A1": null, "A1_MSAG_YN": null, "ST_NAME_A2": null, "A2_MSAG_YN": null, "ST_NAME_A3": null, "A3_MSAG_YN": null, "CFCC": "A41", "WCFC": "A4", "CTY_RTE": null, "ST_RTE": null, "FED_RTE": null, "ADR_FR_L": 15850, "ADR_TO_L": 15898, "ADR_FR_R": 15851, "ADR_TO_R": 15899, "ZIP_L": "55001", "ZIP_R": "55001", "CITYID_L": "2393887", "CITYID_R": "2393887", "CITY_L": "Afton", "CITY_R": "Afton", "COUNTY_L": "163", "COUNTY_R": "163", "CTYNAME_L": "Washington", "CTYNAME_R": "Washington", "STATE_L": "MN", "STATE_R": "MN", "PARITY_L": "E", "PARITY_R": "O", "POSTCOMM_L": "Afton", "POSTCOMM_R": "Afton", "ELEV_FROM": 0, "ELEV_TO": 0, "WC_ONEWAY": null, "WC_SPEED": null, "COMMENTS": null, "ONEWAY": "B", "SPEED_IMP": 30, "EMERG_ACC": null, "SPEEDLIMIT": 30, "ROUTE_NAME": "M", "ROUTE_NUM": null, "ESN_L": "3", "ESN_R": "3", "MSAG_C_L": "Afton", "MSAG_C_R": "Afton", "PSAP_L": "WASH", "PSAP_R": "WASH", "PS_STNAME": "32ND ST S", "PS_ALT_NM": null, "PS_ALT_NM2": null, "STATUS": "Active", "ACT_DATE": -2208988800000, "RET_DATE": null, "EDITED_BY": "SDE\\TASIEBE", "EDITED_DT": 1337817600000, "SOURCE": "Washington", "FUNCTIONAL": "7000", "SURF_TYPE": null, "created_user": null, "created_date": null, "last_edited_user": "DDMATZE", "last_edited_date": 1707418273000, "PS_MUNICODE_L": "A", "PS_MUNICODE_R": "A", "PD_LEFT": null, "PD_RIGHT": null, "FD_LEFT": null, "FD_RIGHT": null, "EMS_LEFT": null, "EMS_RIGHT": null, "L_SERV_AREA": null, "R_SERV_AREA": null, "Shape_Length": 153.2803865022375}}, {"type": "Feature", "id": 6650, "geometry": {"type": "LineString", "coordinates": [[-92.78177922301536, 44.90393406338503], [-92.7817861143326, 44.90387163980041], [-92.78178869575004, 44.90380889005574], [-92.78178786819092, 44.90372963891236], [-92.78179378829938, 44.90365060486339], [-92.78180567090217, 44.903477704424134], [-92.78181348588816, 44.9033045724394], [-92.78181722893841, 44.90313130458977], [-92.781822342149, 44.903032028616636], [-92.78185082233676, 44.902836331785814]]}, "properties": {"OBJECTID": 6650, "ROUTE_ID": null, "UNIQUE_ID": "D4229937-2BC9-4793-82A8-DCB52158BD4D", "ROUTE_SYS": "10", "ROUTE_DIR": null, "DIR_RTE_ID": null, "LOC_STATE": null, "PRIME_STAT": null, "ST_PRE_MOD": null, "ST_PRE_DIR": null, "ST_PRE_TYP": null, "ST_NAME": "Pike", "ST_POS_TYP": "Avenue", "ST_POS_DIR": "South", "ST_POS_MOD": null, "ST_CONCAT": "Pike Avenue South", "ST_NAME_A1": null, "A1_MSAG_YN": null, "ST_NAME_A2": null, "A2_MSAG_YN": null, "ST_NAME_A3": null, "A3_MSAG_YN": null, "CFCC": "A41", "WCFC": "A4", "CTY_RTE": null, "ST_RTE": null, "FED_RTE": null, "ADR_FR_L": 3101, "ADR_TO_L": 3149, "ADR_FR_R": 3100, "ADR_TO_R": 3148, "ZIP_L": "55001", "ZIP_R": "55001", "CITYID_L": "2393887", "CITYID_R": "2393887", "CITY_L": "Afton", "CITY_R": "Afton", "COUNTY_L": "163", "COUNTY_R": "163", "CTYNAME_L": "Washington", "CTYNAME_R": "Washington", "STATE_L": "MN", "STATE_R": "MN", "PARITY_L": "O", "PARITY_R": "E", "POSTCOMM_L": "Afton", "POSTCOMM_R": "Afton", "ELEV_FROM": 0, "ELEV_TO": 0, "WC_ONEWAY": null, "WC_SPEED": null, "COMMENTS": null, "ONEWAY": "B", "SPEED_IMP": 30, "EMERG_ACC": null, "SPEEDLIMIT": 30, "ROUTE_NAME": "M", "ROUTE_NUM": null, "ESN_L": "3", "ESN_R": "3", "MSAG_C_L": "Afton", "MSAG_C_R": "Afton", "PSAP_L": "WASH", "PSAP_R": "WASH", "PS_STNAME": "PIKE AVE S", "PS_ALT_NM": null, "PS_ALT_NM2": null, "STATUS": "Active", "ACT_DATE": -2208988800000, "RET_DATE": null, "EDITED_BY": "SDE\\TASIEBE", "EDITED_DT": 1337817600000, "SOURCE": "Washington", "FUNCTIONAL": "7000", "SURF_TYPE": null, "created_user": null, "created_date": null, "last_edited_user": "DDMATZE", "last_edited_date": 1707418273000, "PS_MUNICODE_L": "A", "PS_MUNICODE_R": "A", "PD_LEFT": null, "PD_RIGHT": null, "FD_LEFT": null, "FD_RIGHT": null, "EMS_LEFT": null, "EMS_RIGHT": null, "L_SERV_AREA": null, "R_SERV_AREA": null, "Shape_Length": 172.8059548548699}}, {"type": "Feature", "id": 6651, "geometry": {"type": "LineString", "coordinates": [[-92.78323748426723, 44.902830402918106], [-92.7824149517588, 44.90283494723808], [-92.78185082233676, 44.902836331785814]]}, "properties": {"OBJECTID": 6651, "ROUTE_ID": null, "UNIQUE_ID": "D593C7E5-0C5E-4F32-9F95-6566DA591F66", "ROUTE_SYS": "10", "ROUTE_DIR": null, "DIR_RTE_ID": null, "LOC_STATE": null, "PRIME_STAT": null, "ST_PRE_MOD": null, "ST_PRE_DIR": null, "ST_PRE_TYP": null, "ST_NAME": "Afton", "ST_POS_TYP": "Boulevard", "ST_POS_DIR": "South", "ST_POS_MOD": null, "ST_CONCAT": "Afton Boulevard South", "ST_NAME_A1": null, "A1_MSAG_YN": null, "ST_NAME_A2": null, "A2_MSAG_YN": null, "ST_NAME_A3": null, "A3_MSAG_YN": null, "CFCC": "A41", "WCFC": "A4", "CTY_RTE": null, "ST_RTE": null, "FED_RTE": null, "ADR_FR_L": 15900, "ADR_TO_L": 15998, "ADR_FR_R": 15901, "ADR_TO_R": 15999, "ZIP_L": "55001", "ZIP_R": "55001", "CITYID_L": "2393887", "CITYID_R": "2393887", "CITY_L": "Afton", "CITY_R": "Afton", "COUNTY_L": "163", "COUNTY_R": "163", "CTYNAME_L": "Washington", "CTYNAME_R": "Washington", "STATE_L": "MN", "STATE_R": "MN", "PARITY_L": "E", "PARITY_R": "O", "POSTCOMM_L": "Afton", "POSTCOMM_R": "Afton", "ELEV_FROM": 0, "ELEV_TO": 0, "WC_ONEWAY": null, "WC_SPEED": null, "COMMENTS": null, "ONEWAY": "B", "SPEED_IMP": 30, "EMERG_ACC": null, "SPEEDLIMIT": 30, "ROUTE_NAME": "M", "ROUTE_NUM": null, "ESN_L": "3", "ESN_R": "3", "MSAG_C_L": "Afton", "MSAG_C_R": "Afton", "PSAP_L": "WASH", "PSAP_R": "WASH", "PS_STNAME": "AFTON BLVD S", "PS_ALT_NM": null, "PS_ALT_NM2": null, "STATUS": "Active", "ACT_DATE": -2208988800000, "RET_DATE": null, "EDITED_BY": "SDE\\TASIEBE", "EDITED_DT": 1337817600000, "SOURCE": "Washington", "FUNCTIONAL": "7000", "SURF_TYPE": null, "created_user": null, "created_date": null, "last_edited_user": "DDMATZE", "last_edited_date": 1707418273000, "PS_MUNICODE_L": "A", "PS_MUNICODE_R": "A", "PD_LEFT": null, "PD_RIGHT": null, "FD_LEFT": null, "FD_RIGHT": null, "EMS_LEFT": null, "EMS_RIGHT": null, "L_SERV_AREA": null, "R_SERV_AREA": null, "Shape_Length": 154.36566234034066}}, {"type": "Feature", "id": 6652, "geometry": {"type": "LineString", "coordinates": [[-92.78987438041842, 44.899942400916686], [-92.78998241450944, 44.899907977001796], [-92.79004258031878, 44.89990622083946], [-92.79010256139746, 44.89990119302484], [-92.7901621799742, 44.899892908459314], [-92.79026071797435, 44.899872449697995], [-92.79030430311586, 44.89986063313385], [-92.79034562511342, 44.89984241807782], [-92.7903837506079, 44.89981821596181], [-92.79041781844109, 44.89978857345025], [-92.790447059107, 44.89975416009229], [-92.79052337099039, 44.899652800078385], [-92.79054712469267, 44.89961810644101], [-92.7905666017777, 44.899580843456626], [-92.79058152801746, 44.89954153577019], [-92.79059169325762, 44.89950073681507], [-92.79059589770746, 44.89946524221776], [-92.79059599665946, 44.8994294996095], [-92.79059198880336, 44.899393982276735], [-92.79058055070153, 44.89929605418849], [-92.79057380420707, 44.89919769146459], [-92.79057044915201, 44.89906179083668], [-92.79056297977169, 44.89892605415992], [-92.79055140291884, 44.89879060596489], [-92.79054349858916, 44.89875232514762], [-92.79052948095327, 44.89871583672092], [-92.79050972235784, 44.898682109916955], [-92.79048474764505, 44.898652040611665], [-92.79045522021144, 44.89862642752784], [-92.7904219243862, 44.89860595101886], [-92.79038574459727, 44.89859115499667], [-92.7901107460343, 44.89847290602532], [-92.79004754182886, 44.89845160477227], [-92.78998285305536, 44.898435360463935], [-92.78991708363208, 44.89842427453016], [-92.78953669382166, 44.898375314647325], [-92.78944127579437, 44.89836770576361], [-92.7893456012472, 44.89836472649042], [-92.7892498946732, 44.8983663838184], [-92.78915438064054, 44.898372673858745], [-92.7890592832656, 44.89838358185236], [-92.78860569333592, 44.8984537047824], [-92.78860563404712, 44.89845371496366], [-92.78855370593794, 44.89846239042895], [-92.78850252901206, 44.89847474819889], [-92.78778510298513, 44.89864674841005], [-92.78772453839584, 44.89866939481655], [-92.78766668134914, 44.89869826506682], [-92.78761216933528, 44.89873304105779], [-92.7875616029877, 44.89877333961479], [-92.78751553946505, 44.89881871671347], [-92.78747448631219, 44.89886867237225], [-92.7874388958679, 44.89892265616128], [-92.78739685864737, 44.898980596229535], [-92.78735021981778, 44.89903490091621], [-92.78729929239454, 44.89908520575673], [-92.78724441817576, 44.89913117313139], [-92.78718596544844, 44.89917249453127], [-92.78712432651663, 44.89920889262881], [-92.78702199852431, 44.899271174447136], [-92.78698646400028, 44.899291932671424], [-92.78695473397674, 44.8993181397674], [-92.78692763588231, 44.899349112328665], [-92.78690587635808, 44.89938404267905], [-92.78689002283045, 44.89942201993455], [-92.78688048871425, 44.899462053756515], [-92.78686433790374, 44.89955061076414]]}, "properties": {"OBJECTID": 6652, "ROUTE_ID": null, "UNIQUE_ID": "AF655C3C-034A-4193-A03D-F4A8BEA8CADC", "ROUTE_SYS": "10", "ROUTE_DIR": null, "DIR_RTE_ID": null, "LOC_STATE": null, "PRIME_STAT": null, "ST_PRE_MOD": null, "ST_PRE_DIR": null, "ST_PRE_TYP": null, "ST_NAME": "Upper 34th", "ST_POS_TYP": "Street", "ST_POS_DIR": "South", "ST_POS_MOD": null, "ST_CONCAT": "Upper 34th Street South", "ST_NAME_A1": null, "A1_MSAG_YN": null, "ST_NAME_A2": null, "A2_MSAG_YN": null, "ST_NAME_A3": null, "A3_MSAG_YN": null, "CFCC": "A61", "WCFC": "A4", "CTY_RTE": null, "ST_RTE": null, "FED_RTE": null, "ADR_FR_L": 15600, "ADR_TO_L": 15798, "ADR_FR_R": 15601, "ADR_TO_R": 15799, "ZIP_L": "55001", "ZIP_R": "55001", "CITYID_L": "2393887", "CITYID_R": "2393887", "CITY_L": "Afton", "CITY_R": "Afton", "COUNTY_L": "163", "COUNTY_R": "163", "CTYNAME_L": "Washington", "CTYNAME_R": "Washington", "STATE_L": "MN", "STATE_R": "MN", "PARITY_L": "E", "PARITY_R": "O", "POSTCOMM_L": "Afton", "POSTCOMM_R": "Afton", "ELEV_FROM": 0, "ELEV_TO": 0, "WC_ONEWAY": null, "WC_SPEED": null, "COMMENTS": null, "ONEWAY": "B", "SPEED_IMP": 30, "EMERG_ACC": null, "SPEEDLIMIT": 30, "ROUTE_NAME": "M", "ROUTE_NUM": null, "ESN_L": "3", "ESN_R": "3", "MSAG_C_L": "Afton", "MSAG_C_R": "Afton", "PSAP_L": "WASH", "PSAP_R": "WASH", "PS_STNAME": "UPPER 34TH ST S", "PS_ALT_NM": null, "PS_ALT_NM2": null, "STATUS": "Active", "ACT_DATE": -2208988800000, "RET_DATE": null, "EDITED_BY": "SDE\\TASIEBE", "EDITED_DT": 1337817600000, "SOURCE": "Washington", "FUNCTIONAL": "7000", "SURF_TYPE": null, "created_user": null, "created_date": null, "last_edited_user": "DDMATZE", "last_edited_date": 1707418273000, "PS_MUNICODE_L": "A", "PS_MUNICODE_R": "A", "PD_LEFT": null, "PD_RIGHT": null, "FD_LEFT": null, "FD_RIGHT": null, "EMS_LEFT": null, "EMS_RIGHT": null, "L_SERV_AREA": null, "R_SERV_AREA": null, "Shape_Length": 750.556604282152}}, {"type": "Feature", "id": 6656, "geometry": {"type": "LineString", "coordinates": [[-92.78449945105308, 44.90389876953485], [-92.78426698502385, 44.9038917699353], [-92.78320238978402, 44.903891668768445]]}, "properties": {"OBJECTID": 6656, "ROUTE_ID": null, "UNIQUE_ID": "205EE724-F3D6-4912-B72B-C963C8AC6872", "ROUTE_SYS": "10", "ROUTE_DIR": null, "DIR_RTE_ID": null, "LOC_STATE": null, "PRIME_STAT": null, "ST_PRE_MOD": null, "ST_PRE_DIR": null, "ST_PRE_TYP": null, "ST_NAME": "31st", "ST_POS_TYP": "Street", "ST_POS_DIR": "South", "ST_POS_MOD": null, "ST_CONCAT": "31st Street South", "ST_NAME_A1": null, "A1_MSAG_YN": null, "ST_NAME_A2": null, "A2_MSAG_YN": null, "ST_NAME_A3": null, "A3_MSAG_YN": null, "CFCC": "A41", "WCFC": "A4", "CTY_RTE": null, "ST_RTE": null, "FED_RTE": null, "ADR_FR_L": 15850, "ADR_TO_L": 15898, "ADR_FR_R": 15851, "ADR_TO_R": 15899, "ZIP_L": "55001", "ZIP_R": "55001", "CITYID_L": "2393887", "CITYID_R": "2393887", "CITY_L": "Afton", "CITY_R": "Afton", "COUNTY_L": "163", "COUNTY_R": "163", "CTYNAME_L": "Washington", "CTYNAME_R": "Washington", "STATE_L": "MN", "STATE_R": "MN", "PARITY_L": "E", "PARITY_R": "O", "POSTCOMM_L": "Afton", "POSTCOMM_R": "Afton", "ELEV_FROM": 0, "ELEV_TO": 0, "WC_ONEWAY": null, "WC_SPEED": null, "COMMENTS": null, "ONEWAY": "B", "SPEED_IMP": 30, "EMERG_ACC": null, "SPEEDLIMIT": 30, "ROUTE_NAME": "M", "ROUTE_NUM": null, "ESN_L": "3", "ESN_R": "3", "MSAG_C_L": "Afton", "MSAG_C_R": "Afton", "PSAP_L": "WASH", "PSAP_R": "WASH", "PS_STNAME": "31ST ST S", "PS_ALT_NM": null, "PS_ALT_NM2": null, "STATUS": "Active", "ACT_DATE": -2208988800000, "RET_DATE": null, "EDITED_BY": "SDE\\TASIEBE", "EDITED_DT": 1337817600000, "SOURCE": "Washington", "FUNCTIONAL": "7000", "SURF_TYPE": null, "created_user": null, "created_date": null, "last_edited_user": "DDMATZE", "last_edited_date": 1707418273000, "PS_MUNICODE_L": "A", "PS_MUNICODE_R": "A", "PD_LEFT": null, "PD_RIGHT": null, "FD_LEFT": null, "FD_RIGHT": null, "EMS_LEFT": null, "EMS_RIGHT": null, "L_SERV_AREA": null, "R_SERV_AREA": null, "Shape_Length": 144.41157369427694}}, {"type": "Feature", "id": 6661, "geometry": {"type": "LineString", "coordinates": [[-92.78449945105308, 44.90389876953485], [-92.78452082410674, 44.90389630154943], [-92.78454152039758, 44.90389042261073], [-92.78456099926227, 44.90388128629827], [-92.78457875184114, 44.90386913128619], [-92.78459431437143, 44.903854275108166], [-92.78460728030255, 44.903837105862266], [-92.78461731091666, 44.903818072072426], [-92.78463111712428, 44.90308758146828], [-92.78463835050871, 44.90303939540122], [-92.78465244980013, 44.902992753908], [-92.78467312088624, 44.902948629933704], [-92.78469993256661, 44.90290794390779]]}, "properties": {"OBJECTID": 6661, "ROUTE_ID": null, "UNIQUE_ID": "4CEA2A50-E5FA-41E1-8E30-8E30763C0794", "ROUTE_SYS": "10", "ROUTE_DIR": null, "DIR_RTE_ID": null, "LOC_STATE": null, "PRIME_STAT": null, "ST_PRE_MOD": null, "ST_PRE_DIR": null, "ST_PRE_TYP": null, "ST_NAME": "Perrot", "ST_POS_TYP": "Avenue", "ST_POS_DIR": "South", "ST_POS_MOD": null, "ST_CONCAT": "Perrot Avenue South", "ST_NAME_A1": null, "A1_MSAG_YN": null, "ST_NAME_A2": null, "A2_MSAG_YN": null, "ST_NAME_A3": null, "A3_MSAG_YN": null, "CFCC": "A41", "WCFC": "A4", "CTY_RTE": null, "ST_RTE": null, "FED_RTE": null, "ADR_FR_L": 3101, "ADR_TO_L": 3149, "ADR_FR_R": 3100, "ADR_TO_R": 3148, "ZIP_L": "55001", "ZIP_R": "55001", "CITYID_L": "2393887", "CITYID_R": "2393887", "CITY_L": "Afton", "CITY_R": "Afton", "COUNTY_L": "163", "COUNTY_R": "163", "CTYNAME_L": "Washington", "CTYNAME_R": "Washington", "STATE_L": "MN", "STATE_R": "MN", "PARITY_L": "O", "PARITY_R": "E", "POSTCOMM_L": "Afton", "POSTCOMM_R": "Afton", "ELEV_FROM": 0, "ELEV_TO": 0, "WC_ONEWAY": null, "WC_SPEED": null, "COMMENTS": null, "ONEWAY": "B", "SPEED_IMP": 30, "EMERG_ACC": null, "SPEEDLIMIT": 30, "ROUTE_NAME": "M", "ROUTE_NUM": null, "ESN_L": "3", "ESN_R": "3", "MSAG_C_L": "Afton", "MSAG_C_R": "Afton", "PSAP_L": "WASH", "PSAP_R": "WASH", "PS_STNAME": "PERROT AVE S", "PS_ALT_NM": null, "PS_ALT_NM2": null, "STATUS": "Active", "ACT_DATE": -2208988800000, "RET_DATE": null, "EDITED_BY": "SDE\\TASIEBE", "EDITED_DT": 1337817600000, "SOURCE": "Washington", "FUNCTIONAL": "7000", "SURF_TYPE": null, "created_user": null, "created_date": null, "last_edited_user": "DDMATZE", "last_edited_date": 1707418273000, "PS_MUNICODE_L": "A", "PS_MUNICODE_R": "A", "PD_LEFT": null, "PD_RIGHT": null, "FD_LEFT": null, "FD_RIGHT": null, "EMS_LEFT": null, "EMS_RIGHT": null, "L_SERV_AREA": null, "R_SERV_AREA": null, "Shape_Length": 163.69590383972712}}, {"type": "Feature", "id": 8976, "geometry": {"type": "LineString", "coordinates": [[-92.78322900417093, 44.900752681450044], [-92.78313669239402, 44.90074729768022], [-92.78309665186276, 44.900744636067444], [-92.78305652314481, 44.90074451639435], [-92.78218323941607, 44.90073999990648]]}, "properties": {"OBJECTID": 8976, "ROUTE_ID": null, "UNIQUE_ID": "A3E86B3B-4E1B-44EF-8887-CEE94A1F5629", "ROUTE_SYS": "10", "ROUTE_DIR": null, "DIR_RTE_ID": null, "LOC_STATE": null, "PRIME_STAT": null, "ST_PRE_MOD": null, "ST_PRE_DIR": null, "ST_PRE_TYP": null, "ST_NAME": "33rd", "ST_POS_TYP": "Street", "ST_POS_DIR": "South", "ST_POS_MOD": null, "ST_CONCAT": "33rd Street South", "ST_NAME_A1": null, "A1_MSAG_YN": null, "ST_NAME_A2": null, "A2_MSAG_YN": null, "ST_NAME_A3": null, "A3_MSAG_YN": null, "CFCC": "A41", "WCFC": "A4", "CTY_RTE": null, "ST_RTE": null, "FED_RTE": null, "ADR_FR_L": 15900, "ADR_TO_L": 15998, "ADR_FR_R": 15901, "ADR_TO_R": 15999, "ZIP_L": "55001", "ZIP_R": "55001", "CITYID_L": "2393887", "CITYID_R": "2393887", "CITY_L": "Afton", "CITY_R": "Afton", "COUNTY_L": "163", "COUNTY_R": "163", "CTYNAME_L": "Washington", "CTYNAME_R": "Washington", "STATE_L": "MN", "STATE_R": "MN", "PARITY_L": "E", "PARITY_R": "O", "POSTCOMM_L": "Afton", "POSTCOMM_R": "Afton", "ELEV_FROM": 0, "ELEV_TO": 0, "WC_ONEWAY": null, "WC_SPEED": null, "COMMENTS": null, "ONEWAY": "B", "SPEED_IMP": 30, "EMERG_ACC": null, "SPEEDLIMIT": 30, "ROUTE_NAME": "M", "ROUTE_NUM": null, "ESN_L": "3", "ESN_R": "3", "MSAG_C_L": "Afton", "MSAG_C_R": "Afton", "PSAP_L": "WASH", "PSAP_R": "WASH", "PS_STNAME": "33RD ST S", "PS_ALT_NM": null, "PS_ALT_NM2": null, "STATUS": "Active", "ACT_DATE": -2208988800000, "RET_DATE": null, "EDITED_BY": "SDE\\TASIEBE", "EDITED_DT": 1337817600000, "SOURCE": "Washington", "FUNCTIONAL": "7000", "SURF_TYPE": null, "created_user": null, "created_date": null, "last_edited_user": "DDMATZE", "last_edited_date": 1707418273000, "PS_MUNICODE_L": "A", "PS_MUNICODE_R": "A", "PD_LEFT": null, "PD_RIGHT": null, "FD_LEFT": null, "FD_RIGHT": null, "EMS_LEFT": null, "EMS_RIGHT": null, "L_SERV_AREA": null, "R_SERV_AREA": null, "Shape_Length": 116.47414891218698}}, {"type": "Feature", "id": 8979, "geometry": {"type": "LineString", "coordinates": [[-92.78415026152909, 44.90079775276585], [-92.78399586001913, 44.90077962411915], [-92.78384098236567, 44.900766156136186], [-92.7836857692202, 44.900757361047845], [-92.78353036153888, 44.90075324684135], [-92.78337490045456, 44.900753817253005], [-92.78322900417093, 44.900752681450044]]}, "properties": {"OBJECTID": 8979, "ROUTE_ID": null, "UNIQUE_ID": "00B810EF-49C0-450A-BC0C-50ECB53C218A", "ROUTE_SYS": "10", "ROUTE_DIR": null, "DIR_RTE_ID": null, "LOC_STATE": null, "PRIME_STAT": null, "ST_PRE_MOD": null, "ST_PRE_DIR": null, "ST_PRE_TYP": null, "ST_NAME": "33rd", "ST_POS_TYP": "Street", "ST_POS_DIR": "South", "ST_POS_MOD": null, "ST_CONCAT": "33rd Street South", "ST_NAME_A1": null, "A1_MSAG_YN": null, "ST_NAME_A2": null, "A2_MSAG_YN": null, "ST_NAME_A3": null, "A3_MSAG_YN": null, "CFCC": "A41", "WCFC": "A4", "CTY_RTE": null, "ST_RTE": null, "FED_RTE": null, "ADR_FR_L": 15800, "ADR_TO_L": 15898, "ADR_FR_R": 15801, "ADR_TO_R": 15899, "ZIP_L": "55001", "ZIP_R": "55001", "CITYID_L": "2393887", "CITYID_R": "2393887", "CITY_L": "Afton", "CITY_R": "Afton", "COUNTY_L": "163", "COUNTY_R": "163", "CTYNAME_L": "Washington", "CTYNAME_R": "Washington", "STATE_L": "MN", "STATE_R": "MN", "PARITY_L": "E", "PARITY_R": "O", "POSTCOMM_L": "Afton", "POSTCOMM_R": "Afton", "ELEV_FROM": 0, "ELEV_TO": 0, "WC_ONEWAY": null, "WC_SPEED": null, "COMMENTS": null, "ONEWAY": "B", "SPEED_IMP": 30, "EMERG_ACC": null, "SPEEDLIMIT": 30, "ROUTE_NAME": "M", "ROUTE_NUM": null, "ESN_L": "3", "ESN_R": "3", "MSAG_C_L": "Afton", "MSAG_C_R": "Afton", "PSAP_L": "WASH", "PSAP_R": "WASH", "PS_STNAME": "33RD ST S", "PS_ALT_NM": null, "PS_ALT_NM2": null, "STATUS": "Active", "ACT_DATE": -2208988800000, "RET_DATE": null, "EDITED_BY": "SDE\\TASIEBE", "EDITED_DT": 1337817600000, "SOURCE": "Washington", "FUNCTIONAL": "7000", "SURF_TYPE": null, "created_user": null, "created_date": null, "last_edited_user": "DDMATZE", "last_edited_date": 1707418273000, "PS_MUNICODE_L": "A", "PS_MUNICODE_R": "A", "PD_LEFT": null, "PD_RIGHT": null, "FD_LEFT": null, "FD_RIGHT": null, "EMS_LEFT": null, "EMS_RIGHT": null, "L_SERV_AREA": null, "R_SERV_AREA": null, "Shape_Length": 102.99314237015037}}, {"type": "Feature", "id": 10432, "geometry": {"type": "LineString", "coordinates": [[-92.78469993256661, 44.90290794390779], [-92.78470156211054, 44.902904947027416], [-92.78472173949615, 44.90286065230121], [-92.78473560736148, 44.90281399576929], [-92.78474232810096, 44.90274176708092], [-92.78474546249305, 44.902669294138725], [-92.78474500284105, 44.90259675490462], [-92.78473819967174, 44.902450143347984], [-92.78472904876159, 44.902303659586096], [-92.78472331814473, 44.90223469173472], [-92.7847130910303, 44.902166246058286], [-92.78469841117435, 44.90209861539718], [-92.78467934138367, 44.90203208910481], [-92.78466859034636, 44.902000205239716], [-92.7846489523648, 44.901966260382714], [-92.78462513516149, 44.901935105215195], [-92.78459752975117, 44.90190725122163], [-92.78456658934078, 44.90188315569005]]}, "properties": {"OBJECTID": 10432, "ROUTE_ID": null, "UNIQUE_ID": "8FC564FB-39E6-40A8-911B-48DEA52159FC", "ROUTE_SYS": "10", "ROUTE_DIR": null, "DIR_RTE_ID": null, "LOC_STATE": null, "PRIME_STAT": null, "ST_PRE_MOD": null, "ST_PRE_DIR": null, "ST_PRE_TYP": null, "ST_NAME": "Perrot", "ST_POS_TYP": "Avenue", "ST_POS_DIR": "South", "ST_POS_MOD": null, "ST_CONCAT": "Perrot Avenue South", "ST_NAME_A1": null, "A1_MSAG_YN": null, "ST_NAME_A2": null, "A2_MSAG_YN": null, "ST_NAME_A3": null, "A3_MSAG_YN": null, "CFCC": "A41", "WCFC": "A4", "CTY_RTE": null, "ST_RTE": null, "FED_RTE": null, "ADR_FR_L": 3151, "ADR_TO_L": 3199, "ADR_FR_R": 3150, "ADR_TO_R": 3198, "ZIP_L": "55001", "ZIP_R": "55001", "CITYID_L": "2393887", "CITYID_R": "2393887", "CITY_L": "Afton", "CITY_R": "Afton", "COUNTY_L": "163", "COUNTY_R": "163", "CTYNAME_L": "Washington", "CTYNAME_R": "Washington", "STATE_L": "MN", "STATE_R": "MN", "PARITY_L": "O", "PARITY_R": "E", "POSTCOMM_L": "Afton", "POSTCOMM_R": "Afton", "ELEV_FROM": 0, "ELEV_TO": 0, "WC_ONEWAY": null, "WC_SPEED": null, "COMMENTS": null, "ONEWAY": "B", "SPEED_IMP": 30, "EMERG_ACC": null, "SPEEDLIMIT": 30, "ROUTE_NAME": "M", "ROUTE_NUM": null, "ESN_L": "3", "ESN_R": "3", "MSAG_C_L": "Afton", "MSAG_C_R": "Afton", "PSAP_L": "WASH", "PSAP_R": "WASH", "PS_STNAME": "PERROT AVE S", "PS_ALT_NM": null, "PS_ALT_NM2": null, "STATUS": "Active", "ACT_DATE": -2208988800000, "RET_DATE": null, "EDITED_BY": "SDE\\TASIEBE", "EDITED_DT": 1337817600000, "SOURCE": "Washington", "FUNCTIONAL": "7000", "SURF_TYPE": null, "created_user": null, "created_date": null, "last_edited_user": "DDMATZE", "last_edited_date": 1707418273000, "PS_MUNICODE_L": "A", "PS_MUNICODE_R": "A", "PD_LEFT": null, "PD_RIGHT": null, "FD_LEFT": null, "FD_RIGHT": null, "EMS_LEFT": null, "EMS_RIGHT": null, "L_SERV_AREA": null, "R_SERV_AREA": null, "Shape_Length": 165.65777641826404}}, {"type": "Feature", "id": 15952, "geometry": {"type": "LineString", "coordinates": [[-92.80297962182408, 44.89722543615021], [-92.80297158908881, 44.89723018645207], [-92.8024336141163, 44.897550539158075], [-92.80218730773039, 44.897699318649664], [-92.80194262911796, 44.8978507602208], [-92.80178591963747, 44.897948359481106], [-92.80163280679947, 44.89805150954522], [-92.8014834871293, 44.898160078016645], [-92.80133815228366, 44.89827392554419], [-92.80119698880459, 44.89839290600083], [-92.80095439321283, 44.8986097624216], [-92.8007131633791, 44.89882813708975], [-92.80037296115263, 44.8991408776804], [-92.80003559739795, 44.89945667813792], [-92.79914240790083, 44.90028043809703], [-92.79830566494292, 44.90106963577455], [-92.79821824109575, 44.901149394224014], [-92.79812621388851, 44.901223794038806], [-92.79803070456666, 44.901292430738295], [-92.79793175575297, 44.901356008716775], [-92.79782963512133, 44.90141435598466], [-92.79772461892593, 44.90146731470238], [-92.797616991254, 44.901514741607315], [-92.79750704325724, 44.90155650840138], [-92.79739507236425, 44.90159250209806], [-92.79728138147593, 44.90162262532812], [-92.79716627814604, 44.90164679660294], [-92.79705007374928, 44.90166495053498], [-92.79693308263887, 44.901677038014675], [-92.7968156212963, 44.90168302634327], [-92.79595281102549, 44.901688161870894], [-92.79593196202606, 44.90168809251488], [-92.79578835957844, 44.90169037384795], [-92.7956449182557, 44.901697547018635], [-92.79550180465057, 44.901709603696034], [-92.79536366268987, 44.90172598256614], [-92.79522616350334, 44.90174708807247], [-92.79508946876815, 44.9017728953983], [-92.79495373921559, 44.90180337419834], [-92.79481913444198, 44.901838488634354], [-92.79452917982783, 44.90191972208759], [-92.79365712519532, 44.90216643711272], [-92.79278602956171, 44.90241651706555], [-92.79250707391991, 44.90249736920371], [-92.79234017846473, 44.90254137394382], [-92.79217196209004, 44.90258002315333], [-92.79200259660362, 44.90261327735788], [-92.79183225498691, 44.90264110259329], [-92.79163937856258, 44.90266608658691], [-92.79144575214097, 44.902684371112116], [-92.78937734885993, 44.90287126933474], [-92.78795084451527, 44.90299766580366], [-92.78652416207531, 44.90312203592959], [-92.78638877029391, 44.90313091901454], [-92.78625312716956, 44.90313420329311], [-92.7861174641287, 44.90313188316185], [-92.78598201263169, 44.90312396257923]]}, "properties": {"OBJECTID": 15952, "ROUTE_ID": null, "UNIQUE_ID": "A674B04A-419B-44FB-AFBC-8F329E1A3615", "ROUTE_SYS": "04", "ROUTE_DIR": null, "DIR_RTE_ID": null, "LOC_STATE": null, "PRIME_STAT": null, "ST_PRE_MOD": null, "ST_PRE_DIR": null, "ST_PRE_TYP": null, "ST_NAME": "Afton", "ST_POS_TYP": "Boulevard", "ST_POS_DIR": "South", "ST_POS_MOD": null, "ST_CONCAT": "Afton Boulevard South", "ST_NAME_A1": "CSAH 18", "A1_MSAG_YN": null, "ST_NAME_A2": null, "A2_MSAG_YN": null, "ST_NAME_A3": null, "A3_MSAG_YN": null, "CFCC": "A31", "WCFC": "A3", "CTY_RTE": "18", "ST_RTE": null, "FED_RTE": null, "ADR_FR_L": 14962, "ADR_TO_L": 15798, "ADR_FR_R": 14963, "ADR_TO_R": 15799, "ZIP_L": "55001", "ZIP_R": "55001", "CITYID_L": "2393887", "CITYID_R": "2393887", "CITY_L": "Afton", "CITY_R": "Afton", "COUNTY_L": "163", "COUNTY_R": "163", "CTYNAME_L": "Washington", "CTYNAME_R": "Washington", "STATE_L": "MN", "STATE_R": "MN", "PARITY_L": "E", "PARITY_R": "O", "POSTCOMM_L": "Afton", "POSTCOMM_R": "Afton", "ELEV_FROM": 0, "ELEV_TO": 0, "WC_ONEWAY": null, "WC_SPEED": null, "COMMENTS": null, "ONEWAY": "B", "SPEED_IMP": 45, "EMERG_ACC": null, "SPEEDLIMIT": 45, "ROUTE_NAME": "CSAH", "ROUTE_NUM": "18", "ESN_L": "3", "ESN_R": "3", "MSAG_C_L": "Afton", "MSAG_C_R": "Afton", "PSAP_L": "WASH", "PSAP_R": "WASH", "PS_STNAME": "AFTON BLVD S", "PS_ALT_NM": "CO RD 18", "PS_ALT_NM2": null, "STATUS": "Active", "ACT_DATE": -2208988800000, "RET_DATE": null, "EDITED_BY": "SDELOADER\\TASIEBE", "EDITED_DT": 1358812800000, "SOURCE": "Washington", "FUNCTIONAL": "4214", "SURF_TYPE": "Paved", "created_user": "DDMATZE", "created_date": 1504192645000, "last_edited_user": "DDMATZE", "last_edited_date": 1707418273000, "PS_MUNICODE_L": "A", "PS_MUNICODE_R": "A", "PD_LEFT": null, "PD_RIGHT": null, "FD_LEFT": null, "FD_RIGHT": null, "EMS_LEFT": null, "EMS_RIGHT": null, "L_SERV_AREA": null, "R_SERV_AREA": null, "Shape_Length": 2236.3673124785005}}, {"type": "Feature", "id": 16382, "geometry": {"type": "LineString", "coordinates": [[-92.78285187255004, 44.906077718536004], [-92.78291123971172, 44.905938094849404], [-92.78296518258261, 44.90579628723175], [-92.78301362103666, 44.905652506322326], [-92.78305648312397, 44.905506965691515], [-92.78309370517773, 44.90535988152357], [-92.78312523190876, 44.905211472295505], [-92.78315101648765, 44.90506195845254], [-92.78317102061429, 44.904911562080706]]}, "properties": {"OBJECTID": 16382, "ROUTE_ID": null, "UNIQUE_ID": "4E9EFBBA-578B-4020-91F0-427D745E33A3", "ROUTE_SYS": "04", "ROUTE_DIR": null, "DIR_RTE_ID": null, "LOC_STATE": null, "PRIME_STAT": null, "ST_PRE_MOD": null, "ST_PRE_DIR": null, "ST_PRE_TYP": null, "ST_NAME": "Saint Croix", "ST_POS_TYP": "Trail", "ST_POS_DIR": "South", "ST_POS_MOD": null, "ST_CONCAT": "Saint Croix Trail South", "ST_NAME_A1": "CSAH 18", "A1_MSAG_YN": null, "ST_NAME_A2": "St Croix Trl S", "A2_MSAG_YN": null, "ST_NAME_A3": null, "A3_MSAG_YN": null, "CFCC": "A31", "WCFC": "A3", "CTY_RTE": "18", "ST_RTE": null, "FED_RTE": null, "ADR_FR_L": 3001, "ADR_TO_L": 3049, "ADR_FR_R": 3000, "ADR_TO_R": 3048, "ZIP_L": "55001", "ZIP_R": "55001", "CITYID_L": "2393887", "CITYID_R": "2393887", "CITY_L": "Afton", "CITY_R": "Afton", "COUNTY_L": "163", "COUNTY_R": "163", "CTYNAME_L": "Washington", "CTYNAME_R": "Washington", "STATE_L": "MN", "STATE_R": "MN", "PARITY_L": "O", "PARITY_R": "E", "POSTCOMM_L": "Afton", "POSTCOMM_R": "Afton", "ELEV_FROM": 0, "ELEV_TO": 0, "WC_ONEWAY": null, "WC_SPEED": null, "COMMENTS": null, "ONEWAY": "B", "SPEED_IMP": 45, "EMERG_ACC": null, "SPEEDLIMIT": 45, "ROUTE_NAME": "CSAH", "ROUTE_NUM": "18", "ESN_L": "3", "ESN_R": "3", "MSAG_C_L": "Afton", "MSAG_C_R": "Afton", "PSAP_L": "WASH", "PSAP_R": "WASH", "PS_STNAME": "SAINT CROIX TRL S", "PS_ALT_NM": "CO RD 18", "PS_ALT_NM2": null, "STATUS": "Active", "ACT_DATE": -2208988800000, "RET_DATE": null, "EDITED_BY": "SDELOADER\\TASIEBE", "EDITED_DT": 1376524800000, "SOURCE": "Washington", "FUNCTIONAL": "4214", "SURF_TYPE": "Paved", "created_user": "DDMATZE", "created_date": 1549312234000, "last_edited_user": "DDMATZE", "last_edited_date": 1707418273000, "PS_MUNICODE_L": "A", "PS_MUNICODE_R": "A", "PD_LEFT": null, "PD_RIGHT": null, "FD_LEFT": null, "FD_RIGHT": null, "EMS_LEFT": null, "EMS_RIGHT": null, "L_SERV_AREA": null, "R_SERV_AREA": null, "Shape_Length": 187.09633285335013}}]}