{"type": "FeatureCollection", "features": [{"type": "Feature", "id": 301, "geometry": {"type": "Polygon", "coordinates": [[[-92.78065336985968, 44.89796144063016], [-92.78055588288842, 44.897968911203336], [-92.7805268125075, 44.89796785297822], [-92.7805154515141, 44.89797729300707], [-92.78052861991785, 44.89799172826219], [-92.78054169040523, 44.89801172762285], [-92.78053639483663, 44.89802639258602], [-92.78051279789075, 44.89803174670293], [-92.7804808807487, 44.89803344571548], [-92.78043549786055, 44.898037012368896], [-92.78038632228527, 44.898033786154286], [-92.78033262728579, 44.89803290292235], [-92.78028077742592, 44.89805390704014], [-92.7802176357429, 44.898080774329685], [-92.78019550484755, 44.898098069878216], [-92.78019048865502, 44.898128244807275], [-92.78018014635116, 44.89817467802336], [-92.78015208657493, 44.8982106098109], [-92.78013890110319, 44.89822838702379], [-92.78014093039742, 44.8982713521517], [-92.78014809176686, 44.89833384879278], [-92.78016737679938, 44.89834420253259], [-92.78021952579824, 44.8983375159679], [-92.78026100730312, 44.8983331195575], [-92.78027372924419, 44.898341188233424], [-92.78028256866659, 44.89834762981035], [-92.78031270983931, 44.898351480884166], [-92.78033840614802, 44.898353703587404], [-92.7803534403526, 44.89835781619272], [-92.7803550097094, 44.89836379261013], [-92.78034361637667, 44.89837522428838], [-92.7803119211185, 44.89839561485881], [-92.78027299621893, 44.8984135555513], [-92.7802128917399, 44.89842692802593], [-92.7801819825076, 44.89843460152786], [-92.78016975643658, 44.898461133930155], [-92.7801613302392, 44.898494460407136], [-92.78016363441792, 44.89852192118566], [-92.7801834530497, 44.89853999292247], [-92.7802021074649, 44.89856044324931], [-92.78021779654134, 44.8985904111291], [-92.78022263396915, 44.89863260603007], [-92.78020976739933, 44.898663904432624], [-92.7801681825882, 44.89870527905445], [-92.78015994593535, 44.89872787247047], [-92.78015549568144, 44.89875765572839], [-92.78014695809297, 44.8987969475883], [-92.78012924601052, 44.89884887938741], [-92.78011016848883, 44.89891432094702], [-92.78007604598277, 44.89897644273086], [-92.78002502526788, 44.899076190222665], [-92.77999658370769, 44.89913359350348], [-92.77998356981415, 44.899172842472986], [-92.77996595385143, 44.899219209940746], [-92.77991542451502, 44.89929152333902], [-92.77988899428273, 44.899330253599985], [-92.77986876062927, 44.89936665554179], [-92.779842378906, 44.89940260376507], [-92.77981881519779, 44.8994373836847], [-92.77979913670316, 44.8994741889845], [-92.77978466304732, 44.89950109824371], [-92.77978863449918, 44.8995293679376], [-92.77979811352206, 44.89955617663285], [-92.77980836958767, 44.899583388740645], [-92.7798117688127, 44.89961212926851], [-92.77983465608949, 44.899615039781466], [-92.77987233682241, 44.89960416894483], [-92.77990012440911, 44.89958334356212], [-92.77992767573886, 44.89957587701662], [-92.77994053063058, 44.8995953998612], [-92.77994802258006, 44.89962688354415], [-92.77997190788513, 44.89966153670117], [-92.78001853493996, 44.89968223797393], [-92.7801021025159, 44.899702080849245], [-92.78018590634875, 44.89970880416162], [-92.78037116770643, 44.8997113564239], [-92.78058879087223, 44.89971244961427], [-92.78075437283695, 44.899713946228765], [-92.78087334391655, 44.89969394682383], [-92.78094861734746, 44.89967712771977], [-92.78098193496304, 44.8996599338205], [-92.78101022470797, 44.89964229449457], [-92.781028804563, 44.89960468499784], [-92.78104333032114, 44.89958700238543], [-92.78104920170983, 44.89957154751426], [-92.78106132627123, 44.899550580220904], [-92.7810785514668, 44.89952608262917], [-92.78111602648549, 44.89946398943723], [-92.7811522609308, 44.89940904076889], [-92.78117772277922, 44.899330536762356], [-92.78123596954224, 44.89926465470623], [-92.78125759109281, 44.89921315534476], [-92.78128678005135, 44.8991764364176], [-92.7812985201338, 44.89914592160634], [-92.78130061051345, 44.899091461966066], [-92.78130043085041, 44.89903897105803], [-92.78129496999178, 44.89900034941219], [-92.78126312651159, 44.898966260276], [-92.78127995555013, 44.89890119675235], [-92.78130628876436, 44.898836616126054], [-92.78130404028121, 44.89880597768726], [-92.7813117442331, 44.89878179094169], [-92.78131877175356, 44.89876435624339], [-92.78130371868433, 44.89873002261793], [-92.78126829990933, 44.898677211307366], [-92.78122783350071, 44.89862475311019], [-92.78119468656504, 44.89856997608477], [-92.7811942374074, 44.89853259051069], [-92.78121262412463, 44.898474301495696], [-92.78123631988521, 44.898431966485944], [-92.7812368894171, 44.898400160802005], [-92.78122184443271, 44.8983654292524], [-92.7812038592624, 44.89833862191099], [-92.78116421121902, 44.89830327117393], [-92.78112654306254, 44.89828225314788], [-92.78108651323517, 44.89826797386699], [-92.78103801319297, 44.89825838752954], [-92.7809961265479, 44.89825403183836], [-92.78095904858453, 44.89823142996383], [-92.78092724373191, 44.89819535246921], [-92.78090648905558, 44.89816693130852], [-92.78091859295573, 44.898147157263736], [-92.78093564657307, 44.89813220152712], [-92.78093721323495, 44.89810716435662], [-92.78092534199845, 44.89808279914361], [-92.78094415631377, 44.898063085521606], [-92.78095019928068, 44.89803808841007], [-92.7809540961724, 44.898007902616015], [-92.78096344314291, 44.89798571871672], [-92.78094851853278, 44.897975641081686], [-92.78092443559834, 44.89797701556506], [-92.78089738822344, 44.89798790452667], [-92.78086477758201, 44.897996756578955], [-92.78083521582263, 44.89799171617181], [-92.78075614611133, 44.89797072030366], [-92.78065336985968, 44.89796144063016]]]}, "properties": {"OBJECTID": 301, "PWATER_": 0, "PWATER_ID": 0, "LAYER": "WTRDRLBL", "COLOR": 7, "THICKN": 0, "TYPE": "SIMPLEX", "ELEVAT": 0, "HANDLE": "75", "ANGLE": 0, "SIZE": 3, "TEXT": "82-1P", "ATTRIB": " ", "IID": 0, "EDITOR_NAME": null, "EDIT_DATE": null, "created_user": null, "created_date": null, "last_edited_user": null, "last_edited_date": null, "Shape_Length": 829.073211825325, "Shape_Area": 32641.05268895294}}, {"type": "Feature", "id": 614, "geometry": {"type": "Polygon", "coordinates": [[[-92.76167255899769, 44.9059926022215], [-92.77291583446616, 44.90570234534575], [-92.77296029478453, 44.90565496701529], [-92.77299828902946, 44.905622209679024], [-92.77303917045974, 44.905587680366104], [-92.77308436829493, 44.90555214511946], [-92.77315877574992, 44.90550321230258], [-92.77321439853398, 44.905466959311504], [-92.77329451657924, 44.905421879567385], [-92.77338534793257, 44.9053837387626], [-92.77343040473227, 44.905364794965124], [-92.7734649494465, 44.90535728908648], [-92.77349370362045, 44.90535435086907], [-92.77356369765243, 44.9053587422888], [-92.77360645745996, 44.905356120925575], [-92.77366276745524, 44.90536344928972], [-92.77370713884038, 44.905384493994845], [-92.77377125609378, 44.90539153476907], [-92.77382057090793, 44.90540207111502], [-92.7738649431914, 44.90542311707848], [-92.77391073301638, 44.90542187638612], [-92.77396353598877, 44.90542761601958], [-92.77403775749251, 44.90544172364301], [-92.77410617677779, 44.90546167396591], [-92.77413364276761, 44.90548348913598], [-92.77417516379835, 44.90554084020963], [-92.77423546051686, 44.905628390850154], [-92.77426891557465, 44.905667342074814], [-92.7782431037141, 44.905564428581], [-92.77822868036391, 44.90555599698318], [-92.77821835063645, 44.90554574252474], [-92.77821489661419, 44.90553015755132], [-92.77820619463402, 44.90549770745352], [-92.7781938383073, 44.905472894269835], [-92.7781859681671, 44.905469289902534], [-92.77816960804914, 44.90545058472778], [-92.77816222210087, 44.9054324337228], [-92.77816409957981, 44.905423251964], [-92.77816128425972, 44.905416350532924], [-92.77813731810626, 44.90540526955733], [-92.7781062175328, 44.90538854628948], [-92.77808798802074, 44.90537851321716], [-92.77807553647258, 44.90536442148453], [-92.77807207706043, 44.90534909350831], [-92.7780649695899, 44.90534064088257], [-92.77805102144849, 44.90533394431519], [-92.77803821865906, 44.90531908334101], [-92.77801975289007, 44.90529450358539], [-92.77799254471674, 44.90524283020124], [-92.77793708542605, 44.905176996912815], [-92.77785020486334, 44.905089843244866], [-92.77775575868932, 44.9050054616171], [-92.77768794576684, 44.904956420171075], [-92.77762942501765, 44.90491303374575], [-92.77756826501817, 44.90488341592228], [-92.7775010225259, 44.90485173087876], [-92.77742521459739, 44.904813628507505], [-92.77736195613338, 44.90477762258657], [-92.77733732702325, 44.9047601585297], [-92.7773255752627, 44.90474862250173], [-92.77731637202261, 44.904733012498056], [-92.77730756314294, 44.90471270816156], [-92.77730757392271, 44.904701511250906], [-92.77731547191068, 44.9046847216072], [-92.77732493835715, 44.9046746489639], [-92.7773580664282, 44.90464667384376], [-92.77740695903417, 44.904616467977526], [-92.77741642278569, 44.90460975414672], [-92.77748422762335, 44.9045817968103], [-92.77756141087255, 44.90455286788804], [-92.77757981825103, 44.90454222958453], [-92.77759033842133, 44.904530279942314], [-92.7776073049021, 44.90451988850446], [-92.77762818085098, 44.904514618978396], [-92.77764868938893, 44.90451011423942], [-92.77771972097507, 44.904479700243485], [-92.7777528301815, 44.904469639653236], [-92.77777017844626, 44.90445957206236], [-92.77778437721764, 44.9044461430908], [-92.77783799047043, 44.904423775886585], [-92.77789002628158, 44.90440364704964], [-92.7779128731342, 44.904400493726335], [-92.77793519806563, 44.90439370033735], [-92.77795568324738, 44.90439200151274], [-92.77797648553441, 44.90439489905848], [-92.77799761570652, 44.90440188141764], [-92.77801908723845, 44.904410652313246], [-92.77803875136001, 44.90442120092799], [-92.77805835439615, 44.90443838767702], [-92.77807151561336, 44.90445324824259], [-92.77808429235166, 44.904470659582884], [-92.77809833391787, 44.904475512997024], [-92.77811042524158, 44.904480471394116], [-92.77813043072298, 44.90449306367211], [-92.77817037251545, 44.9045253947197], [-92.77820708127122, 44.904558222033515], [-92.7782637505926, 44.90460874948983], [-92.77832996720882, 44.90467615944696], [-92.77839880510905, 44.90473184368823], [-92.77841734903146, 44.90474698095104], [-92.77843919695746, 44.904753710672296], [-92.77846095954357, 44.90477065108941], [-92.77847302571445, 44.90478729373204], [-92.77854077395823, 44.90484424783846], [-92.7786080685528, 44.904911663881975], [-92.77865788103362, 44.90496624335209], [-92.77873090418475, 44.905035979680996], [-92.77876141276843, 44.905080011177425], [-92.77878103916075, 44.90509464443375], [-92.7788302776181, 44.90513212117934], [-92.7788780248721, 44.90517597063313], [-92.77891977946481, 44.90520677937503], [-92.77896439159845, 44.905239641293726], [-92.77902529647639, 44.90529835164888], [-92.77907726760884, 44.90535243065677], [-92.77911752291335, 44.90539063256259], [-92.77914786800365, 44.90541194893758], [-92.77916649007949, 44.905418153036365], [-92.77918477079552, 44.905422062171816], [-92.77921890857294, 44.90541965650109], [-92.77927208614281, 44.90540589244867], [-92.77933475890526, 44.9053892207175], [-92.77936944196006, 44.905383638870916], [-92.77940136808525, 44.90537572324783], [-92.77947580338801, 44.90536487322426], [-92.77953098240434, 44.90534770456735], [-92.77954832527922, 44.90534435342099], [-92.77956566725578, 44.905339883104794], [-92.77958301102896, 44.90533429298212], [-92.77960823751877, 44.90532758687022], [-92.77962185058858, 44.90533692070888], [-92.7797446125587, 44.90542780053278], [-92.77980388160451, 44.90538467087311], [-92.77973319497144, 44.90533536061543], [-92.77972679986492, 44.90532716503409], [-92.77972805211641, 44.90530637035578], [-92.77973909959779, 44.90529181986638], [-92.77975014707916, 44.9052783891805], [-92.77976894971636, 44.90526992127424], [-92.7797888402134, 44.90525418543382], [-92.77979331023025, 44.905235060897326], [-92.77978701034515, 44.90521614759103], [-92.77974155379513, 44.905156229539145], [-92.77966073416566, 44.90507420597484], [-92.77957809275279, 44.9049949843704], [-92.77954353815707, 44.90496216621359], [-92.77947129204865, 44.90488503201874], [-92.77939112459606, 44.9048106686295], [-92.77933422889923, 44.904744829119814], [-92.77930613319042, 44.9047125484602], [-92.77928077464824, 44.904696357540864], [-92.77921708589123, 44.90462691793394], [-92.7791694293671, 44.90457260155414], [-92.77916167421125, 44.90455547020004], [-92.77914378156743, 44.90454824544362], [-92.7791280466769, 44.90454026544301], [-92.77909777255351, 44.90451078422394], [-92.77907879564316, 44.90450406465442], [-92.77905172491205, 44.90447791361717], [-92.77900587669659, 44.90442233156834], [-92.77892644137094, 44.90434644054606], [-92.77886977474452, 44.90429540639225], [-92.77883588580043, 44.90426897021321], [-92.77881340725708, 44.904252029011985], [-92.77876081808371, 44.90422831921165], [-92.77871588614984, 44.90419137315905], [-92.7786881497671, 44.90415934860402], [-92.77859254925795, 44.90408389880407], [-92.77851216710802, 44.904034799944014], [-92.7784718058023, 44.90400936004103], [-92.77839082357774, 44.90394622057482], [-92.7783211789904, 44.90390150994691], [-92.77825373797045, 44.903850938602616], [-92.77815478764357, 44.903789511166494], [-92.77810908226024, 44.903758941539195], [-92.7780251382902, 44.903706510884255], [-92.77796722210721, 44.90367614163842], [-92.77791605227199, 44.90365473554171], [-92.77785790252702, 44.903651420564216], [-92.77782662498545, 44.90365511412359], [-92.77770083120127, 44.90370841906241], [-92.77751945954878, 44.9037938976156], [-92.77732502818868, 44.90389386707929], [-92.77714744652839, 44.903997484731455], [-92.77700127086871, 44.904082349493144], [-92.7769394515058, 44.90412955287383], [-92.77689251093895, 44.90415895475509], [-92.77681749083293, 44.90419665607632], [-92.77677608658318, 44.904208472808335], [-92.77673758658672, 44.904217239279554], [-92.77670202318295, 44.90421810396481], [-92.77667229343861, 44.904209296136436], [-92.77664518497829, 44.904187484936664], [-92.77657434114005, 44.90411545828993], [-92.77652837794022, 44.9040731439768], [-92.77649877396003, 44.90404953399669], [-92.77646874597504, 44.90403358212735], [-92.77644112637331, 44.90402988795602], [-92.77641415445689, 44.90403385381372], [-92.77638531314638, 44.904046999106164], [-92.77635959348147, 44.90407266486743], [-92.77632674927807, 44.90409140739404], [-92.77627313422865, 44.90410368162369], [-92.77623005551919, 44.90410170728689], [-92.77619602374297, 44.904091861052564], [-92.77616747618157, 44.90407080760276], [-92.77614185622966, 44.90404338765054], [-92.77611669801182, 44.90400371697871], [-92.77609935423862, 44.90397429083987], [-92.77608081121451, 44.90395113702387], [-92.77605492805624, 44.90391228198552], [-92.77603878982217, 44.90386805807753], [-92.77603191321867, 44.903832295255754], [-92.7760281834136, 44.90380701242193], [-92.77603371074754, 44.90379070162871], [-92.77606494876323, 44.903749744878866], [-92.77611124074647, 44.90371217560896], [-92.77613004607862, 44.90369694390546], [-92.77614128400283, 44.9036849972689], [-92.7761478893151, 44.903668435113666], [-92.7761487058837, 44.90365695422233], [-92.77614876786745, 44.90365006212328], [-92.77615345258165, 44.9036308117075], [-92.77615960154978, 44.90360209164038], [-92.77616018545471, 44.903589085589935], [-92.7761681544096, 44.90357664645574], [-92.77619083148063, 44.90354907801611], [-92.77622791663052, 44.90350362327533], [-92.77625823926292, 44.903481379141546], [-92.77629601431892, 44.90345619922982], [-92.77632630551032, 44.90343595679722], [-92.77637056370773, 44.90340257910111], [-92.77641159695328, 44.903372175972144], [-92.7764423894046, 44.903343679108545], [-92.77647788633305, 44.90330797068027], [-92.77651882435717, 44.90326330218651], [-92.7765483187429, 44.903228789908646], [-92.77658223912802, 44.903182808077034], [-92.7766117011744, 44.9031497954573], [-92.77664978165761, 44.903107602598766], [-92.77669133233275, 44.90306794591565], [-92.77672425199465, 44.90303871718054], [-92.77674860981358, 44.903015419824925], [-92.77675979653381, 44.90300025601867], [-92.77677737746224, 44.90298189935802], [-92.77681357238167, 44.902946696547566], [-92.77684122791601, 44.902916171011725], [-92.77686732666996, 44.90289413916832], [-92.77687534054061, 44.902879198028316], [-92.77689486811825, 44.90285059975168], [-92.77690530474523, 44.90283793330534], [-92.77691923761527, 44.9028265508717], [-92.77693619062131, 44.902823700968064], [-92.7770284700589, 44.90278250237853], [-92.77709264300783, 44.90275756267529], [-92.7771489530031, 44.90273930519714], [-92.77716243491888, 44.9027334234043], [-92.77717068594478, 44.902724991391295], [-92.7771975060459, 44.90272148038523], [-92.77720852927276, 44.90271532562543], [-92.77728283970967, 44.90269447973595], [-92.77737346175553, 44.90266727864488], [-92.7774374999572, 44.90264984194335], [-92.77750450709088, 44.90262392739635], [-92.7775944500104, 44.90259496694725], [-92.77767556608391, 44.90256767672928], [-92.77774781578557, 44.90254406231316], [-92.7778190225432, 44.90251943492226], [-92.77785489856072, 44.90250174302569], [-92.77786812176168, 44.90249085555521], [-92.77788300684594, 44.902446199152244], [-92.77789608362154, 44.9024237987193], [-92.77792472370942, 44.90239728596156], [-92.77795462593029, 44.90237903982216], [-92.77798045339303, 44.902372017131256], [-92.77803480326435, 44.902364753923216], [-92.77809477030114, 44.90235829116261], [-92.77811945061526, 44.90235626204525], [-92.77818061061474, 44.90236182127948], [-92.77827774095483, 44.90236420417185], [-92.77834811587252, 44.90236659151812], [-92.77840476363433, 44.90236835784893], [-92.77844792319215, 44.902376505494274], [-92.77846759899182, 44.90237893610751], [-92.7784964852181, 44.90239746284907], [-92.77854491968327, 44.90242567767088], [-92.778574761717, 44.90244996659811], [-92.77860053887407, 44.902484980736105], [-92.77862180648843, 44.90251620196005], [-92.77862847827605, 44.90253678003839], [-92.77862794827003, 44.902566301719354], [-92.7786186363338, 44.90259474106647], [-92.77859699951186, 44.90262331974564], [-92.77856452541434, 44.902647550051334], [-92.77855062847689, 44.902656931410085], [-92.77853035709418, 44.902668256611825], [-92.77849853966515, 44.90267547651425], [-92.77847489600687, 44.90267851540128], [-92.77843437120778, 44.902680648221356], [-92.77840221870713, 44.90268686406805], [-92.77837450118903, 44.90270112570818], [-92.77835310421727, 44.90271644484623], [-92.7783316704146, 44.90273376445162], [-92.77829073239047, 44.90277818393442], [-92.77823982576164, 44.902868301721384], [-92.77821009781395, 44.90293584352044], [-92.77818739828503, 44.90298442984151], [-92.77816181696068, 44.90303649465837], [-92.77811179247745, 44.90311661038728], [-92.7780640290538, 44.90318849003283], [-92.77802817818912, 44.903243965107556], [-92.77801109762231, 44.903273588229645], [-92.77800744327573, 44.903281059385144], [-92.77801903513615, 44.90330218311448], [-92.77803161514339, 44.90332706786173], [-92.77805883589313, 44.903360094377724], [-92.77809145551774, 44.9033866645925], [-92.77813451715919, 44.90341983296349], [-92.77817762102147, 44.9034507495406], [-92.77821315478086, 44.90347184075763], [-92.77825672846204, 44.90349600516948], [-92.77828805181767, 44.903516308026965], [-92.7783563435422, 44.9035562106385], [-92.7784022645212, 44.903587152593225], [-92.77843000359887, 44.90359923350365], [-92.7784935405406, 44.90364417533346], [-92.77851748872776, 44.90365754850041], [-92.77859328318154, 44.90369692799869], [-92.77864645895477, 44.90373595306696], [-92.77873977774311, 44.90378434019542], [-92.77883302646288, 44.90384038352055], [-92.77888337074636, 44.90387454484665], [-92.77892517205146, 44.90389973920935], [-92.77896593670074, 44.90392007882782], [-92.7789856008223, 44.90393062880509], [-92.7790161049144, 44.9039328010274], [-92.77905163777548, 44.9039355089881], [-92.77909213742174, 44.90394512682872], [-92.7791325598129, 44.903963677880036], [-92.77914973829607, 44.90397064438487], [-92.77917555947062, 44.90397483930332], [-92.7792334343311, 44.903968454984735], [-92.77934566624943, 44.90394647826369], [-92.77943845054018, 44.903931822445735], [-92.7795948795705, 44.903906976136405], [-92.77965817486542, 44.903896787555794], [-92.7796901935171, 44.90389003291971], [-92.77971472111761, 44.903877634571856], [-92.77973602915614, 44.90386368944965], [-92.77974947244438, 44.90384536996831], [-92.77977251423141, 44.903755120096065], [-92.77977502232768, 44.90371352959454], [-92.77978370813817, 44.90370590960771], [-92.77978593146851, 44.90369800647902], [-92.7797820525431, 44.90368931309981], [-92.77978341977897, 44.903655628231384], [-92.77979174267008, 44.90360640747752], [-92.779806179495, 44.9035559332234], [-92.77981532344629, 44.90353864567939], [-92.7798144439956, 44.903528628827345], [-92.77981265095829, 44.90351084816303], [-92.77982805886205, 44.90341740493936], [-92.77984491035848, 44.9033217225095], [-92.77984856290843, 44.90327521455176], [-92.77985831951072, 44.9032415237142], [-92.77985966518702, 44.903225271298034], [-92.77986429151073, 44.90316350914768], [-92.77986953587535, 44.90312627544945], [-92.77987463650953, 44.903077526997244], [-92.77989663175927, 44.902969883218404], [-92.77991065266424, 44.90289469209601], [-92.7799221699645, 44.90282173295009], [-92.77992971311794, 44.902793777925524], [-92.77993313749577, 44.902779544941076], [-92.77993152501986, 44.90277127264154], [-92.77992041914798, 44.902762414325224], [-92.77990681146808, 44.902755534844566], [-92.77988682844459, 44.902750602386234], [-92.77982409998661, 44.902734270932285], [-92.7797649845527, 44.902732482342834], [-92.77966593541116, 44.90271932593302], [-92.77949738810767, 44.90269428057946], [-92.77934776830719, 44.90267415877234], [-92.77928557344849, 44.90266709157768], [-92.77924105473966, 44.9026564293827], [-92.77921143728473, 44.90263914474962], [-92.77919041760539, 44.90261358206259], [-92.7791718503268, 44.90256912554813], [-92.77916779533159, 44.90254006262966], [-92.77917267318358, 44.902523342982285], [-92.77919254301938, 44.90249499904253], [-92.77921293567462, 44.902476915823165], [-92.77923253332088, 44.90246408195144], [-92.77925031637024, 44.90245398601279], [-92.77928461943768, 44.90244553868792], [-92.77932974361102, 44.90244219246272], [-92.7794066304162, 44.902434630845654], [-92.77944693063647, 44.90242548742146], [-92.7794684731353, 44.902402163093356], [-92.77948301955469, 44.90237627070467], [-92.77948917930259, 44.90232728491786], [-92.77949882361548, 44.90229984695424], [-92.77950565799816, 44.90227213537399], [-92.77949905268588, 44.90220851996519], [-92.77949795674122, 44.90217147717126], [-92.77950090141873, 44.9021249631927], [-92.77950151137482, 44.902090938265424], [-92.7795019228032, 44.90206792240201], [-92.77949733420874, 44.90204911495048], [-92.77949322531464, 44.90202305442221], [-92.77948474072679, 44.90200531146969], [-92.77947227480557, 44.90199353946146], [-92.77945973612084, 44.9019859695136], [-92.77942611846797, 44.90197590403293], [-92.77940084526576, 44.90197167460896], [-92.77933654206109, 44.901964585057726], [-92.77927701160552, 44.901966297952406], [-92.77921292489485, 44.901966969875424], [-92.7791663894682, 44.901970501925184], [-92.7791171141799, 44.9019657507424], [-92.77901601418456, 44.901968939195214], [-92.7789199205003, 44.90196756798874], [-92.77882414392136, 44.90196845243283], [-92.7787508018683, 44.90197454491615], [-92.77866784065517, 44.90198705502526], [-92.77861983199143, 44.90199437745597], [-92.77858356430848, 44.901994548618106], [-92.77854985323081, 44.901989738898536], [-92.77849234308631, 44.90197695709392], [-92.77846816493044, 44.90197048156392], [-92.77843833098156, 44.90194964494875], [-92.77843367321681, 44.90193448658802], [-92.77843823665845, 44.90191571345257], [-92.77844765100262, 44.90190103611921], [-92.7784713656278, 44.901874476671125], [-92.77848670076803, 44.9018636075343], [-92.77851443355748, 44.901848344162715], [-92.77855164896306, 44.90183466833612], [-92.7786157500468, 44.9018134817109], [-92.7786504573561, 44.90180203480894], [-92.77869287310888, 44.90179291037291], [-92.77871437698015, 44.90179135463731], [-92.77874337190258, 44.90178436114406], [-92.77875757157227, 44.90177773351838], [-92.77878330920348, 44.9017757132886], [-92.7788291780802, 44.90177012409194], [-92.77886629107785, 44.90176195218149], [-92.77890598942689, 44.90174704828857], [-92.7789519984408, 44.90173370267411], [-92.77902431371948, 44.90170608371984], [-92.77909006141512, 44.90167190010748], [-92.77912639198016, 44.90164845648659], [-92.77915658345854, 44.90163371609189], [-92.77918001780935, 44.90162266938335], [-92.77919985979737, 44.901615593787604], [-92.77920990206391, 44.9015856573904], [-92.77923582834133, 44.90153384705045], [-92.77924817388829, 44.901512940920824], [-92.77926398962717, 44.90149481666955], [-92.7792835863751, 44.901481732514256], [-92.7793029935785, 44.9014596384004], [-92.77938575267068, 44.90139958408339], [-92.77943907397099, 44.901351276393854], [-92.77948847592172, 44.90130568120238], [-92.77951549005894, 44.90127164688211], [-92.77954088722868, 44.901249355434885], [-92.77958219895196, 44.901222958578245], [-92.7796128063503, 44.901204717792886], [-92.77963514206154, 44.9011959126843], [-92.77975939523499, 44.901197287727], [-92.7799721692949, 44.90120997107858], [-92.78017023883189, 44.901218019625475], [-92.78038090634242, 44.901230181843694], [-92.7805638644197, 44.90123659191832], [-92.78075279719195, 44.90124355429956], [-92.78094031601593, 44.90125100408472], [-92.78112717367986, 44.901255947488785], [-92.7813351426513, 44.90126157936744], [-92.78141683364659, 44.901261068419736], [-92.78144995183617, 44.90125961575011], [-92.78145888558167, 44.90125218950912], [-92.78148339611421, 44.901181098999125], [-92.78150235775321, 44.90106566653086], [-92.78152093311668, 44.900972003626514], [-92.78153308822078, 44.90092232052847], [-92.78149825065574, 44.90088196876801], [-92.78128883719334, 44.90087832402577], [-92.7810332548169, 44.900877517193834], [-92.78079458053075, 44.900876109692064], [-92.78055764628131, 44.90087596970544], [-92.78037426509752, 44.900873559390334], [-92.78023063167012, 44.9008730134425], [-92.78003323407296, 44.900866971746694], [-92.77981403346554, 44.9008594837336], [-92.77963669524867, 44.90085387408617], [-92.7794449112237, 44.90084888610632], [-92.77935345913453, 44.90084405656555], [-92.77920262750675, 44.9008326801002], [-92.77913832879366, 44.90082559295372], [-92.77911439677617, 44.90082512590706], [-92.77907720382846, 44.900837801705116], [-92.77905760887717, 44.900850635939825], [-92.77901896335364, 44.900885315084025], [-92.77899504301426, 44.900903865213756], [-92.77896349687641, 44.90091584042555], [-92.77893736757974, 44.90092010746909], [-92.77891061754723, 44.90091961433478], [-92.77889136754901, 44.9009131851357], [-92.77887645731192, 44.90090053989684], [-92.77886048975775, 44.900887882565364], [-92.77884943688647, 44.90087602442747], [-92.77884406406277, 44.900861460090645], [-92.77884216502426, 44.90084968275782], [-92.77884627571501, 44.90083621094702], [-92.77885431833174, 44.90081976695985], [-92.77885871019517, 44.90081029876399], [-92.77885716239794, 44.9007985258748], [-92.77884173742619, 44.900755596359375], [-92.77883638616203, 44.90072026937896], [-92.77883038361931, 44.90068193010927], [-92.77884351519214, 44.90061724267477], [-92.7788557798907, 44.90054178758982], [-92.7788515362493, 44.90050371481374], [-92.77885774540455, 44.900471492221854], [-92.77887108718315, 44.90043433059182], [-92.77889136305743, 44.90040298606619], [-92.77891044866396, 44.90037938985019], [-92.77893354794317, 44.90036733880596], [-92.77894910227232, 44.90036372521022], [-92.77898557746612, 44.9003715619849], [-92.77901776140779, 44.90038286345712], [-92.77903823760639, 44.900419081475874], [-92.77905641052457, 44.90046578581782], [-92.77907109618285, 44.90047142350065], [-92.77916041207828, 44.90047748623617], [-92.7793016721567, 44.90047276165489], [-92.77944391589038, 44.90047204771813], [-92.7795712700482, 44.900477203079454], [-92.77973318419164, 44.90047916863242], [-92.77991413183933, 44.90047980557595], [-92.78010175037632, 44.90048150197088], [-92.78030942649696, 44.900483631690925], [-92.78049637489073, 44.90048331990046], [-92.7806985227791, 44.900479645226525], [-92.78085905800859, 44.90048009445937], [-92.78102875246071, 44.900479876206006], [-92.78117341715406, 44.90048168713628], [-92.78130514790396, 44.90047837388474], [-92.78141463546909, 44.9004783605223], [-92.78148225705041, 44.900476970191], [-92.78153448150778, 44.900470436588066], [-92.78156320154574, 44.90045893596883], [-92.78158210389593, 44.90044534380433], [-92.78159147062941, 44.900413901293284], [-92.78160643207048, 44.90034497446894], [-92.78161730887192, 44.90026825658859], [-92.78162610876845, 44.90018976648142], [-92.78163807342972, 44.90009153852438], [-92.78164516203563, 44.90004956676688], [-92.78164003894356, 44.900020993807786], [-92.78162611056509, 44.89999259327523], [-92.78160852963666, 44.89997166749579], [-92.78157948890016, 44.89996164620436], [-92.78144930325256, 44.89995746753722], [-92.78125421881724, 44.89995995679351], [-92.78104685531032, 44.89996008405611], [-92.7808197800711, 44.89996003505999], [-92.7806099902146, 44.899957886867455], [-92.78045052308198, 44.899957195831576], [-92.7803243762599, 44.899963310798924], [-92.78018695019111, 44.89997007416847], [-92.78001274889122, 44.899966498090194], [-92.77989581159743, 44.8999694410372], [-92.77980105460631, 44.899972588876736], [-92.77968561031253, 44.899970793838285], [-92.77956765073593, 44.89997197801643], [-92.77936513723321, 44.89997639975399], [-92.77920627915837, 44.89998096784314], [-92.77913687891278, 44.89998334065321], [-92.77911772323768, 44.89999142436899], [-92.77910411645604, 44.90000431415185], [-92.7790970952238, 44.900022765937464], [-92.77908298987721, 44.90004365479221], [-92.77907686696022, 44.90005135671238], [-92.77906479450112, 44.900057003344216], [-92.77901641123991, 44.90006557255554], [-92.77897665539871, 44.900063960777814], [-92.77893624827891, 44.900039825466344], [-92.77892283283846, 44.90002243887294], [-92.77891403743351, 44.89998282269468], [-92.77891646108814, 44.89994581219128], [-92.778934336664, 44.899910944767974], [-92.77897011207018, 44.89987924043967], [-92.77901132857204, 44.89985809509059], [-92.77907129740545, 44.8998318636733], [-92.77913798563722, 44.89980394219223], [-92.77917368648323, 44.89977624149894], [-92.77921768686417, 44.89973735564109], [-92.77926509994485, 44.899684738695825], [-92.77931106494131, 44.8995950766122], [-92.77933646300934, 44.89951373360935], [-92.77936605081986, 44.89945395024038], [-92.77940518143365, 44.89937248168296], [-92.77944707706186, 44.899293790548334], [-92.7794798161624, 44.89923503715438], [-92.77952510921901, 44.89918289889955], [-92.7795702064429, 44.89912200353173], [-92.77962184340207, 44.899069424202736], [-92.77969600831192, 44.899017049721735], [-92.77978943669473, 44.89891130222344], [-92.77985014035005, 44.898844042679045], [-92.7798705788194, 44.89882320874878], [-92.7799189620806, 44.89875583583524], [-92.77995710903915, 44.8986898742161], [-92.77998022808129, 44.89861777004938], [-92.78001340555969, 44.89853424496538], [-92.78003251092916, 44.89845034559824], [-92.78004745170895, 44.89836315373419], [-92.78005556619092, 44.8982834068169], [-92.78004816946287, 44.89822478792926], [-92.78003440188283, 44.89818763248309], [-92.7800077928858, 44.89814009842123], [-92.7799784584002, 44.898107104541246], [-92.77995359393144, 44.89808030535174], [-92.77994792646031, 44.89806248927671], [-92.77995248541038, 44.898043765147314], [-92.77996292832556, 44.89803084628993], [-92.77999186665413, 44.897987569814596], [-92.77998464150429, 44.89793896463502], [-92.7799378761089, 44.89787673737121], [-92.77986448644515, 44.89780726216468], [-92.77978032238786, 44.89773018200383], [-92.77974035364592, 44.897701296722914], [-92.77966335544966, 44.89765656151184], [-92.77958468818362, 44.89760655674305], [-92.77956572384963, 44.8975843650528], [-92.77954697600966, 44.89755016371774], [-92.77954065007343, 44.897510071762674], [-92.77951312030324, 44.89747479115003], [-92.77948161818284, 44.89744497986497], [-92.77946885222434, 44.89745011895286], [-92.77945794937175, 44.89744952206525], [-92.7794432646118, 44.89744388408613], [-92.77943948719602, 44.89743859482121], [-92.77943887903659, 44.89743333355485], [-92.77943897695295, 44.897427829205725], [-92.77944105745114, 44.89740983284401], [-92.77944762952575, 44.89739688011806], [-92.77944650214009, 44.89738110712384], [-92.77942114359793, 44.89734259381524], [-92.77939303800764, 44.89730005307], [-92.77936378616702, 44.897262506311826], [-92.77935152236678, 44.89723962405661], [-92.77934347076688, 44.89721753149433], [-92.77934306562668, 44.89720076257334], [-92.77935347889746, 44.897189346570165], [-92.77935829117244, 44.89717637979503], [-92.77935981112189, 44.89711108643469], [-92.77937044627654, 44.89704812584165], [-92.77938894079162, 44.89699825163095], [-92.77941124596012, 44.89697142774351], [-92.77944970373575, 44.89692748739774], [-92.7794739690282, 44.896909191796446], [-92.77951734687664, 44.89688531224493], [-92.77955319324974, 44.896869122939336], [-92.77957251511319, 44.89685178247689], [-92.77958773976061, 44.896807630772194], [-92.77960313598628, 44.8967537231767], [-92.77960198344778, 44.89671993306527], [-92.77958726006027, 44.89667726204415], [-92.77955685927441, 44.89662519210486], [-92.77954472483155, 44.896595056477054], [-92.77953986943743, 44.89657149115222], [-92.77954517578581, 44.896550271406355], [-92.779553478914, 44.896538835547155], [-92.77957943214088, 44.8965050402186], [-92.77959980503319, 44.89646819165534], [-92.7796157204851, 44.89642479946055], [-92.77962475304527, 44.896392100500236], [-92.77963209946768, 44.89635538486232], [-92.7796469001103, 44.89633500120466], [-92.77970043700628, 44.89627443245197], [-92.77973600400333, 44.89621495116515], [-92.77976950846846, 44.89615245094838], [-92.7798040217417, 44.89609295999002], [-92.77983177878565, 44.8960564274317], [-92.77985906601072, 44.89600713271818], [-92.77986833662446, 44.895980942179925], [-92.77990982172258, 44.89592501782861], [-92.77994641998559, 44.89586679680606], [-92.77996547415107, 44.89582493460014], [-92.77996990913364, 44.89579344501725], [-92.77996459919197, 44.89573634703634], [-92.77995692937608, 44.89569274110863], [-92.77993521709568, 44.89564710388463], [-92.77991702082127, 44.8956214165439], [-92.77988816603605, 44.89560113698927], [-92.77985226845895, 44.895580795064106], [-92.77983427340719, 44.89556361712169], [-92.77980980779044, 44.89555363960731], [-92.77980496587105, 44.895548840167116], [-92.77979931906118, 44.89553002294673], [-92.77980555247095, 44.89551606561793], [-92.7798177408127, 44.89550391619098], [-92.7798425486876, 44.895494632937584], [-92.77985585363525, 44.895489924492274], [-92.77986193612806, 44.89547988651069], [-92.7798583123242, 44.89545896481617], [-92.77982906677181, 44.89544063565677], [-92.77979903160028, 44.89538955350663], [-92.77978888602745, 44.895367287142555], [-92.77978473940412, 44.895344038223875], [-92.77977843862072, 44.8953184608388], [-92.77978254392156, 44.89528596170424], [-92.77981709851728, 44.89525940683676], [-92.77987450176225, 44.89523566914595], [-92.7799980542498, 44.89518436281297], [-92.78014091961764, 44.89510565831026], [-92.78026260450771, 44.89502027629492], [-92.78033034287003, 44.89493774062926], [-92.78034774323709, 44.894880912891956], [-92.78034069864862, 44.89481700612063], [-92.78032529164318, 44.89477435086945], [-92.78030707560585, 44.89474097578127], [-92.78028398441147, 44.894704869369065], [-92.78024292062321, 44.89466867766038], [-92.78022188207926, 44.89464651538221], [-92.78020912151064, 44.89461238802802], [-92.78021855382111, 44.89459307603992], [-92.78023777866653, 44.89457535688579], [-92.78026129027245, 44.89456501201296], [-92.78029247349089, 44.8945496697027], [-92.78033027010649, 44.894525843263075], [-92.78038071949284, 44.89448813623644], [-92.78041622899771, 44.89447629905175], [-92.78049687525234, 44.894471635069216], [-92.7806100845377, 44.89447950955664], [-92.78065632262202, 44.89448552901416], [-92.7806862904199, 44.89448411690128], [-92.78072011558359, 44.89447769016447], [-92.78075723486945, 44.894468571566236], [-92.78080351966616, 44.894469557945506], [-92.78087805019032, 44.894478414994055], [-92.7809558954979, 44.894482641787405], [-92.78099845498112, 44.89447393428727], [-92.78107829275199, 44.89443829671511], [-92.78123219032985, 44.89434377154494], [-92.78137303808155, 44.89424686171799], [-92.7814745198609, 44.89416680299463], [-92.78153111462208, 44.89411170416999], [-92.78155255291637, 44.894089735136056], [-92.78157791056019, 44.89405617128262], [-92.78160432552112, 44.89402609667362], [-92.78162107281297, 44.893980880046264], [-92.78162751553018, 44.893931359547906], [-92.781627540683, 44.89386825674249], [-92.78160978637973, 44.89378378418793], [-92.78156804077017, 44.89370268433506], [-92.78152283035854, 44.89364363440116], [-92.78149470590364, 44.89362182619332], [-92.78146807804198, 44.893615511363635], [-92.78144204396673, 44.89360339080874], [-92.7814314043205, 44.89357546821235], [-92.78142471366826, 44.89353285595075], [-92.78143214093903, 44.89349417651391], [-92.7814243920714, 44.89344807234765], [-92.78142541974408, 44.893394654165235], [-92.7814305051069, 44.89331454461732], [-92.78145156161717, 44.893214376024346], [-92.78146716535366, 44.89311495437722], [-92.78145604690538, 44.893080063083616], [-92.78141592814478, 44.89302195818563], [-92.7813558030045, 44.892932598180266], [-92.78126687877453, 44.89280773945965], [-92.78118346301389, 44.8926985141079], [-92.78109724091628, 44.89258960865521], [-92.78104483949082, 44.89252599144299], [-92.78100865535117, 44.89248501648622], [-92.78098831389987, 44.89245040355197], [-92.78094244861641, 44.89238846690957], [-92.78089243131971, 44.89231821630396], [-92.78083181749591, 44.89222400903038], [-92.78078260329308, 44.892101274983496], [-92.7807586236649, 44.89205137038991], [-92.78073468356256, 44.89199515138184], [-92.7807061512725, 44.89192629783426], [-92.78065798899686, 44.89185870873626], [-92.78059579503649, 44.8917920690726], [-92.78056647761886, 44.89177303806415], [-92.78054973661524, 44.891760362176946], [-92.78051732809472, 44.89171308627343], [-92.78049795143404, 44.89167382712087], [-92.78047720214762, 44.89163090606658], [-92.7804703183576, 44.89161095221705], [-92.78045405795264, 44.89159628243573], [-92.78043224416258, 44.89157296007868], [-92.78036210999342, 44.89149154590522], [-92.78027148884587, 44.89141351921386], [-92.78016778463453, 44.891335119481326], [-92.78009576310494, 44.891270773465855], [-92.77999398398325, 44.891183743818864], [-92.77988718507574, 44.89107809392339], [-92.7797710859101, 44.89096510599829], [-92.77968434458627, 44.8908864148136], [-92.77968141787508, 44.89088376096988], [-92.77961643105247, 44.89081677969497], [-92.77959141387012, 44.89078248269111], [-92.7795714694742, 44.89075983014876], [-92.7795407659561, 44.89073813731129], [-92.77951422433271, 44.89072343548661], [-92.77950869520215, 44.89071112594328], [-92.77951400065221, 44.89068556431731], [-92.77949320824663, 44.890649289254355], [-92.77947461312026, 44.89063394908159], [-92.77945941272733, 44.890600015362516], [-92.77944703573937, 44.89056243813658], [-92.77944020135666, 44.890535175301245], [-92.7794148302381, 44.89048427144563], [-92.779353152809, 44.89041098852513], [-92.77931589697923, 44.890390936243925], [-92.77924932912174, 44.89035118932808], [-92.77923537199717, 44.89034151193573], [-92.77921261228111, 44.89032017724473], [-92.77919409440985, 44.890293207684195], [-92.77916953716493, 44.89026090681854], [-92.7791351280963, 44.890234553285275], [-92.77901932267976, 44.890148801914016], [-92.77891736299671, 44.89009000608213], [-92.77886429681791, 44.89005827533692], [-92.77878781515294, 44.890034109096], [-92.77874113869079, 44.89002565103653], [-92.77873127339232, 44.89003392326054], [-92.77871445603189, 44.89003320537561], [-92.77869719041215, 44.89002949439418], [-92.7786879135102, 44.89001856892228], [-92.77868519430983, 44.89000567117319], [-92.77868620491454, 44.889994045631234], [-92.7786755239458, 44.889983846948084], [-92.77863824565814, 44.889966916811844], [-92.77858242883796, 44.88992720460632], [-92.77854758857798, 44.88989486916824], [-92.77851592116758, 44.88987848824017], [-92.7784870223649, 44.88986710069531], [-92.77846841106883, 44.88985441484169], [-92.77845679225895, 44.88984441215265], [-92.77841023796765, 44.88981735326941], [-92.77833892610715, 44.88978888596388], [-92.77829650137123, 44.88977346537196], [-92.77827415577855, 44.88976043837347], [-92.77824965243252, 44.88971949772267], [-92.77821036730853, 44.889652600373125], [-92.77817463951304, 44.889613285717736], [-92.77814954777052, 44.88959128123473], [-92.77813189587519, 44.889575276985475], [-92.77811892150754, 44.88955829390544], [-92.77811202963268, 44.88954033390302], [-92.77808609886371, 44.88950337650272], [-92.7780647225532, 44.88948503653512], [-92.7780232096073, 44.889473272146425], [-92.77801161235698, 44.88946028008352], [-92.77800283491833, 44.88944430634646], [-92.77797736229012, 44.889409343455114], [-92.7779123970271, 44.88933870926161], [-92.77786749743257, 44.889272458083276], [-92.77783377737174, 44.88921188889276], [-92.77782416988978, 44.88918029958757], [-92.77782757719966, 44.88915905229353], [-92.77784608518947, 44.88911559539527], [-92.77784760244398, 44.88902591173986], [-92.77785301748851, 44.888911327422456], [-92.77784777941208, 44.88885384138344], [-92.77783145612507, 44.88877738502162], [-92.77780008426039, 44.88871483280736], [-92.7777481526538, 44.888652211789775], [-92.77767907220846, 44.88856827509278], [-92.7776336300315, 44.88851397918273], [-92.77759046777874, 44.888468660846286], [-92.77756080361141, 44.8884309619406], [-92.77753593375277, 44.888403973673796], [-92.77749704478582, 44.8883477059131], [-92.77743211186213, 44.88827275024584], [-92.77737733529106, 44.88821643335065], [-92.77730340843473, 44.88815938639961], [-92.77719873583952, 44.88808762543757], [-92.77709957620522, 44.888030494347994], [-92.77697947414666, 44.88796034343288], [-92.77684114167775, 44.88789079323767], [-92.77674982792911, 44.88784864073399], [-92.7766934334922, 44.8878261977002], [-92.77665603483031, 44.8878287326694], [-92.77661084777488, 44.887807325127795], [-92.77657453248119, 44.887786940986054], [-92.77654899786924, 44.88776127813815], [-92.7765179628728, 44.887719654428174], [-92.77649795649312, 44.88770583585897], [-92.77646734639983, 44.887670857272546], [-92.77644282329088, 44.88763324058242], [-92.7764086486825, 44.88757100916761], [-92.77637396562771, 44.887515420957826], [-92.77634108998326, 44.887469138884036], [-92.776311588411, 44.88740692383944], [-92.77628684701146, 44.88733143678118], [-92.77627737876836, 44.88727858636191], [-92.77627268596932, 44.887209809906956], [-92.77626910887787, 44.88715148268365], [-92.77624415367926, 44.88706317389235], [-92.77620500330256, 44.88698501071976], [-92.776128534214, 44.886883560733324], [-92.7760828315256, 44.88681046861788], [-92.77603504923731, 44.886768906592856], [-92.77598566884615, 44.88673980450164], [-92.77595982072216, 44.886707933160054], [-92.77592679236412, 44.88665817409138], [-92.7758916206258, 44.88662125875492], [-92.77586252958365, 44.88660029374064], [-92.77574520870921, 44.886557690313175], [-92.77567450590647, 44.88653641022726], [-92.77561252035522, 44.88650460560152], [-92.77553956008617, 44.88646464342166], [-92.77547865430991, 44.88642661096903], [-92.77543852836278, 44.88638308963295], [-92.77537253632539, 44.886300692413755], [-92.77530489767608, 44.88621751986209], [-92.77526081375181, 44.88613858350731], [-92.77522877713385, 44.88605962922317], [-92.77521652231674, 44.88600009854663], [-92.77522953351531, 44.88596348829246], [-92.77526661686854, 44.885923332886804], [-92.77529933530784, 44.88588551711213], [-92.77530625772542, 44.88583062420739], [-92.77529780457859, 44.885762915927295], [-92.7752992688325, 44.88571348000467], [-92.77529578157257, 44.885656269544114], [-92.77527034847024, 44.885586253211386], [-92.77523783574516, 44.88552675959692], [-92.77522188885224, 44.88550810712615], [-92.77520323892863, 44.88549763205478], [-92.77519496544487, 44.885481297609886], [-92.7752031248426, 44.88546571610832], [-92.77520964661156, 44.885452079665534], [-92.77518987289551, 44.885434989077], [-92.77514434717523, 44.88541132879978], [-92.77513115361866, 44.885395782285315], [-92.77513929684669, 44.88537669569664], [-92.7751436042685, 44.88535605928609], [-92.77514021043335, 44.885325315011364], [-92.77513131621372, 44.88528757712997], [-92.77503545609143, 44.88511960150466], [-92.7748726256664, 44.88490231797444], [-92.77477810493221, 44.88480323265952], [-92.77464184846991, 44.88466802745919], [-92.7745281298398, 44.884558858572085], [-92.77446882575967, 44.884510310146275], [-92.77444085312004, 44.88449518155834], [-92.77442002388354, 44.884488601585645], [-92.77441124734321, 44.884484335232266], [-92.7744123109485, 44.88447460211516], [-92.77442433040703, 44.88446796358355], [-92.77442257330232, 44.88443566199253], [-92.77439671350024, 44.88439911948314], [-92.77437355223728, 44.88435245492006], [-92.77432884757715, 44.8842509461894], [-92.7742427925662, 44.88406894059899], [-92.77415137551131, 44.88391769475195], [-92.77408973581147, 44.88382633793057], [-92.77407536636018, 44.88378860861323], [-92.77404956854186, 44.883769972127666], [-92.77402595991786, 44.88375055338706], [-92.77399189939555, 44.88371752770104], [-92.77390514459698, 44.88364645306602], [-92.77374108707328, 44.8835443797919], [-92.77358139985344, 44.8834387954262], [-92.77351325904587, 44.883367686712496], [-92.77345105700066, 44.88327204857141], [-92.77337337069488, 44.88313284319442], [-92.7733016842369, 44.88298623370414], [-92.77322468065073, 44.882885559562745], [-92.77316030198757, 44.882793427751295], [-92.77308229677989, 44.8827184470243], [-92.77301972373046, 44.8826718492039], [-92.77298181482547, 44.88263416177523], [-92.7729477039975, 44.882587126607504], [-92.77290088290657, 44.882505473118734], [-92.7727984354383, 44.88233602858414], [-92.77271440702663, 44.88216735245438], [-92.77263629491942, 44.8819925513142], [-92.77257892221718, 44.881868487400176], [-92.77255246323878, 44.88181637922895], [-92.77253684423094, 44.881734667996476], [-92.77249904222548, 44.88157087091172], [-92.77248997373268, 44.88150769025662], [-92.77250020464545, 44.88150571323442], [-92.7724992443464, 44.8814459945282], [-92.77248018119776, 44.88134281808171], [-92.77248554414003, 44.88131167001852], [-92.77248922094448, 44.88126768015334], [-92.77250919228986, 44.88118629722279], [-92.77255280190366, 44.881132504198426], [-92.77257729985978, 44.88109314998405], [-92.77257832124425, 44.881072519675186], [-92.77256015551256, 44.88104374823978], [-92.77254199427247, 44.88101731346438], [-92.77254248295598, 44.881000574828455], [-92.7725409908543, 44.88099941381096], [-92.77253840640121, 44.88097772493078], [-92.77253619025741, 44.880972536631674], [-92.7725217067201, 44.880954671336546], [-92.77252042123091, 44.880953129040726], [-92.77247208288549, 44.88090767426023], [-92.77241503896663, 44.880876638626226], [-92.772353089348, 44.88085183645908], [-92.77231745857057, 44.88083866676815], [-92.77231468996287, 44.88083010805874], [-92.7723435267818, 44.88077828983906], [-92.77238333921689, 44.88073579476485], [-92.7723767105484, 44.88071867986024], [-92.77241385947866, 44.88069642691209], [-92.77243734323682, 44.88067964871814], [-92.77242791901116, 44.880646581168094], [-92.7724146913186, 44.88062091640779], [-92.77241407237939, 44.880600678030326], [-92.77242604422717, 44.880580805648975], [-92.77244076761468, 44.88056326358828], [-92.77243578735475, 44.880548870424974], [-92.77241713922777, 44.88053839508712], [-92.7723984398968, 44.88051429613775], [-92.77233067817829, 44.88039336648978], [-92.77227617828832, 44.88030705366774], [-92.77220960773589, 44.88021258929505], [-92.77206944450042, 44.880051698743515], [-92.77198152638356, 44.87995882719683], [-92.7719419331374, 44.87990752123952], [-92.77192423452969, 44.87985617195203], [-92.77191258248213, 44.879812212800765], [-92.77189113071316, 44.879783057540386], [-92.77184674405663, 44.87977068072905], [-92.77181280121363, 44.879769963352636], [-92.77177335888445, 44.879762635545696], [-92.77173008434228, 44.87975531664933], [-92.77170277106606, 44.87977210338781], [-92.77164761989751, 44.8798126781085], [-92.77161317489626, 44.87982480729838], [-92.77156355016334, 44.879880554435196], [-92.77153848537027, 44.87991445883216], [-92.77151829753087, 44.87993356696568], [-92.77148601926608, 44.87993985210741], [-92.77146025468544, 44.879929389389346], [-92.771431658615, 44.87989324185191], [-92.77141236010773, 44.87985318660091], [-92.77141117522989, 44.87982827705463], [-92.77142292160055, 44.87974223518602], [-92.77141782994951, 44.87969514927719], [-92.77139401291639, 44.87961617851115], [-92.77136806867267, 44.87955472645834], [-92.77133452468163, 44.8795108014499], [-92.77129940684223, 44.879488287053384], [-92.77127522868635, 44.87946225194682], [-92.77125320648716, 44.879426484130406], [-92.77121699988966, 44.87940475073595], [-92.77117803815915, 44.879377961290864], [-92.77114570330049, 44.87936789758172], [-92.77110736140754, 44.87936212861218], [-92.77108433579016, 44.87935204707716], [-92.77106126525705, 44.879329514158805], [-92.77102600189056, 44.8792957144465], [-92.7709376957015, 44.87924721441221], [-92.77088098865089, 44.87920858647647], [-92.77082684898534, 44.879180558864185], [-92.77079732675185, 44.87915604495645], [-92.77078257910983, 44.87913153994994], [-92.77078577980718, 44.87908590804421], [-92.77081470016944, 44.87898601193781], [-92.77085334299802, 44.87891245083834], [-92.77086819125134, 44.87890372379427], [-92.77088924327003, 44.87888887253915], [-92.77090172446259, 44.878861718749334], [-92.77090441940842, 44.878820509993915], [-92.7709021655354, 44.87878191359905], [-92.77088642794993, 44.87850298617975], [-92.77085523125675, 44.87834328438291], [-92.77078701229576, 44.878187868060095], [-92.77068055025647, 44.8780332202766], [-92.77054329396928, 44.877871471280606], [-92.77040730789987, 44.87770271013058], [-92.77034247109594, 44.87760518153679], [-92.77028757954051, 44.87749365224504], [-92.77022760441886, 44.877409553493294], [-92.77019051837068, 44.877318458149986], [-92.77010571471291, 44.877156716056696], [-92.77001015552625, 44.877038932266146], [-92.76991569408086, 44.876945706380965], [-92.76981163144173, 44.8768436390424], [-92.76975682702287, 44.8767558937061], [-92.76969771069065, 44.87664716622656], [-92.76965005686145, 44.8765501552864], [-92.76961906318753, 44.87650174396771], [-92.76958277304666, 44.8764420105191], [-92.7695545506754, 44.87639714609802], [-92.76952537968317, 44.87635258847068], [-92.76951477147799, 44.876336726313674], [-92.76950413542502, 44.87632087370093], [-92.76950027626256, 44.87631510315276], [-92.76949644315124, 44.876309323055374], [-92.76949326670838, 44.87630439851377], [-92.76949021243642, 44.87629943641386], [-92.76948728033534, 44.87629443675563], [-92.76948447040513, 44.87628940081216], [-92.76948178444243, 44.87628433176636], [-92.76947922424388, 44.87627922961823], [-92.76947678891115, 44.87627409627745], [-92.76947447934253, 44.8762689336538], [-92.76947229733473, 44.876263743656914], [-92.76947024468429, 44.87625852628684], [-92.76946831959465, 44.876253285363035], [-92.76946652206576, 44.87624802024886], [-92.76946468051943, 44.87624215357049], [-92.76946380286539, 44.87623934563642], [-92.76946285604107, 44.87623654852404], [-92.76946184094481, 44.876233764779556], [-92.76946075847489, 44.87623099376646], [-92.7694596068347, 44.87622823675791], [-92.76945838871919, 44.87622549375388], [-92.76945710323001, 44.8762227666641], [-92.7694557512655, 44.8762200554886], [-92.76945433282566, 44.87621736277366], [-92.76945284791051, 44.87621468660955], [-92.76945129741833, 44.87621203081575], [-92.76944968404408, 44.87620939348251], [-92.76944800419449, 44.87620677588305], [-92.76944626146283, 44.876204181200144], [-92.76944445315418, 44.876201608160706], [-92.76944258465838, 44.87619905740135], [-92.76944065238222, 44.87619653083169], [-92.76943860422337, 44.87619396033825], [-92.76942895541889, 44.876182340280394], [-92.76941240845136, 44.876163424420284], [-92.76936061698197, 44.87610646163971], [-92.76930833772738, 44.87604972542428], [-92.76927087887834, 44.87600982091295], [-92.76923280558167, 44.875970211746285], [-92.76922320977778, 44.87596015826296], [-92.76921386101063, 44.875949987647424], [-92.76920337497633, 44.875938096357764], [-92.76919954276333, 44.875933563280384], [-92.76919582194141, 44.87592898373236], [-92.76919221430724, 44.87592435771372], [-92.76918872075909, 44.87591968777079], [-92.76918534129699, 44.87591497581326], [-92.76918112011347, 44.875908781899255], [-92.76915611191427, 44.87587013899073], [-92.76912686815851, 44.87582254446872], [-92.76911458639196, 44.8758017359373], [-92.76910253010253, 44.875780860557384], [-92.76908677275414, 44.875753040710556], [-92.76907124178118, 44.87572515591896], [-92.76906874895626, 44.875720522881515], [-92.76906637111573, 44.87571586119759], [-92.76906410646288, 44.8757111689574], [-92.76906195948935, 44.875706450616974], [-92.76905992660186, 44.87570170617631], [-92.76905742838706, 44.875695417388776], [-92.7690546498979, 44.875688351334524], [-92.76905169803386, 44.87568132156456], [-92.76904857548993, 44.87567432871542], [-92.76904528046946, 44.875667375970146], [-92.7690411266596, 44.87565913350926], [-92.76904021936116, 44.87565743829183], [-92.76903927163852, 44.875655753896226], [-92.76903828349172, 44.875654080959066], [-92.76903725222577, 44.875652422026654], [-92.76903618233227, 44.87565077518926], [-92.76903507111626, 44.87564914172003], [-92.76903392037438, 44.87564752289211], [-92.76903273010663, 44.875645919342176], [-92.7690314994147, 44.87564432916036], [-92.76903023189183, 44.87564275552967], [-92.7690289248431, 44.87564119781348], [-92.76902757916679, 44.87563965537519], [-92.76902619755788, 44.87563813076122], [-92.76902477821973, 44.87563662397143], [-92.76902332115235, 44.87563513500596], [-92.76902182905067, 44.87563366386472], [-92.76902030011804, 44.87563221118431], [-92.76901873615115, 44.87563077887455], [-92.76901713714993, 44.875629365025574], [-92.76901550311443, 44.875627971547196], [-92.76901383584126, 44.87562659843948], [-92.76901053273598, 44.87562401582546], [-92.76900463080453, 44.87561962977386], [-92.7689986219736, 44.87561531820203], [-92.7689925080398, 44.87561108174659], [-92.76898629169803, 44.875606921044145], [-92.76897997474494, 44.87560283927759], [-92.76897355628225, 44.875598836447026], [-92.7689670425981, 44.875594913188976], [-92.76896043279424, 44.875591072049815], [-92.76895372956561, 44.87558731239299], [-92.76894693560712, 44.87558363740141], [-92.76894005271541, 44.875580047711665], [-92.76892975173405, 44.87557491430852], [-92.76892750055593, 44.87557384230316], [-92.76892522242838, 44.87557279958057], [-92.768922919148, 44.8755717848676], [-92.7689205925114, 44.875570798164254], [-92.7689182416203, 44.875569842016866], [-92.7689158664747, 44.87556891387915], [-92.76891347066784, 44.87556801566075], [-92.76891105060645, 44.875567147361764], [-92.76890861168046, 44.875566309618726], [-92.76890615209321, 44.87556550179507], [-92.76890367364135, 44.875564724527415], [-92.76890117632485, 44.87556397845228], [-92.76889866014373, 44.875563264206285], [-92.76889612689465, 44.87556257987966], [-92.76889357837418, 44.87556192801879], [-92.76889101278573, 44.875561306713884], [-92.76888843372254, 44.87556071851123], [-92.76888583938799, 44.87556016213778], [-92.76888323247707, 44.87555963759345], [-92.76888061298968, 44.875559146788], [-92.76887798272253, 44.87555868717511], [-92.76887534077729, 44.875558260664576], [-92.76887268805224, 44.8755578672563], [-92.76886756675681, 44.87555720330029], [-92.76886534701974, 44.87555692893303], [-92.76886313357087, 44.87555662719273], [-92.76886092910517, 44.87555629744272], [-92.76885873182599, 44.8755559403197], [-92.76885654442827, 44.87555555709676], [-92.7688543660137, 44.875555145864126], [-92.76885220017556, 44.87555470853162], [-92.76885004332057, 44.8755542431895], [-92.76884789904199, 44.875553751110814], [-92.76884576733981, 44.87555323356885], [-92.76884364821404, 44.875552688653784], [-92.76884154256302, 44.87555211827543], [-92.76883945218336, 44.87555152179715], [-92.76883737527842, 44.87555089921895], [-92.76883531454317, 44.87555025117741], [-92.76883327087589, 44.87554957703599], [-92.76883124337832, 44.875548878704386], [-92.76882923384701, 44.875548154909495], [-92.7688272413837, 44.875547405651204], [-92.76882526868334, 44.87554663156619], [-92.76882331394928, 44.87554583456419], [-92.76882138077478, 44.87554501273542], [-92.76881946646492, 44.875544166716494], [-92.76881757461294, 44.875543297143956], [-92.76881570432052, 44.875542404017864], [-92.76881385468933, 44.87554148861135], [-92.7688113546779, 44.87554019380124], [-92.76880848995047, 44.875538646267586], [-92.76880566295227, 44.87553706181211], [-92.76880287547995, 44.87553544298103], [-92.7688001284318, 44.87553379041104], [-92.76879742180785, 44.87553210346549], [-92.76879475740472, 44.87553038341758], [-92.76879213612071, 44.87552862963071], [-92.76878955795587, 44.875526844651176], [-92.76878702380843, 44.875525027205875], [-92.7687845354751, 44.87552317984106], [-92.76878209115922, 44.87552130064705], [-92.76877969445404, 44.87551939153353], [-92.76877734446126, 44.87551745377373], [-92.7687750429775, 44.87551548673101], [-92.76877279000276, 44.87551349167855], [-92.76876858319228, 44.87550955059037], [-92.76876788609962, 44.87550880706084], [-92.76876725278734, 44.87550803552163], [-92.7687664919143, 44.875506974336936], [-92.76876591070432, 44.87550601818848], [-92.76876541842755, 44.87550503657672], [-92.76876495579516, 44.8755038919995], [-92.76876464318146, 44.87550287410239], [-92.76876442219589, 44.87550184347361], [-92.76876428655028, 44.875500805842414], [-92.76876424882104, 44.87549954095081], [-92.76876436650035, 44.87549805516468], [-92.76876457041791, 44.875496948145766], [-92.76876486237038, 44.87549591497055], [-92.76876880507616, 44.87548500265291], [-92.76877284659662, 44.875474428359205], [-92.76878627191854, 44.87544045768753], [-92.76879989217488, 44.875406527100644], [-92.76881669875553, 44.87536521529027], [-92.76883367871103, 44.875323939098976], [-92.76884481602393, 44.87529678680976], [-92.76885577996197, 44.87526959758574], [-92.76885866984223, 44.87526212088107], [-92.76886137646619, 44.87525460852665], [-92.7688638989355, 44.87524706434187], [-92.76886623545356, 44.8752394889634], [-92.76886838422372, 44.87523188684728], [-92.76887034704262, 44.87522425926667], [-92.76887212301193, 44.875216607494785], [-92.76887405798304, 44.87520711789575], [-92.76887481077127, 44.87520284385166], [-92.76887545755825, 44.87519856089498], [-92.76887599924238, 44.875194270298955], [-92.76887643582363, 44.87518997333677], [-92.76887676730195, 44.87518567255472], [-92.76887699277908, 44.87518136795282], [-92.76887711225501, 44.8751770608043], [-92.76887712572976, 44.875172753655406], [-92.76887703410158, 44.87516844586959], [-92.76887683737053, 44.87516414062985], [-92.76887651307874, 44.87515958648409], [-92.76887611332843, 44.87515544866615], [-92.76887561296681, 44.87515131657721], [-92.76887501019726, 44.87514719085381], [-92.76887430591808, 44.875143074042406], [-92.7688735028242, 44.87513896550628], [-92.7688725973224, 44.875134868428454], [-92.7688715921076, 44.87513078280891], [-92.7688704862815, 44.87512671119406], [-92.76886844890242, 44.87512003975441], [-92.76886241042708, 44.875102251579], [-92.7688559353705, 44.875084540425284], [-92.76884902642766, 44.87506691265924], [-92.76883716866591, 44.87503910392582], [-92.76882184161053, 44.8750058771698], [-92.76880394986503, 44.87496937323212], [-92.76879339735538, 44.87494904883694], [-92.76877460729457, 44.87491530957389], [-92.7687700717007, 44.8749076908636], [-92.7687653510539, 44.87490013008205], [-92.76876044625244, 44.87489262913895], [-92.76875535729636, 44.87488518994415], [-92.76875008508395, 44.87487781568063], [-92.76874463410682, 44.87487050762155], [-92.76873900436492, 44.874863268313376], [-92.76873319765492, 44.874856099665806], [-92.76872721667176, 44.87484900422534], [-92.76872106141545, 44.874841983901675], [-92.76871005525658, 44.874830071375584], [-92.76870242945813, 44.87482193001275], [-92.76869500578061, 44.87481369570639], [-92.76868778512237, 44.874805371002935], [-92.76868076928, 44.874796956538944], [-92.76867396094846, 44.874788457406986], [-92.76866736192439, 44.8747798742437], [-92.76866097580101, 44.8747712108686], [-92.76865480257841, 44.87476246982802], [-92.76864884495144, 44.87475365366823], [-92.76863879010845, 44.87473779998282], [-92.76863068371132, 44.87472414571898], [-92.76862291508074, 44.87471039278008], [-92.76861548421672, 44.87469654562223], [-92.76860298326123, 44.874671425677704], [-92.76860045450371, 44.874665918513514], [-92.76859806049347, 44.87466038079239], [-92.76859580212886, 44.87465481442399], [-92.76859368210478, 44.874649221318165], [-92.76859169862463, 44.874643601474915], [-92.76858985258673, 44.87463795871375], [-92.76858706960597, 44.874628444192155], [-92.76858585059215, 44.87462372194338], [-92.76858474566433, 44.874618986325764], [-92.76858375841583, 44.87461423733931], [-92.76858288794833, 44.87460947689377], [-92.7685821351601, 44.87460470626236], [-92.76858149825459, 44.87459992671824], [-92.76858097813003, 44.87459514080778], [-92.7685805765831, 44.87459034916757], [-92.76858029271547, 44.874585551797615], [-92.76858012742545, 44.87458075315409], [-92.76858007891644, 44.87457595260037], [-92.76858014898502, 44.87457115268284], [-92.7685805011246, 44.874563539656336], [-92.76858074636469, 44.87455895490654], [-92.76858087841704, 44.87455436633684], [-92.76858089907829, 44.87454977776678], [-92.7685808056535, 44.87454518983291], [-92.76858059993928, 44.87454060317188], [-92.76858028283401, 44.87453602033006], [-92.76857985254098, 44.87453144130743], [-92.76857930995855, 44.87452686865038], [-92.76857865508671, 44.874522303632084], [-92.76857788792545, 44.874517747525765], [-92.7685770093731, 44.87451320160462], [-92.76857602032798, 44.874508667141775], [-92.76857383472691, 44.874500096668676], [-92.7685715018021, 44.8744918756848], [-92.76856908892725, 44.87448366615846], [-92.76856730307647, 44.874477827310386], [-92.76856543997056, 44.87447199928383], [-92.76856504920343, 44.87447084959331], [-92.76856462969018, 44.87446970435895], [-92.76856418322748, 44.87446856421734], [-92.7685637080187, 44.8744674304416], [-92.76856320496213, 44.87446630175865], [-92.76856267495613, 44.874465181351404], [-92.76856211710233, 44.874464066036886], [-92.76856153229909, 44.87446295772492], [-92.76856091964804, 44.87446185832523], [-92.76856028094589, 44.874460765291474], [-92.76855961529427, 44.874459680533434], [-92.76855892269319, 44.87445860468772], [-92.76855820404096, 44.874457537117706], [-92.7685574602359, 44.87445647909663], [-92.76855668948139, 44.87445543062444], [-92.76855589267572, 44.87445439170116], [-92.76855507161557, 44.87445336169021], [-92.76855324174733, 44.874451201722735], [-92.76855247997597, 44.87445021118063], [-92.76855181701927, 44.87444918562576], [-92.76855135169195, 44.87444831667327], [-92.76855094385684, 44.874447363690216], [-92.76855057914082, 44.87444626492683], [-92.76855037163, 44.8744453469565], [-92.76855023867932, 44.87444442198359], [-92.7685501901703, 44.8744436262395], [-92.76855020005178, 44.87444282922223], [-92.76855028718835, 44.8744419017029], [-92.76855052164865, 44.87444068389607], [-92.76855092589052, 44.874439396063764], [-92.76855151608366, 44.874438051574444], [-92.76855442932013, 44.87443296581409], [-92.76855718535141, 44.87442842688877], [-92.76856047677862, 44.87442327555821], [-92.76856165357165, 44.8744215230108], [-92.76856287168717, 44.87441978574161], [-92.76856413202351, 44.87441806311407], [-92.76856543637732, 44.874416357037916], [-92.76856678025696, 44.874414667513236], [-92.76856816725576, 44.87441299390343], [-92.76856959378043, 44.874411338754776], [-92.76857106162761, 44.87440970143083], [-92.76857281513905, 44.874407820290635], [-92.76857342060356, 44.87440714613584], [-92.76857399193207, 44.87440645797587], [-92.7685745291246, 44.87440575708406], [-92.76857503128285, 44.874405042187085], [-92.7685754984068, 44.874404315831384], [-92.76857592869982, 44.87440357738033], [-92.76857632395854, 44.87440283001697], [-92.76857668238635, 44.87440207246808], [-92.76857711357768, 44.8744010068068], [-92.76857743876782, 44.874400060825536], [-92.76857771185566, 44.87439908428761], [-92.76857799751993, 44.87439777290032], [-92.76857817448803, 44.87439656336834], [-92.76857825443808, 44.87439559765248], [-92.76857967557288, 44.87435522473242], [-92.76858066731295, 44.87431514907469], [-92.76858130421849, 44.874272439150026], [-92.76858155035687, 44.87422972728389], [-92.76858141830454, 44.874217955955736], [-92.76858079307709, 44.874202257452616], [-92.76858067539779, 44.874200537364956], [-92.76858051549766, 44.87419881918702], [-92.7685803124784, 44.87419710419203], [-92.76858006903497, 44.87419539110682], [-92.76857978247239, 44.874193681204495], [-92.76857945458731, 44.874191975758336], [-92.76857908537973, 44.87419027476831], [-92.76857867305301, 44.87418857759778], [-92.76857822030212, 44.87418688615663], [-92.76857772533039, 44.874185201717985], [-92.76857718903617, 44.87418352237213], [-92.76857661231776, 44.87418185002872], [-92.76857599427684, 44.87418018532453], [-92.76857533581173, 44.87417852825941], [-92.76857461356624, 44.874176830451965], [-92.76857330112762, 44.87417392565421], [-92.76857191772208, 44.874171038681034], [-92.76857046245131, 44.87416816825925], [-92.76856893711195, 44.874165316935326], [-92.76856734260234, 44.8741624847092], [-92.76856567982075, 44.87415967285405], [-92.76856394697056, 44.87415688200653], [-92.76856214584842, 44.87415411343987], [-92.76856027735262, 44.87415136651737], [-92.7685583414832, 44.874148644422064], [-92.76855577230148, 44.87414520233371], [-92.76855498807224, 44.874144232157455], [-92.76855415623228, 44.874143280442574], [-92.76855326779848, 44.874142355464805], [-92.76855211885322, 44.874141257332205], [-92.76855089355118, 44.87414020248827], [-92.76854984252229, 44.87413936790747], [-92.76854886785021, 44.87413865300718], [-92.76854785904213, 44.87413796293428], [-92.76854641634779, 44.87413705641776], [-92.76854500419617, 44.8741362243833], [-92.76854406815166, 44.87413558587483], [-92.7685430198177, 44.8741346933635], [-92.76854239189532, 44.87413402620806], [-92.76854185380446, 44.874133322129886], [-92.76854128517088, 44.874132360865836], [-92.7685407973857, 44.87413111185915], [-92.76854051351806, 44.874129867945214], [-92.76854036349941, 44.874128640582825], [-92.76854033026174, 44.87412756282109], [-92.76854037697414, 44.87412663847967], [-92.76854051890795, 44.87412556517412], [-92.76854074977498, 44.87412450014432], [-92.76854107586342, 44.8741234465733], [-92.76854148639352, 44.874122408917245], [-92.76854191039833, 44.87412153550367], [-92.7685423433863, 44.874120765855636], [-92.768542772781, 44.87412003694994], [-92.7685431842094, 44.874119303588074], [-92.7685435785698, 44.87411856576997], [-92.76854395316728, 44.874117822859134], [-92.76854430979846, 44.87411707549201], [-92.76854464846332, 44.87411632366876], [-92.76854496916187, 44.87411556738927], [-92.7685452700975, 44.87411480729016], [-92.76854555396511, 44.874114043371435], [-92.7685458171715, 44.87411327690635], [-92.76854606241157, 44.87411250725826], [-92.76854628878702, 44.87411173379054], [-92.76854649539953, 44.87411095841299], [-92.76854668404575, 44.874110180489076], [-92.768546852929, 44.874109400018774], [-92.76854700204936, 44.87410861763862], [-92.7685471332034, 44.874107833348674], [-92.76854724459449, 44.87410704778551], [-92.76854733622264, 44.87410626158575], [-92.76854745569858, 44.874104794861616], [-92.76854804229845, 44.87409216346244], [-92.76854834323409, 44.87407514143496], [-92.76854830550484, 44.87407168279062], [-92.76854818153733, 44.87406822605581], [-92.76854797312818, 44.87406477186723], [-92.76854750600424, 44.87405963832892], [-92.7685465043827, 44.87405139500113], [-92.76854412654214, 44.87403623565262], [-92.76853854171601, 44.87400632118458], [-92.76853254995305, 44.87397644680685], [-92.76853174416425, 44.87397278380778], [-92.76853084764561, 44.87396913226734], [-92.76852986129542, 44.87396549091221], [-92.76852878780865, 44.873961864198726], [-92.76852762359205, 44.87395825021696], [-92.76852637223885, 44.87395465151344], [-92.76852503285076, 44.873951068724665], [-92.7685225067882, 44.87394490197315], [-92.7685220908682, 44.87394383948646], [-92.76852172705053, 44.87394276617749], [-92.76852141623344, 44.87394168522926], [-92.76852121590913, 44.87394086910703], [-92.76852105061911, 44.87394004980174], [-92.76852087275269, 44.87393895357506], [-92.7685207730397, 44.873938128540374], [-92.768520708361, 44.87393730223245], [-92.76852066524187, 44.87393619900309], [-92.76852067781827, 44.87393509513715], [-92.76852074519192, 44.87393399190779], [-92.76852091766845, 44.873932541094305], [-92.7685211323658, 44.87393138630021], [-92.76852137131768, 44.87393044731381], [-92.76852172794885, 44.873929309071286], [-92.7685220791901, 44.87392838854632], [-92.76852257416184, 44.87392727767758], [-92.76852298289529, 44.87392648128978], [-92.7685234302563, 44.87392569572413], [-92.76852391444825, 44.873924920980684], [-92.76852441840312, 44.873924183160135], [-92.76852591769133, 44.87392204036108], [-92.76852736397893, 44.87391987846387], [-92.76852875726593, 44.873917700651575], [-92.76853009575571, 44.87391550437776], [-92.7685313812449, 44.873913292825485], [-92.76853261193682, 44.873911064721455], [-92.76853378872984, 44.873908823248705], [-92.76853595097474, 44.873904345395765], [-92.76854466283636, 44.873884660408876], [-92.76855363970098, 44.873863002586674], [-92.76855757701688, 44.87385281950504], [-92.76856445990859, 44.873833061927954], [-92.76856644788032, 44.87382666025758], [-92.76856827685023, 44.87382023375906], [-92.76856994861497, 44.87381378688854], [-92.76857146227623, 44.8738073190094], [-92.76857281783398, 44.87380083457787], [-92.76857488845073, 44.87378889000612], [-92.76857855806865, 44.873762330306434], [-92.76858157640802, 44.873735729851916], [-92.768584679189, 44.87369879158157], [-92.76858545623172, 44.87368455776188], [-92.76858588472813, 44.87367031693601], [-92.76858596377987, 44.87365607292363], [-92.76858569159033, 44.8736418301809], [-92.76858438274495, 44.87361698988189], [-92.7685837090085, 44.87360611986046], [-92.76858330297, 44.87359524283431], [-92.76858316373112, 44.87358436262307], [-92.7685832921902, 44.87357348240978], [-92.76858368744892, 44.87356260537746], [-92.76858485076723, 44.87354549725165], [-92.76858574728587, 44.87353649692651], [-92.7685868656884, 44.873527508058864], [-92.76858820327985, 44.873518535104935], [-92.76858976185689, 44.87350958061119], [-92.76859154052114, 44.87350064712403], [-92.76859353747602, 44.873491736553284], [-92.76859710917759, 44.87347781143629], [-92.7685984791084, 44.873472617368066], [-92.76859972147845, 44.873467406747615], [-92.76860083538939, 44.87346218212132], [-92.76860182263788, 44.87345694412588], [-92.76860267963066, 44.87345169530761], [-92.76860340726604, 44.87344643566655], [-92.76860400644235, 44.87344116838577], [-92.7686044753629, 44.873435894738414], [-92.76860501075883, 44.87342588664802], [-92.76860557849407, 44.87339781229312], [-92.76860558837555, 44.87336973410492], [-92.76860483019745, 44.873319377183925], [-92.76860351416558, 44.873269025948346], [-92.7686008596439, 44.873208187810626], [-92.76859674985148, 44.87314738907835], [-92.7685959171132, 44.87313499874414], [-92.7685953871072, 44.873122599494714], [-92.76859516163006, 44.87311019578638], [-92.76859534937795, 44.873093148004024], [-92.76859622343872, 44.87307076478466], [-92.7685975978611, 44.87304839365214], [-92.76860098540804, 44.8729982930043], [-92.76860387349167, 44.87294817639756], [-92.76860674181238, 44.87288426435548], [-92.76860861929131, 44.87282033441725], [-92.76861004132442, 44.87277743558216], [-92.76861245509758, 44.8727345596332], [-92.76861305607052, 44.87272705777122], [-92.76861384119806, 44.872719564184244], [-92.76861481137858, 44.87271208078215], [-92.76861596301877, 44.872704611384606], [-92.7686172997119, 44.87269715662819], [-92.76861881876306, 44.872689720332666], [-92.7686205201722, 44.87268230440785], [-92.76862295191168, 44.87267287805238], [-92.76862649307054, 44.872659344892085], [-92.7686297009544, 44.872645767802126], [-92.768632574665, 44.87263215442196], [-92.76863511420233, 44.87261850793451], [-92.76863731866803, 44.87260483088629], [-92.76863937401339, 44.87258959858247], [-92.76864127664517, 44.872572120930165], [-92.76864274898391, 44.87255462353744], [-92.76864379372459, 44.87253711022395], [-92.7686445060886, 44.87251440147718], [-92.76864493817827, 44.872498790362485], [-92.76864575474686, 44.87248318751953], [-92.76864695309945, 44.87246759804134], [-92.7686495716885, 44.872443439052745], [-92.76865283796288, 44.872420096197864], [-92.7686582880417, 44.87238793872115], [-92.76866249575049, 44.87236681636821], [-92.76866976042619, 44.87233531266909], [-92.76867295034377, 44.87232314179347], [-92.76867643940032, 44.87231101356881], [-92.76868022400262, 44.87229892926824], [-92.76868430684559, 44.87228689462146], [-92.76868868253933, 44.872274912174966], [-92.7686933528805, 44.87226298638507], [-92.76870070918436, 44.87224564868983], [-92.76870678449063, 44.872231539924854], [-92.76871251125058, 44.87221735794508], [-92.76871788946418, 44.87220310657025], [-92.76872291733481, 44.8721887902566], [-92.76872759306588, 44.87217441473374], [-92.76873525120365, 44.872147893122815], [-92.76874417686432, 44.87211353087537], [-92.76875272613088, 44.87207911958757], [-92.7687584573824, 44.87205471342667], [-92.76876381313812, 44.8720302646018], [-92.76876773608097, 44.872010500032715], [-92.76877320682107, 44.87197739439619], [-92.7687790171243, 44.87194022326651], [-92.7687856934035, 44.87190312532448], [-92.76878731126932, 44.871895208912285], [-92.76878912317126, 44.871887314144146], [-92.76879112821096, 44.87187944356666], [-92.76879332638848, 44.87187159781643], [-92.76879571770377, 44.87186378134983], [-92.76879829946188, 44.871855995440065], [-92.76880107256117, 44.871848243270364], [-92.76880567552868, 44.87183646381562], [-92.76880808840355, 44.87183040060725], [-92.76881035215806, 44.87182430875015], [-92.76881246409728, 44.87181818888093], [-92.76881442781449, 44.87181204418272], [-92.7688162388181, 44.87180587592872], [-92.76881789980307, 44.87179968539221], [-92.76881940717611, 44.871793476392945], [-92.7688207627339, 44.87178724893091], [-92.76882262404315, 44.871777182620924], [-92.76882304984458, 44.871774387838144], [-92.76882340647576, 44.8717715879622], [-92.76882369573327, 44.87176878490298], [-92.76882391492222, 44.87176597866055], [-92.76882406583918, 44.871763169234804], [-92.76882414758586, 44.871760358535695], [-92.7688241610606, 44.87175754783649], [-92.76882410446674, 44.871754737137096], [-92.76882393648178, 44.87175120514138], [-92.76882372178443, 44.87174836579354], [-92.7688234379168, 44.871745528992115], [-92.76882308487889, 44.87174269601026], [-92.76882266177238, 44.87173986875789], [-92.7688221694956, 44.87173704659839], [-92.76882160804855, 44.87173423080501], [-92.76882097743123, 44.87173142265099], [-92.76882027764361, 44.87172862277295], [-92.76881934429406, 44.87172526521102], [-92.76881846843665, 44.87172239912361], [-92.76881752161233, 44.87171954449538], [-92.76881650382111, 44.871716701962896], [-92.76881541685962, 44.87171387216276], [-92.76881426072785, 44.8717110563682], [-92.76881303632412, 44.871708256489214], [-92.76881174275012, 44.87170547061581], [-92.76881038090416, 44.87170270256781], [-92.7688089507862, 44.87169995107194], [-92.76880745509126, 44.87169721740141], [-92.76880589202267, 44.871694503466216], [-92.76880282517429, 44.87168953523917], [-92.76880057758943, 44.87168612865475], [-92.76879824825791, 44.87168274944503], [-92.76879583448475, 44.87167939951988], [-92.76879334076153, 44.87167608142585], [-92.76879076439329, 44.87167279325307], [-92.76878810807497, 44.87166953882124], [-92.76878537270495, 44.87166631685717], [-92.76878255828315, 44.87166313054397], [-92.76877966660626, 44.87165997860842], [-92.76877669767424, 44.87165686296038], [-92.76877260315317, 44.871652750355636], [-92.76875427123318, 44.871635110715694], [-92.76873550991846, 44.87161770152916], [-92.76871495017656, 44.87159932020835], [-92.76869000575776, 44.87157704909092], [-92.7686489841903, 44.87153860062812], [-92.76861859867581, 44.87150898662335], [-92.7685885401481, 44.8714792051702], [-92.7685554507046, 44.87144639526027], [-92.76852203427435, 44.871413753401626], [-92.76851558077735, 44.87140760993351], [-92.76850897816001, 44.871401547316566], [-92.76850222732065, 44.87139556746077], [-92.76849533095422, 44.87138967227603], [-92.76848828995902, 44.87138386430887], [-92.76848110882663, 44.8713781429227], [-92.76847378755707, 44.87137251321056], [-92.76846632974357, 44.871366974535874], [-92.76845873808112, 44.87136152944515], [-92.76845101167135, 44.87135617921169], [-92.76844100443908, 44.87134951815761], [-92.76843840291804, 44.8713477935283], [-92.76843584271946, 44.87134603834067], [-92.76843332653837, 44.87134425004831], [-92.7684308543747, 44.87134243247086], [-92.7684284280251, 44.87134058306191], [-92.7684260465913, 44.87133870436796], [-92.76842371097156, 44.87133679638896], [-92.76842142386084, 44.87133486039815], [-92.76841918525915, 44.871332895759025], [-92.7684169942682, 44.871330903108074], [-92.76841485178622, 44.871328884355215], [-92.76841275960994, 44.87132683822723], [-92.76841071863761, 44.871324767907254], [-92.76840872797092, 44.871322672122005], [-92.76840678940655, 44.87132055150812], [-92.76840490384276, 44.87131840733884], [-92.76840307038127, 44.8713162396142], [-92.76840128992038, 44.87131405024403], [-92.76839840363337, 44.871310297947325], [-92.76839712533071, 44.87130854021208], [-92.76839589194383, 44.87130676656101], [-92.76839469987945, 44.87130497826738], [-92.76839355362915, 44.87130317469455], [-92.7683924513963, 44.87130135775249], [-92.76839139407922, 44.87129952744111], [-92.76839038077958, 44.87129768439709], [-92.76838941329402, 44.8712958286204], [-92.76838849162253, 44.871293961384275], [-92.76838761666343, 44.87129208332544], [-92.76838678841675, 44.87129019380716], [-92.76838600508583, 44.87128829473939], [-92.7683852684673, 44.87128638612208], [-92.7683844060846, 44.87128396119759], [-92.76838271994683, 44.871279180104445], [-92.76838091702805, 44.87127441874638], [-92.76837899732828, 44.871269681579875], [-92.76837696174586, 44.87126496860497], [-92.76837481117907, 44.87126028173153], [-92.76837254472962, 44.871255622232816], [-92.7683701650924, 44.87125099074548], [-92.76836767316581, 44.87124639045266], [-92.76836500606775, 44.871241717583544], [-92.76836049383007, 44.8712341932449], [-92.76835579833609, 44.8712267268387], [-92.76835091958579, 44.87121931963823], [-92.7683458602741, 44.871211973553315], [-92.76833954332102, 44.87120323197212], [-92.76833572997262, 44.87119797849191], [-92.76833204687998, 44.871192678537106], [-92.76832849494134, 44.87118733338104], [-92.76832507325842, 44.87118194557016], [-92.76832178542449, 44.871176515741055], [-92.76831826313025, 44.871170390709906], [-92.76831631648102, 44.871166816024044], [-92.76831445607009, 44.87116321841921], [-92.76831268638897, 44.871159597258774], [-92.76831100474274, 44.87115595508928], [-92.76830941113144, 44.87115229254733], [-92.76830791004659, 44.871148610269564], [-92.76830649789498, 44.871144910802506], [-92.76830517737152, 44.87114119414618], [-92.76830290553215, 44.871134037131], [-92.76830151314347, 44.87112906630904], [-92.76830024382397, 44.87112407893422], [-92.76829909577702, 44.87111907627979], [-92.7682980716976, 44.87111405961906], [-92.76829716978907, 44.87110903149846], [-92.76829639274634, 44.87110399319133], [-92.7682957378745, 44.8710989453343], [-92.76829494286548, 44.871090759515965], [-92.76829468415066, 44.87108677610711], [-92.76829452245391, 44.871082790151505], [-92.76829446047017, 44.871078802922334], [-92.76829449370784, 44.87107481569289], [-92.76829462665849, 44.87107082973641], [-92.76829485662721, 44.87106684441635], [-92.7682951854106, 44.871062864825646], [-92.76829591214766, 44.87105651186788], [-92.76829737101168, 44.87104657084679], [-92.76829907152253, 44.87103664892296], [-92.76830101727342, 44.87102674927958], [-92.76830320467114, 44.87101687573643], [-92.76830674762661, 44.87100282906027], [-92.76830746897379, 44.871000281253636], [-92.76830825140641, 44.870997742359734], [-92.76830909761941, 44.870995213651824], [-92.76831000581615, 44.87099269640322], [-92.76831097509834, 44.870990189977306], [-92.7683120063643, 44.87098769692059], [-92.76831309781737, 44.870985215959756], [-92.76831425035587, 44.87098274900476], [-92.76831546397982, 44.87098029796553], [-92.76831673689257, 44.87097786093213], [-92.76831806909414, 44.870975440451105], [-92.76831946148283, 44.87097303779568], [-92.76832091046539, 44.87097065169269], [-92.76832241963507, 44.870968284688544], [-92.76832510649609, 44.87096431973362], [-92.76832600391305, 44.87096301527105], [-92.76832686988898, 44.870961699985635], [-92.76832770262725, 44.87096037451408], [-92.76832850212786, 44.870959038219716], [-92.76832927018744, 44.87095769237584], [-92.76833000411101, 44.870956337619], [-92.76833070569525, 44.870954973949296], [-92.7683313722452, 44.87095360136667], [-92.76833200555745, 44.87095222114438], [-92.76833260563207, 44.87095083264587], [-92.76833317067239, 44.87094943778092], [-92.76833370247505, 44.87094803591304], [-92.76833419924338, 44.87094662704212], [-92.76833466097744, 44.87094521244141], [-92.76833508857553, 44.87094379274765], [-92.76833548024098, 44.87094236732415], [-92.76833583777045, 44.870940937444146], [-92.76833615936734, 44.87093950438093], [-92.76833644592992, 44.87093806622467], [-92.76833669835652, 44.87093662488514], [-92.76833692383364, 44.87093511160594], [-92.76833719871813, 44.87093287956682], [-92.768337420602, 44.87093064434439], [-92.76833758768863, 44.87092840784869], [-92.76833769818141, 44.87092616880631], [-92.76833775477529, 44.870923929127194], [-92.76833775657191, 44.87092168881135], [-92.76833770267301, 44.87091944849547], [-92.76833759397685, 44.87091720945274], [-92.76833743138178, 44.87091497231982], [-92.76833721219285, 44.87091273773338], [-92.76833693820669, 44.87091050505675], [-92.76833661121994, 44.8709082774731], [-92.7683362285376, 44.87090605370914], [-92.76833532662906, 44.87090173605445], [-92.7683345702476, 44.87089866238324], [-92.76833373840763, 44.87089559826135], [-92.76833283200752, 44.87089254496212], [-92.76833185014893, 44.870889503122164], [-92.76833079462845, 44.87088647401471], [-92.76832966454785, 44.87088345827643], [-92.76832846080535, 44.87088045654393], [-92.76832718250272, 44.87087747136384], [-92.76832583233484, 44.87087450146275], [-92.76832440940342, 44.870871549387346], [-92.76832291370847, 44.87086861513753], [-92.76832028164469, 44.870863802178114], [-92.76831534989377, 44.87085536803872], [-92.76831021153036, 44.870846995015036], [-92.76830019082335, 44.87083171513498], [-92.76829189847498, 44.870819309022956], [-92.76828391155378, 44.8708068023199], [-92.76827521137025, 44.87079247674602], [-92.76826847580226, 44.87078078938737], [-92.76825797449658, 44.87076129814272], [-92.76825545741715, 44.870756279540856], [-92.76825306340693, 44.87075123165329], [-92.76825079336419, 44.87074615448003], [-92.76824833826852, 44.870740273234766], [-92.76824783611029, 44.87073889619059], [-92.7682474013257, 44.87073750832353], [-92.76824703571137, 44.870736110270265], [-92.76824673836902, 44.87073470330406], [-92.76824651019695, 44.87073329060809], [-92.76824635119512, 44.87073187281899], [-92.76824627573664, 44.870730807726396], [-92.76824624429561, 44.87072974072389], [-92.76824625956696, 44.87072831975152], [-92.76824634490693, 44.870726898142514], [-92.76824645270474, 44.870725834323075], [-92.76824660362172, 44.870724773686845], [-92.76824686323484, 44.87072336353717], [-92.76824719111991, 44.87072196039048], [-92.76824758907358, 44.87072056679328], [-92.7682479295351, 44.87071952716594], [-92.76824831221738, 44.87071849581485], [-92.76824887905434, 44.87071713213951], [-92.7682495114683, 44.87071578310674], [-92.76825002710127, 44.870714781677535], [-92.7682508813991, 44.87071329513122], [-92.76825169257782, 44.87071204159384], [-92.76825242380644, 44.87071103889127], [-92.76825338500379, 44.87070984074127], [-92.7682542366067, 44.87070888642301], [-92.76825544843402, 44.87070765325797], [-92.76825663600683, 44.87070656142616], [-92.76825754689851, 44.870705794279054], [-92.76825861858865, 44.87070496092169], [-92.76825998402788, 44.87070397986468], [-92.76826115273606, 44.87070321526403], [-92.76826263315964, 44.87070232397271], [-92.76826374886724, 44.87070170770843], [-92.7682648924226, 44.8707011200928], [-92.76826651388167, 44.87070036185853], [-92.76826787393101, 44.870699778699326], [-92.76826911180947, 44.870699294855406], [-92.76827037124751, 44.87069884220674], [-92.7682716522451, 44.87069842075322], [-92.7682731156007, 44.870697987840295], [-92.76828306983235, 44.87069535598408], [-92.76829713475476, 44.87069189331679], [-92.76831094006405, 44.87068854206071], [-92.76832545773736, 44.87068480754907], [-92.76834542369288, 44.870679483354834], [-92.7683656510581, 44.8706740057306], [-92.76836684132586, 44.87067365621686], [-92.76836801093236, 44.87067327741786], [-92.7683695533397, 44.87067271399416], [-92.7683710166953, 44.870672072264085], [-92.76837253305152, 44.87067126819155], [-92.76837368379338, 44.870670532239146], [-92.76837464139747, 44.87066983002853], [-92.76837536813456, 44.8706692156738], [-92.76842126845231, 44.87062541630313], [-92.76846604048606, 44.870581502304304], [-92.76850397903547, 44.870543364492576], [-92.76854135973106, 44.870504948444434], [-92.7685479919928, 44.87049818351971], [-92.76855478864624, 44.87049150326717], [-92.76856648740619, 44.87048055116559], [-92.7685748282636, 44.870473108217254], [-92.76858335058071, 44.870465769676805], [-92.76859205345917, 44.87045853745419], [-92.76860368843872, 44.870449253341725], [-92.76863123258198, 44.8704273924119], [-92.76867025988949, 44.87039504919614], [-92.76868544321441, 44.87038190894385], [-92.76870095262781, 44.87036798625759], [-92.76871634256524, 44.87035415970065], [-92.76873219333844, 44.87034042163348], [-92.7687350418962, 44.87033803932406], [-92.76873794794615, 44.870335691393166], [-92.76874091148828, 44.870333381660586], [-92.76874393252258, 44.870331108216504], [-92.76874700745579, 44.87032887297075], [-92.76875013808457, 44.870326675923344], [-92.76875332081562, 44.87032451707429], [-92.76875655654726, 44.87032240024344], [-92.7687598434829, 44.87032032224765], [-92.76876318162248, 44.87031828627009], [-92.76876656827112, 44.87031629103745], [-92.76877000432705, 44.87031433845966], [-92.76877348709542, 44.8703124298101], [-92.76877701567784, 44.87031056381538], [-92.76878059007437, 44.870308741112176], [-92.76878420938665, 44.870306964883724], [-92.76878787091974, 44.87030523258344], [-92.76879427321278, 44.87030235751239], [-92.76879797247511, 44.87030072070813], [-92.76880163041496, 44.8702990367924], [-92.76880524523567, 44.870297308948395], [-92.76880881873386, 44.87029553526616], [-92.7688123473163, 44.8702937189289], [-92.76881583008466, 44.87029185866336], [-92.76881926883556, 44.87028995446946], [-92.76882265817913, 44.8702880088939], [-92.76882599991198, 44.87028602066325], [-92.76882929313582, 44.87028399232415], [-92.76883253605399, 44.87028192260332], [-92.76883572686988, 44.87027981404724], [-92.76883886558348, 44.87027766538271], [-92.7688419512965, 44.870275477882984], [-92.76884498221224, 44.870273253457974], [-92.7688479583308, 44.8702709901977], [-92.76885087965209, 44.870268691922135], [-92.76885602071046, 44.87026443852037], [-92.76887683377728, 44.87024634389279], [-92.76891025559742, 44.87021587548614], [-92.76894102559086, 44.8701874914305], [-92.76897703006745, 44.87015553197549], [-92.76900984552476, 44.87012723065366], [-92.76904298796886, 44.87009912158419], [-92.76906624535158, 44.87007932706639], [-92.76908917574752, 44.8700593402753], [-92.7691041919858, 44.87004585361209], [-92.76911887584744, 44.87003218359225], [-92.7691332210442, 44.870018332125525], [-92.76914880142449, 44.87000269359468], [-92.7691536271742, 44.869997654554055], [-92.7691583289564, 44.86999255630507], [-92.76916290587278, 44.869987400757566], [-92.76916735522838, 44.869982188548306], [-92.76917167432825, 44.86997692222372], [-92.76917957770613, 44.869966700892455], [-92.76919288624705, 44.869948482025436], [-92.76920583815684, 44.86993013264044], [-92.76922267617852, 44.869906183952956], [-92.76923987083137, 44.86988236258467], [-92.7692641235474, 44.869849437168185], [-92.7692886502496, 44.869816614232874], [-92.76930124103663, 44.86979965014893], [-92.76931355783749, 44.86978258419647], [-92.76932155913174, 44.869771091446744], [-92.76932929093138, 44.86975947773172], [-92.76935674344647, 44.86971702799823], [-92.7693839102973, 44.86967448528285], [-92.76940697544052, 44.869637659639224], [-92.76942954201878, 44.8696006786297], [-92.76944482415837, 44.86957480776144], [-92.76945960144481, 44.86954878981557], [-92.76946427088767, 44.86954018231481], [-92.7694687292264, 44.869531518787596], [-92.76947476051524, 44.86951897615229], [-92.76949599579024, 44.869472176646966], [-92.76951659236306, 44.86942523385719], [-92.76952893701171, 44.86939569898307], [-92.76954785104, 44.869346265549666], [-92.76954910059656, 44.86934267165092], [-92.76955026211823, 44.869339061835674], [-92.769551335605, 44.86933543737724], [-92.76955231926024, 44.86933180082218], [-92.76955321308392, 44.869328153443774], [-92.76955401797443, 44.869324493332165], [-92.76955517141126, 44.86931830571202], [-92.76955560709416, 44.86931545096449], [-92.76955597360681, 44.86931259112366], [-92.76955627005086, 44.86930972746276], [-92.7695564964263, 44.86930685998179], [-92.76955665093652, 44.86930399059073], [-92.76955673537816, 44.86930111928959], [-92.76955675064953, 44.869298247988304], [-92.76955669405567, 44.86929537605021], [-92.76955656739321, 44.86929250602192], [-92.76955637066216, 44.86928963726676], [-92.7695559619287, 44.86928550348337], [-92.7695553852103, 44.86927996333453], [-92.76955494413748, 44.869274417455266], [-92.76955463781198, 44.869268865845605], [-92.7695544689287, 44.869263312962126], [-92.76955443658936, 44.86925775753146], [-92.76955454079392, 44.86925220337358], [-92.76955478064411, 44.8692466504885], [-92.76955525854784, 44.8692398758661], [-92.76955741360621, 44.86921784321719], [-92.7695617857067, 44.86918401719258], [-92.76956394705327, 44.869168118043724], [-92.76956707678372, 44.869136497995925], [-92.76956762026447, 44.86912777074251], [-92.7695679499462, 44.869119039031204], [-92.76956799306531, 44.86910286482971], [-92.76956790772536, 44.86909191055391], [-92.76956809187999, 44.86908095627607], [-92.76956882849854, 44.869065198436076], [-92.76956918512968, 44.869060556586014], [-92.76956965494858, 44.869055919192135], [-92.76957023795521, 44.86905128816439], [-92.76957093594619, 44.86904666541284], [-92.76957174622656, 44.86904205221072], [-92.76957353836555, 44.86903357005523], [-92.76957485349912, 44.86902824825485], [-92.76957629888842, 44.8690229423704], [-92.76957787543175, 44.8690176568584], [-92.76957958043415, 44.869012391082215], [-92.76958141479398, 44.8690071475885], [-92.76958409087518, 44.86900011254582], [-92.76958562699433, 44.8689963823812], [-92.76958725384331, 44.86899267258933], [-92.76958897052383, 44.8689889831702], [-92.76959077883248, 44.86898531539712], [-92.76959267607437, 44.86898166990671], [-92.76959466314779, 44.86897804988234], [-92.76959673825607, 44.86897445468732], [-92.7695989022976, 44.8689708849583], [-92.76960115257738, 44.868967343878595], [-92.76960462995585, 44.86896217041292], [-92.76960851786441, 44.8689566964452], [-92.7696125387236, 44.86895127213608], [-92.76961669073685, 44.86894589812231], [-92.76962097570078, 44.868940575677215], [-92.76962539002207, 44.868935307983975], [-92.76962993459908, 44.86893009567946], [-92.76963460314361, 44.868924940673445], [-92.76964103597936, 44.86891814882345], [-92.76965193164547, 44.86890713530343], [-92.76966309680611, 44.868896258662524], [-92.76968520973516, 44.86887582771081], [-92.76969250495358, 44.86886919629253], [-92.76969963847525, 44.868862475741565], [-92.76970660491028, 44.86885566796775], [-92.76971971222859, 44.86884213963978], [-92.76973497460526, 44.86882561010565], [-92.7697499935385, 44.868808967878365], [-92.7697640288165, 44.868793428974186], [-92.76977830753795, 44.868778002117615], [-92.76978827254938, 44.86876755774309], [-92.76979848459753, 44.868757233058446], [-92.76980920060056, 44.86874677085376], [-92.7698201582504, 44.86873643406881], [-92.76982165035209, 44.86873507416648], [-92.76982317569144, 44.86873373336381], [-92.76982473516676, 44.86873241166091], [-92.76982632608313, 44.86873110905772], [-92.76982794754223, 44.868729826827526], [-92.76982960134066, 44.86872856433378], [-92.76983128658014, 44.86872732284971], [-92.7698330005657, 44.86872610301199], [-92.76983474509397, 44.868724904183985], [-92.76983651836836, 44.86872372763902], [-92.7698383203888, 44.868722572740396], [-92.76984159834127, 44.86872057299586], [-92.76984396180879, 44.86871919972329], [-92.76984635941228, 44.86871785573695], [-92.76984879115177, 44.868716541036896], [-92.76985125253563, 44.868715258169765], [-92.76985374625889, 44.86871400458893], [-92.76985627052483, 44.868712782840966], [-92.76985882353685, 44.868711593562544], [-92.7698614061933, 44.86871043484376], [-92.76986401669751, 44.86870930859449], [-92.76986665415119, 44.86870821545153], [-92.76987035610847, 44.868706753683064], [-92.769872702508, 44.86870587191073], [-92.76987506956876, 44.86870501942465], [-92.7698774572908, 44.8687041962249], [-92.76987986567407, 44.868703403584746], [-92.76988229202367, 44.86870264023086], [-92.76988473813617, 44.868701906799956], [-92.76988720131668, 44.86870120456528], [-92.76988968156519, 44.86870053225359], [-92.76989217708504, 44.868699891138185], [-92.76989468787626, 44.868699281219065], [-92.76989721393885, 44.86869870313284], [-92.76989975347614, 44.86869815560628], [-92.76990230648819, 44.86869764054926], [-92.76990487117833, 44.868697156688555], [-92.76990991432032, 44.868696303565685], [-92.76991286618436, 44.8686958222516], [-92.76991580637028, 44.86869530528464], [-92.76991873397978, 44.86869475075478], [-92.76992164721625, 44.86869416057198], [-92.76992454428304, 44.86869353409967], [-92.76992742697679, 44.868692872611085], [-92.76993029170424, 44.868692174832944], [-92.769933140262, 44.868691441401914], [-92.76993596995514, 44.86869067295459], [-92.76993878078368, 44.86868986949106], [-92.76994157005262, 44.86868903164791], [-92.76994433955865, 44.868688158151826], [-92.76994708660678, 44.868687252186184], [-92.76995231480174, 44.86868540842185], [-92.76998068090346, 44.86867490800453], [-92.77000895897028, 44.868664287256706], [-92.77003086798176, 44.868655922827514], [-92.77005268626338, 44.868647438068486], [-92.77007501927966, 44.86863862670186], [-92.77009729480375, 44.868629743391374], [-92.77013273513833, 44.86861548667157], [-92.77016811618412, 44.86860115673235], [-92.7701966673388, 44.86858931867693], [-92.7702249256427, 44.868577127909404], [-92.77027243753808, 44.868555522842634], [-92.77029200104833, 44.868546155657356], [-92.77031133189493, 44.86853654844947], [-92.77033042289133, 44.86852670249224], [-92.77035651445877, 44.86851264756837], [-92.77036512750573, 44.86850780321556], [-92.77037361928011, 44.86850285381325], [-92.77038198978192, 44.86849779936146], [-92.77039773365559, 44.86848778850237], [-92.77040200963633, 44.868484927347076], [-92.77040621465018, 44.86848201271209], [-92.7704103469005, 44.86847904714405], [-92.77041440638726, 44.86847603000633], [-92.77041839041554, 44.86847296384549], [-92.7704251232886, 44.868467528030905], [-92.77043297905576, 44.86846086982583], [-92.77044067132952, 44.868454115484084], [-92.77044819651667, 44.86844726755232], [-92.77045744557083, 44.8684384988114], [-92.77047725252453, 44.86841892655415], [-92.77050714486393, 44.868387954853596], [-92.77054794814076, 44.86834383732554], [-92.77058798964623, 44.86829936896223], [-92.77060698182798, 44.86827757279215], [-92.77063270957771, 44.86824661183887], [-92.77066110981542, 44.86821105542681], [-92.77068901328478, 44.86817530099008], [-92.770709673638, 44.86814809694154], [-92.77072983093466, 44.86812070124393], [-92.77076216220004, 44.86807572910562], [-92.77079412156291, 44.86803062195897], [-92.770809231226, 44.868008805313835], [-92.77082396359664, 44.86798685941704], [-92.77083671428379, 44.867967524482964], [-92.77084942005517, 44.86794817617239], [-92.77087686897698, 44.86790633312058], [-92.77090436011962, 44.86786450468173], [-92.7709417740529, 44.86780795197794], [-92.77097953293924, 44.86775151509242], [-92.77100241392783, 44.86771719351371], [-92.77102494906505, 44.86768275540389], [-92.77102831056085, 44.867677451305404], [-92.77103153910598, 44.86767210645951], [-92.77103463649709, 44.86766672213961], [-92.77103760183584, 44.867661300255634], [-92.77104043332561, 44.86765584208091], [-92.77104500395377, 44.86764634104842], [-92.77106100205066, 44.86761031312913], [-92.77108528980101, 44.86755088242042], [-92.77109403040872, 44.86752749810755], [-92.77110219609465, 44.8675040074609], [-92.77111227519215, 44.86747223624426], [-92.77111679192139, 44.86745779587605], [-92.77112166168854, 44.86744341344146], [-92.77112688449361, 44.86742909403387], [-92.77113407999903, 44.867410867360235], [-92.77114834434744, 44.86737702117346], [-92.77116321595695, 44.86734330866831], [-92.77118103224399, 44.867304545406824], [-92.77119944860563, 44.867265925371086], [-92.77121578626569, 44.86723320665059], [-92.77124242580545, 44.867183378531124], [-92.77125279505879, 44.86716425534022], [-92.77126269089995, 44.86714500671771], [-92.77127485049563, 44.86711980134581], [-92.7712879137965, 44.86709084148103], [-92.77131074717437, 44.86703544231298], [-92.77132148743192, 44.86700860126857], [-92.77133288615455, 44.866981898370746], [-92.77134525685433, 44.86695466128761], [-92.7713564983718, 44.866930699901886], [-92.7713677830084, 44.86690674869307], [-92.77138000548617, 44.866880812946135], [-92.77139218304815, 44.866854867000626], [-92.7714155311607, 44.86680470429675], [-92.77143860798202, 44.86675447915453], [-92.77145894134848, 44.8667102667824], [-92.77147954510784, 44.86666611677108], [-92.77148688075044, 44.86665094911043], [-92.77149458829558, 44.866635875674646], [-92.77150266504832, 44.866620899647216], [-92.77151110741535, 44.86660602675837], [-92.77152091252668, 44.86658963155872], [-92.77152772175653, 44.86657827569478], [-92.77153425071202, 44.86656683642321], [-92.77154049849482, 44.86655531883748], [-92.77154646240999, 44.86654372484746], [-92.771556614271, 44.866522369870495], [-92.7715709720442, 44.866490455495], [-92.77158528849489, 44.86645853218823], [-92.77160612761284, 44.86641203452952], [-92.77162701074825, 44.86636554702025], [-92.77165055559185, 44.86631323189406], [-92.77167413636808, 44.866260924360546], [-92.77168830280009, 44.86622948226118], [-92.77170243329951, 44.866198033141075], [-92.77171155299627, 44.86617707851185], [-92.77172015795838, 44.86615601436485], [-92.77173128538982, 44.86612648481676], [-92.7717475242352, 44.86608278576932], [-92.77177139965882, 44.866023517749134], [-92.77178225669734, 44.86599802792299], [-92.77179334639952, 44.865972589657346], [-92.77180739964383, 44.86594100096198], [-92.77182168285685, 44.865909465094475], [-92.77183570555843, 44.865879573143346], [-92.77185038223354, 44.86584984034924], [-92.7718626280675, 44.8658262815288], [-92.77187697865416, 44.865800167658236], [-92.77188268834611, 44.865790318049484], [-92.77188863968486, 44.865780540385124], [-92.77189482997548, 44.865770837212004], [-92.77190125652304, 44.86576121426033], [-92.7719117991512, 44.865746298491025], [-92.771923688354, 44.86572968529797], [-92.77193516702668, 44.86571292629764], [-92.77194623247436, 44.86569602722018], [-92.77195904334862, 44.86567543659619], [-92.77197711835045, 44.86564510074877], [-92.77199474868621, 44.86561463245322], [-92.77202486380781, 44.86556134632366], [-92.77205452977176, 44.86550793344263], [-92.7720715070323, 44.86547628655306], [-92.77208770365687, 44.865444433993694], [-92.77210311605221, 44.865412384677846], [-92.77212982027065, 44.865351957180984], [-92.77213625580136, 44.86533699737367], [-92.772143058743, 44.865322120332905], [-92.77215022460402, 44.86530733051573], [-92.77215775068947, 44.86529263110564], [-92.77216563789767, 44.86527802719634], [-92.77217388353365, 44.86526352388138], [-92.77218396712273, 44.86524670680592], [-92.77220418191156, 44.865214689851584], [-92.77223675302713, 44.86516601304474], [-92.77226660045076, 44.86512193888951], [-92.77229952640087, 44.865070895394325], [-92.77233365339852, 44.86501640858279], [-92.77236762139435, 44.86496187205709], [-92.77238641145514, 44.864931470890184], [-92.77240504520908, 44.86490102004456], [-92.77243029415678, 44.86485905507788], [-92.77245503555633, 44.86481693854559], [-92.7724798892453, 44.86477360715461], [-92.77250423089457, 44.86473012928942], [-92.772519355829, 44.86470210608595], [-92.77253382678991, 44.864673909048875], [-92.77255203204747, 44.864636758033875], [-92.77256957883989, 44.86459944718215], [-92.77258408214016, 44.86456699181509], [-92.77260120043621, 44.864525896343935], [-92.77261212125512, 44.8644976457373], [-92.772626577843, 44.864456878120045], [-92.77263824426359, 44.86442095007745], [-92.77264914262462, 44.86438490103823], [-92.7726532676884, 44.864370086148675], [-92.77266014069863, 44.8643416266257], [-92.77266386421549, 44.86432428590762], [-92.77266750059576, 44.864306935633685], [-92.77267899004825, 44.86425121161211], [-92.7726903896692, 44.864195477986], [-92.77269644072094, 44.86416546480684], [-92.77270236331363, 44.86413543887783], [-92.7727074334051, 44.864109128133684], [-92.7727123768341, 44.864082804643395], [-92.77271301373963, 44.864079119366515], [-92.7727135599153, 44.86407542772229], [-92.77271401536117, 44.86407173034744], [-92.77271438007719, 44.864068027242006], [-92.77271465406335, 44.864064319679336], [-92.77271483642134, 44.864060609569584], [-92.7727149289478, 44.86405689882288], [-92.77271492984613, 44.864053186802494], [-92.77271483821796, 44.86404947478191], [-92.77271465765659, 44.86404576530793], [-92.77271432617826, 44.86404138028399], [-92.772713758443, 44.864035861278595], [-92.77271305685876, 44.86403034991313], [-92.77271222052725, 44.86402484746114], [-92.77271124855011, 44.86401935646937], [-92.77271014182566, 44.864013878848034], [-92.77270890125227, 44.86400841523377], [-92.77270752593155, 44.864002968810226], [-92.77270601855851, 44.86399754021405], [-92.77270411233347, 44.863991297900824], [-92.77270260136717, 44.863986763245705], [-92.77270097900976, 44.863982247691595], [-92.7726992470579, 44.86397775378525], [-92.77269740461325, 44.863973280890036], [-92.77269545347245, 44.86396883282626], [-92.7726933927372, 44.86396440895708], [-92.7726896485591, 44.86395696389275], [-92.77268585497366, 44.863949942877156], [-92.77268188801335, 44.86394297088753], [-92.77267775127147, 44.86393604856053], [-92.772673444748, 44.86392917844308], [-92.7726689720362, 44.863922363718665], [-92.77266406364147, 44.86391522363379], [-92.77265632645194, 44.863904462567874], [-92.77264832605603, 44.863893800190304], [-92.77264006694529, 44.86388323777454], [-92.7726233457046, 44.863863090290586], [-92.77260659392118, 44.86384403730843], [-92.77258937591213, 44.86382519570857], [-92.77256052382184, 44.86379514604373], [-92.7725457573152, 44.86378049654785], [-92.77253063148245, 44.863766032968556], [-92.77251515440842, 44.863751759126295], [-92.77249586937589, 44.8637346671856], [-92.77247451103169, 44.86371646990444], [-92.77245270891976, 44.86369854067419], [-92.77241519168022, 44.86366910537265], [-92.7724118400659, 44.86366659671766], [-92.77240842916277, 44.86366413008575], [-92.77240495627588, 44.86366170675026], [-92.77240142589682, 44.86365932543787], [-92.77239783802557, 44.86365698996881], [-92.77239419266215, 44.86365469843299], [-92.77239049160319, 44.8636524527405], [-92.77238673574696, 44.86365025352812], [-92.77238292689017, 44.86364810079581], [-92.77237906503275, 44.86364599581702], [-92.77237515286969, 44.86364393859182], [-92.7723711912993, 44.86364193103022], [-92.77236718032155, 44.86363997313235], [-92.7723631217331, 44.863638064898105], [-92.77235901733056, 44.86363620696431], [-92.77235486801226, 44.863634401241086], [-92.77235067557484, 44.863632646454974], [-92.77234409272043, 44.86363003083028], [-92.77234220176676, 44.863629287784], [-92.7723403296777, 44.863628521179294], [-92.77233847645329, 44.8636277322895], [-92.77233664299179, 44.863626920478005], [-92.77233483019155, 44.8636260844713], [-92.77233303805255, 44.86362522745301], [-92.77233126657481, 44.86362434878641], [-92.77232951755495, 44.86362344719806], [-92.77232779009466, 44.863622524598064], [-92.77232608688888, 44.86362158034977], [-92.77232440703929, 44.863620615089836], [-92.77232274964759, 44.863619629455044], [-92.77232111740872, 44.86361862344534], [-92.77231951032269, 44.863617597060724], [-92.77231792838948, 44.86361655093792], [-92.77231637340572, 44.86361548507698], [-92.77231484267645, 44.86361440011453], [-92.77231334159163, 44.863613297324015], [-92.77231186476129, 44.86361217543209], [-92.77231041847368, 44.86361103507537], [-92.77230899913553, 44.86360987689059], [-92.77230760764516, 44.86360870151447], [-92.7723062457992, 44.86360750894707], [-92.77230491359762, 44.863606299825], [-92.7723036128371, 44.86360507414837], [-92.77230233902603, 44.863603832553785], [-92.77229989291351, 44.86360130861476], [-92.77229776660124, 44.86359898587767], [-92.77229569598451, 44.8635966383086], [-92.77229368375826, 44.86359426399737], [-92.77229172992251, 44.8635918661276], [-92.77228983627391, 44.86358944278906], [-92.77228800101577, 44.86358699843889], [-92.77228463862167, 44.86358222689377], [-92.77227683675342, 44.86357041391152], [-92.77226932683764, 44.86355850605626], [-92.77225757687374, 44.86353865835185], [-92.77225207648925, 44.86352873195021], [-92.7722468195482, 44.86351873805495], [-92.77224181054218, 44.863508680486355], [-92.77223525823051, 44.86349460205216], [-92.77223271240499, 44.863488721976125], [-92.77223031030991, 44.863482811337065], [-92.77222805374191, 44.863476871408395], [-92.77222594449763, 44.86347090473704], [-92.77222254796753, 44.86346020980665], [-92.77222193441821, 44.86345803669227], [-92.77222137566609, 44.863455856573964], [-92.77222086991459, 44.863453669451665], [-92.77222041896033, 44.863451475962144], [-92.77222002010835, 44.863449278015494], [-92.7722196769519, 44.86344707433836], [-92.77221938679605, 44.86344486811423], [-92.77221915143745, 44.863442657433005], [-92.77221896997776, 44.86344044547825], [-92.772218842417, 44.86343823033986], [-92.77221876965346, 44.86343601456461], [-92.77221875258546, 44.863433798152606], [-92.77221878761978, 44.86343158174051], [-92.7722188783496, 44.86342936660173], [-92.77221902297836, 44.86342715273632], [-92.77221922240437, 44.863424940781016], [-92.77221947572926, 44.863422731372445], [-92.77221978385143, 44.86342052578411], [-92.77222029589115, 44.86341748927972], [-92.77222088069438, 44.86341454955618], [-92.77222153736285, 44.86341161747308], [-92.77222226499825, 44.86340869430389], [-92.77222306539716, 44.863405780048595], [-92.77222393586466, 44.86340287661735], [-92.77222487909572, 44.86339998337341], [-92.77222589149703, 44.86339710350044], [-92.77222697576359, 44.86339423636165], [-92.7722281283021, 44.8633913832305], [-92.77222935270582, 44.86338854474372], [-92.77223064538151, 44.86338572090133], [-92.77223200812581, 44.86338291488684], [-92.77223343824373, 44.863380125426886], [-92.77223493753195, 44.863377354431634], [-92.77223650329547, 44.8633746031745], [-92.77223936353134, 44.863369905471046], [-92.77224112333099, 44.86336719050646], [-92.77224295140259, 44.86336449846356], [-92.77224484505122, 44.86336182934242], [-92.77224680337854, 44.8633591837797], [-92.77224882638455, 44.86335656368558], [-92.77225091227264, 44.863353968423326], [-92.77225306373774, 44.86335140053981], [-92.7722552762883, 44.86334885876165], [-92.77225755172091, 44.863346344362235], [-92.77225988734064, 44.86334385988849], [-92.77226228494415, 44.863341403430184], [-92.77226474183644, 44.863338978171015], [-92.77226725801755, 44.86333658347416], [-92.77226983258916, 44.86333421997645], [-92.77227246465294, 44.86333188958793], [-92.7722760543208, 44.863328839707805], [-92.7722784043136, 44.86332685442036], [-92.77228070489905, 44.86332484111723], [-92.77228295787377, 44.86332279852504], [-92.7722851578479, 44.863320728553894], [-92.7722873084147, 44.86331863184047], [-92.77228940598089, 44.86331650838483], [-92.77229145234311, 44.86331435946032], [-92.7722934448064, 44.86331218506704], [-92.7722953842691, 44.863309986478384], [-92.77229726803625, 44.86330776496778], [-92.77229909790448, 44.86330551926176], [-92.77230087297548, 44.86330325190723], [-92.77230259235094, 44.863300962904205], [-92.77230425333589, 44.86329865288934], [-92.77230585862532, 44.863296321862705], [-92.77230740732087, 44.86329397173438], [-92.77230967107538, 44.86329032461015], [-92.77231411863436, 44.86328271454844], [-92.77231837664878, 44.86327504972793], [-92.77232244601703, 44.8632673333322], [-92.77232869200319, 44.863254610413854], [-92.77233194570117, 44.86324786182841], [-92.7723353628925, 44.86324115590236], [-92.77233894627217, 44.86323449327242], [-92.77234652805316, 44.86322142078789], [-92.77235066210011, 44.86321478935492], [-92.77235495694548, 44.863208211405635], [-92.77235941348759, 44.86320168694005], [-92.77236856372708, 44.86318912382387], [-92.77236964889194, 44.86318772495053], [-92.77237076729448, 44.86318633881158], [-92.7723719207313, 44.863184966680436], [-92.77237310650749, 44.86318360792032], [-92.77237432552131, 44.863182265714926], [-92.77237557867113, 44.8631809387908], [-92.772376863262, 44.863179627147886], [-92.7723781801922, 44.86317833142294], [-92.77237952856345, 44.8631770528894], [-92.77238198994732, 44.86317483455726], [-92.77238321884263, 44.86317380880147], [-92.77238449624697, 44.86317281360821], [-92.77238582216032, 44.863171850887674], [-92.77238719568439, 44.86317092191324], [-92.77238861142929, 44.863170027958404], [-92.77239007298824, 44.86316916965987], [-92.77239119318742, 44.863168548221175], [-92.77239233943772, 44.863167950341136], [-92.77239389891304, 44.86316718564038], [-92.7723954952193, 44.8631664604163], [-92.77239688760801, 44.86316587017687], [-92.77240092284026, 44.863164254818145], [-92.77240499759837, 44.86316269039698], [-92.77240911008575, 44.86316117627672], [-92.77241325760743, 44.86315971373071], [-92.77241744196003, 44.86315830212223], [-92.77242165955028, 44.8631569427248], [-92.77242590947988, 44.86315563681184], [-92.77243019264716, 44.863154383109915], [-92.7724368895876, 44.86315254553551], [-92.77243941026029, 44.863151899264565], [-92.77244194530601, 44.86315128546632], [-92.7724444947248, 44.863150701593895], [-92.7724470585166, 44.863150150830954], [-92.77244963488485, 44.863149631903994], [-92.7724522238295, 44.86314914417632], [-92.77245482445225, 44.86314868955808], [-92.7724574367531, 44.86314826677587], [-92.77246005713877, 44.86314787582969], [-92.77246268740592, 44.86314751862962], [-92.77246532665623, 44.86314719390231], [-92.77246797309306, 44.863146901011035], [-92.7724706267164, 44.86314664250261], [-92.77247328572965, 44.86314641583022], [-92.77247595013279, 44.86314622226726], [-92.77247862082413, 44.86314606245048], [-92.77248208203291, 44.86314590454384], [-92.77248403676697, 44.86314581858663], [-92.77248598790777, 44.86314570843401], [-92.77248793725194, 44.8631455753595], [-92.77248988210452, 44.863145416816145], [-92.77249182426216, 44.86314523471415], [-92.77249376013161, 44.86314502841681], [-92.77249569061117, 44.86314479728733], [-92.77249761659911, 44.863144543235975], [-92.77249953450224, 44.86314426435247], [-92.77250144611718, 44.86314396318382], [-92.77250334964725, 44.86314363718303], [-92.77250524599083, 44.86314328762362], [-92.7725071315546, 44.86314291450554], [-92.77250900813523, 44.86314251846551], [-92.7725108748344, 44.86314209950359], [-92.77251273255041, 44.863141657619735], [-92.77251457768999, 44.86314119154047], [-92.77251641115149, 44.86314070381272], [-92.77251823293489, 44.86314019252631], [-92.77252050387594, 44.86313951823953], [-92.77252492628207, 44.8631381327361], [-92.77252931365392, 44.86313669183798], [-92.77253366509316, 44.86313519681863], [-92.77253797970145, 44.863133647678], [-92.7725422547839, 44.86313204505281], [-92.77254649123877, 44.86313039085319], [-92.77255068547285, 44.86312868380575], [-92.7725555022394, 44.86312663611283], [-92.77255674191449, 44.863126086623076], [-92.77255796631822, 44.86312552248874], [-92.77255917724722, 44.86312494243639], [-92.77256037290486, 44.86312434837619], [-92.77256155418945, 44.86312373903468], [-92.77256272020271, 44.86312311568535], [-92.7725638709446, 44.86312247769138], [-92.7725650064151, 44.86312182505288], [-92.77256612481762, 44.8631211584065], [-92.77256722615218, 44.863120478389014], [-92.77256831221534, 44.86311978500034], [-92.77256938121054, 44.863119077603876], [-92.77257043134111, 44.86311835683621], [-92.7725723591257, 44.86311696751198], [-92.77258227652644, 44.86310945102531], [-92.77259200617928, 44.86310181101383], [-92.77260742216788, 44.86308913708639], [-92.7726554784423, 44.863048017001546], [-92.772702891523, 44.8630065218582], [-92.77275511059048, 44.86296017422456], [-92.7728071562831, 44.86291372786156], [-92.77283896293235, 44.86288539241633], [-92.7728709438548, 44.8628571556493], [-92.77290675968517, 44.86282617331553], [-92.77294325374358, 44.86279559337478], [-92.77298358091332, 44.862761852717476], [-92.77302323075332, 44.86272770772015], [-92.77303854253735, 44.86271408753701], [-92.77305351835143, 44.862700280153454], [-92.77308228959336, 44.86267227251679], [-92.77308646675944, 44.86266797461965], [-92.77309053882263, 44.86266362578417], [-92.77309450218965, 44.86265922728378], [-92.77309835775884, 44.86265477911842], [-92.77310210283528, 44.8626502851085], [-92.77310573741892, 44.8626457452539], [-92.77311026582626, 44.86263981669998], [-92.77311726370232, 44.86263020150237], [-92.77312992455794, 44.86261166831742], [-92.77315300587085, 44.862575931414696], [-92.77317557694067, 44.86254003085094], [-92.7732004279347, 44.862499630512566], [-92.77322493487397, 44.862459123175555], [-92.77323392700995, 44.86244379267747], [-92.77324257329457, 44.86242836284573], [-92.77324829376629, 44.86241763333827], [-92.7732537483367, 44.86240683442546], [-92.7732622589757, 44.862388671744675], [-92.77328249801906, 44.86234216825171], [-92.77330183066229, 44.862295469881914], [-92.77330503674952, 44.86228730255024], [-92.77330808114003, 44.86227910401759], [-92.77333438201491, 44.86220591633495], [-92.77336051939642, 44.86213269926965], [-92.77336698097825, 44.86211384437504], [-92.77337297992773, 44.86209491242977], [-92.77337851354989, 44.862075909164254], [-92.77338597405831, 44.86204712504701], [-92.77339655351741, 44.862000939644645], [-92.77340613404992, 44.8619546453238], [-92.77337150758899, 44.8619548471683], [-92.77109949755553, 44.86196811860126], [-92.76600931167738, 44.861997686576174], [-92.7659379899354, 44.86199807816691], [-92.76593761803286, 44.86200718090019], [-92.76593730182589, 44.86201634730533], [-92.76593703233131, 44.86202551625589], [-92.76593681404069, 44.862034685204996], [-92.76593664336079, 44.862043854152645], [-92.76593652298654, 44.86205302437231], [-92.76593644932467, 44.86206219331707], [-92.7659364268668, 44.862071363533815], [-92.76593645381627, 44.86208053374906], [-92.76593652927474, 44.86208970332614], [-92.76593665324225, 44.86209887290181], [-92.76593682661711, 44.862108042475974], [-92.76593704939928, 44.86211721077519], [-92.76593732158884, 44.86212637843625], [-92.76593764228738, 44.862135545459104], [-92.76593801239328, 44.86214471184377], [-92.76593843190652, 44.86215387759027], [-92.76593889992877, 44.862163040788346], [-92.76593941735838, 44.86217220334827], [-92.765939983297, 44.862181365269954], [-92.7659405995413, 44.86219052400655], [-92.7659412642946, 44.862199682105015], [-92.76594197845526, 44.86220883765505], [-92.7659427402266, 44.86221799193014], [-92.76594355230363, 44.8622271436569], [-92.76594441378799, 44.862236293471994], [-92.76594532288306, 44.86224544010197], [-92.7659462831821, 44.86225458482032], [-92.76594728929523, 44.862263735267796], [-92.76594591038126, 44.86227375612355], [-92.76594452248415, 44.862283785255094], [-92.76594312740049, 44.862293813748096], [-92.76594169638425, 44.86230384032923], [-92.76594026626633, 44.86231386563509], [-92.76593843549978, 44.86232386547007], [-92.76593690566885, 44.862333884405174], [-92.76593536146487, 44.862343901428375], [-92.76593380378617, 44.862353917813095], [-92.76593222903948, 44.86236393419606], [-92.76593063902142, 44.86237394803034], [-92.76592903463033, 44.86238396122618], [-92.7659274167645, 44.86239397314684], [-92.76592578183067, 44.86240398442902], [-92.76592413252382, 44.86241399316251], [-92.76592246704729, 44.86242400062083], [-92.7659207871977, 44.86243400871414], [-92.76591909297507, 44.86244401425882], [-92.76591738437942, 44.86245401725484], [-92.76591565961407, 44.86246402088581], [-92.76591391957736, 44.86247402196819], [-92.7659121642693, 44.86248402241205], [-92.7659103954865, 44.86249402158074], [-92.76590861053403, 44.86250401947426], [-92.76590680851356, 44.86251401481909], [-92.7659049939167, 44.86252401016224], [-92.76590316404845, 44.862534004866866], [-92.76590131801055, 44.862543995749434], [-92.76589945400633, 44.862553996181184], [-92.76589798615915, 44.862557536382], [-92.76589650304064, 44.86256108422331], [-92.7658950145322, 44.862564629517486], [-92.76589351614231, 44.862568174174726], [-92.76589200966758, 44.862571716284826], [-92.76589142127106, 44.8625730935244], [-92.76589047085349, 44.86257525202745], [-92.76588890508997, 44.86257878140262], [-92.7658873321399, 44.86258230823062], [-92.76588575110499, 44.862585835058454], [-92.76588416198526, 44.862589359339125], [-92.76588272737574, 44.86259251177144], [-92.76588090738899, 44.862596390071545], [-92.7658792508956, 44.86259989779669], [-92.76587758721568, 44.86260340488493], [-92.76587591455264, 44.862606908789274], [-92.76587406851472, 44.862610755888866], [-92.76587251173433, 44.862613903226176], [-92.76587077259595, 44.862617391848474], [-92.76586902537271, 44.86262087792367], [-92.76586727186128, 44.86262436208849], [-92.76586550846837, 44.86262784370614], [-92.76586446821929, 44.862629888869904], [-92.76586371632938, 44.862631318319636], [-92.76586188825779, 44.86263478338205], [-92.76586005120302, 44.86263824653404], [-92.76585820606344, 44.862641706502245], [-92.76585635373733, 44.862645165196724], [-92.76585449332637, 44.862648620707404], [-92.76585262483057, 44.86265207558119], [-92.76585074735164, 44.86265552918124], [-92.76584758258687, 44.862661156562346], [-92.76584440794068, 44.86266678457965], [-92.76584122431132, 44.862672410686244], [-92.76583803529205, 44.86267803424533], [-92.76583483818794, 44.862683654620234], [-92.7658316321007, 44.862689274357905], [-92.76582841792862, 44.86269489027466], [-92.76582519746832, 44.86270050555418], [-92.76582245940334, 44.862705263801125], [-92.7658219581434, 44.862706114465844], [-92.76581865324147, 44.86271170427526], [-92.7658153393564, 44.8627172915372], [-92.76581201828479, 44.862722877525165], [-92.76580869002666, 44.86272845969222], [-92.76580535368369, 44.86273403994858], [-92.76580200925589, 44.86273961765745], [-92.76579865764157, 44.86274519345568], [-92.76579529794239, 44.86275076670642], [-92.7657929533395, 44.86275464435913], [-92.76579190859883, 44.86275632976905], [-92.76578845547489, 44.86276187436614], [-92.76578499516441, 44.8627674170525], [-92.76578152676909, 44.8627729565547], [-92.76577805118727, 44.862778494146205], [-92.7657745684189, 44.86278402855355], [-92.76577107666739, 44.86278956041352], [-92.76576757862769, 44.862795090999434], [-92.76576407160482, 44.862800618401245], [-92.76576055829374, 44.8628061426189], [-92.76575703689782, 44.862811664925815], [-92.76575350562044, 44.86281718659552], [-92.76574978659517, 44.86282284070321], [-92.7657460567901, 44.86282849290019], [-92.76574231979852, 44.86283414318646], [-92.76573857562042, 44.86283978965181], [-92.76573482335749, 44.86284543547992], [-92.7657310630097, 44.862851077487115], [-92.76572729637371, 44.86285671631009], [-92.76572351985625, 44.86286235322241], [-92.76571995803614, 44.86286765012392], [-92.76571586800667, 44.86287359266232], [-92.76571199986104, 44.8628791983735], [-92.76570812452891, 44.862884800263814], [-92.76570424111195, 44.862890399606705], [-92.76570034961013, 44.86289599767562], [-92.7656964509218, 44.862901591923645], [-92.76569254504695, 44.862907182987506], [-92.76568863018893, 44.862912772140625], [-92.76568567024007, 44.862916988518975], [-92.7656846901781, 44.86291835110569], [-92.76568068369193, 44.86292390714815], [-92.76567666822261, 44.86292945936977], [-92.76567264556677, 44.862935009680655], [-92.76566861572441, 44.86294055617069], [-92.76566457779721, 44.86294610075005], [-92.76566053268348, 44.86295164150852], [-92.76565647948492, 44.86295718099299], [-92.76565241820153, 44.862962716019894], [-92.7656483497316, 44.86296824977279], [-92.76564427497347, 44.862973778431446], [-92.76564019213049, 44.86297930263244], [-92.76563679829536, 44.8629838857578], [-92.76563341164673, 44.862988469519486], [-92.76563003577789, 44.862993053917585], [-92.76562666529895, 44.862997643409045], [-92.76562330290484, 44.86300223481033], [-92.76561994949388, 44.86300682939481], [-92.76561660237114, 44.863011426525865], [-92.76561541659495, 44.863013060353786], [-92.76561329926584, 44.86301603893784], [-92.76561002580495, 44.86302066153698], [-92.76560675683562, 44.86302528795615], [-92.76560349864609, 44.86302991628503], [-92.76560024674475, 44.863034548433895], [-92.76559700202996, 44.86303918312927], [-92.7655937662983, 44.863043818461], [-92.7655914504415, 44.86304714787693], [-92.76559056021107, 44.86304846652681], [-92.76558742329408, 44.86305313751418], [-92.76558429536026, 44.86305781168477], [-92.76558117371465, 44.863062487765184], [-92.7655780610522, 44.863067167665506], [-92.76557495557626, 44.8630718494756], [-92.76557185728684, 44.863076533832256], [-92.76556876708226, 44.863081220735346], [-92.76556568406421, 44.863085910821724], [-92.7655626100293, 44.86309060345454], [-92.76555954407925, 44.86309529799717], [-92.76555648441739, 44.86309999572303], [-92.76555343463698, 44.86310469535866], [-92.76555039204314, 44.86310939817751], [-92.76554735573747, 44.86311410545299], [-92.76554245722423, 44.863121995693966], [-92.76553758476211, 44.86312989548472], [-92.76553273296128, 44.863137804825136], [-92.76552773653165, 44.86314599941515], [-92.76552319285294, 44.86315367062006], [-92.765518511732, 44.86316163025813], [-92.76551385306895, 44.86316959689899], [-92.76550921866038, 44.86317756990597], [-92.76550851078795, 44.86317879877536], [-92.76550470821935, 44.86318557920487], [-92.76550022203281, 44.86319359614327], [-92.76549575201597, 44.86320161626421], [-92.76549130355869, 44.86320964338788], [-92.7654902947506, 44.86321148350733], [-92.76548697906891, 44.86321770489334], [-92.76548269051173, 44.86322577594843], [-92.76547841632761, 44.863233850822674], [-92.76547416370308, 44.86324193078958], [-92.76547286024757, 44.86324443373261], [-92.76547002785951, 44.86325004131787], [-92.76546593693168, 44.86325816394269], [-92.76546185858028, 44.86326629038663], [-92.76545780358511, 44.86327442192318], [-92.76545627016093, 44.8632775310211], [-92.76545385638775, 44.86328258083753], [-92.76544996578426, 44.86329075184833], [-92.76544608685884, 44.863298926678304], [-92.76544222949302, 44.86330710787432], [-92.76544062150867, 44.8633105512476], [-92.7654384781284, 44.86331531262772], [-92.76543479593406, 44.86332353329794], [-92.7654311254178, 44.86333175715054], [-92.76542747196953, 44.86333998482233], [-92.76542385086064, 44.863348210582714], [-92.76542031329502, 44.86335627907264], [-92.76541675416988, 44.863364334827104], [-92.7654131698919, 44.86337238484994], [-92.76540959908866, 44.86338034764136], [-92.76540582796108, 44.863388445415765], [-92.76540207120655, 44.863396455322054], [-92.76539829019754, 44.863404460133495], [-92.76539456937563, 44.86341227774891], [-92.76539055300799, 44.863420426456244], [-92.76538659952243, 44.86342838924098], [-92.76538262178235, 44.86343634438407], [-92.76537876980642, 44.86344399581201], [-92.76537449202903, 44.86345221264354], [-92.76537034360904, 44.86346012384985], [-92.76536617183287, 44.86346802996134], [-92.76536214558375, 44.86347560179553], [-92.7653576513124, 44.863483793153875], [-92.765353307958, 44.86349165214512], [-92.76534894214572, 44.863499504131376], [-92.76534472545377, 44.86350703202802], [-92.76534003534967, 44.86351515843685], [-92.7653354997558, 44.86352296330292], [-92.76533094260236, 44.863530759253905], [-92.76532655882377, 44.86353819800624], [-92.76532161359815, 44.8635462887546], [-92.76531686600185, 44.86355402930816], [-92.76531210493087, 44.86356176540371], [-92.76530732858849, 44.86356949576772], [-92.76530253607645, 44.86357722103697], [-92.76529977196033, 44.863581526506806], [-92.76529700694589, 44.86358583197633], [-92.76529423923648, 44.86359013744548], [-92.76529146973047, 44.863594441004224], [-92.76528869932613, 44.86359874583605], [-92.76528592712516, 44.86360304875738], [-92.76528315222924, 44.8636073510417], [-92.76528037553672, 44.86361165396244], [-92.76527759794587, 44.86361595369922], [-92.76527481766004, 44.86362025470916], [-92.76527203378099, 44.86362455444531], [-92.76526924720697, 44.86362885354445], [-92.76526645614138, 44.863633150733136], [-92.76526366327916, 44.86363744728477], [-92.76526227089046, 44.86363958409959], [-92.76526084526412, 44.863641735558815], [-92.76525800479118, 44.86364601619191], [-92.76525516162332, 44.86365029682474], [-92.7652523157605, 44.86365457491035], [-92.76524946630443, 44.86365885299569], [-92.76524661595, 44.86366312980725], [-92.76524376200236, 44.86366740598179], [-92.76524090356311, 44.86367168088254], [-92.76523804422558, 44.86367595514631], [-92.76523518219308, 44.86368022813631], [-92.76523231656732, 44.86368450048932], [-92.76522944824661, 44.86368877220523], [-92.76522657723098, 44.86369304264747], [-92.76522370441869, 44.86369731245262], [-92.76522082711485, 44.863701580984056], [-92.76521626636814, 44.86370824992704], [-92.76521170202818, 44.863714917595864], [-92.7652071358916, 44.86372158462718], [-92.76520256616173, 44.86372825038428], [-92.76519799373695, 44.863734915503926], [-92.76519341771889, 44.86374157934936], [-92.76518884080252, 44.86374824319402], [-92.76518425939456, 44.863754904491046], [-92.7651796770883, 44.863761565787314], [-92.7651750911888, 44.86376822580941], [-92.7651705025943, 44.86377488519401], [-92.76516591040658, 44.86378154266767], [-92.76516131642221, 44.863788201413996], [-92.76515671884458, 44.863794856976], [-92.76515440029283, 44.86379821181701], [-92.76515209521581, 44.86380150425995], [-92.7651474455359, 44.86380814199242], [-92.76514279405937, 44.86381477908746], [-92.76513814348115, 44.863821415545004], [-92.76513348930966, 44.86382805327519], [-92.76512883513819, 44.863834689731206], [-92.76512418096668, 44.863841325549735], [-92.76511952410024, 44.863847960730816], [-92.76511486543718, 44.863854595274375], [-92.76511020407918, 44.86386122981721], [-92.76510554182286, 44.86386786181238], [-92.76510087687157, 44.86387449380685], [-92.76509620742873, 44.86388112516382], [-92.76509153529095, 44.86388775588331], [-92.76508685866158, 44.86389438405514], [-92.76508193499551, 44.86390123189187], [-92.76507699426145, 44.863908072723945], [-92.76507203645939, 44.863914907188075], [-92.76506706158935, 44.863921735920975], [-92.76506227087393, 44.8639282851367], [-92.76505697440702, 44.86393534181075], [-92.76505186478968, 44.863942120241084], [-92.76504673990098, 44.86394889230343], [-92.76504159794429, 44.86395565799792], [-92.76503696892563, 44.86396172330928], [-92.76503643083477, 44.863962414140914], [-92.76503117299544, 44.86396913462731], [-92.76502589718976, 44.863975848109085], [-92.76502060521443, 44.863982555859714], [-92.76501529706941, 44.86398925660571], [-92.76501074440756, 44.86399497999976], [-92.76500995838167, 44.8639959446167], [-92.7650045235742, 44.864002592514154], [-92.76499908158023, 44.86400923913741], [-92.76499363060307, 44.86401588130294], [-92.76498816525287, 44.86402251837402], [-92.76498376530462, 44.864027832359966], [-92.76498265049534, 44.86402913252276], [-92.76497700368547, 44.864035690640215], [-92.76497134968908, 44.86404224557332], [-92.76496568850615, 44.864048799232336], [-92.7649600192384, 44.864055349706994], [-92.7649543418858, 44.86406189445057], [-92.76494865375342, 44.864068434736396], [-92.76494294945138, 44.86407496929114], [-92.76493722808132, 44.86408149493114], [-92.76493148964329, 44.86408800274257], [-92.76492792333161, 44.86409593359951], [-92.76492427796819, 44.86410383771352], [-92.76492054277324, 44.86411172145178], [-92.76491672313665, 44.86411958417752], [-92.76491281726179, 44.864127423980705], [-92.76490882425034, 44.864135242771376], [-92.76490474589896, 44.86414303991288], [-92.76490058310596, 44.86415081285837], [-92.76489633407463, 44.864158563517975], [-92.7648920006017, 44.86416628998162], [-92.76488758178883, 44.864173991612596], [-92.764883077636, 44.864181669047575], [-92.76487849083817, 44.864189321013235], [-92.76487381959869, 44.86419694687279], [-92.76486906481588, 44.86420454726299], [-92.76486422559145, 44.864212120273706], [-92.764859303722, 44.864219666541736], [-92.76485430010588, 44.86422718543029], [-92.76484921294642, 44.86423467566597], [-92.76484404314198, 44.86424213788552], [-92.7648387915908, 44.864249571452234], [-92.76483346008959, 44.864256974456055], [-92.76482804594337, 44.86426434880702], [-92.7648225518471, 44.8642716919584], [-92.76481697690245, 44.86427900454687], [-92.76479387852156, 44.86430793908454], [-92.764789608829, 44.864315381556665], [-92.76478535081455, 44.864322827211375], [-92.7647811044782, 44.86433027668538], [-92.76477686802333, 44.86433772934197], [-92.76477264594149, 44.86434518518108], [-92.76476843284281, 44.86435264420277], [-92.76476423052392, 44.86436010640708], [-92.76476004078143, 44.86436757115719], [-92.76475586271704, 44.86437504036332], [-92.76475169543244, 44.864382511478574], [-92.76474754072424, 44.86438998641307], [-92.76474339410089, 44.86439746516691], [-92.76473926095228, 44.86440494646654], [-92.76473514038005, 44.864412430312065], [-92.76473102968933, 44.864419917976825], [-92.764726931575, 44.86442740882416], [-92.76472284334214, 44.86443490285399], [-92.76471876678738, 44.86444240070316], [-92.76471470191072, 44.86444990109817], [-92.76471064871215, 44.864457404038966], [-92.76470660629339, 44.864464910162376], [-92.7647025755527, 44.86447241946828], [-92.76469855649012, 44.86447993259347], [-92.76469454910563, 44.864487448264484], [-92.76469055250095, 44.864494967118056], [-92.76468656847264, 44.864502489154184], [-92.76468259522414, 44.864510014372854], [-92.76467863185711, 44.86451754213735], [-92.7646746819648, 44.86452507244769], [-92.76465739748045, 44.864550896559315], [-92.76465393178006, 44.864556057050635], [-92.76465046158813, 44.86456121754154], [-92.76464698780292, 44.86456637739522], [-92.76464351222108, 44.864571535338385], [-92.76464003214768, 44.86457669200765], [-92.76463654937932, 44.86458184803975], [-92.7646330630177, 44.86458700152456], [-92.76462957485944, 44.864592156282356], [-92.764626080413, 44.864597308492826], [-92.76462434846111, 44.864599861039835], [-92.76462256350865, 44.8646024511523], [-92.76461901695991, 44.86460758617087], [-92.76461546951286, 44.864612718642135], [-92.7646119166759, 44.86461785047627], [-92.76460836114401, 44.86462298039981], [-92.76460480201887, 44.86462811032292], [-92.76460124109708, 44.86463323960888], [-92.76459767568372, 44.86463836634751], [-92.76459410757539, 44.86464349308574], [-92.76459053677215, 44.86464861791337], [-92.76458696147732, 44.864653741467166], [-92.76458338438587, 44.864658865020445], [-92.76457980459945, 44.8646639853898], [-92.76457621942315, 44.86466910703213], [-92.76457261448392, 44.86467424968519], [-92.76456542257175, 44.86468438600137], [-92.76455820999834, 44.86469454460037], [-92.76455099472997, 44.86470470256086], [-92.76454377586835, 44.86471485924618], [-92.76453655431177, 44.86472501529294], [-92.76452933006027, 44.864735169427874], [-92.7645221022155, 44.86474532356101], [-92.76451487077746, 44.864755476418935], [-92.76450763754279, 44.864765627364974], [-92.76450040161316, 44.86477577767251], [-92.76449316388693, 44.864785927341536], [-92.7644859207708, 44.86479607573536], [-92.76447867585803, 44.864806222217354], [-92.76447142735199, 44.8648163686975], [-92.76446781792119, 44.86482142156246], [-92.76446415638809, 44.86482650689874], [-92.76445685937303, 44.864836634910986], [-92.76444955966303, 44.86484676228474], [-92.76444225815641, 44.86485688838334], [-92.76443495305651, 44.86486701448016], [-92.76442764526168, 44.86487713866506], [-92.76442033297528, 44.8648872615748], [-92.76441301889223, 44.86489738384605], [-92.76440570211425, 44.86490750547881], [-92.76439838174299, 44.86491762583642], [-92.7643910595751, 44.864927744282106], [-92.76438373381396, 44.86493786272602], [-92.76437640445955, 44.86494797925807], [-92.76436907330853, 44.864958094514975], [-92.76436173856422, 44.86496820977004], [-92.76435868339395, 44.86497236678475], [-92.76435562552872, 44.86497652316244], [-92.76435256407024, 44.86498067826641], [-92.76434949901848, 44.86498483337009], [-92.76434643306843, 44.864988985926665], [-92.76434336262679, 44.86499313784628], [-92.76434029038852, 44.86499728912884], [-92.76433721365866, 44.86500143850105], [-92.76433413513217, 44.865005588509646], [-92.76433105301244, 44.86500973533442], [-92.76432796819775, 44.865013882795616], [-92.76432488158645, 44.86501802834642], [-92.76432179138186, 44.86502217198681], [-92.76431869758403, 44.865026316263595], [-92.76431716146489, 44.86502837089266], [-92.76431558132829, 44.86503044971621], [-92.76431243991975, 44.86503457489144], [-92.76430929581626, 44.86503869879299], [-92.7643061481195, 44.86504282142084], [-92.76430299862612, 44.86504694341168], [-92.76429984553947, 44.86505106349213], [-92.7642966906562, 44.865055182935585], [-92.76429353128134, 44.86505930237875], [-92.76429037010986, 44.865063418001405], [-92.76428720444679, 44.86506753553389], [-92.76428403788542, 44.86507165051925], [-92.7642808686291, 44.86507576423093], [-92.7642776948812, 44.86507987730567], [-92.76427451754003, 44.865083988469976], [-92.76427134019887, 44.86508809836057], [-92.76426800295759, 44.8650923585118], [-92.76426466391968, 44.86509661675259], [-92.76426132308514, 44.86510087562982], [-92.76425798135229, 44.86510513323326], [-92.76425463782279, 44.865109391473155], [-92.7642512942933, 44.865113647802595], [-92.76424794806887, 44.86511790413172], [-92.76424460184444, 44.86512215982388], [-92.76424125292506, 44.865126414878965], [-92.764237904904, 44.86513066929707], [-92.76423455239136, 44.86513492498823], [-92.76423119987872, 44.865139178769056], [-92.76422784736607, 44.86514343000272], [-92.7642244921585, 44.86514768378286], [-92.76422283476678, 44.86514978233974], [-92.76422112617112, 44.8651519318324], [-92.76421774940397, 44.865156176061426], [-92.7642143717385, 44.86516041965347], [-92.7642109922764, 44.86516466197179], [-92.76420761191598, 44.865168904289796], [-92.76420422975896, 44.86517314660749], [-92.76420084670359, 44.86517738828821], [-92.76419746185158, 44.86518162869519], [-92.76419407699962, 44.86518586846516], [-92.76419068945266, 44.86519010887153], [-92.76418730100741, 44.86519434736746], [-92.76418391166385, 44.86519858586312], [-92.76418052052365, 44.86520282499513], [-92.76417712848513, 44.86520706158005], [-92.76417373285335, 44.86521130134815], [-92.76416448290088, 44.86522249257716], [-92.76415521228715, 44.865233678073686], [-92.76414555180457, 44.8652447050305], [-92.76413617968122, 44.865255851684246], [-92.76412682193092, 44.865267000882575], [-92.76411747316375, 44.86527815708242], [-92.76410813876963, 44.86528931773702], [-92.76409881425697, 44.8653004828463], [-92.76408950232076, 44.86531165368365], [-92.76408020296093, 44.86532282897572], [-92.76407091348257, 44.865334009359245], [-92.76406163747895, 44.8653451948341], [-92.76405237315343, 44.865356385400375], [-92.76404311960768, 44.865367581058045], [-92.76403387953667, 44.86537878053372], [-92.76402464934714, 44.86538998573744], [-92.764015431734, 44.86540119603257], [-92.7640062275956, 44.86541241141907], [-92.76399703244034, 44.86542363126024], [-92.76398785255645, 44.86543485555611], [-92.76397868165573, 44.86544608621671], [-92.7639695233314, 44.865457320695285], [-92.76396037758349, 44.865468560265235], [-92.76395124351369, 44.865479804289876], [-92.76394212112197, 44.86549105404257], [-92.76393301130669, 44.86550230761319], [-92.76392391316948, 44.86551356691187], [-92.76391498481385, 44.86552489942816], [-92.76390573126814, 44.86553612306758], [-92.76389880705392, 44.86554418615732], [-92.76389186756836, 44.86555227407698], [-92.76388493077772, 44.86556036135879], [-92.76387799578373, 44.86556845054954], [-92.76387106348467, 44.86557654164926], [-92.76386413388057, 44.8655846333845], [-92.76385720607313, 44.865592726392066], [-92.76385028275723, 44.865600820671794], [-92.76384336123796, 44.86560891622379], [-92.763836440617, 44.86561701177466], [-92.76382952448763, 44.8656251092345], [-92.76382261015489, 44.86563320796656], [-92.76381569941542, 44.865641308607536], [-92.76380879047255, 44.865649408610714], [-92.76380536699303, 44.86565342550384], [-92.76380190308927, 44.86565751943648], [-92.76379503816386, 44.865665638538154], [-92.7637881750351, 44.86567375891208], [-92.7637813154996, 44.86568188055817], [-92.76377445686241, 44.86569000347657], [-92.7637676027168, 44.865698127030484], [-92.76376074946948, 44.86570625249331], [-92.76375390071375, 44.865714378591726], [-92.76374705375467, 44.86572250596232], [-92.7637402094905, 44.865730634605214], [-92.763733367023, 44.86573876324692], [-92.76372652814874, 44.865746894434274], [-92.76371969196943, 44.86575502625714], [-92.76371285758674, 44.86576315935222], [-92.763706025899, 44.86577129308289], [-92.76369894088636, 44.86577985657888], [-92.7636918666535, 44.86578842262036], [-92.76368480140378, 44.86579699311743], [-92.76367774513723, 44.865805567433334], [-92.76367069965045, 44.86581414684153], [-92.76366366314683, 44.86582272943186], [-92.76365663472805, 44.865831316477774], [-92.7636496188857, 44.865839907979215], [-92.76364261022984, 44.86584850266283], [-92.76363561325209, 44.86585710116532], [-92.76362923521356, 44.865864952192254], [-92.76362863693558, 44.8658657079435], [-92.76362179895965, 44.865874370749076], [-92.76361497086518, 44.8658830386469], [-92.76360815265217, 44.86589170972688], [-92.76360128772676, 44.86590036234151], [-92.76359450364974, 44.865909047426044], [-92.76358766118221, 44.86591770895175], [-92.76358089417317, 44.86592640167393], [-92.76357413255404, 44.865935095031496], [-92.76356737542648, 44.865943790297806], [-92.76356062279048, 44.8659524874729], [-92.76355387554437, 44.86596118783009], [-92.76354713278985, 44.86596988882266], [-92.76354046459551, 44.86597861910163], [-92.76353373980729, 44.865987327095134], [-92.76352709496915, 44.865996065648396], [-92.76352040431689, 44.866004787646396], [-92.76351372264782, 44.86601351155318], [-92.7635070454703, 44.866022247555726], [-92.76350283506657, 44.86602792490613], [-92.76349863005274, 44.86603361307965], [-92.76349443581866, 44.86603930507277], [-92.76349024966945, 44.86604499961206], [-92.7634860743, 44.866050699881], [-92.76348190971035, 44.866056402059414], [-92.76347754120312, 44.86606240029721], [-92.76347368293898, 44.86606784525255], [-92.76346962165557, 44.86607358626723], [-92.76346556666039, 44.866079329191415], [-92.76346151795339, 44.86608507529844], [-92.76345747822955, 44.86609082331498], [-92.7634534483872, 44.86609657451439], [-92.76344919845758, 44.86610266443094], [-92.76344548841547, 44.86610811256593], [-92.76344156367598, 44.86611390069149], [-92.76343764881798, 44.86611969390995], [-92.76343374473974, 44.86612548840119], [-92.76342985054299, 44.86613128798533], [-92.76342596443106, 44.866137090752375], [-92.76342209179388, 44.86614289606554], [-92.76342142524396, 44.86614389821099], [-92.76341828922529, 44.86614872493555], [-92.76341451091122, 44.8661545627186], [-92.76341074247858, 44.8661604024111], [-92.76340698302913, 44.86616624783319], [-92.76340323525777, 44.866172095164735], [-92.76339949736786, 44.86617794631582], [-92.76339576935943, 44.86618380001306], [-92.76339205123247, 44.86618965625648], [-92.76339005427761, 44.86619290590464], [-92.76338807349241, 44.866196161282794], [-92.76338761894485, 44.866196919576446], [-92.76338614301287, 44.866199431304565], [-92.76338423948275, 44.86620270896642], [-92.76338334925232, 44.866204265028045], [-92.76338237997014, 44.86620599999845], [-92.76338055189852, 44.86620929930725], [-92.76337942181789, 44.86621136153431], [-92.76337875526796, 44.86621260816614], [-92.76337700534978, 44.86621592912188], [-92.76337540814521, 44.866219008773335], [-92.76337360792137, 44.86622259777364], [-92.76337181937565, 44.86622622433812], [-92.76337035691836, 44.86622930335239], [-92.76336878217167, 44.86623266887519], [-92.76336828091173, 44.866233758881776], [-92.76336725952727, 44.86623604522146], [-92.76336576023904, 44.86623942857109], [-92.76336504787504, 44.866241061670706], [-92.76336430406997, 44.8662428201974], [-92.76336288563013, 44.86624622137386], [-92.76336190017827, 44.86624861785968], [-92.7633614968347, 44.86624962700686], [-92.76336015924326, 44.86625304282665], [-92.76335889890692, 44.86625631539198], [-92.76335758556996, 44.866259896749696], [-92.76335623270714, 44.86626365383243], [-92.76335516730524, 44.86626677741265], [-92.76335400578355, 44.866270226975765], [-92.76335354584613, 44.86627162259076], [-92.76335289546586, 44.86627368417894], [-92.76335181479259, 44.86627714647534], [-92.76335121112471, 44.86627912529418], [-92.76335077454348, 44.8662806151384], [-92.76334977921015, 44.86628409016812], [-92.76334880004649, 44.866287579204716], [-92.76334774542434, 44.866291350292734], [-92.763346667446, 44.866295130294155], [-92.76334619583048, 44.8662967500218], [-92.76334554095865, 44.86629890265502], [-92.76334437943697, 44.86630266992221], [-92.7633433050519, 44.86630608573886], [-92.76334194320592, 44.86631018535526], [-92.76334068107295, 44.86631393606791], [-92.76334034510303, 44.86631491146963], [-92.76333935785453, 44.866317675956616], [-92.7633380103816, 44.866321412025], [-92.76333715698209, 44.86632374483919], [-92.7633366278744, 44.86632514108959], [-92.76333519416319, 44.86632886060369], [-92.76333365175586, 44.86633280359396], [-92.76333222523118, 44.86633627862053], [-92.76333069270531, 44.866339978396674], [-92.76332993722214, 44.86634177384807], [-92.7633291116704, 44.866343667348886], [-92.76332749470288, 44.86634734738733], [-92.76332596577028, 44.866350780391826], [-92.76332415566498, 44.86635468581618], [-92.76332243539122, 44.86635834484334], [-92.76332188292731, 44.86635950169943], [-92.76332066211684, 44.866361988589766], [-92.76331886279132, 44.86636562660585], [-92.76331758718362, 44.8663681778011], [-92.76331703112646, 44.8663692563448], [-92.763315146461, 44.866372872713114], [-92.76331305877628, 44.86637684244115], [-92.7633112917901, 44.866380082528444], [-92.76330930920828, 44.86638367215536], [-92.76330831207832, 44.86638545678182], [-92.76330728530395, 44.86638724968507], [-92.76330522277205, 44.86639081702757], [-92.76330314586711, 44.8663943792764], [-92.76330203824438, 44.866396213563846], [-92.76330092882499, 44.86639804721458], [-92.76329981491405, 44.86639987959187], [-92.76329869471489, 44.86640171005906], [-92.76329757361741, 44.86640354052615], [-92.76329663397962, 44.86640505774461], [-92.76329528740501, 44.86640718617984], [-92.76329413037492, 44.86640900582313], [-92.76329296885326, 44.86641082419302], [-92.76329180553496, 44.866412640652804], [-92.7632904374008, 44.866414764630946], [-92.7632894501523, 44.86641626402194], [-92.7632882509014, 44.866418070294635], [-92.76328704895555, 44.8664198733838], [-92.76328584251813, 44.86642167583626], [-92.76328463248743, 44.866423477015275], [-92.76328340628706, 44.8664252953847], [-92.76328217918838, 44.866427067912866], [-92.76328093502173, 44.866428858268094], [-92.76327968726179, 44.86643064607653], [-92.76327843501029, 44.86643243388491], [-92.76327718006384, 44.86643421850981], [-92.76327611645853, 44.86643571917369], [-92.7632746279501, 44.866437774389105], [-92.76327333707104, 44.86643954755352], [-92.76327204439535, 44.86644131944454], [-92.76327074632975, 44.866443088788785], [-92.76326944467093, 44.86644485749628], [-92.76326813852049, 44.86644662620367], [-92.76326690872688, 44.86644824847383], [-92.76326567444167, 44.86644987010721], [-92.76326443746153, 44.86645148983051], [-92.76326319509148, 44.86645310828037], [-92.7632617083797, 44.86645503806853], [-92.76326068430028, 44.86645633562978], [-92.76325941228585, 44.86645794134585], [-92.76325813577981, 44.86645954578849], [-92.76325685478221, 44.86646115023114], [-92.76325557019135, 44.86646275212696], [-92.76325496832011, 44.86646350086682], [-92.76325427302409, 44.86646434765593], [-92.7632529623821, 44.86646593809136], [-92.76325164724851, 44.8664675266167], [-92.76325032852168, 44.86646911450531], [-92.76324900530327, 44.86647070048389], [-92.76324793810471, 44.86647197257742], [-92.76324632383215, 44.866473857160386], [-92.76324497186762, 44.86647542976844], [-92.76324361541155, 44.86647700046638], [-92.76324225626054, 44.866478570527626], [-92.76324094022863, 44.86648008201395], [-92.76323949843261, 44.866481694096166], [-92.76323810424728, 44.86648324824021], [-92.76323670377376, 44.866484799837444], [-92.7632353015036, 44.86648635016128], [-92.76323389474186, 44.866487899848394], [-92.76323248438688, 44.86648944698874], [-92.76323107043861, 44.86649099285564], [-92.76322945706436, 44.866492743097865], [-92.76322753736459, 44.866494762020295], [-92.76322672708422, 44.86649558334162], [-92.76322536793319, 44.8664969617607], [-92.76322454327975, 44.866497768438265], [-92.76322313741635, 44.86649914176384], [-92.76322227323703, 44.866499957354954], [-92.7632208664753, 44.86650128356594], [-92.76321983970094, 44.866502217580084], [-92.76321853983872, 44.86650339926392], [-92.76321735945243, 44.86650443769403], [-92.76321612067565, 44.86650552323871], [-92.7632149654422, 44.86650650373063], [-92.76321367546144, 44.86650759500542], [-92.76321258939828, 44.86650848699835], [-92.76321118533147, 44.86650963239117], [-92.76321009298009, 44.866510498280086], [-92.76320880120271, 44.866511516336196], [-92.76320758398552, 44.86651245289691], [-92.76320622034291, 44.86651349069021], [-92.76320496898971, 44.86651442088406], [-92.76320362331343, 44.8665154102894], [-92.76320231895963, 44.86651634621335], [-92.76320094453725, 44.86651732161164], [-92.7631995665216, 44.866518277909435], [-92.76319804208056, 44.8665193201594], [-92.7631967862358, 44.866520161217494], [-92.76319567771473, 44.86652089658628], [-92.76319486833266, 44.866521426306456], [-92.76319405176407, 44.86652195220652], [-92.76319315075384, 44.86652253095129], [-92.76319224525203, 44.86652310396587], [-92.76319120320632, 44.866523754019084], [-92.76319008570209, 44.86652444545672], [-92.76318872385612, 44.866525271871076], [-92.76318751023217, 44.86652600023626], [-92.7631864654915, 44.86652661590856], [-92.7631850371702, 44.866527446142996], [-92.76318350194937, 44.86652832412864], [-92.76318244642891, 44.86652891815371], [-92.76318139270509, 44.866529503265205], [-92.76318018806428, 44.86653016477865], [-92.76317907415333, 44.86653076644389], [-92.76317793149629, 44.86653137511264], [-92.76317681309378, 44.86653196531758], [-92.76317574859016, 44.86653251859493], [-92.76317444782963, 44.86653318392841], [-92.76317300513529, 44.86653391293019], [-92.7631717897147, 44.86653451459538], [-92.76317061292167, 44.866535092703344], [-92.76316964094454, 44.86653556193855], [-92.76316857644093, 44.86653606873801], [-92.76316745444514, 44.86653659909474], [-92.76316653277365, 44.866537027582204], [-92.76316546916836, 44.86653751528118], [-92.76316406061, 44.86653815514729], [-92.76316232775982, 44.86653892426003], [-92.76316061287594, 44.86653967427223], [-92.76315899770505, 44.86654036188956], [-92.76315742026341, 44.86654102531291], [-92.76315572334585, 44.866541719933714], [-92.76315415398903, 44.86654235470637], [-92.76315049694752, 44.86654378342226], [-92.763147321403, 44.866545026863456], [-92.76314481510335, 44.86654604619234], [-92.76314366975136, 44.86654653134452], [-92.7631421264457, 44.866547187127615], [-92.76314077627784, 44.86654777924246], [-92.76313939287229, 44.866548392367804], [-92.76313807055219, 44.86654899530623], [-92.76313668714666, 44.86654963389887], [-92.76313535225016, 44.86655026676136], [-92.76313444585003, 44.86655070097888], [-92.76313346399142, 44.866551177854134], [-92.76313219736686, 44.86655180625984], [-92.76313064148479, 44.86655259065276], [-92.7631293308428, 44.86655326617295], [-92.76312840288311, 44.86655375323508], [-92.76312717308947, 44.86655440647137], [-92.76312577351426, 44.86655516794368], [-92.76312461558587, 44.86655580462621], [-92.76312321511234, 44.86655659538591], [-92.76312208593004, 44.866557239071916], [-92.76312071599924, 44.8665580444753], [-92.76311963442762, 44.86655868243115], [-92.76311754943785, 44.86655995452274], [-92.76311450145408, 44.866561883670634], [-92.7631123454974, 44.866563299652405], [-92.7631115343187, 44.86656385229273], [-92.76311006647151, 44.8665648537942], [-92.76310904508705, 44.86656557197198], [-92.76310778295408, 44.866566465237405], [-92.76310674360329, 44.86656722288947], [-92.76310554345407, 44.86656810469457], [-92.76310447535721, 44.86656890946111], [-92.76310366507681, 44.86656952576964], [-92.76310257991194, 44.8665703674637], [-92.7631012962194, 44.86657138169869], [-92.76310028561471, 44.866572195378744], [-92.76309920044984, 44.866573086097326], [-92.76309779189147, 44.866574267143065], [-92.7630967516424, 44.86657515786161], [-92.7630957302579, 44.86657604667012], [-92.7630946603644, 44.86657700233024], [-92.76309372791314, 44.866577842114154], [-92.7630926202904, 44.86657886908269], [-92.76309180731506, 44.866579625461206], [-92.76309053260567, 44.86658085680466], [-92.76308987863216, 44.866581487756775], [-92.76308802091613, 44.86658335259904], [-92.76308588741733, 44.86658558671686], [-92.76308437914598, 44.866587223626766], [-92.76308362276451, 44.866588076144204], [-92.76308271097449, 44.866589107569304], [-92.7630807131213, 44.86659145756307], [-92.76307895511829, 44.86659360700189], [-92.76307720430181, 44.86659575835072], [-92.7630754588752, 44.86659791224614], [-92.7630735131243, 44.866600325907775], [-92.76307200575124, 44.86660223595382], [-92.76307030613874, 44.8666044083128], [-92.76306861281442, 44.866606583218434], [-92.76306692488001, 44.8666087606707], [-92.76306611998952, 44.86660980355571], [-92.76306525760684, 44.86661094576305], [-92.7630636091983, 44.86661313785885], [-92.76306196707795, 44.86661533313793], [-92.76306033124582, 44.866617530963694], [-92.76305893077229, 44.866619428912244], [-92.76305711348047, 44.86662194507874], [-92.76305552436074, 44.86662415945796], [-92.76305394242753, 44.86662637638384], [-92.7630523775623, 44.866628578665946], [-92.76305082347686, 44.86663082615236], [-92.7630492864594, 44.8666330596317], [-92.76304775752679, 44.866635295020984], [-92.76304601120188, 44.86663786339465], [-92.76304474637395, 44.86663978298968], [-92.76304327673016, 44.866642037479195], [-92.76304181067962, 44.86664429578867], [-92.76304035181559, 44.86664655409805], [-92.76303890013808, 44.86664881686415], [-92.76303745564712, 44.866651080266806], [-92.76303601744435, 44.86665334557944], [-92.76303459002136, 44.866655606435195], [-92.76303273320366, 44.86665857719063], [-92.76303087458935, 44.86666153903234], [-92.7630290087885, 44.866664498327204], [-92.76302713759776, 44.86666745634852], [-92.76302525922051, 44.86667041118632], [-92.76302426119221, 44.86667197296539], [-92.76302335658873, 44.86667335902046], [-92.76302143060076, 44.8666762979409], [-92.76301949562964, 44.86667923495116], [-92.76301755526862, 44.86668216941454], [-92.76301560772109, 44.86668510324109], [-92.76301352812122, 44.86668822170499], [-92.76301166142204, 44.86669094924659], [-92.76300965907728, 44.866693863972266], [-92.7630076513426, 44.8666967748777], [-92.76300563642143, 44.866699683872945], [-92.7630036134154, 44.866702591594674], [-92.76300236835044, 44.86670437621119], [-92.76300157154478, 44.866705492312775], [-92.76299950182637, 44.86670838157048], [-92.76299742492142, 44.86671126891802], [-92.76299534172827, 44.86671415371863], [-92.76299325314524, 44.86671703788247], [-92.7629909292036, 44.86672022956292], [-92.76298902208025, 44.866722783289184], [-92.76298687241177, 44.866725642622], [-92.76298471555677, 44.86672850068138], [-92.76298255331189, 44.866731355557164], [-92.76298038567712, 44.86673421043281], [-92.76297821534737, 44.866737062124905], [-92.76297604232272, 44.86673991254352], [-92.76297072699117, 44.8667466836401], [-92.76296540357481, 44.8667534502791], [-92.76296007027696, 44.866760215007275], [-92.76295473069091, 44.86676697464124], [-92.7629493812234, 44.86677373172768], [-92.76294402367104, 44.86678048626656], [-92.76293865803385, 44.86678723634797], [-92.76293328521014, 44.86679398324512], [-92.76292790160663, 44.86680072759477], [-92.76292275695499, 44.86680715042037], [-92.76291698258436, 44.86681414944038], [-92.76291145525043, 44.86682083393978], [-92.76290591893333, 44.866827513345], [-92.76290042573535, 44.86683421248648], [-92.76289485887554, 44.86684087915654], [-92.76288928662582, 44.866847545189145], [-92.76288378085145, 44.866854237961526], [-92.76287819512702, 44.866860897625834], [-92.76287260491102, 44.86686755537929], [-92.76286701110175, 44.8668742118586], [-92.76286141280087, 44.86688086579047], [-92.76285581000845, 44.86688751844821], [-92.7628501290626, 44.866894137997875], [-92.76284451369376, 44.86690078428727], [-92.76283889293502, 44.86690742802919], [-92.76283319941275, 44.866914041846464], [-92.7628275481113, 44.86692067285329], [-92.76282188962334, 44.86692730067593], [-92.7628162221522, 44.8669339246778], [-92.76280940843078, 44.866941814395226], [-92.76280260548911, 44.86694970602164], [-92.76279580883568, 44.8669576021037], [-92.76278902026708, 44.86696550264145], [-92.76278224068163, 44.86697340572482], [-92.76277546918102, 44.86698131262715], [-92.76276870486693, 44.86698922398516], [-92.762761949536, 44.866997137252106], [-92.76275520228988, 44.86700505561137], [-92.76274846402694, 44.8670129765163], [-92.76274173295052, 44.867020900603485], [-92.76273613285304, 44.867027506130924], [-92.76273503062019, 44.86702883678646], [-92.76272843608768, 44.86703681880912], [-92.76272185053834, 44.86704480465071], [-92.76271527217553, 44.86705279431126], [-92.76270870189754, 44.86706078651742], [-92.76270207682231, 44.86706875580208], [-92.76269553259547, 44.86707675819283], [-92.76268899375852, 44.867084764402534], [-92.76268245941313, 44.867092771884515], [-92.76267593225428, 44.86710078191202], [-92.76266940958699, 44.86710879384847], [-92.7626628923096, 44.8671168096039], [-92.76265638132044, 44.86712482599484], [-92.7626499484847, 44.867132874218484], [-92.76264346085169, 44.86714090206736], [-92.76263698310018, 44.867148931188495], [-92.76263051253518, 44.86715696476522], [-92.76262405185167, 44.867165001524214], [-92.76262014418019, 44.867169995608855], [-92.76261624369522, 44.86717499096639], [-92.7626123512951, 44.86717999141695], [-92.76260846787811, 44.867184993777066], [-92.76260459074936, 44.86718999868346], [-92.76260072080711, 44.86719500740948], [-92.7625968580514, 44.8672000193184], [-92.76259280125957, 44.867205298630545], [-92.76258921338834, 44.86721007369539], [-92.76258543776918, 44.867215117436785], [-92.76258166843827, 44.867220164361115], [-92.76257790629384, 44.867225213831695], [-92.76257415133595, 44.867230267121904], [-92.7625704044629, 44.867235322958365], [-92.7625666656747, 44.86724038070439], [-92.76256293497131, 44.86724544163336], [-92.76256235106639, 44.86724623493027], [-92.7625592779298, 44.86725053184889], [-92.76255564244784, 44.867255627157405], [-92.76255201505072, 44.867260726285494], [-92.76254839573845, 44.8672658292332], [-92.762544784511, 44.86727093345382], [-92.76254118047008, 44.86727604213069], [-92.76253758361568, 44.86728115144379], [-92.76253399394783, 44.86728626457646], [-92.7625304132631, 44.86729138089204], [-92.7625268406632, 44.86729649975392], [-92.76252327524983, 44.86730162179867], [-92.762519717023, 44.86730674511628], [-92.762516166881, 44.86731187416356], [-92.76251364171674, 44.86731563818108], [-92.76251112463731, 44.867319407291745], [-92.76250861564272, 44.867323178312155], [-92.76250611293634, 44.86732695187907], [-92.76250362011143, 44.86733072799238], [-92.76250134827207, 44.86733418194849], [-92.76249870632682, 44.86733830632195], [-92.76249628267217, 44.86734210535477], [-92.76249386710239, 44.86734590757073], [-92.76249145961742, 44.86734971233312], [-92.76248905931898, 44.867353519642], [-92.76248718453499, 44.867356506278234], [-92.76248667698685, 44.867357332680655], [-92.76248433867215, 44.86736115908922], [-92.76248200934063, 44.86736498868087], [-92.76247968809393, 44.86736882081896], [-92.76247737493208, 44.8673726542302], [-92.76247506985506, 44.86737649082446], [-92.76247351127805, 44.867379093545495], [-92.76247279262581, 44.86738033633196], [-92.76247057288874, 44.86738419775602], [-92.7624683603382, 44.8673880617265], [-92.76246615497418, 44.8673919288801], [-92.76246395949161, 44.8673957979435], [-92.76246177209391, 44.86739966827991], [-92.7624595909844, 44.86740354243615], [-92.76245741795974, 44.86740741722878], [-92.76245525481653, 44.867411296477876], [-92.76245309885984, 44.86741517509004], [-92.7624509500897, 44.86741905815863], [-92.76244881569258, 44.867422934860265], [-92.76244749606742, 44.8674254681818], [-92.76244707655417, 44.867426318776765], [-92.76244630490135, 44.8674278958155], [-92.76244577130207, 44.86742903482329], [-92.76244532304274, 44.867430010842796], [-92.76244493586886, 44.86743087289781], [-92.76244443191398, 44.86743202973235], [-92.76244391358605, 44.86743325278087], [-92.76244359019258, 44.86743402952166], [-92.76244328476535, 44.86743478907232], [-92.76244282572625, 44.86743596118695], [-92.7624424349591, 44.86743697158668], [-92.7624416408484, 44.8674391585576], [-92.7624405709549, 44.86744234892469], [-92.76243985769257, 44.86744467723677], [-92.76243955765526, 44.867445737296755], [-92.76243912826055, 44.86744729905483], [-92.76243882462998, 44.86744846671247], [-92.76243850752468, 44.86744974642451], [-92.7624382326402, 44.86745091153541], [-92.76243802243442, 44.867451851900846], [-92.7624378212118, 44.867452792266306], [-92.7624375858532, 44.86745393827698], [-92.76243727234117, 44.867455601902414], [-92.76243708459327, 44.86745663713203], [-92.76243667945309, 44.86745918636888], [-92.76243631653371, 44.86746194252422], [-92.76243623478703, 44.867462717354634], [-92.76243604883575, 44.867464506404325], [-92.76243594822445, 44.86746571162531], [-92.7624358682744, 44.86746674812805], [-92.76243580988388, 44.86746761272921], [-92.76243576227318, 44.867468463323604], [-92.76243572274731, 44.86746924261061], [-92.76243569040794, 44.86747005564129], [-92.76243565717029, 44.8674709552594], [-92.76243563920397, 44.86747173963978], [-92.76243562303432, 44.86747287482665], [-92.76243561315285, 44.86747398518329], [-92.76243564189893, 44.86747624600681], [-92.76243575957824, 44.86747940008153], [-92.76243592756319, 44.867481913027056], [-92.76243602008967, 44.86748295271288], [-92.76243616921, 44.86748452720337], [-92.76243630575392, 44.8674857356073], [-92.76243646385741, 44.86748702614189], [-92.7624366219609, 44.867488200165454], [-92.76243676658967, 44.86748918891743], [-92.76243691571001, 44.86749014201566], [-92.76243711154274, 44.86749133768605], [-92.76243741966488, 44.86749301468051], [-92.76243759663299, 44.86749395631862], [-92.76243812753732, 44.86749647181025], [-92.76243878061253, 44.86749921013693], [-92.7624390258526, 44.8675001320381], [-92.76243947950182, 44.86750182240245], [-92.76244041554635, 44.867504994939246], [-92.76244123480988, 44.867507736448935], [-92.76244149442302, 44.86750868700022], [-92.76244195705537, 44.867510390734424], [-92.76244226338089, 44.867511622057954], [-92.76244263348678, 44.867513148160626], [-92.76244291735442, 44.867514410681046], [-92.76244312935683, 44.867515386062415], [-92.76244333596934, 44.86751638563729], [-92.76244350215767, 44.86751722859087], [-92.7624436503797, 44.867518002147214], [-92.76244380578822, 44.867518866110956], [-92.76244397377319, 44.86751981857207], [-92.76244410582554, 44.8675206252353], [-92.76244426572566, 44.86752165664369], [-92.76244446155839, 44.86752297200771], [-92.762444679849, 44.86752467446813], [-92.76244480830809, 44.867525711606504], [-92.76244507600603, 44.867528347427694], [-92.7624453140596, 44.867531617373785], [-92.76244542724733, 44.86753398451922], [-92.76244545689173, 44.8675351146115], [-92.76244549012938, 44.86753673812425], [-92.76244549282434, 44.8675379930041], [-92.76244548833274, 44.86753908553269], [-92.76244547485804, 44.867539985786365], [-92.76244545150183, 44.867540911506936], [-92.762445426349, 44.86754172835664], [-92.76244539400966, 44.867542517829435], [-92.76244535268714, 44.86754342190309], [-92.76244529968655, 44.86754436927043], [-92.76244523410952, 44.86754535547471], [-92.7624451379898, 44.867546666381465], [-92.76244499695429, 44.86754821030998], [-92.76244487837667, 44.86754943590272], [-92.76244460079727, 44.86755176166377], [-92.76244413097835, 44.867555031608525], [-92.76244366475272, 44.86755772854883], [-92.76244347071663, 44.867558709022845], [-92.7624431338484, 44.86756038792539], [-92.76244285537065, 44.867561645988076], [-92.76244260474068, 44.86756275634299], [-92.7624424107046, 44.867563568098994], [-92.76244220409208, 44.86756439959179], [-92.76244196154694, 44.86756535905555], [-92.76244168486585, 44.867566406379915], [-92.76244135608246, 44.86756759759198], [-92.76244099765465, 44.86756883910107], [-92.76244072277017, 44.86756977246122], [-92.76244048561493, 44.86757053901345], [-92.76244011640736, 44.86757169966522], [-92.7624397418099, 44.86757285649693], [-92.76243916598978, 44.867574526485654], [-92.76243882552829, 44.86757550377606], [-92.76243788858547, 44.86757800907735], [-92.76243673065706, 44.86758089765458], [-92.76243634977136, 44.867581782627504], [-92.76243560596632, 44.867583504186356], [-92.762435106503, 44.86758460117072], [-92.76243450283515, 44.86758591398663], [-92.76243414620399, 44.86758666271184], [-92.7624327008147, 44.8675895920356], [-92.7624318258556, 44.86759125629379], [-92.76243090777739, 44.86759291036522], [-92.76242997891939, 44.867594504589505], [-92.76242902670518, 44.86759606188682], [-92.76242834937544, 44.86759712894743], [-92.76242769630025, 44.86759812533757], [-92.76242706837785, 44.867599058697245], [-92.76242638475993, 44.86760004872063], [-92.76242581343142, 44.86760085792942], [-92.76242482977617, 44.86760220448847], [-92.76242375089952, 44.86760362617469], [-92.76242251751262, 44.867605190475174], [-92.76242111973404, 44.86760688783979], [-92.7624197767527, 44.86760844704682], [-92.76241848767026, 44.867609888469644], [-92.76241733692838, 44.867611131251174], [-92.76241658234355, 44.867611920723014], [-92.76241571007941, 44.86761281906554], [-92.76241485937484, 44.86761367411447], [-92.7624139700427, 44.86761454953686], [-92.76241267826532, 44.867615782131544], [-92.76241153650659, 44.86761684346174], [-92.7624100614729, 44.86761817219366], [-92.76240846516663, 44.867619560772624], [-92.76240670626531, 44.86762103530204], [-92.7624049240078, 44.86762246717451], [-92.7624033079386, 44.86762372141585], [-92.76240156161369, 44.867625029774146], [-92.76240011802102, 44.86762607837078], [-92.76239898973704, 44.86762687229909], [-92.76239740331222, 44.86762796991936], [-92.76239615824726, 44.86762882878805], [-92.76239444605831, 44.8676300441923], [-92.76239302133028, 44.86763109724558], [-92.76239162175506, 44.867632168125574], [-92.76239046741992, 44.86763308302122], [-92.76238875343435, 44.86763449133656], [-92.76238758203122, 44.86763548517938], [-92.76238628935553, 44.86763662481969], [-92.76238554734711, 44.867637302237156], [-92.76238484306793, 44.86763795355116], [-92.76238378844577, 44.867638952487226], [-92.76238258829656, 44.86764013351109], [-92.76238155792893, 44.86764118210745], [-92.76238091832845, 44.867641855704825], [-92.76238000653844, 44.86764283108404], [-92.76237915044396, 44.86764377208307], [-92.76237819104325, 44.86764486842961], [-92.7623770358098, 44.86764623727113], [-92.76237599915395, 44.86764751888873], [-92.76237503256671, 44.867648763579446], [-92.76237415491268, 44.86764994269313], [-92.76237325120749, 44.867651202027176], [-92.76237240499451, 44.86765243207438], [-92.76237138091508, 44.867653989370126], [-92.76237064519486, 44.86765517039368], [-92.76236989959317, 44.86765641444756], [-92.76236902732904, 44.86765794500307], [-92.76236855571352, 44.86765881469475], [-92.76236809308114, 44.86765969202641], [-92.76236734208958, 44.86766118629162], [-92.76236683993132, 44.867662231067555], [-92.76236618955106, 44.86766366675906], [-92.76236509180977, 44.86766628156379], [-92.76236438573396, 44.86766807315383], [-92.7623640228146, 44.867669042802575], [-92.7623636068946, 44.86767019262893], [-92.76236326733144, 44.86767116100432], [-92.76236298346382, 44.86767199949891], [-92.76236269600291, 44.86767288001377], [-92.7623623896774, 44.867673837565725], [-92.7623618255354, 44.86767572783937], [-92.76236109879835, 44.8676783929405], [-92.76236056070748, 44.8676806174658], [-92.7623603675697, 44.867681496707156], [-92.76236007741386, 44.8676828661845], [-92.76235987080135, 44.86768393006014], [-92.7623596623922, 44.867685062059465], [-92.76235948901736, 44.867686064814755], [-92.76235936055826, 44.86768687656901], [-92.76235922042109, 44.8676878131106], [-92.76235908208054, 44.8676887725723], [-92.76235883684045, 44.86769077744605], [-92.7623585808206, 44.867693433633136], [-92.76235843080195, 44.86769566388789], [-92.76235839127608, 44.86769653803567], [-92.76235833737715, 44.867697927886056], [-92.76235831402096, 44.86769904142165], [-92.76235830234286, 44.86770011357375], [-92.76235830144455, 44.86770117872243], [-92.76235831312265, 44.86770195736965], [-92.7623583337839, 44.867702892000956], [-92.76235836342829, 44.86770388647921], [-92.76235846403961, 44.86770590981589], [-92.76235869131337, 44.86770881366679], [-92.76235889612926, 44.86771075805623], [-92.76235902099509, 44.86771174043767], [-92.76235919975983, 44.8677130710774], [-92.76235936415154, 44.86771416360263], [-92.76235953213649, 44.867715191824196], [-92.76235978995297, 44.867716653617784], [-92.76236004327788, 44.86771796388401], [-92.76236024180557, 44.867718944991964], [-92.76236069275981, 44.86772096259808], [-92.76236139164912, 44.86772373147426], [-92.76236194950292, 44.867725716610025], [-92.76236224415032, 44.86772668689447], [-92.7623625361028, 44.86772763616879], [-92.76236287297102, 44.867728678396844], [-92.76236322870388, 44.86772973781497], [-92.76236360150472, 44.867730806146454], [-92.76236404527248, 44.867732023458544], [-92.76236458156669, 44.86773342349482], [-92.76236557330677, 44.86773591096247], [-92.76236681927006, 44.867738977162574], [-92.76236718757933, 44.86773994171677], [-92.76236802391087, 44.86774214777629], [-92.76236850001796, 44.86774348096199], [-92.76236914949992, 44.86774532029979], [-92.76236959236935, 44.8677466522121], [-92.76237013585009, 44.86774831137241], [-92.76237060117741, 44.867749812638664], [-92.7623709712833, 44.86775102422038], [-92.76237122820149, 44.86775189773064], [-92.76237154530678, 44.86775301572191], [-92.7623718462424, 44.867754092966344], [-92.76237212921173, 44.867755144107306], [-92.76237239960462, 44.86775618378819], [-92.76237265113289, 44.86775717189883], [-92.76237294308535, 44.86775835992361], [-92.76237319551196, 44.86775942952788], [-92.76237338595479, 44.867760259107854], [-92.76237359256731, 44.86776119310158], [-92.76237383421413, 44.867762309819355], [-92.7623740498098, 44.86776335523013], [-92.7623742618122, 44.86776442865429], [-92.76237448639102, 44.86776559694223], [-92.76237464359619, 44.867766457718865], [-92.76237485290365, 44.867767670573585], [-92.76237511072014, 44.86776921258613], [-92.7623753847063, 44.86777104555646], [-92.76237556706431, 44.8677723048879], [-92.76237582308416, 44.86777434031884], [-92.76237596322134, 44.86777549650984], [-92.76237618780017, 44.86777771657473], [-92.762376295598, 44.867778802095344], [-92.76237652287178, 44.86778180016956], [-92.76237671061966, 44.86778528720538], [-92.76237673846742, 44.867786247938774], [-92.76237680224781, 44.86778858260363], [-92.76237680943434, 44.86778979227449], [-92.76237681392591, 44.86779168636436], [-92.76237679236635, 44.867793109319265], [-92.76237675284048, 44.86779492891874], [-92.76237669355167, 44.86779646138056], [-92.76237663965274, 44.86779770734142], [-92.76237659204205, 44.867798571300916], [-92.76237652107513, 44.867799703298], [-92.76237644561667, 44.86780083465841], [-92.76237636117501, 44.86780189789519], [-92.76237626864854, 44.867802968772], [-92.7623761779187, 44.86780396070188], [-92.76237605844275, 44.86780513344566], [-92.76237593896683, 44.867806227879136], [-92.76237584015215, 44.867807083561864], [-92.76237572337115, 44.86780801882815], [-92.76237557694579, 44.86780914509501], [-92.76237542962207, 44.86781020132831], [-92.76237527780678, 44.86781122700149], [-92.76237509275383, 44.86781243603524], [-92.76237494902338, 44.86781331463791], [-92.7623747442075, 44.86781450266153], [-92.76237446572976, 44.867816063136246], [-92.76237413335312, 44.867817767498025], [-92.76237387463831, 44.86781905993521], [-92.76237342907393, 44.86782108326783], [-92.76237315957934, 44.86782229230132], [-92.76237232055287, 44.8678256984778], [-92.76237148511966, 44.86782882197325], [-92.76237063800833, 44.86783194674187], [-92.76236978550715, 44.867835067690315], [-92.76236892222614, 44.86783818927526], [-92.7623686374602, 44.867839207307945], [-92.76236802480918, 44.867841304493396], [-92.76236710493433, 44.86784441716464], [-92.76236617787295, 44.86784752919903], [-92.76236524182843, 44.86785063995996], [-92.76236462378752, 44.8678526728415], [-92.76236428422433, 44.867853745627365], [-92.76236329068763, 44.867856847474584], [-92.76236229086273, 44.86785994741165], [-92.76236128025802, 44.86786304607519], [-92.7623602615685, 44.86786614410193], [-92.76235919616657, 44.86786923257842], [-92.76235812267981, 44.867872319781476], [-92.76235704020989, 44.86787540571097], [-92.76235594785851, 44.86787849036703], [-92.76235559392228, 44.86787948484226], [-92.76235482316777, 44.86788156865618], [-92.76235367601915, 44.867884643125194], [-92.7623525207857, 44.86788771568406], [-92.76235135656908, 44.86789078633273], [-92.7623505938994, 44.86789278292276], [-92.76235016719964, 44.86789385252457], [-92.76234893471108, 44.867896909802894], [-92.76234769323936, 44.8678999658077], [-92.76234644547942, 44.86790301926568], [-92.7623451860414, 44.867906072723535], [-92.76234392031517, 44.86790912236117], [-92.76234264380913, 44.86791217072538], [-92.7623413601166, 44.86791521717935], [-92.76234080405943, 44.867916459954294], [-92.76234043305524, 44.867917253878645], [-92.76234000725377, 44.86791814903306], [-92.7623390972604, 44.86791994316193], [-92.76233850886388, 44.86792105287326], [-92.76233768780372, 44.86792251975495], [-92.7623370571864, 44.867923595086225], [-92.76233600166593, 44.86792532491148], [-92.76233543842226, 44.86792620096581], [-92.76233494973874, 44.86792694522994], [-92.76233414484824, 44.867928137071225], [-92.76233332288975, 44.86792930026246], [-92.76233278479889, 44.867930043889864], [-92.76233214609672, 44.86793090593744], [-92.76233087677723, 44.86793254599239], [-92.76233000900467, 44.86793362769011], [-92.76232891934823, 44.86793493222138], [-92.7623280488807, 44.867935936882304], [-92.7623266196611, 44.86793753300712], [-92.76232588124593, 44.867938325657825], [-92.76232523445894, 44.86793900370842], [-92.76232417624352, 44.86794009559269], [-92.76232310814666, 44.86794115182357], [-92.76232241285062, 44.867941824144125], [-92.7623215244168, 44.86794267154817], [-92.76231967298901, 44.86794438418288], [-92.76231782784942, 44.86794608408417], [-92.76231597731994, 44.867947780802105], [-92.76231411151909, 44.86794948324995], [-92.76231224032834, 44.86795115450111], [-92.76231035386625, 44.86795283084554], [-92.76230846291259, 44.867954504643215], [-92.76230655309429, 44.86795618608087], [-92.76230464237767, 44.86795783122847], [-92.76230271459306, 44.867959482106016], [-92.76230078141859, 44.86796113234685], [-92.76229881051485, 44.86796280996435], [-92.76229688362857, 44.86796441245505], [-92.76229491541979, 44.8679660404124], [-92.76229294271941, 44.867967667096345], [-92.76229092420498, 44.867969323066944], [-92.76228896408101, 44.86797089627082], [-92.76228695634637, 44.86797250067129], [-92.76228494322181, 44.86797410188843], [-92.7622828860798, 44.86797573239215], [-92.76228088642998, 44.86797728203917], [-92.76227883916944, 44.86797886097284], [-92.76227678831566, 44.86798043735974], [-92.76227467907138, 44.867982049399984], [-92.76227264977715, 44.8679835653035], [-92.76227056299075, 44.867985116860275], [-92.76226847261108, 44.86798666523373], [-92.76226637414658, 44.86798821106043], [-92.76226427388544, 44.86798975306712], [-92.76226088005029, 44.86799223606706], [-92.76225749070673, 44.86799472352354], [-92.76225410495643, 44.86799721416323], [-92.76225072549431, 44.86799970734949], [-92.76224735052381, 44.868002203082355], [-92.76224397914653, 44.86800470263507], [-92.7622424367392, 44.86800584990806], [-92.76224062932884, 44.868007216831025], [-92.76223729927409, 44.86800974376017], [-92.76223397460923, 44.868012274509226], [-92.76223065353761, 44.86801480844146], [-92.76222733875422, 44.86801734492029], [-92.76222402666576, 44.868019884582345], [-92.76222088615553, 44.86802230200433], [-92.7622174527945, 44.868024995739404], [-92.76221418741846, 44.86802756532442], [-92.76221092743229, 44.86803013745598], [-92.7622076719377, 44.86803271277077], [-92.762204421833, 44.86803529317876], [-92.76220117621989, 44.86803787549666], [-92.76219990959532, 44.868038885249106], [-92.76219795935285, 44.868040474367724], [-92.76219476404539, 44.86804308788204], [-92.76219157233119, 44.868045703942855], [-92.76218838690518, 44.86804832318688], [-92.76218520507244, 44.86805094561417], [-92.76218202862961, 44.868053571224635], [-92.76217885757666, 44.868056199381634], [-92.76217569101527, 44.86805883072186], [-92.7621725307421, 44.86806146524529], [-92.7621693740622, 44.868064103588566], [-92.76216283163198, 44.86806968778437], [-92.76215629369334, 44.86807527452633], [-92.76214975755134, 44.868080862541014], [-92.76214322679922, 44.86808645310185], [-92.76213669784374, 44.86809204429883], [-92.76213017337982, 44.86809763931522], [-92.76212365071255, 44.868103236241105], [-92.76211713343517, 44.868108834439745], [-92.76211061885272, 44.86811443454788], [-92.76210410606691, 44.868120037202104], [-92.76209759867099, 44.868125641129105], [-92.76209109397003, 44.86813124823889], [-92.76208459286231, 44.868136855984794], [-92.76207809355122, 44.86814246691344], [-92.76207487758252, 44.86814524659264], [-92.76207162388455, 44.86814809312157], [-92.76206518206565, 44.868153735245706], [-92.76205874384002, 44.86815938118931], [-92.76205230830931, 44.86816502776901], [-92.76204587727018, 44.86817067689483], [-92.76203944892603, 44.86817632729343], [-92.76203302417511, 44.86818198023815], [-92.76202660211914, 44.868187635092276], [-92.76202018365643, 44.868193291855825], [-92.76201376968531, 44.86819895052885], [-92.76200735840912, 44.86820461047461], [-92.76200094982788, 44.868210273603154], [-92.76199454663654, 44.86821593673114], [-92.7619881443435, 44.86822160495187], [-92.7619817483387, 44.868227272535414], [-92.76198090392232, 44.86822803398558], [-92.76197975946866, 44.86822907684125], [-92.7619784101991, 44.86823033488933], [-92.76197705014977, 44.86823162795388], [-92.76197597845962, 44.86823267080949], [-92.76197512685674, 44.86823350483932], [-92.76197439203484, 44.86823424591615], [-92.76197360960221, 44.868235038562766], [-92.76197295383207, 44.868235707696556], [-92.76197206809319, 44.86823663595259], [-92.76197078080737, 44.86823800096005], [-92.76196980972857, 44.8682390565488], [-92.76196895543073, 44.86823999562805], [-92.76196833918644, 44.86824068831837], [-92.76196761604264, 44.86824150897812], [-92.76196696027247, 44.86824226087816], [-92.76196619311123, 44.86824316112087], [-92.76196525886334, 44.86824426700598], [-92.76196411261303, 44.868245662573116], [-92.76196302654985, 44.86824701484706], [-92.76196210847164, 44.8682481945851], [-92.7619614535998, 44.86824904325794], [-92.76196080321952, 44.86824989511409], [-92.76196015643252, 44.868250746333594], [-92.76195905330135, 44.868252251406744], [-92.76195795196682, 44.868253755843185], [-92.7619568524289, 44.86825526282623], [-92.76195575558596, 44.868256768535936], [-92.76195466053962, 44.868258275518905], [-92.76195356459496, 44.868259783138505], [-92.76195247404021, 44.86826129139475], [-92.76195138258714, 44.86826280092424], [-92.76195029382902, 44.86826431045371], [-92.76194915835849, 44.868265890016175], [-92.76194814865212, 44.86826734097251], [-92.76194709223334, 44.868268861961795], [-92.7619460376112, 44.8682703842244], [-92.761944985684, 44.868271905850285], [-92.76194393465514, 44.86827342938611], [-92.76194288632118, 44.868274954195236], [-92.76194183978389, 44.86827647773097], [-92.7619407950432, 44.868278003813366], [-92.76193975120084, 44.868279529259], [-92.76193871005343, 44.86828105597794], [-92.76193766980434, 44.86828258333351], [-92.76193663404682, 44.868284110689046], [-92.76193559828928, 44.86828563931789], [-92.76193456432839, 44.86828716731002], [-92.76193353216414, 44.86828869784871], [-92.76193250179651, 44.868290227750734], [-92.7619314732255, 44.86829175892606], [-92.76193044824777, 44.86829329010134], [-92.76192941698181, 44.86829483337316], [-92.7619245265534, 44.868302340269494], [-92.76191963163342, 44.868309857988116], [-92.76191473671345, 44.868317377615774], [-92.76190984538673, 44.868324896605735], [-92.76190495675495, 44.86833241623143], [-92.76190006812317, 44.86833993712944], [-92.76189518308465, 44.86834745929981], [-92.76189029894446, 44.868354980832535], [-92.7618854174992, 44.86836250363758], [-92.76188053515563, 44.86837002644163], [-92.76187565730363, 44.868377549881416], [-92.7618707821466, 44.86838507459348], [-92.76186590698954, 44.8683925993046], [-92.76186103362912, 44.86840012528804], [-92.76185860638124, 44.86840387459115], [-92.7618561773367, 44.868407655727154], [-92.76185133631564, 44.8684151906219], [-92.76184649529456, 44.8684227280623], [-92.76184165786677, 44.868430264228415], [-92.76183682133727, 44.86843780166684], [-92.76183198750273, 44.868445340377626], [-92.76182715636313, 44.86845287908738], [-92.76182232432521, 44.868460419069535], [-92.76181749677887, 44.86846795841398], [-92.76181266923254, 44.86847549903078], [-92.76180784527948, 44.86848304028327], [-92.76180302132639, 44.86849058280807], [-92.76179820096657, 44.86849812405858], [-92.76179338150507, 44.86850566785474], [-92.76178856384021, 44.86851321164991], [-92.76178384499003, 44.86852063447855], [-92.76177912613983, 44.86852805666955], [-92.76177440639134, 44.86853548076961], [-92.76176968843947, 44.86854290295869], [-92.76176496958928, 44.86855032705683], [-92.76176025253571, 44.868557749244], [-92.76175553458386, 44.86856517334022], [-92.76175081753028, 44.86857259679883], [-92.76174610047673, 44.86858002089309], [-92.7617413843215, 44.86858744434977], [-92.76173666726793, 44.86859486844217], [-92.76173195290933, 44.86860229253356], [-92.76172723675408, 44.86860971535075], [-92.76172252059884, 44.8686171400769], [-92.76172016431785, 44.86862085243961], [-92.76171780893517, 44.86862456480208], [-92.76171309906815, 44.868631992073], [-92.76170839099774, 44.86863941679627], [-92.7617036811307, 44.868646844065275], [-92.76169897306029, 44.86865427005996], [-92.76169426498988, 44.86866169605371], [-92.76168955602117, 44.86866912268311], [-92.76168484884909, 44.868676549948276], [-92.761680141677, 44.86868397657576], [-92.76167543630153, 44.868691403839016], [-92.76167072912945, 44.86869882982796], [-92.76166602375399, 44.86870625772591], [-92.76166131748023, 44.86871368498628], [-92.76165661210476, 44.86872111160898], [-92.76165206123953, 44.86872829502723], [-92.76165037510175, 44.86873096262626], [-92.76164884616912, 44.86873338638497], [-92.76164731454156, 44.86873580950692], [-92.76164578471064, 44.86873823326543], [-92.76164425577802, 44.868740658297185], [-92.7616427259471, 44.86874308078215], [-92.76164119701448, 44.86874550517704], [-92.76163966898018, 44.8687479295718], [-92.76163814094589, 44.868750354603144], [-92.76163661291157, 44.86875277772439], [-92.76163508487728, 44.86875520211885], [-92.7616335577413, 44.868757627786515], [-92.76163203150362, 44.868760052817436], [-92.76163050436766, 44.868762477211554], [-92.76162977134238, 44.868763641659264], [-92.76162897992663, 44.86876490224228], [-92.76162745997715, 44.86876732918287], [-92.76162593912939, 44.868769756760024], [-92.76162441917991, 44.86877218306373], [-92.76162289923046, 44.86877461000402], [-92.7616213801793, 44.86877703694419], [-92.76161986112818, 44.868779463884266], [-92.76161834207703, 44.868781891460856], [-92.76161682212755, 44.86878431840073], [-92.76161530487303, 44.868786746613836], [-92.76161378761853, 44.868789173553495], [-92.7616122694657, 44.86879160176635], [-92.76161075310951, 44.8687940299791], [-92.7616092367533, 44.86879645755512], [-92.7616077500415, 44.86879883674504], [-92.76160406425389, 44.868804823237234], [-92.76160041350057, 44.86881076325276], [-92.76159676813715, 44.86881670454101], [-92.76159312726531, 44.868822647738604], [-92.76158949178337, 44.868828592845546], [-92.76158586169129, 44.86883453795192], [-92.76158223519249, 44.86884048560425], [-92.7615786149819, 44.86884643516598], [-92.76157499836455, 44.86885238536375], [-92.76157138803543, 44.868858337470826], [-92.76156778129956, 44.86886429148733], [-92.76156418085192, 44.86887024677645], [-92.76156058399752, 44.86887620333836], [-92.76155699432964, 44.86888216053626], [-92.7615552111738, 44.8688851216269], [-92.761553442391, 44.868888131739986], [-92.7615499335715, 44.86889411440293], [-92.7615464301419, 44.86890009770191], [-92.76154293030555, 44.86890608291022], [-92.7615394358591, 44.86891207066454], [-92.7615359459042, 44.868918059691566], [-92.76153246223755, 44.86892404871792], [-92.76152898216414, 44.86893004092699], [-92.76152550927725, 44.86893603377205], [-92.76152203818698, 44.86894202852649], [-92.76151857428326, 44.86894802455359], [-92.7615151148711, 44.8689540218534], [-92.76151165995051, 44.86896002042587], [-92.76150821041982, 44.86896602090772], [-92.7615047653807, 44.86897202266222], [-92.76150239921824, 44.8689762596064], [-92.76150003754736, 44.8689804978236], [-92.76149767946974, 44.868984737950434], [-92.76149532768034, 44.868988978713574], [-92.76149298038249, 44.86899322138641], [-92.76149063937287, 44.86899746596889], [-92.76148830285481, 44.869001711824374], [-92.76148596993002, 44.869005958952876], [-92.76148364329342, 44.86901020608102], [-92.76148132114842, 44.869014456392144], [-92.76148044259608, 44.869016069040086], [-92.76147904841075, 44.86901871879941], [-92.76147680980907, 44.86902299139283], [-92.76147457749559, 44.86902726398598], [-92.76147234967368, 44.86903153912538], [-92.76147012454672, 44.86903581553779], [-92.76146790570797, 44.86904009322318], [-92.76146569225911, 44.8690443715449], [-92.76146348420014, 44.86904865113965], [-92.76146128063274, 44.86905293264403], [-92.76145908155694, 44.869057216058074], [-92.76145688876933, 44.86906149947176], [-92.7614547004733, 44.86906578543179], [-92.76145251666883, 44.86907007202812], [-92.76145033825426, 44.86907435989746], [-92.76144816612792, 44.86907864903977], [-92.76144599849314, 44.86908294009175], [-92.76144383445163, 44.86908723178003], [-92.76144167759662, 44.869091524104654], [-92.76143952433488, 44.869095818338955], [-92.76143859008698, 44.869097749311806], [-92.76143765763572, 44.86909968155788], [-92.76143672428614, 44.869101614440545], [-92.7614357936315, 44.86910354668653], [-92.7614348638752, 44.86910547829579], [-92.76143393411887, 44.86910741117827], [-92.76143300526087, 44.86910934406068], [-92.76143207819949, 44.86911127757969], [-92.76143115293475, 44.869113211098636], [-92.76143022767002, 44.86911514525419], [-92.76142930330359, 44.86911707877301], [-92.76142837893715, 44.86911901356504], [-92.76142745726565, 44.86912094772039], [-92.7614265355942, 44.869122882512336], [-92.76142607655508, 44.86912385022657], [-92.7614256256008, 44.86912481921413], [-92.76142472279395, 44.869126759099174], [-92.7614238208854, 44.86912869834749], [-92.76142291987519, 44.86913063695908], [-92.76142201796662, 44.869132576843924], [-92.76142111875303, 44.86913451609204], [-92.7614202186411, 44.869136455976765], [-92.76141931942752, 44.86913839649803], [-92.76141842290885, 44.86914033638262], [-92.7614175254919, 44.86914227690376], [-92.76141662897324, 44.86914421806154], [-92.76141573514953, 44.86914615794589], [-92.7614148404275, 44.869148100376826], [-92.7614139466038, 44.869150041534375], [-92.76141305547503, 44.869151983328564], [-92.7614120655316, 44.869154181057425], [-92.76141107648647, 44.86915637942292], [-92.76141008923796, 44.869158577151616], [-92.76140910198947, 44.8691607761536], [-92.7614081156393, 44.86916297515547], [-92.76140713198406, 44.86916517352058], [-92.7614061474305, 44.86916737379559], [-92.76140516377527, 44.869169573433865], [-92.76140418191666, 44.869171772435394], [-92.76140320185469, 44.869173972710165], [-92.76140222269102, 44.86917617362151], [-92.76140124442567, 44.86917837262278], [-92.76140026616034, 44.86918057417057], [-92.76139928969162, 44.86918277444501], [-92.76139880819463, 44.869183861212456], [-92.76139832130774, 44.86918497790262], [-92.76139736100872, 44.869187181996786], [-92.76139640340463, 44.86918938736417], [-92.76139544490219, 44.86919159273149], [-92.7613944872981, 44.86919379746205], [-92.76139353149065, 44.86919600410253], [-92.76139257747981, 44.86919820883292], [-92.76139162346898, 44.869200415473216], [-92.76139067035648, 44.869202621476774], [-92.76138971993889, 44.8692048274802], [-92.76138877041966, 44.86920703475691], [-92.76138782000207, 44.869209241396824], [-92.76138687138113, 44.86921144867332], [-92.76138592365852, 44.869213655949785], [-92.76138498132578, 44.86921585431296], [-92.76138439113264, 44.869217267682835], [-92.76138380632939, 44.86921867213954], [-92.76138322332275, 44.86922007659616], [-92.76138264211276, 44.86922148168944], [-92.76138206269941, 44.86922288741932], [-92.76138148508268, 44.86922429314921], [-92.76138090836427, 44.86922570015234], [-92.7613803334425, 44.86922710588211], [-92.76137976121566, 44.86922851288518], [-92.76137904974996, 44.86923026495406], [-92.76137863113503, 44.869231330074435], [-92.7613780876543, 44.86923274280727], [-92.76137754507185, 44.86923415554008], [-92.76137700518436, 44.86923556890951], [-92.76137646529688, 44.86923698164225], [-92.76137592810436, 44.869238395011564], [-92.7613753918101, 44.869239809654175], [-92.76137485731253, 44.86924122493342], [-92.76137432550988, 44.86924263957595], [-92.76137379280891, 44.86924405421851], [-92.76137326459951, 44.86924546949759], [-92.76137273639014, 44.869246885413354], [-92.76137221087568, 44.86924830196575], [-92.76137168625957, 44.869249718518056], [-92.76137116433839, 44.86925113443372], [-92.76137064331552, 44.86925255225928], [-92.76137012408931, 44.86925396881149], [-92.76136960576137, 44.869255387273654], [-92.7613690838402, 44.869256819105466], [-92.76136849095211, 44.869258472492376], [-92.7613678917758, 44.86926013988558], [-92.76136728990457, 44.86926180727875], [-92.76136668623671, 44.86926347467187], [-92.76136608077219, 44.86926514142827], [-92.76136547351105, 44.86926680754801], [-92.76136486535162, 44.86926847430431], [-92.76136425539555, 44.869270139787254], [-92.76136364274453, 44.86927180590685], [-92.76136303009349, 44.86927347138974], [-92.76136241474752, 44.86927513559924], [-92.76136166195931, 44.869277168430436], [-92.76136116429265, 44.86927846083484], [-92.76136051930227, 44.86928012058767], [-92.76135987341358, 44.86928178034039], [-92.76135922752489, 44.869283437546514], [-92.76135857714463, 44.869285097299176], [-92.76135792586605, 44.869286755141815], [-92.76135727458747, 44.869288411711125], [-92.76135662151226, 44.869290069553664], [-92.76135596484379, 44.86929172739621], [-92.761355307277, 44.869293383965335], [-92.76135464881189, 44.86929503989779], [-92.76135398855014, 44.86929669646686], [-92.76135332649179, 44.86929835239923], [-92.76135266263681, 44.869300007694925], [-92.76135199608686, 44.8693016617172], [-92.7613513286386, 44.86930331637614], [-92.7613506593937, 44.86930497421826], [-92.76134989043584, 44.86930679949986], [-92.76134911339312, 44.86930862669134], [-92.76134833275712, 44.86931045133617], [-92.76134754673124, 44.86931227661755], [-92.76134714877759, 44.86931319275981], [-92.76134674453571, 44.869314098078995], [-92.76134592527218, 44.869315915083824], [-92.76134510151705, 44.86931773145195], [-92.76134427416868, 44.86931954654668], [-92.76134341537927, 44.869321414483466], [-92.76134258174268, 44.86932316782289], [-92.76134171666507, 44.86932497464098], [-92.76134084619756, 44.869326779549084], [-92.76133997123846, 44.869328583820455], [-92.76133949872462, 44.86932955025796], [-92.76133908100802, 44.86933038427185], [-92.7613381746079, 44.86933218090329], [-92.76133726281789, 44.869333974988095], [-92.76133634563797, 44.86933576907283], [-92.76133537276255, 44.86933766247516], [-92.76133447893882, 44.86933934641902], [-92.76133352402967, 44.8693411309538], [-92.76133256642558, 44.86934291421524], [-92.76133160432991, 44.869344694293325], [-92.76133104737443, 44.869345719939155], [-92.76133062606456, 44.86934647182479], [-92.76132962803628, 44.869348241716395], [-92.76132862282147, 44.86935001288116], [-92.76132761491174, 44.86935178086267], [-92.76132660161208, 44.86935354820752], [-92.76132558382088, 44.869355313642316], [-92.76132455974145, 44.86935708035034], [-92.76132338833833, 44.86935903168729], [-92.76132220974867, 44.86936098493411], [-92.76132102756576, 44.86936293690754], [-92.76131983999295, 44.86936488697096], [-92.76131861918249, 44.869366882236584], [-92.76131742801641, 44.86936877436461], [-92.76131620361267, 44.86937071233145], [-92.76131497202242, 44.869372649024946], [-92.76131373773723, 44.869374583171776], [-92.76131244685817, 44.869376597536586], [-92.76131123143759, 44.86937844127878], [-92.76130995942313, 44.86938036460235], [-92.7613086811205, 44.86938228537921], [-92.76130739922459, 44.86938420488273], [-92.76130605354828, 44.86938621288073], [-92.76130480039846, 44.86938803115657], [-92.76130348077331, 44.86938993792685], [-92.76130215665658, 44.8693918421505], [-92.76130082804826, 44.86939374573743], [-92.76129937008257, 44.869395825039994], [-92.76129812861085, 44.8693975369948], [-92.76129675329015, 44.8693994227553], [-92.76129537437619, 44.86940130851573], [-92.76129399007233, 44.86940319172951], [-92.7612926012769, 44.86940507303324], [-92.76129120978653, 44.869406952427006], [-92.76128981110963, 44.86940883054736], [-92.76128840883948, 44.86941070675775], [-92.76128700297605, 44.86941258105809], [-92.7612854767384, 44.86941454321622], [-92.76128368909096, 44.86941681733318], [-92.76128237216078, 44.86941844715939], [-92.76128079022754, 44.86942038703454], [-92.76128014254222, 44.86942117011508], [-92.76127918044656, 44.869422314176575], [-92.76127755269926, 44.869424234952085], [-92.76127660048508, 44.86942534781767], [-92.76127590249409, 44.86942614554108], [-92.76127423072934, 44.86942804721694], [-92.76127277096701, 44.86942968786588], [-92.7612708252161, 44.86943182191909], [-92.76126915794293, 44.869433631917076], [-92.76126733705784, 44.86943555651208], [-92.76126532034004, 44.869437665735695], [-92.76126376176302, 44.869439251632436], [-92.76126194896278, 44.86944108582284], [-92.76126127792126, 44.86944175685261], [-92.76126010741643, 44.86944290537027], [-92.76125825149707, 44.86944471791447], [-92.7612572364008, 44.86944569962966], [-92.76125637132317, 44.86944651963555], [-92.76125447318297, 44.86944830926024], [-92.76125285531715, 44.8694498174853], [-92.76125061671547, 44.869451856676875], [-92.7612488084068, 44.86945348904869], [-92.76124668119621, 44.86945536080104], [-92.76124445966252, 44.86945729558175], [-92.7612426657269, 44.8694588190862], [-92.76124031124255, 44.86946080352551], [-92.76123857300244, 44.869462230259025], [-92.76123649879247, 44.86946391865578], [-92.76123442009089, 44.86946559813941], [-92.7612324105596, 44.869467216504525], [-92.76123020250063, 44.869469013131706], [-92.7612284489892, 44.869470474880764], [-92.76122614930208, 44.869472409660965], [-92.76122456197898, 44.86947377845903], [-92.76122231978403, 44.86947573233858], [-92.76122075312216, 44.869477128512514], [-92.76121887654153, 44.869478818818806], [-92.76121805997295, 44.8694795624262], [-92.7612170233171, 44.86948052313136], [-92.76121518626235, 44.869482235083645], [-92.76121421069196, 44.86948315440646], [-92.76121337166548, 44.869483960405525], [-92.76121157772984, 44.86948569464047], [-92.76121046022564, 44.86948678458544], [-92.76120980176053, 44.86948743969838], [-92.7612080482491, 44.86948919621597], [-92.76120660735138, 44.86949065605458], [-92.76120460231168, 44.86949273853689], [-92.7612031694988, 44.8694942397577], [-92.76120123722262, 44.86949632032991], [-92.76119966606917, 44.86949803037179], [-92.76119795747353, 44.869499941595], [-92.76119629738686, 44.869501816529095], [-92.76119476216604, 44.86950360105883], [-92.76119295834896, 44.86950572237633], [-92.76119165399517, 44.86950729808476], [-92.76118995438264, 44.869509374200014], [-92.76118863745243, 44.86951103330946], [-92.76118716601201, 44.869512915883035], [-92.76118570535135, 44.86951480291303], [-92.76118425547048, 44.86951669376287], [-92.76118371198973, 44.86951742272686], [-92.76118316761068, 44.86951815232751], [-92.76118262502824, 44.869518881291484], [-92.76118208334412, 44.86951961025545], [-92.76118153986339, 44.86952033985602], [-92.76118099817927, 44.8695210681833], [-92.76118045469852, 44.869521797147236], [-92.7611799130144, 44.86952252674782], [-92.76117937222861, 44.86952325634835], [-92.76117883054448, 44.869523986585584], [-92.76117828886038, 44.8695247161861], [-92.76117774807457, 44.86952544578665], [-92.76117720639046, 44.869526175387186], [-92.76117631795664, 44.86952737738175], [-92.76117559032126, 44.86952836737192], [-92.76117505402702, 44.86952909824575], [-92.76117451683449, 44.869529829756175], [-92.76117398143859, 44.86953056126659], [-92.76117344424604, 44.869531293413615], [-92.76117290885014, 44.86953202492402], [-92.76117237345422, 44.86953275643441], [-92.76117183805832, 44.869533487944786], [-92.76117130176408, 44.86953422009183], [-92.7611707681648, 44.86953495160218], [-92.7611702318706, 44.86953568502248], [-92.76116969827132, 44.869536416532824], [-92.7611691637737, 44.869537148679825], [-92.76116866071715, 44.869537837534615], [-92.76116676796684, 44.86954045925734], [-92.76116490665758, 44.869543038324466], [-92.76116304534831, 44.86954561866475], [-92.761161186734, 44.869548197731646], [-92.76115932632304, 44.86955077679837], [-92.76115746591209, 44.86955335713831], [-92.76115560729777, 44.869555936204854], [-92.76115374778512, 44.8695585159079], [-92.7611518891708, 44.86956109624754], [-92.76115003055648, 44.86956367595035], [-92.7611487324909, 44.86956547830437], [-92.76114817373877, 44.86956625692637], [-92.76114632051434, 44.86956883917554], [-92.7611444663916, 44.869571420787985], [-92.76114261316718, 44.86957400303698], [-92.76114076084106, 44.869576584649145], [-92.76113890851495, 44.86957916753456], [-92.76113705708715, 44.86958174978316], [-92.76113520476103, 44.869584331395025], [-92.76113335423155, 44.86958691428005], [-92.76113150100711, 44.86958949843827], [-92.76112965137594, 44.86959208004974], [-92.76112891745234, 44.86959310505457], [-92.76112780893129, 44.86959466675433], [-92.76112597277486, 44.86959725536878], [-92.7611241366184, 44.86959984334641], [-92.76112211990059, 44.86960268853007], [-92.76112048586509, 44.86960502885106], [-92.76111867665811, 44.86960762574147], [-92.76111686655281, 44.86961022326838], [-92.76111502680311, 44.86961286790717], [-92.76111415543728, 44.86961417049041], [-92.76111325442704, 44.869615520822265], [-92.76111235431515, 44.869616872427414], [-92.76111145420325, 44.869618222122554], [-92.76111055498963, 44.86961957245431], [-92.76110965487773, 44.86962092469603], [-92.76110875566413, 44.86962227502773], [-92.76110785734882, 44.869623625996056], [-92.76110695993187, 44.869624978237624], [-92.7611060625149, 44.86962632920589], [-92.76110516509792, 44.86962768081079], [-92.76110426857927, 44.8696290324156], [-92.76110337295893, 44.86963038465709], [-92.76110225275977, 44.8696320755955], [-92.76110158261658, 44.86963308977654], [-92.76110069328443, 44.869634443927865], [-92.76109980215568, 44.86963579807915], [-92.76109891282354, 44.869637152867035], [-92.76109802438974, 44.86963850701825], [-92.76109713685423, 44.86963986180611], [-92.76109625111536, 44.86964121723055], [-92.76109536537649, 44.86964257265495], [-92.7610944796376, 44.86964392807937], [-92.7610935965937, 44.86964528414037], [-92.76109271444808, 44.869646640837956], [-92.76109183140416, 44.869647996898884], [-92.76109095015687, 44.869649354869765], [-92.76109007070622, 44.869650711567296], [-92.76108919125554, 44.8696520689014], [-92.76085533373593, 44.86998383236468], [-92.7606148385647, 44.87036239719165], [-92.76042717960354, 44.87071028829677], [-92.76027313919357, 44.87104796507269], [-92.76015524160074, 44.8714243933776], [-92.76008899084854, 44.871616268482846], [-92.75995362910825, 44.87188913106776], [-92.75993840176588, 44.87206611213707], [-92.75981820718087, 44.8722067747749], [-92.75971904934318, 44.87234428962718], [-92.7596264060879, 44.872482967250086], [-92.7596057574128, 44.87256119023283], [-92.75954545889765, 44.87265607587393], [-92.7594777771292, 44.87278538179386], [-92.7594351412892, 44.872858165145956], [-92.75934366225056, 44.872945473343734], [-92.75927213659101, 44.87301626708383], [-92.75919395711014, 44.87309650102994], [-92.75914235159202, 44.87317911196321], [-92.75911237840424, 44.873234583521004], [-92.75910237476525, 44.87326291259885], [-92.75905748774713, 44.87328885756563], [-92.75901260522058, 44.873311261071684], [-92.75900592265319, 44.87334077292845], [-92.75898764553041, 44.87334312200999], [-92.75897267780117, 44.87335609925131], [-92.75899260512911, 44.87336319614912], [-92.75901418356055, 44.87337619757697], [-92.75901579334153, 44.87341516110019], [-92.75901907848053, 44.873444678633135], [-92.75904233137165, 44.87344823535256], [-92.75905563182775, 44.8734399811149], [-92.75906728836688, 44.87341873628302], [-92.75907230725436, 44.87339158373145], [-92.75911726344277, 44.87331132855211], [-92.75916221334295, 44.87323579689707], [-92.75920382690016, 44.873172067881306], [-92.75923709959999, 44.87313430929578], [-92.7592636789526, 44.87313432648425], [-92.75926342742433, 44.87313733128224], [-92.75926199371312, 44.87315439623991], [-92.75923665852719, 44.87320503595969], [-92.7591440080854, 44.87332811016781], [-92.75911694094758, 44.87339998121259], [-92.75911184839823, 44.8734496206078], [-92.75911285361303, 44.87348706386653], [-92.7591386235836, 44.87352152715073], [-92.75915807749938, 44.87355336569145], [-92.75915803617687, 44.87358556580606], [-92.75913638767685, 44.87362224568775], [-92.75912265962268, 44.87364694847797], [-92.75912089802641, 44.87366526548442], [-92.75912930176588, 44.87371461754272], [-92.759130889089, 44.87372393868801], [-92.75911873398489, 44.873782596553305], [-92.75910049459135, 44.87387559265706], [-92.7591006625763, 44.873938278778155], [-92.75911190409376, 44.87398155106894], [-92.75912072015998, 44.87401548695226], [-92.75912067973577, 44.87404679684196], [-92.75912301625385, 44.87405551061752], [-92.7591307255956, 44.87407199727073], [-92.75914971328577, 44.874109414023955], [-92.75915747113658, 44.87417229023324], [-92.75916204715462, 44.87420106574124], [-92.75916724390854, 44.874220448235974], [-92.75917063774368, 44.87425509633082], [-92.75917746673649, 44.87429804371898], [-92.75919583997899, 44.8743807223164], [-92.75920208776178, 44.87441902564652], [-92.75920413771725, 44.87445832140289], [-92.75919638974794, 44.8744976101299], [-92.75917954633636, 44.87453291502321], [-92.75916832368351, 44.874552803498446], [-92.75915706869132, 44.87459706459358], [-92.75914368020034, 44.87466768505857], [-92.75914033217927, 44.87467890818842], [-92.75913879426349, 44.87468789242009], [-92.75912689517924, 44.87472845099164], [-92.75911483439823, 44.87476955318394], [-92.75909741875982, 44.874806207483886], [-92.75908036873572, 44.87483153744464], [-92.75906332320321, 44.87485283586515], [-92.75902348381868, 44.874905918596646], [-92.75899913947447, 44.87493999016506], [-92.75897083715314, 44.87497669592015], [-92.75895854281016, 44.874992264347846], [-92.75892928018978, 44.87504145866729], [-92.75890410220899, 44.87508578813813], [-92.75890327126736, 44.875100761326514], [-92.75889758133835, 44.87511515521607], [-92.75888544599717, 44.87513397593262], [-92.75888458810608, 44.87513530512756], [-92.75886163704888, 44.87520407437404], [-92.7588422361337, 44.87530114232985], [-92.75883568472032, 44.87535354604798], [-92.75882029118961, 44.87539650662128], [-92.75881457880271, 44.87542702766812], [-92.75881697640621, 44.875453521667964], [-92.75882100355363, 44.87547252879292], [-92.75881368857229, 44.87548807353285], [-92.75880474045373, 44.8755145611387], [-92.75880389873232, 44.87553990033642], [-92.7588088232967, 44.87556285424689], [-92.75881405508491, 44.87558716852529], [-92.75880067018717, 44.8756183209607], [-92.75880634843807, 44.875649487383996], [-92.75881965967397, 44.875675237754045], [-92.75880819088273, 44.87569826290766], [-92.75878717389836, 44.87573483067764], [-92.75878436935804, 44.87575848220283], [-92.75878331832915, 44.87576734467905], [-92.75879091358487, 44.87579173717043], [-92.75877189265705, 44.87582972190797], [-92.75876988851566, 44.87583372408592], [-92.75876600420038, 44.87588927074763], [-92.7587726301739, 44.875929018744216], [-92.75878113811795, 44.87598005643015], [-92.75879626934059, 44.87607355060568], [-92.75881522199646, 44.87615891937], [-92.75884943792732, 44.87623752375757], [-92.75890272060008, 44.87631343023476], [-92.75893786628727, 44.87635135097049], [-92.75902145721939, 44.87641952356763], [-92.75907767199325, 44.87648119031098], [-92.75913994320874, 44.87656448515621], [-92.75918246047114, 44.876629386162065], [-92.75920950155782, 44.876667908248876], [-92.75921084453917, 44.87666968873703], [-92.75921677162341, 44.87667808955927], [-92.7592226070795, 44.876686521572196], [-92.75922346856386, 44.8766877972594], [-92.75922812902354, 44.876695059254594], [-92.75922948008974, 44.876697227413224], [-92.7592364959321, 44.876708413862794], [-92.7592385997865, 44.87671185134186], [-92.75926142328292, 44.876747291102646], [-92.75927049806391, 44.87678946510883], [-92.75927148261746, 44.87680062671428], [-92.75927188955431, 44.876803248742746], [-92.75927231355912, 44.87680632973743], [-92.75927252286658, 44.87680794725959], [-92.75927271959762, 44.87680956478167], [-92.75927298370232, 44.87681117975747], [-92.75927314899234, 44.87681280109889], [-92.75927330170592, 44.8768144224403], [-92.75927336368967, 44.876816048237586], [-92.75927348586056, 44.87681766957891], [-92.75927359096343, 44.87681928964703], [-92.7592736763034, 44.87682092690243], [-92.75927374188042, 44.876822526600236], [-92.75927378769448, 44.87682414157568], [-92.75927523847369, 44.876836430537736], [-92.75928125359282, 44.87689265926919], [-92.75928978309643, 44.87692540687336], [-92.75929336467948, 44.87693915928285], [-92.75929941752786, 44.87696511341392], [-92.75929176208501, 44.87700295032992], [-92.75927342118186, 44.87706781328385], [-92.75925961317762, 44.87715754550123], [-92.75924577912225, 44.877266740527595], [-92.75925331239424, 44.8773251325176], [-92.75927033367222, 44.87738328828355], [-92.75927243123841, 44.87738996073392], [-92.75927577656452, 44.877399395228636], [-92.75929554309404, 44.877427782093086], [-92.75932636249482, 44.87746780720449], [-92.75933539056342, 44.877509109866665], [-92.75932440776076, 44.877576207850936], [-92.7593297886693, 44.877629122564635], [-92.75936599257189, 44.8777181899756], [-92.75938587767902, 44.877789181543136], [-92.75940932370794, 44.877914373957104], [-92.75943106383613, 44.87795439427407], [-92.75951596271531, 44.878082739822204], [-92.75962078443088, 44.87820447129184], [-92.75963611597783, 44.878222336167745], [-92.75967407698509, 44.8782598762599], [-92.75970140822763, 44.878286903023216], [-92.75980295019409, 44.87840569510294], [-92.75982467954249, 44.87845474709969], [-92.75982821980301, 44.87852701786069], [-92.75982085810926, 44.87860315174853], [-92.75983348662554, 44.878668977269704], [-92.7598574941015, 44.87873577599708], [-92.75985908052628, 44.87874018918274], [-92.759860686714, 44.878743960728], [-92.75989866299265, 44.87882516888014], [-92.75992686110942, 44.878867489042165], [-92.75993175153782, 44.87887537266797], [-92.75993883385553, 44.87888583748732], [-92.75994027565157, 44.8788879298144], [-92.75999846671903, 44.8789563024643], [-92.76000778135021, 44.87897469416617], [-92.76000965523589, 44.87897777058879], [-92.76002201695252, 44.87900148570869], [-92.76003137470283, 44.8790094800749], [-92.76006736660301, 44.87904022963456], [-92.76008910134131, 44.87908541153993], [-92.76012172096593, 44.879139633598854], [-92.76013803706641, 44.879161582245], [-92.76014119913621, 44.87918502230258], [-92.76014343504296, 44.879201591509826], [-92.76015248646776, 44.87922353567655], [-92.76017834986311, 44.879235998538775], [-92.76018106277526, 44.879237928534856], [-92.7601964931369, 44.87924891588931], [-92.76020292417603, 44.87927556089952], [-92.7602055265954, 44.87928634518997], [-92.76022057517305, 44.87930622947618], [-92.76034331019368, 44.87946839455514], [-92.76038320347712, 44.87951487721039], [-92.76040855213782, 44.879575546999945], [-92.76045168744113, 44.879639452247204], [-92.76045406438337, 44.87964279025132], [-92.76045724621609, 44.87964686345627], [-92.76057226650508, 44.87978924276235], [-92.76064767827654, 44.87987100449793], [-92.76065380299015, 44.879876657567024], [-92.76070287525918, 44.87990288981192], [-92.76074097281038, 44.87993517612501], [-92.76074683162267, 44.879948465054696], [-92.76075872262209, 44.879975438192496], [-92.7607590999145, 44.87997650184091], [-92.76076089115517, 44.879980356691064], [-92.76076327977553, 44.879985967101696], [-92.76078811909143, 44.88004430095384], [-92.7607916728267, 44.880052644631874], [-92.76079469206438, 44.88005718629624], [-92.76081925290255, 44.88009428216453], [-92.76082069649522, 44.88009628724268], [-92.76082250839714, 44.880098851833], [-92.76084061304338, 44.88012623355414], [-92.76090409339126, 44.880189508023385], [-92.76104016839385, 44.880290253081725], [-92.76121436789714, 44.88040263690397], [-92.76125476603377, 44.88042500072185], [-92.76125771969443, 44.88042667161069], [-92.76130071845381, 44.880450438328744], [-92.76144377246787, 44.88056540995918], [-92.76172365786599, 44.8807110249998], [-92.76203585925815, 44.88085666004062], [-92.76242348499818, 44.880987032169116], [-92.7628692191607, 44.88110150751352], [-92.76292578337919, 44.88111239203217], [-92.7634131005562, 44.88120615793763], [-92.7636843387714, 44.88125365380178], [-92.76383736139017, 44.88128045001176], [-92.76416544319993, 44.881323602207964], [-92.76437265489156, 44.88134827304885], [-92.76446054336401, 44.88137956621844], [-92.7645107591884, 44.881397446021516], [-92.76455391874623, 44.88140974419112], [-92.7646056922493, 44.88144045682303], [-92.76468336508034, 44.881477320743585], [-92.76479557004922, 44.881520342306125], [-92.76489054892421, 44.88152653497956], [-92.76492944058613, 44.8814989451472], [-92.76494240327567, 44.881489749382155], [-92.76498560864759, 44.88146523009312], [-92.76501959101647, 44.88146470051048], [-92.76505404769581, 44.8814865025072], [-92.76506949422712, 44.88149627623044], [-92.76507950235771, 44.88154395899095], [-92.7650860492795, 44.88157515084804], [-92.76504706509112, 44.88169342374428], [-92.76502485514403, 44.88170524064534], [-92.76495818308196, 44.88177617828202], [-92.76491928243689, 44.88182347317381], [-92.76485807931827, 44.88196144943166], [-92.76476862238734, 44.882147588184324], [-92.76467970534387, 44.88225794491712], [-92.76457416048451, 44.882352518593514], [-92.76445193930022, 44.882470742153686], [-92.76435161814425, 44.88258975982937], [-92.76430709763875, 44.88269619930519], [-92.76430518153227, 44.882725609600364], [-92.76430144454068, 44.88278294709359], [-92.76434021313338, 44.88284606142499], [-92.76435656696313, 44.882861284012435], [-92.76441227239222, 44.88291313981915], [-92.76445638416425, 44.88294546454255], [-92.76452429679973, 44.88303733450897], [-92.76464674256285, 44.883156280361135], [-92.76474676547817, 44.883314251529626], [-92.76478296399085, 44.88336007039434], [-92.76483355620934, 44.88342410828469], [-92.7649685945561, 44.88356830752811], [-92.76511334099615, 44.88367133549956], [-92.76523877904748, 44.88376748853548], [-92.7653545602095, 44.88386363568223], [-92.76547999197261, 44.88396665230445], [-92.76557646564426, 44.8840559250383], [-92.76569224051805, 44.88415893558775], [-92.7658958841014, 44.88438320926202], [-92.76597908426639, 44.88453526094638], [-92.7660224019277, 44.88472711079473], [-92.76603078231098, 44.88476422720177], [-92.76615558705004, 44.884949556832034], [-92.7662934416152, 44.88506006794595], [-92.76637780869177, 44.88518451322801], [-92.76648815235137, 44.8853088564049], [-92.76652401489415, 44.88541114358587], [-92.76653994741403, 44.885456588443496], [-92.76657767575763, 44.88558505091581], [-92.76660350411869, 44.88564573594436], [-92.76664911517892, 44.88575289470558], [-92.76669055985288, 44.88586369577896], [-92.76677877082052, 44.88597821424666], [-92.76691169543143, 44.88610193706269], [-92.76691373909868, 44.88610383946043], [-92.76703847826073, 44.88620384222731], [-92.76721010409071, 44.886356128409744], [-92.76720407100527, 44.886425919134076], [-92.767199571344, 44.88647797539553], [-92.76724618043252, 44.88661831830712], [-92.76733996814143, 44.886766934843116], [-92.76740219264454, 44.88688513151076], [-92.76748000022287, 44.88701072292109], [-92.76758895957863, 44.887162179576514], [-92.76766488698307, 44.887249508077296], [-92.76770870949758, 44.88729991072496], [-92.7677917075416, 44.88743288915994], [-92.76783313335095, 44.88756215105527], [-92.7678381845778, 44.88769139293026], [-92.76796279528075, 44.887791161906705], [-92.7680207734475, 44.88786256046396], [-92.76807394113591, 44.88792803298331], [-92.76820395700192, 44.88803070310197], [-92.76830092025537, 44.888165414792404], [-92.76839545985418, 44.888273951848845], [-92.76846181481096, 44.88835013266429], [-92.76849813818949, 44.888398155331494], [-92.76853446246629, 44.88844617923154], [-92.76868148793223, 44.88858919229333], [-92.76870646379209, 44.88861348706552], [-92.76885699628086, 44.88877235017072], [-92.76888997792652, 44.88887796420621], [-92.76891943278638, 44.88897228706382], [-92.76906996527515, 44.88913115045088], [-92.76922571787406, 44.88927155435092], [-92.7692759076473, 44.889314661730886], [-92.76937628629547, 44.88940087639379], [-92.76950089789673, 44.88950433750998], [-92.76958291947207, 44.889653260347956], [-92.7696277121671, 44.88971121463421], [-92.76967489887232, 44.889772266345986], [-92.76988367093763, 44.88993530946501], [-92.76995892101233, 44.889994077452414], [-92.77002120480425, 44.89006796168689], [-92.77000550764298, 44.89016395829043], [-92.77005212301968, 44.890307993626244], [-92.77007449017195, 44.8903572454936], [-92.7701091525655, 44.89043357056244], [-92.77019245963001, 44.89056393498917], [-92.77029625546952, 44.89069692306142], [-92.77040005580061, 44.89082621962493], [-92.77040126493297, 44.89090166773047], [-92.77040232674163, 44.89096789093925], [-92.77050023861604, 44.891116116936374], [-92.77052393168164, 44.89114753462042], [-92.77055497655955, 44.89118869763462], [-92.77060313793686, 44.89125189565954], [-92.77061334998501, 44.89126529652885], [-92.77063752364931, 44.891284642091286], [-92.77064511441347, 44.891295695877275], [-92.77065649966138, 44.89131227687046], [-92.77067932136117, 44.89139440343792], [-92.77069813567648, 44.89151770666778], [-92.77073090711637, 44.89172111005709], [-92.77075578146658, 44.891846759639876], [-92.77075988047922, 44.89186931247532], [-92.77076164027886, 44.89187900106584], [-92.7707637998288, 44.89190624862696], [-92.77076592614108, 44.89193781225174], [-92.77076650555443, 44.89195359883066], [-92.77076751076925, 44.891981001638314], [-92.77077310817178, 44.892009021105416], [-92.77077474939381, 44.8920172325861], [-92.7707650628601, 44.89206869002595], [-92.77076155314228, 44.89210996120523], [-92.7707569573613, 44.892164000433795], [-92.77075335781194, 44.89228423903077], [-92.77075583806045, 44.89234005682603], [-92.77075701844673, 44.89236663213347], [-92.77076120190101, 44.892381510456424], [-92.77076889147983, 44.89240885896647], [-92.77077335520848, 44.89244269934086], [-92.7707746784269, 44.8924527251247], [-92.7707738322139, 44.892509527260096], [-92.77078372356348, 44.89263977497603], [-92.77081453667606, 44.892785374091495], [-92.7708318840425, 44.892864089406444], [-92.77084266921581, 44.89291302661698], [-92.77089411752875, 44.89311915263328], [-92.77092785196261, 44.893247488534136], [-92.77094536641573, 44.89331456307251], [-92.77094790595302, 44.89332429023916], [-92.7709612576131, 44.89335489468832], [-92.77097056236282, 44.89336142464512], [-92.77098265638146, 44.89336991403329], [-92.77099119935983, 44.89337217765781], [-92.77100551491219, 44.89337597051735], [-92.77102174477444, 44.8933952905508], [-92.77102451158552, 44.8934161379027], [-92.77102664059274, 44.89343217990264], [-92.77102583031234, 44.8934467384847], [-92.77102505057468, 44.893460743408205], [-92.77102126148081, 44.8934683711167], [-92.77100573679608, 44.89348392944983], [-92.77098825468234, 44.89351310449497], [-92.77097356004091, 44.89353500629251], [-92.77096512845367, 44.89354757551242], [-92.77094618747589, 44.89358539070456], [-92.77094286999754, 44.89359201291077], [-92.77092292919488, 44.89363911799195], [-92.770906033681, 44.893721110778436], [-92.77089570036028, 44.89379947034831], [-92.77089186096076, 44.89388549437471], [-92.77089659328568, 44.893947296401535], [-92.77090320847944, 44.894007443140715], [-92.7709153312442, 44.89408255679282], [-92.77093176053242, 44.89414207337693], [-92.77096032875511, 44.89427437734425], [-92.77097068183875, 44.89433453710517], [-92.77097235090854, 44.894365102197895], [-92.77097285576173, 44.89442988066768], [-92.77097946107402, 44.89449102282654], [-92.77098041598316, 44.89450766908131], [-92.77098114002527, 44.89452026354361], [-92.77097513119433, 44.89458103141939], [-92.77097462723947, 44.894586677952056], [-92.77096807043623, 44.89465940445412], [-92.77094736696385, 44.894751350531884], [-92.7709389524446, 44.89480153851271], [-92.77093423179777, 44.89482970042516], [-92.77091122055346, 44.89491765238054], [-92.77090745301913, 44.89494120756486], [-92.77090049556728, 44.89498471733454], [-92.7709013732213, 44.8950310060882], [-92.77090222841746, 44.89507607297998], [-92.77089562310518, 44.895111934794336], [-92.77088914086208, 44.89514711631091], [-92.77088325510034, 44.89526037283876], [-92.77088644950949, 44.89534243204102], [-92.77089113063043, 44.89541253958889], [-92.77089008948303, 44.8954268297607], [-92.77088701814307, 44.89546899643777], [-92.770880501764, 44.895535412296006], [-92.77086931863703, 44.89560181089578], [-92.77086659135182, 44.895660596638386], [-92.7708743078801, 44.89570437122594], [-92.77087139105038, 44.8957684023739], [-92.77086835025315, 44.895839437849595], [-92.77085371220558, 44.89590911397729], [-92.77084749676214, 44.89598037009498], [-92.77083732423988, 44.896017310606176], [-92.77082368511891, 44.896069194007275], [-92.77081993375428, 44.89608345919804], [-92.77080059751779, 44.896160099935955], [-92.77078664218985, 44.89621151866949], [-92.77078635383064, 44.89622757707122], [-92.77078610050573, 44.8962415399545], [-92.77078938474641, 44.89625698426635], [-92.77079356370912, 44.896276639326665], [-92.77080836435174, 44.89633855332736], [-92.77080927165018, 44.89634234217312], [-92.77081451511648, 44.896402940126514], [-92.77080788375306, 44.89645817866222], [-92.7708034308042, 44.89648164667179], [-92.770798546664, 44.89650738771806], [-92.77077677778972, 44.89656248552], [-92.77076420946058, 44.89658409279872], [-92.77073753847979, 44.89662993863818], [-92.77069734426071, 44.896711394536375], [-92.77067145032267, 44.896780717707045], [-92.77065532735993, 44.89683511908292], [-92.77063301320827, 44.896920490767485], [-92.77060885032377, 44.8969913339162], [-92.77059102954516, 44.89704246618744], [-92.77056256642538, 44.897083192267914], [-92.77054115957216, 44.897113824624874], [-92.77046979381274, 44.897205753415044], [-92.77040021749734, 44.89727642821786], [-92.77036916004302, 44.8973392014764], [-92.77034879882879, 44.897394564471995], [-92.7703369320839, 44.897420937632646], [-92.7703271575153, 44.897442661039086], [-92.77029240349357, 44.897554189838324], [-92.77027627424265, 44.89762835834908], [-92.77023985654102, 44.89775388493903], [-92.77022690013968, 44.89782808246371], [-92.77019317468897, 44.897940874277246], [-92.77017795902469, 44.897988505226714], [-92.77016145427798, 44.89804017304094], [-92.77014491809022, 44.89809271385845], [-92.77013082981162, 44.89813747863784], [-92.77010405193131, 44.898216553790675], [-92.77007886945897, 44.89830465201279], [-92.77006319116231, 44.8983930841733], [-92.77004287486385, 44.89844569657362], [-92.77000742644442, 44.89851768832595], [-92.76998188015436, 44.89854879589249], [-92.76995990736252, 44.89857555286598], [-92.76993258510316, 44.898600613376644], [-92.76990048021321, 44.89863006008319], [-92.76986572529319, 44.89866352263629], [-92.76983033526426, 44.89869289867826], [-92.76980997045676, 44.89870980397434], [-92.7697673076673, 44.898771717264154], [-92.76974580110108, 44.89881255665848], [-92.76970271430677, 44.89887847104883], [-92.76967512614608, 44.898932194027324], [-92.76964797546495, 44.89898506619077], [-92.76958805783549, 44.89906684009575], [-92.76953344026623, 44.899147412508675], [-92.76949972469697, 44.899209001439736], [-92.76948137481067, 44.89924251965215], [-92.76943561283346, 44.89931992167259], [-92.76939528566372, 44.8993891150709], [-92.7693562933905, 44.89948158872979], [-92.76933820491395, 44.899508448352755], [-92.76929989446202, 44.89956339438083], [-92.76926831867978, 44.89963517093137], [-92.76924613298722, 44.899674251571035], [-92.76921985906178, 44.899714362379186], [-92.76921354839692, 44.8997239981065], [-92.76917158000516, 44.899786418719806], [-92.76914058273796, 44.89982616929577], [-92.76910703425536, 44.89987090600041], [-92.76908403289252, 44.8998918057277], [-92.76906586805916, 44.89990831170268], [-92.76901779830997, 44.89997718178238], [-92.76897253489776, 44.90006609751278], [-92.76895566453672, 44.90009321838667], [-92.76893446249939, 44.900127302400506], [-92.76888724075985, 44.90016865942517], [-92.7688815723904, 44.90017895874822], [-92.76887449905585, 44.90019181094671], [-92.76886671425561, 44.900217908574675], [-92.76886363123755, 44.90022824415857], [-92.76886484935308, 44.900277548615946], [-92.76888050609017, 44.90034408236419], [-92.76888119509799, 44.90034700938411], [-92.7689024672039, 44.900396997770876], [-92.76895009408366, 44.900469496125886], [-92.76901507282142, 44.90053614864131], [-92.7691054729834, 44.90061829766956], [-92.76918935227474, 44.90067186121876], [-92.7692756363561, 44.900728699140764], [-92.76936841705357, 44.900776588029146], [-92.76948468420417, 44.900830197244694], [-92.76959111839567, 44.90088246572042], [-92.76970742776707, 44.900933570988265], [-92.7698026141529, 44.900970939729994], [-92.76984446486536, 44.900987370311654], [-92.76990311676857, 44.901009712764505], [-92.76999656671094, 44.90104530999495], [-92.77012283121233, 44.901091253449266], [-92.77033759683721, 44.90116878087711], [-92.77057260060711, 44.901256251639545], [-92.77067178180098, 44.90129368507392], [-92.77076282695337, 44.90132804898345], [-92.77092299836515, 44.90138756315895], [-92.77096675889588, 44.9014046668237], [-92.7710331219375, 44.90143060355441], [-92.77114388151709, 44.90147740697321], [-92.77122417203888, 44.90151542183793], [-92.7712794920907, 44.901532440837315], [-92.77131260219545, 44.90153149275693], [-92.77132995046021, 44.901526145965185], [-92.77133450312208, 44.90152569610415], [-92.77136239670996, 44.9015229383989], [-92.77137902811911, 44.901525323234914], [-92.77138662696811, 44.90152641193675], [-92.7713934317064, 44.90153948462855], [-92.77138634669375, 44.90156144063565], [-92.7713673599019, 44.90157953241485], [-92.77134143811607, 44.901591807817105], [-92.7713068574692, 44.90159624597375], [-92.77128701278626, 44.90159784880043], [-92.77125396915685, 44.90160051805714], [-92.77121709870434, 44.90159293024126], [-92.77118907575904, 44.901587164136835], [-92.77112437010913, 44.901568396614586], [-92.7710349733653, 44.901542468217876], [-92.77092796515035, 44.901503725448585], [-92.77085063996732, 44.90147572906022], [-92.77066288578473, 44.90142297053902], [-92.77058384212457, 44.90140142489059], [-92.77054131767565, 44.90138983410341], [-92.7704747058007, 44.901373604706755], [-92.77039620202804, 44.901354478243], [-92.77023136117339, 44.90131969312009], [-92.77009171446922, 44.90129339619459], [-92.77006970394812, 44.90128894719746], [-92.76995946718803, 44.90126666402888], [-92.76987667755313, 44.90125250574954], [-92.7697987172612, 44.90123917338259], [-92.76963904710935, 44.90121069009656], [-92.76957447979997, 44.90119896755699], [-92.7694997318835, 44.90118539592904], [-92.7693943612973, 44.90116895585951], [-92.76929189765937, 44.90115296883068], [-92.76910030856882, 44.90111768981694], [-92.76893713588568, 44.90108792305274], [-92.7687659385521, 44.901073594200824], [-92.76864461119149, 44.901066230293296], [-92.76853554134297, 44.901067544890495], [-92.76852664442839, 44.90106765242534], [-92.76852456213356, 44.901067613611], [-92.76842563606121, 44.901065727615716], [-92.76838116496307, 44.90107182655766], [-92.7683704929775, 44.901076059865694], [-92.76835279706471, 44.90108307698819], [-92.76832635066275, 44.901095678918566], [-92.76831621856466, 44.90110050780188], [-92.76821727901758, 44.90112037118566], [-92.76815666339716, 44.901123819295826], [-92.76812220941275, 44.90112242198087], [-92.76809298541993, 44.901121235281174], [-92.7680664941022, 44.90111868371773], [-92.76802410260395, 44.9011145999434], [-92.76798888684817, 44.90111973488554], [-92.76794820843716, 44.90112566392967], [-92.76786485286362, 44.90114041590803], [-92.76778769386894, 44.901143462511776], [-92.76771657694285, 44.9011445715824], [-92.76767641236816, 44.90114519770141], [-92.76758193744806, 44.901151838762345], [-92.76745066394065, 44.9011686523446], [-92.76732072443141, 44.90118948097092], [-92.76721161595533, 44.90120724835461], [-92.76713002197808, 44.9012290250523], [-92.76710194513386, 44.90123651938026], [-92.7670662415929, 44.9012467313391], [-92.76699258872276, 44.90126779600388], [-92.76691863132372, 44.90128993664122], [-92.76686444674242, 44.90130615651701], [-92.76680869010937, 44.901326680306866], [-92.76673046840769, 44.901355474048614], [-92.7666293477511, 44.90139858700596], [-92.76660332984551, 44.901408408885985], [-92.76654781485927, 44.901429365957384], [-92.76645652536516, 44.90145455311976], [-92.76633046927293, 44.90149418419137], [-92.76619418047127, 44.90153522208507], [-92.76608056155413, 44.90156893046624], [-92.76604692413832, 44.90157891075461], [-92.7659012677049, 44.90161235632048], [-92.76587450419763, 44.901617715193815], [-92.76578536706694, 44.90163556389084], [-92.76572081592727, 44.90164840749191], [-92.76566876394642, 44.901658763816336], [-92.76555727044325, 44.901691272074984], [-92.76543834158448, 44.90172621095613], [-92.76535047826485, 44.90174894189697], [-92.76531878031174, 44.90175714244246], [-92.76527306684358, 44.90177348880878], [-92.76524962620454, 44.901784782369894], [-92.7652062016437, 44.90179139090599], [-92.76516415959009, 44.90179926184589], [-92.76508185684206, 44.90181427007724], [-92.76504228605381, 44.90181710603249], [-92.76499830633412, 44.90182025886119], [-92.76494750660481, 44.9018257990585], [-92.76489405235382, 44.901841822168876], [-92.76480649535972, 44.90185527974563], [-92.764753409418, 44.90186426227863], [-92.76470549238242, 44.90187236927277], [-92.76464336310076, 44.90188537507529], [-92.76459098682811, 44.901896339651735], [-92.76453614827328, 44.901911099704144], [-92.76449617144648, 44.90192174231232], [-92.76445400273043, 44.901936620708305], [-92.76438589605885, 44.90194525135971], [-92.76433439923687, 44.90195053321084], [-92.76428888609301, 44.90195645262496], [-92.76425711447804, 44.901960584697555], [-92.76418374996709, 44.90196791794864], [-92.76405117659746, 44.90197845937608], [-92.76388268678613, 44.90198967081549], [-92.76372478362046, 44.90199923171547], [-92.76357504344574, 44.902005360464024], [-92.76350793659907, 44.902009297192066], [-92.76347917523861, 44.9020109846338], [-92.76333556516741, 44.90200916611624], [-92.76320244202883, 44.90200736923251], [-92.76316098208352, 44.90200680929706], [-92.76309658455574, 44.90200775609701], [-92.76297257033414, 44.90200957906863], [-92.76281104066963, 44.902005842135786], [-92.76261909404961, 44.902009580977484], [-92.76250782063369, 44.90200900004451], [-92.76243040022923, 44.90200859600017], [-92.76233568006906, 44.902011526753114], [-92.76224334852921, 44.90201438242364], [-92.76208447069142, 44.902019426295894], [-92.7618717702934, 44.90202222215477], [-92.76177226121445, 44.90202493465948], [-92.76167268835508, 44.90202764843666], [-92.7616148961396, 44.902030119787234], [-92.76167255899769, 44.9059926022215]]]}, "properties": {"OBJECTID": 614, "PWATER_": 0, "PWATER_ID": 0, "LAYER": "WTRDRLBL", "COLOR": 7, "THICKN": 0, "TYPE": "SIMPLEX", "ELEVAT": 0, "HANDLE": "6A", "ANGLE": 0, "SIZE": 3, "TEXT": "82-1P", "ATTRIB": " ", "IID": 0, "EDITOR_NAME": "GIS\\TASIEBE", "EDIT_DATE": 1384214400000, "created_user": null, "created_date": null, "last_edited_user": null, "last_edited_date": null, "Shape_Length": 22913.367735912758, "Shape_Area": 7606971.547821213}}]}