{"type": "FeatureCollection", "features": [{"type": "Feature", "id": 1, "geometry": {"type": "LineString", "coordinates": [[-92.78178828611826, 44.896769706337984], [-92.78163392141649, 44.89677465521812], [-92.7815567642184, 44.896777128703505]]}, "properties": {"OBJECTID": 1, "COLOR": 142, "LAYER": "CRKLIN", "LINETYPE": "DIVIDE", "LINEWEIGHT": 0, "SUBTYPE": 2, "Direction": null, "Distance": null, "Delta": null, "Radius": null, "Tangent": null, "ArcLength": null, "Side": null, "EDITOR_NAME": null, "EDIT_DATE": null, "created_user": null, "created_date": null, "last_edited_user": null, "last_edited_date": null, "Shape_Length": 25.79928028808554}}, {"type": "Feature", "id": 14, "geometry": {"type": "LineString", "coordinates": [[-92.77943566396617, 44.897435868736984], [-92.77945913874116, 44.89740287763462], [-92.77946696755888, 44.897387971975384], [-92.77946971460702, 44.89735535883255], [-92.7794580059656, 44.89731531892175], [-92.77943891407087, 44.897265226677234], [-92.77942798067554, 44.89721213721195], [-92.77945485557392, 44.89715939068702], [-92.77948480450716, 44.89711626818751], [-92.77950882725449, 44.89707194487279], [-92.77955901972267, 44.897044750666765], [-92.77960016166438, 44.89704013207305], [-92.77966644026435, 44.89704956207272], [-92.77972457204301, 44.89706160808523], [-92.7797796612278, 44.89706249260479], [-92.77984696031395, 44.89707538877131], [-92.77989888114075, 44.897102354515184], [-92.77996821041943, 44.89712256417881], [-92.78005731251584, 44.897154856736286], [-92.78011687710737, 44.897163206205164], [-92.7801246717891, 44.89716429880763], [-92.78018699959844, 44.8971533435103], [-92.78030418662391, 44.897125603359335], [-92.78032065813295, 44.89712087277552], [-92.78040139242248, 44.89709768438217], [-92.78047602355797, 44.897093366783764], [-92.78057069520912, 44.89708615890722], [-92.78063259991198, 44.897068289071186], [-92.7806649320757, 44.89704285244899], [-92.78067624905165, 44.897014155181054], [-92.7807042881666, 44.896987145488026], [-92.78077135638571, 44.89695242517552], [-92.7808134307787, 44.896925925803416], [-92.78086959434856, 44.89689686830478], [-92.78091522337509, 44.8968830716672], [-92.78094826251294, 44.89687837733521], [-92.78099127654367, 44.896859569458755], [-92.78102312810871, 44.89683067419527], [-92.78105473263705, 44.89681559784651], [-92.78109792543253, 44.89681714035341], [-92.78113834782368, 44.89682249903738], [-92.7811794726974, 44.89681864786117], [-92.7812174705356, 44.89680862156579], [-92.78126658951702, 44.896810985597895], [-92.78130854353573, 44.89682134724808], [-92.78134417970304, 44.89682243858432], [-92.78140168266103, 44.896809135734806], [-92.78147281935006, 44.89678865933118], [-92.7815567642184, 44.896777128703505], [-92.78163392141649, 44.89677465521812], [-92.78178828611826, 44.896769706337984], [-92.78182684270858, 44.89677715415744], [-92.78189593034045, 44.89678637611435], [-92.78193222407455, 44.89678918368197], [-92.7820129475843, 44.896795427528524], [-92.78216326088416, 44.8967965016839], [-92.78237995159867, 44.89680523555889], [-92.78251094123847, 44.8968064350746], [-92.78254823389918, 44.89680677679339], [-92.78262671341734, 44.8968134081739], [-92.78267332340417, 44.8968240071813], [-92.7827248884981, 44.89683921588814], [-92.78277634130264, 44.896855428110676], [-92.78281024461978, 44.89686081733574], [-92.78286034186654, 44.89686915157496], [-92.78302609181625, 44.8968669892673], [-92.78304981542458, 44.89686793424287], [-92.78308943472187, 44.8968695136565], [-92.78309721503054, 44.896869823557545], [-92.78315656492474, 44.896866218650864], [-92.78333928315185, 44.89685811540525], [-92.78338680223375, 44.89685911192511], [-92.78339817221028, 44.89686092678747], [-92.78341310221032, 44.89686330863512], [-92.78344922795948, 44.89687158560277], [-92.78356462015097, 44.89689967841239], [-92.78364237652534, 44.89691299587695], [-92.78369027559461, 44.89692068485321], [-92.78374295190454, 44.896923389962446], [-92.78378375697801, 44.89691909335037], [-92.78382920364656, 44.89691428638796], [-92.78386122409485, 44.896912832335836], [-92.78388512646795, 44.89692035777107], [-92.78391121354379, 44.896939940697514], [-92.7839141052207, 44.89694321597215], [-92.78393438558655, 44.896966191888204], [-92.78396088139584, 44.896990462758794], [-92.78397212291331, 44.89699455318952], [-92.78397632074063, 44.896995300259434], [-92.78399559409506, 44.896998729526615], [-92.78402337719015, 44.896997581558935], [-92.78405875464269, 44.896991804175734], [-92.78410874319329, 44.89698445629041], [-92.7841767627283, 44.89696652660622], [-92.78420603702678, 44.89695937089419], [-92.78429240015986, 44.89694137184048], [-92.78429826526036, 44.89694013796486], [-92.78435103140184, 44.896936150618416], [-92.78438674392596, 44.89694007687562], [-92.78438885586519, 44.89694090158053], [-92.78441202431469, 44.89694995297038], [-92.78444236940499, 44.89696789156854], [-92.78447968542187, 44.89699256969974], [-92.78451662953626, 44.89700988275692], [-92.7845549759208, 44.89702623874537], [-92.78455967590635, 44.89702824386973], [-92.78460371850811, 44.89704293326482], [-92.78463518110263, 44.89704783439556], [-92.78469390756601, 44.8970555984425], [-92.78474289180014, 44.8970527240717], [-92.7847876234097, 44.897051425927614], [-92.78482491247715, 44.89704332079909], [-92.78485240182316, 44.89702912648079], [-92.78486369903617, 44.897020315641974], [-92.78488684323115, 44.897002267608705], [-92.78492398766983, 44.89697041149887], [-92.78495646805555, 44.89693551172661], [-92.78500788133422, 44.89689271232341], [-92.78504820760564, 44.89687613103009], [-92.78509069522363, 44.896852806359725], [-92.78513175452032, 44.89684439321105], [-92.78517285064794, 44.89683330294703], [-92.78520512531946, 44.89680889583169], [-92.78527188990802, 44.8967735855168], [-92.78533361045625, 44.89675412153083], [-92.78543565637757, 44.89674397813608], [-92.78550725480068, 44.89675274383648], [-92.78560362606434, 44.89675627811559], [-92.78569989492009, 44.89677142511457], [-92.78581838180773, 44.8967986760848], [-92.78591355471883, 44.89681420615399], [-92.78598319571292, 44.89683340030824], [-92.78602217091814, 44.89684100211549], [-92.7860667489158, 44.896849695893856], [-92.7861082016746, 44.89684697041807], [-92.7861493382264, 44.896832871503385], [-92.7862018591278, 44.89682466643748], [-92.78621548746898, 44.896821802873], [-92.78623517225179, 44.89681500031597], [-92.78625182611886, 44.896814290151895], [-92.78627402887942, 44.89681573338855], [-92.78630229796309, 44.896802839072826], [-92.78630534055695, 44.896784558067885], [-92.78633118239273, 44.89677524765826], [-92.78635480449145, 44.89677131375364], [-92.78637750761362, 44.896776700441194], [-92.78641428823462, 44.896792087974326], [-92.78644259774248, 44.89679337721533], [-92.78647327790438, 44.896773384430766], [-92.78656622299356, 44.89673354520089], [-92.78660341504293, 44.89671629505905], [-92.78663124035887, 44.89671100000007], [-92.78664908359536, 44.896725406301066], [-92.78666610038181, 44.89677116293912], [-92.78667766619108, 44.89681766915837], [-92.78670044207679, 44.896868442047875], [-92.78671433452264, 44.8969197188791], [-92.78670400479521, 44.89695243090263], [-92.78668763838905, 44.896979079803884], [-92.78666714871574, 44.89699767255636], [-92.78665888421513, 44.897017015554226], [-92.78666840905207, 44.89704351106631], [-92.78668892926811, 44.89706679620591], [-92.78669065223683, 44.897068751693965], [-92.78673682294747, 44.897099844772136], [-92.78677878145777, 44.89712923561255], [-92.78681811329416, 44.897144226608994], [-92.78682534922379, 44.897145080582774], [-92.78686322129785, 44.897149554081615], [-92.78692622194535, 44.897154335570555], [-92.78702393529207, 44.897167383802724], [-92.78705973405447, 44.897165288958725], [-92.78711074578617, 44.897151922554094], [-92.78717066880552, 44.89714062871927], [-92.78721865411306, 44.897142295940924], [-92.78725243436101, 44.89714988752585], [-92.7873202598599, 44.89718045939465], [-92.78736890003927, 44.89720320740494], [-92.78737921359703, 44.89721032426969], [-92.78739827584737, 44.89722347875843], [-92.78741112894245, 44.8972473206253], [-92.78740464939432, 44.897273702125936], [-92.78741052257965, 44.897291806072154], [-92.78744405309594, 44.89731779492925], [-92.78744425791183, 44.89733753107875], [-92.78744072034624, 44.89735523920031], [-92.78747387446842, 44.89737453307957], [-92.7875213567194, 44.897378539485906], [-92.78757748884824, 44.89736922344538], [-92.78762983367984, 44.8973615542557], [-92.78769150841399, 44.8973599710375], [-92.78775480101397, 44.89734334597135], [-92.78780608583354, 44.897309912558036], [-92.78784640851168, 44.897286437886805], [-92.78789347753765, 44.89725163884849], [-92.78792004970374, 44.89721840137558], [-92.78792459787401, 44.89721271373902], [-92.78792611512853, 44.89720218989173], [-92.78793395203108, 44.89714788113307], [-92.78794681410932, 44.89710180471346], [-92.78797742150768, 44.89706588814168], [-92.78801846553301, 44.89705880943974], [-92.78805687120634, 44.897072455221426], [-92.78807316754393, 44.897085278206106], [-92.78809046640134, 44.89709376004475], [-92.78812411280032, 44.897111386152936], [-92.78815998432624, 44.897138393878585], [-92.78818978683411, 44.8971620136967], [-92.78823278200022, 44.89718438627153], [-92.7882688843932, 44.897197089598635], [-92.78828805264473, 44.89720383420324], [-92.78833037676932, 44.897206133312054], [-92.78836952804436, 44.89719971133389], [-92.78837446788012, 44.897195517830156], [-92.78839571573153, 44.897177478760646], [-92.78841247919304, 44.897156183513516], [-92.7884237252021, 44.89712515282756], [-92.78842504662387, 44.89709705949174], [-92.78841626649027, 44.89705050259084], [-92.7884063993952, 44.896980185773096], [-92.78841339547463, 44.89695012732926], [-92.78842564310521, 44.89691475155737], [-92.78844393010945, 44.896885105432176], [-92.7884818659639, 44.89684286724991], [-92.78849009004031, 44.89683670995172], [-92.78852195508009, 44.89680588463374], [-92.78856751403802, 44.896766216604064], [-92.78859941411208, 44.896731904694], [-92.7886629681218, 44.89668960849146], [-92.7886953649642, 44.89666033515093], [-92.78872297468446, 44.89661826289091], [-92.78874571823083, 44.89657191050715], [-92.78877994134822, 44.896520965541036], [-92.78881515081576, 44.896481248952135], [-92.78885970635555, 44.896432286142144], [-92.7888878856077, 44.8963871204059], [-92.78891320552229, 44.89635742437313], [-92.78893143323774, 44.8963292485727], [-92.78891505784841, 44.89627226630385], [-92.78889477927919, 44.896225335195176], [-92.7888804322858, 44.896185007501515], [-92.78885588132906, 44.896128765170964], [-92.78881182165932, 44.89606159464336], [-92.78878932335303, 44.89601968421619], [-92.78876975624952, 44.89595417127189], [-92.78875581170136, 44.8959301067801], [-92.78875033377477, 44.89590997878749], [-92.78874737292757, 44.8958990983414], [-92.78874375451363, 44.895877402987914], [-92.78874181505093, 44.895850682940356], [-92.78874375631025, 44.89581623684866], [-92.78873961507679, 44.8957918312107], [-92.78874907433674, 44.895769419276114], [-92.7887655763885, 44.89575129957798], [-92.7887908370143, 44.89572818572279], [-92.78881775862504, 44.89570198233025], [-92.78883922925864, 44.89567614419664], [-92.7888465379518, 44.895650626140835], [-92.78884841093917, 44.89562392253328], [-92.78885680659381, 44.89559841145425], [-92.78886955458601, 44.89557369072488], [-92.7888822199332, 44.89555826277496], [-92.78890362588811, 44.8955397783749], [-92.78892780224734, 44.895515888072936], [-92.7889422166144, 44.89548769086018], [-92.78895024665472, 44.89544243592754], [-92.7889612707799, 44.895427774759945], [-92.78898582622818, 44.895422463673235], [-92.7889902755838, 44.89541203177098], [-92.78899052082386, 44.895384548507295], [-92.78899451383529, 44.89536404868726], [-92.78901714329561, 44.89533085785062], [-92.78902626568733, 44.89528521843028], [-92.78903791773487, 44.89526088193072], [-92.78905819360916, 44.895247037173235], [-92.78911566782104, 44.89521477790811], [-92.78912998067845, 44.89519780922063], [-92.78913341763273, 44.89517885633948], [-92.78913843652022, 44.89516571601939], [-92.7891461871845, 44.895151816511486], [-92.78915552786684, 44.89514256629232], [-92.78917093307564, 44.895124826943764], [-92.78917943922305, 44.89508731376547], [-92.78916993414903, 44.89505397958646], [-92.7891398046544, 44.895012421608946], [-92.78905868139434, 44.89494856716596], [-92.78902404145869, 44.894924023704114], [-92.7890096666175, 44.89488718112777], [-92.7890128331789, 44.89483748895368], [-92.78903999284317, 44.89478457415792], [-92.78912949558821, 44.89470329562331], [-92.78916563481208, 44.894681393634364], [-92.78921543830975, 44.89465413147878], [-92.78925108615516, 44.89462642003165], [-92.78929540992961, 44.894603159995114], [-92.78936179902236, 44.894609266622695], [-92.78942230504833, 44.89460373336648], [-92.78953064007496, 44.89460847815756], [-92.78957463237104, 44.89462222761296], [-92.78962779556788, 44.89464608137668], [-92.78967024455831, 44.89464975642343], [-92.78971597419617, 44.894651899086945], [-92.78976821122994, 44.894657166335136], [-92.78982859508504, 44.894664794521375], [-92.7898801682638, 44.89468360884303], [-92.78988641874155, 44.89471537967323], [-92.78987414326319, 44.894748617956544], [-92.7898428226025, 44.894779447559195], [-92.78978020014571, 44.89483955524583], [-92.78972274300183, 44.8948698782498], [-92.78968500567507, 44.894887515857924], [-92.7896315289662, 44.89489927786641], [-92.78959271905099, 44.894914972631696], [-92.78957776659308, 44.89494278003139], [-92.78962602588676, 44.895027388975244], [-92.78968595878759, 44.89508611548665], [-92.78974718975397, 44.89512115447289], [-92.78979935402421, 44.89514662885439], [-92.78984542502188, 44.895171922496665], [-92.78989634692206, 44.89520273596326], [-92.78993844646786, 44.89524550671516], [-92.78995915802506, 44.89525697083164], [-92.78999697530188, 44.89527790341784], [-92.79012724089955, 44.89532804130269], [-92.79016674251754, 44.89535686477581], [-92.79018227349047, 44.89538674332521], [-92.79018020646701, 44.89541790922192], [-92.79017975730936, 44.89542467058063], [-92.79011364220278, 44.89550954099673], [-92.79007718587359, 44.895566669748185], [-92.79006912349392, 44.89561618502023], [-92.79007476671055, 44.895654924756755], [-92.79009565343921, 44.89569489264234], [-92.79011822450904, 44.89572906071749], [-92.79014074347658, 44.89576864864496], [-92.79016048844653, 44.89581441686247], [-92.79019816917943, 44.895864138101246], [-92.79025607188771, 44.89596737377477], [-92.79028023656885, 44.89600580782354], [-92.79030831880294, 44.89603303306602], [-92.79034955866102, 44.896049863417716], [-92.790394103421, 44.89606283999225], [-92.79042013210635, 44.89607573129212], [-92.79043626674718, 44.89609864391923], [-92.79050407966965, 44.896189845706274], [-92.7905330817786, 44.89623588912982], [-92.7905506725885, 44.89627893847256], [-92.79056175061258, 44.89631925146422], [-92.79059468734246, 44.89635153110942], [-92.79065499394244, 44.89636806100946], [-92.79070612245515, 44.89637564442402], [-92.79074700747869, 44.89637157049447], [-92.79080756201367, 44.896360616318795], [-92.79089597420395, 44.896340496749445], [-92.79099263472514, 44.89631112332375], [-92.79102101070833, 44.89630505696718], [-92.79106681400805, 44.89629906697239], [-92.79111104345937, 44.896286491353955], [-92.79115201112789, 44.89627312601777], [-92.79119887264301, 44.89627062832922], [-92.79127613943554, 44.896278717657836], [-92.79133927123708, 44.89628403375628], [-92.79140949074622, 44.89628860659328], [-92.79148455936124, 44.89629862279765], [-92.79155087479214, 44.89631363055581], [-92.79159863462253, 44.896332426520104], [-92.7916364429162, 44.896368212461404], [-92.79165844175921, 44.89640547344498], [-92.7916870171684, 44.896438121489574], [-92.79171648999456, 44.89645548180367], [-92.79172873852346, 44.89646269739548], [-92.79173009767449, 44.89646295193614], [-92.79178583095134, 44.89647340592004], [-92.79185986380884, 44.8964779965598], [-92.79192851126622, 44.89647520743121], [-92.79197331743596, 44.89645876283311], [-92.79197920319771, 44.896451184520316], [-92.79199315313575, 44.89643322157956], [-92.79199942786802, 44.89640111888616], [-92.7920172055275, 44.89636210029344], [-92.79206887572431, 44.89630852254767], [-92.7920848666347, 44.89628652635337], [-92.79211084142113, 44.896244060553016], [-92.79213021448854, 44.89620891788885], [-92.79216196005237, 44.896191640226405], [-92.79220895990804, 44.8961732705738], [-92.79225914608801, 44.89616459132933], [-92.79230700293645, 44.89617270230892], [-92.79237094861165, 44.8962086041661], [-92.79242341202087, 44.89625026182309], [-92.79244159032896, 44.89628828205292], [-92.79247941209736, 44.89632290413169], [-92.79254124942656, 44.896351055117464], [-92.79259112209454, 44.89637760248098], [-92.79266181501582, 44.896389920356754], [-92.79271283573068, 44.89640989036601], [-92.79273274868558, 44.896449002470035], [-92.79275361744796, 44.896503604610345], [-92.79276620015013, 44.896558631780984], [-92.7928093264703, 44.89667031692772], [-92.79284781748358, 44.896751706588496], [-92.79289729040123, 44.89681131331701], [-92.79292816100596, 44.89683080846461], [-92.79297223504877, 44.89683565043309], [-92.7930250470043, 44.89683782228716], [-92.79306579099234, 44.89684961953221], [-92.79309614237084, 44.89686640128251], [-92.79311431618736, 44.896883025213896], [-92.79312580024994, 44.89691625906256], [-92.79317899219286, 44.89695362977892], [-92.79320948909844, 44.89698468155682], [-92.79322521231087, 44.897025267045926], [-92.79322949996971, 44.897069246770315], [-92.79323005962013, 44.89710818724919], [-92.79328181336028, 44.89717176502993], [-92.79331253394638, 44.897186240576936], [-92.79332556221294, 44.897185713684394], [-92.79337008900661, 44.89718177408075], [-92.79341947388937, 44.8971798007789], [-92.79345954683588, 44.8971846993526], [-92.79350356787805, 44.89717844409412], [-92.79358746783065, 44.89711077971668], [-92.79361954846608, 44.89710482862279], [-92.79366178904736, 44.89710974502053], [-92.79372442497886, 44.89713060438905], [-92.79378536668773, 44.89715646477753], [-92.79382002997963, 44.89716017020835], [-92.79386197501518, 44.89714696225223], [-92.7938910112601, 44.89712557217845], [-92.79394042488892, 44.89708118905454], [-92.79397386287874, 44.89705520009051], [-92.7940310882573, 44.89703477022769], [-92.79409166165692, 44.89700781208831], [-92.79414035932847, 44.89697614624903], [-92.79416834723946, 44.896952047185856], [-92.79417463095487, 44.896928575550234], [-92.7941710529651, 44.896912356984885], [-92.79415290519971, 44.89689064610503], [-92.79410917431336, 44.896868374595066], [-92.79410431173274, 44.896864093887594], [-92.79409568251612, 44.89685437686491], [-92.79405724540175, 44.896827880629324], [-92.79404492860088, 44.896804213584225], [-92.79405927828923, 44.896782598115756], [-92.79410736510638, 44.89676500372421], [-92.79427410410123, 44.89675646011124], [-92.79432045357662, 44.89675008517263], [-92.79440781563632, 44.896725310848744], [-92.79448797949564, 44.89671405511105], [-92.79456324124845, 44.89670239210782], [-92.79462180332014, 44.89667052055954], [-92.7946801758473, 44.89665955562287], [-92.79473703830647, 44.8966346476265], [-92.79478404894193, 44.896615499859436], [-92.79484729033794, 44.89660842619289], [-92.79490172914245, 44.896611378856946], [-92.79492348184706, 44.89661496023468], [-92.79493328246681, 44.896615391043596], [-92.79496219025268, 44.8966108755041], [-92.79500799714563, 44.89660449800395], [-92.79505701282079, 44.896604717544754], [-92.79509123593817, 44.8966145478799], [-92.79511071231184, 44.89662934492381], [-92.79513255933955, 44.896684413336864], [-92.79515515376559, 44.896716257514456], [-92.79521541005988, 44.89673859208181], [-92.79528342600163, 44.89674624990032], [-92.79534875867562, 44.89674886656529], [-92.79539337260589, 44.896754484249456], [-92.79543973914927, 44.896746173538475], [-92.79549055953984, 44.89672742989], [-92.79551791503688, 44.89671322976658], [-92.79554384580587, 44.8966754058133], [-92.79561343110441, 44.896566547345394], [-92.79566750339629, 44.89648742856064], [-92.79571293748842, 44.89639975327402], [-92.79573775254983, 44.89636540996405], [-92.79575599733326, 44.896334522667175], [-92.7957713872707, 44.896318333206494], [-92.79580101820035, 44.896293688512685], [-92.79585624392907, 44.89626915771563], [-92.79598590496056, 44.89620314933543], [-92.79601814369948, 44.8961912921404], [-92.79610416547277, 44.89619477300023], [-92.79614611769485, 44.89619302366139], [-92.79619298280322, 44.89619013397494], [-92.7962437340235, 44.89617874704341], [-92.79629723229195, 44.89616504823219], [-92.79634485288346, 44.89613816095688], [-92.79638426736487, 44.8961151083473], [-92.796421455821, 44.89609785547452], [-92.79645761570613, 44.89607362559032], [-92.79647483730845, 44.89603537613022], [-92.79647881684517, 44.89601642607054], [-92.79645718900638, 44.895998523447886], [-92.79641419833182, 44.895994461582376], [-92.79638754172407, 44.895990857257175], [-92.79636044494185, 44.8959752506028], [-92.79632913685758, 44.89594336846976], [-92.79630040963309, 44.89592775671165], [-92.7962699639315, 44.89592142813525], [-92.79626083704821, 44.895906674817894], [-92.79626270284905, 44.89588035950767], [-92.79628969273175, 44.89584602543289], [-92.79632093434071, 44.89582332397623], [-92.7963607593522, 44.895815758943215], [-92.7964087078288, 44.89581372832223], [-92.7964686991201, 44.89581662693663], [-92.79652140237951, 44.89583118300594], [-92.79656858189824, 44.895854620089764], [-92.79660667944944, 44.89585750152042], [-92.79663834955478, 44.89584835068666], [-92.79666298764808, 44.89583374880391], [-92.79667902167758, 44.8958063325594], [-92.79667978255063, 44.89578194855343], [-92.79669272278228, 44.895734776500625], [-92.7967294629791, 44.89570629494229], [-92.79677923503573, 44.89568251289074], [-92.7968157497554, 44.89567996617682], [-92.79686360301058, 44.89568830758717], [-92.7969172944168, 44.89571448489517], [-92.79698910035071, 44.8957405775554], [-92.7969927546973, 44.895741904365224], [-92.79703956500843, 44.89574560861446], [-92.79707241280511, 44.8957415594583], [-92.79708078061199, 44.89574052855569], [-92.79715845074809, 44.89572755572661], [-92.797203679126, 44.89572535646714], [-92.79724494054364, 44.89573994183212], [-92.79724662398648, 44.895740806644866], [-92.797279098084, 44.895757512991985], [-92.79731423927961, 44.89578747724173], [-92.79733624800406, 44.89582396351672], [-92.79737216624237, 44.895827221673265], [-92.79742236499878, 44.89581660466407], [-92.7974746532365, 44.89581606184997], [-92.79750621015414, 44.895820073455745], [-92.79754523386839, 44.89584153783275], [-92.79757178716989, 44.89585675379936], [-92.79759788412719, 44.89586190193821], [-92.79760769732334, 44.89586078385667], [-92.79764263909297, 44.89585126139014], [-92.79766565393054, 44.89583549306282], [-92.79769262584695, 44.89580309094704], [-92.79772707713641, 44.89578698660884], [-92.79777448213227, 44.8957848726238], [-92.79780871243617, 44.895793929286526], [-92.7978554571703, 44.89580458957229], [-92.79788857535988, 44.895816737026664], [-92.79792942265416, 44.895816916479845], [-92.79797690221018, 44.89580590238079], [-92.7980217182614, 44.89578829305414], [-92.79805237057552, 44.895770620086175], [-92.79807556058456, 44.89573721884912], [-92.7980805049119, 44.89573009862025], [-92.79810899677777, 44.89571048091833], [-92.7981444281292, 44.89570715466468], [-92.79817647552697, 44.895716973698775], [-92.79819804677189, 44.89573668876149], [-92.79820456943916, 44.895742648269604], [-92.79823380151683, 44.89576329622639], [-92.79830812542849, 44.89579652944951], [-92.79835691203324, 44.89582291479757], [-92.79840253028, 44.895837442865506], [-92.79844703641244, 44.89585544544656], [-92.79849531816402, 44.895877338079366], [-92.79852504790834, 44.89590302085125], [-92.7985290939204, 44.895938268064995], [-92.7985532936358, 44.89597360307439], [-92.7985728526545, 44.895979108199086], [-92.79862098708237, 44.895955319260395], [-92.79865058028277, 44.89593493418819], [-92.79871227388156, 44.895917786896725], [-92.79874783818364, 44.89589897488797], [-92.7987960597481, 44.89586589699549], [-92.79884571053218, 44.89585566244479], [-92.79886696826505, 44.89585343328139], [-92.79891381271219, 44.89585325637375], [-92.79896818953294, 44.895863172745706], [-92.79901165272135, 44.8958753660055], [-92.7990487666173, 44.89586623871987], [-92.79909902196756, 44.89584942804154], [-92.79914280136292, 44.895825851593], [-92.79916316976369, 44.895801012598675], [-92.79917112524383, 44.89576326440846], [-92.79914842930819, 44.89574264699691], [-92.79912731979732, 44.89573265805911], [-92.79911208796337, 44.89572545064842], [-92.79909162254455, 44.895699424799126], [-92.79909737805059, 44.89566383571339], [-92.79912330253138, 44.895626785521046], [-92.79916007776247, 44.89559404410712], [-92.79918257337383, 44.89557517281078], [-92.79921429558145, 44.895560215768825], [-92.79926285401412, 44.89555036488985], [-92.79931011258459, 44.89556451184611], [-92.79933493573083, 44.895590944391294], [-92.79936609110152, 44.895640480642314], [-92.79941096284828, 44.8956783835487], [-92.7994641781474, 44.89569681254084], [-92.79950346686466, 44.895688083588375], [-92.7996208937403, 44.895650278687924], [-92.7996737676796, 44.89564547798306], [-92.79973647906958, 44.89563646520587], [-92.79977572556604, 44.895632766040485], [-92.79981270291808, 44.89563950955582], [-92.79986206444462, 44.895662181176114], [-92.79989772935802, 44.89569446946284], [-92.799915913056, 44.89572923189822], [-92.79991701259392, 44.895731333158146], [-92.79994064367578, 44.89576937536733], [-92.79992788849707, 44.89579564300142], [-92.79991139722507, 44.895812991418694], [-92.79987085086641, 44.89584107201829], [-92.79983202208658, 44.895859093689], [-92.79976719696072, 44.89586074440245], [-92.79974530052567, 44.89587342256769], [-92.7997515851394, 44.89590209622334], [-92.7997698999914, 44.89593771507035], [-92.7998100133621, 44.895959572035856], [-92.799850249802, 44.89596710332302], [-92.79990140436585, 44.89597158964062], [-92.79997274497246, 44.895972677174875], [-92.80008610068322, 44.89596466352971], [-92.80014002834635, 44.895963738266374], [-92.8002009970047, 44.89596749086453], [-92.80024286119188, 44.89597541860106], [-92.80029510002228, 44.89598106945134], [-92.80031475875394, 44.895974962333064], [-92.80032096611258, 44.89595021503859], [-92.80039072209101, 44.895883240937025], [-92.80042969010972, 44.895848958408976], [-92.80044029831491, 44.89581919528067], [-92.8004275557126, 44.89578159028321], [-92.80040279185516, 44.895748188416164], [-92.80038119545742, 44.89572720827416], [-92.80037957130338, 44.89572563137458], [-92.80034054309755, 44.8957045544976], [-92.80028555991395, 44.89570121424368], [-92.80023822229174, 44.895695972545475], [-92.80019651351311, 44.89566985377421], [-92.80017936108106, 44.89563842137893], [-92.8002019968296, 44.89560367861581], [-92.8002696938694, 44.89558462023239], [-92.80032089334902, 44.895584459232985], [-92.80037191226727, 44.89560481579318], [-92.8004197852854, 44.895611220131336], [-92.80048798987335, 44.89559681100581], [-92.8005306993752, 44.89557067500773], [-92.80055103184337, 44.895549861527726], [-92.80055665709367, 44.895529366857524], [-92.80053835032649, 44.895505284369804], [-92.80049933739201, 44.89548227350648], [-92.80046689832879, 44.89545464327653], [-92.80046274002734, 44.895432172028805], [-92.80046355300266, 44.89540120723066], [-92.80048607286854, 44.89537962623477], [-92.80050904099372, 44.895368887597435], [-92.80053795237282, 44.895363596868954], [-92.80057884817613, 44.895357969503486], [-92.80060513916955, 44.895341439949505], [-92.8006259845757, 44.89532411175359], [-92.800668042799, 44.89530997173827], [-92.80071391347235, 44.89529623899277], [-92.80076792018724, 44.89528602470431], [-92.80091247169285, 44.89526033720234], [-92.80093473104728, 44.8952685654006], [-92.8009401218373, 44.89527478204859], [-92.80094158968447, 44.89529414535331], [-92.80095717635297, 44.89531775256533], [-92.80099394978744, 44.895348030771665], [-92.80102971890544, 44.89536793368818], [-92.80106442082486, 44.89538589377985], [-92.8010946635072, 44.89541544904168], [-92.80110209347292, 44.89542355503603], [-92.80113242688513, 44.89545664845569], [-92.80115576601452, 44.89546604244231], [-92.80118690791048, 44.895454952548825], [-92.80120895705912, 44.89542446821714], [-92.80122278392798, 44.89540052695819], [-92.80124197284076, 44.8953859001435], [-92.80125146444006, 44.89535884323107], [-92.80125328712177, 44.89533353376188], [-92.80125394468857, 44.89532440193571], [-92.80124455639552, 44.89527674396124], [-92.80123246058022, 44.89522752685228], [-92.80121899573243, 44.8952100471671], [-92.80119415282324, 44.89518593463642], [-92.80116438894294, 44.895164125104365], [-92.8011406707245, 44.89513614917462], [-92.80114464397299, 44.89511758254763], [-92.80115673529671, 44.89510486285192], [-92.80118682526548, 44.89508950923112], [-92.80121369207897, 44.89506872294073], [-92.80124281366388, 44.89503943095681], [-92.80126381088532, 44.89500468210448], [-92.80128578188054, 44.894980202303366], [-92.80129460962483, 44.89497036468881], [-92.80130415152979, 44.894937885721276], [-92.80130199108153, 44.89491394744159], [-92.80130167038297, 44.894910390139955], [-92.80127648431734, 44.89486305127979], [-92.80123539537625, 44.89482841559471], [-92.80119043559459, 44.8948003434098], [-92.80115725542126, 44.89479555345227], [-92.80111581973047, 44.894800401955834], [-92.80107165136458, 44.89480640101592], [-92.80103898951917, 44.894804711453595], [-92.80103199613468, 44.89479461353359], [-92.80103762587655, 44.89477373549929], [-92.80104054450292, 44.89475129325855], [-92.80102598730375, 44.894734196523814], [-92.80100054252331, 44.89471705078339], [-92.8009969043464, 44.894696905184205], [-92.80100794913282, 44.89467953415718], [-92.80102177959496, 44.89465481812381], [-92.80104264566238, 44.89463516760008], [-92.8010482556413, 44.894616609084174], [-92.80105001544096, 44.89460229389249], [-92.80107299254931, 44.894590394366794], [-92.80112044785082, 44.89458201016027], [-92.80116241893751, 44.89457793546727], [-92.80119832010784, 44.89458312635753], [-92.80122428052124, 44.89460414446292], [-92.8012530885941, 44.894610466820545], [-92.80128152027282, 44.89459781765001], [-92.80130563015675, 44.89458088823558], [-92.80132045415556, 44.89456740413771], [-92.80132436542031, 44.89455580879094], [-92.80132124557132, 44.894538759726046], [-92.80130886139682, 44.89452283512743], [-92.80128288032216, 44.89450413720948], [-92.80126560032937, 44.894487028946536], [-92.80126574046655, 44.894471157788985], [-92.80127724698701, 44.89446307902443], [-92.80130776096058, 44.894461277450226], [-92.80132691214415, 44.894451296562764], [-92.80135099328196, 44.89443785252599], [-92.8013718135353, 44.8944236219276], [-92.8013769276442, 44.89439925515382], [-92.8013760517868, 44.89439469616681], [-92.80137431983495, 44.89438569464834], [-92.80136568522842, 44.894376753584034], [-92.8013559798301, 44.894365484659154], [-92.80135337920736, 44.89435153468426], [-92.80136116849917, 44.89433260188816], [-92.80137272442701, 44.89431910309542], [-92.80138911059609, 44.89431336744389], [-92.80145215436275, 44.894306701410834], [-92.8014895215836, 44.89431051520916], [-92.80156658176362, 44.89432105994964], [-92.80166471372526, 44.89432126613523], [-92.801702801395, 44.89429228432194], [-92.8017492460918, 44.894221383119664], [-92.80177119552746, 44.894140882078545], [-92.80173398371514, 44.894099698904114], [-92.80165161179683, 44.894102430237524], [-92.80154766414205, 44.894096398012366], [-92.80148176822439, 44.894070516519996], [-92.8014709552033, 44.89400157190943], [-92.80148153196747, 44.89384838448959], [-92.8014930771155, 44.89374087361765], [-92.80151663902707, 44.89369400599045], [-92.80161739406935, 44.893625297662965], [-92.80176017499556, 44.89356414885615], [-92.80181058934762, 44.893521490130134], [-92.80184053109436, 44.89334509497887], [-92.80183969027125, 44.89326786755873], [-92.80178726998116, 44.89323121929232], [-92.80171260201475, 44.893207809776754], [-92.80161921944601, 44.8931897586377], [-92.80154752759813, 44.8931530702291], [-92.80152318594888, 44.893108177473586], [-92.80155618735746, 44.89303807920783], [-92.8016236679033, 44.89296514701048], [-92.80171668575603, 44.89290214942216], [-92.8018373070408, 44.89286005532075], [-92.80199117856749, 44.8928001765755], [-92.80204922500621, 44.8927475704648], [-92.80212654569766, 44.892686725557155], [-92.80214149635894, 44.892673691581756], [-92.80215162306713, 44.89266608095045], [-92.8021620004053, 44.892659126440094], [-92.80217130425669, 44.892653810642955], [-92.80218118662313, 44.89264905105353], [-92.80221389697758, 44.89263659873372], [-92.80222783074595, 44.89263175004771], [-92.8022334344367, 44.892630414256615], [-92.80225695861903, 44.89262792022823], [-92.80229225522316, 44.89262591876883], [-92.80231677024727, 44.89262403886059], [-92.80238670499047, 44.89261685142486], [-92.80240382059158, 44.89261413274877], [-92.80242050500135, 44.892609609258315], [-92.80245249939851, 44.89259964205015], [-92.80248479562961, 44.89258888571103], [-92.80252383551353, 44.89257506512966], [-92.80254091787698, 44.89256833398284], [-92.80256364345703, 44.89255761391238], [-92.80260189462014, 44.892535730198084], [-92.80263249662862, 44.89251999214501], [-92.80266837354444, 44.892503174124506], [-92.8026777932785, 44.89249960076388], [-92.80268731182726, 44.89249678344092], [-92.8027122346865, 44.89249190355974], [-92.80274331010712, 44.89248731514735], [-92.80279852954763, 44.892480314794874], [-92.80285743567408, 44.89247379555674], [-92.80291603906826, 44.89246808326788], [-92.8030078531785, 44.89246009968134], [-92.80306838256068, 44.89245539798795], [-92.80310758054809, 44.89245302168525], [-92.80310948856976, 44.8924529141343], [-92.80313394969494, 44.89245259657271], [-92.80315952742603, 44.892454878688795], [-92.80323715354467, 44.892463678135584], [-92.8032647677565, 44.89246769761196], [-92.80330916609111, 44.892474996435624], [-92.80334049124338, 44.892479131098845], [-92.80337127650816, 44.89248186696401], [-92.80340193780545, 44.89248266818619], [-92.80343738263163, 44.89248208715691], [-92.80347276098244, 44.89248045734751], [-92.80350266410161, 44.892478135139484], [-92.80353218813175, 44.89247473105854], [-92.80355798774671, 44.8924706663986], [-92.80358330945795, 44.892465437133836], [-92.8036067806397, 44.89245932455108], [-92.80362953586415, 44.8924520830011], [-92.80364817231303, 44.89244443861148], [-92.80366618982269, 44.89243478893637], [-92.80367999064039, 44.89242624149811], [-92.8037069221326, 44.89240788273424], [-92.8037286218366, 44.89239395646752], [-92.80375818629093, 44.89237621436193], [-92.80378933267846, 44.89235840479276], [-92.80391578582606, 44.8922895809544], [-92.80398213090136, 44.89225416794995], [-92.80400223070585, 44.892244021852214], [-92.80402139356748, 44.89223513709442], [-92.80404101726488, 44.89222677609121], [-92.80406107395022, 44.89221895284365], [-92.80408153397913, 44.89221167626148], [-92.80411930544189, 44.89219998688914], [-92.80417668533066, 44.89218494560107], [-92.80419428602202, 44.892179345289705], [-92.80421146270857, 44.89217311748826], [-92.8042322649956, 44.89216447773323], [-92.80425225610394, 44.892154917743454], [-92.80427158874717, 44.892144338240215], [-92.80428899270747, 44.89213344435363], [-92.80430342953241, 44.89212262937856], [-92.80431640749332, 44.892110916441354], [-92.8043194976979, 44.89210757279664], [-92.80432825896686, 44.89209798925065], [-92.8043382356564, 44.89208452939015], [-92.80434416363897, 44.89207471546342], [-92.80434917713656, 44.892064648247676], [-92.80436290339411, 44.892027584917656], [-92.80436896342901, 44.89201395066683], [-92.80437576996393, 44.89200049587791], [-92.80438381258065, 44.891986403411835], [-92.80439267356263, 44.8919725591388], [-92.8044023340452, 44.891958989151526], [-92.80441278055362, 44.89194571636056], [-92.80442377862765, 44.89193299723612], [-92.80443549984548, 44.89192060840145], [-92.80446841681244, 44.89188941388053], [-92.80449055848756, 44.891869700680864], [-92.80451331730528, 44.8918503457691], [-92.80453221875717, 44.891834930184736], [-92.804538896833, 44.89183081838571], [-92.80454615971206, 44.89182795839099], [-92.80455488774338, 44.89182594417566], [-92.80457304718684, 44.89182279525372], [-92.80459144737881, 44.89182046092748], [-92.80461147801302, 44.891818863555905], [-92.80468741170567, 44.89181513168836], [-92.80474862470574, 44.891810436306244], [-92.80483256598083, 44.89180171312791], [-92.80493097911517, 44.89179000458015], [-92.80496676979271, 44.891784715431605], [-92.80498553020911, 44.89178107393114], [-92.80499406420431, 44.891778534681265], [-92.80500222450036, 44.89177543794186], [-92.80500994013032, 44.89177181044169], [-92.80501714372058, 44.891767683364456], [-92.80502414608823, 44.89176280787626], [-92.80503043070196, 44.8917574614489], [-92.80504371229344, 44.8917426516961], [-92.80505474719838, 44.89172629993248], [-92.80506294252872, 44.891709125293495], [-92.80506799734881, 44.891692238304216], [-92.80507082524532, 44.89167265040867], [-92.80507166247519, 44.89165114629136], [-92.80507023415387, 44.891629659985355], [-92.80506214572306, 44.89158111243584], [-92.80505142882171, 44.891530537891605], [-92.80503753547754, 44.891476727174236], [-92.80502554656174, 44.89143885904657], [-92.80501215986739, 44.89140476351851], [-92.8049964555196, 44.891371172005314], [-92.80498009001175, 44.89134095025469], [-92.80495684969704, 44.89130262764177], [-92.80494751799786, 44.891284608998035], [-92.8049379042277, 44.89126140297746], [-92.80493073207846, 44.89123775591574], [-92.80492707503694, 44.89122038193463], [-92.80492470977279, 44.89120273365568], [-92.80492354555619, 44.89118437704688], [-92.80492366503212, 44.89116600261276], [-92.80492504753934, 44.89114783755181], [-92.8049276840947, 44.89112974376308], [-92.80493157110494, 44.89111176324987], [-92.80493669599363, 44.89109394119732], [-92.80494174722048, 44.89107970531657], [-92.80494763837211, 44.8910657029953], [-92.80495439280473, 44.89105187950224], [-92.80496198985709, 44.891038280659195], [-92.8049704187494, 44.89102492683146], [-92.80497966061704, 44.89101184729423], [-92.8049896965954, 44.890999067504076], [-92.80500051051479, 44.890986611644955], [-92.80507550995955, 44.89090610480304], [-92.80515390144281, 44.89082297200407], [-92.80520674034783, 44.890767446123625], [-92.8052652772667, 44.89070622109038], [-92.80533161425714, 44.890637528285886], [-92.8053465514437, 44.89062355958702], [-92.80536278310257, 44.890610342492515], [-92.80537970915914, 44.89059828940087], [-92.80539986016761, 44.890585622164586], [-92.8054282657952, 44.890569575552114], [-92.80545795421703, 44.89055474767373], [-92.80548423712561, 44.89054320879553], [-92.80550910518762, 44.89053441414619], [-92.8055337594506, 44.89052766812298], [-92.8055602902942, 44.890522292305576], [-92.805599503553, 44.89051596313432], [-92.80563911027386, 44.89051101753409], [-92.80568219257655, 44.890507246760215], [-92.80573453201828, 44.890504495527075], [-92.80578737810981, 44.89050311131881], [-92.80584026282891, 44.890503110046005], [-92.80588437370261, 44.89050416840844], [-92.80589464503957, 44.89050453116649], [-92.80594377120752, 44.890507044379426], [-92.80599605854695, 44.89051104490003], [-92.8060481114261, 44.89051636407732], [-92.8060994465513, 44.89052293572353], [-92.80615042414706, 44.89053078847703], [-92.80622576225667, 44.89054423915488], [-92.80630769130552, 44.890559772185966], [-92.80638919634958, 44.89057609118757], [-92.80649222143455, 44.89059770771617], [-92.80659607925782, 44.890620206946004], [-92.80669965501009, 44.89064335212941], [-92.80676177351198, 44.890657626939515], [-92.80681665518595, 44.890670836386136], [-92.80687295889301, 44.89068505136635], [-92.80692895447793, 44.89069986775565], [-92.80701900250033, 44.89072514171563], [-92.80707364252748, 44.89074136711729], [-92.80715129290064, 44.89076525303863], [-92.80720620152407, 44.89078047671254], [-92.80723898374373, 44.890788630454885], [-92.8072617398665, 44.89079384141608], [-92.80726594937194, 44.89079487495302], [-92.80727437287435, 44.89079672500957], [-92.80730907928535, 44.89080389421673], [-92.80734404620777, 44.89081039455172], [-92.80737451167232, 44.89081538022032], [-92.80740474267658, 44.8908194602712], [-92.80743529797267, 44.890822710437924], [-92.80746600688065, 44.89082510844605], [-92.80749227811111, 44.890826476099754], [-92.80751859964727, 44.89082722006777], [-92.80759244385858, 44.8908269273173], [-92.80763654844408, 44.89082790421284], [-92.80768683523536, 44.89083078462251], [-92.80773683995565, 44.89083553990753], [-92.80776564353691, 44.89083915028357], [-92.80779586735466, 44.890843599452786], [-92.80808013383643, 44.89088879881798], [-92.80825505289025, 44.89091485611943], [-92.80836974709077, 44.89093031140802], [-92.80839681243197, 44.89093266804484], [-92.80842404036822, 44.890933717489595], [-92.80844618114503, 44.89093360484451], [-92.80846861567092, 44.89093261904103], [-92.80850135207652, 44.89093042914439], [-92.80852177078293, 44.890929050037684], [-92.80856851551707, 44.89092527674561], [-92.80865154320551, 44.89091689836885], [-92.80869352237704, 44.890911836975896], [-92.80873283624713, 44.89090655538353], [-92.8087662302195, 44.8909014895348], [-92.80879945171534, 44.89089588400716], [-92.80883285287423, 44.89088967070425], [-92.80886458047176, 44.89088319647117], [-92.80889280374136, 44.890876774423305], [-92.80892073775343, 44.89086974269052], [-92.80895220933111, 44.89086098627597], [-92.8089687904346, 44.890855681131654], [-92.8089798280345, 44.89085102894736], [-92.80899329378063, 44.890844132131164], [-92.80901253838894, 44.89083357147921], [-92.80903127724578, 44.89082256151702], [-92.8090379616098, 44.89081844837278], [-92.80905555601298, 44.89080294341383], [-92.80908959048413, 44.890771290704556], [-92.8091220502086, 44.890738812547596], [-92.80913767550466, 44.89072227593818], [-92.80916769899808, 44.89068863502241], [-92.80918208641567, 44.89067153962553], [-92.80920666072859, 44.89064066454437], [-92.80921026207456, 44.89063587424037], [-92.80922769028938, 44.89061268004996], [-92.80925580576115, 44.890573310046136], [-92.80926089561555, 44.89056445303259], [-92.80927003417693, 44.89053733657414], [-92.80927654786106, 44.89051304579666], [-92.80928045373591, 44.89049490916828], [-92.8092842500163, 44.89047076538541], [-92.80928718391402, 44.8904445863269], [-92.80929046096817, 44.890400073944875], [-92.80928973602775, 44.89037449181519], [-92.80928734740742, 44.89035047717489], [-92.80928068999283, 44.8903106742262], [-92.80927312797478, 44.89027769558295], [-92.80926603936886, 44.89025203766487], [-92.80925685948498, 44.890227361096], [-92.80921174070151, 44.89013622113208], [-92.80919063029235, 44.89009745285741], [-92.80916591494393, 44.89005490166108], [-92.80914020875376, 44.89001264891565], [-92.80905567818384, 44.889957594479235], [-92.80883743248556, 44.889796559345626], [-92.80866425526509, 44.88967626527011], [-92.80856670990332, 44.88951541073097], [-92.80852875698089, 44.88932253374221], [-92.8085596491452, 44.889149494349915], [-92.8086605470196, 44.88896230331441], [-92.80908811634875, 44.88865526669244], [-92.809527658424, 44.88833962628836], [-92.81016550719151, 44.887881570490705], [-92.8105818475796, 44.8875825804646], [-92.8107503131364, 44.88745370494114], [-92.81077686913282, 44.8874122503048], [-92.8107840673332, 44.88739488853363], [-92.81079315828389, 44.88737295575745], [-92.81080085954082, 44.887335708651484], [-92.81080165724478, 44.887300397611526], [-92.81079723034705, 44.88726691126185], [-92.81079530615573, 44.88725923881555], [-92.81078926049386, 44.887235135680385], [-92.81078232100829, 44.88721383102339], [-92.81076061321946, 44.88714895404917], [-92.81075318415206, 44.88712288994997], [-92.81074701092942, 44.88709795491063], [-92.81074197048237, 44.887074025460294], [-92.81073793974168, 44.88705097940063], [-92.81073479563818, 44.88702869262378], [-92.81073067326935, 44.886985907487], [-92.81072857031327, 44.88694473955559], [-92.81072648622181, 44.886884463866735], [-92.81072393410808, 44.886844293828965], [-92.81071899427232, 44.88680337656089], [-92.81071134242275, 44.88676145620429], [-92.81069610340228, 44.88669700387492], [-92.81068436691308, 44.886653215430215], [-92.81067152908936, 44.88660911063118], [-92.81066402007188, 44.88658722783583], [-92.81065530371868, 44.88656564353243], [-92.8106450242969, 44.88654449646992], [-92.81063281978545, 44.886523927306754], [-92.81061833265487, 44.88650407224648], [-92.81060120357903, 44.88648507258432], [-92.81058124301342, 44.886467040338545], [-92.81055892706512, 44.8864499818747], [-92.81053490431779, 44.886433876190296], [-92.8105098206601, 44.886418704192316], [-92.81048432287909, 44.88640444424173], [-92.81039098792107, 44.886356108042904], [-92.81033973454254, 44.88632778477453], [-92.81032578550281, 44.88631945028051], [-92.81030150493899, 44.886303940926375], [-92.81028087602681, 44.886289416814726], [-92.81027172399068, 44.88628228205039], [-92.81026341547263, 44.88627507854697], [-92.81025601155805, 44.886267690468024], [-92.81024956973916, 44.88625999943095], [-92.81024415469462, 44.88625188959914], [-92.81023982481496, 44.886243245135816], [-92.81023664118558, 44.88623394829476], [-92.81023464512903, 44.88622391760807], [-92.81023379352612, 44.88621320462916], [-92.81023402978305, 44.88620189718971], [-92.81023529191602, 44.88619008439461], [-92.81023751973794, 44.88617784962046], [-92.81024463080172, 44.88615246991841], [-92.81024939366935, 44.886139497472335], [-92.81026101697081, 44.88611337054209], [-92.81026773547083, 44.8861003128007], [-92.81028262953824, 44.886074428982894], [-92.81030753443117, 44.88603686407548], [-92.81033389369657, 44.886001682714046], [-92.8103687968386, 44.8859587873409], [-92.8104599210427, 44.885850109711576], [-92.81047487799219, 44.885831169025074], [-92.81049010623289, 44.88580987721399], [-92.81050565427383, 44.88578527702506], [-92.81052111877145, 44.88575727489302], [-92.81052854783884, 44.88574223446593], [-92.81054224804525, 44.88571057833518], [-92.8105536647342, 44.88567749203673], [-92.81055823626066, 44.88566065228479], [-92.81056189779378, 44.885643684597184], [-92.81056452895923, 44.885626618251464], [-92.81056601028114, 44.8856094825253], [-92.81056622228354, 44.88559230351394], [-92.81056504728714, 44.8855751130409], [-92.81056236491771, 44.88555793974749], [-92.81055805749594, 44.88554081036559], [-92.81055204776669, 44.88552377263064], [-92.81054441657834, 44.88550693728904], [-92.81053529059335, 44.88549043545434], [-92.81052479288095, 44.88547439505804], [-92.81051764947782, 44.88546499498405], [-92.81051305010355, 44.88545894530459], [-92.81050018443206, 44.88544421667158], [-92.8104863216306, 44.8854303370907], [-92.810471586565, 44.885417438312764], [-92.8104561058977, 44.885405608808256], [-92.81044002335916, 44.88539478811275], [-92.81042348537477, 44.885384874391036], [-92.81040663926827, 44.885375768989995], [-92.8103726047971, 44.88535957962668], [-92.81030703676451, 44.885332341693655], [-92.8102764329594, 44.88531887133924], [-92.81026159997744, 44.88531148059153], [-92.81024703918499, 44.88530338335553], [-92.81023272093768, 44.885294377868185], [-92.81021861379446, 44.88528425982058], [-92.81020474290816, 44.885272874548534], [-92.81019134453571, 44.88526026023987], [-92.8101787079346, 44.8852464996356], [-92.81016712775227, 44.885231675476795], [-92.81015689234792, 44.885215873050406], [-92.81014829547064, 44.88519917637049], [-92.81014162458135, 44.88518166945118], [-92.81013717432744, 44.88516343503371], [-92.8101351037107, 44.88514457304426], [-92.81013506059158, 44.88512524196502], [-92.8101365598798, 44.885105614280825], [-92.81013911648508, 44.885085863113325], [-92.81014830175887, 44.88502759993013], [-92.81015025289965, 44.885009086686274], [-92.81015095807716, 44.884991269744056], [-92.81015049274984, 44.884974091184525], [-92.81014904736055, 44.88495744535277], [-92.81014681594539, 44.88494122913963], [-92.81014398715055, 44.88492533943578], [-92.81013048187857, 44.88486296188338], [-92.81011443706929, 44.88478342601434], [-92.81010351265711, 44.88473445960973], [-92.8100862506306, 44.884668938901605], [-92.81006767526715, 44.88460679656989], [-92.81005814054872, 44.884578172656646], [-92.81004787549999, 44.884551631939495], [-92.81004359862092, 44.884542124785426], [-92.81003634203005, 44.88452748184296], [-92.81002993344882, 44.88451640002395], [-92.8100155855571, 44.88449601280653], [-92.80997080723513, 44.8844436435105], [-92.80994942553474, 44.88441666419319], [-92.80993817503412, 44.8844013535459], [-92.80991535513095, 44.88436820539183], [-92.80990411810508, 44.88435084843023], [-92.8098828262362, 44.884315771057885], [-92.80987310017662, 44.88429853183041], [-92.80985608249189, 44.88426539380088], [-92.80984228706406, 44.884233524270776], [-92.80983159441725, 44.88420211044798], [-92.80982388327884, 44.88417034335732], [-92.80981907100386, 44.88413754386557], [-92.8098177738366, 44.884120696661476], [-92.80981723844067, 44.88410354648398], [-92.80981747559592, 44.88408608951387], [-92.80981850416691, 44.8840683200224], [-92.80982033583179, 44.88405023609996], [-92.80982645246056, 44.88401312496066], [-92.80983550927525, 44.883975249373144], [-92.8098409081501, 44.88395633289244], [-92.80985297521931, 44.883919179684185], [-92.80986610140225, 44.883883778711265], [-92.80990366265921, 44.883792736262954], [-92.80991264401543, 44.88376695388206], [-92.80991856121821, 44.88374287792574], [-92.80992037312014, 44.88373106526219], [-92.80992185354373, 44.88370689190747], [-92.8099206650726, 44.88368065439552], [-92.80991728022062, 44.88365272443574], [-92.80991704576033, 44.88365081941099], [-92.80991130732228, 44.88361741749991], [-92.80990384322061, 44.883582044983555], [-92.80989027506654, 44.88352893079312], [-92.80985956436191, 44.883426143162126], [-92.80984976553879, 44.883386449991114], [-92.80984078867417, 44.883339754054795], [-92.80983262298824, 44.883280022612865], [-92.80982881682638, 44.88324313756996], [-92.80982169677944, 44.883151071254005], [-92.80981836133478, 44.88309418476936], [-92.80981919227644, 44.883016944857914], [-92.80981899285042, 44.88295115422666], [-92.80981798853394, 44.88289542725057], [-92.80981444827341, 44.88280862616553], [-92.80980743871923, 44.88269505932656], [-92.8098063715207, 44.88265095403877], [-92.80980734529446, 44.88259224028993], [-92.80981009054598, 44.88253700116604], [-92.80981376375715, 44.882481292883966], [-92.80981852482817, 44.882424594143124], [-92.80982481034022, 44.88236663187873], [-92.80983108956403, 44.882326927156114], [-92.80983531434082, 44.88230663527554], [-92.80984046887393, 44.88228599394464], [-92.80984670677526, 44.882264964972514], [-92.80985418524999, 44.882243506349155], [-92.80986300850272, 44.88222159452318], [-92.80987309658336, 44.88219927786888], [-92.80988432372779, 44.88217662258274], [-92.80990967867668, 44.88213055390001], [-92.8099235513596, 44.882107271623944], [-92.80995304754195, 44.88206053900469], [-92.80998417236994, 44.882013889094004], [-92.81001662490789, 44.88196720222774], [-92.81005025423887, 44.881920232075544], [-92.81010256403616, 44.8818487192084], [-92.81019272883955, 44.881728269751235], [-92.81020110832452, 44.88171733251837], [-92.81024690623434, 44.88165826327757], [-92.81036860459913, 44.881504466933826], [-92.81046860685319, 44.881374566365096], [-92.8105226036866, 44.88130686175156], [-92.81056127526126, 44.88126050593847], [-92.81060154583714, 44.881214184460084], [-92.8106221019858, 44.881191337193314], [-92.81066369757671, 44.88114687939312], [-92.81070553391612, 44.88110467102588], [-92.81074739900161, 44.881064667539974], [-92.81078914910276, 44.88102662196938], [-92.81085127838445, 44.88097270149113], [-92.81089279672024, 44.8809389848556], [-92.8109139538418, 44.88092303166703], [-92.81093556012102, 44.88090779901891], [-92.8109577512035, 44.88089337729825], [-92.81098066542975, 44.88087985434591], [-92.81100443754713, 44.88086731991254], [-92.81102915828544, 44.880855839560766], [-92.81105472613504, 44.88084538464761], [-92.81108099107733, 44.880835906797735], [-92.81110780399193, 44.880827353180095], [-92.81113501755515, 44.88081967478272], [-92.81116247995169, 44.880812820047446], [-92.81119004385788, 44.8808067380525], [-92.8112175583567, 44.88080137787627], [-92.81124489588744, 44.88079667841243], [-92.81129888194107, 44.88078883515098], [-92.81142867771985, 44.88077292775057], [-92.81147817848525, 44.880765829857], [-92.81152688424163, 44.880758021600215], [-92.81161429211542, 44.88074321792666], [-92.81170146822386, 44.88072856255978], [-92.81173862973051, 44.88072152067505], [-92.81175323004885, 44.88071873651106], [-92.81177909524082, 44.88071312171622], [-92.8118048373636, 44.880706896492434], [-92.81183037197553, 44.880699951356995], [-92.81185564966933, 44.88069217746366], [-92.81186115454537, 44.88069026597564], [-92.81188076207309, 44.880683459600895], [-92.81190583584932, 44.88067367873779], [-92.81193099945703, 44.880662718389495], [-92.81195637686382, 44.88065046079794], [-92.81198209832534, 44.88063678884128], [-92.81200828780915, 44.880621584761094], [-92.81203507197765, 44.8806047301621], [-92.81206250293317, 44.88058618876078], [-92.81209032555415, 44.880566248265964], [-92.81211820746394, 44.880545272133574], [-92.8121728295248, 44.880501685877874], [-92.81219890761747, 44.88047980712454], [-92.81224693694246, 44.880437716662314], [-92.81226832942264, 44.880418142756845], [-92.81230643865193, 44.88038170081332], [-92.8123401488313, 44.8803475509911], [-92.81237166801968, 44.88031410960691], [-92.81255542559755, 44.88011316999805], [-92.81259946999594, 44.8800659036174], [-92.81272115129273, 44.87993527224168], [-92.81278206425552, 44.879871415063114], [-92.81282591731275, 44.87982735789706], [-92.81284904982964, 44.87980484998974], [-92.81300547257173, 44.8796575146408], [-92.8130963991465, 44.87957005812819], [-92.81321403263463, 44.879453229631665], [-92.81338670051034, 44.87927865958501]]}, "properties": {"OBJECTID": 14, "COLOR": 142, "LAYER": "CRKLIN", "LINETYPE": "DIVIDE", "LINEWEIGHT": 0, "SUBTYPE": 2, "Direction": null, "Distance": null, "Delta": null, "Radius": null, "Tangent": null, "ArcLength": null, "Side": null, "EDITOR_NAME": "GIS\\TASIEBE", "EDIT_DATE": 1388707200000, "created_user": null, "created_date": null, "last_edited_user": null, "last_edited_date": null, "Shape_Length": 7806.231571637453}}, {"type": "Feature", "id": 15, "geometry": {"type": "LineString", "coordinates": [[-92.77980949787167, 44.89525139245582], [-92.77986608634467, 44.895257150922895], [-92.7799111853652, 44.895268970765], [-92.77995180987729, 44.895293544625176], [-92.7799945813629, 44.89532161656932], [-92.78003784782025, 44.89535510841146], [-92.78004789547671, 44.89536421286912], [-92.78009458002371, 44.895381071416566], [-92.7801484349233, 44.89538828777957], [-92.78021488330486, 44.89538781687054], [-92.78029335563652, 44.89538314659828], [-92.78035937642002, 44.89536990068851], [-92.78044395639726, 44.89535209331916], [-92.7805121780532, 44.89533614667304], [-92.7805858102621, 44.89532448275397], [-92.78066808246739, 44.89532098847776], [-92.78067477491625, 44.89532088920497], [-92.78076776492122, 44.89531950956716], [-92.78087346698575, 44.89531457519818], [-92.7809219463667, 44.895313636560736], [-92.7809879285226, 44.895305033550265], [-92.78107728484224, 44.89530079854463], [-92.78118900921245, 44.895292794987654], [-92.78131662118676, 44.89527440786611], [-92.78140055347869, 44.89526782594462], [-92.78149594917198, 44.89525858274412], [-92.78155380426955, 44.89524629644428], [-92.78160241031294, 44.89523152322633], [-92.7816396122438, 44.89523000358606], [-92.78166874550678, 44.89522881358291], [-92.78173509237872, 44.89521240490125], [-92.78179417726989, 44.895210786623814], [-92.7818345960678, 44.89520697033974], [-92.78185046390898, 44.895206075609806], [-92.78187316253957, 44.895204795242286], [-92.78191609033205, 44.89519663130779], [-92.78194004480741, 44.89518992655882], [-92.78198310195731, 44.895177874426935], [-92.78211709915666, 44.89517041940033], [-92.78226873297999, 44.89515545716219], [-92.7823551320457, 44.89514422275369], [-92.7824168516956, 44.895127967412144], [-92.78247152406212, 44.89510669940615], [-92.78253146864103, 44.895105473763934], [-92.78260728555269, 44.89509799263689], [-92.78268312402392, 44.89506546028665], [-92.78274485265698, 44.895039185319014], [-92.7828030464194, 44.895022928038685], [-92.78284361613426, 44.89500040062188], [-92.78285598234247, 44.89497159860664], [-92.78285423961083, 44.89494905271508], [-92.78290713421138, 44.89494406613206], [-92.78292477712357, 44.894929043379975], [-92.78299355483665, 44.894906528017415], [-92.78305881474711, 44.89487524411526]]}, "properties": {"OBJECTID": 15, "COLOR": 142, "LAYER": "CRKLIN", "LINETYPE": "DIVIDE", "LINEWEIGHT": 0, "SUBTYPE": 2, "Direction": null, "Distance": null, "Delta": null, "Radius": null, "Tangent": null, "ArcLength": null, "Side": null, "EDITOR_NAME": null, "EDIT_DATE": null, "created_user": null, "created_date": null, "last_edited_user": null, "last_edited_date": null, "Shape_Length": 389.64481608157087}}, {"type": "Feature", "id": 17, "geometry": {"type": "LineString", "coordinates": [[-92.77823550217018, 44.90555641245511], [-92.77822107881997, 44.90554798085616], [-92.77821074909254, 44.90553772576002], [-92.77820729507025, 44.90552214078443], [-92.77819859309011, 44.9054896906821], [-92.77818623676336, 44.905464877494914], [-92.77817836662317, 44.90546127376337], [-92.7781620065052, 44.90544256858606], [-92.77815462055693, 44.90542441757851], [-92.77815649803588, 44.90541523581843], [-92.77815368271578, 44.90540833375016], [-92.77812971566401, 44.90539725277302], [-92.77809861509054, 44.90538053013906], [-92.77808038557849, 44.905370496429114], [-92.77806793492866, 44.905356405330785], [-92.7780644755165, 44.90534107735239], [-92.77805736804596, 44.905332624089255], [-92.77804341990455, 44.905325928157204], [-92.77803061621681, 44.90531106718095], [-92.77801215134613, 44.905286487421904], [-92.7779849422745, 44.90523481339429], [-92.77792948388213, 44.90516898073289], [-92.77784260331941, 44.90508182705284], [-92.7777481571454, 44.904997444777045], [-92.7776803442229, 44.90494840396045], [-92.77762182347372, 44.904905016892805], [-92.77756066347423, 44.904875399065205], [-92.77749342098194, 44.90484371465349], [-92.77741761305344, 44.90480561227697], [-92.77735435458945, 44.90476960571469], [-92.7773297254793, 44.90475214229164], [-92.77731797461708, 44.904740606262116], [-92.77730877047868, 44.90472499625628], [-92.77729996159898, 44.90470469191689], [-92.7772999723788, 44.90469349500468], [-92.77730787036676, 44.904676704722405], [-92.77731733681321, 44.904666632713976], [-92.77735046488426, 44.904638657589885], [-92.77739935749024, 44.90460845171944], [-92.77740882124176, 44.904601737887745], [-92.7774766260794, 44.90457378054742], [-92.77755380932861, 44.90454485162114], [-92.7775722167071, 44.90453421331614], [-92.77758273687739, 44.904522263672256], [-92.77759970335815, 44.90451187223291], [-92.77762057930707, 44.90450660206983], [-92.77764108784498, 44.90450209796656], [-92.77771211943113, 44.90447168396633], [-92.77774522863756, 44.90446162337473], [-92.77776257690233, 44.904451555782394], [-92.7777767756737, 44.90443812617275], [-92.77783038892649, 44.90441575960167], [-92.77788242473764, 44.904395630761876], [-92.77790527159027, 44.90439247743813], [-92.7779275965217, 44.9043856840482], [-92.77794808170344, 44.90438398522341], [-92.7779688839905, 44.9043868827695], [-92.7779900141626, 44.904393865129684], [-92.77801148569452, 44.904402636026504], [-92.77803114981607, 44.904413184642685], [-92.77805075285221, 44.90443037139409], [-92.77806391406945, 44.904445231961795], [-92.77807669080772, 44.90446264330447], [-92.77809073237393, 44.904467496719285], [-92.77810282369767, 44.90447245511711], [-92.77812282917904, 44.90448504739682], [-92.77816277097152, 44.90451737844892], [-92.77819947972729, 44.904550205767315], [-92.77825614815035, 44.904600733230666], [-92.77832236566488, 44.90466814319719], [-92.7783912035651, 44.90472382744624], [-92.77840974748752, 44.90473896471119], [-92.77843159541355, 44.904745694433394], [-92.7784533571013, 44.90476263485286], [-92.77846542417052, 44.90477927749784], [-92.7785331724143, 44.90483623161214], [-92.77860046611055, 44.90490364702884], [-92.77865027948967, 44.904958227142785], [-92.77872330264081, 44.905027963481466], [-92.77875381122449, 44.90507199498403], [-92.77877343671851, 44.905086628242344], [-92.77882267517585, 44.905124104993206], [-92.77887042332816, 44.90516795445311], [-92.77891217702256, 44.905198763199266], [-92.77895679005451, 44.90523162512259], [-92.77901769403414, 44.90529033548592], [-92.77906966606491, 44.90534441450136], [-92.77910992047111, 44.90538261641246], [-92.77914026556141, 44.90540393279042], [-92.77915888763725, 44.905410136890126], [-92.77917716835329, 44.90541404602612], [-92.77921130702902, 44.90541164035505], [-92.77926448459888, 44.90539787630071], [-92.779327156463, 44.905381203930915], [-92.7793618395178, 44.90537562208359], [-92.77939376564302, 44.905367707095614], [-92.77946820094576, 44.90535685707059], [-92.77952338086043, 44.90533968841123], [-92.77954072283697, 44.9053363366282], [-92.77955806481353, 44.90533186694759], [-92.77957540858672, 44.90532627682413], [-92.77960063597484, 44.9053195707113], [-92.77961424814634, 44.905328904551254], [-92.77973701101475, 44.90541978438788], [-92.77979627916226, 44.90537665408594], [-92.7797255934275, 44.905327344457596], [-92.77971919832099, 44.90531914887516], [-92.7797204505725, 44.905298354193896], [-92.77973149715554, 44.905283803702474], [-92.77974254463692, 44.905270373014716], [-92.77976134727412, 44.905261905107324], [-92.77978123777113, 44.90524616926466], [-92.779785707788, 44.90522704408924], [-92.77977940790291, 44.905208131416614], [-92.7797339522512, 44.905148213356334], [-92.77965313172342, 44.905066189780634], [-92.77957049120884, 44.90498696816514], [-92.77953593661313, 44.90495415000376], [-92.77946368960639, 44.90487701579815], [-92.77938352305215, 44.90480265239855], [-92.7793266273553, 44.904736812879634], [-92.77929853164648, 44.90470453221552], [-92.779273172206, 44.90468834129397], [-92.779209483449, 44.90461890167736], [-92.77916182692485, 44.90456458528994], [-92.779154071769, 44.904547453933496], [-92.77913617912517, 44.90454022917607], [-92.77912044513297, 44.904532249174295], [-92.77909017100959, 44.904502767951115], [-92.7790711940992, 44.904496048380715], [-92.77904412336814, 44.904469897339766], [-92.77899827515265, 44.90441431528323], [-92.7789188389287, 44.90433842425033], [-92.77886217320058, 44.90428739072567], [-92.77882828425649, 44.90426095454295], [-92.77880580571313, 44.904244013339415], [-92.77875321653978, 44.904220302899446], [-92.77870828460588, 44.904183356841685], [-92.77868054822318, 44.90415133228219], [-92.77858494771401, 44.90407588310799], [-92.77850456556408, 44.9040267842411], [-92.77846420425836, 44.90400134369833], [-92.77838322203382, 44.90393820485959], [-92.77831357744645, 44.90389349358913], [-92.7782461364265, 44.903842922237786], [-92.77814718609966, 44.903781494793144], [-92.7781014807163, 44.90375092516158], [-92.77801753674626, 44.903698494499324], [-92.77795962056327, 44.90366812524926], [-92.77790845072805, 44.90364671914951], [-92.77785030098309, 44.903643404807845], [-92.77781902344152, 44.903647097731444], [-92.77769322965733, 44.9037004026777], [-92.77751185800484, 44.903785881242804], [-92.77731742664476, 44.90388585072045], [-92.77713984498443, 44.90398946838707], [-92.77699367022309, 44.90407433316063], [-92.7769318508602, 44.90412153654785], [-92.77688491029333, 44.90415093843321], [-92.77680988928901, 44.904188639759745], [-92.77676848503924, 44.904200456493356], [-92.7767299850428, 44.90420922296585], [-92.77669442163902, 44.904210087651215], [-92.776664692793, 44.90420127982157], [-92.77663758433268, 44.904179468618764], [-92.7765667395961, 44.904107441325756], [-92.77652077639628, 44.904065127642994], [-92.77649117241609, 44.90404151765954], [-92.7764611444311, 44.904025565788025], [-92.77643352482937, 44.90402187161619], [-92.77640655381127, 44.90402583747444], [-92.77637771160246, 44.904038982768725], [-92.77635199283586, 44.904064648533556], [-92.77631914773413, 44.904083391062734], [-92.7762655326847, 44.9040956652941], [-92.77622245487356, 44.90409369095702], [-92.77618842309735, 44.90408384472133], [-92.77615987553594, 44.904062791268636], [-92.77613425468573, 44.90403537131254], [-92.77610909646788, 44.90399570063523], [-92.776091753593, 44.903966274492234], [-92.77607320967059, 44.90394312003673], [-92.77604732651231, 44.90390426562928], [-92.77603118917654, 44.903860041715085], [-92.77602431257304, 44.90382427888832], [-92.77602058276798, 44.90379899605098], [-92.77602610920363, 44.90378268525552], [-92.7760573481176, 44.903741728499966], [-92.77610364010084, 44.90370415922482], [-92.77612244543299, 44.90368892751919], [-92.7761336833572, 44.903676980880974], [-92.77614028777116, 44.90366041872343], [-92.77614110523807, 44.90364893846672], [-92.77614116632351, 44.90364204573044], [-92.77614585103773, 44.90362279531198], [-92.77615200090418, 44.903594075240896], [-92.7761525848091, 44.90358106918863], [-92.77616055376399, 44.90356863068894], [-92.77618323083502, 44.90354106160923], [-92.77622031598489, 44.90349560686211], [-92.77625063861731, 44.90347336272518], [-92.776288412775, 44.903448182809996], [-92.77631870486469, 44.90342794037456], [-92.77636296216379, 44.90339456267376], [-92.77640399540935, 44.9033641595406], [-92.77643478875896, 44.90333566267298], [-92.77647028478911, 44.90329995423977], [-92.77651122281324, 44.903255286376016], [-92.77654071719894, 44.90322077409335], [-92.77657463758409, 44.90317479225532], [-92.77660410052877, 44.90314177963098], [-92.77664218011365, 44.903099586766615], [-92.77668373168714, 44.90305992944164], [-92.77671665134905, 44.90303070133874], [-92.77674100916796, 44.90300740334358], [-92.77675219498988, 44.902992239535266], [-92.77676977681662, 44.902973882872004], [-92.77680597083774, 44.90293868005665], [-92.77683362727039, 44.902908155152836], [-92.77685972512603, 44.90288612267006], [-92.77686773899669, 44.90287118152803], [-92.77688726747262, 44.902842583247356], [-92.77689770320129, 44.90282991743555], [-92.77691163696964, 44.90281853436407], [-92.77692858907739, 44.902815685096286], [-92.77702086941326, 44.902774486501], [-92.7770850414639, 44.90274954679428], [-92.77714135145918, 44.902731289313586], [-92.77715483337496, 44.90272540688368], [-92.77716308440084, 44.902716975505804], [-92.77718990450197, 44.9027134644992], [-92.77720092862712, 44.90270730973853], [-92.77727523906407, 44.9026864638462], [-92.77736586021162, 44.90265926275128], [-92.77742989841327, 44.90264182604733], [-92.77749690554694, 44.90261591086042], [-92.77758684846644, 44.902586951043574], [-92.77766796543828, 44.90255966018556], [-92.77774021424165, 44.90253604576614], [-92.77781142099929, 44.90251141900805], [-92.77784729701678, 44.90249372710906], [-92.77786052111607, 44.90248283963702], [-92.77787540530201, 44.90243818322782], [-92.7778884820776, 44.90241578279176], [-92.77791712306382, 44.90238927003033], [-92.77794702438635, 44.90237102388843], [-92.77797285184909, 44.902364001196496], [-92.7780272017204, 44.90235673798749], [-92.7780871687572, 44.902350275225935], [-92.77811184996963, 44.902348246108296], [-92.77817300907081, 44.90235380470701], [-92.77827013941089, 44.90235618823601], [-92.77834051432858, 44.90235857558265], [-92.77839716209039, 44.902360341913656], [-92.77844032254653, 44.90236848956019], [-92.77845999744788, 44.90237092017376], [-92.77848888367416, 44.90238944691786], [-92.77853731813933, 44.90241766174364], [-92.77856716017308, 44.90244195067427], [-92.77859293733016, 44.9024769648171], [-92.7786142049445, 44.90250818604539], [-92.77862087673212, 44.9025287641266], [-92.77862034672609, 44.902558285811686], [-92.77861103478986, 44.90258672516281], [-92.77858939796792, 44.90261530384592], [-92.77855692387041, 44.90263953415499], [-92.77854302693297, 44.90264891551505], [-92.77852275555027, 44.90266024071836], [-92.77849093812121, 44.9026674606218], [-92.77846729446294, 44.90267049950925], [-92.77842676966384, 44.90267263169338], [-92.7783946171632, 44.90267884817719], [-92.77836689964509, 44.90269310981932], [-92.77834550267335, 44.90270842895949], [-92.77832406887066, 44.90272574856729], [-92.77828313084653, 44.90277016805629], [-92.7782322242177, 44.902860285855816], [-92.77820249627001, 44.902927827664335], [-92.77817979763941, 44.9029764139922], [-92.77815421541675, 44.90302847818002], [-92.77810419093353, 44.90310859392005], [-92.77805642750985, 44.90318047421196], [-92.7780205766452, 44.903235948658136], [-92.77800349607838, 44.903265572420594], [-92.7779998417318, 44.90327304357713], [-92.77801143359224, 44.90329416730941], [-92.77802401359946, 44.90331905206013], [-92.7780512343492, 44.90335207858073], [-92.7780838539738, 44.90337864816293], [-92.77812691561527, 44.903411816538544], [-92.77817001947754, 44.90344273375625], [-92.77820555323692, 44.90346382433993], [-92.77824912691808, 44.9034879887552], [-92.77828045027373, 44.903508291615466], [-92.77834874199826, 44.90354819423262], [-92.77839466297726, 44.90357913619162], [-92.77842240205491, 44.90359121710372], [-92.77848593899667, 44.9036361589398], [-92.77850988718382, 44.90364953210861], [-92.7785856816376, 44.90368891161237], [-92.77863885741085, 44.90372793732238], [-92.77873217530087, 44.903776323821305], [-92.77882542491895, 44.90383236715426], [-92.77887576920241, 44.90386652848516], [-92.77891757050753, 44.90389172285132], [-92.7789583351568, 44.9039120631089], [-92.77897799927838, 44.90392261245137], [-92.77900850337048, 44.90392478531027], [-92.77904403623154, 44.903927492635106], [-92.77908453497949, 44.90393711111329], [-92.77912495826897, 44.9039556621672], [-92.77914213675214, 44.90396262803673], [-92.77916795792667, 44.903966822955816], [-92.77922583188884, 44.90396043863629], [-92.7793380647055, 44.90393846254851], [-92.77943084809793, 44.90392380609218], [-92.77958727802657, 44.90389896041567], [-92.77965057242317, 44.90388877119735], [-92.77968259107483, 44.903882016560324], [-92.77970711867535, 44.9038696182108], [-92.77972842671389, 44.90385567372287], [-92.77974187000211, 44.90383735423898], [-92.77976491178917, 44.903747104354146], [-92.77976741988543, 44.90370551384682], [-92.77977610569592, 44.90369789385894], [-92.77977832902624, 44.90368999072914], [-92.77977445010085, 44.90368129671249], [-92.77977581733671, 44.90364761183936], [-92.77978414022782, 44.90359839171487], [-92.77979857795106, 44.90354791681749], [-92.77980772100403, 44.903530629271046], [-92.77980684245168, 44.90352061305385], [-92.77980504941436, 44.90350283175082], [-92.77982045731814, 44.90340938915037], [-92.77983730881455, 44.903313706707166], [-92.77984096046616, 44.90326719810665], [-92.77985071706848, 44.90323350726444], [-92.77985206364306, 44.903217254845956], [-92.77985668996679, 44.90315549268704], [-92.77986193433144, 44.90311825898357], [-92.7798670349656, 44.90306951116086], [-92.77988903021533, 44.90296186673071], [-92.7799030511203, 44.90288667623418], [-92.77991456842055, 44.902813717078075], [-92.779922111574, 44.902785762049625], [-92.77992553595186, 44.90277152906314], [-92.77992392347592, 44.90276325676249], [-92.77991281760406, 44.9027543984449], [-92.77989920902583, 44.90274751896328], [-92.77987922690063, 44.9027425865043], [-92.77981649844267, 44.90272625504802], [-92.77975738300877, 44.90272446645839], [-92.77965833386722, 44.90271131004674], [-92.77948978566542, 44.902686264689684], [-92.77934016676326, 44.90266614287976], [-92.77927797190456, 44.90265907568407], [-92.77923345319572, 44.902648413487604], [-92.7792038357408, 44.9026311288521], [-92.77918281606146, 44.90260556616152], [-92.77916424878285, 44.902561109640864], [-92.77916019378767, 44.902532046718335], [-92.77916507163967, 44.90251532706862], [-92.77918494147542, 44.90248698312496], [-92.7792053341307, 44.902468899903035], [-92.77922493177692, 44.90245606602952], [-92.7792427148263, 44.90244597008945], [-92.77927701789375, 44.902437522763464], [-92.77932214206709, 44.9024341765378], [-92.77939902887225, 44.90242661491967], [-92.77943932909253, 44.90241747149416], [-92.77946087159135, 44.902394147162795], [-92.77947541801075, 44.902368254770515], [-92.77948157686033, 44.902319268976875], [-92.77949122207156, 44.90229183100943], [-92.77949805645423, 44.9022641194253], [-92.77949145114195, 44.90220050400764], [-92.77949035519731, 44.90216346120853], [-92.77949329987482, 44.90211694722349], [-92.77949390983089, 44.90208292229147], [-92.77949432125928, 44.90205990642491], [-92.77948973176649, 44.9020410989707], [-92.7794856237707, 44.902015039075096], [-92.77947713828453, 44.90199729548381], [-92.77946467326164, 44.90198552347398], [-92.7794521345769, 44.90197795352506], [-92.77941851692401, 44.90196788867924], [-92.77939324372183, 44.90196365861838], [-92.77932894051715, 44.90195656906616], [-92.7792694100616, 44.901958281961136], [-92.77920532335091, 44.901958954520495], [-92.77915878792425, 44.901962486570746], [-92.77910951263597, 44.901957734750994], [-92.77900841264064, 44.90196092320431], [-92.77891231895637, 44.90195955199759], [-92.77881654237741, 44.90196043644181], [-92.77874320032436, 44.90196652892597], [-92.77866023911122, 44.901979039036824], [-92.7786122304475, 44.90198636146856], [-92.77857596276453, 44.90198653326702], [-92.77854225168687, 44.90198172291052], [-92.77848474154239, 44.90196894110412], [-92.77846056338652, 44.90196246557318], [-92.77843072943762, 44.9019416289551], [-92.77842607167285, 44.9019264705923], [-92.7784306351145, 44.901907697454185], [-92.77844004945868, 44.90189302011884], [-92.77844208953269, 44.901890736468395], [-92.77846376498218, 44.90186646130331], [-92.77847909922409, 44.90185559152866], [-92.77850683291186, 44.90184032815494], [-92.77854404741913, 44.90182665232649], [-92.77860814940117, 44.90180546569832], [-92.77864285581218, 44.9017940187947], [-92.77868527156495, 44.90178489435741], [-92.77870677543622, 44.901783339257896], [-92.77873577035865, 44.901776345127416], [-92.77874997002833, 44.90176971750076], [-92.77877570765955, 44.90176769727069], [-92.77882157653627, 44.90176210807326], [-92.77885096761574, 44.901755636973085], [-92.77885868953392, 44.90175393616167], [-92.7788711195225, 44.90174926958793], [-92.77889838878126, 44.901739032902974], [-92.77894439689685, 44.90172568665035], [-92.77901671217555, 44.90169806769223], [-92.77908245987119, 44.901663884075106], [-92.77911879043623, 44.90164044108725], [-92.7791489819146, 44.90162570005419], [-92.77917241626541, 44.90161465334416], [-92.77919225825342, 44.90160757838369], [-92.77920230051998, 44.901577641346], [-92.77922822679739, 44.90152583163514], [-92.77924057234435, 44.90150492486628], [-92.77925638808323, 44.90148680124879], [-92.77927598483116, 44.901473716455364], [-92.77929539203456, 44.901451622974726], [-92.77937815112674, 44.90139156864935], [-92.77943147242706, 44.90134326031678], [-92.7794808743778, 44.90129766575525], [-92.7795078876167, 44.90126363079393], [-92.77953328568472, 44.90124133997992], [-92.77957459740801, 44.90121494248333], [-92.77960520390805, 44.901196701695376], [-92.7796275405176, 44.90118789722187], [-92.77975179369108, 44.90118927162845], [-92.77996456685263, 44.9012019549818], [-92.78016263638963, 44.90121000352981], [-92.78037330479849, 44.901222166386034], [-92.78055626287578, 44.90122857582531], [-92.7807451947497, 44.9012355382075], [-92.78093271357369, 44.901242988629974], [-92.78111957213592, 44.901247931398466], [-92.78132754020903, 44.90125356391416], [-92.78140923210266, 44.901253052330084], [-92.78144235029225, 44.901251600296604], [-92.78145128313943, 44.90124417405454], [-92.78147579367196, 44.901173082898325], [-92.78149475620928, 44.901057651050266], [-92.78151333157273, 44.90096398813287], [-92.78152548667684, 44.900914305027904], [-92.78149064821349, 44.900873953261815], [-92.78128123564942, 44.90087030851906], [-92.78113524683933, 44.900869847199495], [-92.78102565237467, 44.90086950168701], [-92.78078697898682, 44.90086809418505], [-92.78055004473738, 44.90086795419841], [-92.78036666265527, 44.90086554388296], [-92.78022303012618, 44.90086499729874], [-92.78002563252902, 44.9008589562384], [-92.7798064319216, 44.90085146822427], [-92.77962909370473, 44.90084585857605], [-92.77943730967978, 44.9008408705955], [-92.77934585759058, 44.90083604105406], [-92.77919502596282, 44.900824663950814], [-92.77913072724972, 44.90081757743967], [-92.77910679523222, 44.90081711039294], [-92.77906960228451, 44.900829786192766], [-92.77905000733323, 44.90084262042926], [-92.77901136180972, 44.90087729894198], [-92.77898744147032, 44.900895849710615], [-92.77895589623081, 44.90090782492407], [-92.77893778260143, 44.900910783094126], [-92.77892976603583, 44.9009120913319], [-92.77890301690161, 44.90091159883384], [-92.7788838100225, 44.90090520590309], [-92.77888310843828, 44.900904610960296], [-92.7788688566663, 44.900892523756916], [-92.7788528882138, 44.90087986705999], [-92.77884183534256, 44.90086800828413], [-92.77883646251884, 44.900853444581585], [-92.77883456348032, 44.90084166724713], [-92.77883867417107, 44.90082819479813], [-92.7788467167878, 44.900811751444984], [-92.77885110954954, 44.900802283247806], [-92.778849560854, 44.90079051035698], [-92.77883413588225, 44.90074758083556], [-92.77882878461811, 44.90071225385021], [-92.77882804081304, 44.900707497473014], [-92.77882278207537, 44.900673913938874], [-92.7788359136482, 44.90060922649536], [-92.7788481792451, 44.90053377139993], [-92.77884393560369, 44.90049569925481], [-92.77885014386061, 44.90046347665844], [-92.77886348563922, 44.90042631502322], [-92.77888376241181, 44.90039497049322], [-92.77890284712002, 44.90037137427392], [-92.778919620463, 44.90036262248763], [-92.77892594729755, 44.90035932322802], [-92.77894150072838, 44.90035570963177], [-92.77897797592217, 44.90036354577123], [-92.77901015986387, 44.900374847881345], [-92.77903063606243, 44.900411065905146], [-92.77904880987896, 44.90045777025365], [-92.77906349463889, 44.90046340793725], [-92.7790653388802, 44.90046353265348], [-92.77915281053434, 44.90046947067359], [-92.77929407151107, 44.90046474609164], [-92.77943631434643, 44.90046403215479], [-92.77956366850428, 44.900469187516826], [-92.77972558264771, 44.90047115307007], [-92.77990653029538, 44.90047179001368], [-92.78009414883238, 44.900473486408856], [-92.78030182495303, 44.90047561549293], [-92.78048877334678, 44.90047530433868], [-92.78069092123518, 44.90047162966424], [-92.78085145556634, 44.900472078897145], [-92.78102115091677, 44.900471860643755], [-92.78116581561012, 44.90047367157428], [-92.78129754636002, 44.900470358322266], [-92.78140703392516, 44.9004703455961], [-92.78147465550649, 44.900468954628344], [-92.78152687906552, 44.9004624210245], [-92.78155560000178, 44.90045092040366], [-92.78157450145369, 44.90043732823732], [-92.78158386908548, 44.90040588572183], [-92.78159882962821, 44.900336958887884], [-92.78160970732799, 44.90026024099683], [-92.7816185063262, 44.900181750878716], [-92.78162102610058, 44.900161062512], [-92.78163047188578, 44.90008352354431], [-92.78163755959336, 44.90004155114463], [-92.78163243739962, 44.90001297818156], [-92.78162167737915, 44.899991036854644], [-92.78161850902116, 44.89998457828137], [-92.78160092809271, 44.89996365186268], [-92.7815718864579, 44.89995363056986], [-92.7814417008103, 44.899949452538465], [-92.7812466172733, 44.89995194115877], [-92.78103925376637, 44.8999520684214], [-92.78081217762886, 44.89995201942527], [-92.78069619614253, 44.89995083206513], [-92.78060238867067, 44.89994987123242], [-92.78044292153805, 44.89994918019645], [-92.78031677471598, 44.8999552951647], [-92.78017934864718, 44.899962058535145], [-92.78000514734728, 44.899958483092696], [-92.77988821005349, 44.89996142540379], [-92.77979345306237, 44.89996457324376], [-92.77967800876857, 44.89996277884133], [-92.77956004919199, 44.899963963019694], [-92.7793575365876, 44.89996838412154], [-92.77921341896825, 44.899972528426986], [-92.77919867761445, 44.899972952211336], [-92.77912927736885, 44.89997532502173], [-92.77911012169373, 44.899983408738635], [-92.77909651491213, 44.8999962985233], [-92.77908949367986, 44.900014750311485], [-92.77907538923158, 44.900035639169154], [-92.7790692654163, 44.90004334109039], [-92.7790571929572, 44.90004898772301], [-92.7790088105943, 44.90005755693553], [-92.77896905385477, 44.900055945157575], [-92.77892864763328, 44.90003180984274], [-92.77891523129453, 44.9000144232469], [-92.77890643588958, 44.89997480706313], [-92.77890885954422, 44.89993779655461], [-92.77892673512005, 44.89990292976272], [-92.77895144238362, 44.89988103420837], [-92.77896251052624, 44.89987122543], [-92.7790037270281, 44.89985007944165], [-92.77906369586154, 44.8998238480207], [-92.77913038409328, 44.899795926535745], [-92.7791660849393, 44.89976822647492], [-92.77921008532023, 44.89972933997532], [-92.77925749840092, 44.899676723022715], [-92.77926946575714, 44.89965337785364], [-92.7793034642957, 44.89958706092659], [-92.77932886236371, 44.899505717912405], [-92.77935844927593, 44.899445934535095], [-92.7793975798897, 44.89936446660265], [-92.77943947551792, 44.89928577545707], [-92.77947221461845, 44.89922702141858], [-92.77951750767508, 44.899174883156476], [-92.77956260579728, 44.89911398841651], [-92.77961424275645, 44.89906140908013], [-92.77968840766631, 44.899009034591884], [-92.7797818351508, 44.89890328707885], [-92.77981458862438, 44.89886699556421], [-92.77984253880612, 44.89883602752507], [-92.77986297727547, 44.89881519359191], [-92.77991136053669, 44.89874782066897], [-92.77994950839351, 44.89868185904064], [-92.77997262653736, 44.89860975486382], [-92.77997951571729, 44.898592409199324], [-92.78000580401576, 44.89852622976823], [-92.7800249093852, 44.898442330389386], [-92.78003985016502, 44.898355138513175], [-92.78004796464698, 44.89827539158478], [-92.78004056791893, 44.898216772688976], [-92.78002680033889, 44.898179617237616], [-92.78000019134186, 44.89813208316914], [-92.77997085775456, 44.89809908928455], [-92.7799459923875, 44.89807229009131], [-92.77994032581469, 44.8980544740138], [-92.77994488476476, 44.89803574988179], [-92.77995532678162, 44.89802283102261], [-92.77998426511019, 44.897979554541195], [-92.77997703996036, 44.89793094935488], [-92.77993027546329, 44.89786872208236], [-92.7798568849012, 44.897799246866185], [-92.77982817025315, 44.89777294833053], [-92.77977272084392, 44.897722166694585], [-92.77973758863148, 44.897696776177995], [-92.77973275210199, 44.89769328140961], [-92.77965575480404, 44.89764854619234], [-92.77957708663966, 44.897598541416585], [-92.77955812320403, 44.89757634972323], [-92.7795494346986, 44.897560501053846], [-92.77953937536404, 44.897542148383366], [-92.77953304942781, 44.89750205642275], [-92.7795055187593, 44.897466775805185], [-92.77947401753723, 44.89743696451593], [-92.77946125157872, 44.89744210424089], [-92.7794503478278, 44.897441506716895], [-92.77943566396617, 44.897435868736984], [-92.77943188655041, 44.89743057947132], [-92.77943127839096, 44.89742531884054], [-92.77943137630731, 44.89741981385434], [-92.7794334568055, 44.89740181749008], [-92.77944002888015, 44.897388864762355], [-92.77943890149446, 44.89737309176595], [-92.7794135429523, 44.89733457908828], [-92.77938543736201, 44.89729203833715], [-92.77935618552141, 44.89725449157375], [-92.77934392082282, 44.89723160867899], [-92.77933586922296, 44.89720951611362], [-92.77933546408275, 44.897192747826665], [-92.77934587735352, 44.89718133182189], [-92.77935069052681, 44.897168364408586], [-92.77935220957797, 44.897103071039155], [-92.77936284563091, 44.89704011043734], [-92.779381340146, 44.896990236219686], [-92.7794036453145, 44.89696341232846], [-92.77944210309013, 44.89691947197661], [-92.77946636748428, 44.896901176372765], [-92.77950974623103, 44.89687729745428], [-92.77954559260412, 44.89686110814642], [-92.77956491446757, 44.89684376768151], [-92.77958013821669, 44.896799615334345], [-92.77959553534066, 44.89674570773135], [-92.77959520476062, 44.8967360155063], [-92.77959438190383, 44.89671191825151], [-92.77957965851633, 44.896669247224445], [-92.77954925773048, 44.896617177277896], [-92.77953712418595, 44.89658704100958], [-92.77953226789352, 44.89656347631779], [-92.77953757514021, 44.89654225656901], [-92.7795458782684, 44.896530820708215], [-92.77955613882555, 44.896517459246894], [-92.77957183149525, 44.896497024738586], [-92.77959220438758, 44.89646017617018], [-92.77960811983947, 44.896416783969336], [-92.77961715239967, 44.89638408500443], [-92.77962449882205, 44.896347369997805], [-92.77963929946466, 44.896326985700945], [-92.77969283636065, 44.896266417576165], [-92.77972840245938, 44.89620693628106], [-92.77976190692453, 44.896144436055536], [-92.77979642019774, 44.89608494508894], [-92.77982417814002, 44.89604841252552], [-92.77985146446679, 44.89599911780513], [-92.77986073508052, 44.89597292726321], [-92.77990222017867, 44.89591700290407], [-92.77993881933996, 44.8958587818734], [-92.77995787350547, 44.89581691966165], [-92.77996230848801, 44.895785430074405], [-92.77995699764806, 44.895728332085554], [-92.77994932873047, 44.89568472615172], [-92.77992761645005, 44.89563908892134], [-92.77990942017566, 44.89561340221341], [-92.77988056539041, 44.895593122019626], [-92.77984466781335, 44.895572780091626], [-92.77982667186328, 44.895555602146814], [-92.77980220714481, 44.895545624631055], [-92.77979736522542, 44.895540825190146], [-92.77979171841555, 44.89552200796718], [-92.779797950927, 44.89550805063644], [-92.77981014016709, 44.89549590184412], [-92.77983494714366, 44.895486617953104], [-92.77984825209134, 44.895481909507126], [-92.77985433548244, 44.89547187152415], [-92.77985071167856, 44.89545094982666], [-92.77982146612618, 44.89543262130109], [-92.77979143095467, 44.89538153850744], [-92.77978128538184, 44.89535927214032], [-92.7797771387585, 44.895336023854725], [-92.7797708379751, 44.895310445829715], [-92.77977494237763, 44.89527794732699], [-92.77980949787167, 44.89525139245582], [-92.77986690111663, 44.8952276547617], [-92.77999045360417, 44.89517634778519], [-92.780133318972, 44.89509764390793], [-92.78025500296377, 44.895012261244275], [-92.78032274132607, 44.894929726203536], [-92.78034014259146, 44.894872897821934], [-92.780333098003, 44.89480899167803], [-92.78031769009924, 44.8947663364209], [-92.78029947496022, 44.89473296069174], [-92.78027638286754, 44.8946968542745], [-92.78023531997758, 44.89466066319716], [-92.78021428053532, 44.89463850091585], [-92.78020152086502, 44.89460437355695], [-92.7802109531755, 44.894585061566104], [-92.78023017712258, 44.89456734240955], [-92.78025368962683, 44.894556996898864], [-92.78028487194698, 44.894541655222845], [-92.78031519188444, 44.89452254303216], [-92.78032266946086, 44.8945178287799], [-92.78037311794891, 44.89448012111168], [-92.78040862745377, 44.894468283925335], [-92.78048927460671, 44.894463620578534], [-92.78060248299377, 44.89447149506701], [-92.78064872197639, 44.89447751452537], [-92.78067868887594, 44.89447610177595], [-92.78071251403965, 44.894469675674635], [-92.78074963332553, 44.894460557075085], [-92.78079591902053, 44.89446154345448], [-92.7808704495447, 44.89447040050427], [-92.7809482948523, 44.8944746272982], [-92.7809908543355, 44.89446591979692], [-92.78107069120806, 44.89443028221973], [-92.7812245887859, 44.894335757036444], [-92.78136543743592, 44.89423884719597], [-92.78146691831695, 44.89415878846141], [-92.78152351397648, 44.89410368962914], [-92.78154391381827, 44.89408278397976], [-92.78154495227074, 44.89408172059211], [-92.78157030991458, 44.89404815673399], [-92.78159672397719, 44.8940180821208], [-92.78161347126904, 44.89397286548719], [-92.78161991398626, 44.89392334498193], [-92.78161994003739, 44.89386024216767], [-92.78160218573412, 44.89377576960139], [-92.78156044012457, 44.893694669737165], [-92.78151522971292, 44.893635619795084], [-92.78148710525801, 44.893613811584196], [-92.78146047649804, 44.89360749675359], [-92.7814344424228, 44.89359537619702], [-92.7814238036749, 44.89356745359673], [-92.78142079881027, 44.89354832071798], [-92.78141711212433, 44.89352484132924], [-92.78142453939512, 44.893486161887004], [-92.78141679142578, 44.89344005771432], [-92.78141781909846, 44.893386640160806], [-92.78142290356297, 44.89330652996533], [-92.78144396097154, 44.8932063619948], [-92.78145956470803, 44.893106939697425], [-92.78144844536146, 44.893072048399], [-92.78140832749918, 44.89301394412926], [-92.78134820146057, 44.89292458347509], [-92.78125927812891, 44.892799725373436], [-92.78117586236826, 44.892690500006516], [-92.78108964027065, 44.89258159390219], [-92.78103723884519, 44.89251797731751], [-92.78100105470556, 44.892477002355086], [-92.78099456527595, 44.89246595897846], [-92.78098071325425, 44.89244238877956], [-92.7809348479708, 44.89238045276493], [-92.78088483067408, 44.89231020214953], [-92.78082421595198, 44.89221599422642], [-92.78077500264745, 44.89209326079883], [-92.78075102301926, 44.8920433561983], [-92.78073930180143, 44.89201583250419], [-92.78072708291694, 44.89198713718239], [-92.7806985506269, 44.89191828362522], [-92.78065038835123, 44.89185069388139], [-92.78059485360205, 44.89179119083597], [-92.78058819439086, 44.891784054844855], [-92.78055887697326, 44.89176502383376], [-92.78054213596961, 44.89175234794479], [-92.78050972744911, 44.891705072034675], [-92.78049035078844, 44.891665812876646], [-92.78046960150199, 44.89162289181638], [-92.78046271771197, 44.89160293796407], [-92.78044645730701, 44.891588268180755], [-92.78042669796402, 44.891567142693354], [-92.78042464351697, 44.891564945820406], [-92.78035451024613, 44.89148353163559], [-92.78026388820025, 44.89140550493337], [-92.78019252603407, 44.89135155599846], [-92.78016018398891, 44.89132710518991], [-92.78008816245932, 44.891262759165464], [-92.78001165114993, 44.89119733499061], [-92.77998638423594, 44.89117572950635], [-92.77987958443012, 44.891070080232524], [-92.7797634852645, 44.890957091655345], [-92.77967674573729, 44.89087840109608], [-92.77967381812776, 44.89087574661556], [-92.77962246323962, 44.890822816719066], [-92.77960883040687, 44.89080876596775], [-92.77958381412283, 44.890774468322675], [-92.7795638697269, 44.89075181577717], [-92.7795331662088, 44.89073012293668], [-92.77950662368708, 44.89071542110995], [-92.77950109455652, 44.89070311156495], [-92.7795064000066, 44.89067755057181], [-92.77948758389465, 44.89064472296952], [-92.77948560760103, 44.890641275503796], [-92.77947833843375, 44.89063527728204], [-92.77946701247465, 44.890625934692466], [-92.77945181208172, 44.89059200096866], [-92.77943943599205, 44.89055442437391], [-92.77943260160937, 44.89052716153479], [-92.7794072304908, 44.89047625703565], [-92.77937807926152, 44.89044162189063], [-92.77934555306172, 44.89040297474138], [-92.77930829633361, 44.89038292182093], [-92.77924172937442, 44.890343174899556], [-92.77922777224985, 44.8903334981423], [-92.77920501253384, 44.89031216281194], [-92.77918649466257, 44.890285193883976], [-92.7791619365193, 44.890252893013866], [-92.77913037151686, 44.89022871730835], [-92.77912752745067, 44.890226538840494], [-92.77901172203414, 44.890140787457284], [-92.77890976324939, 44.89008199225364], [-92.77885669617228, 44.890050260867625], [-92.77878021540563, 44.890026095259735], [-92.77873353894347, 44.89001763719909], [-92.77872367364503, 44.890025908787806], [-92.7787068562846, 44.890025190902776], [-92.77868959066483, 44.89002147992083], [-92.77868031376288, 44.89001055444746], [-92.77867759456252, 44.88999765669653], [-92.77867860516723, 44.88998603178938], [-92.77866792419849, 44.88997583246837], [-92.77863064591082, 44.88995890296621], [-92.77857482909064, 44.88991919011872], [-92.77853998883067, 44.88988685467613], [-92.77850832142028, 44.88987047438217], [-92.77847942261758, 44.88985908619933], [-92.77846081132154, 44.88984640098038], [-92.77844919251163, 44.889836398289894], [-92.77840263822037, 44.88980933940293], [-92.77833132635985, 44.889780872093446], [-92.77828890252223, 44.88976545149937], [-92.77826655603123, 44.889752423862625], [-92.77824205268524, 44.88971148384256], [-92.77821202200529, 44.88966034696217], [-92.77820276756123, 44.88964458584726], [-92.77816703976575, 44.88960527182283], [-92.77814194802323, 44.88958326733676], [-92.7781242961279, 44.88956726308527], [-92.77811132176024, 44.88955028000287], [-92.77810442988539, 44.88953231999795], [-92.7780785000147, 44.88949536195605], [-92.77805712280589, 44.88947702262235], [-92.77801560985999, 44.88946525823201], [-92.77800401350798, 44.8894522661673], [-92.77799523517103, 44.88943629179157], [-92.77796976254284, 44.88940132953179], [-92.77790479727979, 44.889330694692006], [-92.77785989768526, 44.889264443504445], [-92.77782617852276, 44.88920387494192], [-92.77781657104079, 44.88917228563229], [-92.77781997835066, 44.88915103833529], [-92.77783848544215, 44.88910758143102], [-92.7778395167081, 44.88904667921209], [-92.77784000269666, 44.88901789776311], [-92.77784541863952, 44.88890331342975], [-92.77784018056309, 44.88884582738267], [-92.77782385637775, 44.88876937101019], [-92.77780858232298, 44.88873891686577], [-92.7777924854114, 44.88870681878726], [-92.77774055380482, 44.888644197760954], [-92.77767147246117, 44.88856026105227], [-92.77763137526014, 44.88851234989733], [-92.7776260311825, 44.88850596577112], [-92.77758286803142, 44.88846064679189], [-92.7775532038641, 44.888422947880954], [-92.77752833400548, 44.88839595961039], [-92.7774894450385, 44.88833969184185], [-92.77742451211482, 44.88826473616415], [-92.77736973644207, 44.88820841926111], [-92.77729580868744, 44.888151372302126], [-92.77719113609221, 44.88807961133009], [-92.7770919773562, 44.888022480232564], [-92.77697187529766, 44.88795232994412], [-92.77683354282875, 44.88788277973922], [-92.77675045944476, 44.887844426818454], [-92.77674222908013, 44.887840627229686], [-92.77673146007649, 44.88783634075858], [-92.7766858346432, 44.8878181835563], [-92.7766484359813, 44.88782071852585], [-92.77660324802757, 44.88779931161772], [-92.77656693363221, 44.88777892683669], [-92.77654139812195, 44.887753264621665], [-92.77651036402384, 44.88771164090585], [-92.77649035764414, 44.88769782169829], [-92.77645974755083, 44.887662843107], [-92.77643522444187, 44.88762522704808], [-92.77640104983352, 44.88756299498815], [-92.77636636677873, 44.887507406770624], [-92.77633349113427, 44.8874611246904], [-92.77630398956202, 44.88739890963713], [-92.77628569626958, 44.887343095956844], [-92.77627924816247, 44.88732342256835], [-92.77626977991937, 44.887270572778164], [-92.77626508712034, 44.88720179567718], [-92.77626347644103, 44.88717554384788], [-92.77626234097052, 44.88715701092877], [-92.77626151002886, 44.88714346908221], [-92.77623655483028, 44.887055159642095], [-92.77619740445355, 44.886976997095125], [-92.776120935365, 44.88687554709456], [-92.77607523267662, 44.88680245496893], [-92.77602745038833, 44.88676089293813], [-92.77597806999717, 44.886731790842795], [-92.77596964200318, 44.88672139937047], [-92.77595222187317, 44.88669991949682], [-92.77591919351512, 44.88665016042117], [-92.7758840217768, 44.88661324507961], [-92.77585493073464, 44.8865922800624], [-92.77573761075854, 44.88654967599254], [-92.77566690705747, 44.886528396540136], [-92.77560492150623, 44.88649659127344], [-92.77553196123718, 44.88645662972454], [-92.77547105546091, 44.886418597266555], [-92.77543093041211, 44.88637507592447], [-92.7753766802538, 44.886307341553746], [-92.7753649374764, 44.88629267869378], [-92.77529729882707, 44.88620950613054], [-92.77525321580114, 44.88613056976477], [-92.77522117828485, 44.88605161483314], [-92.77520892436605, 44.88599208478479], [-92.77522193466632, 44.88595547452552], [-92.77525901891788, 44.88591531911427], [-92.77529173735716, 44.88587750333427], [-92.77529865977475, 44.88582261042188], [-92.77529020662791, 44.885754902132405], [-92.77529167088183, 44.8857054662029], [-92.7752881836219, 44.88564825573433], [-92.77526274962126, 44.88557823939189], [-92.77523023689618, 44.88551874576908], [-92.77521429090157, 44.885500093295775], [-92.77519564097796, 44.885489618222934], [-92.7751873674942, 44.88547328377578], [-92.77519552599361, 44.88545770227203], [-92.77520204866087, 44.88544406582735], [-92.77518227494485, 44.885426975236385], [-92.77513674922456, 44.88540331559236], [-92.77512355566797, 44.88538776843929], [-92.77513169889603, 44.88536868184791], [-92.77513600631781, 44.88534804543452], [-92.77513261158435, 44.88531730179196], [-92.77512371826306, 44.88527956326887], [-92.77502785814077, 44.88511158825664], [-92.77487868031143, 44.884912522013934], [-92.77486502771573, 44.884894304059614], [-92.77477050698154, 44.8847952187309], [-92.77463425051923, 44.884660014148224], [-92.77452053188911, 44.88455084524591], [-92.77446122780901, 44.88450229681334], [-92.77443325516937, 44.884487167586855], [-92.77441242593288, 44.88448058761324], [-92.77440364939255, 44.88447632189572], [-92.77440471299785, 44.88446658814081], [-92.77441673245634, 44.884459949608264], [-92.77441497535165, 44.884427648012746], [-92.77438911554958, 44.884391106134714], [-92.7743659542866, 44.884344440928686], [-92.7743212505248, 44.88424293282038], [-92.77423519461553, 44.88406092720458], [-92.77414377756064, 44.88390968133651], [-92.7740821387591, 44.88381832450236], [-92.774080716726, 44.8838145889333], [-92.7740677693078, 44.88378059517976], [-92.77404817705147, 44.88376644150589], [-92.7740419714895, 44.88376195869161], [-92.77401836196718, 44.8837425393118], [-92.77398430144487, 44.88370951425772], [-92.77389754664631, 44.88363843961275], [-92.7737334891226, 44.883536366324456], [-92.77357380190276, 44.88343078194406], [-92.77350566199351, 44.883359673220404], [-92.77345315905842, 44.883278950751055], [-92.77344345994828, 44.88326403506604], [-92.77336577364251, 44.8831248296696], [-92.77329408718454, 44.882978220158904], [-92.77321708270007, 44.88287754664005], [-92.77315270493523, 44.882785414179196], [-92.77307469972753, 44.88271043344182], [-92.7730121266781, 44.88266383561492], [-92.77297421777311, 44.88262614818096], [-92.77294010604682, 44.88257911300668], [-92.77289328585421, 44.88249745950659], [-92.77279083838594, 44.88232801558486], [-92.77270680997427, 44.882159338795084], [-92.77262869786706, 44.8819845376306], [-92.7725713251648, 44.8818604736993], [-92.77254486618644, 44.8818083661573], [-92.77252924717858, 44.881726654913436], [-92.77249144607144, 44.88156285716939], [-92.77248237668033, 44.88149967714202], [-92.7724926075931, 44.88149770011948], [-92.77249164729405, 44.88143798140496], [-92.77247258414542, 44.881334804944096], [-92.77247794708765, 44.88130365687656], [-92.77248162389213, 44.88125966700527], [-92.77250159523751, 44.881178284063374], [-92.77254520574961, 44.881124491031514], [-92.77256970280742, 44.88108513681166], [-92.77257072419188, 44.88106450649993], [-92.7725525584602, 44.88103573506057], [-92.77253439811842, 44.88100930028143], [-92.77253488590364, 44.88099256164318], [-92.77253339470026, 44.88099140062552], [-92.77253080934886, 44.88096971174232], [-92.77252859320507, 44.880964523442486], [-92.77251411056605, 44.880946658144914], [-92.77251282417856, 44.880945115848846], [-92.77246448583313, 44.88089966106205], [-92.77240744191427, 44.88086862542368], [-92.77234549229564, 44.88084382325309], [-92.77230986151822, 44.88083065356032], [-92.77230709291052, 44.88082209484971], [-92.77232014273663, 44.88079864654769], [-92.77233592972944, 44.88077027662281], [-92.77237574306282, 44.880727781542696], [-92.77236911349604, 44.8807106666357], [-92.7724062624263, 44.880688413684446], [-92.77242974618447, 44.880671635488206], [-92.77242032195882, 44.88063856793356], [-92.77240709516457, 44.880612903169634], [-92.77240647532702, 44.88059266478935], [-92.77241844807313, 44.880572793041765], [-92.77243317146065, 44.8805552503421], [-92.77242819030239, 44.88054085717678], [-92.77240954217541, 44.880530381837474], [-92.77239084374277, 44.88050628288474], [-92.77232308202426, 44.88038535321992], [-92.77231781160847, 44.88037700704397], [-92.77226858123596, 44.88029904038587], [-92.77220201158184, 44.88020457600002], [-92.77215904067023, 44.88015525114974], [-92.77206184744804, 44.88004368542608], [-92.7719739293312, 44.879950813866465], [-92.77193433698336, 44.879899507902], [-92.77191663837563, 44.87984815860736], [-92.77190498632808, 44.87980419945003], [-92.77188353455911, 44.879775044185536], [-92.77183914700429, 44.87976266800903], [-92.7718052050596, 44.87976194999596], [-92.77176576273041, 44.87975462282454], [-92.77172248818823, 44.87974730329066], [-92.77169517491203, 44.87976409003143], [-92.77164002374346, 44.87980466475777], [-92.77160557784389, 44.87981679394934], [-92.77155595400927, 44.87987254173047], [-92.77153088921624, 44.87990644613215], [-92.77151070137684, 44.87992555426835], [-92.77147842311204, 44.87993183877439], [-92.7714526585314, 44.879921376054874], [-92.77142406246094, 44.879885229148954], [-92.7714047639537, 44.87984517325588], [-92.77140357907585, 44.87982026370607], [-92.7714153254465, 44.87973422246204], [-92.77141023379545, 44.87968713591009], [-92.77138641676233, 44.8796081657696], [-92.77136047251861, 44.87954671370823], [-92.77132692852759, 44.87950278869368], [-92.7712918106882, 44.87948027365753], [-92.77126763253231, 44.87945423854728], [-92.77124561033312, 44.87941847136244], [-92.7712094037356, 44.87939673732841], [-92.7711704420051, 44.87936994787959], [-92.77113810714646, 44.87935988480561], [-92.7710997652535, 44.87935411519871], [-92.77107673963613, 44.87934403429884], [-92.771053669103, 44.87932150137734], [-92.77101840573653, 44.87928770102383], [-92.77093009954747, 44.87923920161928], [-92.77087339249682, 44.879200573678176], [-92.7708192528313, 44.87917254606197], [-92.77078973059781, 44.87914803215082], [-92.77077498295579, 44.879123526504344], [-92.77077818455146, 44.87907789459226], [-92.7708071040154, 44.87897799910851], [-92.77084574684397, 44.87890443736224], [-92.7708605950973, 44.87889571031695], [-92.77088164711598, 44.87888085905982], [-92.77089412830856, 44.87885370526617], [-92.77089682325439, 44.878812496505], [-92.77089456938134, 44.87877390074132], [-92.77087883179588, 44.87849497328318], [-92.77084763510271, 44.8783352714641], [-92.7707794161417, 44.87817985511965], [-92.77067295410244, 44.87802520731461], [-92.77053569781525, 44.877863458296105], [-92.77039971264416, 44.87769469775914], [-92.77033487584019, 44.87759716915176], [-92.77027998428478, 44.87748563920792], [-92.77022000916315, 44.87740154044445], [-92.77018292311496, 44.87731044508846], [-92.77009811945717, 44.87714870297265], [-92.77000255937222, 44.8770309191657], [-92.76990809882514, 44.87693769390406], [-92.76980403618599, 44.87683562591475], [-92.76974923176714, 44.876747880566235], [-92.76969011543493, 44.87663915307156], [-92.76964246160573, 44.876542142754474], [-92.7696400729854, 44.876538434085504], [-92.76963768526336, 44.87653472668951], [-92.76963529754134, 44.87653101929324], [-92.76963290981931, 44.87652731189672], [-92.76963052119898, 44.87652360386338], [-92.76962813347696, 44.87651989646644], [-92.76962574575492, 44.87651618779604], [-92.7696233580329, 44.87651248039862], [-92.76962096941254, 44.87650877236433], [-92.7696193784962, 44.87650630119011], [-92.76961860504672, 44.87650505796411], [-92.76961628469836, 44.87650132892247], [-92.76961396434997, 44.87649759988059], [-92.76961154339028, 44.87649370787587], [-92.76960932365321, 44.876490141159515], [-92.76960700330483, 44.87648641148032], [-92.76960468295647, 44.87648268243747], [-92.76960236260807, 44.87647895275781], [-92.7696000422597, 44.87647522371447], [-92.76959772191132, 44.8764714946709], [-92.76959694846187, 44.87647025144414], [-92.76959544827534, 44.87646775162248], [-92.76959319530062, 44.8764640009349], [-92.7695909441225, 44.876460250883724], [-92.76958869114776, 44.876456500195715], [-92.76958643817304, 44.8764527495074], [-92.76958418699493, 44.87644900009202], [-92.7695819340202, 44.87644524813012], [-92.7695796819438, 44.87644149871429], [-92.76957743076568, 44.87643774802501], [-92.76957517779095, 44.876433997335525], [-92.76957323204005, 44.876430904226005], [-92.76957128449251, 44.87642780920661], [-92.7695693387416, 44.87642471609674], [-92.7695673929907, 44.87642162171355], [-92.76956544544316, 44.87641852733019], [-92.76956349969225, 44.876415432310125], [-92.76956155304303, 44.876412339199604], [-92.76955960639381, 44.87640924545232], [-92.7695576606429, 44.87640614979517], [-92.76955571309537, 44.87640305604757], [-92.76955376734448, 44.87639996166325], [-92.76955182159355, 44.87639686791532], [-92.76954987404602, 44.87639377353062], [-92.76954792829511, 44.876390680418936], [-92.76954695541967, 44.8763891329082], [-92.76954594930655, 44.876387596219125], [-92.76954393797863, 44.876384522840894], [-92.76954192575238, 44.876381450735614], [-92.76953991442447, 44.87637837799364], [-92.76953790219824, 44.87637530525151], [-92.769535889972, 44.87637223187262], [-92.76953387864408, 44.87636915849357], [-92.76953186641784, 44.87636608575089], [-92.7695298541916, 44.876363012371506], [-92.76952784286368, 44.87635993899197], [-92.76952583063743, 44.876356866248834], [-92.76952381841122, 44.87635379286896], [-92.7695218079816, 44.876350721398644], [-92.76951979485706, 44.87634764801844], [-92.76951778442745, 44.87634457527466], [-92.76951705140216, 44.876343481640085], [-92.76951631927523, 44.876342388642065], [-92.76951558624994, 44.87634129437091], [-92.76951485412299, 44.876340201372855], [-92.76951412109773, 44.876339107101614], [-92.76951338986908, 44.87633801410351], [-92.76951265684382, 44.87633692046886], [-92.76951192381854, 44.876335826197554], [-92.76951119169158, 44.87633473319939], [-92.7695104586663, 44.87633363956467], [-92.76950972653935, 44.87633254592989], [-92.76950899351407, 44.87633145229509], [-92.76950826228544, 44.876330358023715], [-92.76950734600385, 44.876328991935054], [-92.7695067971332, 44.87632817139059], [-92.76950606410794, 44.876327077755754], [-92.76950533108266, 44.87632598412083], [-92.7695045989557, 44.87632489112249], [-92.76950386593045, 44.876323796851004], [-92.7695031347018, 44.876322703216026], [-92.76950240167652, 44.87632161021763], [-92.76950166954957, 44.87632051594607], [-92.76950093652428, 44.876319422947624], [-92.76950020439735, 44.87631832867598], [-92.76949947137206, 44.87631723567753], [-92.7694987383468, 44.87631614204245], [-92.76949800621985, 44.87631504777074], [-92.7694972749912, 44.876313954772186], [-92.76949640811694, 44.876312661889216], [-92.7694958772126, 44.876311864897794], [-92.7694953472066, 44.876311068543004], [-92.76949474982693, 44.87631017288248], [-92.76949402039493, 44.876309076701], [-92.76949329096291, 44.87630798179257], [-92.76949269448156, 44.87630708613205], [-92.76949216357721, 44.87630628914055], [-92.76949156709588, 44.87630539284341], [-92.76949063823788, 44.87630399874487], [-92.76949004175653, 44.87630310244771], [-92.76948944527517, 44.87630220678706], [-92.76948884789552, 44.876301310489865], [-92.76948747526976, 44.8762990652908], [-92.76948595621862, 44.87629658137606], [-92.76948472822163, 44.87629457489233], [-92.76948335469756, 44.87629232841984], [-92.76948277258926, 44.87629137546731], [-92.76948198117348, 44.876290082583836], [-92.76948060764941, 44.876287836111175], [-92.76947973448696, 44.876286408273685], [-92.76947889276553, 44.876285030725626], [-92.76947799984015, 44.87628330688075], [-92.76947698923544, 44.87628135832491], [-92.76947561930464, 44.87627871208278], [-92.76947435537504, 44.87627627527375], [-92.76947323697252, 44.87627411537475], [-92.7694718841097, 44.87627150541707], [-92.76947085733532, 44.876269519939456], [-92.76947026175229, 44.87626837219455], [-92.76946976049236, 44.876267200896386], [-92.76946927360548, 44.87626606651955], [-92.76946875617587, 44.87626485830001], [-92.76946775185938, 44.876262516340034], [-92.76946690115481, 44.8762605289524], [-92.76946574412473, 44.876257831146766], [-92.76946483233472, 44.87625570307579], [-92.76946373639005, 44.87625314658965], [-92.76946298450017, 44.876251389641915], [-92.76946268356456, 44.87625050798512], [-92.76946196760727, 44.8762484168353], [-92.7694611528353, 44.87624603731674], [-92.76946088334073, 44.87624524541703], [-92.76946033985999, 44.87624365779808], [-92.76945952598633, 44.87624127827932], [-92.76945908311689, 44.87623998093871], [-92.76945871211267, 44.87623889876051], [-92.76945789823904, 44.87623651924155], [-92.7694570852637, 44.87623414099567], [-92.76945646452783, 44.87623240887379], [-92.76945596596286, 44.87623101541003], [-92.76945515658078, 44.87622875620356], [-92.76945460321856, 44.87622721059814], [-92.76945409207717, 44.87622577957631], [-92.76945336354348, 44.87622374635395], [-92.76945309315057, 44.87622299328504], [-92.76945258829738, 44.876221581996916], [-92.76945198013794, 44.87622031266514], [-92.76945117165418, 44.87621862064713], [-92.7694505024093, 44.876217222727014], [-92.76944944599053, 44.876215015082614], [-92.76944874171134, 44.876213543319615], [-92.76944803743216, 44.87621207219317], [-92.76944712204889, 44.87621015928313], [-92.76944671780701, 44.87620931391057], [-92.76944622103865, 44.876208492727855], [-92.76944514036536, 44.87620670840601], [-92.76944423306692, 44.876205209270054], [-92.76944338954888, 44.876203817715385], [-92.7694420923816, 44.87620167500116], [-92.76944124976188, 44.87620028344641], [-92.7694403406668, 44.87619878431028], [-92.76943951062349, 44.87619741057956], [-92.76943860422337, 44.8761961909002], [-92.76943804367463, 44.876195435284586], [-92.76943671865959, 44.876193647779445], [-92.76943569817341, 44.87619227277548], [-92.76943467948388, 44.87619089713487], [-92.76943314875463, 44.87618883462877], [-92.76943218126908, 44.876187528374864], [-92.76943100896763, 44.876185947756674], [-92.76943012322876, 44.87618488785766], [-92.76942923569327, 44.876183826685406], [-92.7694283499544, 44.87618276678635], [-92.76942746421552, 44.87618170688723], [-92.76942657757833, 44.87618064571496], [-92.76942569183946, 44.876179585815805], [-92.76942480430397, 44.8761785246435], [-92.7694239185651, 44.8761774647443], [-92.76942303282623, 44.876176403571954], [-92.76942214708735, 44.87617534367272], [-92.76942126045017, 44.87617428313692], [-92.7694203747113, 44.87617322260106], [-92.76941948897242, 44.87617216270177], [-92.76941815856749, 44.87617057253454], [-92.76941677875521, 44.87616900464743], [-92.76941585798205, 44.87616795811615], [-92.76941493810719, 44.87616691349461], [-92.76941401733404, 44.876165866963284], [-92.76941309566254, 44.87616482170516], [-92.76941217578769, 44.87616377581039], [-92.76941125681117, 44.87616273055219], [-92.7694103351397, 44.876161685293965], [-92.7694094143665, 44.876160640035714], [-92.76940849449167, 44.876159594140866], [-92.76940757371851, 44.876158548882586], [-92.76940665384365, 44.876157502987745], [-92.76940573307049, 44.87615645772942], [-92.76940481319562, 44.876155411834496], [-92.76940124239238, 44.87615148224866], [-92.76939767338577, 44.8761475532991], [-92.7693941034808, 44.87614362307614], [-92.76939053267756, 44.87613969412603], [-92.76938696367094, 44.87613576517566], [-92.76938339376599, 44.87613183686161], [-92.76937982296273, 44.87612790663758], [-92.76937625395612, 44.8761239776864], [-92.76937268405118, 44.876120048098414], [-92.76936911414624, 44.87611611914671], [-92.76936554424131, 44.876112188921596], [-92.76936197343804, 44.87610825996935], [-92.7693589964212, 44.87610498223502], [-92.76935479949219, 44.87610041734192], [-92.76935300016667, 44.8760984598678], [-92.76935119994285, 44.87609650112043], [-92.7693476003935, 44.87609258617181], [-92.76934400084416, 44.87608866994978], [-92.76934040039649, 44.876084755000626], [-92.76933680174548, 44.87608083941466], [-92.76933320219614, 44.876076923828386], [-92.76932960264679, 44.87607300824189], [-92.76932600219912, 44.87606909265508], [-92.76932240264978, 44.87606517706804], [-92.76931880310043, 44.8760612614807], [-92.7693152035511, 44.87605734589313], [-92.76931279786277, 44.87605472892329], [-92.76931159861185, 44.87605343348815], [-92.76930797929957, 44.876049525538974], [-92.7693043599873, 44.876045618862655], [-92.76930074247166, 44.87604171282266], [-92.76929815891688, 44.87603895962452], [-92.76929557626045, 44.87603620833596], [-92.76929299180738, 44.8760334557741], [-92.76929040915094, 44.876030703848684], [-92.76928782559618, 44.87602795192319], [-92.76928524204142, 44.87602519936093], [-92.76928265938498, 44.87602244807171], [-92.76928007583024, 44.87601969614578], [-92.76927749317377, 44.87601694421971], [-92.76927490872072, 44.876014191656964], [-92.76927232606427, 44.87601144036722], [-92.76926974250952, 44.876008687167584], [-92.76926715895475, 44.87600593587757], [-92.76926457629831, 44.87600318395085], [-92.76926328362262, 44.87600180830573], [-92.76926197028567, 44.87600044220927], [-92.76925934540841, 44.87599771065279], [-92.76925671963282, 44.87599497845959], [-92.76925409475557, 44.875992246902854], [-92.76925146718337, 44.875989514709396], [-92.76924884230611, 44.875986783788996], [-92.76924621742884, 44.87598405223187], [-92.76924359075497, 44.87598132003802], [-92.76924096497939, 44.875978588480635], [-92.7692383401021, 44.875975857559716], [-92.76923571432654, 44.87597312536548], [-92.76923308765265, 44.875970393807705], [-92.76923046187709, 44.87596766224976], [-92.76922783699982, 44.875964930691715], [-92.76922521032593, 44.87596219913355], [-92.7692241736701, 44.87596110167227], [-92.76922313881087, 44.87596000357438], [-92.76922210215504, 44.87595890674959], [-92.76922106549921, 44.87595780865165], [-92.76922002884336, 44.87595671119028], [-92.76921899308584, 44.87595561436544], [-92.76921795643001, 44.875954516267434], [-92.76921691977418, 44.87595341944259], [-92.7692156863873, 44.87595211127362], [-92.76921484825913, 44.87595122388303], [-92.7692138116033, 44.87595012705812], [-92.76921277494746, 44.87594902896002], [-92.76921173829163, 44.87594793149848], [-92.76921018420617, 44.87594628530609], [-92.76920869479943, 44.87594460983105], [-92.76920770126273, 44.8759434926355], [-92.7692065172832, 44.875942160912864], [-92.76920571418933, 44.875941256971124], [-92.76920472065261, 44.87594013977546], [-92.76920372801425, 44.87593902257981], [-92.76920273357922, 44.875937905384134], [-92.7692017400425, 44.87593678818844], [-92.76920074740411, 44.87593567099268], [-92.76919975386741, 44.875934553796945], [-92.76919875943238, 44.875933436601194], [-92.769197766794, 44.87593231813223], [-92.76919677325729, 44.87593120157302], [-92.7691957797206, 44.875930083740606], [-92.76919497393179, 44.87592908876788], [-92.76919416724466, 44.87592809315855], [-92.76919336055754, 44.8759270975492], [-92.76919255387041, 44.8759261013033], [-92.76919190798174, 44.87592530303339], [-92.76919094139446, 44.87592410881138], [-92.76919013380902, 44.87592311256542], [-92.7691893271219, 44.8759221163194], [-92.76918835604309, 44.875920917641295], [-92.76918771374766, 44.87592012573711], [-92.76918690706053, 44.87591912949104], [-92.76918610127173, 44.875918133245], [-92.76918529458459, 44.87591713763547], [-92.76918464330602, 44.87591633427282], [-92.76918408455391, 44.87591564422119], [-92.76918299310084, 44.87591410497315], [-92.76918226456714, 44.87591307944441], [-92.7691813869131, 44.87591184448107], [-92.76918080839808, 44.875911027750185], [-92.76918007986438, 44.87591000285793], [-92.76917935133069, 44.875908976692486], [-92.76917862279699, 44.87590794989042], [-92.76917788617845, 44.87590691290309], [-92.76917716572959, 44.875905898196066], [-92.7691764371959, 44.87590487266713], [-92.7691757086622, 44.87590384713817], [-92.7691749801285, 44.87590282033602], [-92.76917425339144, 44.875901794807035], [-92.76917352485775, 44.875900769278026], [-92.76917161324282, 44.87589780791173], [-92.76916970162789, 44.875894848455005], [-92.76916779001297, 44.8758918870884], [-92.76916588019468, 44.875888926358236], [-92.76916396857975, 44.87588596499133], [-92.76916205696483, 44.87588300426087], [-92.7691601453499, 44.87588004416679], [-92.7691582346333, 44.87587708279942], [-92.76915632301836, 44.875874122068495], [-92.76915441140345, 44.87587116070083], [-92.76915249978853, 44.87586819996955], [-92.76915058997022, 44.87586523923817], [-92.76914856876084, 44.87586210917645], [-92.76914676674039, 44.87585931777491], [-92.76914581093291, 44.87585783709074], [-92.76914489644795, 44.8758563443115], [-92.7691430647831, 44.87585335747973], [-92.76914123491485, 44.875850371284386], [-92.76913940594493, 44.87584738445231], [-92.7691375760767, 44.8758443982566], [-92.76913574441184, 44.87584141078767], [-92.76913391454362, 44.87583842459166], [-92.76913208377707, 44.875835437758965], [-92.76913025390881, 44.875832451562694], [-92.76912842404059, 44.87582946409309], [-92.76912659327405, 44.87582647789651], [-92.76912476340581, 44.87582349106319], [-92.76912293353757, 44.875820504866304], [-92.76912110366933, 44.87581751866926], [-92.76911927290278, 44.875814531835466], [-92.76911843387632, 44.87581309443757], [-92.76911759484985, 44.87581165703963], [-92.76911675582338, 44.87581022027825], [-92.76911591589858, 44.875808782880235], [-92.76911507687208, 44.875807345482194], [-92.76911423784561, 44.87580590808411], [-92.76911339881914, 44.87580447068599], [-92.76911255799605, 44.87580303265125], [-92.7691117207662, 44.875801595889655], [-92.76911087994309, 44.87580015785484], [-92.76911004091662, 44.87579872045657], [-92.76910920189015, 44.875797283058276], [-92.76910836286368, 44.875795845659944], [-92.76910752293887, 44.87579440826158], [-92.76910710432396, 44.87579369019895], [-92.76910668391238, 44.87579297022658], [-92.76910584488591, 44.875791534101324], [-92.76910500585944, 44.87579009670284], [-92.76910416683297, 44.875788659304334], [-92.7691033278065, 44.87578722126919], [-92.7691024878817, 44.8757857845072], [-92.76910164885523, 44.87578434710858], [-92.76910080982876, 44.87578290907333], [-92.76909997080229, 44.87578147231123], [-92.76909912997917, 44.87578003427591], [-92.76909829274932, 44.875778596877154], [-92.76909745192621, 44.875777159478346], [-92.76909661289974, 44.87577572207952], [-92.76909577387327, 44.875774285317235], [-92.76909493484679, 44.87577284791833], [-92.76909385597014, 44.87577092735475], [-92.76909277709348, 44.87576900551792], [-92.76909169821684, 44.87576708559075], [-92.76909061934018, 44.875765164390344], [-92.76908954046351, 44.8757632438265], [-92.76908846068855, 44.875761322626005], [-92.76908738271021, 44.87575940142539], [-92.76908630293524, 44.87575748086137], [-92.7690852249569, 44.87575556029723], [-92.76908414518192, 44.87575363973307], [-92.76908306720358, 44.87575171853221], [-92.7690819874286, 44.87574979733132], [-92.76908090945028, 44.87574787740351], [-92.76907982967529, 44.87574595556592], [-92.76907929068612, 44.87574499560198], [-92.76907875169695, 44.87574403436484], [-92.76907767371861, 44.87574211443684], [-92.76907659394364, 44.87574019323564], [-92.76907551506699, 44.87573827203438], [-92.76907443619032, 44.8757363514696], [-92.76907335731369, 44.87573443154134], [-92.76907227843701, 44.8757325090667], [-92.76907119956036, 44.87573058913836], [-92.7690701206837, 44.87572866730019], [-92.76906904180706, 44.87572674737167], [-92.76906796203207, 44.875724826169915], [-92.76906688405374, 44.875722904968136], [-92.76906580427877, 44.87572098503943], [-92.76906472630043, 44.87571906320093], [-92.76906364652545, 44.87571714327215], [-92.76906309855313, 44.87571613556409], [-92.76906261795446, 44.87571525262596], [-92.76906222449236, 44.87571452819656], [-92.76906151212833, 44.87571309716199], [-92.76906110788646, 44.87571228743066], [-92.76906049613375, 44.87571106073856], [-92.76905998948394, 44.875710042208574], [-92.7690594819358, 44.87570902304197], [-92.76905897438766, 44.8757080045119], [-92.76905846773784, 44.87570698661844], [-92.7690579601897, 44.87570596872492], [-92.76905745264158, 44.875704949558255], [-92.76905694599175, 44.8757039316647], [-92.76905631088283, 44.87570265850201], [-92.76905585543699, 44.87570174500777], [-92.76905548263615, 44.87570086270601], [-92.76905504425831, 44.875699828261276], [-92.76905452593037, 44.87569860729819], [-92.76905416660426, 44.87569776000838], [-92.7690537282264, 44.87569672556359], [-92.76905328984856, 44.87569569048219], [-92.76905285147068, 44.875694656037346], [-92.7690524346524, 44.875693671245884], [-92.76905197471497, 44.87569258651109], [-92.76905153633712, 44.87569155206621], [-92.76905109795925, 44.8756905176213], [-92.76905035325588, 44.87568875938325], [-92.76904983313133, 44.875687404737775], [-92.76904931031184, 44.87568614430637], [-92.76904878839066, 44.875684885148125], [-92.76904826557116, 44.875683624080075], [-92.76904774364996, 44.87568236364859], [-92.76904722083049, 44.87568110385362], [-92.76904680850377, 44.875680106330265], [-92.7690461760898, 44.87567858235391], [-92.76904565506693, 44.87567732192232], [-92.76904513314577, 44.87567606276384], [-92.76904461032626, 44.87567480233218], [-92.76904400037019, 44.87567332991881], [-92.76904356558558, 44.87567228146878], [-92.76904304366441, 44.87567102103706], [-92.76904226033348, 44.87566913102594], [-92.76904135752663, 44.87566726838782], [-92.76904090477572, 44.87566633452244], [-92.76904015378415, 44.875664783809256], [-92.76903955101459, 44.87566354183821], [-92.76903895004166, 44.87566229986718], [-92.76903834727212, 44.87566105853268], [-92.76903764389124, 44.87565960648954], [-92.76903714352962, 44.87565857331725], [-92.76903654076007, 44.87565733070948], [-92.76903593888883, 44.87565608937486], [-92.7690353370176, 44.87565484676708], [-92.76903473424804, 44.87565360415923], [-92.76903413327511, 44.875652362187935], [-92.76903353140388, 44.87565112085321], [-92.76903273819147, 44.875649803765214], [-92.76903194408075, 44.87564848604064], [-92.76903133771795, 44.87564747833137], [-92.76903051935273, 44.875646119228875], [-92.76902951593455, 44.87564445202072], [-92.76902864007714, 44.87564299934058], [-92.76902777769448, 44.87564156703104], [-92.76902704826246, 44.8756406267994], [-92.76902607269206, 44.87563937209622], [-92.76902509891828, 44.87563811675642], [-92.7690239356, 44.875636620151965], [-92.7690231486758, 44.87563560607671], [-92.76902234468363, 44.87563457099421], [-92.76902128197665, 44.87563320361584], [-92.76902071334307, 44.87563246963666], [-92.76901993450373, 44.875631668179764], [-92.76901873884609, 44.87563043957626], [-92.76901784861563, 44.87562952226136], [-92.76901686765535, 44.87562851327864], [-92.7690155839628, 44.87562719173407], [-92.76901413498024, 44.87562570022198], [-92.76901326361443, 44.87562480455084], [-92.76901240482502, 44.875623919701574], [-92.76901107352178, 44.87562280631925], [-92.76900942062164, 44.8756214249358], [-92.76900796445257, 44.87562020715397], [-92.76900685503318, 44.875619279017016], [-92.76900583275041, 44.87561842281384], [-92.76900424273235, 44.875617094266644], [-92.76900293748025, 44.87561600252797], [-92.76900035123053, 44.87561415071002], [-92.76899776408251, 44.875612298255426], [-92.76899692325941, 44.875611695411976], [-92.7689951769345, 44.87561044516422], [-92.76899258978648, 44.87560859207291], [-92.76899090814025, 44.87560738829562], [-92.76899000263845, 44.87560674025472], [-92.76898741549044, 44.875604887163284], [-92.76898418245375, 44.875602572549575], [-92.76898213878647, 44.87560126055312], [-92.76897941509453, 44.87559951122446], [-92.76897859852593, 44.875598986043926], [-92.76897668960596, 44.8755977606226], [-92.76897396501569, 44.87559601129383], [-92.76897226270823, 44.875594917645074], [-92.76897124042544, 44.875594261965055], [-92.76896851493686, 44.875592511362996], [-92.76896592778884, 44.875590849882485], [-92.76896442760233, 44.87558988736963], [-92.76896300017933, 44.87558906681467], [-92.76895975456623, 44.875587199717856], [-92.76895729138569, 44.87558578268493], [-92.76895443653973, 44.875584141574876], [-92.76895272614743, 44.87558315805466], [-92.76895158169376, 44.875582499191594], [-92.7689487268478, 44.87558085808144], [-92.7689460893941, 44.875579340468256], [-92.76894373221481, 44.87557798518367], [-92.768939641287, 44.875575883187466], [-92.768937037071, 44.87557454509054], [-92.76893406005414, 44.87557301601868], [-92.76893235056015, 44.875572138807655], [-92.76893108393561, 44.87557148758343], [-92.76892810781708, 44.875569959148095], [-92.76892513169852, 44.875568430076164], [-92.76892215647831, 44.875566901640795], [-92.76891985409625, 44.87556588629113], [-92.7689178769043, 44.875565014172594], [-92.76891622130924, 44.87556428528519], [-92.7689152493321, 44.87556385750152], [-92.76891424232066, 44.87556341316669], [-92.76891260648853, 44.87556269128166], [-92.76891068229719, 44.87556184335325], [-92.7689081903706, 44.87556094831766], [-92.76890611346566, 44.87556020160593], [-92.76890371406552, 44.875559339036066], [-92.76890195696083, 44.875558708182375], [-92.76890097600054, 44.875558354878834], [-92.7688998800559, 44.87555796210716], [-92.7688986340926, 44.875557513952764], [-92.76889604245301, 44.87555677615314], [-92.76889352806853, 44.87555605999728], [-92.76889101368405, 44.87555534320487], [-92.7688888128116, 44.87555471680724], [-92.76888610259438, 44.875553944632045], [-92.76888476769788, 44.87555365753314], [-92.76888296388077, 44.87555326921749], [-92.7688807971443, 44.87555280323872], [-92.76887820370808, 44.87555224495546], [-92.7688756120685, 44.87555168667214], [-92.76887318302397, 44.875551163400914], [-92.76887086357391, 44.87555081773631], [-92.76886908221469, 44.875550551644615], [-92.76886725953298, 44.87555027918706], [-92.76886479545416, 44.87554991187865], [-92.768862247832, 44.875549531202], [-92.76885997150109, 44.875549190630096], [-92.76885789369783, 44.87554887424832], [-92.76885581319964, 44.87554855722996], [-92.76885373539638, 44.87554824021159], [-92.7688516557965, 44.875547923193224], [-92.76884957709494, 44.87554760553831], [-92.76884791431334, 44.87554735217823], [-92.76884678782598, 44.875547098818146], [-92.76884506126399, 44.8755467098659], [-92.7688429744776, 44.87554623943102], [-92.7688414293753, 44.875545891856646], [-92.76883987349323, 44.87554554109936], [-92.76883778670683, 44.87554507066447], [-92.76883616075617, 44.875544704629206], [-92.76883370296554, 44.875543961100135], [-92.76883146526218, 44.875543284412316], [-92.7688295087315, 44.87554269239001], [-92.7688275522008, 44.875542100367696], [-92.76882481503412, 44.875541272173066], [-92.7688236741737, 44.87554083165753], [-92.76882169608345, 44.8755400664846], [-92.76881971709489, 44.87553930131164], [-92.768817737208, 44.87553853613869], [-92.76881575821945, 44.875537770965764], [-92.76881398225011, 44.875537084092514], [-92.7688122485016, 44.875536253351434], [-92.76881043390473, 44.875535382505646], [-92.76880861840955, 44.87553451165983], [-92.76880728351304, 44.875533871893694], [-92.76880592166708, 44.87553321875931], [-92.76880375942218, 44.87553218112868], [-92.76880214155635, 44.8755312536269], [-92.76880074108283, 44.875530450258815], [-92.76879853122723, 44.875529184094724], [-92.76879728436562, 44.87552846921171], [-92.76879566649978, 44.875527541709864], [-92.76879404683733, 44.87552661293488], [-92.76879186842277, 44.875525364595], [-92.76879087758101, 44.875524703821526], [-92.76878962532949, 44.87552386798767], [-92.76878755291614, 44.87552248723838], [-92.76878632671578, 44.87552166922879], [-92.76878480946125, 44.87552065769784], [-92.76878329220675, 44.87551964616687], [-92.76878177674888, 44.875518635272485], [-92.76878072661829, 44.87551793566736], [-92.76877918870254, 44.87551674461982], [-92.76877726810446, 44.87551525756099], [-92.76877607604008, 44.875514333878414], [-92.76877466838002, 44.87551324468417], [-92.76877326251659, 44.87551215612649], [-92.76877185575485, 44.875511066295616], [-92.76877039599253, 44.87550993572334], [-92.76876948510083, 44.87550911453065], [-92.76876787172658, 44.875507661847145], [-92.76876658354246, 44.87550650071881], [-92.76876529446002, 44.87550534022703], [-92.7687640062759, 44.87550417909869], [-92.7687627180918, 44.87550301797028], [-92.7687609331393, 44.87550140932361], [-92.7687598264149, 44.87550005021767], [-92.76875892899793, 44.87549894765491], [-92.76875819148107, 44.875497538895395], [-92.76875753391428, 44.875496282915904], [-92.76875720692752, 44.87549505494606], [-92.76875678741429, 44.87549348831369], [-92.76875676136315, 44.87549249206027], [-92.76875671105749, 44.875490644694416], [-92.76875702367121, 44.87548917163975], [-92.76875730843715, 44.87548783290421], [-92.76875766237337, 44.87548687548225], [-92.76875806931021, 44.87548577992163], [-92.76875861189264, 44.875484318325356], [-92.76875901703282, 44.87548322276469], [-92.76875942486795, 44.87548212656742], [-92.76875996655208, 44.87548066560764], [-92.76876050913451, 44.87547920337463], [-92.76876118556592, 44.875477376379045], [-92.76876159340107, 44.87547627954506], [-92.76876213508518, 44.87547481858514], [-92.76876267766761, 44.875473357625125], [-92.76876321935174, 44.87547189539194], [-92.76876376103584, 44.8754704337953], [-92.76876430361827, 44.875468972835186], [-92.76876484440407, 44.875467511238476], [-92.7687652513409, 44.875466415677494], [-92.76876618379217, 44.875464074321606], [-92.76876711714173, 44.87546173232909], [-92.768768049593, 44.87545939097308], [-92.76876898204428, 44.875457049616905], [-92.76876991539385, 44.8754547082607], [-92.76877084784512, 44.87545236690439], [-92.76877177939807, 44.87545002618454], [-92.76877271274765, 44.87544768355485], [-92.76877364519892, 44.875445342198255], [-92.76877457765018, 44.87544300084157], [-92.76877551099976, 44.87544065948473], [-92.76877644345102, 44.87543831812786], [-92.76877737590229, 44.87543597677084], [-92.76877830925187, 44.87543363541377], [-92.7687787754775, 44.8754324647352], [-92.76877924080482, 44.875431293420014], [-92.76878017325609, 44.87542895206275], [-92.76878110570735, 44.87542661197854], [-92.76878203905692, 44.8754242699845], [-92.7687829715082, 44.8754219286269], [-92.76878390485778, 44.87541958663267], [-92.76878483730903, 44.87541724591153], [-92.7687857697603, 44.8754149032805], [-92.76878670310988, 44.87541256192253], [-92.76878763466281, 44.8754102218377], [-92.76878856711409, 44.87540787984294], [-92.76878949956537, 44.875405538484735], [-92.76879043291493, 44.87540319712642], [-92.7687913653662, 44.87540085576797], [-92.76879229781747, 44.87539851440947], [-92.7687934629324, 44.87539566632938], [-92.7687946280473, 44.87539281888581], [-92.76879579316224, 44.87538997016884], [-92.76879695737885, 44.875387123998124], [-92.76879812339209, 44.875384275280915], [-92.76879928760869, 44.87538142720013], [-92.76880045362194, 44.87537857911924], [-92.76880161783855, 44.875375732311376], [-92.76880278295347, 44.875372883593606], [-92.7688039480684, 44.87537003614885], [-92.76880511318332, 44.87536718870395], [-92.76880627829823, 44.875364339985765], [-92.76880744341315, 44.87536149190399], [-92.76880860762978, 44.87535864445872], [-92.76880919063639, 44.875357221054294], [-92.76880977364301, 44.87535579701325], [-92.76881093875794, 44.875352948294505], [-92.76881210387286, 44.875350100848756], [-92.76881326808947, 44.87534725340287], [-92.76881443320438, 44.8753444053203], [-92.7688155983193, 44.87534155660094], [-92.76881676343424, 44.875338709154676], [-92.76881792854915, 44.875335862344826], [-92.76881909366408, 44.8753330129885], [-92.76882025877899, 44.87533016554177], [-92.76882142299561, 44.87532731873149], [-92.76882258900885, 44.87532447001133], [-92.76882375322545, 44.87532162256417], [-92.76882491923871, 44.87531877384374], [-92.76882608345531, 44.8753159263963], [-92.76882684522666, 44.875314052288196], [-92.76882760789634, 44.87531217945318], [-92.7688283696677, 44.87531030534497], [-92.76882913143906, 44.87530843123668], [-92.76882989500706, 44.87530655712834], [-92.76883065588011, 44.87530468365653], [-92.76883141765146, 44.87530280891147], [-92.76883217942283, 44.87530093607608], [-92.76883294299081, 44.875299061967496], [-92.76883370476219, 44.875297188495445], [-92.76883446653355, 44.87529531502328], [-92.7688352292032, 44.87529344091451], [-92.76883599097458, 44.875291566805686], [-92.76883675274594, 44.87528969269679], [-92.76883713452995, 44.875288755642295], [-92.7688375154156, 44.875287818587836], [-92.76883827718697, 44.87528594575196], [-92.76883903895833, 44.87528407036974], [-92.76883980252633, 44.87528219753375], [-92.76884056429769, 44.875280323424555], [-92.76884132606904, 44.875278449315296], [-92.76884208873872, 44.87527657520597], [-92.76884285051008, 44.87527470236974], [-92.76884361228144, 44.87527282826029], [-92.7688443740528, 44.875270954150785], [-92.76884513672248, 44.87526908004122], [-92.76884589849384, 44.87526720720474], [-92.76884666026521, 44.875265333095065], [-92.76884742383318, 44.875263458985316], [-92.76884818560457, 44.8752615848755], [-92.76884895995234, 44.8752594529482], [-92.76884973519843, 44.875257321020776], [-92.76885051134282, 44.87525518845677], [-92.7688509146864, 44.87525407825025], [-92.76885128569059, 44.87525305652918], [-92.76885206093668, 44.875250924601566], [-92.7688528370811, 44.875248792037276], [-92.76885364466654, 44.87524657098742], [-92.76885438757327, 44.8752445275451], [-92.76885516281936, 44.87524239498057], [-92.76885567935065, 44.87524097411961], [-92.76885624439097, 44.875239042716274], [-92.76885651927546, 44.87523809993172], [-92.76885715079109, 44.87523594381324], [-92.76885778230674, 44.87523378769472], [-92.76885846502634, 44.8752314507855], [-92.7688590435414, 44.87522947418419], [-92.76885967415872, 44.875227318701974], [-92.76886030477606, 44.87522516258313], [-92.76886068656006, 44.87522385885369], [-92.76886093539338, 44.87522300582761], [-92.76886177711481, 44.87522013227536], [-92.76886209960999, 44.8752186814943], [-92.76886264488738, 44.87521623445497], [-92.7688630697905, 44.8752143323338], [-92.76886355488075, 44.87521215711688], [-92.76886403907268, 44.875209981263225], [-92.76886435258473, 44.87520857567958], [-92.76886452416294, 44.87520780540953], [-92.7688650083549, 44.875205630828916], [-92.76886549344513, 44.87520345561162], [-92.76886597763708, 44.875201281030826], [-92.76886646272732, 44.87519910517681], [-92.768866695391, 44.87519747169476], [-92.76886692805463, 44.87519583821266], [-92.76886711759919, 44.87519451220202], [-92.76886739517859, 44.87519256997514], [-92.76886765658833, 44.87519073533142], [-92.76886786140422, 44.875189301100875], [-92.76886809406788, 44.87518766698196], [-92.7688682952905, 44.87518624993919], [-92.7688685593952, 44.875184399380565], [-92.76886871570206, 44.87518330954348], [-92.76886878577065, 44.875181959978846], [-92.76886882799147, 44.87518112223022], [-92.7688689124331, 44.875179481108624], [-92.76886900765453, 44.875177656013264], [-92.76886908221469, 44.87517619822865], [-92.76886916755464, 44.87517455647032], [-92.76886924031818, 44.87517313306135], [-92.76886933733623, 44.87517127359011], [-92.76886943615091, 44.87516933900154], [-92.76886953406729, 44.87516744388127], [-92.76886949184647, 44.87516635022431], [-92.7688694298627, 44.87516474284143], [-92.76886936428569, 44.87516306670704], [-92.7688693005053, 44.87516142494834], [-92.76886925019966, 44.87516011039548], [-92.76886917294453, 44.87515814079419], [-92.76886909568942, 44.87515613108781], [-92.76886904538377, 44.875154857276456], [-92.76886898070508, 44.875153215517514], [-92.76886891782299, 44.87515157439512], [-92.7688687480414, 44.875150199366246], [-92.7688685773615, 44.875148824973884], [-92.7688684066816, 44.875147442942456], [-92.7688682369, 44.87514607746231], [-92.76886806711842, 44.875144703706454], [-92.76886789374356, 44.875143311489545], [-92.76886772575861, 44.87514195492149], [-92.76886755597702, 44.875140581165525], [-92.76886738260218, 44.875139180672875], [-92.76886727300771, 44.87513829136005], [-92.76886690020687, 44.875136471356086], [-92.76886661633924, 44.87513507086333], [-92.76886634504802, 44.87513374103179], [-92.7688660665703, 44.875132376187864], [-92.7688657782111, 44.875130966782784], [-92.7688655096148, 44.87512964586333], [-92.76886523023876, 44.875128279746164], [-92.76886494277787, 44.8751268627019], [-92.76886458165512, 44.87512509617099], [-92.76886432473695, 44.87512419412616], [-92.76886392139339, 44.875122780901336], [-92.76886355398244, 44.875121491174546], [-92.76886316770687, 44.875120139062076], [-92.76886276256668, 44.875118716288355], [-92.76886239605402, 44.87511743483708], [-92.76886201067677, 44.87511608272455], [-92.76886162619783, 44.875114730611955], [-92.76886123992227, 44.87511337913595], [-92.76886085454501, 44.87511202702329], [-92.76885988077125, 44.87510921585118], [-92.76885890699748, 44.87510640531549], [-92.76885793412201, 44.875103595416256], [-92.76885695855161, 44.875100782970485], [-92.7688559865745, 44.87509797243438], [-92.76885501280071, 44.875095161261584], [-92.76885469928868, 44.87509425921629], [-92.76885403902695, 44.87509235008861], [-92.76885306435487, 44.87508953891549], [-92.76885209058109, 44.875086728378875], [-92.76885144199747, 44.875084854263264], [-92.76885108267135, 44.87508392357138], [-92.76885000289637, 44.87508113276869], [-92.76884892401972, 44.87507834069266], [-92.76884823231694, 44.875076548696725], [-92.76884784604137, 44.87507554861654], [-92.76884676626642, 44.87507275717684], [-92.76884568828807, 44.8750699663736], [-92.76884460851309, 44.87506717429704], [-92.76884352963644, 44.87506438222038], [-92.7688424516581, 44.875061591416745], [-92.76884141230731, 44.875058903103685], [-92.768841012557, 44.87505786928401], [-92.7688402238362, 44.875056022540846], [-92.76883903985664, 44.87505325338079], [-92.76883785767373, 44.87505048231086], [-92.7688366736942, 44.87504771251394], [-92.76883549061297, 44.87504494271695], [-92.76883430753173, 44.875042171646605], [-92.76883312355218, 44.87503940248589], [-92.76883194047095, 44.87503663141529], [-92.76883075738972, 44.87503386161775], [-92.7688295743085, 44.875031091820034], [-92.76882845949923, 44.875028679785125], [-92.76882734558828, 44.875026267750115], [-92.76882623167734, 44.87502385571501], [-92.76882511686807, 44.87502144431639], [-92.76882400205878, 44.87501903228103], [-92.76882288724953, 44.87501661960906], [-92.76882177423688, 44.8750142075735], [-92.76882065942762, 44.87501179553788], [-92.76881954461835, 44.87500938413876], [-92.76881842980909, 44.875006972102945], [-92.76881731589815, 44.87500456006702], [-92.76881620198718, 44.8750021473944], [-92.76881508717791, 44.87499973535828], [-92.76881409903109, 44.874997597055376], [-92.76881341541318, 44.874996117622175], [-92.76881282701666, 44.874994918924784], [-92.76881165112195, 44.87499252216648], [-92.76881047432893, 44.874990124771514], [-92.76880929843422, 44.874987728013004], [-92.76880812074289, 44.87498533061784], [-92.76880694394987, 44.874982934495726], [-92.76880576805515, 44.87498053710032], [-92.76880459126214, 44.87497813970486], [-92.7688034144691, 44.87497574230929], [-92.76880223857441, 44.87497334555018], [-92.76880106088306, 44.87497094815442], [-92.76879988498835, 44.87496855075851], [-92.76879870819535, 44.87496615463575], [-92.76879753230062, 44.87496375787624], [-92.7687963555076, 44.87496136048008], [-92.76879537454732, 44.87495948763358], [-92.76879439358703, 44.87495761542363], [-92.76879341172842, 44.874955742577065], [-92.76879243076813, 44.87495386973038], [-92.76879144980785, 44.874951996883645], [-92.76879046794923, 44.8749501240369], [-92.76878948698894, 44.87494825182664], [-92.76878850513035, 44.874946378979764], [-92.76878752417005, 44.87494450613278], [-92.76878654320977, 44.87494263392234], [-92.76878571765802, 44.874941058362666], [-92.76878458039086, 44.87493888822813], [-92.76878359943058, 44.874937015380894], [-92.76878261757196, 44.874935143170255], [-92.76878212709182, 44.87493420610999], [-92.76878160606896, 44.87493327923518], [-92.76878056402322, 44.8749314229391], [-92.7687795210792, 44.87492956727961], [-92.76877847903346, 44.87492771162002], [-92.76877743698772, 44.87492585532376], [-92.76877639404367, 44.87492399966409], [-92.76877535199795, 44.874922143367726], [-92.76877430995224, 44.87492028770794], [-92.76877326610987, 44.87491843204804], [-92.76877222406414, 44.87491657575149], [-92.7687711820184, 44.87491472009152], [-92.76877013907436, 44.874912863794854], [-92.76876909702862, 44.87491100813472], [-92.76876805408457, 44.87490915183797], [-92.76876701203886, 44.874907296814314], [-92.7687651282717, 44.8749042329059], [-92.76876324540285, 44.87490116836066], [-92.76876235157914, 44.87489971693496], [-92.76876136073741, 44.87489810508852], [-92.76875947697025, 44.87489504054296], [-92.76875769201777, 44.87489213705466], [-92.76875608672836, 44.87488952576114], [-92.76875361636134, 44.87488591884015], [-92.7687527503854, 44.874884652025266], [-92.76875155832101, 44.8748829122237], [-92.7687495002807, 44.874879904333895], [-92.76874765693775, 44.87487721410264], [-92.76874538240345, 44.87487389173681], [-92.76874414811824, 44.87487208827588], [-92.76874325609117, 44.874870911219965], [-92.76874243413268, 44.8748698245599], [-92.76874102647263, 44.874867965715424], [-92.7687387968541, 44.874865022120524], [-92.76873674240706, 44.87486230960786], [-92.76873433671871, 44.874859133020486], [-92.76873210799849, 44.874856189425095], [-92.7687312159714, 44.87485501173231], [-92.76872977866697, 44.87485328593483], [-92.76872738016515, 44.87485040854462], [-92.76872523498825, 44.874847833534886], [-92.76872258585647, 44.874844655673506], [-92.7687201891513, 44.87484177764625], [-92.76871955583903, 44.87484101882994], [-92.76871731274575, 44.87483832668706], [-92.7687152645869, 44.874836082704036], [-92.76871337542987, 44.8748340137835], [-92.76871270349004, 44.87483327852092], [-92.76871014239316, 44.87483047306451], [-92.7687075821946, 44.87482766824452], [-92.76870502109773, 44.87482486342441], [-92.76870246000085, 44.874822058604146], [-92.76869966983358, 44.87481901378886], [-92.76869687876798, 44.874815967700265], [-92.76869495188171, 44.874813864403066], [-92.7686940877024, 44.87481292161154], [-92.76869129663682, 44.87480987552263], [-92.76868850557122, 44.874806829433545], [-92.76868744286425, 44.87480566892767], [-92.76868627415607, 44.87480439383535], [-92.7686831201711, 44.87480065195169], [-92.76868030395269, 44.87479730921056], [-92.768677865925, 44.87479441590271], [-92.76867523745449, 44.874791297241394], [-92.76867323331308, 44.87478891957238], [-92.76867260988229, 44.87478817857991], [-92.76867103333896, 44.87478630827418], [-92.76867004878541, 44.874785033818036], [-92.76866758829985, 44.8747818476775], [-92.76866647259227, 44.87478040261472], [-92.76866512691596, 44.87477866090018], [-92.76866266643039, 44.87477547412274], [-92.7686600280784, 44.87477205880871], [-92.76865774456094, 44.87476910120384], [-92.76865676000739, 44.87476782802051], [-92.76865538558502, 44.87476587750355], [-92.76865328442558, 44.8747628963445], [-92.76865080327876, 44.8747593779018], [-92.76864851347308, 44.87475612810068], [-92.76864731062892, 44.87475442139799], [-92.76864622276912, 44.87475287766277], [-92.76864347392436, 44.87474897853757], [-92.76864178149835, 44.87474633222497], [-92.76864132425587, 44.87474561733228], [-92.76863966416923, 44.8747430225835], [-92.7686375468401, 44.87473971485155], [-92.76863542951098, 44.87473640520966], [-92.76863331218185, 44.87473309620417], [-92.76863119575104, 44.87472978719849], [-92.768629870736, 44.87472752284036], [-92.76862854572096, 44.874725259755245], [-92.76862722250256, 44.874722995396894], [-92.7686258974875, 44.874720731675055], [-92.7686245742691, 44.874718467953116], [-92.76862318996523, 44.87471610301292], [-92.768621924239, 44.87471393923583], [-92.76862059922395, 44.87471167551358], [-92.76861927600555, 44.874709412427904], [-92.76861839296161, 44.87470790243087], [-92.7686179806349, 44.87470713915662], [-92.76861674634971, 44.874704849970456], [-92.76861540157174, 44.87470235771124], [-92.76861427598267, 44.874700271597895], [-92.76861304079915, 44.87469798241146], [-92.76861180471731, 44.87469569195173], [-92.76861057043212, 44.874693402765104], [-92.76860933524861, 44.874691114215], [-92.76860793657173, 44.87468852010037], [-92.76860686488158, 44.87468653456809], [-92.76860645345317, 44.87468577193017], [-92.76860569078352, 44.87468423010291], [-92.76860454543151, 44.87468191736189], [-92.76860340187615, 44.87467960462082], [-92.76860225652416, 44.874677291879614], [-92.7686011120705, 44.87467497786515], [-92.76859996761682, 44.874672665123754], [-92.76859882226482, 44.87467035238232], [-92.76859767781117, 44.874668039004135], [-92.7685965333575, 44.874665726262506], [-92.76859538890382, 44.87466341288413], [-92.76859474750671, 44.8746619493572], [-92.76859410521129, 44.87466048519358], [-92.76859346291585, 44.87465902102998], [-92.76859296524918, 44.874657883438466], [-92.7685921792233, 44.874656092066], [-92.76859153872452, 44.874654628538885], [-92.76859089642909, 44.87465316310192], [-92.76859039696578, 44.8746520255103], [-92.76858961273653, 44.8746502354108], [-92.76858918603679, 44.874649259513774], [-92.76858836228168, 44.87464703589436], [-92.76858790503918, 44.87464579835753], [-92.76858735527024, 44.87464431509572], [-92.7685868063996, 44.874642832470514], [-92.76858625663064, 44.87464134920862], [-92.76858570776001, 44.874639865310144], [-92.76858515888937, 44.874638382684786], [-92.76858461001873, 44.87463689942278], [-92.76858387699345, 44.87463492280104], [-92.7685835742612, 44.874633923986394], [-92.76858311881536, 44.874632424809455], [-92.7685826633695, 44.874630924995884], [-92.76858228428046, 44.87462967854639], [-92.76858175337614, 44.87462792727843], [-92.76858129613363, 44.874626428101344], [-92.76858084158611, 44.87462492828766], [-92.76858038614027, 44.87462343038365], [-92.76857993069441, 44.87462193056984], [-92.76857947524857, 44.8746204313926], [-92.76857895512401, 44.87461821413807], [-92.76857836493089, 44.874615697684526], [-92.76857791487491, 44.87461377644571], [-92.76857732468177, 44.87461125999198], [-92.7685768737275, 44.874609340662786], [-92.76857627185625, 44.874606772644775], [-92.76857592151329, 44.87460461077334], [-92.76857560350969, 44.8746026557947], [-92.76857540947358, 44.8746014558159], [-92.76857524059031, 44.8746004213514], [-92.76857487946758, 44.874598188181224], [-92.76857457583701, 44.87459632041569], [-92.76857403954277, 44.874593015858295], [-92.76857391916853, 44.87459169492654], [-92.76857369548802, 44.874589234492085], [-92.76857359487671, 44.874588112814024], [-92.76857350414687, 44.87458712291084], [-92.76857328855121, 44.87458474523339], [-92.76857306846395, 44.87458233445293], [-92.76857287981775, 44.874580257247565], [-92.76857278369802, 44.87457919604571], [-92.76857274776539, 44.87457777389523], [-92.76857269656144, 44.874575762895425], [-92.76857263098441, 44.87457312676035], [-92.76857259145854, 44.87457154609786], [-92.76857252767816, 44.87456901691038], [-92.76857248635565, 44.87456736049306], [-92.76857258786528, 44.87456452064761], [-92.7685726363743, 44.874563139875356], [-92.76857266691702, 44.8745622715612], [-92.76857274686708, 44.874560023747875], [-92.76857282591882, 44.87455777529785], [-92.7685729067672, 44.874555526847786], [-92.76857295707286, 44.87455332868852], [-92.76857300737854, 44.874551131165816], [-92.76857305768418, 44.874548931733216], [-92.76857310798982, 44.87454673293709], [-92.76857315739717, 44.874544534140924], [-92.76857321399103, 44.8745420501505], [-92.76857327238153, 44.874539515232364], [-92.76857314931233, 44.87453756025152], [-92.76857303432797, 44.87453574404813], [-92.76857289598742, 44.87453354652476], [-92.76857283669861, 44.87453259545288], [-92.76857275944349, 44.874531349637856], [-92.76857262110293, 44.87452915275088], [-92.7685725483394, 44.87452801197382], [-92.76857248276238, 44.87452695650041], [-92.76857234442183, 44.87452476024982], [-92.76857226716672, 44.87452351761761], [-92.76857212523291, 44.87452256781878], [-92.76857179914447, 44.87452038239016], [-92.76857152246336, 44.87451853181012], [-92.76857114696757, 44.8745160083497], [-92.76857085681172, 44.8745140622804], [-92.76857049568899, 44.87451163430892], [-92.76857016960055, 44.87450944824328], [-92.7685698920211, 44.87450759257018], [-92.76856930182797, 44.87450509711941], [-92.76856878978826, 44.874502928878194], [-92.76856827685023, 44.87450075872712], [-92.76856776481051, 44.8744985911223], [-92.76856725097417, 44.87449642160763], [-92.76856673893447, 44.874494254639295], [-92.76856615862278, 44.87449180056663], [-92.76856583073771, 44.87449066742796], [-92.76856550375095, 44.87448953428932], [-92.76856517496755, 44.87448840115061], [-92.76856492972749, 44.87448755129655], [-92.76856468448742, 44.874486702079096], [-92.76856435660233, 44.87448556894037], [-92.76856394697056, 44.874484152516885], [-92.76856370083217, 44.87448330266283], [-92.76856337384542, 44.87448216952399], [-92.76856312860534, 44.87448131966985], [-92.76856288246697, 44.874480469815744], [-92.76856255368355, 44.87447933731345], [-92.76856222669679, 44.87447820353793], [-92.76856189881171, 44.874477071035656], [-92.76856165267333, 44.87447622054483], [-92.76856143078945, 44.87447545281136], [-92.76856108493806, 44.874474346409386], [-92.76856080196875, 44.87447344053477], [-92.76856054954216, 44.87447263651536], [-92.7685602045891, 44.87447153074993], [-92.76855992072146, 44.87447062423872], [-92.7685596700915, 44.87446982021921], [-92.76855919667935, 44.874468312125714], [-92.76855891460835, 44.87446740688762], [-92.76855866218175, 44.87446660286811], [-92.76855831722868, 44.87446549582936], [-92.76855793903795, 44.874464288845175], [-92.76855736950606, 44.8744628813335], [-92.7685569203484, 44.874461770475094], [-92.76855647029245, 44.87446065770694], [-92.76855587111616, 44.87445917571357], [-92.76855552077319, 44.87445830867101], [-92.76855492519016, 44.87445683877289], [-92.76855431792903, 44.87445579539346], [-92.768553839127, 44.874454974185724], [-92.7685533288839, 44.87445409823081], [-92.76855249794227, 44.87445267416741], [-92.76855192751206, 44.8744516957206], [-92.76855148015105, 44.87445092544044], [-92.76855075161735, 44.87444967771383], [-92.76855007159268, 44.87444880430521], [-92.76854914812456, 44.87444762023812], [-92.7685483513189, 44.87444659659297], [-92.76854755361494, 44.8744455729478], [-92.76854665350302, 44.874444418163996], [-92.76854546862516, 44.8744428967013], [-92.76854479129544, 44.87444191316157], [-92.76854414989833, 44.874440983732455], [-92.7685435902479, 44.87443975255716], [-92.76854322912516, 44.874438955539794], [-92.76854292100302, 44.87443767534659], [-92.76854272337366, 44.87443685604836], [-92.76854264522022, 44.874434726000324], [-92.7685429955632, 44.87443260995726], [-92.76854335848257, 44.87443133422006], [-92.76854393340435, 44.87443008140028], [-92.76854470146391, 44.87442880757284], [-92.7685451479266, 44.874428069122104], [-92.76854559349098, 44.87442733003479], [-92.76854618907403, 44.87442634458504], [-92.76854678465706, 44.87442536040843], [-92.76854737844347, 44.87442437495864], [-92.76854797402649, 44.874423389508834], [-92.76854856871121, 44.87442240469557], [-92.7685490151739, 44.87442166560819], [-92.76854960087547, 44.8744206948], [-92.76855035366368, 44.87441944834595], [-92.7685509483484, 44.874418464169224], [-92.76855154303311, 44.874417478719316], [-92.76855213861616, 44.87441649326939], [-92.76855273330087, 44.87441550845601], [-92.76855348788571, 44.87441446189288], [-92.76855426672506, 44.87441338286334], [-92.76855484973169, 44.87441257375032], [-92.76855543453495, 44.87441176336408], [-92.76855601754156, 44.87441095425105], [-92.7685566023448, 44.87441014386479], [-92.76855737938752, 44.87440906483516], [-92.76855796419076, 44.87440825572209], [-92.76855871158908, 44.87440721870774], [-92.76855942125815, 44.874406405138444], [-92.76856009409632, 44.87440563231128], [-92.76856076873108, 44.87440485821091], [-92.76856144336588, 44.87440408538372], [-92.76856211800065, 44.87440331255653], [-92.7685627917371, 44.874402538456124], [-92.76856346637189, 44.87440176562892], [-92.76856436468717, 44.87440073498041], [-92.76856561514204, 44.87439930073018], [-92.76856618826719, 44.87439852408333], [-92.76856702280209, 44.87439739412582], [-92.76856806484783, 44.87439598470274], [-92.76856843136045, 44.87439517049672], [-92.76856901346876, 44.874393876934036], [-92.76856967193388, 44.87439241658319], [-92.76857003664988, 44.87439111665447], [-92.7685703079411, 44.87439014329939], [-92.76857049479067, 44.87438872241739], [-92.76857061157165, 44.874387835639354], [-92.76857073014926, 44.87438451770147], [-92.7685708307606, 44.874381754875074], [-92.76857093047359, 44.874378991411945], [-92.76857102928827, 44.8743762285853], [-92.76857112900126, 44.87437346448533], [-92.76857122781594, 44.8743707003852], [-92.76857132752893, 44.87436793755815], [-92.76857142634361, 44.8743651740944], [-92.7685715260566, 44.874362410630475], [-92.76857162487129, 44.874359647803026], [-92.76857172458429, 44.87435688433882], [-92.76857182339897, 44.874354120237946], [-92.76857192311198, 44.8743513574101], [-92.76857202192666, 44.874348593945506], [-92.76857206235086, 44.87434748945086], [-92.76857210367334, 44.874345830480785], [-92.76857217284362, 44.87434306574276], [-92.76857224111558, 44.87434030227777], [-92.76857231118417, 44.87433753817609], [-92.76857238035446, 44.87433477534744], [-92.76857244952473, 44.87433201060889], [-92.76857251869501, 44.87432924777999], [-92.76857258696697, 44.87432648367772], [-92.76857265703556, 44.87432371957537], [-92.76857272620583, 44.87432095610946], [-92.76857279537612, 44.8743181920068], [-92.76857286454639, 44.87431542790406], [-92.76857293281834, 44.874312663801135], [-92.76857300288694, 44.874309900334744], [-92.76857307205722, 44.87430713623155], [-92.76857311517635, 44.874304190061586], [-92.76857316009212, 44.87430124452804], [-92.76857320321126, 44.87429830026755], [-92.76857324812701, 44.874295354097086], [-92.76857329124614, 44.87429240856308], [-92.76857333616192, 44.87428946239237], [-92.76857338017936, 44.87428651813128], [-92.7685734241968, 44.87428357196021], [-92.76857346821424, 44.8742806264256], [-92.7685735113334, 44.87427768025429], [-92.76857355624915, 44.87427473599259], [-92.7685735993683, 44.874271789820924], [-92.76857364428405, 44.874268844285716], [-92.76857368740319, 44.8742658987504], [-92.76857370986107, 44.87426442630095], [-92.76857371794591, 44.87426295257828], [-92.76857373501389, 44.874260007679226], [-92.76857375208188, 44.87425706214341], [-92.76857376825157, 44.874254116607496], [-92.76857378621787, 44.87425117107138], [-92.76857380328585, 44.87424822617172], [-92.76857382035385, 44.874245279362135], [-92.76857383652353, 44.87424233382557], [-92.76857385359152, 44.87423938892546], [-92.7685738706595, 44.874236442115425], [-92.76857388682919, 44.8742334965784], [-92.76857390389718, 44.87423055167783], [-92.76857392006684, 44.87422760550391], [-92.76857393713483, 44.87422465932988], [-92.76857395510115, 44.87422171442886], [-92.76857394252474, 44.87422076717143], [-92.76857392904999, 44.87421981927737], [-92.7685739173719, 44.87421887201992], [-92.76857390479549, 44.87421792476244], [-92.76857389221907, 44.87421697750499], [-92.76857387964266, 44.87421602961087], [-92.76857386616794, 44.87421508235336], [-92.76857385448984, 44.87421413445921], [-92.76857384191341, 44.874213186565086], [-92.76857383023531, 44.87421223994408], [-92.7685738167606, 44.8742112933231], [-92.76857379699766, 44.87420977121763], [-92.76857377364145, 44.87420797728487], [-92.76857371345433, 44.87420655639838], [-92.76857367392846, 44.87420560914069], [-92.76857363440259, 44.874204661883], [-92.76857359487671, 44.87420371526189], [-92.76857355535084, 44.87420276800417], [-92.76857351582497, 44.874201820746435], [-92.7685734762991, 44.87420087348867], [-92.76857343677322, 44.87419992750412], [-92.76857339634903, 44.874198979609716], [-92.76857335682315, 44.87419803235192], [-92.76857331729728, 44.87419708636731], [-92.76857327777141, 44.87419613847287], [-92.76857323824554, 44.874195191215016], [-92.76857319871966, 44.87419424459376], [-92.76857309271846, 44.87419335526628], [-92.76857298851391, 44.87419246657541], [-92.76857288430932, 44.87419157788455], [-92.76857277830811, 44.874190688557036], [-92.76857267410355, 44.874189799866116], [-92.76857256989896, 44.87418891053862], [-92.76857242706684, 44.87418770291203], [-92.76857218452172, 44.8741856517929], [-92.76857183867034, 44.87418422644965], [-92.76857139220765, 44.87418239050061], [-92.76857091610053, 44.87418042786842], [-92.7685704732311, 44.87417860528776], [-92.7685701201932, 44.87417715448044], [-92.76856938986286, 44.87417518993829], [-92.76856875834723, 44.87417349531376], [-92.7685682750536, 44.87417219665332], [-92.7685679813045, 44.87417140472502], [-92.76856765701268, 44.87417053194879], [-92.76856733900908, 44.87416968018027], [-92.76856701920885, 44.87416881822614], [-92.76856646854156, 44.8741676978131], [-92.76856591967092, 44.87416657867326], [-92.76856548758127, 44.874165698894345], [-92.76856482013301, 44.874164338483645], [-92.76856426946576, 44.87416321807052], [-92.7685637196968, 44.874162097657376], [-92.76856316992784, 44.87416097851738], [-92.76856277646576, 44.874160178949815], [-92.76856207038993, 44.87415873960081], [-92.76856162392724, 44.87415782990162], [-92.76856084688451, 44.874156533787215], [-92.76856019201267, 44.87415544393066], [-92.76855953714083, 44.87415435280087], [-92.76855888316732, 44.874153261671104], [-92.76855808725998, 44.87415193627304], [-92.76855757342362, 44.87415107941142], [-92.7685569203484, 44.87414998828159], [-92.76855626547656, 44.87414889715169], [-92.76855520276959, 44.874147126134545], [-92.76855432511556, 44.87414589813596], [-92.76855340703733, 44.87414461538979], [-92.76855265065588, 44.87414355736296], [-92.76855189337608, 44.87414249997267], [-92.76855113789293, 44.874141442582406], [-92.76855038151146, 44.87414038582869], [-92.76854962423168, 44.874139327165175], [-92.76854886874851, 44.87413827104802], [-92.76854778358366, 44.87413675276023], [-92.76854711972865, 44.87413602894752], [-92.76854651246752, 44.87413536561171], [-92.76854491705959, 44.874133623877654], [-92.76854392352288, 44.87413280011893], [-92.76854319858244, 44.87413220044294], [-92.76854247364201, 44.87413159822056], [-92.7685414971733, 44.874130789103575], [-92.76854054136585, 44.87413018115179], [-92.76853903219614, 44.87412921988768], [-92.7685375832136, 44.87412829872929], [-92.76853602733152, 44.874127210781985], [-92.76853475711371, 44.87412594840662], [-92.76853381118771, 44.874124550435674], [-92.768533216503, 44.87412305761142], [-92.76853302516184, 44.874121951202675], [-92.76853278531168, 44.87412057169303], [-92.7685328221426, 44.874119360882], [-92.76853286256679, 44.87411806731307], [-92.76853323536763, 44.87411649746025], [-92.76853344916668, 44.87411559794601], [-92.76853411661492, 44.8741141248561], [-92.76853452894163, 44.874113214519646], [-92.76853514518592, 44.87411201707708], [-92.76853552696991, 44.87411127607589], [-92.7685359078556, 44.87411053443812], [-92.7685362896396, 44.8741097928003], [-92.76853667052528, 44.87410905179912], [-92.76853721400602, 44.874107998227814], [-92.76853768023165, 44.87410657542907], [-92.76853795242118, 44.87410574339417], [-92.7685384051721, 44.87410436261086], [-92.76853869263297, 44.874103483467614], [-92.76853898548377, 44.874102587772775], [-92.76853918041817, 44.87410129738647], [-92.76853930887725, 44.874100450709754], [-92.76853944272624, 44.87409956711023], [-92.76853964305054, 44.874098241710925], [-92.76853982091697, 44.87409706463918], [-92.76853988020578, 44.87409575961101], [-92.76853992601986, 44.87409473723282], [-92.76853997363058, 44.87409371485461], [-92.76854002034297, 44.87409269247638], [-92.76854006615704, 44.8740916707347], [-92.76854011376776, 44.87409064835643], [-92.76854016048016, 44.87408962597815], [-92.76854020629425, 44.874088604236455], [-92.76854025390493, 44.87408758122153], [-92.76854030061733, 44.874086558206585], [-92.76854034643142, 44.8740855371014], [-92.76854042638148, 44.87408382146647], [-92.76854050992479, 44.87408196577961], [-92.76854053417932, 44.874080423936135], [-92.76854055034897, 44.874079402194276], [-92.76854056562034, 44.87407837854258], [-92.76854058089172, 44.874077356164065], [-92.76854059616306, 44.87407633378555], [-92.76854061233274, 44.8740753101338], [-92.76854062850241, 44.87407428775524], [-92.76854064467209, 44.874073264740055], [-92.76854065994347, 44.874072242361464], [-92.76854067521481, 44.87407121998286], [-92.76854069048618, 44.87407019633101], [-92.76854070665584, 44.874069173315746], [-92.76854072192721, 44.87406815093709], [-92.76854074169015, 44.87406686055006], [-92.76854071294404, 44.874065791063], [-92.76854069138449, 44.87406498831106], [-92.76854066353671, 44.874063929009544], [-92.76854064018053, 44.87406311607201], [-92.76854061143443, 44.87406204594827], [-92.76854057280687, 44.87406059513801], [-92.76854054046751, 44.87405937159376], [-92.76854045333094, 44.874058303379734], [-92.76854033565164, 44.874056849386385], [-92.76854019371781, 44.87405509746438], [-92.76854010658123, 44.87405402925028], [-92.76854002034297, 44.874052961036206], [-92.76853993320638, 44.87405189282206], [-92.7685397984591, 44.87405081824189], [-92.76853969694946, 44.87405001103357], [-92.76853959543985, 44.87404920255205], [-92.7685394939302, 44.874048394707096], [-92.76853939242059, 44.874047586225565], [-92.76853929091097, 44.87404677901719], [-92.76853918850301, 44.87404596926242], [-92.76853908699339, 44.874045162690635], [-92.76853898548377, 44.87404435420901], [-92.76853882288869, 44.87404306191161], [-92.76853868095489, 44.874041930037336], [-92.76853857944525, 44.874041121555706], [-92.76853844379966, 44.874040042519155], [-92.76853822640736, 44.87403870184012], [-92.76853809615163, 44.87403789463162], [-92.76853796589592, 44.874037089332894], [-92.76853783474189, 44.87403628339761], [-92.76853770538449, 44.874035478098854], [-92.76853757512876, 44.87403467152693], [-92.76853744397474, 44.87403386495499], [-92.76853731371902, 44.8740330596562], [-92.76853718436162, 44.874032254357466], [-92.76853705320758, 44.87403144778549], [-92.76853692295187, 44.87403064185006], [-92.76853679179784, 44.874029835914676], [-92.76853666244044, 44.874029029342665], [-92.76853653218473, 44.87402822340721], [-92.76853614590915, 44.8740261608236], [-92.7685357614302, 44.87402409760334], [-92.76853537605295, 44.87402203438297], [-92.76853499157401, 44.87401997179913], [-92.76853460529844, 44.87401790794204], [-92.76853422081949, 44.87401584599467], [-92.76853383634057, 44.87401378213739], [-92.768533450065, 44.87401171891669], [-92.76853306468773, 44.87400965633248], [-92.76853268020878, 44.87400759311159], [-92.7685322939332, 44.87400552925407], [-92.76853190945427, 44.874003466033024], [-92.76853152407702, 44.874001403448524], [-92.76853113959807, 44.87399934022738], [-92.76853094646029, 44.873998308298454], [-92.76853073984776, 44.873997278915894], [-92.76853032662274, 44.87399521824101], [-92.76852991249939, 44.873993157566], [-92.76852950017268, 44.87399109816413], [-92.76852908694765, 44.87398903685241], [-92.76852867372263, 44.873986978087004], [-92.76852826049759, 44.873984917411704], [-92.76852784637424, 44.87398285546314], [-92.76852743404753, 44.87398079606091], [-92.7685270208225, 44.87397873602199], [-92.76852660669915, 44.873976675346434], [-92.76852619437243, 44.87397461467076], [-92.76852578024908, 44.87397255463162], [-92.76852536792236, 44.873970494592406], [-92.76852495469734, 44.87396843391655], [-92.76852468879602, 44.87396734341983], [-92.76852442289469, 44.87396625292308], [-92.76852415609505, 44.873965162426316], [-92.76852389019372, 44.87396407320274], [-92.76852362519072, 44.87396298270594], [-92.7685232658646, 44.87396151024878], [-92.76852282658842, 44.873959709942206], [-92.7685225606871, 44.87395861944537], [-92.76852233790491, 44.87395770719662], [-92.76852193905293, 44.87395645182012], [-92.76852159589649, 44.873955372145424], [-92.7685211853664, 44.87395407793619], [-92.76852091138025, 44.87395321343247], [-92.7685205673255, 44.87395213375766], [-92.76852022506736, 44.87395105471945], [-92.76851988191093, 44.873949975044646], [-92.76851953875449, 44.87394889473316], [-92.76851896383272, 44.87394708806023], [-92.76851840867387, 44.87394567480654], [-92.76851798916063, 44.873944608500196], [-92.76851747712091, 44.87394330474174], [-92.76851715193078, 44.87394247652411], [-92.76851673151921, 44.873941410854314], [-92.76851631290431, 44.87394034454793], [-92.76851589428938, 44.873939278878105], [-92.76851547567446, 44.8739382132083], [-92.7685148423622, 44.873936602608055], [-92.76851455310467, 44.873935690995616], [-92.76851428720335, 44.87393485322883], [-92.76851398986098, 44.87393391105948], [-92.76851363053487, 44.87393277790983], [-92.76851351555051, 44.87393190894956], [-92.7685134032611, 44.87393105335792], [-92.76851324156435, 44.87392982535468], [-92.76851311490189, 44.87392887363625], [-92.7685131741907, 44.87392763672054], [-92.76851321461488, 44.87392680913929], [-92.76851325414076, 44.87392598219459], [-92.7685133026498, 44.87392495472054], [-92.76851352094039, 44.8739239215171], [-92.76851394135196, 44.87392193468527], [-92.76851435457698, 44.873920900845164], [-92.76851468066543, 44.87392008535921], [-92.76851511634834, 44.87391899740801], [-92.76851586733993, 44.873917752216286], [-92.76851680967265, 44.873916189997196], [-92.76851726601683, 44.87391548527975], [-92.7685180709073, 44.873914242634385], [-92.76851856498071, 44.87391347871299], [-92.76851921805594, 44.87391246906361], [-92.76851975345184, 44.87391164084548], [-92.76852052510468, 44.87391045040131], [-92.76852121950239, 44.87390937709173], [-92.76852245019434, 44.873907474927364], [-92.768523130219, 44.87390642326215], [-92.76852385515944, 44.873905022739464], [-92.7685245756083, 44.873903632402346], [-92.76852500500299, 44.87390280482076], [-92.76852565628157, 44.873901546896654], [-92.76852605693018, 44.87390077469929], [-92.76852673695487, 44.87389946075424], [-92.76852727684235, 44.87389841800131], [-92.76852781672983, 44.873897375248355], [-92.76852835661732, 44.873896333131995], [-92.7685289845397, 44.87389491160124], [-92.7685296133604, 44.873893489433804], [-92.76853024128279, 44.87389206790298], [-92.76853087010349, 44.873890646372075], [-92.76853149802587, 44.873889224204525], [-92.76853212684657, 44.8738878026736], [-92.76853275476894, 44.8738863811426], [-92.76853338269134, 44.87388496024816], [-92.76853401061372, 44.87388353871714], [-92.7685346385361, 44.87388211654941], [-92.76853526825512, 44.873880693745086], [-92.7685358961775, 44.873879272850516], [-92.76853652320158, 44.87387785195591], [-92.76853705680085, 44.873876646232624], [-92.76853746643262, 44.87387571934073], [-92.76853835486645, 44.87387357463008], [-92.76853894505959, 44.873872145459515], [-92.76853953704936, 44.8738707156523], [-92.76854012903912, 44.873869286481664], [-92.76854072102888, 44.87386785603781], [-92.76854131301866, 44.87386642623049], [-92.76854190411012, 44.873864997059755], [-92.76854249520157, 44.873863567888975], [-92.76854308719135, 44.87386213808155], [-92.76854367918112, 44.87386070827413], [-92.76854427027259, 44.87385927783002], [-92.76854486226236, 44.87385784993233], [-92.76854545425212, 44.87385642012476], [-92.76854604534357, 44.87385498968059], [-92.76854643790736, 44.8738539615687], [-92.76854682957283, 44.873852931546956], [-92.76854722123828, 44.873851902798414], [-92.76854761200543, 44.87385087468648], [-92.7685480036709, 44.873849844664726], [-92.76854839533637, 44.873848816552744], [-92.76854878700183, 44.87384778653091], [-92.76854917866729, 44.873846757145714], [-92.76854956943444, 44.87384572839707], [-92.76854992426898, 44.87384479641192], [-92.768550354562, 44.8738436702631], [-92.76855074532915, 44.87384264151445], [-92.7685511369946, 44.87384161212912], [-92.76855172449281, 44.87384006836942], [-92.76855225629546, 44.87383851569723], [-92.76855261113, 44.87383747930922], [-92.76855296506622, 44.87383644355781], [-92.76855331990076, 44.87383540716978], [-92.76855367383698, 44.87383437205489], [-92.76855402867152, 44.87383333630342], [-92.76855438350606, 44.87383229991528], [-92.7685547383406, 44.87383126480039], [-92.76855509227681, 44.873830228412245], [-92.76855544711135, 44.87382919266066], [-92.7685558028442, 44.8738281569091], [-92.76855615588211, 44.87382712115752], [-92.76855651161496, 44.873826085405874], [-92.76855686465287, 44.87382504965426], [-92.76855730931892, 44.87382353708762], [-92.768557753985, 44.87382202452093], [-92.76855819865106, 44.87382051259078], [-92.76855875201326, 44.87381863270456], [-92.7685590888815, 44.87381748554745], [-92.76855953354757, 44.87381597361716], [-92.76855997821364, 44.873814460413676], [-92.76856053067755, 44.873812581800486], [-92.76856086754576, 44.873811436553034], [-92.76856116488813, 44.87381042753842], [-92.76856164369018, 44.87380839550391], [-92.76856200391461, 44.87380687147799], [-92.76856231383337, 44.873805555620955], [-92.76856272256683, 44.873803824062584], [-92.76856308279126, 44.873802300036544], [-92.7685634430157, 44.87380077601046], [-92.76856379246033, 44.87379929781973], [-92.76856416256624, 44.87379772795818], [-92.76856464226658, 44.873795696559824], [-92.7685648246246, 44.8737946741763], [-92.76856515700125, 44.8737928159337], [-92.76856537349524, 44.8737916082988], [-92.76856564837972, 44.87379007535999], [-92.76856592236587, 44.87378854178458], [-92.76856619545372, 44.87378700948224], [-92.7685664703382, 44.87378547654331], [-92.76856674522267, 44.87378394360439], [-92.76856701920885, 44.87378241002877], [-92.768567293195, 44.87378087772632], [-92.76856771719982, 44.87377777556174], [-92.76856814120464, 44.873774674033605], [-92.76856856431112, 44.873771571868694], [-92.76856898831595, 44.87376846970361], [-92.76856941232076, 44.87376536817498], [-92.76856983542726, 44.87376226600956], [-92.76857025943207, 44.873759163843964], [-92.76857068343689, 44.87375606231483], [-92.76857092149042, 44.873754314839914], [-92.76857110654338, 44.873752960148906], [-92.76857138861438, 44.873750893099235], [-92.76857150270042, 44.873749856709644], [-92.76857183956864, 44.87374675008719], [-92.76857217733519, 44.87374364219134], [-92.76857251420344, 44.87374053493194], [-92.76857285196998, 44.87373742767236], [-92.76857319063484, 44.87373432041262], [-92.76857352750305, 44.873731213152716], [-92.76857388682919, 44.87372790918225], [-92.76857420213786, 44.873724999268966], [-92.76857453990439, 44.873721891371986], [-92.76857465309212, 44.87372085625506], [-92.76857482017877, 44.873718780928385], [-92.76857507170703, 44.873715669848], [-92.76857532323532, 44.87371255940406], [-92.7685755747636, 44.873709447686785], [-92.76857582629188, 44.87370633596928], [-92.76857607692183, 44.87370322488826], [-92.76857633024676, 44.87370011317043], [-92.76857658177504, 44.87369700208908], [-92.76857683330331, 44.87369389037091], [-92.76857708393328, 44.873690778652616], [-92.76857720700247, 44.873687958498564], [-92.76857732917334, 44.873685138344435], [-92.76857745134423, 44.87368231819011], [-92.7685775735151, 44.87367949739908], [-92.7685777019742, 44.87367654228453], [-92.76857781785687, 44.87367385645318], [-92.76857794002773, 44.87367103629836], [-92.76857806219863, 44.873668214870165], [-92.76857818526781, 44.8736653940784], [-92.76857826701452, 44.87366351482372], [-92.76857826431956, 44.873662574559724], [-92.76857825353977, 44.87365975249455], [-92.76857824275999, 44.873656930429185], [-92.76857823198021, 44.87365410963691], [-92.76857822299705, 44.87365128693466], [-92.76857821131895, 44.87364826242877], [-92.7685782023358, 44.87364564280297], [-92.76857819155602, 44.87364282137353], [-92.76857818257287, 44.873639999307336], [-92.76857817179308, 44.87363717851424], [-92.76857816819984, 44.87363623697662], [-92.76857805950368, 44.87363408780078], [-92.76857793014626, 44.873631536927626], [-92.76857778641583, 44.873628716770675], [-92.76857764448201, 44.87362589788682], [-92.76857750075156, 44.87362307709303], [-92.76857735881775, 44.87362025693566], [-92.76857721508732, 44.873617436778204], [-92.76857707315348, 44.87361461662057], [-92.76857692942305, 44.873611797736025], [-92.76857678748922, 44.87360897757816], [-92.76857667070826, 44.87360651264547], [-92.76857655392728, 44.87360404834925], [-92.76857643804459, 44.87360158214312], [-92.76857632216192, 44.8735991165735], [-92.76857627365288, 44.873598103735574], [-92.76857620448261, 44.87359665164039], [-92.76857608859993, 44.87359418734375], [-92.76857597271727, 44.873591721137245], [-92.76857585503797, 44.87358925620377], [-92.76857574993508, 44.873587010898895], [-92.76857566190017, 44.87358514755677], [-92.76857566729008, 44.87358432569999], [-92.76857568256143, 44.873581859493015], [-92.76857569962942, 44.87357939328594], [-92.76857571759574, 44.87357663933337], [-92.76857573196878, 44.8735744602349], [-92.76857574724013, 44.87357199339088], [-92.76857576430814, 44.87356952718343], [-92.76857577957948, 44.873567060975816], [-92.76857578946095, 44.87356547009994], [-92.76857579664748, 44.873564594131494], [-92.76857581191882, 44.87356212792368], [-92.76857581730873, 44.87356130543], [-92.76857591702172, 44.873559661715746], [-92.76857606524375, 44.873557198690754], [-92.76857622244891, 44.87355459752237], [-92.76857636348441, 44.873552270094024], [-92.76857651170644, 44.87354980643214], [-92.76857665992846, 44.873547340860306], [-92.76857680994712, 44.873544876561546], [-92.76857695816913, 44.873542412262736], [-92.76857710639116, 44.87353994923699], [-92.76857725640981, 44.8735374843013], [-92.76857753398923, 44.873535137774155], [-92.76857781156865, 44.87353279124687], [-92.7685780891481, 44.873530444719535], [-92.76857834426961, 44.87352829617637], [-92.76857864520524, 44.87352575166452], [-92.76857892368298, 44.87352340513685], [-92.76857920216072, 44.873521058609136], [-92.76857938541703, 44.87351950274531], [-92.76857947974014, 44.87351871208127], [-92.76857975821788, 44.87351636555336], [-92.76857994327082, 44.873514801413535], [-92.76858008430632, 44.87351402348152], [-92.76858050741282, 44.87351168841233], [-92.76858071582197, 44.87351053360979], [-92.76858092962101, 44.8735093520698], [-92.76858135272751, 44.87350701636375], [-92.76858177583401, 44.87350468193084], [-92.76858226811078, 44.87350196426122], [-92.768582622047, 44.87350000924513], [-92.7685830451535, 44.87349767481193], [-92.76858346826, 44.87349533846883], [-92.7685838913665, 44.873493003398835], [-92.768584032402, 44.87349222546657], [-92.76858440969441, 44.87349067915107], [-92.76858497653137, 44.873488358722824], [-92.76858554426661, 44.8734860389311], [-92.76858610571367, 44.87348374460352], [-92.76858667883883, 44.87348139934737], [-92.76858724567576, 44.87347907891875], [-92.76858781251272, 44.87347675785342], [-92.76858838024796, 44.87347443742461], [-92.76858894708492, 44.87347211890556], [-92.76858951482019, 44.873469799113174], [-92.76858993163847, 44.87346802043587], [-92.76859034935508, 44.873466242395075], [-92.76859076707169, 44.87346446371765], [-92.76859118478829, 44.873462685676756], [-92.76859160070826, 44.87346090699922], [-92.76859201842488, 44.87345912832164], [-92.76859243614149, 44.87345735028062], [-92.7685928538581, 44.87345557160289], [-92.76859318443812, 44.873454162793344], [-92.76859354915412, 44.87345260820094], [-92.76859391297181, 44.873450218381095], [-92.7685941474321, 44.8734486752475], [-92.76859445824918, 44.8734466336511], [-92.76859473043872, 44.873444840331125], [-92.76859495681417, 44.87344335831159], [-92.7685952766144, 44.873441255600845], [-92.76859554880394, 44.87343946291732], [-92.76859576619624, 44.873438043285034], [-92.76859618481117, 44.873435281049815], [-92.76859627015111, 44.87343408041007], [-92.76859633572813, 44.87343315287452], [-92.76859639681358, 44.873432280087044], [-92.76859652527266, 44.873430479763975], [-92.76859665283342, 44.873428678804174], [-92.76859670852897, 44.873427876043394], [-92.76859677949588, 44.87342687848099], [-92.76859690615834, 44.8734250768845], [-92.76859703371912, 44.87342327656116], [-92.76859716038157, 44.873421474964566], [-92.76859728794234, 44.87341967527777], [-92.76859741640143, 44.87341787431763], [-92.76859745413067, 44.87341593776026], [-92.76859749365654, 44.87341400311267], [-92.76859753318242, 44.87341206591855], [-92.76859757180996, 44.87341012936098], [-92.76859761133585, 44.873408194713186], [-92.76859765086172, 44.873406257518866], [-92.76859768948925, 44.8734043209611], [-92.76859772901513, 44.87340238503988], [-92.768597768541, 44.87340044848199], [-92.76859780627025, 44.873398511924066], [-92.76859784579612, 44.87339657663923], [-92.768597885322, 44.87339464008114], [-92.76859792394954, 44.8733927041596], [-92.76859796347541, 44.87339076823799], [-92.76859798234004, 44.87338979932226], [-92.76859798413668, 44.8733888316797], [-92.76859798413668, 44.8733868951214], [-92.76859798503499, 44.87338495856297], [-92.76859798593331, 44.87338302264111], [-92.76859798683164, 44.87338108608256], [-92.76859798683164, 44.87337914952395], [-92.76859798862826, 44.873377213601884], [-92.76859798862826, 44.87337527704314], [-92.76859798952657, 44.87337334048433], [-92.76859799042488, 44.873371404562064], [-92.7685979913232, 44.873369468003126], [-92.7685979913232, 44.873367530807556], [-92.76859799311983, 44.87336559424848], [-92.76859799311983, 44.873363658325964], [-92.76859799401814, 44.87336172176677], [-92.76859794191586, 44.873358249074144], [-92.76859788891527, 44.87335477638132], [-92.76859783771127, 44.87335130368832], [-92.76859778471068, 44.87334782972187], [-92.76859773171009, 44.87334435766503], [-92.76859768050612, 44.87334088497136], [-92.7685976275055, 44.87333741164092], [-92.76859757540322, 44.873333938946836], [-92.76859752240262, 44.87333046688915], [-92.76859747119865, 44.873326992921456], [-92.76859741819804, 44.87332352086335], [-92.76859736609576, 44.87332004689523], [-92.76859731399347, 44.87331657483672], [-92.76859726099288, 44.87331310086818], [-92.76859723584005, 44.873311364838756], [-92.76859719002597, 44.87330962817262], [-92.76859709929613, 44.8733061567501], [-92.76859700856627, 44.87330268405417], [-92.76859691783643, 44.87329921072136], [-92.76859682620828, 44.87329573866164], [-92.76859673547844, 44.87329226660165], [-92.76859664474858, 44.873288793904834], [-92.76859655401874, 44.87328532120782], [-92.76859646418721, 44.873281848510636], [-92.76859637345737, 44.87327837581319], [-92.76859628272753, 44.87327490438877], [-92.76859619199769, 44.87327143169092], [-92.76859610126785, 44.8732679589929], [-92.7685960096397, 44.87326448565799], [-92.76859591890985, 44.87326101359617], [-92.76859573565352, 44.87325681834695], [-92.76859555239719, 44.873252623097414], [-92.76859536914088, 44.87324842657439], [-92.7685951876812, 44.87324423132425], [-92.76859500442488, 44.87324003480061], [-92.76859482116856, 44.873235839549864], [-92.76859463791226, 44.87323164302561], [-92.76859445465593, 44.87322744777425], [-92.76859427139959, 44.873223251885946], [-92.76859408814329, 44.873219055360785], [-92.76859390488697, 44.873214860108504], [-92.76859372252898, 44.873210663582725], [-92.76859353927266, 44.87320646832983], [-92.76859335601632, 44.87320227180343], [-92.7685932652865, 44.87320017544994], [-92.76859312335267, 44.87319807845979], [-92.76859283948504, 44.87319388511579], [-92.76859255651571, 44.87318969304472], [-92.76859227354643, 44.87318549970016], [-92.76859198878047, 44.87318130635524], [-92.76859170581116, 44.87317711364669], [-92.76859142284184, 44.873172920301165], [-92.7685911389742, 44.87316872822857], [-92.7685908560049, 44.87316453488248], [-92.7685905730356, 44.873160341536085], [-92.76859028916796, 44.87315614818934], [-92.76859000530033, 44.873151955478896], [-92.76858972143269, 44.87314776276821], [-92.76858943846338, 44.87314356942054], [-92.76858915549406, 44.87313937670924], [-92.76858905667939, 44.8731375069865], [-92.768588958763, 44.873135637263715], [-92.76858885994832, 44.87313376881409], [-92.76858876113366, 44.87313189845461], [-92.76858866321729, 44.873130028095005], [-92.7685885644026, 44.87312815900859], [-92.76858848445255, 44.87312663560128], [-92.76858836677326, 44.87312441892576], [-92.76858826885687, 44.87312254920254], [-92.76858817004221, 44.87312067947931], [-92.76858807122753, 44.873118809755965], [-92.76858797420947, 44.87311694003257], [-92.76858786281836, 44.87311482839734], [-92.76858777658009, 44.87311320058563], [-92.76858772717276, 44.8731122654055], [-92.76858772807108, 44.87311133086204], [-92.7685877298677, 44.87310945922858], [-92.76858773166433, 44.873107588868294], [-92.76858773346098, 44.873105717234665], [-92.76858773615592, 44.87310384623764], [-92.76858773705422, 44.87310218341208], [-92.76858773974918, 44.87310010424343], [-92.76858774244413, 44.87309823260959], [-92.76858774334245, 44.8730963622489], [-92.76858774603738, 44.87309449061496], [-92.7685877469357, 44.87309262025419], [-92.76858774963064, 44.8730907492567], [-92.76858775142726, 44.873088876985996], [-92.76858775322391, 44.873087005988374], [-92.76858775502055, 44.87308513562736], [-92.76858781520767, 44.87308359248399], [-92.76858787539477, 44.873082048067324], [-92.7685879355819, 44.873080504287245], [-92.76858799576902, 44.8730789611437], [-92.76858805685447, 44.87307741736353], [-92.76858811614329, 44.87307587358333], [-92.76858817722874, 44.87307432916651], [-92.76858823741584, 44.873072786022796], [-92.76858829760297, 44.87307124224247], [-92.7685883577901, 44.873069698462096], [-92.76858841797721, 44.87306815468168], [-92.76858847816435, 44.87306661153785], [-92.76858853835145, 44.873065068393984], [-92.76858862908132, 44.87306275240482], [-92.76858877101512, 44.873060438325446], [-92.76858886533824, 44.8730588951814], [-92.76858896055964, 44.873057352673904], [-92.76858905578108, 44.87305580952978], [-92.76858915100249, 44.87305426702224], [-92.7685892453256, 44.873052723241415], [-92.76858933964871, 44.873051181370364], [-92.7685894339718, 44.87304963758946], [-92.76858952919324, 44.87304809508169], [-92.76858962441464, 44.87304655193733], [-92.76858971963605, 44.873045010066114], [-92.76858981306086, 44.87304346692166], [-92.76858990828227, 44.873041923777166], [-92.76859000350369, 44.873040381269206], [-92.76859023796399, 44.87303692638231], [-92.76859047332259, 44.8730334708586], [-92.7685907086812, 44.87303001597134], [-92.7685909440398, 44.87302656108382], [-92.76859117850007, 44.873023105559476], [-92.76859141385867, 44.87301965003493], [-92.7685916492173, 44.87301619514679], [-92.7685918845759, 44.873012740258446], [-92.76859211903619, 44.87300928473328], [-92.76859235439478, 44.87300582920795], [-92.76859258975341, 44.87300237431898], [-92.76859282511201, 44.8729989194298], [-92.76859305957228, 44.872995463903806], [-92.76859311526783, 44.872994645858284], [-92.76859326887975, 44.87299200837759], [-92.76859336949107, 44.87299027934118], [-92.76859346920406, 44.872988551577976], [-92.76859367042668, 44.87298509541472], [-92.768593870751, 44.872981639251314], [-92.7685940710753, 44.872978182451035], [-92.76859427229793, 44.87297472628721], [-92.76859447352055, 44.87297127012313], [-92.76859467294653, 44.872967813958894], [-92.76859487416917, 44.872964357794395], [-92.76859507539179, 44.87296090099313], [-92.76859527481778, 44.87295744546484], [-92.7685954760404, 44.872953989299766], [-92.76859567726302, 44.872950532497825], [-92.76859587758733, 44.87294707633234], [-92.76859607791164, 44.872943620166595], [-92.76859627913427, 44.87294016400071], [-92.76859648934006, 44.8729357560997], [-92.76859670044414, 44.872931348834996], [-92.7685969097516, 44.87292694156994], [-92.7685971208557, 44.872922533667925], [-92.76859733195978, 44.87291812703878], [-92.76859754126723, 44.87291371977271], [-92.76859775237133, 44.87290931186973], [-92.7685979625771, 44.87290490460295], [-92.7685981979357, 44.87289998040667], [-92.76859834436111, 44.87289608879526], [-92.76859850965113, 44.872891680254256], [-92.76859867494113, 44.87288727171292], [-92.76859884112945, 44.87288286444449], [-92.76859900641946, 44.87287845462928], [-92.76859908906448, 44.87287625131306], [-92.76859917170948, 44.87287404736018], [-92.7685993369995, 44.87286963881749], [-92.7685995022895, 44.87286523027452], [-92.76859966937614, 44.87286082173115], [-92.76859984364931, 44.8728561553593], [-92.76859995593874, 44.87285200464346], [-92.76860007451636, 44.872847595462474], [-92.76860019309397, 44.87284318628118], [-92.7686003125699, 44.87283877709955], [-92.7686004311475, 44.872834367917534], [-92.76860054972512, 44.87282995873524], [-92.76860066830274, 44.87282555018918], [-92.76860078688036, 44.87282114036956], [-92.76860090545799, 44.87281673118625], [-92.76860102493391, 44.87281232200255], [-92.76860112285028, 44.872809363660394], [-92.76860122076664, 44.87280640531809], [-92.76860131868301, 44.872803446339006], [-92.76860141749769, 44.87280048863296], [-92.76860151541406, 44.872797529653575], [-92.76860161333042, 44.87279457131065], [-92.7686017112468, 44.87279161233096], [-92.76860180916317, 44.87278865398774], [-92.76860190707953, 44.87278569500774], [-92.76860200589421, 44.87278273730084], [-92.76860210381058, 44.87277977832054], [-92.76860220172695, 44.87277681934009], [-92.7686022996433, 44.872773860996055], [-92.76860239755966, 44.87277090265192], [-92.768602446967, 44.87276942316149], [-92.76860252961202, 44.87276794558088], [-92.76860269669865, 44.87276498787303], [-92.768602862887, 44.872762030801645], [-92.76860302907532, 44.872759073730144], [-92.76860319706027, 44.87275611665846], [-92.7686033632486, 44.87275316022324], [-92.76860352943692, 44.87275020315129], [-92.76860369562525, 44.87274724671576], [-92.76860386181357, 44.872744289643464], [-92.76860402890023, 44.87274133257102], [-92.76860419508856, 44.87273837613509], [-92.76860436127689, 44.87273541906233], [-92.76860452746521, 44.872732460716215], [-92.76860469365354, 44.87272950427978], [-92.76860486074017, 44.87272654720657], [-92.7686050790308, 44.87272440945583], [-92.76860529552478, 44.872722271068376], [-92.76860551381539, 44.872720132044265], [-92.76860562340985, 44.87271905425615], [-92.768605732106, 44.872717993656664], [-92.76860594859998, 44.87271585526897], [-92.7686061668906, 44.87271371624458], [-92.76860638697784, 44.87271155875831], [-92.7686066025735, 44.872709439468856], [-92.76860682086412, 44.87270730044422], [-92.76860696549288, 44.87270587570102], [-92.76860727271671, 44.87270407344535], [-92.76860744878651, 44.87270303703691], [-92.76860781170588, 44.87270090819786], [-92.76860817372695, 44.87269878063202], [-92.768608535748, 44.87269665115623], [-92.76860889776906, 44.87269452231694], [-92.76860925979013, 44.872692394114246], [-92.7686096227095, 44.87269026527485], [-92.7686098113557, 44.87268915374559], [-92.76860998473057, 44.872688136435315], [-92.76861046712587, 44.87268529904358], [-92.76861080489242, 44.87268388957857], [-92.76861132411865, 44.872681719995484], [-92.76861181549711, 44.87267966245657], [-92.76861232214694, 44.8726775482588], [-92.76861282789842, 44.87267543469762], [-92.76861309649472, 44.87267431234564], [-92.76861333454825, 44.872673321136325], [-92.76861384029975, 44.87267120693833], [-92.76861434605125, 44.87266909337692], [-92.76861485090446, 44.87266697981539], [-92.76861535755427, 44.872664865617196], [-92.76861606722333, 44.87266200912584], [-92.76861677689242, 44.87265915327095], [-92.7686174874598, 44.87265629550609], [-92.76861819623056, 44.87265343837772], [-92.76861881606811, 44.872650946029616], [-92.76861961556871, 44.87264772539375], [-92.76862032613612, 44.872644868264906], [-92.76862103490687, 44.87264201113596], [-92.76862174547426, 44.87263915464346], [-92.76862221798811, 44.872637250527276], [-92.76862240843094, 44.872636293057944], [-92.76862297436955, 44.87263341937654], [-92.76862354120651, 44.87263054696824], [-92.76862410804347, 44.87262767392322], [-92.76862474045743, 44.87262446283525], [-92.7686252399207, 44.8726219278327], [-92.76862580585934, 44.87261905415057], [-92.76862637269627, 44.87261618237818], [-92.76862693953323, 44.872613309969026], [-92.76862749559038, 44.87261049294526], [-92.76862769501639, 44.872609478816685], [-92.76862797618907, 44.872607554964446], [-92.76862839929557, 44.87260467045914], [-92.76862882150375, 44.87260178404391], [-92.76862924371194, 44.87259889890169], [-92.76862955093576, 44.8725968057093], [-92.76862966681843, 44.87259601312275], [-92.76863008902662, 44.87259312798029], [-92.76863051213313, 44.87259024283764], [-92.7686309343413, 44.872587357058265], [-92.7686313574478, 44.87258447191537], [-92.76863177965598, 44.8725815861357], [-92.76863204825226, 44.8725789970189], [-92.76863231595021, 44.872576407265356], [-92.76863258364816, 44.872573817511686], [-92.76863285224442, 44.87257122775796], [-92.76863311994238, 44.872568638004054], [-92.76863338853866, 44.87256604825004], [-92.76863362210062, 44.87256378126026], [-92.76863392393456, 44.87256086810508], [-92.76863419253083, 44.87255827898735], [-92.76863437039725, 44.872556553757626], [-92.76863442968606, 44.87255568859624], [-92.76863460665417, 44.87255309502198], [-92.7686347845206, 44.87255050144759], [-92.76863496148871, 44.87254790787304], [-92.76863504952361, 44.87254660726604], [-92.76863513845683, 44.872545314298435], [-92.76863531542493, 44.8725427207237], [-92.76863549239305, 44.87254012651217], [-92.76863566846284, 44.872537534210466], [-92.76863584543095, 44.87253494063534], [-92.76863602239906, 44.87253234706014], [-92.76863608168787, 44.872531481898434], [-92.76863614995983, 44.8725294243541], [-92.76863622452002, 44.872527156089625], [-92.76863631075827, 44.872524559330984], [-92.76863639699654, 44.872521963845436], [-92.7686364814382, 44.87251936708657], [-92.76863656767644, 44.87251677160078], [-92.76863665301639, 44.872514176114926], [-92.76863673925466, 44.872511579992285], [-92.76863682549293, 44.8725089845062], [-92.76863691173119, 44.87250638901995], [-92.76863699437621, 44.872503938045604], [-92.76863707791952, 44.87250148898099], [-92.76863716146285, 44.872499039279646], [-92.76863724500616, 44.872496588941566], [-92.7686373285495, 44.87249413924006], [-92.76863741209281, 44.87249168826515], [-92.76863744353385, 44.872490779812914], [-92.76863749563614, 44.87248923856343], [-92.76863757917945, 44.872486788861565], [-92.76863766182447, 44.872484338522966], [-92.76863771752001, 44.87248270560049], [-92.76863777591049, 44.872481889457525], [-92.76863795198031, 44.87247944230186], [-92.76863812625346, 44.87247699450941], [-92.76863827806875, 44.87247486311558], [-92.76863847479979, 44.87247209956088], [-92.76863864997127, 44.87246965176817], [-92.76863882514276, 44.872467205248554], [-92.76863899941591, 44.87246475618239], [-92.76863917458739, 44.872462309662566], [-92.76863934886057, 44.87245986250607], [-92.76863940725106, 44.87245904636278], [-92.76863958511748, 44.872457417259255], [-92.7686398510188, 44.87245497455885], [-92.76864011602181, 44.87245253058508], [-92.76864038192315, 44.87245008661121], [-92.76864064782447, 44.872447643273865], [-92.7686409137258, 44.87244520057304], [-92.76864117962711, 44.872442756598865], [-92.76864144463013, 44.87244031389783], [-92.76864171142977, 44.872437869923445], [-92.7686419773311, 44.87243542658558], [-92.76864225041892, 44.87243351100355], [-92.76864252171015, 44.87243159478482], [-92.768642794798, 44.872429679202654], [-92.76864306698752, 44.87242776362039], [-92.76864334007537, 44.87242584676484], [-92.76864361316323, 44.87242393054586], [-92.76864388445443, 44.872422015600065], [-92.76864415754228, 44.8724200993809], [-92.76864442973182, 44.87241818252515], [-92.76864470281964, 44.872416266942494], [-92.7686449759075, 44.87241435135983], [-92.76864529750438, 44.87241208691054], [-92.76864552118488, 44.872410518284404], [-92.76864579247611, 44.87240860270149], [-92.76864592902002, 44.872407644591725], [-92.76864609341173, 44.8724066890284], [-92.76864642219512, 44.87240477790172], [-92.7686467509785, 44.872402865501755], [-92.7686470797619, 44.872400954374946], [-92.76864740854529, 44.87239904197486], [-92.76864773732868, 44.872397130847915], [-92.76864806611208, 44.872395219720914], [-92.76864839309886, 44.87239330859385], [-92.76864872188223, 44.872391396193464], [-92.76864905066564, 44.872389485066265], [-92.76864937944902, 44.8723875726658], [-92.76864970823242, 44.87238566153848], [-92.76865003611749, 44.872383750411096], [-92.76865036490089, 44.87238183801039], [-92.7686506936843, 44.87237992688288], [-92.76865106199355, 44.87237810933819], [-92.76865142850619, 44.87237629115681], [-92.76865179681546, 44.87237447424859], [-92.76865216422641, 44.87237265606709], [-92.76865253253567, 44.87237083788554], [-92.76865289994663, 44.87236901970393], [-92.76865326825589, 44.8723672021589], [-92.76865363656515, 44.87236538461376], [-92.7686540030778, 44.87236356643198], [-92.76865437048875, 44.87236174825014], [-92.768654738798, 44.872359930704874], [-92.7686550370387, 44.87235846266301], [-92.76865547451823, 44.87235629625075], [-92.76865584282749, 44.87235447806868], [-92.76865602608382, 44.87235356897761], [-92.76865623808622, 44.87235266306961], [-92.76865666209105, 44.87235085125362], [-92.7686570842992, 44.87234904007416], [-92.76865750740572, 44.872347228258064], [-92.76865793141053, 44.8723454170785], [-92.76865835451703, 44.87234360526227], [-92.76865877762353, 44.87234179280937], [-92.76865920162834, 44.872339980993054], [-92.76865962473484, 44.872338169813254], [-92.76866004873966, 44.87233635799681], [-92.76866047184615, 44.872334546816894], [-92.76866089585097, 44.87233273500034], [-92.76866131895746, 44.872330923183675], [-92.76866174206397, 44.872329111367016], [-92.76866216606878, 44.87232730018687], [-92.76866301856998, 44.8723241731158], [-92.76866387376614, 44.87232104540795], [-92.76866472806397, 44.872317917699974], [-92.76866548444544, 44.87231514777154], [-92.76866643665964, 44.872311663556665], [-92.76866729095748, 44.87230853648475], [-92.76866814525532, 44.87230540877604], [-92.76866835815603, 44.872304627008006], [-92.7686689914683, 44.87230265221605], [-92.76867010268433, 44.87229919282851], [-92.76867110071258, 44.87229608676437], [-92.76867209694426, 44.87229298006339], [-92.76867275361272, 44.872290937152826], [-92.76867309407422, 44.872289874635555], [-92.76867409120418, 44.872286768570866], [-92.76867508833413, 44.872283662506064], [-92.76867558600082, 44.87228211042852], [-92.7686761555327, 44.872280569173455], [-92.76867677537027, 44.872278894228316], [-92.76867729369816, 44.87227748857304], [-92.76867843276194, 44.87227440733588], [-92.76867957182571, 44.872271326098506], [-92.7686807108895, 44.87226824422438], [-92.76868119957302, 44.8722669206928], [-92.76868184815666, 44.872265164259986], [-92.76868298722043, 44.872262083022115], [-92.76868384151827, 44.87225977209364], [-92.76868416131852, 44.872259008786926], [-92.76868544051948, 44.872255955560036], [-92.76868584386304, 44.872254992354776], [-92.76868671882212, 44.87225290296956], [-92.76868799892141, 44.872249849742346], [-92.76868927722407, 44.87224679587833], [-92.76869055732334, 44.872243742650795], [-92.76869183562599, 44.87224068942304], [-92.76869311482695, 44.872237636831805], [-92.76869451709712, 44.872234306037534], [-92.76869592026559, 44.872230973969906], [-92.76869732253576, 44.87222764253862], [-92.76869872570421, 44.8722243104706], [-92.76869906706403, 44.87222350196339], [-92.76870012887268, 44.87222097903897], [-92.76870153114285, 44.87221764824374], [-92.76870293341301, 44.87221431681173], [-92.7687032846543, 44.87221348347626], [-92.7687042314786, 44.872210964371085], [-92.76870484502793, 44.87220933144081], [-92.76870549450987, 44.87220760429078], [-92.76870675574453, 44.87220424421027], [-92.76870801787751, 44.8722008847662], [-92.76870928090882, 44.872197524685305], [-92.76871020078364, 44.87219507624429], [-92.76871054394009, 44.87219416460421], [-92.76871180607307, 44.87219080515955], [-92.76871243579208, 44.87218912575548], [-92.76871299723913, 44.8721874336189], [-92.76871411833662, 44.87218404807245], [-92.76871520709473, 44.87218075865543], [-92.76871636053156, 44.87217727825212], [-92.76871748073071, 44.87217389270502], [-92.76871860272651, 44.872170507157726], [-92.76871984329992, 44.87216675937322], [-92.76872056374877, 44.87216458404106], [-92.76872080809054, 44.872163732242846], [-92.7687217872542, 44.8721603256865], [-92.76872276462122, 44.87215691849332], [-92.76872374378488, 44.8721535106633], [-92.76872472205022, 44.87215010219646], [-92.76872570121388, 44.87214669500268], [-92.76872667947923, 44.87214328844533], [-92.76872765684625, 44.87213988125114], [-92.7687282596158, 44.87213750983876], [-92.76872886238537, 44.87213513842632], [-92.76872946515493, 44.872132767013746], [-92.76873006792448, 44.8721303962377], [-92.76873067069403, 44.87212802355171], [-92.76873127346359, 44.872125653412105], [-92.76873187623316, 44.8721232813625], [-92.76873247900271, 44.87212090931285], [-92.76873307997563, 44.87211853726306], [-92.76873368274518, 44.87211616648647], [-92.76873428551474, 44.87211379443649], [-92.76873488828429, 44.87211142302302], [-92.76873549105386, 44.872109052246145], [-92.7687360938234, 44.87210668019586], [-92.7687363938607, 44.87210549417068], [-92.76873669659295, 44.87210430814553], [-92.76873729936251, 44.87210193736831], [-92.76873790033544, 44.872099566591], [-92.76873850310498, 44.87209719454032], [-92.76873910587456, 44.8720948224896], [-92.76873970864412, 44.872092451711985], [-92.76874031141367, 44.87209007966107], [-92.76874091418321, 44.87208770761001], [-92.76874151695277, 44.8720853368321], [-92.76874211972232, 44.87208296478089], [-92.76874272159358, 44.87208059336616], [-92.76874332436313, 44.872078221951334], [-92.76874392623438, 44.87207585053646], [-92.76874452900392, 44.8720734784848], [-92.76874513177347, 44.87207110770632], [-92.76874551355748, 44.87206942320575], [-92.76874589623979, 44.872067738068544], [-92.76874627802378, 44.87206605356788], [-92.76874666160441, 44.87206436906716], [-92.7687470433884, 44.87206268392981], [-92.7687474260707, 44.872061000065635], [-92.76874780785471, 44.87205931492813], [-92.76874819053702, 44.872057629790596], [-92.76874857232102, 44.872055945926256], [-92.768748954105, 44.872054261425255], [-92.76874933678731, 44.87205257692424], [-92.76874971857131, 44.87205089178649], [-92.76875010125363, 44.872049206012115], [-92.76875048303764, 44.87204752214755], [-92.76875067437878, 44.8720466798969], [-92.76875086571994, 44.87204583764628], [-92.76875124840224, 44.87204415314497], [-92.76875163108456, 44.87204246800699], [-92.76875201286856, 44.87204078350563], [-92.76875239555088, 44.87203909900417], [-92.76875277733485, 44.87203741386603], [-92.76875315911884, 44.872035729364484], [-92.76875354180116, 44.87203404486288], [-92.76875392358517, 44.87203235972464], [-92.76875430626748, 44.87203067522294], [-92.76875468805146, 44.872028990721184], [-92.76875507073377, 44.872027305582805], [-92.76875545251777, 44.87202562171759], [-92.76875583430177, 44.87202393721569], [-92.76875621788241, 44.87202225271374], [-92.76875657092032, 44.872020432611215], [-92.76875692485653, 44.87201861123542], [-92.76875727879275, 44.872016791132836], [-92.76875763362729, 44.87201497039356], [-92.7687579875635, 44.87201315029081], [-92.76875834060141, 44.87201133018805], [-92.76875869453762, 44.872009510085235], [-92.76875904847387, 44.87200768934568], [-92.76875940241008, 44.87200586860611], [-92.76875975544799, 44.87200404850313], [-92.76876006087518, 44.87200247922923], [-92.76876046332043, 44.872000407023656], [-92.76876081815497, 44.87199858628386], [-92.76876117209119, 44.871996766180644], [-92.76876134726268, 44.87199585581069], [-92.7687614954847, 44.87199494416747], [-92.76876178923378, 44.8719931176979], [-92.76876208298287, 44.871991292501484], [-92.76876237763031, 44.87198946603179], [-92.76876267048108, 44.87198764083527], [-92.76876296602681, 44.8719858150021], [-92.76876325887761, 44.87198398916887], [-92.76876355352502, 44.871982163335545], [-92.7687638472741, 44.871980337502194], [-92.76876414192152, 44.87197851103216], [-92.76876443567062, 44.871976685835286], [-92.76876473031803, 44.87197485936514], [-92.76876502406714, 44.87197303416814], [-92.76876531871454, 44.871971208971146], [-92.76876561246364, 44.87196938250077], [-92.76876601221394, 44.8719668200946], [-92.76876641376087, 44.87196425514178], [-92.76876681440949, 44.87196169146212], [-92.7687672141598, 44.871959129055604], [-92.76876761570672, 44.87195656537572], [-92.76876801635535, 44.871954001695705], [-92.76876841790227, 44.871951437378954], [-92.76876881765257, 44.87194887369871], [-92.7687692183012, 44.87194631001837], [-92.76876961984811, 44.87194374761113], [-92.76877001959842, 44.87194118393055], [-92.76877042024705, 44.87193861961322], [-92.76877082179396, 44.87193605720568], [-92.76877122154427, 44.87193349352476], [-92.76877142276689, 44.871932211365916], [-92.76877165273561, 44.87193093175358], [-92.76877211267303, 44.87192837380204], [-92.76877257350877, 44.871925814577125], [-92.76877303344621, 44.871923255988726], [-92.76877349428194, 44.871920698036845], [-92.7687739551177, 44.87191813944822], [-92.7687744150551, 44.87191558022288], [-92.76877487589084, 44.87191302227062], [-92.76877533672659, 44.871910463681694], [-92.76877579756234, 44.8719079057292], [-92.76877625660144, 44.87190534650342], [-92.76877671743718, 44.87190278791411], [-92.76877717827293, 44.87190022996132], [-92.76877763821035, 44.871897671371784], [-92.76877809904607, 44.87189511341877], [-92.76877860659422, 44.87189278846979], [-92.76877911593898, 44.8718904641574], [-92.76877962348712, 44.87188813984493], [-92.76877982650639, 44.871887209101295], [-92.76878013103527, 44.87188581489568], [-92.76878063948172, 44.87188349058301], [-92.76878114702984, 44.87188116690684], [-92.76878155396666, 44.87187930478274], [-92.76878178303706, 44.87187826071993], [-92.76878225465259, 44.87187652974022], [-92.76878288347329, 44.87187422006948], [-92.76878357697268, 44.871871678031], [-92.76878414291131, 44.87186960072778], [-92.76878477173203, 44.871867291693405], [-92.76878540145104, 44.8718649820223], [-92.76878577964177, 44.87186359227253], [-92.76878603027173, 44.8718626723511], [-92.7687863455804, 44.87186151751551], [-92.76878672017787, 44.871860372865825], [-92.76878747027115, 44.87185808101993], [-92.76878822126271, 44.87185578599081], [-92.76878896955934, 44.87185349987435], [-92.7687897196526, 44.87185120802818], [-92.76879046794923, 44.871848916818564], [-92.76879077068149, 44.871847994350404], [-92.7687912180425, 44.871846625608796], [-92.76879178038786, 44.871844907360575], [-92.76879286645104, 44.87184206992727], [-92.76879365068028, 44.87184002445416], [-92.76879460558943, 44.87183753016098], [-92.76879547426032, 44.87183526123265], [-92.76879634382951, 44.871832990394324], [-92.76879721250039, 44.87183072146582], [-92.76879808117127, 44.87182845190058], [-92.7687988465359, 44.871826435711725], [-92.7687996110022, 44.871824419522746], [-92.76880038894323, 44.871822368319386], [-92.76880114083313, 44.87182038714462], [-92.76880190619775, 44.87181837095549], [-92.7688026967152, 44.87181628473755], [-92.7688036255732, 44.87181383437045], [-92.76880410976514, 44.87181230710858], [-92.7688047888915, 44.871810163594255], [-92.76880540064421, 44.8718082327124], [-92.7688060465329, 44.87180619424093], [-92.76880673643905, 44.87180401634869], [-92.76880733651365, 44.87180211920772], [-92.76880798240234, 44.87180008264595], [-92.76880830399921, 44.871799064046684], [-92.76880861301966, 44.87179785955308], [-92.7688090909234, 44.871795982783915], [-92.76880961553952, 44.871793927123136], [-92.7688101958512, 44.87179165946636], [-92.76881066567007, 44.87178981834797], [-92.76881119028621, 44.87178776332361], [-92.76881177868272, 44.87178546001557], [-92.76881210746612, 44.87178416703086], [-92.768812611421, 44.87178158233454], [-92.76881306956179, 44.871779227459626], [-92.76881341810811, 44.87177744427372], [-92.76881382055336, 44.871775376516446], [-92.76881422389692, 44.871773307485824], [-92.76881462634218, 44.871771239091764], [-92.76881502968574, 44.87176917069768], [-92.76881512580546, 44.87176827623974], [-92.76881522102688, 44.87176738241842], [-92.76881532972304, 44.87176636891157], [-92.76881541416468, 44.87176559350247], [-92.7688155102844, 44.87176469840789], [-92.76881566659128, 44.87176323735368], [-92.76881579864363, 44.8717620150338], [-92.76881596123869, 44.87176049477346], [-92.76881608700283, 44.87175933102302], [-92.76881622085179, 44.871758093424084], [-92.76881642387104, 44.87175620073797], [-92.76881641668453, 44.871755157309615], [-92.76881640949802, 44.8717539591813], [-92.7688164023115, 44.871752704393366], [-92.76881639243003, 44.87175126753065], [-92.76881638704013, 44.87175037052592], [-92.76881638165024, 44.87174953591047], [-92.76881637536204, 44.87174857524323], [-92.76881636997214, 44.87174767760183], [-92.76881636458224, 44.87174672521069], [-92.76881635829403, 44.87174588359228], [-92.76881635290415, 44.87174498658748], [-92.76881634751425, 44.871744090219295], [-92.76881634212437, 44.87174319321448], [-92.76881623432654, 44.87174229429977], [-92.7688161265287, 44.87174139602169], [-92.76881595584881, 44.87173997889407], [-92.7688158031352, 44.87173869927741], [-92.76881562526877, 44.871737214030816], [-92.76881547974169, 44.871736001259784], [-92.76881530546854, 44.87173455039088], [-92.76881515544986, 44.87173330260539], [-92.76881501621101, 44.871732133124816], [-92.76881477905577, 44.87173015767657], [-92.76881446644204, 44.871728823309944], [-92.76881425713458, 44.87172793267114], [-92.76881404782714, 44.87172704266892], [-92.76881385828261, 44.87172623733791], [-92.76881363011051, 44.87172526266448], [-92.76881342170137, 44.87172437266226], [-92.76881320071581, 44.87172343236663], [-92.76881300398477, 44.87172259265773], [-92.76881279467732, 44.87172170201883], [-92.76881246050402, 44.871720274704735], [-92.76881216765324, 44.87171903201193], [-92.76881195924409, 44.87171814200961], [-92.76881174993663, 44.8717172532805], [-92.76881131155878, 44.87171599276214], [-92.76881087138428, 44.87171473097048], [-92.76881043210811, 44.87171346981543], [-92.76880999283193, 44.871712208023716], [-92.76880965955695, 44.871711253085486], [-92.76880911338128, 44.87170968507688], [-92.76880877471642, 44.87170871294971], [-92.76880823482892, 44.871707162766526], [-92.76880778297634, 44.871705867233516], [-92.76880750180365, 44.871705061265565], [-92.76880674182893, 44.87170341622508], [-92.7688061705004, 44.87170218117144], [-92.7688056000702, 44.871700947391], [-92.76880515989572, 44.87169999563572], [-92.76880445831146, 44.87169847792019], [-92.76880400286562, 44.87169749242371], [-92.76880331745105, 44.87169600844931], [-92.7688027146815, 44.871694706549775], [-92.7688019861478, 44.87169312962796], [-92.76880141122602, 44.87169214158489], [-92.76880082103288, 44.871691128713344], [-92.76880012304191, 44.87168992803725], [-92.76879957417127, 44.87168898583114], [-92.76879872436501, 44.8716875260483], [-92.7687981467483, 44.87168653482199], [-92.76879732568811, 44.87168512469588], [-92.76879662769714, 44.87168392401965], [-92.76879592880783, 44.871682723979994], [-92.76879523081686, 44.87168152330367], [-92.76879430734876, 44.871680206761454], [-92.76879338388065, 44.87167889085585], [-92.7687926643301, 44.871677865251584], [-92.7687915360461, 44.87167625777121], [-92.76879050567848, 44.871674789075314], [-92.76878968821157, 44.87167362404987], [-92.76878876474345, 44.87167230814411], [-92.76878799309064, 44.87167120678124], [-92.76878691690892, 44.871669675059216], [-92.76878630246127, 44.871668797152005], [-92.76878571406475, 44.871668082221035], [-92.7687849109709, 44.871667104363524], [-92.76878386712853, 44.87166583429465], [-92.76878282238785, 44.87166456358917], [-92.76878177944381, 44.87166329352024], [-92.76878055593839, 44.871661803178704], [-92.7687796926574, 44.87166075147245], [-92.76877864791673, 44.87165948204007], [-92.7687777064823, 44.87165833483991], [-92.76877621438064, 44.871656517909024], [-92.76877517323321, 44.87165542545862], [-92.76877428210446, 44.87165448770836], [-92.76877312327773, 44.87165326920595], [-92.76877194289145, 44.87165202778496], [-92.76877080472599, 44.87165083092778], [-92.76876964500096, 44.87164961178865], [-92.7687687314143, 44.87164865239298], [-92.76876732644921, 44.8716471747836], [-92.76876616762249, 44.871645956280986], [-92.76876500879577, 44.87164473841503], [-92.76876305585834, 44.87164287755651], [-92.76876110202261, 44.871641016061346], [-92.76875914908516, 44.871639154566076], [-92.76875719524944, 44.87163729307074], [-92.768755242312, 44.87163543221198], [-92.76875328847626, 44.8716335694433], [-92.76875133553882, 44.871631709221056], [-92.76874938260141, 44.87162984772548], [-92.76874742786734, 44.871627986229896], [-92.7687465618914, 44.8716271598888], [-92.76874547492991, 44.871626124097574], [-92.76874352109418, 44.871624262601856], [-92.76874156815673, 44.87162240237927], [-92.76873961521932, 44.87162054088344], [-92.76873766138358, 44.8716186793875], [-92.76873668491486, 44.87161774927615], [-92.76873567431016, 44.87161683699035], [-92.76873365130415, 44.87161501369186], [-92.76873162829811, 44.871613190393376], [-92.76872960619042, 44.87161136709483], [-92.76872781045817, 44.87160974815332], [-92.76872556017837, 44.87160771986087], [-92.76872353807067, 44.87160589656216], [-92.76872151506466, 44.87160407326338], [-92.76871949295695, 44.87160224932791], [-92.76871746905263, 44.871600426665594], [-92.76871544694492, 44.87159860273], [-92.76871342393889, 44.87159677879436], [-92.76871140003456, 44.87159495485865], [-92.76870937792684, 44.871593132196125], [-92.76870735581916, 44.8715913082603], [-92.76870504625056, 44.8715892341301], [-92.76870273758027, 44.87158715936315], [-92.76870042801168, 44.87158508395953], [-92.76869811754476, 44.87158300919242], [-92.76869580887448, 44.871580935061885], [-92.7686934993059, 44.871578859658044], [-92.76869119063561, 44.87157678552735], [-92.76868888106702, 44.87157471012335], [-92.76868657060011, 44.871572635992514], [-92.76868426192982, 44.87157056058837], [-92.76868222994065, 44.87156873474191], [-92.76867964369096, 44.87156641041644], [-92.76867733412234, 44.87156433628531], [-92.76867502545208, 44.871562261517504], [-92.76867387111695, 44.87156122381523], [-92.76867275091777, 44.87156016828741], [-92.76867050962113, 44.871558055321785], [-92.76866827101945, 44.87155594235609], [-92.76866603151946, 44.87155383066355], [-92.76866379022282, 44.87155171642447], [-92.76866155072281, 44.87154960409518], [-92.7686593103245, 44.87154749112918], [-92.76865706992618, 44.87154537816309], [-92.76865482952785, 44.871543265196934], [-92.76865259002784, 44.87154115286733], [-92.76865035052786, 44.87153903990102], [-92.76864810923122, 44.87153692629799], [-92.76864586973122, 44.871534813331515], [-92.76864362933289, 44.871532701638245], [-92.7686413898329, 44.871530588671625], [-92.76863929406332, 44.871528546370584], [-92.7686371991921, 44.87152650343283], [-92.76863510252423, 44.871524461131656], [-92.76863300765298, 44.871522418830395], [-92.76863091278172, 44.87152037716566], [-92.76862881701219, 44.87151833422762], [-92.76862672214094, 44.87151629192615], [-92.76862462547305, 44.8715142496246], [-92.76862252970349, 44.87151220668635], [-92.76862043483226, 44.87151016565794], [-92.7686183381644, 44.87150812271953], [-92.76861624329314, 44.8715060804177], [-92.76861414752358, 44.871504038115745], [-92.76861205265236, 44.871501996450405], [-92.76861100521671, 44.871500974662766], [-92.76860996766257, 44.871499947782056], [-92.76860789524922, 44.87149789402063], [-92.76860582193753, 44.87149583962249], [-92.76860374862586, 44.871493785860906], [-92.7686016762125, 44.87149173209926], [-92.76859960290084, 44.87148967833753], [-92.76859752958914, 44.871487623939096], [-92.76859545627747, 44.87148557017723], [-92.7685933838641, 44.871483516415275], [-92.76859131055242, 44.871481462653264], [-92.76858923724075, 44.87147940889117], [-92.7685871657257, 44.87147735449237], [-92.7685850915157, 44.87147530073013], [-92.76858301820404, 44.871473246967824], [-92.76858094489236, 44.87147119320544], [-92.76857866406986, 44.871468929992325], [-92.76857638145073, 44.87146666741571], [-92.7685740997299, 44.87146440483906], [-92.76857181711077, 44.87146214226227], [-92.76856953538994, 44.87145987904879], [-92.76856725277081, 44.87145761647182], [-92.7685649719483, 44.87145535389482], [-92.76856268932916, 44.87145309131766], [-92.76856040760833, 44.871450828103846], [-92.76855812498921, 44.87144856552652], [-92.76855584237008, 44.87144630294915], [-92.76855356064924, 44.87144404037165], [-92.76855127982674, 44.871441777157465], [-92.7685489972076, 44.87143951457983], [-92.7685478563472, 44.8714383826543], [-92.76854670380868, 44.87143725836836], [-92.76854439962997, 44.87143500661318], [-92.76854209455296, 44.8714327554946], [-92.76853978947594, 44.87143050437589], [-92.76853748439892, 44.87142825262049], [-92.76853518022021, 44.871426001501604], [-92.7685328760415, 44.87142375101925], [-92.76853057096449, 44.87142149990024], [-92.7685282667858, 44.87141924814444], [-92.76852596260709, 44.87141699702524], [-92.76852365753007, 44.87141474590591], [-92.76852135335137, 44.8714124941499], [-92.76851904917267, 44.87141024366703], [-92.76851674409565, 44.87140799254743], [-92.76851443991696, 44.87140574142775], [-92.76851187882008, 44.87140338271772], [-92.7685093177232, 44.8714010240076], [-92.76850785167265, 44.87139967180775], [-92.76850675662632, 44.87139866466073], [-92.76850419552945, 44.87139630467714], [-92.76850144758299, 44.87139377407688], [-92.76849907513233, 44.871391587256205], [-92.76849587353665, 44.87138863839043], [-92.76849459882726, 44.8713875758565], [-92.76849383346264, 44.87138693859082], [-92.76849111246564, 44.87138467282783], [-92.76848839236696, 44.871382405791564], [-92.76848759735793, 44.87138174369725], [-92.76848567047166, 44.87138013939176], [-92.76848295037297, 44.87137787235527], [-92.76848041353061, 44.871375758109735], [-92.76847750837896, 44.871373338918666], [-92.76847614743133, 44.87137220571864], [-92.76847471102518, 44.87137112153903], [-92.76847345248547, 44.87137017232475], [-92.76847183731458, 44.87136895317968], [-92.76846896270568, 44.871366783547074], [-92.76846605755405, 44.87136459163231], [-92.76846321438617, 44.8713624455548], [-92.76846033977726, 44.87136027783181], [-92.76845866172432, 44.87135901157592], [-92.76845746427004, 44.87135810883547], [-92.76845531100831, 44.8713564822473], [-92.76845129823393, 44.871353739011056], [-92.76844851435487, 44.87135183421571], [-92.76844549332057, 44.8713497696263], [-92.76844328975317, 44.871348261451], [-92.76844247318458, 44.871347703126894], [-92.76843945125198, 44.87134563726406], [-92.76843643111599, 44.87134357140119], [-92.76843341008168, 44.871341506174836], [-92.76843170238433, 44.871340294032066], [-92.76843089390057, 44.87133972042881], [-92.76842999289033, 44.8713390818893], [-92.76842828339636, 44.87133786847325], [-92.76842621547458, 44.87133640231518], [-92.76842486440839, 44.87133544291432], [-92.76842334086565, 44.87133436255377], [-92.76842101961897, 44.87133271495617], [-92.7684198518091, 44.8713317313633], [-92.76841829592703, 44.87133041926946], [-92.76841649839814, 44.871328903454106], [-92.76841518236625, 44.87132779380848], [-92.76841396425073, 44.87132676692473], [-92.76841187027779, 44.871325001550396], [-92.7684105120251, 44.87132385625345], [-92.76840973498237, 44.871323200524756], [-92.76840903968633, 44.871322499595344], [-92.7684073679216, 44.871320816346156], [-92.76840625311232, 44.87131969460439], [-92.76840508889572, 44.87131852129562], [-92.7684032653157, 44.87131668461847], [-92.76840207594626, 44.87131548648107], [-92.7684009494589, 44.87131435136999], [-92.76839963971521, 44.87131303290945], [-92.76839811886742, 44.87131118095304], [-92.76839716575492, 44.87131002164994], [-92.76839563682229, 44.87130816141725], [-92.76839446362254, 44.87130673218297], [-92.76839384288667, 44.8713059771398], [-92.76839324460872, 44.871305250108385], [-92.76839202739149, 44.871303768033755], [-92.76839080927596, 44.87130228595909], [-92.76839022177778, 44.87130140804626], [-92.76838961451664, 44.87130050021184], [-92.76838904408643, 44.87129965031071], [-92.76838841706235, 44.87129871382788], [-92.76838786819172, 44.87129789321174], [-92.76838722140472, 44.87129692680728], [-92.76838669229701, 44.87129613547612], [-92.76838602484877, 44.87129514042327], [-92.76838512294022, 44.87129379267734], [-92.76838447884816, 44.87129258053355], [-92.76838389853648, 44.871291488712885], [-92.76838351046428, 44.87129075913473], [-92.76838272803167, 44.87128928851907], [-92.76838175246128, 44.87128745247764], [-92.76838094757078, 44.87128593602454], [-92.76838044541253, 44.87128499381183], [-92.76837994594922, 44.871283747926455], [-92.7683791868728, 44.87128186095446], [-92.76837842959301, 44.871279973982354], [-92.7683777109408, 44.871278187597824], [-92.768377187223, 44.871276885688836], [-92.76837681172721, 44.87127594920569], [-92.76837625117847, 44.87127446904018], [-92.7683756888331, 44.8712729876014], [-92.76837500880842, 44.871271189757245], [-92.76837456683731, 44.871270025996964], [-92.76837400628857, 44.87126854455801], [-92.76837332446728, 44.87126674671377], [-92.76837288339446, 44.87126558295334], [-92.76837232284572, 44.871264101514335], [-92.768371762297, 44.871262620075285], [-92.76837138769953, 44.871261633298055], [-92.76837049477413, 44.871259689665166], [-92.76836982642756, 44.87125823114471], [-92.76836925330241, 44.87125698271225], [-92.76836848703947, 44.87125531537688], [-92.76836781689627, 44.87125385685631], [-92.76836710004066, 44.871252295838154], [-92.76836647750818, 44.87125094045166], [-92.7683658082633, 44.871249483204224], [-92.76836491533788, 44.87124753829768], [-92.76836439790829, 44.871246585261616], [-92.76836362176388, 44.87124515411594], [-92.76836265158339, 44.8712433658204], [-92.7683620703734, 44.87124229182442], [-92.76836129243236, 44.87124086067864], [-92.76836051718627, 44.871239429532814], [-92.76835985153464, 44.87123820401865], [-92.76835896489746, 44.87123656724101], [-92.76835818785473, 44.871235136095095], [-92.76835741171033, 44.87123370494913], [-92.76835657627711, 44.871232364204666], [-92.7683557408439, 44.87123102346021], [-92.76835490451236, 44.87122968144245], [-92.76835406907915, 44.87122834133454], [-92.76835323364593, 44.87122699931672], [-92.76835257607917, 44.87122594314612], [-92.7683515618812, 44.87122431655421], [-92.76835072644798, 44.87122297517294], [-92.76834989011645, 44.871221633154995], [-92.76834905468324, 44.87122029241025], [-92.76834809348588, 44.87121874921687], [-92.76834738291849, 44.87121761028413], [-92.7683465474853, 44.87121626826605], [-92.76834529523379, 44.871214257148736], [-92.76834391452317, 44.871212288049044], [-92.76834312041248, 44.87121115548244], [-92.76834207297685, 44.87120966194603], [-92.768341153102, 44.87120834984942], [-92.76834023232884, 44.87120703647954], [-92.76833931155568, 44.87120572310963], [-92.76833825334027, 44.87120421238403], [-92.76833747090765, 44.871203097006315], [-92.76833655013449, 44.871201783636316], [-92.76833562936132, 44.87120047026628], [-92.76833470858816, 44.87119915816946], [-92.7683337896116, 44.871197845435965], [-92.76833286883846, 44.87119653333912], [-92.7683319489636, 44.87119521996894], [-92.7683311728192, 44.87119410204453], [-92.76833039577647, 44.87119298284686], [-92.76832961963206, 44.87119186428576], [-92.76832884348767, 44.87119074636129], [-92.76832826946419, 44.87118991874064], [-92.76832729030053, 44.87118850860236], [-92.76832651415613, 44.871187390677825], [-92.76832573891004, 44.87118627148003], [-92.76832477591606, 44.87118488553364], [-92.76832418572292, 44.8711840349942], [-92.7683234086802, 44.8711829157963], [-92.7683226334341, 44.87118179787164], [-92.7683218572897, 44.871180679310335], [-92.76832069217478, 44.87117900178668], [-92.76831965641726, 44.87117728160865], [-92.76831896471448, 44.87117613503547], [-92.76831827391003, 44.87117498846227], [-92.76831761185167, 44.87117389281957], [-92.7683168905045, 44.87117269658908], [-92.76831619880173, 44.87117155001586], [-92.76831550799726, 44.87117040344256], [-92.76831481719282, 44.871169256232605], [-92.76831433569582, 44.87116845980659], [-92.7683134346856, 44.871166963722544], [-92.76831274388114, 44.871165817149155], [-92.7683120530767, 44.87116467184903], [-92.76831136137392, 44.871163525275605], [-92.76831066967115, 44.871162378702195], [-92.7683100381555, 44.87116114745671], [-92.76830940753817, 44.8711599162112], [-92.76830877602254, 44.8711586849657], [-92.76830814540521, 44.87115745372014], [-92.76830751478788, 44.871156222474596], [-92.76830688237392, 44.87115499122897], [-92.76830625175658, 44.87115376125661], [-92.76830562113926, 44.87115253001094], [-92.76830513155743, 44.871151574426776], [-92.76830456921205, 44.87115047814704], [-92.76830386313624, 44.8711488050789], [-92.76830341128364, 44.87114773808409], [-92.76830280312421, 44.87114629547658], [-92.7683022731182, 44.8711450406754], [-92.76830184192686, 44.87114401888143], [-92.76830121130953, 44.87114252979968], [-92.7683006813035, 44.871141274361776], [-92.76830027077342, 44.871140300951765], [-92.76829944522169, 44.87113834649204], [-92.76829905804777, 44.87113719291516], [-92.76829873195933, 44.87113622205156], [-92.76829830436127, 44.871134948151216], [-92.76829779052493, 44.87113341768816], [-92.7682974491651, 44.87113239907716], [-92.76829702246536, 44.87113112263015], [-92.76829659396897, 44.871129848729694], [-92.76829616637089, 44.87112857419257], [-92.7682957387728, 44.87112729965541], [-92.76829531117474, 44.87112602511817], [-92.76829493118737, 44.87112454367558], [-92.76829455209833, 44.871123062232925], [-92.76829410294067, 44.87112130958497], [-92.76829379302191, 44.87112009807424], [-92.76829341213622, 44.871118615358206], [-92.7682930339455, 44.87111713391537], [-92.76829270426379, 44.87111585173839], [-92.76829227397077, 44.87111416975638], [-92.76829189398339, 44.87111268831348], [-92.76829164065849, 44.871111700260435], [-92.76829127414585, 44.87110970887507], [-92.76829099926138, 44.871108215336015], [-92.76829066149483, 44.87110637865221], [-92.76829044949241, 44.871105228257804], [-92.76829017460793, 44.87110373408204], [-92.76828990062178, 44.87110224054285], [-92.76828967334802, 44.871101010569355], [-92.76828934995451, 44.87109925346432], [-92.76828898344189, 44.87109726207852], [-92.76828883881312, 44.87109597862781], [-92.76828870137088, 44.87109475947693], [-92.7682885324876, 44.87109325829792], [-92.76828836270602, 44.87109175584558], [-92.76828823155198, 44.87109059080838], [-92.76828802583778, 44.87108875285072], [-92.76828785605619, 44.87108725103491], [-92.76828768717291, 44.871085749855695], [-92.76828751739134, 44.871084248039814], [-92.76828734850807, 44.87108274749712], [-92.7682872982024, 44.871081566543936], [-92.76828724879506, 44.87108038304416], [-92.76828719040458, 44.8710789824527], [-92.76828714998038, 44.87107802113763], [-92.76828710057303, 44.87107683954771], [-92.76828705026738, 44.871075656684475], [-92.76828701253814, 44.871074776221676], [-92.76828695055438, 44.871073294141105], [-92.76828690024874, 44.87107211255109], [-92.76828686790938, 44.871071324399956], [-92.76828691192682, 44.87106974873429], [-92.76828694606282, 44.87106856650755], [-92.76828698828363, 44.87106709461293], [-92.76828701343646, 44.871066203327246], [-92.76828704667413, 44.871065021100435], [-92.76828707991177, 44.87106383823696], [-92.76828710955618, 44.87106281835143], [-92.76828714728543, 44.87106147569316], [-92.76828719130289, 44.87105989939058], [-92.76828726945632, 44.871059113149215], [-92.7682873862373, 44.87105793410542], [-92.76828750211996, 44.87105675442497], [-92.76828761890096, 44.87105557538109], [-92.76828771232576, 44.87105462679831], [-92.76828785246293, 44.87105321665672], [-92.76828796924393, 44.87105203761281], [-92.76828808512658, 44.871050858568886], [-92.76828820190758, 44.87104967952488], [-92.76828831779025, 44.87104849984426], [-92.76828860974273, 44.87104664151305], [-92.76828890169519, 44.87104478190843], [-92.76828919185103, 44.87104292294045], [-92.76828948380349, 44.87104106333571], [-92.7682898251633, 44.871038884777875], [-92.76829006681012, 44.871037344762755], [-92.76829035696595, 44.87103548515789], [-92.76829064891842, 44.87103362618955], [-92.76829094087088, 44.87103176722121], [-92.76829113400866, 44.87103052833334], [-92.76829157328483, 44.871028350411706], [-92.76829200717113, 44.87102620686818], [-92.76829237997195, 44.87102435617582], [-92.76829275367112, 44.87102250293683], [-92.76829312737028, 44.871020651607715], [-92.76829351184922, 44.87101874616471], [-92.76829387566691, 44.8710169483126], [-92.76829424936608, 44.87101509571007], [-92.76829474703274, 44.87101262684647], [-92.76829505156164, 44.87101139941759], [-92.76829559055078, 44.87100921449224], [-92.768295961555, 44.87100771394764], [-92.76829641789915, 44.871005872167515], [-92.76829687334502, 44.8710040291141], [-92.76829732968919, 44.87100218669726], [-92.76829778603334, 44.87100034428032], [-92.76829824147919, 44.87099850186336], [-92.76829869782335, 44.87099665880965], [-92.76829915326921, 44.870994817029235], [-92.76829959164706, 44.87099344699409], [-92.76829996534622, 44.87099228386478], [-92.76830047109773, 44.87099070437713], [-92.76830084479688, 44.870989541247766], [-92.76830135054838, 44.87098796176009], [-92.76830169011158, 44.870986902401945], [-92.76830233869521, 44.870984876634076], [-92.76830276808991, 44.87098386756991], [-92.7683033376218, 44.87098252108998], [-92.768303908052, 44.870981173336716], [-92.76830447848222, 44.87097982812996], [-92.76830504981073, 44.870978480376635], [-92.76830562024094, 44.87097713389652], [-92.76830647543709, 44.87097511513131], [-92.76830752287272, 44.87097314156698], [-92.76830809330292, 44.870972068202605], [-92.76830908863626, 44.87097019458969], [-92.7683096204389, 44.87096919443815], [-92.7683104325159, 44.87096766333405], [-92.76831101642084, 44.870966563867626], [-92.76831154103698, 44.870965576448675], [-92.7683125705063, 44.870963979771226], [-92.76831341312604, 44.87096267085218], [-92.76831421801651, 44.87096142177671], [-92.76831493577042, 44.87096030830417], [-92.76831586552676, 44.87095886378203], [-92.76831668928186, 44.870957585421344], [-92.76831751213867, 44.87095630769723], [-92.76831822629931, 44.870955163029535], [-92.76831871408451, 44.87095438251643], [-92.76831916863205, 44.87095365484389], [-92.76831999777706, 44.8709523268256], [-92.76832051879992, 44.87095149283521], [-92.76832097334746, 44.870950765162675], [-92.76832187166274, 44.870949327006635], [-92.7683222273956, 44.87094857832513], [-92.76832270170607, 44.87094758071974], [-92.76832317691486, 44.8709465818411], [-92.76832365122532, 44.87094558296239], [-92.76832422075722, 44.870944386090514], [-92.7683246016429, 44.8709435877515], [-92.76832531221028, 44.87094209038837], [-92.76832582784326, 44.87094055419048], [-92.76832609104964, 44.87093976794742], [-92.76832651505444, 44.87093850422885], [-92.76832686000752, 44.8709374779748], [-92.76832731814831, 44.870936112394716], [-92.76832780413689, 44.87093466086901], [-92.7683281113607, 44.87093313740364], [-92.76832827754905, 44.870932314235695], [-92.7683284464323, 44.87093147960838], [-92.76832873568982, 44.8709300420885], [-92.76832890906468, 44.870929184542305], [-92.76832907255807, 44.87092837283378], [-92.76832932947624, 44.870927099565435], [-92.76832941571449, 44.870925947257604], [-92.76832950195276, 44.87092479367642], [-92.76832958639442, 44.87092364136854], [-92.76832967263266, 44.8709224890606], [-92.76832975797262, 44.87092133484275], [-92.76832984421088, 44.870920181898114], [-92.76832993044916, 44.870919029590105], [-92.76832999692448, 44.870918152944725], [-92.76833015951955, 44.870915955283216], [-92.76833008585768, 44.87091441844798], [-92.76833004094193, 44.87091347177276], [-92.76832997536492, 44.87091210937529], [-92.7683299331441, 44.870911198351536], [-92.76832986577045, 44.87090980221238], [-92.76832982444795, 44.87090892493026], [-92.76832974270127, 44.87090722893626], [-92.76832969958213, 44.87090634019464], [-92.76832962681858, 44.870904802085896], [-92.76832926659415, 44.87090269800912], [-92.76832910489742, 44.87090174687723], [-92.76832885336913, 44.870900279434814], [-92.76832871233364, 44.87089945435651], [-92.76832847248346, 44.870898055670544], [-92.76832832066816, 44.87089716183571], [-92.76832812393711, 44.87089601589359], [-92.76832792810438, 44.87089486931486], [-92.76832773227166, 44.87089372400929], [-92.76832735048767, 44.87089239089656], [-92.76832691121149, 44.870890862337], [-92.76832658422472, 44.87088972276107], [-92.76832620154241, 44.870888388375], [-92.76832589791184, 44.87088733156154], [-92.76832543527948, 44.870885719602676], [-92.76832505259716, 44.87088438521646], [-92.76832467081317, 44.870883050193626], [-92.76832428813086, 44.8708817170806], [-92.768324032111, 44.87088082833863], [-92.76832322003398, 44.87087878155806], [-92.76832282028369, 44.870877771218794], [-92.76832230015913, 44.870876460387855], [-92.7683219102903, 44.87087547806047], [-92.76832125991002, 44.87087383872599], [-92.76832071822591, 44.87087247378104], [-92.76832022055926, 44.8708712177006], [-92.76831961419643, 44.87086968977712], [-92.76831900783363, 44.87086815994366], [-92.76831857215072, 44.87086730685297], [-92.76831804124639, 44.87086626850157], [-92.76831726510197, 44.87086474821751], [-92.76831666592567, 44.87086357617271], [-92.76831595715491, 44.870862188945296], [-92.76831516663746, 44.870860643195776], [-92.76831464920785, 44.87085962903637], [-92.76831399433603, 44.870858348763534], [-92.76831334036248, 44.87085706849068], [-92.76831268728728, 44.870855790127685], [-92.76831202073733, 44.870854674743214], [-92.7683113541874, 44.87085356063202], [-92.76831068763745, 44.870852445884154], [-92.76831002108752, 44.87085133113622], [-92.76830935453758, 44.870850217024966], [-92.768308686191, 44.87084910100375], [-92.76830802143768, 44.870847986255804], [-92.76830750670304, 44.870847128071745], [-92.76830668654118, 44.87084575675984], [-92.76830601999123, 44.87084464201183], [-92.76830535344129, 44.87084352853704], [-92.76830468689136, 44.870842412515685], [-92.76830402034142, 44.87084129840425], [-92.76830302051651, 44.87083962660038], [-92.76830194253816, 44.870837978988604], [-92.76830122298762, 44.87083688079296], [-92.76830050433539, 44.87083578323393], [-92.76829978568317, 44.870834684401586], [-92.76829906703094, 44.87083358556922], [-92.7682983474804, 44.87083248864677], [-92.76829762882817, 44.87083138981437], [-92.76829691017593, 44.870830291618596], [-92.76829619062539, 44.87082919342279], [-92.76829547197316, 44.870828095226976], [-92.76829475332094, 44.87082699703113], [-92.7682940337704, 44.870825898198625], [-92.76829331511817, 44.87082480127599], [-92.76829259646594, 44.87082370308008], [-92.76829170893045, 44.87082235850628], [-92.76829082229327, 44.87082101329581], [-92.76828993385945, 44.87081966872196], [-92.76828904632394, 44.87081832351142], [-92.76828815968676, 44.870816978937505], [-92.76828727304958, 44.870815634363545], [-92.76828638461578, 44.87081429042615], [-92.76828549708027, 44.870812945852144], [-92.7682843894575, 44.870811268317766], [-92.76828372200926, 44.87081025543073], [-92.76828283447375, 44.87080891085662], [-92.76828194783657, 44.87080756628247], [-92.76828106030106, 44.87080622234496], [-92.76827972899783, 44.87080420484699], [-92.768278475848, 44.87080216315678], [-92.7682776413131, 44.87080080139331], [-92.76827659926735, 44.870799104122874], [-92.76827597044667, 44.87079807786629], [-92.76827513411516, 44.87079671673937], [-92.76827429958024, 44.87079535561242], [-92.76827346504534, 44.870793994485396], [-92.7682726287138, 44.87079263272174], [-92.76827179328059, 44.87079127095805], [-92.76827095784739, 44.870789910467614], [-92.76827012331249, 44.87078854743057], [-92.76826928787928, 44.87078718694007], [-92.76826845244605, 44.870785825176256], [-92.76826761701284, 44.87078446468565], [-92.76826700615844, 44.870783394500954], [-92.76826639350743, 44.870782323679634], [-92.76826578175472, 44.87078125413149], [-92.76826517000201, 44.87078018331008], [-92.76826455735099, 44.8707791131253], [-92.76826394649659, 44.87077804230385], [-92.76826333474389, 44.87077697275568], [-92.76826272209286, 44.870775902570834], [-92.76826211034015, 44.87077483238597], [-92.76826149858744, 44.87077376156444], [-92.76826092815723, 44.87077276331939], [-92.76826027508201, 44.87077162119463], [-92.76825966332932, 44.870770551009684], [-92.7682587452511, 44.870768945413914], [-92.76825788017348, 44.870767325175464], [-92.76825730255675, 44.87076624607753], [-92.76825672583834, 44.87076516634298], [-92.76825615001825, 44.87076408533507], [-92.76825557240153, 44.87076300623707], [-92.7682549956831, 44.870761925865814], [-92.76825441806636, 44.87076084549454], [-92.76825384134796, 44.87075976575983], [-92.76825326552786, 44.870758685388466], [-92.76825268791114, 44.87075760501713], [-92.76825211119272, 44.87075652591901], [-92.76825153447432, 44.87075544554763], [-92.76825095685759, 44.87075436517618], [-92.76825038013916, 44.870753286078006], [-92.7682498645062, 44.87075222162246], [-92.7682491763967, 44.87075080256058], [-92.76824866076372, 44.87074973874158], [-92.76824804092618, 44.8707484616495], [-92.76824762859945, 44.870747610466964], [-92.76824711206817, 44.87074654601131], [-92.76824659643519, 44.870745482192234], [-92.7682460799039, 44.87074441773653], [-92.76824524357238, 44.87074269245244], [-92.76824476566864, 44.87074156687962], [-92.76824430842616, 44.870740489054455], [-92.76824385028537, 44.87073941122931], [-92.7682433930429, 44.87073833404075], [-92.76824293580042, 44.870737256852216], [-92.76824247765963, 44.87073617902696], [-92.76824201951884, 44.870735101201745], [-92.76824140956275, 44.87073366558687], [-92.76824068821556, 44.8707319657679], [-92.76824034236418, 44.87073074597267], [-92.76824007646286, 44.87072981457372], [-92.7682398132565, 44.870728884448], [-92.76823948087983, 44.870727711763784], [-92.76823916467285, 44.870726598923376], [-92.76823903441714, 44.87072514166265], [-92.76823894907719, 44.87072419371108], [-92.7682388448726, 44.87072301720697], [-92.76823875504108, 44.870722015777844], [-92.76823867688763, 44.87072113467298], [-92.76823876043098, 44.870720311502055], [-92.76823884577092, 44.87071946286565], [-92.76823894278897, 44.870718516187225], [-92.76823906226491, 44.87071734541274], [-92.76823923294482, 44.870715673605254], [-92.76823950693098, 44.87071475175558], [-92.76823978181544, 44.87071382226627], [-92.76824005759823, 44.87071289341353], [-92.76824033427935, 44.87071196456085], [-92.76824056334975, 44.870711192957316], [-92.76824082296287, 44.87071031630878], [-92.7682413718335, 44.87070922638696], [-92.76824182099114, 44.87070833254919], [-92.7682422710471, 44.87070743871141], [-92.76824272110306, 44.87070654487362], [-92.76824341819574, 44.87070516146226], [-92.76824413325468, 44.870704209053855], [-92.76824466505734, 44.87070349920399], [-92.7682451986566, 44.87070278935411], [-92.76824573135757, 44.87070208014087], [-92.76824643384013, 44.87070114301173], [-92.76824729532449, 44.87070033830296], [-92.76824826191172, 44.87069943236894], [-92.7682489473263, 44.870698791912446], [-92.7682503109689, 44.87069751609247], [-92.7682511284358, 44.87069696094526], [-92.76825194680103, 44.87069640579808], [-92.76825276606458, 44.87069585065085], [-92.76825358442979, 44.87069529486696], [-92.76825494447912, 44.87069437238031], [-92.76825590747313, 44.870693901269114], [-92.76825711840212, 44.870693309196966], [-92.76825805085338, 44.87069285336501], [-92.76825897252488, 44.87069240262619], [-92.76826022297975, 44.870691790818235], [-92.76826237713978, 44.87069106377906], [-92.76826462652127, 44.870690304908024], [-92.76826600902848, 44.87068983697998], [-92.76826722714402, 44.87068952948437], [-92.7682688486031, 44.87068911949031], [-92.76827006671861, 44.87068881072144], [-92.76827128303752, 44.870688502589225], [-92.76827290719154, 44.870688091958506], [-92.76827502452066, 44.87068755591029], [-92.76827696398337, 44.87068706506329], [-92.76827818120059, 44.87068675756771], [-92.76827939841779, 44.870686448798835], [-92.7682810216735, 44.87068603816805], [-92.76828264403092, 44.870685626900666], [-92.76828426728665, 44.87068521690657], [-92.76828588964403, 44.87068480563913], [-92.76828751289976, 44.87068439500838], [-92.76828913435885, 44.87068398437758], [-92.76829100554959, 44.870683515812885], [-92.76829295938532, 44.870683026875746], [-92.76829491232274, 44.87068253857525], [-92.76829637837328, 44.87068217187242], [-92.7682978417289, 44.87068180516958], [-92.76829930777944, 44.87068143910338], [-92.76830077293165, 44.870681072400544], [-92.76830223718557, 44.87068070569765], [-92.76830330079086, 44.87068043958343], [-92.76830516838835, 44.8706799716553], [-92.76830663354058, 44.8706796055891], [-92.7683085855797, 44.870679117925214], [-92.76831005073191, 44.870678749949064], [-92.76831151498583, 44.870678383882854], [-92.76831346882157, 44.870677894945715], [-92.76831542175901, 44.87067740600853], [-92.76831737469642, 44.87067691770799], [-92.76831923420907, 44.87067641603808], [-92.76832061042808, 44.87067604551541], [-92.76832198395215, 44.8706756749927], [-92.76832335927287, 44.87067530383333], [-92.76832473369524, 44.87067493331065], [-92.76832610901594, 44.87067456215129], [-92.76832748433664, 44.87067419162856], [-92.76832885965733, 44.87067382046923], [-92.76833023407971, 44.870673449946494], [-92.76833160940042, 44.87067307942377], [-92.76833298292449, 44.87067270826443], [-92.7683343600418, 44.87067233710505], [-92.7683357344642, 44.87067196658231], [-92.76833745383965, 44.870671503747204], [-92.76833848330898, 44.870671224900214], [-92.76833985862967, 44.87067085437747], [-92.76834123484869, 44.87067048321811], [-92.76834261016938, 44.87067011269537], [-92.76834398369346, 44.870669742172616], [-92.76834535991247, 44.87066937101326], [-92.76834673523318, 44.8706690004905], [-92.76834810875725, 44.87066862996774], [-92.76834948497626, 44.87066825880832], [-92.76835086029698, 44.870667887648956], [-92.76835223382103, 44.870667517126186], [-92.76835360914173, 44.87066714660341], [-92.76835498536074, 44.87066677544404], [-92.76835636068145, 44.87066640492127], [-92.76835842500996, 44.8706658472272], [-92.76836048574523, 44.87066521250007], [-92.76836223925667, 44.870664531298395], [-92.76836320853884, 44.870664154409226], [-92.7683656555497, 44.870662797735584], [-92.76836698325967, 44.870661777206344], [-92.76836776389567, 44.87066117876744], [-92.7683712161213, 44.87065788608019], [-92.76837436112311, 44.87065488751912], [-92.76837750612492, 44.87065188832131], [-92.76838064933011, 44.87064888975994], [-92.76838379433191, 44.870645889925115], [-92.76838693933372, 44.87064289136343], [-92.76839008343723, 44.870639892164995], [-92.76839322754071, 44.870636893603], [-92.76839637254251, 44.87063389504085], [-92.768399516646, 44.870630895841884], [-92.76840266164784, 44.870627897279476], [-92.76840580575133, 44.87062489871685], [-92.76840895075313, 44.87062189888078], [-92.76841209485661, 44.870618900317844], [-92.76841351419476, 44.870617548099624], [-92.7684152084174, 44.87061588647548], [-92.76841829592703, 44.870612857990274], [-92.7684213861316, 44.87060982886827], [-92.76842447364123, 44.87060680101935], [-92.7684275620492, 44.87060377317031], [-92.76843065045712, 44.870600744684474], [-92.7684337397634, 44.870597715561836], [-92.76843682817133, 44.87059468771228], [-92.76843991568097, 44.87059165986261], [-92.76844300408891, 44.87058863137613], [-92.76844609249687, 44.8705856035261], [-92.76844918180312, 44.87058257503931], [-92.76845226931276, 44.87057954718895], [-92.7684553577207, 44.87057651806519], [-92.76845844612865, 44.87057349021456], [-92.76846106292108, 44.87057085962596], [-92.76846367881517, 44.870568230310475], [-92.76846629560761, 44.87056559972163], [-92.7684689115017, 44.87056296976925], [-92.76847152919244, 44.870560339180166], [-92.76847414598488, 44.87055770859095], [-92.76847676187897, 44.870555078638276], [-92.7684793786714, 44.87055244804877], [-92.7684819945655, 44.8705498187325], [-92.76848461135793, 44.87054718814281], [-92.76848722725204, 44.87054455755295], [-92.76848984404447, 44.87054192759966], [-92.76849245993857, 44.87053929764621], [-92.76849507673099, 44.87053666641938], [-92.76849638467804, 44.87053535239753], [-92.76849767376049, 44.87053402818944], [-92.76850025192533, 44.87053137786324], [-92.7685028300902, 44.8705287281735], [-92.76850540825508, 44.87052607975699], [-92.76850798552161, 44.87052342943037], [-92.76851056278818, 44.87052078101362], [-92.76851314185136, 44.87051813132341], [-92.76851572001623, 44.87051548099646], [-92.76851829728277, 44.870512832579294], [-92.76852087634595, 44.87051018288876], [-92.7685234536125, 44.8705075338347], [-92.76852603177737, 44.87050488414392], [-92.76852860904391, 44.87050223508962], [-92.76853118810709, 44.870499586035244], [-92.76853376537366, 44.87049693634404], [-92.76853461248497, 44.87049608579446], [-92.76853546049459, 44.87049523397155], [-92.7685363076059, 44.87049438214863], [-92.76853715471721, 44.870493531598946], [-92.76853800272684, 44.8704926810493], [-92.76853885073648, 44.870491829226346], [-92.7685396987461, 44.87049097867662], [-92.76854046680566, 44.87049020707019], [-92.76854139296873, 44.870489275667296], [-92.76854224097835, 44.87048842448094], [-92.76854308808967, 44.870487573931165], [-92.76854393520098, 44.87048672210813], [-92.76854478321061, 44.870485871558394], [-92.76854605432673, 44.87048459446045], [-92.76854721674671, 44.870483503261056], [-92.7685482677756, 44.870482516470474], [-92.76854915351446, 44.87048168438318], [-92.76855003925333, 44.870480852932516], [-92.7685509240939, 44.87048002211846], [-92.76855180893445, 44.87047919066778], [-92.76855269557164, 44.87047835921709], [-92.76855358041217, 44.87047752776638], [-92.76855446525273, 44.87047669631562], [-92.7685553509916, 44.87047586422824], [-92.76855623583216, 44.8704750327775], [-92.76855712246936, 44.87047420196335], [-92.7685580073099, 44.870473370512585], [-92.76855889304878, 44.870472539061815], [-92.7685601470969, 44.87047144276909], [-92.76856140204336, 44.87047034647634], [-92.7685626551932, 44.870469250183625], [-92.76856390924132, 44.87046815325419], [-92.76856516418776, 44.870467056961374], [-92.76856641913423, 44.8704659606686], [-92.76856733900908, 44.87046515595654], [-92.76856892723049, 44.87046376808288], [-92.76857018127863, 44.87046267178998], [-92.76857143532678, 44.870461575497124], [-92.76857269027322, 44.87046047920419], [-92.76857394342305, 44.870459382911235], [-92.76857549122028, 44.870458030052625], [-92.7685770794417, 44.87045664154214], [-92.76857904675218, 44.87045504867042], [-92.76858035829248, 44.870453986755905], [-92.76858166893449, 44.87045292420472], [-92.7685829795765, 44.870451862926814], [-92.7685845561198, 44.87045058646471], [-92.76858560355542, 44.87044973846099], [-92.76858691419743, 44.87044867590973], [-92.76858822483943, 44.87044761463174], [-92.76858953727806, 44.870446552080445], [-92.76859084881838, 44.870445490165764], [-92.76859215946037, 44.87044442761442], [-92.76859347010237, 44.87044336506306], [-92.76859478254099, 44.870442303784976], [-92.76859609408132, 44.870441241870225], [-92.76859841712464, 44.87043938988577], [-92.76860074016797, 44.870437538537885], [-92.76860306500792, 44.870435687189904], [-92.76860538894955, 44.87043383456865], [-92.7686077128912, 44.870431983220556], [-92.76861003503622, 44.87043013187244], [-92.76861235897786, 44.870428280524266], [-92.76861468291949, 44.870426429175986], [-92.76861700686113, 44.87042457655439], [-92.76861933080278, 44.87042272520604], [-92.76862165564273, 44.870420872584326], [-92.76862377746343, 44.8704191816691], [-92.76862630172938, 44.870417169887325], [-92.76862862567101, 44.87041531853869], [-92.76862978719268, 44.8704143928644], [-92.76863092086656, 44.87041344936411], [-92.76863318821434, 44.87041156300023], [-92.76863545646044, 44.87040967663624], [-92.76863772380821, 44.87040779027219], [-92.76863999025768, 44.87040590390807], [-92.76864225850377, 44.8704040169073], [-92.76864452585154, 44.87040213054308], [-92.76864679409765, 44.870400242905475], [-92.76864906144542, 44.87039835654116], [-92.76865132969151, 44.87039647017674], [-92.76865359614096, 44.870394583812256], [-92.76865586348875, 44.87039269744771], [-92.76865813173485, 44.870390811083105], [-92.76866039908262, 44.87038892408183], [-92.76866266553208, 44.87038703708045], [-92.7686637363239, 44.87038611140571], [-92.7686648062174, 44.87038518445759], [-92.7686658761109, 44.87038425814617], [-92.76866694690273, 44.87038333119807], [-92.7686680158979, 44.870382405523216], [-92.76866908668973, 44.870381478575084], [-92.76867015658325, 44.8703805522636], [-92.76867122557843, 44.870379625315394], [-92.76867229637026, 44.870378699640526], [-92.76867336626373, 44.87037777332894], [-92.76867443705555, 44.87037684638074], [-92.76867550694908, 44.870375919432526], [-92.76867657774088, 44.87037499248431], [-92.76867818213198, 44.870373602698564], [-92.76867975148879, 44.87037219381353], [-92.7686807980261, 44.87037125349581], [-92.7686818454617, 44.87037031317807], [-92.76868289289735, 44.870369373496914], [-92.76868393853633, 44.87036843381575], [-92.76868498597194, 44.87036749413461], [-92.76868603250925, 44.870366553180105], [-92.76868707814823, 44.8703656141356], [-92.76868812558386, 44.87036467445437], [-92.76868917122286, 44.87036373349987], [-92.76869021865846, 44.87036279445527], [-92.76869126609411, 44.870361854137336], [-92.7686923126314, 44.870360913182786], [-92.76869335827038, 44.87035997413814], [-92.76869442367231, 44.870359016630914], [-92.76869548907425, 44.87035805976032], [-92.7686965562728, 44.87035710225302], [-92.76869762077642, 44.87035614474575], [-92.76869868617834, 44.870355187875056], [-92.76869975158027, 44.87035423036776], [-92.7687008178805, 44.870353273497095], [-92.76870188328245, 44.87035231598971], [-92.76870294868438, 44.870351359119006], [-92.76870401408628, 44.87035040161164], [-92.76870507948821, 44.87034944474087], [-92.76870614489015, 44.87034848723347], [-92.76870721119037, 44.870347529726004], [-92.76870880929329, 44.8703460941015], [-92.76871044243045, 44.870344678849435], [-92.7687115311886, 44.87034373534805], [-92.76871262084504, 44.87034279057335], [-92.76871370870484, 44.87034184770854], [-92.76871479836127, 44.870340904207104], [-92.7687158871194, 44.87033996006901], [-92.76871697587754, 44.87033901656755], [-92.76871806463565, 44.87033807242937], [-92.7687191542921, 44.87033712892788], [-92.76872024305021, 44.87033618478972], [-92.76872133180834, 44.87033524128819], [-92.76872242056648, 44.87033429651335], [-92.76872350932459, 44.8703333536484], [-92.76872459898104, 44.870332409510176], [-92.76872648813807, 44.87033090321817], [-92.76872752569223, 44.87033007685845], [-92.76872837819342, 44.87032939692612], [-92.76873045330173, 44.87032774293333], [-92.76873215920246, 44.87032638434185], [-92.76873371598283, 44.87032514352884], [-92.76873556112244, 44.870323673525164], [-92.76873636152135, 44.870323113281216], [-92.76873798837035, 44.870321975604], [-92.76873975535649, 44.87032074115737], [-92.7687423362163, 44.87031893628045], [-92.7687440627783, 44.87031772920926], [-92.76874576867901, 44.870316536780834], [-92.76874730030657, 44.87031546531413], [-92.76874816089263, 44.87031493881208], [-92.76874900351234, 44.87031442185965], [-92.7687503114594, 44.870313620328695], [-92.76875233446543, 44.87031237951546], [-92.76875461169467, 44.870310983361776], [-92.76875566541851, 44.8703103378078], [-92.76875676136315, 44.8703096655149], [-92.76875891103161, 44.870308347668], [-92.76875977071933, 44.87030782052928], [-92.76876112987037, 44.8703070915753], [-92.76876246297026, 44.87030637662741], [-92.76876339631984, 44.87030587559093], [-92.76876597358638, 44.87030449344319], [-92.76876792921875, 44.870303444258695], [-92.76876983993537, 44.87030241926657], [-92.7687729157669, 44.870300770366164], [-92.7687748139071, 44.87029988416174], [-92.76877693033792, 44.870298896731356], [-92.76877995496547, 44.87029748402468], [-92.76878193395405, 44.87029656089506], [-92.7687843064047, 44.870295453139434], [-92.76878667885536, 44.87029434538379], [-92.76878904142455, 44.87029324335795], [-92.76879031972722, 44.87029264555186], [-92.76879140219714, 44.87029214005878], [-92.76879396239569, 44.87029094508323], [-92.76879612733553, 44.870289934733634], [-92.76879804613696, 44.8702890389794], [-92.76880037816345, 44.87028794968625], [-92.76880308299077, 44.87028649687091], [-92.76880500987704, 44.87028546296549], [-92.7688078755028, 44.87028392484017], [-92.76880984999981, 44.87028286483245], [-92.76881187031088, 44.87028178063231], [-92.76881345763398, 44.87028092753293], [-92.7688146694613, 44.87028018329925], [-92.7688164499222, 44.87027908954942], [-92.76881832201126, 44.87027794041179], [-92.76882072769958, 44.87027646276717], [-92.76882161882834, 44.87027591589222], [-92.76882286658827, 44.87027514937602], [-92.76882491654375, 44.87027389073599], [-92.7688258606731, 44.870273311392324], [-92.76882706711055, 44.8702724652959], [-92.76882807412197, 44.87027175989722], [-92.76882907933678, 44.87027105513514], [-92.76883117690298, 44.870269585766735], [-92.76883310648421, 44.87026823417691], [-92.7688342814806, 44.87026741163611], [-92.76883511871043, 44.87026682401605], [-92.76883753338191, 44.87026513182299], [-92.76883903536508, 44.87026393175375], [-92.76884060202693, 44.87026268011655], [-92.76884298795233, 44.87026077273853], [-92.76884467049686, 44.87025942878819], [-92.76884654977243, 44.87025792631408], [-92.76884842725137, 44.87025642638655], [-92.76885032449326, 44.87025476729854], [-92.76885222263346, 44.87025310693718], [-92.76885411987533, 44.870251447849064], [-92.7688560171172, 44.87024978876096], [-92.7688579152574, 44.870248130309356], [-92.76885981249927, 44.87024647122111], [-92.76886170794452, 44.87024481213285], [-92.76886360608472, 44.8702431530445], [-92.76886550422492, 44.870241493956115], [-92.7688674014668, 44.87023983486767], [-92.76886916665634, 44.87023829101135], [-92.76887119684888, 44.870236516053986], [-92.76887309409075, 44.87023485632879], [-92.76887499133262, 44.87023319724016], [-92.76887593905525, 44.87023236833243], [-92.76887686072675, 44.870231522872054], [-92.76887870317138, 44.87022983322452], [-92.76888054741266, 44.87022814294028], [-92.76888238985731, 44.870226453292645], [-92.76888423230196, 44.87022476300835], [-92.76888607474662, 44.87022307336062], [-92.76888791719125, 44.87022138371283], [-92.76888976143253, 44.870219693428346], [-92.7688916038772, 44.870218003780465], [-92.76889344722015, 44.87021631349588], [-92.7688952896648, 44.870214623847886], [-92.76889713210944, 44.870212932926556], [-92.76889897455409, 44.870211243278476], [-92.76890081879536, 44.870209553630346], [-92.76890266124002, 44.87020786334555], [-92.7689049357743, 44.870205767519636], [-92.76890721120692, 44.87020367169359], [-92.76890948753785, 44.870201575867526], [-92.76891176207216, 44.87019947940476], [-92.76891403750477, 44.87019738294188], [-92.76891631203907, 44.870195287115585], [-92.76891858747167, 44.87019319065256], [-92.76892086380262, 44.87019109418945], [-92.76892313833692, 44.87018899836292], [-92.76892541287121, 44.87018690189966], [-92.76892768830383, 44.870184806072984], [-92.76892996463476, 44.87018271024622], [-92.76893223916906, 44.870180613146076], [-92.76893345548795, 44.87017949329205], [-92.76893451460167, 44.87017851859247], [-92.76893565186883, 44.870177470042336], [-92.76893681698375, 44.870176437408276], [-92.76893914721359, 44.870174371503396], [-92.76894147654514, 44.870172306235084], [-92.76894380587666, 44.870170240330054], [-92.76894613700482, 44.87016817506161], [-92.76894846723467, 44.87016610979308], [-92.7689507965662, 44.870164043887875], [-92.76895312589774, 44.8701619786192], [-92.7689554570259, 44.870159912713795], [-92.76895778635743, 44.870157847444986], [-92.76896011658727, 44.870155782176084], [-92.76896244591882, 44.870153716270465], [-92.76896477704696, 44.87015165100142], [-92.7689671063785, 44.870149585095646], [-92.76896943571002, 44.87014751982646], [-92.76897169856623, 44.870145568516286], [-92.76897396232074, 44.87014361656935], [-92.76897622517694, 44.87014166525905], [-92.76897848803314, 44.87013971331198], [-92.76898075268598, 44.870137760728234], [-92.76898301554218, 44.87013580878108], [-92.76898527750008, 44.87013385747047], [-92.7689875421529, 44.87013190552317], [-92.76898980411077, 44.87012995357578], [-92.76899206876361, 44.87012800226502], [-92.76899432982319, 44.870126050954134], [-92.76899659357771, 44.870124097733274], [-92.76899885823052, 44.87012214642231], [-92.7690011192901, 44.87012019447457], [-92.76900225116736, 44.87011921850068], [-92.7690033938244, 44.87011824952988], [-92.7690056800368, 44.87011631095156], [-92.7690079662492, 44.87011437173652], [-92.76901025156329, 44.870112433794716], [-92.76901253777567, 44.8701104952162], [-92.76901482308975, 44.870108556637575], [-92.76901710840383, 44.87010661869558], [-92.76901939461624, 44.87010468011687], [-92.76902167993032, 44.87010274090143], [-92.7690239652444, 44.8701008029592], [-92.76902625055848, 44.870098864380296], [-92.76902853766921, 44.87009692580131], [-92.76903082208497, 44.87009498658562], [-92.76903310919569, 44.87009304864317], [-92.76903539361146, 44.870091110064], [-92.76903699800256, 44.87008974446384], [-92.76903860149532, 44.87008837950029], [-92.76904020498812, 44.87008701517337], [-92.76904181027753, 44.870085648936445], [-92.76904341377032, 44.87008428397285], [-92.7690450172631, 44.87008291964578], [-92.7690466216542, 44.87008155404547], [-92.76904822604529, 44.87008018908173], [-92.76904982863975, 44.87007882475462], [-92.76905143392916, 44.8700774585175], [-92.76905303742195, 44.870076094190324], [-92.76905464181306, 44.870074727953195], [-92.7690562444075, 44.87007336362595], [-92.76905784969692, 44.87007199866201], [-92.76905865189248, 44.870071315543406], [-92.76905944151162, 44.870070626058336], [-92.76906102344483, 44.870069247724835], [-92.76906260447971, 44.87006786939126], [-92.76906418551462, 44.870066491057685], [-92.76906576654953, 44.870065112087424], [-92.76906734938106, 44.870063733117185], [-92.76906893041595, 44.87006235605677], [-92.76907051145085, 44.87006097708642], [-92.76907209248574, 44.87005959875269], [-92.76907367441896, 44.87005822041892], [-92.76907525545388, 44.87005684144846], [-92.76907683648876, 44.87005546438789], [-92.76907841752367, 44.870054085417415], [-92.7690800003552, 44.87005270708347], [-92.7690815813901, 44.87005132811293], [-92.76908370680407, 44.87004941308814], [-92.76908583401466, 44.87004749679004], [-92.76908795942862, 44.87004558112852], [-92.76909008574088, 44.870043666103555], [-92.76909221295148, 44.87004175107852], [-92.76909433926376, 44.87003983478016], [-92.76909656888229, 44.87003782616836], [-92.7690991488438, 44.870035502417664], [-92.7691006714882, 44.87003406423881], [-92.7691020468089, 44.870032762938344], [-92.7691027349184, 44.8700321135614], [-92.76910479924695, 44.87003016352058], [-92.76910686177881, 44.870028214116296], [-92.76910892610735, 44.870026263438696], [-92.76911119076019, 44.87002412367773], [-92.76911305386608, 44.87002236399324], [-92.76911511729628, 44.87002041458875], [-92.7691171807265, 44.870018464547535], [-92.76911924325839, 44.87001651514286], [-92.76912054671388, 44.87001528387291], [-92.76912128153576, 44.870014550458684], [-92.76912194539076, 44.87001388898533], [-92.76912327399907, 44.870012564128544], [-92.76912555841483, 44.87001028621524], [-92.76912725892566, 44.87000859083141], [-92.76912925138896, 44.87000660386441], [-92.76913124475058, 44.870004616260736], [-92.76913323631557, 44.8700026292936], [-92.76913522967718, 44.870000642963056], [-92.76913722124218, 44.869998655359126], [-92.76913921370547, 44.86999666902844], [-92.76914120706708, 44.86999468206103], [-92.76914233714771, 44.86999347179985], [-92.76914346812666, 44.869992260901995], [-92.76914460000393, 44.86999105127743], [-92.7691459510701, 44.869989604821036], [-92.76914686286011, 44.86998862948159], [-92.76914799383906, 44.86998741922029], [-92.76914912571631, 44.869986208958956], [-92.7691504767825, 44.86998476250244], [-92.76915138677589, 44.86998378779957], [-92.7691521404624, 44.8699829805342], [-92.76915355710561, 44.86998132525819], [-92.76915461891429, 44.86998008380114], [-92.7691554606357, 44.86997910018515], [-92.76915674253159, 44.8699776002503], [-92.76915780434027, 44.86997635815652], [-92.76915886704725, 44.8699751160627], [-92.76915969439563, 44.86997414836277], [-92.7691609906646, 44.86997263314836], [-92.76916240551115, 44.86997097723539], [-92.76916306577289, 44.869970129224555], [-92.7691640305635, 44.86996889158714], [-92.76916504835474, 44.86996758710197], [-92.76916603829817, 44.86996631635898], [-92.76916703003825, 44.869965044979324], [-92.76916801998168, 44.86996377359958], [-92.76916901082345, 44.86996250285652], [-92.76917000076688, 44.86996123084011], [-92.76917099250696, 44.86995996009695], [-92.76917198334873, 44.869958689353794], [-92.76917290142694, 44.869957431980104], [-92.76917381860684, 44.869956175243075], [-92.76917473578673, 44.869954919779296], [-92.76917565476327, 44.86995366240557], [-92.76917657194319, 44.86995240566842], [-92.7691774900214, 44.869951150204564], [-92.76917840720131, 44.86994989283075], [-92.76917932527952, 44.86994863736683], [-92.76918024335775, 44.869947380629576], [-92.76918116143597, 44.869946124529], [-92.76918207861588, 44.86994486715503], [-92.76918299759241, 44.869943610417735], [-92.76918391477233, 44.86994235495367], [-92.76918529188966, 44.86994046984763], [-92.76918663127775, 44.86993857137192], [-92.76918752330481, 44.86993730635811], [-92.76918841712852, 44.869936041344225], [-92.76918931095224, 44.8699347756937], [-92.76919020477595, 44.86993351067976], [-92.76919109859963, 44.869932243755855], [-92.76919199062672, 44.869930978741905], [-92.76919288445045, 44.86992971309122], [-92.76919377647751, 44.86992844807721], [-92.76919467030122, 44.869927183063126], [-92.76919556412493, 44.86992591741241], [-92.7691964570503, 44.869924651761664], [-92.76919735087402, 44.869923386747494], [-92.76919824379942, 44.86992212109669], [-92.76919940442278, 44.86992046900211], [-92.76920056594442, 44.869918817544196], [-92.76920172746608, 44.86991716608618], [-92.76920288808942, 44.86991551462812], [-92.7692040505094, 44.8699138625334], [-92.76920521113276, 44.869912211711906], [-92.76920637175611, 44.8699105596171], [-92.76920753327778, 44.86990890752219], [-92.76920869479943, 44.86990725606394], [-92.7692098563211, 44.86990560396894], [-92.76921101694445, 44.8699039531472], [-92.7692121775678, 44.86990230105216], [-92.76921333998776, 44.86990064959366], [-92.76921450061111, 44.86989899813518], [-92.7692150818211, 44.869898171769265], [-92.76921567470919, 44.86989735049649], [-92.76921685958706, 44.86989570858756], [-92.76921804536322, 44.869894065405276], [-92.76921923203771, 44.869892421586336], [-92.76922041691557, 44.86989078031388], [-92.76922160359005, 44.86988913649484], [-92.76922278936625, 44.86988749331237], [-92.76922397514241, 44.86988585076655], [-92.76922516091858, 44.86988420822064], [-92.76922634759309, 44.86988256440137], [-92.76922753336925, 44.86988092185542], [-92.76922871914545, 44.869879279309366], [-92.7692299049216, 44.86987763676326], [-92.76923109069777, 44.869875993580465], [-92.76923227647396, 44.86987435103432], [-92.76923395812018, 44.86987208457513], [-92.76923563976638, 44.86986981684263], [-92.7692373223109, 44.86986754911], [-92.76923900485544, 44.86986528265058], [-92.76924068650165, 44.86986301491777], [-92.76924236814786, 44.86986074782152], [-92.76924404979407, 44.869858481361845], [-92.7692457323386, 44.86985621362876], [-92.76924741488314, 44.869853946532245], [-92.76924909652932, 44.86985167943564], [-92.76925077907386, 44.86984941170233], [-92.76925246072007, 44.86984714524217], [-92.7692541432646, 44.869844877508676], [-92.76925582491083, 44.869842611048384], [-92.76925666573392, 44.86984147654485], [-92.76925750745534, 44.86984034331467], [-92.76925918910156, 44.86983807558087], [-92.76926087164608, 44.8698358091203], [-92.7692625532923, 44.86983354138633], [-92.7692642349385, 44.869831274925566], [-92.76926591748303, 44.86982900719142], [-92.76926759912925, 44.86982674073049], [-92.76926928167377, 44.86982447299621], [-92.76927096421831, 44.869822205261784], [-92.7692726449662, 44.86981993880058], [-92.76927432751071, 44.86981767106599], [-92.76927601005525, 44.86981540396795], [-92.76927769170146, 44.86981313750648], [-92.76927937424598, 44.86981086977161], [-92.76928105589221, 44.86980860203666], [-92.76928191468161, 44.86980742869707], [-92.76928277436934, 44.869806255357474], [-92.76928363226044, 44.86980508265445], [-92.76928449104986, 44.869803909951465], [-92.76928535073758, 44.869802735338475], [-92.76928620862867, 44.86980156263542], [-92.76928706741808, 44.86980038865905], [-92.76928792710581, 44.86979921531926], [-92.76928878499692, 44.86979804134283], [-92.76928964468463, 44.86979686800303], [-92.76929050347404, 44.86979569466322], [-92.76929136316177, 44.86979452068671], [-92.76929222105286, 44.86979334798345], [-92.76929307984229, 44.869792174643564], [-92.76929372393433, 44.869791294161125], [-92.7692947974211, 44.86978982732706], [-92.76929565710883, 44.86978865398705], [-92.76929651589823, 44.86978748128372], [-92.76929737468765, 44.869786306670385], [-92.76929823347706, 44.86978513396697], [-92.76929909226646, 44.86978395999026], [-92.7692999519542, 44.86978278601351], [-92.7693008098453, 44.86978161331007], [-92.76930166863471, 44.869780439333276], [-92.76930252832244, 44.86977926599312], [-92.76930338711185, 44.86977809201629], [-92.76930424500294, 44.8697769193127], [-92.76930510469067, 44.86977574597247], [-92.7693059634801, 44.86977457199556], [-92.7693065051642, 44.8697737761869], [-92.76930704864495, 44.86977297910493], [-92.76930758943075, 44.86977218265959], [-92.7693081338098, 44.86977138557763], [-92.76930867549393, 44.86977058913227], [-92.76930921807636, 44.8697697920503], [-92.76930975976046, 44.869768995604915], [-92.76931030413952, 44.86976819852287], [-92.76931084582364, 44.86976740207747], [-92.7693113884061, 44.86976660499544], [-92.76931193009021, 44.86976580855002], [-92.76931247446926, 44.86976501146798], [-92.76931301615339, 44.86976421502253], [-92.76931389560404, 44.86976292199237], [-92.76931464300236, 44.86976182313954], [-92.7693151864831, 44.86976102733071], [-92.76931572906553, 44.869760230885255], [-92.76931627074966, 44.86975943380309], [-92.76931681333208, 44.86975863608429], [-92.76931735681282, 44.8697578390021], [-92.76931789939526, 44.86975704319322], [-92.76931844107939, 44.869756246747656], [-92.76931898366182, 44.86975544966548], [-92.76931952624425, 44.869754651946636], [-92.76932006972498, 44.869753856137706], [-92.76932061140911, 44.86975305969211], [-92.76932115399153, 44.86975226324649], [-92.76932169657397, 44.86975146616422], [-92.76932358034112, 44.869748535040586], [-92.76932546320995, 44.86974560391676], [-92.76932734697711, 44.86974267406606], [-92.76932922984595, 44.86973974230528], [-92.76933111361309, 44.86973681245432], [-92.76933299738025, 44.8697338813299], [-92.76933488024909, 44.86973095084199], [-92.76933676401623, 44.86972801971728], [-92.76933864688506, 44.869725089229064], [-92.76934053065222, 44.86972215810405], [-92.76934241352104, 44.8697192276155], [-92.76934429728821, 44.86971629712683], [-92.76934618015704, 44.86971336600137], [-92.76934806392418, 44.86971043551242], [-92.76934900625693, 44.86970896931289], [-92.76934994769132, 44.869707504386646], [-92.76935183056017, 44.8697045738974], [-92.76935371432734, 44.86970164277134], [-92.76935559719617, 44.86969871228178], [-92.76935748096331, 44.86969578115542], [-92.76935936473045, 44.869692850665565], [-92.76936124759929, 44.869689920175524], [-92.76936313136646, 44.869686989048716], [-92.76936501423529, 44.86968405855842], [-92.76936689800243, 44.86968112679465], [-92.7693687826679, 44.86967819694072], [-92.76937066463842, 44.86967526517664], [-92.7693725493039, 44.86967233468575], [-92.76937443127441, 44.86966940483136], [-92.76937631593987, 44.86966647370351], [-92.76937790595794, 44.869663934114115], [-92.7693794968743, 44.86966139388798], [-92.76938108779068, 44.869658854935004], [-92.76938267870703, 44.869656314071946], [-92.76938426872509, 44.86965377575541], [-92.76938585964146, 44.869651234892174], [-92.76938745055783, 44.869648695938764], [-92.76938904147418, 44.869646156348566], [-92.76939063239057, 44.86964361612166], [-92.76939222240861, 44.869641076531245], [-92.76939381422329, 44.86963853694072], [-92.76939540424134, 44.86963599735012], [-92.76939699515772, 44.869633457122724], [-92.76939858607409, 44.86963091880517], [-92.76939938108312, 44.86962964805476], [-92.76940015902414, 44.86962837348436], [-92.76940171490621, 44.86962582243364], [-92.7694032716866, 44.869623272656085], [-92.76940482756868, 44.869620721605095], [-92.76940638434907, 44.86961817119065], [-92.76940794023113, 44.869615620776095], [-92.76940949701152, 44.869613069724814], [-92.76941105289359, 44.86961051994669], [-92.76941260967398, 44.86960796953179], [-92.76941416555606, 44.86960541848012], [-92.76941572233645, 44.869602868701655], [-92.76941727821851, 44.86960031764981], [-92.7694188349989, 44.86959776787112], [-92.76942039088097, 44.869595218092314], [-92.76942194766136, 44.86959266704009], [-92.76942300138519, 44.869590883149776], [-92.76942405600734, 44.86958909862269], [-92.76942510973117, 44.8695873140956], [-92.76942616255667, 44.86958553020512], [-92.76942721717883, 44.86958374631453], [-92.76942827090265, 44.86958196178727], [-92.7694293255248, 44.86958017789662], [-92.76943037924862, 44.86957839400592], [-92.76943143297245, 44.86957660947845], [-92.76943248759459, 44.86957482495098], [-92.76943354131842, 44.86957304106011], [-92.76943459594057, 44.86957125653252], [-92.76943564876608, 44.86956947264149], [-92.7694367024899, 44.8695676881138], [-92.76943722980097, 44.86956679616823], [-92.76943773914573, 44.86956589912952], [-92.76943875783527, 44.86956410505196], [-92.76943977832144, 44.86956231033767], [-92.76944079701097, 44.86956051626004], [-92.7694418157005, 44.86955872090899], [-92.76944283528833, 44.869556926831244], [-92.76944385397788, 44.8695551327534], [-92.7694448726674, 44.869553338675495], [-92.76944589315357, 44.86955154332427], [-92.76944691184309, 44.869549749246254], [-92.76944793143095, 44.86954795516818], [-92.76944895012048, 44.869546161090064], [-92.76944996881002, 44.86954436637526], [-92.76945098749955, 44.869542572297036], [-92.76945200708741, 44.869540778218735], [-92.76945255236478, 44.869539755123014], [-92.76945309584552, 44.869538732663834], [-92.76945364022458, 44.86953771084135], [-92.76945418550197, 44.86953668774552], [-92.76945472898271, 44.869535665286335], [-92.76945527336177, 44.86953464219048], [-92.76945581774083, 44.86953362036792], [-92.76945648159582, 44.86953237380802], [-92.76945690739727, 44.86953157544943], [-92.76945745177632, 44.86953055235349], [-92.76945799615541, 44.869529529894194], [-92.76945854053446, 44.869528508071504], [-92.76945908491352, 44.869527484975514], [-92.76945990148211, 44.86952595192312], [-92.76946065337201, 44.8695244016812], [-92.76946109085155, 44.86952349700199], [-92.76946165499355, 44.869522334479576], [-92.76946215535516, 44.86952129992383], [-92.76946265751342, 44.86952026664129], [-92.76946315787502, 44.86951923335877], [-92.76946365913496, 44.86951819880292], [-92.76946415949655, 44.86951716615704], [-92.7694646616548, 44.86951613160114], [-92.76946516201642, 44.86951509895521], [-92.76946566327635, 44.869514065035936], [-92.76946616363797, 44.869513031116654], [-92.7694666657962, 44.86951199783397], [-92.76946716615782, 44.8695109645513], [-92.76946863131005, 44.869507736099884], [-92.76947009556396, 44.86950450955827], [-92.76947155891956, 44.869501281743105], [-92.7694730249701, 44.869498054564474], [-92.7694744883257, 44.86949482674898], [-92.76947595257961, 44.86949159893334], [-92.76947741773184, 44.869488371754144], [-92.76947888198575, 44.86948514393813], [-92.76948034623967, 44.869481916121885], [-92.76948181139188, 44.86947868894215], [-92.76948327564581, 44.86947546112559], [-92.76948473989972, 44.86947223330884], [-92.76948620505196, 44.86946900612858], [-92.76948766930586, 44.86946577958474], [-92.76948840143282, 44.86946416503947], [-92.76948911200022, 44.86946254667426], [-92.76949053133836, 44.86945930930701], [-92.76949195157482, 44.86945607193959], [-92.76949337270959, 44.86945283457202], [-92.76949479294606, 44.86944959720423], [-92.76949621408086, 44.86944635919964], [-92.7694976343173, 44.86944312183149], [-92.76949905545209, 44.86943988446315], [-92.76950047568856, 44.86943664709467], [-92.76950189592503, 44.86943340972597], [-92.7695033170598, 44.869430172357085], [-92.76950473729626, 44.86942693562468], [-92.76950615843103, 44.86942369761882], [-92.7695075786675, 44.86942045961273], [-92.76950899800566, 44.86941722224316], [-92.76951012089977, 44.86941450820041], [-92.76951124379387, 44.86941179415756], [-92.76951236578965, 44.8694090807512], [-92.76951348868376, 44.869406366071445], [-92.76951460978123, 44.86940365139156], [-92.76951573267533, 44.869400938621474], [-92.76951685467112, 44.86939822457794], [-92.76951797756523, 44.86939550926101], [-92.76951909956101, 44.86939279521727], [-92.76952022155682, 44.86939008117335], [-92.76952122317836, 44.869387661898884], [-92.76952246734503, 44.86938465244857], [-92.7695235884425, 44.86938193840428], [-92.7695247113366, 44.8693792243599], [-92.76952527278367, 44.86937786765598], [-92.76952578931494, 44.869376501402265], [-92.76952682237751, 44.86937377016799], [-92.76952785633841, 44.869371038296975], [-92.76952888940099, 44.86936830515255], [-92.76952992336187, 44.86936557391788], [-92.76953095642446, 44.86936284204648], [-92.76953198948705, 44.8693601108116], [-92.76953302344793, 44.86935737830328], [-92.76953405651051, 44.869354645794814], [-92.76953509047141, 44.86935191328622], [-92.76953612263566, 44.86934918205083], [-92.76953715569823, 44.86934644954198], [-92.76953818965912, 44.86934371766967], [-92.7695392227217, 44.869340986433876], [-92.7695402566826, 44.869338253924646], [-92.76954055492327, 44.869337295763756], [-92.76954085226564, 44.86933633887614], [-92.76954126549066, 44.86933501018388], [-92.76954174608933, 44.86933346439334], [-92.76954204343168, 44.86933250623238], [-92.76954245665672, 44.869331176903366], [-92.7695429381537, 44.869329631112734], [-92.7695432363944, 44.8693286729517], [-92.76954372956949, 44.869327082595326], [-92.76954412931978, 44.86932579846852], [-92.76954457578249, 44.869324362181835], [-92.76954488570125, 44.8693229067956], [-92.76954509321209, 44.86932193653806], [-92.7695452998246, 44.869320966917165], [-92.76954547948765, 44.86932012589995], [-92.76954571394795, 44.86931902576539], [-92.76954592056046, 44.86931805550778], [-92.76954619454662, 44.869316774564], [-92.76954654219463, 44.869315144734905], [-92.76954674880714, 44.869314174477246], [-92.76954695631798, 44.86931320358289], [-92.7695471629305, 44.86931223459852], [-92.769547369543, 44.869311263704176], [-92.76954757705384, 44.8693102940831], [-92.7695477091062, 44.869309165935626], [-92.76954784295516, 44.869308037151505], [-92.76954794536312, 44.86930717066801], [-92.76954810975481, 44.869305777673254], [-92.76954825168862, 44.8693045724908], [-92.76954837655444, 44.86930352010481], [-92.76954851040342, 44.86930239132058], [-92.76954861640463, 44.86930148663789], [-92.76954886523797, 44.869299380592494], [-92.76954890117058, 44.869297870453515], [-92.7695489380015, 44.869296358404554], [-92.76954898291727, 44.869294472004015], [-92.76954901615493, 44.86929310638495], [-92.76954903681617, 44.86929220488538], [-92.76954906466395, 44.869291072917655], [-92.7695490853252, 44.86929023508327], [-92.76954912844435, 44.86928843017403], [-92.76954905478249, 44.869287366328045], [-92.7695489972903, 44.86928654377323], [-92.76954891823857, 44.86928541307872], [-92.76954885535649, 44.86928449884596], [-92.76954876193172, 44.869283149779655], [-92.76954866850691, 44.869281823632775], [-92.7695486038282, 44.86928088648046], [-92.7695485256748, 44.86927975451252], [-92.76954844662305, 44.869278623181216], [-92.76954836757129, 44.86927749184988], [-92.76954823821389, 44.86927591931838], [-92.76954810705986, 44.8692743474235], [-92.76954797770246, 44.86927277616523], [-92.76954787798947, 44.86927157543864], [-92.76954771719102, 44.86926963173859], [-92.7695475869353, 44.869268059843535], [-92.76954744949306, 44.86926640136369], [-92.76954732642389, 44.8692649160533], [-92.76954719706649, 44.869263343521446], [-92.76954710903158, 44.86926229686458], [-92.76954708208213, 44.86926052569705], [-92.76954705243772, 44.86925862274242], [-92.76954702818323, 44.86925704830041], [-92.76954700213206, 44.86925530005223], [-92.76954697967419, 44.86925389814308], [-92.76954695541967, 44.86925232433761], [-92.76954693206348, 44.869250749258796], [-92.76954691140222, 44.86924946003703], [-92.76954687457129, 44.86924707513587], [-92.76954692936852, 44.86924602720542], [-92.76954702458994, 44.86924419364546], [-92.76954709196359, 44.8692428795941], [-92.76954717371028, 44.869241306424975], [-92.76954725545698, 44.869239731982546], [-92.76954732462725, 44.86923840010478], [-92.76954741805204, 44.869236585007485], [-92.76954749979873, 44.86923501120158], [-92.76954758244374, 44.86923343739559], [-92.76954766419043, 44.869231864226265], [-92.76954785912484, 44.86922993644119], [-92.76954805405926, 44.86922800801937], [-92.76954824899366, 44.869226080870824], [-92.76954844392809, 44.869224152448886], [-92.7695486388625, 44.869222225300206], [-92.76954883469524, 44.86922029687814], [-92.76954902962967, 44.869218369092664], [-92.76954922456407, 44.86921644067047], [-92.76954941949849, 44.869214513521534], [-92.76954961443292, 44.86921258509921], [-92.76954980936733, 44.86921065731348], [-92.76954989291065, 44.86920983539423], [-92.76955000430175, 44.869208729527685], [-92.76955020013449, 44.86920680110517], [-92.76955039506889, 44.86920487268258], [-92.76955049298526, 44.86920390942627], [-92.76955062054601, 44.86920294616993], [-92.76955087476925, 44.86920102347709], [-92.76955113078911, 44.86919909823759], [-92.76955138501233, 44.86919717363468], [-92.76955164013388, 44.86919524966832], [-92.76955189615373, 44.86919332570195], [-92.76955215037697, 44.86919139982552], [-92.76955240549849, 44.86918947713231], [-92.76955266151835, 44.869187551892416], [-92.76955291574157, 44.86918562792579], [-92.76955317086312, 44.86918370332243], [-92.76955342688298, 44.86918177808234], [-92.7695536811062, 44.86917985411548], [-92.76955393712605, 44.86917793014859], [-92.76955419134929, 44.86917600554497], [-92.76955440335168, 44.869174368708684], [-92.76955461625242, 44.86917273123569], [-92.76955482915312, 44.86917109503599], [-92.76955504115554, 44.86916945756295], [-92.76955525405627, 44.86916782199975], [-92.76955546605866, 44.86916618452662], [-92.76955567895939, 44.869164547690055], [-92.76955589186011, 44.86916291021678], [-92.76955610386251, 44.86916127338012], [-92.76955628711885, 44.86915986764875], [-92.76955652786734, 44.869157999706665], [-92.76955674076807, 44.86915636286992], [-92.76955695366878, 44.86915472539642], [-92.7695571656712, 44.86915308855953], [-92.76955727257072, 44.8691522704594], [-92.7695573480292, 44.869151449812655], [-92.76955750164112, 44.8691498097924], [-92.76955765345637, 44.86914816977209], [-92.76955780616998, 44.86914652975178], [-92.76955795888358, 44.86914488845806], [-92.76955811069887, 44.86914324843766], [-92.76955826341246, 44.869141608417166], [-92.76955841522776, 44.86913996775997], [-92.76955856883966, 44.86913832773943], [-92.76955872065496, 44.869136686445465], [-92.76955887247023, 44.8691350470615], [-92.76955902608215, 44.8691334064041], [-92.76955917789742, 44.86913176638334], [-92.76955933061102, 44.86913012636257], [-92.7695594824263, 44.869128486341694], [-92.76955954261344, 44.86912732699465], [-92.76955960100392, 44.869126167010855], [-92.76955966029273, 44.869125008300415], [-92.76955971868323, 44.86912384895329], [-92.76955977797203, 44.8691226896061], [-92.76955983636253, 44.86912152898565], [-92.76955989654965, 44.86912037091174], [-92.76955994056709, 44.86911948341585], [-92.76956001422896, 44.869118052217225], [-92.76956007261946, 44.86911689223329], [-92.76956013190826, 44.86911573288601], [-92.76956019029875, 44.869114572902035], [-92.76956024958756, 44.86911341419136], [-92.76956033852078, 44.86911167485194], [-92.76956034480897, 44.86910993551251], [-92.76956034930056, 44.86910877425508], [-92.7695603528938, 44.869107614270966], [-92.76956035648709, 44.86910645428683], [-92.76956036097864, 44.869105293665996], [-92.76956036636855, 44.869104134318476], [-92.76956036996181, 44.86910297433426], [-92.76956037355507, 44.869101813713364], [-92.76956037804665, 44.86910065372911], [-92.7695603816399, 44.8690994943815], [-92.76956038523318, 44.869098333760526], [-92.76956039062306, 44.86909717313953], [-92.76956039511464, 44.869096013155186], [-92.7695603987079, 44.869094853170814], [-92.7695603996062, 44.8690935537591], [-92.76956040140284, 44.86909225498403], [-92.76956040230115, 44.86909095557221], [-92.76956040499611, 44.86908965679707], [-92.76956040589442, 44.86908835802186], [-92.76956040769105, 44.869087058610006], [-92.76956040858937, 44.86908575919812], [-92.76956040948768, 44.86908417902154], [-92.7695604112843, 44.86908316037422], [-92.76956041218261, 44.86908186223552], [-92.76956041397925, 44.86908056282351], [-92.76956041487757, 44.86907926341148], [-92.7695604157759, 44.86907796336275], [-92.76956041936914, 44.86907601583622], [-92.76956050381078, 44.869074067672955], [-92.76956055231982, 44.869072945250785], [-92.7695606161002, 44.86907147075852], [-92.76956067179574, 44.869070173256226], [-92.76956072838959, 44.869068873843915], [-92.76956078408516, 44.86906757506828], [-92.7695608397807, 44.86906627629258], [-92.76956089637454, 44.86906497879016], [-92.76956095207011, 44.86906368001445], [-92.76956100956228, 44.86906238060203], [-92.76956106525785, 44.86906108246287], [-92.7695611218517, 44.869059783687014], [-92.76956117754725, 44.86905848491118], [-92.76956123414111, 44.86905718677193], [-92.76956135002379, 44.86905609299887], [-92.76956146680477, 44.86905499858916], [-92.76956158358576, 44.869053905452716], [-92.76956172821451, 44.8690525519244], [-92.76956181714773, 44.86905171726982], [-92.7695619330304, 44.86905062286002], [-92.7695620498114, 44.86904952781351], [-92.76956219354183, 44.869048174285076], [-92.76956228247504, 44.869047339630434], [-92.76956240015436, 44.86904624522057], [-92.76956251603703, 44.86904515208395], [-92.76956263371632, 44.86904405767399], [-92.76956271636132, 44.86904328031826], [-92.76956292477047, 44.86904132260409], [-92.76956323648588, 44.86903969276716], [-92.76956343321692, 44.86903866329597], [-92.76956365330417, 44.869037517953466], [-92.76956386171332, 44.86903642990997], [-92.76956407012246, 44.869035343139686], [-92.76956431626085, 44.86903405645976], [-92.76956448604244, 44.86903316832588], [-92.76956469445157, 44.86903208155553], [-92.76956490286072, 44.86903099414855], [-92.76956511126987, 44.86902990674156], [-92.76956531967903, 44.86902881933458], [-92.76956552718987, 44.86902773256416], [-92.769565735599, 44.86902664515709], [-92.76956594400815, 44.86902555838668], [-92.76956626291006, 44.869024397764214], [-92.769566581812, 44.869023236505114], [-92.76956690071391, 44.86902207588261], [-92.76956721961585, 44.86902091462341], [-92.7695674693475, 44.869020004843065], [-92.76956785831801, 44.86901859337833], [-92.76956817721995, 44.86901743275573], [-92.76956849612186, 44.869016271496434], [-92.76956885814293, 44.869014952983306], [-92.76956913392571, 44.8690139496145], [-92.76956945282765, 44.86901278835515], [-92.76956977083125, 44.869011627732476], [-92.7695700897332, 44.869010466473064], [-92.76957031521032, 44.86900964964424], [-92.76957056853523, 44.86900872585725], [-92.76957118208456, 44.869007006251024], [-92.76957159171633, 44.86900585899794], [-92.76957211094258, 44.86900440169366], [-92.76957240828492, 44.86900356640171], [-92.76957281701839, 44.86900241978528], [-92.76957322665015, 44.86900127380544], [-92.76957363538361, 44.86900012655224], [-92.76957397764174, 44.86899916392912], [-92.76957445285052, 44.86899783331911], [-92.76957486158396, 44.868996686702566], [-92.76957527031743, 44.868995540722565], [-92.76957567994918, 44.86899439346931], [-92.76957608868265, 44.86899324685264], [-92.76957649651779, 44.86899210087261], [-92.76957709210082, 44.868990762622595], [-92.76957768858216, 44.868989425009175], [-92.76957814582465, 44.868988396810366], [-92.76957887974824, 44.86898674787228], [-92.76957947533127, 44.86898540962214], [-92.76957993257375, 44.86898438142325], [-92.76958066649735, 44.86898273248505], [-92.7695813528102, 44.86898119050501], [-92.76958185676509, 44.86898005725784], [-92.76958225471876, 44.868979164666555], [-92.76958325274704, 44.868977321548186], [-92.76958390941552, 44.86897610808233], [-92.76958461818627, 44.86897479784479], [-92.76958521556593, 44.868973695156974], [-92.76958603752442, 44.86897217736959], [-92.76958674629518, 44.86897086713197], [-92.76958731672538, 44.86896981282993], [-92.7695881638367, 44.86896824792987], [-92.76958910886438, 44.86896650094625], [-92.7695896568367, 44.86896564973737], [-92.76959047610023, 44.86896437324232], [-92.76959141663635, 44.86896290893379], [-92.76959211552563, 44.8689618196155], [-92.7695929365858, 44.868960543120416], [-92.76959368757738, 44.86895937422011], [-92.7695945760112, 44.868957988856764], [-92.76959539707137, 44.86895671236159], [-92.7695962163349, 44.86895543522972], [-92.76959703559844, 44.86895415873443], [-92.76959818723863, 44.86895259765391], [-92.76959933798052, 44.86895103721], [-92.76960049051903, 44.868949476129394], [-92.76960104118629, 44.8689487286952], [-92.7696016412609, 44.86894791632208], [-92.7696027929011, 44.868946355878045], [-92.76960394364298, 44.868944794797315], [-92.76960504677415, 44.868943298655466], [-92.76960624602506, 44.868941672635714], [-92.76960739856356, 44.86894011219151], [-92.7696081657248, 44.868939072532015], [-92.76960913410869, 44.868937901084664], [-92.76960984108281, 44.868937046692075], [-92.76961109692759, 44.86893552763039], [-92.76961235277234, 44.86893400856867], [-92.76961350441253, 44.868932615564844], [-92.76961486625852, 44.86893096980849], [-92.76961612210329, 44.86892945074665], [-92.7696176276797, 44.868927630546324], [-92.76961863469113, 44.86892641198617], [-92.76962031004913, 44.86892438741913], [-92.76962121555094, 44.868923404421714], [-92.76962240492038, 44.868922114556], [-92.76962393295467, 44.86892045670281], [-92.76962529120739, 44.86891898157002], [-92.7696268902086, 44.86891724668134], [-92.76962800771281, 44.86891603321422], [-92.76962936686384, 44.8689145593546], [-92.76963072511654, 44.86891308549494], [-92.76963208336926, 44.86891161227191], [-92.76963344162195, 44.868910137138826], [-92.76963492923208, 44.86890866009578], [-92.76963641684219, 44.868907182416], [-92.76963790445231, 44.86890570473625], [-92.76963939385904, 44.868904226419744], [-92.76964088236745, 44.86890274810324], [-92.76964236997757, 44.868901270423315], [-92.76964416211656, 44.868899490331486], [-92.76964534699442, 44.86889831379008], [-92.76964683550284, 44.86889683674672], [-92.76964832311296, 44.86889535906669], [-92.7696498125197, 44.86889388074992], [-92.76965130012982, 44.86889240243315], [-92.76965278773993, 44.8688909260263], [-92.76965427624835, 44.86888944707279], [-92.76965501915508, 44.868888708550976], [-92.76965579889274, 44.86888798849222], [-92.76965735746978, 44.868886547101354], [-92.76965891514848, 44.86888510634717], [-92.7696604737255, 44.868883665592904], [-92.7696620314042, 44.86888222547526], [-92.7696635899812, 44.86888078408425], [-92.76966514855823, 44.868879343329866], [-92.76966670803357, 44.86887790193884], [-92.76966826481394, 44.868876461184385], [-92.76966982428928, 44.86887501979323], [-92.76967138106967, 44.868873579038706], [-92.76967294054501, 44.868872138920814], [-92.76967449912203, 44.868870697529594], [-92.76967605680073, 44.86886925677497], [-92.76967761537774, 44.868867816020305], [-92.76967883978148, 44.86886667258441], [-92.76968006418521, 44.868865529785154], [-92.76968129038556, 44.868864386349216], [-92.76968251478931, 44.86886324291325], [-92.76968374009135, 44.86886209947727], [-92.7696847893236, 44.86886111902546], [-92.76968619069544, 44.86885981260522], [-92.76968741509918, 44.868858668532496], [-92.76968864129954, 44.86885752509642], [-92.76968986570328, 44.868856381660315], [-92.769691090107, 44.86885523886086], [-92.76969214023757, 44.86885425840894], [-92.76969353981278, 44.86885295198855], [-92.76969537866418, 44.86885123683425], [-92.76969710971771, 44.868849466927415], [-92.76969826495119, 44.8688482872017], [-92.7696991713513, 44.86884736086553], [-92.76970057272314, 44.86884592838686], [-92.76970172705828, 44.868844747387726], [-92.76970288229172, 44.86884356702526], [-92.76970403483024, 44.868842387299416], [-92.76970519096203, 44.86884120693693], [-92.76970634439884, 44.86884002848433], [-92.76970750053061, 44.86883884812176], [-92.76970865396743, 44.8688376677592], [-92.76970980830258, 44.86883648803324], [-92.76971096263773, 44.868835307670594], [-92.76971211787118, 44.86883412794458], [-92.76971316081521, 44.86883298450802], [-92.76971420465757, 44.868831840434765], [-92.76971524939826, 44.86883069699816], [-92.76971629413893, 44.8688295529249], [-92.76971733798129, 44.86882840885158], [-92.76971838272196, 44.868827264778226], [-92.76971942656432, 44.86882612134153], [-92.769720471305, 44.86882497726813], [-92.76972151514737, 44.86882383319477], [-92.76972255988804, 44.86882268912133], [-92.76972360283209, 44.86882154568454], [-92.76972464757276, 44.86882040224772], [-92.76972569141512, 44.868819257537595], [-92.76972673615579, 44.868818114100726], [-92.76972751948674, 44.86881725652307], [-92.76972882473883, 44.868815825953604], [-92.7697298694795, 44.86881468188005], [-92.76973091332187, 44.868813538443106], [-92.76973195806254, 44.86881239436946], [-92.7697330019049, 44.8688112502958], [-92.76973404484895, 44.86881010685878], [-92.76973509048794, 44.86880896278507], [-92.76973613522861, 44.86880781871138], [-92.76973717817266, 44.86880667527429], [-92.76973822381164, 44.868805531200515], [-92.76973926675569, 44.86880438776338], [-92.76974031059805, 44.868803243689555], [-92.76974135533872, 44.86880209961575], [-92.76974239918108, 44.86880095617855], [-92.7697433756498, 44.868799888503595], [-92.76974435211851, 44.86879882082862], [-92.76974532858723, 44.868797752516954], [-92.76974630415764, 44.86879668547861], [-92.76974728152466, 44.8687956171669], [-92.76974825709506, 44.86879454949185], [-92.76974923356377, 44.86879348181677], [-92.76975021003248, 44.86879241414168], [-92.76975118560289, 44.868791346466566], [-92.76975216296991, 44.86879027815477], [-92.76975313854031, 44.86878921111628], [-92.76975411590735, 44.868788143441115], [-92.76975509147775, 44.86878707512924], [-92.76975606884477, 44.868786007454034], [-92.7697568009717, 44.868785206538455], [-92.7697580217822, 44.86878387083025], [-92.76975899735258, 44.86878280442827], [-92.76975997471962, 44.868781736752986], [-92.76976095029003, 44.868780669077665], [-92.76976192765706, 44.868779600129045], [-92.76976290322744, 44.86877853245369], [-92.76976387879785, 44.868777464778326], [-92.76976485616487, 44.86877639710293], [-92.76976583173527, 44.868775329427514], [-92.76976680820398, 44.86877426175208], [-92.7697677846727, 44.868773193439964], [-92.76976876114142, 44.868772125764494], [-92.76976973761013, 44.86877105872567], [-92.76977071318053, 44.86876999041349], [-92.76977140847656, 44.86876927417322], [-92.7697721046709, 44.86876855856956], [-92.76977279996693, 44.86876784232927], [-92.76977349616128, 44.8687671267256], [-92.7697741914573, 44.868766410485286], [-92.76977488765165, 44.8687656936083], [-92.76977558294767, 44.86876497736793], [-92.76977627914202, 44.86876426176427], [-92.76977697533638, 44.868763545523876], [-92.7697776706324, 44.86876282864686], [-92.76977836682676, 44.86876211304311], [-92.76977906212277, 44.868761396802746], [-92.76977975831713, 44.86876067992569], [-92.76978088839776, 44.8687595161146], [-92.76978184510354, 44.86875853184108], [-92.76978254129789, 44.868757816237334], [-92.76978323659391, 44.86875709999686], [-92.76978393278826, 44.868756383119766], [-92.76978462808428, 44.86875566687932], [-92.76978532427863, 44.86875495127549], [-92.76978601957465, 44.868754234398374], [-92.769786715769, 44.8687535181579], [-92.76978741106502, 44.86875280255405], [-92.76978810725937, 44.868752086313556], [-92.7697888025554, 44.868751370073014], [-92.76978949874974, 44.868750653195846], [-92.7697901940458, 44.86874993759196], [-92.76979089024012, 44.86874922135143], [-92.76979163763845, 44.86874850511091], [-92.76979238683339, 44.86874778823365], [-92.7697931342317, 44.86874707135644], [-92.76979388163002, 44.868746355115874], [-92.76979463082498, 44.868745637601975], [-92.7697953782233, 44.86874492072472], [-92.76979612741823, 44.86874420384748], [-92.76979687481655, 44.868743487606835], [-92.76979762311318, 44.86874277072956], [-92.76979837140982, 44.86874205321562], [-92.76979911970645, 44.86874133633833], [-92.76979986710477, 44.868740620097654], [-92.76980061450307, 44.86873990385702], [-92.7698018326186, 44.8687387387722], [-92.76980286029128, 44.86873775258837], [-92.7698036076896, 44.86873703634766], [-92.76980435688453, 44.8687363194703], [-92.76980510428287, 44.86873560259295], [-92.7698058534778, 44.86873488507891], [-92.76980660087612, 44.86873416820152], [-92.76980734827444, 44.868733451960814], [-92.7698080974694, 44.86873273508337], [-92.76980884486771, 44.86873201884263], [-92.76980959406265, 44.868731300691884], [-92.76981034146097, 44.86873058445113], [-92.7698110897576, 44.86872986757369], [-92.76981183805424, 44.86872915005958], [-92.76981290435448, 44.86872812949602], [-92.76981436142187, 44.868726881008676], [-92.76981547712944, 44.86872592538429], [-92.76981693509515, 44.86872467753356], [-92.76981802654822, 44.86872374355548], [-92.7698192770031, 44.86872267269579], [-92.76982063795076, 44.8687216648653], [-92.76982184977808, 44.868720769723325], [-92.76982343081298, 44.86871959954487], [-92.76982458514811, 44.86871874514904], [-92.76982618953922, 44.86871755841737], [-92.76982741573957, 44.86871677405396], [-92.76982871470346, 44.86871594321448], [-92.76983041162106, 44.86871485834816], [-92.76983201691047, 44.868713831417736], [-92.76983360603019, 44.86871281531054], [-92.76983496877449, 44.86871205577675], [-92.76983627851816, 44.86871132807589], [-92.76983780116258, 44.868710480046495], [-92.76983926092491, 44.86870966830667], [-92.7698409353846, 44.868708736874964], [-92.76984287035573, 44.86870766028512], [-92.7698444855266, 44.868706879741495], [-92.76984584108436, 44.86870622589301], [-92.76984746074682, 44.8687054434394], [-92.76984908849413, 44.86870465843915], [-92.76985084739545, 44.86870380913637], [-92.76985260450014, 44.868702961106905], [-92.76985415858559, 44.86870231617155], [-92.76985551683829, 44.868701750818566], [-92.76985646995081, 44.86870135545345], [-92.7698575865567, 44.86870089132916], [-92.76985926011808, 44.86870019609775], [-92.76986069203265, 44.86869960209508], [-92.76986172689186, 44.86869917171374], [-92.76986276175107, 44.868698741969034], [-92.769864075088, 44.86869829248792], [-92.7698651503714, 44.868697924499116], [-92.76986670535516, 44.868697391615655], [-92.76986778063855, 44.868697024263504], [-92.7698696347613, 44.86869638951466], [-92.7698706516542, 44.868696041262254], [-92.7698728031193, 44.86869530528464], [-92.76987547291233, 44.86869439231579], [-92.7698771689316, 44.868693944107946], [-92.76987915959828, 44.86869341822773], [-92.76988140089489, 44.86869282613496], [-92.76988245551702, 44.86869254664172], [-92.76988438419995, 44.86869203795129], [-92.76988550619575, 44.86869174190487], [-92.76988711777338, 44.868691315980065], [-92.76988869790995, 44.868690898968495], [-92.76989104520777, 44.86869044948733], [-92.76989219235641, 44.868690229839984], [-92.76989386412113, 44.86868991023721], [-92.76989501306639, 44.868689689953236], [-92.7698969992415, 44.8686893105045], [-92.76989809249119, 44.86868910104373], [-92.76989950194788, 44.868688830463654], [-92.76990091140455, 44.86868856115693], [-92.76990231996291, 44.86868829248686], [-92.76990382553933, 44.868688007263664], [-92.76990524487748, 44.86868773923026], [-92.7699068384888, 44.86868743745389], [-92.76990817248698, 44.868687184700335], [-92.76990985053993, 44.86868686828084], [-92.76991109919817, 44.868686632080355], [-92.76991286438772, 44.868686297834394], [-92.76991402501106, 44.86868607882369], [-92.76991687985704, 44.86868553893691], [-92.76991883279446, 44.86868503661297], [-92.76992004731673, 44.86868472528674], [-92.76992176579387, 44.86868428408208], [-92.769922937197, 44.86868398166908], [-92.76992469699664, 44.86868353027785], [-92.7699258279756, 44.8686832393247], [-92.7699279857289, 44.86868268479467], [-92.76992909424995, 44.86868240020812], [-92.76993104898402, 44.86868189852082], [-92.76993366757307, 44.86868103648454], [-92.76993481921325, 44.86868065639908], [-92.76993716381614, 44.86867988540499], [-92.76993942667235, 44.86867913987731], [-92.76994047859957, 44.86867879353476], [-92.7699418925478, 44.868678328136994], [-92.76994330649607, 44.8686778633759], [-92.76994472044433, 44.86867739670483], [-92.76994667338175, 44.8686766690035], [-92.7699486272175, 44.868675940665526], [-92.76995058105324, 44.86867521296422], [-92.76995253309235, 44.86867448398956], [-92.76995448692809, 44.868673755651564], [-92.76995643986551, 44.86867302731355], [-92.76995839370126, 44.868672299612214], [-92.76996034753701, 44.86867157063752], [-92.76996229957611, 44.86867084229948], [-92.76996425251355, 44.86867011459805], [-92.7699662063493, 44.868669385623335], [-92.76996816018503, 44.86866865728527], [-92.76997011222414, 44.868667929583864], [-92.76997206605989, 44.86866720060911], [-92.7699730425286, 44.86866683644008], [-92.76997401899732, 44.86866647227102], [-92.76997597103643, 44.86866574393292], [-92.7699779266688, 44.868665015594814], [-92.76997987870791, 44.868664287256706], [-92.76998183164534, 44.86866355891858], [-92.76998378548109, 44.86866283121706], [-92.76998573931682, 44.86866210224229], [-92.76998769135594, 44.86866137390414], [-92.76998964519167, 44.8686606462026], [-92.76999159812911, 44.86865991786442], [-92.76999355016822, 44.86865918888957], [-92.76999550400396, 44.86865846118805], [-92.7699974569414, 44.86865773284985], [-92.76999941077713, 44.86865700451165], [-92.77000136461288, 44.86865627553675], [-92.7700028710876, 44.868655694903474], [-92.77000437935897, 44.86865511363355], [-92.77000588673201, 44.86865453363692], [-92.77000739500338, 44.86865395173028], [-92.77000890327476, 44.86865337046035], [-92.7700104106478, 44.86865278982704], [-92.77001191891915, 44.868652208557045], [-92.77001342539388, 44.86865162856039], [-92.77001493546187, 44.86865104665377], [-92.77001644283492, 44.86865046538376], [-92.77001795110628, 44.86864988475046], [-92.77001945758101, 44.868649303480446], [-92.77002096585238, 44.868648722210416], [-92.77002285141617, 44.86864799641872], [-92.77002398149678, 44.86864756030707], [-92.77002548976816, 44.86864697967369], [-92.77002699803951, 44.86864639840368], [-92.77002850541257, 44.86864581713364], [-92.77003001368392, 44.86864523650024], [-92.77003152195527, 44.86864465523023], [-92.77003302932833, 44.86864407459683], [-92.77003453759968, 44.86864349332675], [-92.77003604407442, 44.86864291205671], [-92.77003755234578, 44.86864233142329], [-92.77003906061714, 44.868641750153245], [-92.77004056799018, 44.868641169519805], [-92.77004207626155, 44.8686405882497], [-92.77004358453291, 44.86864000697964], [-92.77004509190597, 44.868639426346185], [-92.77004662982173, 44.868638817063044], [-92.77004816863581, 44.8686382065066], [-92.77004970655157, 44.868637595950155], [-92.77005124626396, 44.868636984757025], [-92.77005278417974, 44.86863637547391], [-92.7700543211972, 44.86863576491739], [-92.77005585911296, 44.868635154997584], [-92.77005739702874, 44.86863454444111], [-92.7700589358428, 44.86863393515791], [-92.77006047465689, 44.86863332460142], [-92.77006201167434, 44.86863271468159], [-92.77006355138674, 44.86863210412508], [-92.7700650884042, 44.86863149420519], [-92.77006701169722, 44.868630731487066], [-92.77006816603235, 44.868630273092144], [-92.77006970394812, 44.86862966380895], [-92.77007124096556, 44.86862905388904], [-92.77007278067796, 44.8686284433325], [-92.77007431859374, 44.868627832775935], [-92.77007585740782, 44.86862722285605], [-92.77007739532357, 44.86862661357277], [-92.77007893323935, 44.86862600301621], [-92.77008047115511, 44.86862539245963], [-92.7700820099692, 44.86862478253972], [-92.77008354698665, 44.86862417198312], [-92.77008508580073, 44.86862356142648], [-92.7700866246148, 44.868622951506545], [-92.77008816253057, 44.868622342223226], [-92.77008970044633, 44.868621731666614], [-92.77009214206728, 44.86862074675412], [-92.77009458458654, 44.868619760568265], [-92.7700970271058, 44.86861877438239], [-92.77009946872674, 44.86861778883313], [-92.770101911246, 44.868616802647225], [-92.77010435286694, 44.868615817097975], [-92.7701067953862, 44.868614831548705], [-92.77010923700715, 44.868613845362745], [-92.77011167952641, 44.868612860450064], [-92.77011412114734, 44.86861187426408], [-92.7701165636666, 44.86861088871475], [-92.77011900618587, 44.868609902528725], [-92.77012144870513, 44.8686089169793], [-92.77012389032605, 44.86860793142993], [-92.77012511113652, 44.868607438655225], [-92.77012633284531, 44.86860694524385], [-92.77012877356793, 44.868605960331095], [-92.7701312169855, 44.86860497414499], [-92.77013365770814, 44.86860398795882], [-92.7701361002274, 44.86860300304602], [-92.77013854364496, 44.86860201685986], [-92.77014098616424, 44.86860103067369], [-92.77014342688686, 44.86860004512411], [-92.77014587030443, 44.86859905893791], [-92.7701483128237, 44.86859807402502], [-92.77015075354632, 44.86859708783878], [-92.77015319696389, 44.86859610165252], [-92.77015563768653, 44.868595116739534], [-92.77015807930744, 44.868594131189916], [-92.7701605218267, 44.86859314500361], [-92.7701641662918, 44.86859162720619], [-92.7701678098586, 44.868590108772025], [-92.77017145612037, 44.86858859033785], [-92.77017510058548, 44.86858707190365], [-92.7701787459489, 44.868585554106076], [-92.770182390414, 44.86858403503511], [-92.7701860348791, 44.86858251660079], [-92.77018935954396, 44.868581131865035], [-92.77019332470763, 44.86857948036864], [-92.77019575375215, 44.86857846807904], [-92.77019695300307, 44.868577943471074], [-92.77020055165409, 44.86857636964711], [-92.7702041485085, 44.868574795823164], [-92.77020774626119, 44.86857322263579], [-92.77021134491223, 44.86857164817508], [-92.77021494266494, 44.86857007435099], [-92.77021727648804, 44.868569053784604], [-92.77021854041766, 44.86856850052686], [-92.77022213906868, 44.868566926065974], [-92.77022573592308, 44.868565352878434], [-92.77022933367579, 44.868563779054135], [-92.77023053292669, 44.86856325444607], [-92.77023289998748, 44.8685621689402], [-92.77023644923116, 44.86856053972637], [-92.77023999757652, 44.86855891178584], [-92.77024354682021, 44.86855728257197], [-92.77024709696222, 44.86855565399467], [-92.77025064620591, 44.868554026054], [-92.77025419634792, 44.86855239683993], [-92.77025774379497, 44.86855076826255], [-92.77026129393697, 44.86854913968507], [-92.77026484318066, 44.86854751110754], [-92.77026779414636, 44.86854608562469], [-92.77027074690871, 44.868544660141765], [-92.77027369877274, 44.868543234022184], [-92.77027665153506, 44.86854180853923], [-92.77027960250078, 44.86854038305624], [-92.7702825543648, 44.86853895757317], [-92.77028435189368, 44.868538088531444], [-92.77028550712713, 44.868537530816766], [-92.77028845809285, 44.86853610533367], [-92.77029141085518, 44.86853467985054], [-92.77029337816565, 44.8685337293162], [-92.77029434565122, 44.868533236540856], [-92.77029724541296, 44.868531758214836], [-92.77030014517469, 44.86853027925204], [-92.77030336114342, 44.86852863857747], [-92.77030594379984, 44.868527321326454], [-92.77030884535823, 44.8685258423636], [-92.77031174511995, 44.86852436340067], [-92.7703146448817, 44.868522885074405], [-92.77031754464343, 44.86852140674811], [-92.77032044530348, 44.868519927148434], [-92.77032141099241, 44.86851943437293], [-92.7703230611976, 44.868518546867776], [-92.77032615319881, 44.86851688263639], [-92.77032899995993, 44.86851535210373], [-92.77033184492444, 44.868513821571014], [-92.77033469078727, 44.86851229040164], [-92.7703375375484, 44.86851075859551], [-92.77034038251291, 44.86850922806273], [-92.77034322927403, 44.868507696893175], [-92.77034607513684, 44.86850616636027], [-92.77034892010136, 44.868504635827314], [-92.77035036818559, 44.868503799891485], [-92.7703518144732, 44.86850296459228], [-92.77035326165914, 44.868502129293056], [-92.77035470974336, 44.868501293357156], [-92.77035615603097, 44.8685004580579], [-92.77035744511342, 44.86849971443786], [-92.77035905040282, 44.86849878682274], [-92.77036049758875, 44.86849795216013], [-92.77036194567299, 44.868497115587495], [-92.77036339375722, 44.868496280288184], [-92.77036484004483, 44.86849544435224], [-92.77036596922713, 44.86849479241127], [-92.77036773441665, 44.86849377439018], [-92.77036990564471, 44.86849252080452], [-92.77037199871931, 44.868491202279344], [-92.77037339380297, 44.86849032432369], [-92.77037455981619, 44.86848959025341], [-92.77037618486855, 44.86848856586561], [-92.77037757905387, 44.868487687273245], [-92.77037897503583, 44.86848680804419], [-92.77038037101777, 44.86848592945176], [-92.77038176699973, 44.86848505022268], [-92.77038316208336, 44.86848417163021], [-92.77038455716699, 44.868483291764434], [-92.77038595314895, 44.868482413808664], [-92.77038734913091, 44.86848153394286], [-92.77038874421453, 44.86848065535034], [-92.77039013839986, 44.86847977675786], [-92.77039111217363, 44.86847909807695], [-92.77039208594739, 44.86847841875939], [-92.77039305972116, 44.86847774007851], [-92.77039466770552, 44.86847661828134], [-92.77039597924583, 44.86847570403573], [-92.77039695212129, 44.86847502471815], [-92.77039792499673, 44.8684743460372], [-92.77039871012428, 44.86847379850847], [-92.77039987254426, 44.8684729880386], [-92.77040084721635, 44.868472308721], [-92.7704018191935, 44.86847163004001], [-92.77040271391553, 44.86847100611192], [-92.7704042527296, 44.86846993270089], [-92.77040562535535, 44.868468856106524], [-92.77040710128738, 44.86846769738281], [-92.77040837150517, 44.868466700371094], [-92.77040928868509, 44.86846598221704], [-92.770410553513, 44.8684649883886], [-92.7704120348349, 44.86846382648154], [-92.7704129511165, 44.86846310832745], [-92.77041386739808, 44.86846238953671], [-92.77041478188305, 44.868461671382605], [-92.770415696368, 44.8684609525918], [-92.7704166126496, 44.86846023507434], [-92.77041752803288, 44.86845951692024], [-92.77041866889327, 44.86845853073162], [-92.77041980975368, 44.868457543906324], [-92.77042095061411, 44.86845655771768], [-92.7704220905762, 44.86845557152901], [-92.77042323323325, 44.868454585340324], [-92.770424372297, 44.86845359915158], [-92.77042529127357, 44.868452803961326], [-92.77042665491615, 44.86845162613749], [-92.77042779577656, 44.86845063994875], [-92.77042893573866, 44.86844965375993], [-92.77043007659908, 44.868448667571144], [-92.77043121745947, 44.86844768074572], [-92.77043235831988, 44.868446694556845], [-92.77043327729645, 44.86844590000318], [-92.77043406961052, 44.868445215591926], [-92.7704357027477, 44.86844369142398], [-92.77043679060749, 44.868442675948685], [-92.77043787936563, 44.86844165983665], [-92.77043896722543, 44.868440644361314], [-92.77044028235902, 44.86843941751422], [-92.77044114384337, 44.86843861277387], [-92.77044223260151, 44.868437596661764], [-92.77044332135962, 44.86843658118636], [-92.77044440832113, 44.868435565074215], [-92.77044549797755, 44.86843454959878], [-92.77044658673569, 44.8684335334866], [-92.77044767459549, 44.86843251801112], [-92.77044876335361, 44.868431501898904], [-92.77044985121343, 44.868430487060024], [-92.77045159214845, 44.86842875724995], [-92.77045333308347, 44.86842702871308], [-92.77045507401847, 44.868425298902906], [-92.77045681675013, 44.86842356909263], [-92.77045855588852, 44.868421840555655], [-92.77046029862018, 44.86842011201862], [-92.77046203955521, 44.86841838157152], [-92.7704637804902, 44.86841665239771], [-92.77046552232355, 44.868414922587235], [-92.77046726236026, 44.86841319404999], [-92.77046929794268, 44.86841117328483], [-92.77047074512862, 44.86840973570201], [-92.77047248606364, 44.868408005891276], [-92.77047422699866, 44.86840627735382], [-92.77047509746616, 44.868405412130095], [-92.77047594008592, 44.86840453480976], [-92.7704776262237, 44.86840277825903], [-92.7704793132598, 44.86840102107167], [-92.77048099939758, 44.86839926515751], [-92.77048268553538, 44.86839750860666], [-92.77048437257149, 44.86839575141909], [-92.77048605870927, 44.86839399486814], [-92.77048774574537, 44.868392239590435], [-92.77048943188316, 44.86839048176608], [-92.77049111802094, 44.86838872648826], [-92.77049280505705, 44.868386968663756], [-92.77049449119484, 44.86838521274921], [-92.77049617733262, 44.86838345619794], [-92.77049786436874, 44.86838169964661], [-92.77049955050651, 44.868379943095185], [-92.7705023649283, 44.868376900485764], [-92.77050517845177, 44.86837385787618], [-92.77050799197525, 44.868370815903106], [-92.77051080639703, 44.86836777329315], [-92.7705136199205, 44.868364730046416], [-92.77051643434228, 44.868361687436185], [-92.77051924876407, 44.868358645462465], [-92.77052206318585, 44.86835560285192], [-92.77052487670932, 44.86835256087783], [-92.7705276902328, 44.86834951826696], [-92.77053050555288, 44.868346474382584], [-92.77053331817805, 44.868343431771386], [-92.77053613259983, 44.86834039043334], [-92.7705389470216, 44.868337347821814], [-92.77054035378335, 44.868335825561], [-92.77054173539226, 44.868334293113534], [-92.77054449591513, 44.86833122630853], [-92.7705472573363, 44.8683281595033], [-92.77055001875749, 44.86832509269792], [-92.77055278107699, 44.86832202589242], [-92.77055554070155, 44.86831895972339], [-92.77055830391936, 44.86831589164421], [-92.77056106444223, 44.86831282547485], [-92.77056382676172, 44.8683097586687], [-92.77056658818292, 44.86830669186233], [-92.77056934960409, 44.868303624419184], [-92.77057211192358, 44.86830055761249], [-92.77057487154815, 44.86829749207898], [-92.77057763386763, 44.86829442399867], [-92.77058039528882, 44.868291357828156], [-92.77058196374732, 44.86828954970427], [-92.77058353310412, 44.86828774221701], [-92.77058510156259, 44.86828593472968], [-92.77058667181772, 44.868284126605666], [-92.77058823937789, 44.86828231911823], [-92.770589809633, 44.86828051163073], [-92.77059137809148, 44.86827870414318], [-92.77059294654998, 44.868276895382216], [-92.77059451590678, 44.86827508853123], [-92.77059608436527, 44.86827328040683], [-92.77059765372208, 44.86827147291904], [-92.77059933267333, 44.86826953746185], [-92.77060079063904, 44.86826785667001], [-92.77060235999583, 44.86826604918207], [-92.77060314422509, 44.868265145756375], [-92.77060390240318, 44.868264229597436], [-92.77060541786106, 44.86826239918947], [-92.77060693242065, 44.868260569418126], [-92.77060844698019, 44.86825873837342], [-92.7706099633364, 44.86825690796528], [-92.77061147789598, 44.868255076920406], [-92.77061299335386, 44.8682532465122], [-92.77061450971006, 44.868251415467206], [-92.77061602426963, 44.868249585058834], [-92.7706175397275, 44.86824775401378], [-92.77061905428708, 44.86824592360529], [-92.77062056974496, 44.868244092560076], [-92.77062208430453, 44.86824226215146], [-92.77062360066074, 44.868240431742855], [-92.77062511522031, 44.868238600060785], [-92.77062707534425, 44.86823614826801], [-92.77062903187493, 44.868233696475144], [-92.77063099110057, 44.8682312440455], [-92.77063295032622, 44.86822879161574], [-92.77063490955184, 44.86822633918593], [-92.77063686787916, 44.86822388739264], [-92.7706388262065, 44.868221435599246], [-92.7706407845338, 44.86821898316908], [-92.77064274375942, 44.8682165307388], [-92.77064470208676, 44.86821407830842], [-92.77064666041407, 44.868211626514615], [-92.7706486187414, 44.86820917472069], [-92.77065057796703, 44.86820672229], [-92.77065253629434, 44.86820427049587], [-92.7706535145597, 44.86820304364378], [-92.77065447755369, 44.86820181106168], [-92.77065640174501, 44.868199345260734], [-92.77065832683466, 44.86819687945968], [-92.77066025012769, 44.86819441429515], [-92.77066217521734, 44.86819194849388], [-92.77066409940868, 44.86818948205584], [-92.77066602449834, 44.86818701625436], [-92.77066794779135, 44.86818455045278], [-92.77066987288102, 44.868182084651096], [-92.77067179707235, 44.86817961821267], [-92.770673722162, 44.86817715368407], [-92.77067564725166, 44.86817468660872], [-92.77067757054469, 44.86817222144328], [-92.77067949473603, 44.86816975564107], [-92.77068141892737, 44.868167289838745], [-92.7706828445537, 44.86816541358787], [-92.77068426928176, 44.86816353733688], [-92.77068569400981, 44.86816166172251], [-92.77068711873784, 44.86815978483477], [-92.77068854346588, 44.86815790858366], [-92.77068996819393, 44.86815603233242], [-92.77069139292196, 44.86815415671786], [-92.77069281675169, 44.868152280466504], [-92.77069424327637, 44.86815040357847], [-92.7706956680044, 44.86814852732704], [-92.77069709273245, 44.86814665171218], [-92.77069851746049, 44.868144775460586], [-92.77069994308684, 44.8681428985723], [-92.77070136601824, 44.86814102359393], [-92.77070207928057, 44.86814008514973], [-92.77070277457662, 44.86813913970224], [-92.77070416427036, 44.86813725071711], [-92.77070555486242, 44.86813536173192], [-92.77070694455617, 44.868133472746685], [-92.77070833514821, 44.86813158376138], [-92.77070972484196, 44.8681296935027], [-92.77071111633234, 44.86812780451727], [-92.77071250512778, 44.86812591553178], [-92.77071389482151, 44.86812402654623], [-92.77071528631188, 44.86812213692394], [-92.77071667690394, 44.868120247301626], [-92.7707180665977, 44.86811835831589], [-92.77071945718974, 44.86811646933008], [-92.7707208468835, 44.868114579707544], [-92.77072223657724, 44.86811269008495], [-92.77072446619577, 44.868109588251514], [-92.7707266958143, 44.868106486417915], [-92.77072892633116, 44.86810338522082], [-92.7707311559497, 44.86810028402356], [-92.77073338556824, 44.868097182826084], [-92.77073561428845, 44.86809408099182], [-92.77073784570362, 44.86809097915738], [-92.77074007532215, 44.868087877959454], [-92.77074230404237, 44.86808477612468], [-92.77074453455921, 44.868081675563054], [-92.77074676417777, 44.86807857245464], [-92.77074899379629, 44.86807547189268], [-92.77075122431316, 44.868072370057234], [-92.77075345303336, 44.868069268858314], [-92.77075456784263, 44.86806771794042], [-92.77075567007549, 44.868066162565846], [-92.77075787543951, 44.868063051179945], [-92.7707600790069, 44.86805994106714], [-92.77076228257428, 44.8680568296809], [-92.77076448614169, 44.868053719567804], [-92.77076669060739, 44.86805060818118], [-92.77076889417478, 44.868047496157764], [-92.77077109774217, 44.86804438604411], [-92.7707733031062, 44.86804127529366], [-92.7707755066736, 44.8680381645431], [-92.77077771024099, 44.868035054428944], [-92.77077991470668, 44.868031942404684], [-92.77078211827408, 44.86802883165357], [-92.77078432184148, 44.86802572153895], [-92.7707865272055, 44.86802261015082], [-92.7707875683529, 44.86802110634502], [-92.77078861039864, 44.86801960126582], [-92.77078965334267, 44.86801809618659], [-92.7707906944901, 44.86801659238067], [-92.77079173743415, 44.86801508730136], [-92.77079277947986, 44.86801358285868], [-92.77079382062729, 44.8680120790526], [-92.77079486267301, 44.868010573973216], [-92.77079590561706, 44.86800906889375], [-92.77079694676448, 44.86800756508755], [-92.77079798970851, 44.868006060008], [-92.77079903175425, 44.86800455492841], [-92.77080007290166, 44.868003050485456], [-92.7708011149474, 44.868001546679146], [-92.77080163686858, 44.86800079413933], [-92.7708021435184, 44.8680000371428], [-92.77080316041129, 44.86799852314971], [-92.77080417730421, 44.867997009793264], [-92.77080519240047, 44.86799549643678], [-92.77080620839506, 44.86799398308025], [-92.77080722528797, 44.86799246972368], [-92.77080824038423, 44.86799095509377], [-92.77080925727712, 44.86798944301042], [-92.7708102723734, 44.86798792901711], [-92.77081128926632, 44.86798641502371], [-92.77081230526089, 44.867984901666944], [-92.77081332215378, 44.86798338831013], [-92.77081433725006, 44.86798187495329], [-92.77081535414297, 44.86798036223308], [-92.77081636923923, 44.8679788476028], [-92.7708172486899, 44.86797751314924], [-92.77081812634394, 44.86797617996891], [-92.77081900399797, 44.867974845515306], [-92.77081988165199, 44.86797351169828], [-92.77082075930602, 44.86797217851787], [-92.77082163696006, 44.867970844700785], [-92.77082251461408, 44.86796951024699], [-92.77082339226811, 44.86796817579323], [-92.77082426992216, 44.86796684261269], [-92.77082514757619, 44.867965508795486], [-92.77082602523024, 44.86796417561492], [-92.77082690288427, 44.86796284116098], [-92.77082778053828, 44.867961507343686], [-92.77082887827956, 44.867959839276224], [-92.77082953764298, 44.86795883843569], [-92.77083041529701, 44.867957505254985], [-92.77083129295104, 44.86795617143757], [-92.77083217060509, 44.86795483825674], [-92.77083304825912, 44.86795350380259], [-92.77083392591315, 44.86795216934844], [-92.77083480356718, 44.8679508355309], [-92.77083568122121, 44.86794950234996], [-92.77083655887523, 44.86794816853236], [-92.77083743742759, 44.86794683407809], [-92.77083831508162, 44.86794550089705], [-92.77083919273565, 44.86794416644272], [-92.7708400703897, 44.86794283262499], [-92.77084094804373, 44.867941498807234], [-92.77084182569777, 44.86794016498945], [-92.77084372114301, 44.86793728025022], [-92.77084561479161, 44.867934394237544], [-92.77084751023688, 44.867931508861396], [-92.77084940388549, 44.86792862412174], [-92.77085129843242, 44.86792573938193], [-92.77085319297936, 44.867922853368675], [-92.7708550875263, 44.867919968628634], [-92.7708569811749, 44.86791708325172], [-92.77085887662017, 44.86791419723802], [-92.77086077026877, 44.86791131249754], [-92.77086266481571, 44.8679084271202], [-92.77086456026096, 44.86790554237943], [-92.77086645390959, 44.86790265636516], [-92.77086834755819, 44.86789977162405], [-92.77086929528083, 44.86789832957181], [-92.77087024300346, 44.86789688624618], [-92.77087213665207, 44.86789400150478], [-92.77087403209731, 44.867891115489925], [-92.77087592664425, 44.8678882307483], [-92.77087782029288, 44.867885345369785], [-92.77087971573812, 44.867882459991186], [-92.77088160938675, 44.86787957461244], [-92.77088350393369, 44.86787668987018], [-92.7708853984806, 44.86787380449113], [-92.77088729302756, 44.86787091911195], [-92.77088918667616, 44.86786803436926], [-92.77089108212141, 44.86786514835311], [-92.77089297577004, 44.86786226361012], [-92.77089487031698, 44.86785937823037], [-92.77089676486389, 44.86785649348709], [-92.77089935740182, 44.86785259644131], [-92.77090194993973, 44.86784870066858], [-92.77090454157933, 44.867844804895626], [-92.77090713321891, 44.86784090912237], [-92.77090972575681, 44.86783701207553], [-92.77091231829472, 44.867833116301746], [-92.77091490993432, 44.8678292205277], [-92.77091750247224, 44.867825323480076], [-92.77092009411184, 44.867821427705486], [-92.77092268664974, 44.86781753129398], [-92.77092527918765, 44.86781363551892], [-92.77092787172556, 44.86780973974355], [-92.77093046426347, 44.8678058426946], [-92.77093305500476, 44.8678019469187], [-92.77093435307033, 44.86779999871232], [-92.77093564844098, 44.86779804986919], [-92.77093824008057, 44.86779415409281], [-92.77094083261848, 44.86779025831613], [-92.77094342515637, 44.86778636190249], [-92.77094601679599, 44.867782465488645], [-92.7709486093339, 44.86777856971116], [-92.77095120097349, 44.867774673296786], [-92.7709537944097, 44.867770777518786], [-92.770956385151, 44.867766881740515], [-92.77095897768889, 44.867762984688675], [-92.77096157022682, 44.86775908890987], [-92.77096416276473, 44.86775519313081], [-92.77096675530264, 44.867751296078175], [-92.77096934604391, 44.86774740029858], [-92.77097193858181, 44.867743503882096], [-92.77097350524367, 44.867741132925254], [-92.77097507190553, 44.86773876196831], [-92.77097663766908, 44.86773639101126], [-92.7709782025343, 44.86773402005413], [-92.77097976919615, 44.86773164846021], [-92.77098133495969, 44.86772927750287], [-92.77098290162155, 44.867726907182124], [-92.7709844682834, 44.86772453495128], [-92.77098603404694, 44.86772216526696], [-92.77098759891217, 44.867719793672606], [-92.77098916557402, 44.867717423351465], [-92.77099073223587, 44.867715051120186], [-92.77099229799941, 44.867712680798846], [-92.77099386466126, 44.86771030920404], [-92.77099464709389, 44.86770912372495], [-92.77099543042482, 44.867707938245836], [-92.77099699529005, 44.86770556728757], [-92.7709985619519, 44.86770319569248], [-92.77100012861375, 44.86770082600729], [-92.77100169437729, 44.86769845441205], [-92.77100326103914, 44.867696083453346], [-92.77100482680268, 44.86769371249455], [-92.77100639346453, 44.867691340898965], [-92.77100795832976, 44.86768896993998], [-92.77100952499163, 44.86768659898094], [-92.77101109075517, 44.86768422802174], [-92.77101265741702, 44.86768185642577], [-92.77101422318056, 44.86767948673975], [-92.77101578984242, 44.867677114506904], [-92.77101735470764, 44.867674744184], [-92.771018116479, 44.867673507770554], [-92.77101887645375, 44.86767227199376], [-92.77101963642848, 44.86767103621693], [-92.77102051498082, 44.867669607529024], [-92.77102115727624, 44.867668563389906], [-92.7710219190476, 44.86766732697632], [-92.77102267902234, 44.86766609119939], [-92.77102343989539, 44.867664854149076], [-92.77102405613967, 44.867663852030105], [-92.77102470651992, 44.86766279515744], [-92.77102562998803, 44.86766112007793], [-92.77102632079249, 44.867659863290726], [-92.77102696757949, 44.86765868990735], [-92.77102770509634, 44.867657350989646], [-92.7710283959008, 44.86765609483904], [-92.77102908760357, 44.86765483805178], [-92.77102994998624, 44.86765327311597], [-92.77103047280575, 44.867652325113745], [-92.7710313944772, 44.86765065067061], [-92.77103180949888, 44.867649801352265], [-92.77103243203138, 44.86764852610139], [-92.77103291622332, 44.867647534168846], [-92.77103367619804, 44.86764597687292], [-92.77103429873053, 44.86764470162196], [-92.7710349203647, 44.86764342764429], [-92.77103554289721, 44.86764215302996], [-92.77103616542969, 44.86764087841559], [-92.77103678796219, 44.86763960316452], [-92.77103740959636, 44.86763832918679], [-92.77103886935869, 44.86763505288003], [-92.77104033001936, 44.8676317765731], [-92.77104178978169, 44.86762850090266], [-92.77104324954402, 44.867625223322044], [-92.77104471020466, 44.86762194765123], [-92.77104616996701, 44.86761867134355], [-92.77104763062766, 44.86761539567237], [-92.77104909039, 44.86761211872763], [-92.77105055015234, 44.86760884241939], [-92.7710515239261, 44.86760665800159], [-92.7710519883551, 44.86760556038097], [-92.77105336547243, 44.867602292349076], [-92.77105476594596, 44.86759897656667], [-92.7710561547414, 44.86759568434093], [-92.77105754443514, 44.86759239338831], [-92.77105893412887, 44.86758910179886], [-92.77106032202599, 44.867585809572546], [-92.77106171171974, 44.86758251734605], [-92.77106310141349, 44.86757922511936], [-92.7710644902089, 44.86757593352911], [-92.77106495284129, 44.867574836544584], [-92.77106583229195, 44.86757263175196], [-92.77106715012046, 44.86756932551794], [-92.771068467949, 44.86756601928372], [-92.77106978577751, 44.86756271177595], [-92.77107110360603, 44.867559404904725], [-92.77107242143457, 44.867556098669894], [-92.77107373926307, 44.86755279116161], [-92.77107505798992, 44.867549485563075], [-92.77107637671675, 44.86754617869104], [-92.77107769454528, 44.86754287118218], [-92.77107869976007, 44.86754017296786], [-92.77107970407657, 44.86753747411673], [-92.77108070839306, 44.867534775265476], [-92.77108171360787, 44.86753207577741], [-92.77108271792436, 44.86752937756258], [-92.77108372313914, 44.86752667807427], [-92.77108472745564, 44.867523979222504], [-92.77108573177213, 44.86752128037062], [-92.77108640281364, 44.867519479862636], [-92.77108673698693, 44.86751858088197], [-92.77108740623181, 44.86751678228391], [-92.77108771704889, 44.86751587757315], [-92.77108864770354, 44.86751316535073], [-92.77108957835817, 44.867510453764915], [-92.77109050991112, 44.86750774090561], [-92.77109143966743, 44.867505028682864], [-92.77109237032208, 44.867502316459976], [-92.7710933009767, 44.867499604236976], [-92.77109423252966, 44.86749689137716], [-92.77109454334675, 44.867495986029404], [-92.77109516228596, 44.8674941791539], [-92.77109609294061, 44.86749146693051], [-92.7710964037577, 44.86749056285598], [-92.7710969741879, 44.86748874706689], [-92.77109783028237, 44.867486022746455], [-92.77109868637683, 44.86748329778925], [-92.77109954336962, 44.8674805721952], [-92.77110039946409, 44.867477847874426], [-92.77110125555855, 44.867475123553476], [-92.77110211165301, 44.867472398595716], [-92.77110296774748, 44.86746967363787], [-92.77110382474027, 44.867466948679855], [-92.77110468083472, 44.86746422435839], [-92.77110535816445, 44.867462094688925], [-92.77110603639248, 44.86745996565605], [-92.7711067137222, 44.8674578372598], [-92.77110739105194, 44.867455708226736], [-92.77110806927999, 44.86745357728363], [-92.7711087466097, 44.86745144825041], [-92.77110934937926, 44.8674495579694], [-92.77111010216746, 44.8674471908205], [-92.7711107803955, 44.8674450611504], [-92.77111123134979, 44.86744364137026], [-92.77111223386963, 44.867440819636776], [-92.77111298575953, 44.86743870333661], [-92.77111373854774, 44.86743658639963], [-92.77111415356939, 44.86743541746838], [-92.77111449043764, 44.867434470099255], [-92.77111524322585, 44.86743235316217], [-92.77111599421741, 44.867430236861644], [-92.77111674700564, 44.86742811992435], [-92.77111749889552, 44.86742600362371], [-92.77111850141537, 44.86742318188932], [-92.77111918772825, 44.867421435495494], [-92.77111987763439, 44.867419676368065], [-92.77112070318613, 44.86741757471056], [-92.77112152873788, 44.86741547114298], [-92.77112235518794, 44.867413368212], [-92.771123181638, 44.86741126591758], [-92.77112400808807, 44.867409162986405], [-92.77112483363982, 44.86740706069183], [-92.77112565919154, 44.86740495776054], [-92.7711264847433, 44.86740285610251], [-92.77112746839855, 44.86740052142199], [-92.77112845205377, 44.86739818801476], [-92.77112943570901, 44.86739585333406], [-92.77113041936425, 44.86739351928995], [-92.7711314030195, 44.86739118460906], [-92.77113238847136, 44.86738884992808], [-92.77113337212658, 44.86738651652037], [-92.77113435578181, 44.86738418311251], [-92.77113533943705, 44.86738184843131], [-92.77113632309229, 44.86737951374994], [-92.77113730674753, 44.867377179705166], [-92.77113829040277, 44.86737484502362], [-92.771139274058, 44.867372511615294], [-92.77114025771324, 44.867370177570244], [-92.77114074999001, 44.86736900991102], [-92.77114126292804, 44.86736784734515], [-92.77114228970241, 44.86736552221335], [-92.77114331468016, 44.867363197081396], [-92.7711443396579, 44.86736087322277], [-92.77114536643225, 44.867358547453996], [-92.77114639141, 44.86735622232177], [-92.77114741638773, 44.86735389782618], [-92.77114844316212, 44.867351572057125], [-92.77114946813985, 44.86734924692466], [-92.7711504931176, 44.867346921792056], [-92.77115151989196, 44.86734459793277], [-92.7711525448697, 44.86734227216329], [-92.77115356984743, 44.86733994703045], [-92.7711545966218, 44.86733762253421], [-92.77115562159953, 44.867335297401134], [-92.77115685139316, 44.86733262400737], [-92.77115807849184, 44.86732995125015], [-92.77115930828548, 44.86732727785612], [-92.77116053628245, 44.86732460382534], [-92.77116176517777, 44.86732193043107], [-92.77116299317477, 44.867319257673316], [-92.77116422207007, 44.867316583642165], [-92.77116545186368, 44.86731391088416], [-92.7711666798607, 44.86731123685275], [-92.771167908756, 44.86730856409449], [-92.77116913675299, 44.867305890699484], [-92.77117036564829, 44.86730321666771], [-92.77117159364529, 44.86730054454577], [-92.7711728225406, 44.867297871150384], [-92.77117343698826, 44.8672965341343], [-92.77117407209715, 44.867295202848254], [-92.77117534141665, 44.867292539639436], [-92.77117661253278, 44.86728987579377], [-92.77117788275059, 44.867287211948025], [-92.77117915207009, 44.867284549375476], [-92.77118042318622, 44.8672818848928], [-92.7711816925057, 44.86727922232001], [-92.77118296272353, 44.86727655847376], [-92.77118423204303, 44.86727389590072], [-92.77118550315916, 44.86727123141756], [-92.77118677427528, 44.86726856757089], [-92.77118804359478, 44.86726590499749], [-92.7711893138126, 44.86726324178732], [-92.7711905831321, 44.867260577940286], [-92.77119185424822, 44.86725791409319], [-92.77119329155268, 44.86725505669681], [-92.77119472975544, 44.86725219802695], [-92.7711961670599, 44.86724933999361], [-92.77119760526267, 44.86724648132345], [-92.77119904256712, 44.86724362392651], [-92.77120048076989, 44.86724076525607], [-92.77120191717601, 44.86723790785881], [-92.77120335627713, 44.867235049824764], [-92.77120479358156, 44.86723219179058], [-92.77120623178432, 44.86722933248288], [-92.77120766908878, 44.8672264750851], [-92.7712082997061, 44.867225222745155], [-92.77120910729155, 44.867223616413796], [-92.77121054459602, 44.86722075901573], [-92.77121198279879, 44.86721790098084], [-92.7712127005527, 44.867216471644994], [-92.77121346412069, 44.86721505440596], [-92.77121498946005, 44.86721221992774], [-92.77121651659603, 44.86720938417605], [-92.7712180428337, 44.86720655033424], [-92.77121956996967, 44.867203714582274], [-92.77122109530902, 44.86720088010353], [-92.771222622445, 44.86719804498797], [-92.77122414778435, 44.86719521050892], [-92.77122567492033, 44.86719237539308], [-92.77122720025969, 44.86718954091374], [-92.77122872739568, 44.86718670579763], [-92.77123025363333, 44.867183870681366], [-92.7712317789727, 44.867181036201615], [-92.77123330610867, 44.867178201721764], [-92.77123483144803, 44.86717536724173], [-92.77123599476633, 44.86717318599087], [-92.77123715808462, 44.86717100537657], [-92.77123831960628, 44.8671688241255], [-92.77123948112795, 44.867166642874395], [-92.77124064444624, 44.86716446289648], [-92.77124180686621, 44.8671622822819], [-92.77124296928619, 44.867160100393804], [-92.77124413170617, 44.8671579204157], [-92.77124517105696, 44.86715597091419], [-92.77124645744445, 44.86715355727585], [-92.77124761986443, 44.86715137729749], [-92.77124878138608, 44.86714919668236], [-92.77124994470438, 44.86714701543052], [-92.77125110622603, 44.86714483545191], [-92.77125168743602, 44.86714374482589], [-92.77125222552688, 44.86714264210299], [-92.77125329811534, 44.867140439203865], [-92.7712543716021, 44.86713823566803], [-92.77125498874469, 44.86713696868261], [-92.77125544598718, 44.86713603213205], [-92.77125651947395, 44.86713382732267], [-92.77125759385902, 44.86713162378653], [-92.77125866734578, 44.86712942088698], [-92.77125973993424, 44.86712721607735], [-92.77126081342101, 44.86712501254095], [-92.77126188780608, 44.86712280900452], [-92.77126296129285, 44.86712060483127], [-92.77126403567793, 44.867118401294675], [-92.77126510916469, 44.86711619775794], [-92.77126618354977, 44.86711399358448], [-92.77126725613823, 44.86711179004757], [-92.77126856318696, 44.86710889635341], [-92.77126987023568, 44.86710600202235], [-92.77127117548781, 44.86710310896458], [-92.77127248253653, 44.86710021463328], [-92.77127378958527, 44.867097320301845], [-92.7712750957357, 44.8670944266069], [-92.77127640278442, 44.86709153227517], [-92.77127770983319, 44.86708863857998], [-92.77127901598361, 44.867085744247916], [-92.77127988734942, 44.867083815117624], [-92.7712803086593, 44.86708282826875], [-92.77128153845293, 44.867079936483144], [-92.77128277633139, 44.867077027507094], [-92.77128401420983, 44.86707411789423], [-92.7712852520883, 44.86707120955458], [-92.77128648996678, 44.867068299304776], [-92.77128772784522, 44.867065389691476], [-92.7712889657237, 44.86706248135139], [-92.77129020360215, 44.86705957173778], [-92.7712914414806, 44.86705666276072], [-92.77129185380733, 44.86705569310166], [-92.77129263264668, 44.86705374359669], [-92.77129380135486, 44.86705081997575], [-92.77129497006304, 44.867047896991345], [-92.77129613966954, 44.86704497273347], [-92.77129730837773, 44.86704204911207], [-92.77129847708592, 44.867039125490535], [-92.7712996457941, 44.867036201868906], [-92.77130081450228, 44.86703327761038], [-92.77130198321046, 44.86703035398845], [-92.77130315191864, 44.86702743100301], [-92.77130427301613, 44.86702463025945], [-92.7713053932153, 44.86702183078913], [-92.77130651431276, 44.86701903004534], [-92.77130763541022, 44.86701622993806], [-92.77130875650771, 44.86701342919395], [-92.77130987760519, 44.86701062844976], [-92.77131099870266, 44.867007828978764], [-92.77131211980014, 44.86700502823425], [-92.77131324179591, 44.86700222812629], [-92.77131398919424, 44.86700036075093], [-92.77131438535129, 44.866999433111644], [-92.77131557561903, 44.86699664701032], [-92.77131676588678, 44.86699386090886], [-92.77131795525622, 44.866991075443956], [-92.77131914552398, 44.866988289342274], [-92.77132033579173, 44.86698550324041], [-92.77132152605948, 44.866982717775095], [-92.77132271632722, 44.86697993167296], [-92.77132390569666, 44.866977145570694], [-92.77132509596441, 44.866974360741665], [-92.77132549212145, 44.86697343182859], [-92.77132633294457, 44.866971584826004], [-92.77132759148427, 44.86696881400358], [-92.77132884912567, 44.866966043181066], [-92.77133010946201, 44.8669632729951], [-92.77133136710343, 44.866960503445654], [-92.77133262654144, 44.86695773134936], [-92.77133388508115, 44.86695496179969], [-92.77133514451918, 44.86695219161315], [-92.7713364030589, 44.86694942078984], [-92.77133766249693, 44.866946649966394], [-92.77133843864134, 44.866944998423094], [-92.77133921568404, 44.86694334624311], [-92.77133999272677, 44.86694169342635], [-92.77134076887118, 44.86694004124628], [-92.7713415459139, 44.86693838906615], [-92.77134232385494, 44.866936737522636], [-92.77134309910103, 44.86693508534237], [-92.77134387704206, 44.86693343252541], [-92.77134465408479, 44.86693178098179], [-92.77134543022919, 44.866930128801386], [-92.77134620727189, 44.86692847598429], [-92.77134698431462, 44.86692682380384], [-92.77134776045904, 44.866925172259975], [-92.77134853750177, 44.866923519442736], [-92.77134892647226, 44.866922693670745], [-92.77134931364617, 44.866921867898775], [-92.77135009068887, 44.86692021571814], [-92.7713508677316, 44.866918564174085], [-92.771351643876, 44.86691691135666], [-92.77135242091872, 44.866915259175826], [-92.77135319796145, 44.8669136063583], [-92.77135397410586, 44.866911954814114], [-92.77135475114858, 44.86691030263314], [-92.77135552729297, 44.86690865045216], [-92.7713563043357, 44.86690699827109], [-92.77135708227672, 44.866905345453326], [-92.77135785752282, 44.8669036939089], [-92.77135863546387, 44.86690204172769], [-92.77135941250658, 44.866900388909784], [-92.771360188651, 44.866898737365176], [-92.7713610303724, 44.86689694829794], [-92.77136187119551, 44.86689515923061], [-92.77136271291694, 44.86689336952658], [-92.77136355463836, 44.866891581095814], [-92.77136439456315, 44.86688979202831], [-92.77136523628457, 44.866888003597495], [-92.771366078006, 44.86688621325655], [-92.77136691972741, 44.86688442482557], [-92.77136776144883, 44.86688263639455], [-92.77136860227193, 44.866880847326755], [-92.77136944399335, 44.866879057622285], [-92.77137028571478, 44.86687726855444], [-92.77137112563958, 44.866875480123184], [-92.77137196736099, 44.86687369105518], [-92.77137238867086, 44.86687279652116], [-92.77137280908242, 44.866871901350486], [-92.77137365080382, 44.86687011228237], [-92.77137449252525, 44.866868323850895], [-92.77137533424667, 44.866866534782716], [-92.77137617417148, 44.866864746351126], [-92.7713770158929, 44.866862956646145], [-92.77137785761431, 44.86686116757776], [-92.77137869843743, 44.86685937914601], [-92.77137954015883, 44.866857590077544], [-92.77138038188026, 44.8668558003723], [-92.77138122360168, 44.86685401130374], [-92.77138206532311, 44.86685222287176], [-92.77138290614621, 44.86685043380307], [-92.7713837469693, 44.86684864409761], [-92.77138458869074, 44.866846855665464], [-92.77138619038688, 44.86684339404002], [-92.77138779028641, 44.86683993241432], [-92.77138939198255, 44.86683647015172], [-92.7713909927804, 44.86683300852565], [-92.77139259267992, 44.86682954689933], [-92.77139419437607, 44.86682608590949], [-92.77139579427558, 44.86682262364611], [-92.77139739597173, 44.86681916201916], [-92.77139899676959, 44.866815700392], [-92.7714005966691, 44.86681223940133], [-92.77140219836525, 44.866808777773805], [-92.77140379916308, 44.86680531550933], [-92.77140540085924, 44.86680185451803], [-92.77140700075876, 44.866798392889834], [-92.77140780115768, 44.866796661757334], [-92.77140860245491, 44.866794931261474], [-92.77141020235443, 44.866791468996176], [-92.77141180405059, 44.866788007367354], [-92.7714134048484, 44.86678454573837], [-92.77141500474795, 44.866781084745824], [-92.77141660644409, 44.86677762311638], [-92.77141820724192, 44.866774160850085], [-92.77141980893808, 44.866770699220226], [-92.77142140883761, 44.866767237590146], [-92.77142300963543, 44.86676377659656], [-92.77142461043327, 44.866760314329426], [-92.77142621123112, 44.866756852698735], [-92.77142781292726, 44.86675339106783], [-92.77142941282679, 44.86674993007341], [-92.77143101362462, 44.86674646844214], [-92.77143242577624, 44.86674342128957], [-92.77143383702956, 44.86674037350021], [-92.77143524918118, 44.86673732698402], [-92.77143666043449, 44.86673427983098], [-92.7714380707895, 44.86673123331447], [-92.77143948383943, 44.86672818616115], [-92.77144089419443, 44.86672513964431], [-92.77144230724437, 44.866722092490626], [-92.77144371759937, 44.86671904597347], [-92.7714451306493, 44.866715998182805], [-92.7714465410043, 44.866712952302024], [-92.77144795315593, 44.86670990451104], [-92.77144936440924, 44.86670685735655], [-92.77145077566254, 44.86670380956525], [-92.77145148084006, 44.86670228662453], [-92.77145218781419, 44.86670076304712], [-92.7714535990675, 44.866697715892144], [-92.7714550103208, 44.86669466937369], [-92.77145642247244, 44.86669162221844], [-92.77145783372575, 44.866688575699676], [-92.77145924587737, 44.866685528544046], [-92.77146065713069, 44.866682480751614], [-92.77146206928231, 44.86667943423236], [-92.77146348053562, 44.86667638643961], [-92.77146489268725, 44.866673339283345], [-92.77146630304225, 44.86667029340029], [-92.77146771429555, 44.86666724560701], [-92.77146912644717, 44.86666419908699], [-92.7714705377005, 44.86666115193008], [-92.77147194985211, 44.86665810540969], [-92.7714732649857, 44.866655437714606], [-92.7714745819159, 44.86665277129277], [-92.7714758979478, 44.86665010359744], [-92.77147721397967, 44.86664743653862], [-92.77147852911325, 44.866644769479734], [-92.77147941664876, 44.866642970854365], [-92.77147984514515, 44.86664210242072], [-92.77148116207535, 44.86663943472489], [-92.77148247810725, 44.86663676830227], [-92.7714837932408, 44.8666341006062], [-92.77148467089486, 44.86663232235431], [-92.77148514610364, 44.866631443733574], [-92.77148657352663, 44.866628804687934], [-92.77148707029497, 44.86662788531953], [-92.77148800094962, 44.86662616627887], [-92.77148942747428, 44.86662352850633], [-92.77149085489727, 44.866620890096975], [-92.77149228142194, 44.86661825168755], [-92.77149370794662, 44.86661561391464], [-92.77149516681062, 44.86661291502016], [-92.77149656189427, 44.86661033645844], [-92.77149798931727, 44.86660769932191], [-92.77149846362772, 44.86660681942745], [-92.77149948860546, 44.86660508192236], [-92.7715010247246, 44.866602475346276], [-92.77150256084374, 44.866599868133385], [-92.77150363253388, 44.86659805104286], [-92.77150409875951, 44.866597262193764], [-92.77150563487864, 44.866594654980624], [-92.77150717099778, 44.86659204776743], [-92.77150870801522, 44.86658943991737], [-92.77151024413438, 44.86658683397727], [-92.7715117802535, 44.86658422676371], [-92.77151331727096, 44.866581620186686], [-92.77151465845567, 44.86657933195066], [-92.77151599964039, 44.866577041804554], [-92.77151734172341, 44.866574752294994], [-92.77151868380646, 44.86657246278535], [-92.77151999534678, 44.86657022484686], [-92.7715213661759, 44.866567884402436], [-92.7715227073606, 44.86656559552921], [-92.77152404944364, 44.866563305382556], [-92.77152538973004, 44.8665610171458], [-92.77152628535039, 44.866559491017924], [-92.77152669588047, 44.866558717448704], [-92.77152792657242, 44.86655639674097], [-92.77152915906099, 44.86655407666984], [-92.77153039065124, 44.86655175659861], [-92.7715316222415, 44.86654943652729], [-92.77153277028843, 44.86654727180642], [-92.771534085422, 44.866544795747686], [-92.77153531701225, 44.86654247503939], [-92.77153654860251, 44.86654015560439], [-92.77153777929445, 44.86653783553256], [-92.77153819072285, 44.8665370613264], [-92.77153883750985, 44.86653570582882], [-92.77154005742203, 44.86653314827419], [-92.77154117762117, 44.86653079891469], [-92.77154229871864, 44.866528450191836], [-92.7715434180195, 44.86652610146884], [-92.77154453821865, 44.86652375338244], [-92.77154565931612, 44.86652140465925], [-92.7715467804136, 44.86651905593597], [-92.77154789971445, 44.86651670784928], [-92.77154901991359, 44.86651435912581], [-92.77155000895873, 44.866512156839335], [-92.77155099800385, 44.86650995518948], [-92.77155198615068, 44.86650775481287], [-92.77155297519579, 44.866505553162796], [-92.77155396424091, 44.866503352786076], [-92.77155495328606, 44.86650115049914], [-92.77155594233118, 44.86649895012225], [-92.77155692957967, 44.86649674783519], [-92.77155791862481, 44.866494546821386], [-92.77155890766993, 44.866492345170855], [-92.77155989671506, 44.866490144156884], [-92.7715608857602, 44.86648794314283], [-92.77156187390699, 44.86648574149204], [-92.77156286205383, 44.86648354047787], [-92.77156335702553, 44.86648244028905], [-92.77156385109895, 44.866481339463554], [-92.77156484014408, 44.866479137812526], [-92.77156582829089, 44.86647693679805], [-92.77156681733601, 44.866474735146845], [-92.77156780638114, 44.8664725341322], [-92.77156879542626, 44.866470333117526], [-92.77156978447141, 44.86646813082937], [-92.7715707717199, 44.86646592917778], [-92.77157176076501, 44.866463729436184], [-92.77157274981015, 44.866461527147784], [-92.77157373795696, 44.86645932676932], [-92.77157472700209, 44.86645712448076], [-92.77157571604722, 44.866454924102136], [-92.77157670509234, 44.86645272181339], [-92.77157769413748, 44.866450520797954], [-92.77157913144192, 44.86644731382211], [-92.77158057144133, 44.86644410811948], [-92.77158200874578, 44.86644090241667], [-92.77158344874519, 44.86643769480365], [-92.77158488784627, 44.86643448910048], [-92.77158632604903, 44.86643128276044], [-92.77158776515012, 44.866428075783524], [-92.77158920245458, 44.866424870079825], [-92.77159064245397, 44.86642166373925], [-92.77159207975842, 44.86641845803519], [-92.77159351975783, 44.86641525105761], [-92.77159495706228, 44.8664120447165], [-92.77159639616337, 44.86640883773851], [-92.77159783616277, 44.86640563139704], [-92.77159855481499, 44.86640402822624], [-92.77159927346723, 44.86640242569209], [-92.77160071346664, 44.866399218713624], [-92.77160215077107, 44.86639601300831], [-92.77160359077048, 44.86639280666613], [-92.77160502807494, 44.86638960096046], [-92.77160646717603, 44.86638639398123], [-92.77160790717542, 44.866383187638505], [-92.77160934447988, 44.86637998065896], [-92.77161078447928, 44.86637677431589], [-92.77161222178373, 44.866373568609326], [-92.77161366088482, 44.8663703616292], [-92.77161509908758, 44.86636715592228], [-92.77161653818868, 44.86636394830516], [-92.77161797818806, 44.866360742597884], [-92.77161941549252, 44.86635753625373], [-92.77162104144318, 44.866353928798006], [-92.77162266559722, 44.86635032070541], [-92.77162429154788, 44.86634671324923], [-92.77162591570193, 44.86634310642951], [-92.77162754165258, 44.866339497699535], [-92.77162916580663, 44.866335889606034], [-92.77163079175727, 44.86633228278565], [-92.77163241591133, 44.866328674691644], [-92.77163404186197, 44.86632506723415], [-92.77163566601602, 44.86632145977639], [-92.77163729196667, 44.86631785168171], [-92.77163891612072, 44.86631424422354], [-92.77164054207138, 44.866310637401796], [-92.77164216622542, 44.86630702866979], [-92.77164297920075, 44.86630522494034], [-92.77164379217608, 44.8663034205742], [-92.77164541633012, 44.86629981375177], [-92.77164704138247, 44.86629620501909], [-92.77164866643481, 44.86629259819621], [-92.77165029148716, 44.866288990736415], [-92.77165191653951, 44.866285382639745], [-92.77165354159186, 44.86628177517949], [-92.77165516664421, 44.86627816708236], [-92.77165679169656, 44.86627455962167], [-92.77165841585058, 44.86627095152409], [-92.77166004180125, 44.86626734469964], [-92.77166166595529, 44.86626373596491], [-92.77166329190595, 44.86626012914], [-92.77166491785661, 44.86625652104148], [-92.77166654201065, 44.866252913579416], [-92.77166751758105, 44.866250744390655], [-92.77166849404976, 44.86624857520175], [-92.77166946962016, 44.86624640728613], [-92.77167044519057, 44.86624423937046], [-92.77167142076095, 44.86624207018132], [-92.77167239633135, 44.8662399009921], [-92.77167337280007, 44.86623773307619], [-92.77167434837047, 44.86623556516015], [-92.77167532394085, 44.86623339597068], [-92.77167629951126, 44.86623122678114], [-92.77167727508166, 44.866229057591504], [-92.77167825155037, 44.8662268884018], [-92.77167922712077, 44.8662247204854], [-92.77168020269119, 44.866222551295515], [-92.77168069047637, 44.86622146765559], [-92.77168117915988, 44.86622038274226], [-92.77168215473029, 44.86621821546226], [-92.77168313030069, 44.86621604627214], [-92.77168410587109, 44.86621387708199], [-92.77168508144149, 44.8662117078917], [-92.7716860579102, 44.86620953997469], [-92.77168703348059, 44.86620737078424], [-92.77168800905099, 44.8662052028671], [-92.77168898462139, 44.8662030336765], [-92.7716899601918, 44.8662008644858], [-92.7716909366605, 44.86619869656842], [-92.77169191223089, 44.86619652737757], [-92.7716928878013, 44.866194359459975], [-92.7716938633717, 44.866192191542346], [-92.77169483894211, 44.86619002235125], [-92.77169590254739, 44.86618756919782], [-92.77169696525436, 44.86618511604435], [-92.77169802975799, 44.86618266289072], [-92.77169909246496, 44.86618020973703], [-92.77170015607025, 44.8661777565832], [-92.77170121877724, 44.86617530342926], [-92.77170228238253, 44.86617284963856], [-92.77170334508952, 44.866170397757806], [-92.7717039254012, 44.86616906007883], [-92.77170440959313, 44.866167944603546], [-92.77170511746559, 44.866166308955115], [-92.77170544894392, 44.86616548635575], [-92.77170644427726, 44.86616301919417], [-92.7717074396106, 44.866160551395836], [-92.77170843494392, 44.86615808423405], [-92.77170942937894, 44.86615561643551], [-92.77171042381397, 44.86615314863681], [-92.77171142004562, 44.86615068147475], [-92.77171250431216, 44.8661479908354], [-92.77171340981397, 44.866145746513574], [-92.77171440424898, 44.86614327871446], [-92.77171473572731, 44.86614245611475], [-92.77171535376824, 44.86614080263835], [-92.77171628082961, 44.86613832083194], [-92.77171720609435, 44.866135840935485], [-92.77171813315572, 44.86613335849212], [-92.77171905931878, 44.866130877958796], [-92.77171998458351, 44.86612839678861], [-92.77172091164489, 44.866125915618326], [-92.77172183690963, 44.86612343572133], [-92.77172276397103, 44.866120953914184], [-92.77172369103239, 44.866118473380276], [-92.77172500526765, 44.866114909204335], [-92.77172631950292, 44.866111345028166], [-92.77172763463649, 44.86610778148843], [-92.77172894887174, 44.866104216675176], [-92.771730263107, 44.86610065313499], [-92.77173157824058, 44.86609708832125], [-92.77173289247585, 44.86609352478068], [-92.7717342067111, 44.866089961239894], [-92.77173552094638, 44.86608639769883], [-92.77173639680377, 44.86608402094354], [-92.77173685853782, 44.86608283734105], [-92.77173824194337, 44.866079287170024], [-92.77173962624721, 44.86607573636209], [-92.77173999455648, 44.86607478833388], [-92.77174100875445, 44.86607218491723], [-92.77174239215996, 44.86606863474556], [-92.77174377556553, 44.86606508393697], [-92.77174515807273, 44.866061533128146], [-92.77174654237659, 44.866057981682424], [-92.77174792578212, 44.866054431509866], [-92.771749310086, 44.86605088070039], [-92.7717497700234, 44.866049697097225], [-92.77175073750897, 44.86604733880435], [-92.77175218918646, 44.86604380200158], [-92.77175364176227, 44.8660402658353], [-92.77175509343978, 44.866036729032096], [-92.7717565460156, 44.86603319159202], [-92.7717579976931, 44.86602965478839], [-92.77175944937059, 44.86602611671113], [-92.77176090104808, 44.86602258118046], [-92.7717623536239, 44.86601904373947], [-92.7717638053014, 44.866015506934964], [-92.77176456168287, 44.86601375094808], [-92.77176531806434, 44.86601199559779], [-92.77176607534413, 44.866010238337395], [-92.77176683172559, 44.86600848171365], [-92.77176758900538, 44.86600672572655], [-92.77176834538685, 44.866004970376046], [-92.77176910176833, 44.866003214388826], [-92.77176985904812, 44.866001457764874], [-92.77177061632788, 44.86599970177751], [-92.77177137360768, 44.86599794515344], [-92.77177212909082, 44.86599618916601], [-92.7717728863706, 44.86599443317849], [-92.77177364365039, 44.86599267782765], [-92.77177440093018, 44.865990920566674], [-92.77177477822259, 44.86599004257284], [-92.77177515641334, 44.86598916394234], [-92.7717759136931, 44.8659874079546], [-92.7717766709729, 44.86598565196685], [-92.77177742645605, 44.86598389534235], [-92.77177818373585, 44.86598213935445], [-92.77177894101563, 44.86598038272985], [-92.7717796964988, 44.86597862737859], [-92.77178045377856, 44.86597687139053], [-92.77178121105835, 44.86597511540246], [-92.77178196743982, 44.865973358777644], [-92.77178272382129, 44.865971602789415], [-92.77178348110108, 44.86596984680119], [-92.77178423838086, 44.86596809017621], [-92.77178499476231, 44.86596633418783], [-92.7717857520421, 44.86596457883614], [-92.77178672851082, 44.86596240135951], [-92.77178770587786, 44.86596022451949], [-92.77178868234657, 44.86595804831604], [-92.77178965971359, 44.865955872112565], [-92.77179063797894, 44.8659536946356], [-92.77179161444764, 44.86595151779525], [-92.77179259181469, 44.865949340954785], [-92.7717935682834, 44.86594716538767], [-92.77179454565042, 44.86594498727368], [-92.77179552391577, 44.8659428110697], [-92.7717965003845, 44.865940634865595], [-92.77179747775152, 44.86593845802475], [-92.77179845422023, 44.86593628182053], [-92.77179943158725, 44.86593410434282], [-92.77179992116909, 44.86593301624062], [-92.77180040895428, 44.8659319281384], [-92.77180138542299, 44.86592975129722], [-92.77180236368835, 44.86592757381927], [-92.77180334105537, 44.86592539761464], [-92.77180431752409, 44.86592322077317], [-92.77180529489111, 44.86592104329498], [-92.77180627135982, 44.865918867090095], [-92.77180724872687, 44.86591669088509], [-92.7718082269922, 44.86591451404334], [-92.77180920346092, 44.865912337201515], [-92.77181018082794, 44.86591016099631], [-92.77181115729667, 44.865907984790965], [-92.7718121346637, 44.86590580731219], [-92.77181311203073, 44.86590363047003], [-92.77181408849943, 44.865901454264495], [-92.77181505598499, 44.86589939266298], [-92.77181602347056, 44.86589733106144], [-92.7718169900578, 44.86589526945983], [-92.77181795754336, 44.86589320785809], [-92.77181892413061, 44.86589114625634], [-92.77181989161616, 44.86588908529116], [-92.77182085820341, 44.86588702305255], [-92.77182182568899, 44.865884962087264], [-92.77182279317455, 44.86588290048516], [-92.77182375976177, 44.86588083888304], [-92.77182472724733, 44.865878776644124], [-92.77182569383459, 44.86587671567851], [-92.77182666132016, 44.86587465407616], [-92.77182762880571, 44.86587259311043], [-92.77182811120103, 44.865871562309145], [-92.77182861785083, 44.8658705366014], [-92.77182962935385, 44.86586848582255], [-92.77183064265348, 44.86586643568033], [-92.77183165415649, 44.86586438553799], [-92.77183266655783, 44.86586233475893], [-92.77183367806083, 44.865860283979785], [-92.77183468956385, 44.86585823383728], [-92.77183570286347, 44.86585618305794], [-92.77183671436649, 44.865854132278585], [-92.77183772766614, 44.86585208149916], [-92.77183873916914, 44.86585003071965], [-92.77183975067214, 44.865847981213435], [-92.77184076307348, 44.865845930433785], [-92.77184177457649, 44.86584387965406], [-92.77184278787614, 44.86584182887426], [-92.77184368169985, 44.86584011044678], [-92.77184457732017, 44.865838392019256], [-92.77184547114388, 44.86583667295501], [-92.77184636676422, 44.86583495452739], [-92.77184726238455, 44.8658332348263], [-92.77184815710659, 44.86583151576191], [-92.77184905182861, 44.86582979733412], [-92.77184994655065, 44.86582807826959], [-92.77185084127264, 44.86582635984175], [-92.77185173599467, 44.86582464141381], [-92.77185263161502, 44.86582292171245], [-92.77185352543871, 44.86582120328441], [-92.77185442105906, 44.86581948421962], [-92.77185518283042, 44.86581802046779], [-92.7718557631421, 44.86581690625906], [-92.77185623296099, 44.86581605245684], [-92.77185717259877, 44.86581434485233], [-92.77185811133823, 44.865812639157866], [-92.77185905097603, 44.86581093218996], [-92.77185999061382, 44.865809225222], [-92.7718609293533, 44.865807517617284], [-92.77186186899108, 44.86580581192262], [-92.77186280862887, 44.865804104954506], [-92.77186374736834, 44.86580239798634], [-92.77186468700613, 44.86580069101813], [-92.7718656266439, 44.86579898468656], [-92.77186656538339, 44.86579727771829], [-92.77186750502118, 44.865795570749924], [-92.77186844465898, 44.865793863781505], [-92.77186938339844, 44.86579215617634], [-92.77187050000433, 44.86579027284442], [-92.7718716157119, 44.86578838823908], [-92.7718727314195, 44.86578650236028], [-92.7718738480254, 44.86578461775477], [-92.77187508051396, 44.86578253513829], [-92.77187608033888, 44.86578084790691], [-92.77187719604646, 44.86577896202786], [-92.77187831085573, 44.86577707742216], [-92.7718794265633, 44.865775192816336], [-92.77188017126669, 44.865773935988], [-92.77188107407353, 44.86577253908754], [-92.77188177296284, 44.8657714586226], [-92.77188297311206, 44.865769600120956], [-92.7718841750579, 44.86576774289266], [-92.77188537610543, 44.86576588439089], [-92.77188657715296, 44.865764025889064], [-92.77188755452, 44.865762513110575], [-92.77188898014634, 44.86576030824858], [-92.77189018029557, 44.86575845101997], [-92.77189178199173, 44.86575597365391], [-92.77189263808619, 44.86575475311651], [-92.77189371516621, 44.865753221873746], [-92.77189520906454, 44.86575109468773], [-92.7718964945537, 44.86574926547321], [-92.77189777914457, 44.86574743625868], [-92.77189906463374, 44.86574560577068], [-92.7719003501229, 44.86574377528268], [-92.77190163561207, 44.86574194606792], [-92.77190292020295, 44.86574011685315], [-92.7719042047938, 44.86573828763833], [-92.77190591788104, 44.86573587266719], [-92.77190763096829, 44.8657334583326], [-92.77190934405553, 44.865731043361244], [-92.77191105624448, 44.865728628389796], [-92.77191276933172, 44.86572621278154], [-92.77191448331729, 44.86572379780984], [-92.77191601135158, 44.86572164451842], [-92.77191790949176, 44.86571896850294], [-92.771919622579, 44.86571655289428], [-92.77192076433774, 44.865714943974055], [-92.77192130692016, 44.865714129645184], [-92.7719229364641, 44.86571168538523], [-92.77192456690634, 44.86570924112512], [-92.77192619645027, 44.86570679750161], [-92.77192764902608, 44.86570461746847], [-92.77192945463979, 44.86570190961757], [-92.77193108418373, 44.8656994647204], [-92.77193271282933, 44.865697021096466], [-92.77193434327157, 44.86569457747243], [-92.7719359728155, 44.865692133848306], [-92.77193651539793, 44.865691318245744], [-92.77193754576557, 44.86568967112327], [-92.77193858870962, 44.86568800107986], [-92.77193909086785, 44.86568719884782], [-92.77194063507183, 44.86568472784557], [-92.77194218017411, 44.86568225556991], [-92.77194372527639, 44.865679784567455], [-92.77194526858206, 44.86567731229158], [-92.77194681458266, 44.86567484065225], [-92.77194835968496, 44.865672369649474], [-92.7719499029906, 44.86566989737328], [-92.77195144809289, 44.86566742573359], [-92.77195269495452, 44.865665334199214], [-92.77195394181614, 44.86566324139136], [-92.77195518867774, 44.86566114985679], [-92.77195643553937, 44.86565905704878], [-92.77195768240097, 44.86565696487736], [-92.77195892746596, 44.8656548727059], [-92.77196017432757, 44.86565278117103], [-92.77196142118919, 44.86565068899942], [-92.77196266805079, 44.86564859682769], [-92.7719639149124, 44.865646503382564], [-92.77196516177403, 44.86564441184739], [-92.77196640863563, 44.86564231967543], [-92.77196765370063, 44.86564022750344], [-92.77196890056224, 44.865638135968034], [-92.77196952399304, 44.86563708988199], [-92.77197013215249, 44.86563603997572], [-92.77197134757307, 44.86563393761643], [-92.77197256389196, 44.86563183653038], [-92.77197377931255, 44.86562973544431], [-92.77197499473313, 44.86562763372145], [-92.77197621195033, 44.86562553199852], [-92.77197742737091, 44.865623430912215], [-92.77197864189317, 44.86562133046248], [-92.77197985911039, 44.86561922873932], [-92.77198107453097, 44.86561712765279], [-92.77198229084988, 44.865615026566175], [-92.77198350627044, 44.865612924206076], [-92.77198472169101, 44.86561082311931], [-92.77198593800992, 44.86560872203246], [-92.77198715343049, 44.8656066209455], [-92.77198923123375, 44.86560294595329], [-92.77199130813868, 44.8655992709608], [-92.7719933841453, 44.865595596604784], [-92.77199546105025, 44.86559192097517], [-92.7719975388535, 44.86558824598198], [-92.77199961575842, 44.865584571625256], [-92.77200169176504, 44.865580896631634], [-92.7720037695683, 44.86557722163775], [-92.77200584647323, 44.86557354664366], [-92.77200792247986, 44.865569872286], [-92.7720099993848, 44.8655661972914], [-92.77201207718807, 44.86556252229661], [-92.77201415409299, 44.86555884730154], [-92.77201623009961, 44.86555517230623], [-92.7720172694504, 44.86555333480852], [-92.77201829173319, 44.86555149349057], [-92.7720203380954, 44.86554780958112], [-92.7720223835593, 44.865544126308095], [-92.77202442992153, 44.86554044239818], [-92.77202647628374, 44.86553675912468], [-92.77202852084933, 44.865533074577584], [-92.77203056721154, 44.865529390666914], [-92.77203261357377, 44.86552570739276], [-92.77203465903767, 44.86552202475502], [-92.77203670539988, 44.86551834084369], [-92.7720387508638, 44.865514656295375], [-92.772040797226, 44.86551097302028], [-92.77204284358821, 44.8655072897449], [-92.77204488995044, 44.865503605832615], [-92.77204693451601, 44.86549992255677], [-92.77204977139567, 44.865494603613165], [-92.77205260917367, 44.86548928594247], [-92.7720554442567, 44.865483966997886], [-92.77205828203468, 44.86547864805281], [-92.77206111891435, 44.86547332910724], [-92.77206382643662, 44.86546825274178], [-92.77206679267371, 44.865462693761394], [-92.77206750234276, 44.865461363069656], [-92.77206950917912, 44.865457343616306], [-92.77207218615865, 44.86545198392033], [-92.77207486403651, 44.8654466235871], [-92.7720775419144, 44.86544126261671], [-92.77208009762136, 44.86543614549997], [-92.77208289497516, 44.86543054258455], [-92.77208557285302, 44.86542518288603], [-92.77208691044449, 44.865422503036626], [-92.77208816988251, 44.865419802812795], [-92.77209068606362, 44.86541440427493], [-92.77209320224473, 44.86540900446309], [-92.77209554774595, 44.865403972660665], [-92.77209823550527, 44.86539820547469], [-92.77210075258469, 44.865392805661386], [-92.77210326876582, 44.86538740712093], [-92.77210515522789, 44.86538335837446], [-92.77210574452273, 44.86538199839286], [-92.77210809900708, 44.865376562286386], [-92.77211045349145, 44.865371126179404], [-92.7721128079758, 44.865365689435194], [-92.77211516246015, 44.86536025396388], [-92.77211751784284, 44.865354817855355], [-92.77211987142888, 44.865349382382966], [-92.77212222591325, 44.86534394627341], [-92.77212385276222, 44.86534025598372], [-92.77212547871291, 44.86533656633044], [-92.77212710646019, 44.86533287604027], [-92.77212880697101, 44.8653290189355], [-92.77213036015814, 44.865325496732616], [-92.7721319861088, 44.865321805805024], [-92.77213361295779, 44.86531811678727], [-92.77213401989462, 44.86531719485116], [-92.77213552277608, 44.865314124701904], [-92.77213714872674, 44.86531080369413], [-92.77213893727247, 44.86530715160407], [-92.77214072581819, 44.86530349951378], [-92.77214263473819, 44.86529959911167], [-92.77214430201136, 44.86529619660591], [-92.77214609055709, 44.86529254387821], [-92.77214698348249, 44.86529071846936], [-92.77214795905287, 44.865288912798], [-92.77215008267021, 44.865284976103204], [-92.77215185414795, 44.86528169265887], [-92.77215380259379, 44.86527808258894], [-92.77215575103966, 44.86527447251878], [-92.77215769768887, 44.86527086181174], [-92.77215813876167, 44.86527004301973], [-92.77215964613471, 44.86526725110442], [-92.77216110589706, 44.86526454386967], [-92.77216163320813, 44.86526365313083], [-92.77216373796084, 44.86526008826526], [-92.7721658445102, 44.865256522126096], [-92.77216641673702, 44.865255551800004], [-92.7721679501612, 44.86525295726007], [-92.77217005671055, 44.86524939175712], [-92.77217216236157, 44.86524582689065], [-92.7721742671143, 44.865242261387266], [-92.7721763727653, 44.8652386958837], [-92.77217815053126, 44.86523589951002], [-92.77217992650057, 44.86523310313615], [-92.77218170426653, 44.865230304852126], [-92.77218348023584, 44.865227508478036], [-92.77218525710346, 44.8652247121038], [-92.77218703486943, 44.86522191509273], [-92.77218881083873, 44.86521911871824], [-92.77219058860469, 44.8652163217069], [-92.772192364574, 44.86521352405871], [-92.77219414144162, 44.8652107276838], [-92.77219591920759, 44.86520793067206], [-92.77219669265703, 44.865206712669874], [-92.77219769517689, 44.86520513302346], [-92.77219947294286, 44.865202336648146], [-92.77220124981048, 44.86519953963599], [-92.77220213734597, 44.86519814144822], [-92.77220306979724, 44.865196757267746], [-92.77220493290314, 44.865193988906725], [-92.77220679690735, 44.86519122181893], [-92.77220866001325, 44.86518845345764], [-92.77221052401748, 44.86518568573292], [-92.77221238712337, 44.86518291609794], [-92.77221425112758, 44.865180148372964], [-92.77221611423347, 44.86517738001114], [-92.77221797733937, 44.86517461164918], [-92.7722198413436, 44.865171843287044], [-92.77222170444949, 44.865169075561525], [-92.77222356845371, 44.86516630719917], [-92.7722254315596, 44.865163538836676], [-92.77222729556381, 44.86516077047405], [-92.77222915866972, 44.8651580021113], [-92.77223136583038, 44.86515473648723], [-92.77223357478766, 44.86515147086298], [-92.77223578194831, 44.865148205875265], [-92.77223798910896, 44.865144940250694], [-92.77224019806626, 44.86514167462589], [-92.77224240522689, 44.865138409000906], [-92.77224461328586, 44.865135144012434], [-92.77224682044653, 44.865131878387125], [-92.77224902940381, 44.86512861276158], [-92.77225123656447, 44.86512534777256], [-92.77225344372512, 44.86512208214664], [-92.77225565268239, 44.86511881652059], [-92.77225786074136, 44.86511555153102], [-92.77225896566918, 44.86511391394256], [-92.77226006790201, 44.865112284631124], [-92.77226117193152, 44.86511065277291], [-92.77226223284185, 44.86510900627052], [-92.77226435376424, 44.86510571135558], [-92.77226647468662, 44.86510241771381], [-92.77226859650732, 44.86509912279848], [-92.77227071742972, 44.86509582788297], [-92.7722728383521, 44.86509253424063], [-92.7722749610711, 44.86508923932474], [-92.77227708199351, 44.86508594440867], [-92.77227920381421, 44.865082650765764], [-92.7722813247366, 44.865079356486014], [-92.7722834465573, 44.865076060932665], [-92.77228556747967, 44.8650727672892], [-92.77228768840207, 44.86506947300883], [-92.77228981112107, 44.865066178728334], [-92.77229193204344, 44.865062884447596], [-92.77229428023962, 44.86505912473969], [-92.77229662843575, 44.865055365668205], [-92.77229897483528, 44.86505160659651], [-92.77230132482806, 44.86504784688782], [-92.77230367302421, 44.86504408717893], [-92.77230602122039, 44.86504032746979], [-92.7723083676199, 44.865036569033784], [-92.77231071581605, 44.86503280932411], [-92.7723130640122, 44.86502904961424], [-92.77231541220836, 44.86502529117751], [-92.77231776040452, 44.86502153019372], [-92.77232010860067, 44.865017771756484], [-92.77232245679681, 44.865014012045634], [-92.77232480499298, 44.86501025233453], [-92.77232597909105, 44.865008372797206], [-92.77232715318912, 44.865006493259855], [-92.77232950138527, 44.86500273418493], [-92.77233184958143, 44.864998974473096], [-92.77233419777757, 44.86499521539768], [-92.77233654597374, 44.86499145504864], [-92.77233889416988, 44.86498769597277], [-92.77234124236604, 44.86498393625991], [-92.77234359056219, 44.86498017782022], [-92.77234593875833, 44.86497641810691], [-92.77234828695451, 44.86497265839337], [-92.77235063515064, 44.86496889867952], [-92.7723529833468, 44.86496513896547], [-92.77235533064464, 44.86496138052455], [-92.77235767884078, 44.864957620810024], [-92.77236002703695, 44.864953861095195], [-92.77236131791601, 44.86495176316787], [-92.77236260789677, 44.86494966460377], [-92.77236389877582, 44.864947566039596], [-92.77236518875658, 44.86494546811201], [-92.77236647873731, 44.864943369547674], [-92.7723677705147, 44.864941271619976], [-92.77236906049544, 44.86493917305549], [-92.77237035137452, 44.8649370751276], [-92.77237164135525, 44.86493497592625], [-92.77237293223432, 44.86493287736154], [-92.77237422221506, 44.86493077943345], [-92.77237551309412, 44.864928680868594], [-92.77237680307488, 44.86492658294031], [-92.77237809305564, 44.864924484375294], [-92.77237873984262, 44.864923435729445], [-92.772379384833, 44.864922385810196], [-92.77238067391544, 44.86492028788173], [-92.77238196569282, 44.86491818867978], [-92.77238325567356, 44.864916091387826], [-92.7723845456543, 44.86491399282243], [-92.77238583653337, 44.864911893620224], [-92.77238712651412, 44.86490979632806], [-92.77238841739317, 44.86490769712571], [-92.77238970737393, 44.86490559919672], [-92.77239099825299, 44.86490350063093], [-92.77239228823375, 44.864901402065065], [-92.77239358001111, 44.8648993041358], [-92.77239486999187, 44.864897205569775], [-92.77239615907429, 44.86489510636698], [-92.77239745085168, 44.86489300907424], [-92.7723991917867, 44.86489011463181], [-92.77240093272174, 44.864887221462624], [-92.77240267455505, 44.864884326383205], [-92.77240441549007, 44.86488143257706], [-92.7724061564251, 44.86487853813406], [-92.77240789736013, 44.86487564432757], [-92.77240964009178, 44.86487275052099], [-92.77241138102679, 44.86486985544084], [-92.7724131219618, 44.86486696227063], [-92.77241486379515, 44.86486406846361], [-92.77241660473017, 44.86486117338302], [-92.77241834566519, 44.86485827957572], [-92.77242008839683, 44.864855385131506], [-92.77242182933186, 44.8648524913239], [-92.77242269979936, 44.86485104410171], [-92.77242355230058, 44.86484959242255], [-92.7724252582013, 44.864846688427406], [-92.77242696500034, 44.86484378315874], [-92.7724286726977, 44.86484087788988], [-92.77243037859841, 44.864837974531014], [-92.77243208360083, 44.86483506926191], [-92.77243379129818, 44.86483216462931], [-92.77243549719891, 44.864829259996625], [-92.77243720399795, 44.86482635472708], [-92.77243890989867, 44.86482345073076], [-92.77244061669771, 44.86482054609759], [-92.77244232259845, 44.86481764210102], [-92.77244402939749, 44.864814736830844], [-92.7724457352982, 44.86481183219727], [-92.77244744119892, 44.864808927563516], [-92.77244915518449, 44.86480593888501], [-92.77245087006837, 44.86480295084301], [-92.77245258405392, 44.8647999621642], [-92.77245429714117, 44.86479697412188], [-92.77245601202505, 44.86479398544271], [-92.77245772601061, 44.864790997400135], [-92.77245943909786, 44.86478800935736], [-92.77246115308341, 44.86478502131443], [-92.77246286796729, 44.864782031997976], [-92.77246458195286, 44.86477904459145], [-92.7724662950401, 44.86477605591134], [-92.77246800902567, 44.86477306786779], [-92.77246972390955, 44.86477007918742], [-92.7724714378951, 44.86476709050685], [-92.77247229488788, 44.864765596166556], [-92.77247313301606, 44.864764097369225], [-92.77247481286564, 44.86476109850117], [-92.7724764918169, 44.864758100269576], [-92.77247816986986, 44.86475510140121], [-92.7724798488211, 44.86475210316931], [-92.77248152777238, 44.86474910430062], [-92.77248320672363, 44.8647461060684], [-92.7724848847766, 44.86474310783607], [-92.77248656462618, 44.864740108966885], [-92.7724882417808, 44.86473711073424], [-92.7724899216304, 44.86473411250144], [-92.77249160058166, 44.864731114268494], [-92.77249327953294, 44.86472811539867], [-92.77249495848419, 44.864725116528696], [-92.77249663653714, 44.86472211829527], [-92.7724976794812, 44.86472018590225], [-92.77249872332357, 44.86471825350911], [-92.77249976536928, 44.864716321115964], [-92.77250080831332, 44.86471438808603], [-92.77250185215568, 44.864712455692704], [-92.77250289509972, 44.86471052202593], [-92.77250393714546, 44.8647085909059], [-92.77250498098782, 44.864706657239005], [-92.77250602393187, 44.86470472484546], [-92.77250706687592, 44.86470279245181], [-92.77250811071828, 44.86470085942142], [-92.77250915276399, 44.86469892702769], [-92.77251019750466, 44.86469699336046], [-92.7725112395504, 44.86469506096655], [-92.77251176057327, 44.864694095724666], [-92.77251226003656, 44.86469312284228], [-92.77251325806485, 44.86469117835092], [-92.77251425609312, 44.86468923385948], [-92.7725152541214, 44.86468728873127], [-92.77251625214969, 44.8646853442397], [-92.77251725017796, 44.864683399748074], [-92.77251824820625, 44.86468145589304], [-92.77251924623452, 44.86467951012785], [-92.77252024426281, 44.86467756627273], [-92.77252124229109, 44.86467562114412], [-92.77252224031936, 44.86467367601546], [-92.77252323744933, 44.86467173216013], [-92.77252423637593, 44.86466978703134], [-92.7725252335059, 44.86466784190245], [-92.77252623243248, 44.86466589804695], [-92.77252748737895, 44.864663335952294], [-92.77252874232539, 44.86466077385753], [-92.77252999906848, 44.864658211762695], [-92.77253125401494, 44.86465564966769], [-92.77253250985972, 44.864653087572584], [-92.77253376480614, 44.86465052547736], [-92.77253502154925, 44.864647963382076], [-92.77253627649569, 44.864645401286616], [-92.77253753144214, 44.86464283919105], [-92.77253878818522, 44.86464027709537], [-92.77254004403, 44.864637714999624], [-92.77254129897644, 44.864635152903716], [-92.77254255392289, 44.86463259144441], [-92.77254381066598, 44.864630028074885], [-92.77254443769004, 44.86462874702678], [-92.77254504315455, 44.86462746152168], [-92.77254625318524, 44.86462488796469], [-92.77254746321591, 44.86462231504425], [-92.77254867324662, 44.864619741486976], [-92.77254988327729, 44.864617167929644], [-92.77255109330797, 44.86461459564552], [-92.77255230333867, 44.86461202208796], [-92.77255351426767, 44.86460944853023], [-92.77255472429837, 44.8646068756091], [-92.77255593432905, 44.864604302051184], [-92.77255714435974, 44.8646017297665], [-92.77255835439044, 44.86459915620836], [-92.7725595644211, 44.86459658328676], [-92.77256077445179, 44.86459400972834], [-92.7725619844825, 44.86459143616986], [-92.77256310917322, 44.86458890781722], [-92.77256423476227, 44.86458637882775], [-92.77256536124965, 44.864583851111604], [-92.77256648683868, 44.864581322121964], [-92.77256761242774, 44.86457879376888], [-92.77256873711849, 44.864576265415685], [-92.77256986270753, 44.864573737062386], [-92.77257098829658, 44.8645712080723], [-92.77257211478396, 44.86456867908205], [-92.772573240373, 44.86456615072841], [-92.77257436506373, 44.864563621737986], [-92.77257549065278, 44.864561092747415], [-92.772576525512, 44.86455876750224], [-92.7725777427292, 44.86455603667608], [-92.77257830417626, 44.864554771543965], [-92.77257883238565, 44.864553500044764], [-92.7725798870078, 44.86455095704624], [-92.77258094252825, 44.86454841277422], [-92.77258199804871, 44.86454586850209], [-92.77258305356915, 44.86454332422985], [-92.77258410819131, 44.864540780594155], [-92.77258516461008, 44.864538236321685], [-92.77258621923221, 44.86453569332253], [-92.77258727385437, 44.864533149049834], [-92.77258833027314, 44.86453060477704], [-92.77258938489528, 44.86452806177749], [-92.77259043951743, 44.86452551750446], [-92.7725914959362, 44.8645229725946], [-92.77259255055834, 44.86452042959473], [-92.77259360607879, 44.864517885321355], [-92.7725945169705, 44.86451551232156], [-92.77259542696387, 44.864513138684934], [-92.77259633785559, 44.864510765684926], [-92.77259724784896, 44.86450839204811], [-92.77259815874066, 44.8645060184112], [-92.77259907053067, 44.86450364604757], [-92.77259998052406, 44.86450127241046], [-92.77260089141576, 44.864498898136574], [-92.77260180140912, 44.86449652513594], [-92.77260271230084, 44.86449415213525], [-92.77260362229421, 44.86449177849775], [-92.77260445143922, 44.864489620066564], [-92.77260544407761, 44.86448703185917], [-92.77260635496933, 44.864484658858096], [-92.77260681041517, 44.86448347203913], [-92.77260722992841, 44.86448227885314], [-92.77260806895488, 44.864479893117725], [-92.77260890887966, 44.86447750610883], [-92.77260974970277, 44.86447511846312], [-92.77261058872926, 44.86447273272741], [-92.77261142775573, 44.86447034571822], [-92.77261226768051, 44.86446795870892], [-92.77261310670698, 44.864465572972925], [-92.77261394663178, 44.86446318532672], [-92.77261478565826, 44.86446079959056], [-92.77261562558304, 44.86445841258083], [-92.77261646460953, 44.86445602684447], [-92.77261730453432, 44.864453639834544], [-92.77261814356079, 44.86445125282456], [-92.77261898348559, 44.864448867087916], [-92.77261978837606, 44.86444638902877], [-92.77262059236826, 44.86444391096951], [-92.77262139725875, 44.86444143354689], [-92.77262220125093, 44.86443895676086], [-92.77262300614142, 44.8644364774279], [-92.77262381103192, 44.86443400000495], [-92.77262461502411, 44.86443152321854], [-92.77262541901628, 44.86442904452199], [-92.77262622390677, 44.864426567735435], [-92.77262702969558, 44.86442408967533], [-92.77262783368775, 44.86442161097845], [-92.77262863857825, 44.86441913419152], [-92.77262944257043, 44.86441665613115], [-92.77263024746092, 44.86441417870734], [-92.77263064900785, 44.86441293967704], [-92.77263102450364, 44.86441169682645], [-92.77263177729186, 44.86440921048853], [-92.77263252828344, 44.86440672478722], [-92.77263328017332, 44.864404237812415], [-92.7726340311649, 44.86440175211089], [-92.7726347830548, 44.86439926640926], [-92.77263553404639, 44.86439677943408], [-92.77263628683458, 44.864394293095565], [-92.77263703872448, 44.86439180739361], [-92.77263778971606, 44.86438932041811], [-92.77263854250425, 44.86438683407922], [-92.77263929259753, 44.86438434901367], [-92.77264004538574, 44.864381862037845], [-92.7726407963773, 44.86437937633536], [-92.77264154826722, 44.86437688999609], [-92.77264195430571, 44.86437540201269], [-92.77264236034422, 44.86437391275582], [-92.77264276638272, 44.86437242349892], [-92.77264317242125, 44.86437093551541], [-92.77264357845975, 44.86436944625847], [-92.77264398449826, 44.864367957001456], [-92.77264438874013, 44.864366469017824], [-92.77264479477863, 44.86436497976078], [-92.77264520081714, 44.86436349114036], [-92.77264558978766, 44.86436206300702], [-92.77264601289417, 44.8643605138994], [-92.77264641893267, 44.8643590246422], [-92.77264682497118, 44.864357535384904], [-92.77264743402894, 44.86435530309072], [-92.77264796223834, 44.86435305997238], [-92.77264831527624, 44.86435156371118], [-92.77264866741582, 44.86435006872333], [-92.77264901955542, 44.86434857309878], [-92.77264937259332, 44.8643470781109], [-92.77264972563124, 44.8643455818495], [-92.77265007777083, 44.86434408558811], [-92.77265042991041, 44.86434258996339], [-92.77265078294832, 44.86434109433865], [-92.77265113508791, 44.864339598713805], [-92.77265148812582, 44.86433810245226], [-92.77265184116374, 44.86433660746411], [-92.772652192405, 44.864335111839196], [-92.77265254544291, 44.8643336162142], [-92.77265279966613, 44.86433241984156], [-92.77265305299106, 44.86433122410559], [-92.77265330631595, 44.86433002709617], [-92.77265356053917, 44.86432883072346], [-92.7726538147624, 44.864327634987426], [-92.77265406898563, 44.8643264386146], [-92.77265432320885, 44.864325242878515], [-92.77265457563546, 44.864324046505686], [-92.77265482985868, 44.864322849496126], [-92.77265508408192, 44.864321653759966], [-92.77265533830514, 44.86432045738707], [-92.77265559163003, 44.86431926037743], [-92.77265584495495, 44.864318065277864], [-92.77265616206024, 44.86431656965248], [-92.77265635250309, 44.864315672531895], [-92.7726566067263, 44.86431447615887], [-92.77265686094954, 44.86431327978582], [-92.77265711337613, 44.86431208404946], [-92.77265736759936, 44.864310887676375], [-92.77265762182257, 44.8643096913032], [-92.7726578760458, 44.864308495566775], [-92.77265813026904, 44.86430729855688], [-92.77265838359395, 44.864306102183676], [-92.77265863691886, 44.86430490644718], [-92.77265889114207, 44.864303710073926], [-92.77265914446699, 44.864302514337325], [-92.77265939869021, 44.864301317964035], [-92.77265965291345, 44.86430012222743], [-92.77265990534002, 44.86429892521736], [-92.7726606958575, 44.86429508205089], [-92.77266148547663, 44.86429123824739], [-92.77266227419744, 44.86428739508039], [-92.77266306381657, 44.86428355191311], [-92.77266385253739, 44.864279708745556], [-92.77266464305484, 44.86427586430437], [-92.77266543177566, 44.86427202177302], [-92.77266622139481, 44.864268178604746], [-92.77266701011561, 44.86426433543617], [-92.77266779883644, 44.86426049163067], [-92.77266858845557, 44.86425664782486], [-92.7726693771764, 44.86425280465556], [-92.77267016769383, 44.86424896084924], [-92.77267095641466, 44.86424511767943], [-92.77267135167338, 44.864243196731096], [-92.7726717460338, 44.86424127450931], [-92.7726725347546, 44.864237431338935], [-92.77267332437376, 44.86423358753164], [-92.77267411309458, 44.86422974436075], [-92.77267490181539, 44.864225901189656], [-92.77267569233284, 44.864222058018264], [-92.77267648195198, 44.864218214209934], [-92.77267727067279, 44.864214371038024], [-92.77267805939361, 44.86421052722919], [-92.77267884901276, 44.86420668342004], [-92.7726796395302, 44.86420284024741], [-92.77268042825102, 44.864198997711185], [-92.77268121697183, 44.86419515390132], [-92.77268200659097, 44.86419131009115], [-92.77268279531178, 44.86418746691745], [-92.77268320943513, 44.86418539697738], [-92.77268362176186, 44.86418332640053], [-92.77268403498688, 44.8641812558236], [-92.7726844473136, 44.86417918651999], [-92.77268485964031, 44.86417711530619], [-92.77268527376366, 44.86417504472904], [-92.77268568609037, 44.86417297478854], [-92.77268609931541, 44.864170904211235], [-92.7726865116421, 44.86416883427054], [-92.77268692396883, 44.864166763693085], [-92.77268733809218, 44.864164694389], [-92.7726877504189, 44.86416262381135], [-92.77268816364392, 44.864160552596964], [-92.77268857597063, 44.86415848329266], [-92.77268878258316, 44.864157447367056], [-92.77268899009398, 44.864156412714834], [-92.7726894024207, 44.86415434277361], [-92.77268981474742, 44.86415227219564], [-92.77269022797246, 44.86415020098088], [-92.77269064029917, 44.864148131676195], [-92.77269105442252, 44.864146061098], [-92.77269146674924, 44.8641439911564], [-92.77269187907594, 44.864141920578064], [-92.77269229230096, 44.86413984999965], [-92.77269270462767, 44.86413777878443], [-92.77269311875102, 44.864135709479264], [-92.77269353107775, 44.86413363953734], [-92.77269394430279, 44.864131568958626], [-92.7726943566295, 44.86412949837984], [-92.77269476895621, 44.86412742843765], [-92.77269511480759, 44.86412561317918], [-92.77269545976067, 44.864123797920655], [-92.77269580471373, 44.86412198266208], [-92.77269615146344, 44.864120168040124], [-92.7726964964165, 44.86411835341815], [-92.77269684136957, 44.864116538796075], [-92.77269718632263, 44.86411472290054], [-92.7726975312757, 44.864112908915075], [-92.77269787712709, 44.86411109301943], [-92.77269822208015, 44.86410927839718], [-92.77269856703323, 44.86410746377482], [-92.77269891288461, 44.86410564915244], [-92.7726992578377, 44.86410383325657], [-92.77269960279077, 44.86410201863404], [-92.77269977616561, 44.86410111132278], [-92.77269994774383, 44.864100203374775], [-92.77270029449353, 44.864098388752176], [-92.7727006394466, 44.86409657349275], [-92.77270098439966, 44.864094758233314], [-92.77270132935273, 44.864092943610544], [-92.7727016752041, 44.86409112898766], [-92.77270202015718, 44.86408931309134], [-92.77270236511025, 44.8640874984684], [-92.77270271006333, 44.86408568257195], [-92.7727030559147, 44.86408386858556], [-92.77270340086778, 44.8640820539624], [-92.77270374582085, 44.86408023806579], [-92.77270409077391, 44.864078423442564], [-92.77270443752361, 44.86407660881927], [-92.77270478157835, 44.86407479419588], [-92.77270498010604, 44.86407336923899], [-92.77270517773542, 44.864071944918734], [-92.7727053358389, 44.86407081093819], [-92.77270557299414, 44.86406909691485], [-92.77270580835274, 44.86406740708641], [-92.77270596915118, 44.864066248274135], [-92.77270616678054, 44.86406482268026], [-92.77270632129077, 44.86406371289459], [-92.77270656293757, 44.86406197403935], [-92.77270669588825, 44.86406102534126], [-92.77270678482145, 44.86405911839446], [-92.77270685309342, 44.86405768770674], [-92.77270691687379, 44.86405630540897], [-92.77270698694238, 44.864054826967966], [-92.77270705341772, 44.864053396280184], [-92.77270710552, 44.86405228076389], [-92.77270718816501, 44.864050534904464], [-92.77270726542012, 44.86404888582492], [-92.7727073453702, 44.864047197906004], [-92.77270730314936, 44.86404624411405], [-92.77270725553865, 44.8640451776243], [-92.7727071755886, 44.86404338337466], [-92.77270710192674, 44.864041710099976], [-92.77270704892614, 44.86404052199849], [-92.77270698514576, 44.864039091947035], [-92.77270692585695, 44.8640377574021], [-92.77270685758498, 44.86403623057061], [-92.77270679380462, 44.864034799882326], [-92.77270673182085, 44.86403336919405], [-92.77270650724202, 44.86403162970116], [-92.77270628535815, 44.86402989084489], [-92.77270602574504, 44.864027859738506], [-92.77270583979377, 44.86402641122214], [-92.77270561701158, 44.86402467236572], [-92.77270535829679, 44.864022639985706], [-92.77270517234552, 44.86402119337938], [-92.77270494956332, 44.86401945261268], [-92.77270472678114, 44.864017714392766], [-92.77270457855911, 44.864016554306055], [-92.77270410874023, 44.8640142500503], [-92.77270375570231, 44.86401252138092], [-92.77270346105489, 44.86401107668446], [-92.77270305052483, 44.86400906404199], [-92.77270269928353, 44.86400733537245], [-92.7727024028395, 44.86400588367201], [-92.77270199410604, 44.86400387803316], [-92.77270164016981, 44.86400214809006], [-92.77270117124924, 44.86399984510714], [-92.77270085055068, 44.86399870221126], [-92.77270036905368, 44.863996990095885], [-92.77269988755668, 44.86399527798046], [-92.77269940605971, 44.86399356459158], [-92.77269892456272, 44.863991851202606], [-92.7726983604207, 44.86398984428987], [-92.77269796156874, 44.863988425697954], [-92.77269748097005, 44.86398671230887], [-92.77269699947306, 44.863984999556415], [-92.77269651797607, 44.863983287440625], [-92.77269609397125, 44.86398208787714], [-92.77269566996644, 44.86398088831362], [-92.77269524596161, 44.8639796893868], [-92.7726948219568, 44.86397848982323], [-92.772694397952, 44.86397729025964], [-92.77269397394718, 44.86397609069602], [-92.77269354994237, 44.86397489113238], [-92.77269322475223, 44.86397397044814], [-92.77269270193274, 44.863972492641736], [-92.77269241896343, 44.863971693569304], [-92.77269160239483, 44.863969753510524], [-92.77269125384849, 44.86396892833292], [-92.7726907552835, 44.86396774341345], [-92.77269025582024, 44.86396655913073], [-92.77268972132262, 44.86396528952865], [-92.77268925779194, 44.86396418929176], [-92.77268875922697, 44.86396300373551], [-92.77268825976365, 44.86396181945264], [-92.77268759411203, 44.86396024040884], [-92.77268721322636, 44.8639594629844], [-92.77268663920289, 44.863958294619266], [-92.77268606607772, 44.86395712689084], [-92.77268560524199, 44.86395618837843], [-92.77268491982744, 44.86395479143385], [-92.77268434670229, 44.86395362370535], [-92.77268377357711, 44.86395245597677], [-92.77268320045198, 44.86395128824822], [-92.77268262822514, 44.86395012051964], [-92.77268205420168, 44.86394895279105], [-92.77268124302299, 44.863947492175164], [-92.77268043274259, 44.86394603092253], [-92.7726796215639, 44.86394457030658], [-92.7726788112835, 44.863943108417196], [-92.77267817258135, 44.86394195724295], [-92.7726771898244, 44.8639401859117], [-92.77267637864573, 44.86393872465889], [-92.77267556926365, 44.86393726340608], [-92.77267475808493, 44.863935802789904], [-92.77267421729914, 44.86393482862127], [-92.77267304050612, 44.86393290893608], [-92.7726721583605, 44.863931468694524], [-92.77267127441827, 44.863930029089715], [-92.77267023147424, 44.863928327159655], [-92.77266950922873, 44.863927148606535], [-92.77266862708314, 44.863925709001606], [-92.77266774403921, 44.863924269396605], [-92.7726668618936, 44.863922828518206], [-92.77266568510056, 44.86392090883256], [-92.77266504909336, 44.86391996458912], [-92.77266409598083, 44.86391854790565], [-92.77266314286831, 44.86391713122214], [-92.77266218885748, 44.863915713901825], [-92.77266129323715, 44.86391438126419], [-92.77266028353078, 44.86391288053458], [-92.77265932862163, 44.863911463214215], [-92.7726583755091, 44.8639100458938], [-92.77265742149827, 44.863908629210044], [-92.77265646928406, 44.86390721252629], [-92.7726551370825, 44.86390538643674], [-92.77265380577926, 44.86390356034718], [-92.772652474476, 44.86390173362084], [-92.77265114317277, 44.86389990753116], [-92.77264981276782, 44.86389808207811], [-92.77264864765289, 44.86389648329444], [-92.77264715016132, 44.863894429261705], [-92.77264581885805, 44.863892603808516], [-92.77264448755481, 44.8638907777185], [-92.77264360001931, 44.86388955968845], [-92.77264172703195, 44.863887162467655], [-92.77264049813664, 44.86388558851549], [-92.77263891889837, 44.86388356631798], [-92.77263751393326, 44.86388176824302], [-92.77263610986648, 44.863879969531325], [-92.77263470579969, 44.863878171456285], [-92.77263329993626, 44.86387637338115], [-92.77263215817754, 44.86387491085331], [-92.77263002378044, 44.86387217744792], [-92.7726290401252, 44.863870998256864], [-92.77262756239655, 44.86386922947028], [-92.77262608556623, 44.86386746068371], [-92.77262461053252, 44.86386569189702], [-92.7726231337022, 44.86386392311028], [-92.77262165687186, 44.86386215432349], [-92.77262018004154, 44.86386038489992], [-92.77261870410952, 44.863858616749745], [-92.77261722727918, 44.86385684732611], [-92.77261575134719, 44.86385507917583], [-92.77261365378101, 44.86385270423853], [-92.77261155801145, 44.863850328664455], [-92.77260946134356, 44.86384795436368], [-92.7726073646757, 44.86384557815269], [-92.77260526800782, 44.86384320385172], [-92.77260317133994, 44.86384082827726], [-92.77260107377376, 44.863838452702694], [-92.77259895195306, 44.86383604847596], [-92.77259688043802, 44.86383370282668], [-92.77259548265944, 44.86383211995902], [-92.77259476041395, 44.86383133807588], [-92.7725925945758, 44.863828994973254], [-92.77259042783933, 44.86382665187059], [-92.77258826110287, 44.863824309404436], [-92.7725860943664, 44.86382196630157], [-92.77258392852825, 44.863819622561834], [-92.77258170789285, 44.86381722024444], [-92.772579594157, 44.8638149350821], [-92.77257742831885, 44.863812592615524], [-92.77257526068406, 44.863810249512134], [-92.7725745393369, 44.86380946890215], [-92.77257304903183, 44.86380792805692], [-92.77257081312509, 44.863805618699125], [-92.77256857811668, 44.863803308067794], [-92.77256634220993, 44.86380099743642], [-92.77256410720152, 44.86379868744162], [-92.77256187219308, 44.863796376810065], [-92.77255963628635, 44.86379406617836], [-92.7725574003796, 44.863791756820014], [-92.77255516447286, 44.86378944618817], [-92.77255292946442, 44.863787135556194], [-92.77255077171112, 44.86378501211782], [-92.77254861485612, 44.86378288804266], [-92.77254645800112, 44.863780763330695], [-92.77254430024782, 44.86377863925537], [-92.7725421424945, 44.863776515179964], [-92.77253998474119, 44.86377439110449], [-92.77253808929594, 44.86377252362437], [-92.77253567103119, 44.86377014231657], [-92.7725335141762, 44.863768018240854], [-92.77253207597343, 44.86376660155359], [-92.77253133216837, 44.86376590689931], [-92.77252910254983, 44.86376382038955], [-92.77252687203297, 44.863761735153105], [-92.77252464151613, 44.863759648643146], [-92.77252268229049, 44.86375781554514], [-92.77252018227905, 44.863755477533225], [-92.77251795266052, 44.86375339102303], [-92.77251572214367, 44.86375130514955], [-92.77251349162682, 44.863749219912656], [-92.7725112629066, 44.86374713403897], [-92.77251051910154, 44.86374643874772], [-92.77250898477904, 44.863745073633744], [-92.77250752052514, 44.86374377155442], [-92.7725066841936, 44.863743027872886], [-92.77250438181153, 44.86374098083855], [-92.77250208122608, 44.863738935077535], [-92.77249978064064, 44.863736888679725], [-92.77249747825856, 44.86373484164512], [-92.77249517857143, 44.86373279588389], [-92.77249287708769, 44.863730748849186], [-92.77249057560391, 44.86372870245109], [-92.77248827501849, 44.863726656689636], [-92.772485561208, 44.86372435305901], [-92.77248284829585, 44.86372205133842], [-92.77248013358705, 44.86371974834434], [-92.77247741977659, 44.86371744535016], [-92.7724747059661, 44.86371514171917], [-92.77247199125733, 44.86371283936153], [-92.77246927834517, 44.86371053573035], [-92.77246686636863, 44.86370848933153], [-92.7724638498259, 44.86370592974112], [-92.77246204061892, 44.86370439526028], [-92.77246111265923, 44.86370364139083], [-92.77245833057681, 44.86370138041909], [-92.77245554849435, 44.86369911881058], [-92.77245276641193, 44.86369685783871], [-92.77244998343117, 44.863694597503475], [-92.77244720134875, 44.86369233653143], [-92.77244472918508, 44.86369032578796], [-92.77244163718387, 44.8636878139503], [-92.77243885420312, 44.863685552977984], [-92.77243607212068, 44.863683291368865], [-92.77243514416101, 44.863682538135855], [-92.7724332451225, 44.86368105841181], [-92.7724303947681, 44.863678840735766], [-92.77242754531201, 44.86367662242298], [-92.77242469585593, 44.86367440474678], [-92.77242184550154, 44.86367218643382], [-92.77241899604545, 44.86366996748404], [-92.77241614569105, 44.86366774980758], [-92.77241329623499, 44.86366553149436], [-92.77241044588058, 44.86366331254429], [-92.7724075964245, 44.86366109486762], [-92.77240540094193, 44.86365952727638], [-92.77240416396181, 44.86365864415328], [-92.77240320545938, 44.86365795904843], [-92.77240073149909, 44.86365619280217], [-92.77239881359596, 44.86365482386575], [-92.7723969585749, 44.86365349822592], [-92.77239486190703, 44.86365200067314], [-92.77239380369163, 44.86365133785317], [-92.77239206185828, 44.86365024525083], [-92.77238994183422, 44.86364891579064], [-92.77238739421207, 44.8636473182735], [-92.77238650667657, 44.8636467611481], [-92.77238506038897, 44.86364585446639], [-92.77238285771988, 44.86364447343218], [-92.77238132609233, 44.863643512629665], [-92.77238034153878, 44.86364297142213], [-92.77237909467716, 44.863642286317045], [-92.77237788015489, 44.86364161840326], [-92.77237524449785, 44.86364016987718], [-92.7723729546922, 44.8636389123655], [-92.77237139521687, 44.863638054710684], [-92.77237049241, 44.863637558709854], [-92.77236803102612, 44.86363620632762], [-92.77236704647257, 44.86363566512002], [-92.77236549867533, 44.863634922710546], [-92.7723632277343, 44.86363383456487], [-92.77235992193405, 44.86363224850819], [-92.77235775789252, 44.863631211936394], [-92.77235546988351, 44.86363011423997], [-92.77235208323488, 44.86362849061698], [-92.77234993356642, 44.86362759794265], [-92.77234721077278, 44.86362646777372], [-92.77234455894606, 44.86362536625689], [-92.7723430093522, 44.86362472317478], [-92.77234187118673, 44.86362425073231], [-92.77233918432573, 44.863623135844435], [-92.77233649836303, 44.863622020319816], [-92.77233465322344, 44.863621223789366], [-92.7723328062872, 44.863620427258915], [-92.77233096024929, 44.86361963072845], [-92.77232911331306, 44.863618832924566], [-92.77232726727517, 44.86361803639408], [-92.77232607251582, 44.863617520654905], [-92.77232373959104, 44.863616274603615], [-92.77232225108263, 44.86361548061994], [-92.77232055416505, 44.86361457457446], [-92.77231885724747, 44.86361366725548], [-92.77231748821498, 44.86361293758004], [-92.7723163204051, 44.86361231296255], [-92.77231520200259, 44.86361158265032], [-92.77231396951402, 44.86361077784244], [-92.77231279182267, 44.86361000932735], [-92.77231163838584, 44.86360925545666], [-92.77231007441894, 44.86360823480232], [-92.77230883833711, 44.86360742744753], [-92.77230733725226, 44.86360644754295], [-92.77230557385936, 44.86360504358604], [-92.7723041590128, 44.863603918510314], [-92.77230274506454, 44.863602792797906], [-92.7723015026945, 44.8636018033425], [-92.7722992110922, 44.863599981063565], [-92.77229742074985, 44.86359823646388], [-92.77229614604046, 44.86359699614256], [-92.7722948731277, 44.863595755184534], [-92.77229356068908, 44.86359447729699], [-92.77229202007835, 44.863592975922366], [-92.77229118374682, 44.86359200747837], [-92.77229044353503, 44.863591149822845], [-92.77228923260603, 44.863589749049154], [-92.77228802886356, 44.86358835591599], [-92.77228728146524, 44.86358749061984], [-92.7722864514219, 44.86358652981638], [-92.77228533032444, 44.86358523155372], [-92.77228421551517, 44.86358394220506], [-92.77228322736836, 44.86358260064573], [-92.77228216376307, 44.86358116039546], [-92.7722814954165, 44.86358025243926], [-92.77228076508617, 44.86357926234674], [-92.77228001139964, 44.863578241055144], [-92.77227926939122, 44.863577234408034], [-92.77227828034607, 44.863575892848495], [-92.77227729040264, 44.8635745519257], [-92.77227610013489, 44.8635727175483], [-92.7722751308527, 44.863571226360584], [-92.77227416246882, 44.86356973517278], [-92.77227319498327, 44.86356824398494], [-92.77227222570107, 44.86356675279706], [-92.77227125731719, 44.86356526160914], [-92.77227028983162, 44.863563770421194], [-92.77226937444836, 44.86356236073279], [-92.77226835126724, 44.86356078677176], [-92.7722673837817, 44.86355929558368], [-92.77226641539781, 44.86355780439557], [-92.77226544611563, 44.86355631320742], [-92.77226447773174, 44.86355482201923], [-92.77226313654704, 44.86355275715014], [-92.77226258318481, 44.86355182690844], [-92.77226178188758, 44.86355048089132], [-92.7722607838593, 44.86354880123515], [-92.77225988284907, 44.863547288398394], [-92.77225898273716, 44.86354577556164], [-92.77225808262524, 44.86354426272485], [-92.77225718341164, 44.86354274988803], [-92.77225628329973, 44.863541237051166], [-92.77225538318781, 44.86353972421426], [-92.77225448217757, 44.86353821137727], [-92.7722535838623, 44.86353669854028], [-92.77225268285208, 44.863535185703256], [-92.77225178274014, 44.86353367350292], [-92.77225088262824, 44.86353216066576], [-92.772249981618, 44.86353064782862], [-92.77224917223593, 44.86352913944843], [-92.77224836195555, 44.86352763043152], [-92.77224755167516, 44.86352612268797], [-92.77224674049646, 44.86352461367094], [-92.77224593021607, 44.863523104017176], [-92.77224511993569, 44.86352159627352], [-92.77224446775881, 44.863520384602786], [-92.7722434984766, 44.86351857823921], [-92.7722426872979, 44.86351706922203], [-92.77224187701752, 44.863515560204746], [-92.77224106673712, 44.86351405246089], [-92.77224025555843, 44.86351254280685], [-92.77223927369981, 44.86351071479466], [-92.77223863589597, 44.863509526682215], [-92.77223823075576, 44.86350877153675], [-92.77223786603977, 44.86350800684057], [-92.77223713660776, 44.863506477448176], [-92.77223640897239, 44.863504947419], [-92.77223567954037, 44.863503418026525], [-92.77223495100668, 44.86350188799729], [-92.77223435452534, 44.86350063684972], [-92.7722334939393, 44.86349882857535], [-92.77223276450728, 44.86349729918271], [-92.77223203597359, 44.8634957691533], [-92.7722313074399, 44.86349423976058], [-92.7722305789062, 44.863492709731084], [-92.77222984947419, 44.86349118033824], [-92.77222912183879, 44.863489650308665], [-92.7722283924068, 44.86348812027905], [-92.7722276638731, 44.863486590886126], [-92.77222718327442, 44.86348541359735], [-92.77222670357405, 44.86348423567189], [-92.77222622297538, 44.86348305774634], [-92.7722257423767, 44.86348187854737], [-92.77222525548981, 44.86348068279369], [-92.77222478207766, 44.86347952269617], [-92.77222430058066, 44.86347834477057], [-92.77222382088031, 44.8634771668449], [-92.77222334028163, 44.863475988282495], [-92.77222284441159, 44.86347477342726], [-92.77222237998258, 44.863473632431095], [-92.77222189938391, 44.86347245386865], [-92.77222141968355, 44.86347127594287], [-92.7722206992347, 44.86346950905414], [-92.77222010454996, 44.8634677192436], [-92.77221970839294, 44.8634665247631], [-92.77221931223589, 44.86346533091929], [-92.77221891607887, 44.86346413707546], [-92.77221849476899, 44.86346287000917], [-92.77221812286645, 44.86346175002445], [-92.77221772670943, 44.86346055554381], [-92.77221733055238, 44.86345936169988], [-92.77221693439533, 44.863458167855924], [-92.7722165382383, 44.86345697337526], [-92.77221614118294, 44.86345577953126], [-92.77221574502592, 44.86345458696063], [-92.77221534886885, 44.86345339311657], [-92.77221495361013, 44.863452199272494], [-92.77221461225034, 44.863450739280744], [-92.77221435802711, 44.86344964540113], [-92.77221393402229, 44.86344782757444], [-92.77221350732252, 44.863445998286785], [-92.77221325040435, 44.86344489421963], [-92.77221291443443, 44.8634434546026], [-92.77221248414142, 44.86344160812344], [-92.7722123592756, 44.863440501509345], [-92.77221219757884, 44.86343905679852], [-92.77221198827137, 44.86343719885831], [-92.77221186250723, 44.86343607314257], [-92.7722117017088, 44.8634346386191], [-92.77221149240134, 44.86343277558501], [-92.77221128129725, 44.86343090745713], [-92.77221129926355, 44.86342834594424], [-92.77221130645007, 44.86342720558389], [-92.77221131812819, 44.86342572521653], [-92.77221132980627, 44.863423907389084], [-92.7722113369928, 44.863422761934864], [-92.77221134597595, 44.863421356063334], [-92.77221135495911, 44.86342017113264], [-92.7722114843165, 44.86341914538122], [-92.77221158762278, 44.86341832783627], [-92.77221176189593, 44.86341693788256], [-92.77221199994948, 44.86341505447293], [-92.77221214547656, 44.863413902651395], [-92.77221231795309, 44.86341252288508], [-92.77221251648076, 44.86341095274021], [-92.77221270153372, 44.863409478739634], [-92.77221310577559, 44.8634077914387], [-92.77221345522024, 44.863406328898954], [-92.77221391156442, 44.86340441620001], [-92.77221409931231, 44.86340362603374], [-92.77221431400964, 44.86340272762548], [-92.7722147982016, 44.8634006984071], [-92.77221511979846, 44.86339935238643], [-92.77221562285501, 44.86339724230483], [-92.77221605404635, 44.863395996885494], [-92.77221653284842, 44.86339460820464], [-92.77221731887427, 44.86339233639662], [-92.77221777881171, 44.863391008840615], [-92.7722184318869, 44.86338911715281], [-92.77221892775695, 44.8633876845383], [-92.77221942901689, 44.86338623409565], [-92.77221979013962, 44.86338519115228], [-92.77222016204215, 44.86338437742719], [-92.77222075942183, 44.86338306960924], [-92.7722217754164, 44.8633808436444], [-92.772222392559, 44.86337949252955], [-92.7722231911613, 44.86337774282939], [-92.77222388016912, 44.863376235718654], [-92.77222448114205, 44.86337492025992], [-92.77222518182796, 44.86337338768034], [-92.77222590227683, 44.86337213207299], [-92.77222631729848, 44.86337140685149], [-92.77222735125937, 44.86336960175665], [-92.77222813459029, 44.863368235997065], [-92.77222905266852, 44.86336663401509], [-92.77222995278044, 44.86336506450569], [-92.77223086097717, 44.863363479715055], [-92.77223176917393, 44.86336189428766], [-92.77223281660956, 44.86336038717645], [-92.7722336304832, 44.86335921561557], [-92.77223491507407, 44.8633573691337], [-92.7722357289477, 44.86335619757274], [-92.77223718601509, 44.86335410340754], [-92.77223806277081, 44.86335284143256], [-92.77223937431114, 44.8633509561107], [-92.77224027172811, 44.86334986732294], [-92.7722413236553, 44.86334859134011], [-92.77224266573833, 44.863346963888866], [-92.77224365658009, 44.86334576240198], [-92.77224531846336, 44.86334374655265], [-92.77224625810115, 44.86334260746407], [-92.77224745465712, 44.863341156383605], [-92.77224805383341, 44.86334043052499], [-92.7722487230783, 44.86333973713898], [-92.77225003911018, 44.86333837456223], [-92.77225140275279, 44.863336961684716], [-92.77225258044412, 44.86333574236949], [-92.77225408242728, 44.863334186867064], [-92.77225479838455, 44.86333344572716], [-92.77225542181537, 44.8633327988215], [-92.77225676030515, 44.86333141204932], [-92.77225776551995, 44.86333037101505], [-92.77225973462706, 44.8633286136728], [-92.77226108479492, 44.86332740963866], [-92.77226235591104, 44.86332627564345], [-92.77226403486232, 44.86332477744543], [-92.77226524219806, 44.86332369948142], [-92.77226698492971, 44.86332214525207], [-92.7722684599634, 44.86332082915538], [-92.77226982989421, 44.86331960028902], [-92.7722709635681, 44.86331858344987], [-92.77227278175823, 44.8633169515408], [-92.77227394238157, 44.863315911143005], [-92.77227526021011, 44.86331472875701], [-92.7722766822432, 44.86331345213663], [-92.77227752576125, 44.863312695715194], [-92.77227839533045, 44.863311915735146], [-92.77227948678352, 44.86331076582174], [-92.77228055577869, 44.86330964010353], [-92.77228169394418, 44.86330844116273], [-92.77228302524742, 44.86330703910874], [-92.77228399722456, 44.86330601462872], [-92.77228577678714, 44.8633041394928], [-92.77228672810303, 44.863303137934636], [-92.77228734524563, 44.863302487845054], [-92.772287890523, 44.86330180655624], [-92.77228898107775, 44.86330044334187], [-92.77228982010423, 44.863299394666434], [-92.77229137149473, 44.86329745522172], [-92.77229225364033, 44.86329635115173], [-92.77229317531182, 44.86329519932782], [-92.77229443564816, 44.86329362344934], [-92.77229525311508, 44.86329260151594], [-92.77229657363854, 44.863290613043695], [-92.7722973713425, 44.86328940900875], [-92.77229812952062, 44.863288265462046], [-92.77229946980702, 44.863286244516964], [-92.77230019474744, 44.863285151907704], [-92.77230113618187, 44.863283732661685], [-92.77230207671795, 44.86328231341564], [-92.77230276842073, 44.86328109218911], [-92.77230345922518, 44.86327986905243], [-92.77230414913133, 44.8632786478258], [-92.7723048408341, 44.86327742596247], [-92.77230553163854, 44.863276204099115], [-92.77230639941111, 44.86327466769668], [-92.77230691324745, 44.863273758462185], [-92.7723076040519, 44.86327253723548], [-92.77230829575468, 44.86327131409856], [-92.77230898655912, 44.86327009287181], [-92.77230967646527, 44.863268871008295], [-92.77231036816804, 44.86326764850802], [-92.77231089098753, 44.8632667239922], [-92.77231209562832, 44.86326459416743], [-92.77231302628296, 44.86326273176457], [-92.77231364701883, 44.86326149143602], [-92.77231426775468, 44.863260250470766], [-92.77231474565842, 44.86325929602904], [-92.7723155092264, 44.86325776854018], [-92.77231612996226, 44.86325652757485], [-92.77231675159645, 44.863255285972755], [-92.7723173723323, 44.86325404564405], [-92.77231799306817, 44.8632528040419], [-92.77231861380402, 44.86325156307646], [-92.77231923453989, 44.86325032274772], [-92.77231985527574, 44.86324908114549], [-92.77232047601161, 44.863247840179966], [-92.77232109764579, 44.86324659985111], [-92.77232167795746, 44.86324544611606], [-92.77232225737082, 44.86324429174425], [-92.7723228376825, 44.86324313737243], [-92.77232341709586, 44.863241983000584], [-92.77232399830584, 44.863240829902125], [-92.77232447351463, 44.863239882463965], [-92.77232515803088, 44.86323852243173], [-92.77232573834254, 44.8632373674231], [-92.7723263177559, 44.86323621368782], [-92.77232689896589, 44.86323505931584], [-92.77232747748093, 44.863233905580564], [-92.77232795448636, 44.86323295877901], [-92.77232863900261, 44.863231598109884], [-92.77232950857179, 44.86322986750685], [-92.77233048414219, 44.86322816428263], [-92.7723312836428, 44.86322676795717], [-92.7723317831061, 44.863225894378196], [-92.77233243348635, 44.86322476038104], [-92.77233308386663, 44.86322362447366], [-92.77233373424689, 44.86322249047646], [-92.77233438372885, 44.863221355205766], [-92.7723350341091, 44.86322022057178], [-92.77233568448938, 44.86321908466432], [-92.77233633397132, 44.863217949393565], [-92.7723369852499, 44.863216814122836], [-92.77233763473185, 44.86321567948872], [-92.7723382842138, 44.8632145442179], [-92.77233893369575, 44.86321341022051], [-92.77233966043282, 44.86321228513719], [-92.77234038716989, 44.863211160053794], [-92.77234111390696, 44.86321003497042], [-92.772341840644, 44.863208909250254], [-92.77234256738109, 44.863207784166846], [-92.77234318991357, 44.86320681889997], [-92.77234402085521, 44.86320553463659], [-92.77234474759226, 44.86320440827965], [-92.77234547343102, 44.86320328383288], [-92.77234620016809, 44.8632021587493], [-92.77234692690516, 44.863201032392304], [-92.77234744702969, 44.863200228215405], [-92.77234838037927, 44.86319878286182], [-92.77234955537568, 44.863196963753744], [-92.77235065401527, 44.86319544135698], [-92.77235144992261, 44.86319433983191], [-92.77235207604835, 44.86319347325638], [-92.77235303994067, 44.86319213678169], [-92.7723538349497, 44.86319103525655], [-92.77235463085704, 44.86318993436812], [-92.77235542676438, 44.86318883156953], [-92.77235622177339, 44.86318773131774], [-92.77235701768073, 44.86318662979252], [-92.77235781358809, 44.86318552826728], [-92.7723586076988, 44.86318442610533], [-92.77235940450444, 44.863183324580035], [-92.77236019861516, 44.86318222432814], [-92.77236118047377, 44.86318086429454], [-92.77236197458447, 44.86317993341016], [-92.77236266538893, 44.86317912350248], [-92.7723632978029, 44.86317838108711], [-92.77236393740337, 44.863177631667796], [-92.77236457341058, 44.863176885432075], [-92.77236542052191, 44.8631758940592], [-92.77236627212481, 44.86317489568236], [-92.7723674650875, 44.863173496172], [-92.77236877932276, 44.86317224756418], [-92.77236957073853, 44.86317149496122], [-92.77237048791844, 44.86317062265486], [-92.77237122902854, 44.863169918442566], [-92.77237189737511, 44.86316928363278], [-92.77237270046896, 44.86316852084223], [-92.7723734361892, 44.86316782236039], [-92.772374723475, 44.86316659794783], [-92.77237570443528, 44.86316584980182], [-92.77237645093528, 44.863165279937384], [-92.77237719563865, 44.86316471134641], [-92.77237815054781, 44.86316398039182], [-92.7723789967608, 44.863163336031135], [-92.7723805014389, 44.863162429341806], [-92.77238181028426, 44.86316164044563], [-92.77238289544913, 44.863160987170836], [-92.77238377849307, 44.86316045550959], [-92.77238557332699, 44.86315960994534], [-92.77238675820485, 44.86315905281523], [-92.77238794308272, 44.86315849441173], [-92.77238900399306, 44.86315799458644], [-92.77239064880834, 44.863157362960074], [-92.77239198909477, 44.86315684721678], [-92.77239333117778, 44.863156332110215], [-92.77239467326082, 44.86315581636691], [-92.77239601534384, 44.86315530062361], [-92.77239745444493, 44.86315474795057], [-92.77239869681499, 44.86315426913698], [-92.77240003889803, 44.863153753393654], [-92.77240207178549, 44.86315297277476], [-92.77240412084267, 44.86315228766385], [-92.77240570187756, 44.86315175982286], [-92.77240688046722, 44.863151366329774], [-92.77240825938118, 44.86315090470765], [-92.77240989251837, 44.86315035967516], [-92.77241102080237, 44.86314998337356], [-92.77241240061464, 44.86314952238811], [-92.77241408405749, 44.863148959527464], [-92.77241551687035, 44.86314848071388], [-92.77241834207193, 44.86314767207918], [-92.77241939489744, 44.863147370910546], [-92.7724208088457, 44.86314696595646], [-92.77242313727892, 44.86314629867365], [-92.7724250533854, 44.863145749820816], [-92.77242646643536, 44.863145344866766], [-92.77242788128193, 44.86314493991267], [-92.77242929523018, 44.863144534958614], [-92.77243132542273, 44.86314406123874], [-92.77243411558999, 44.86314340987389], [-92.77243536514656, 44.86314311889274], [-92.77243692911347, 44.863142754688745], [-92.77243840055391, 44.863142410223084], [-92.77244029689747, 44.86314196897591], [-92.77244175665982, 44.863141713014386], [-92.77244300980962, 44.86314149334587], [-92.7724446537266, 44.863141204911585], [-92.77244611169229, 44.863140950223475], [-92.7724476630828, 44.86314067834391], [-92.77244953337524, 44.86314035043296], [-92.77245153931325, 44.86313999960006], [-92.77245390008581, 44.86313971816972], [-92.77245510921819, 44.86313957363418], [-92.77245739992216, 44.86313930111787], [-92.77245862612253, 44.86313915467224], [-92.77246039131207, 44.863138943917804], [-92.77246177741254, 44.86313877964393], [-92.77246295779884, 44.86313863892878], [-92.77246532126634, 44.86313848547915], [-92.77246653578861, 44.86313840716255], [-92.77246836655516, 44.863138289369296], [-92.77246971762135, 44.86313820213865], [-92.77247103275491, 44.86313811681811], [-92.77247289855576, 44.8631379971147], [-92.7724744876755, 44.86313789396601], [-92.77247667597153, 44.863137743063255], [-92.77247838456721, 44.86313762399658], [-92.77248081271341, 44.86313745653914], [-92.77248228145889, 44.86313735466388], [-92.77248435387227, 44.86313721140179], [-92.77248642987888, 44.863136934428454], [-92.77248807738913, 44.86313671475992], [-92.77249021717613, 44.86313642887249], [-92.77249192577179, 44.86313620156332], [-92.77249409699984, 44.86313591185559], [-92.7724952468434, 44.863135681999545], [-92.77249762288733, 44.86313520700613], [-92.77249910600585, 44.86313491093119], [-92.77250139221826, 44.8631344544027], [-92.7725036398031, 44.86313400551483], [-92.77250511663343, 44.8631336075646], [-92.77250737050647, 44.86313299949664], [-92.77250877816651, 44.863132620648], [-92.77251060983139, 44.86313212782643], [-92.77251163121586, 44.863131852126486], [-92.77251290951851, 44.86313150766075], [-92.7725141375155, 44.86313109442924], [-92.77251536641081, 44.86313068056095], [-92.77251707320987, 44.86313010623915], [-92.77251905399507, 44.863129439592875], [-92.77252028378868, 44.86312902572461], [-92.77252164383803, 44.863128567922615], [-92.77252274157931, 44.86312819798804], [-92.77252397137293, 44.86312778539323], [-92.77252560630674, 44.86312723463003], [-92.77252765985548, 44.86312654378837], [-92.77252888785247, 44.86312612992004], [-92.77253073119543, 44.86312551039103], [-92.77253250806308, 44.86312479790086], [-92.77253414659015, 44.86312414144205], [-92.77253606179832, 44.863123373557144], [-92.77253724577787, 44.86312289920037], [-92.77253921398666, 44.8631221103037], [-92.77254080130977, 44.86312147421991], [-92.77254198528932, 44.86312099858966], [-92.77254302104684, 44.86312058408461], [-92.77254435504504, 44.86312004923937], [-92.7725455399229, 44.863119574882575], [-92.77254672390245, 44.86311909988908], [-92.77254790788199, 44.863118625532266], [-92.77254880979054, 44.86311817409741], [-92.77255001802459, 44.86311756984962], [-92.77255122715697, 44.86311696432836], [-92.77255243628933, 44.86311635944385], [-92.7725536454217, 44.863115754559274], [-92.77255546540847, 44.86311484404885], [-92.77255662962507, 44.86311426081279], [-92.77255759351738, 44.863113632369604], [-92.77255844242531, 44.86311307905938], [-92.77255951681042, 44.863112378029996], [-92.77256059299212, 44.86311167700059], [-92.77256166917383, 44.863110975971225], [-92.7725627435589, 44.86311027494182], [-92.77256366253543, 44.86310967515098], [-92.77256449078212, 44.863109136485306], [-92.77256597569729, 44.863107997392035], [-92.77256720728755, 44.86310705186189], [-92.7725684388778, 44.863106107605134], [-92.77256967046804, 44.863105162074895], [-92.7725709020583, 44.86310421718138], [-92.77257213454689, 44.86310327165116], [-92.77257336613715, 44.86310232675762], [-92.77257459503244, 44.86310138313752], [-92.77257582931766, 44.86310043569706], [-92.7725770609079, 44.86309949016673], [-92.77257829339646, 44.863098545909864], [-92.77257952498672, 44.86309760037951], [-92.77258075657699, 44.86309665548592], [-92.77258247774907, 44.86309533492699], [-92.77258319370634, 44.86309474787039], [-92.77258437678758, 44.86309377941806], [-92.77258557064859, 44.8630928026883], [-92.7725867591197, 44.86309182977891], [-92.77258794579421, 44.86309085623272], [-92.77258913516363, 44.86308988332326], [-92.77259032183814, 44.86308891041377], [-92.77259151120757, 44.863087936867586], [-92.77259269967867, 44.863086963958075], [-92.77259388635318, 44.86308599168526], [-92.7725950748243, 44.86308501877571], [-92.77259626329541, 44.86308404586615], [-92.77259745176654, 44.86308307231984], [-92.77259864113599, 44.863082099410285], [-92.77259982781047, 44.86308112650067], [-92.77260314259387, 44.86307829118215], [-92.77260645647895, 44.86307545459013], [-92.77260977036403, 44.86307261927135], [-92.7726130842491, 44.86306978331574], [-92.7726163990325, 44.86306694799672], [-92.77261971381591, 44.863064111404086], [-92.77262302680266, 44.863061276084785], [-92.77262634158608, 44.86305844012862], [-92.77262965636947, 44.86305560353558], [-92.77263297025456, 44.86305276821585], [-92.77263628324131, 44.86304993225926], [-92.77263959802472, 44.86304709693922], [-92.77264291280812, 44.86304426034566], [-92.77264622759152, 44.863041424388655], [-92.7726478840849, 44.863040006410095], [-92.77264951901873, 44.863038575060315], [-92.77265278888636, 44.8630357142709], [-92.772656058754, 44.8630328528446], [-92.7726593277233, 44.86302999078143], [-92.77266259759094, 44.86302712871817], [-92.7726658683569, 44.863024266654705], [-92.77266913822453, 44.863021405864586], [-92.77267240809216, 44.86301854380084], [-92.7726756788581, 44.86301568173696], [-92.7726789469291, 44.86301282030966], [-92.77268221769508, 44.863009958245556], [-92.77268548756268, 44.86300709618124], [-92.77268875743032, 44.8630042341168], [-92.77269202729795, 44.863001373325666], [-92.77269529626729, 44.86299851126093], [-92.77269889312167, 44.86299531173348], [-92.77270248728114, 44.862992111569106], [-92.77270608323721, 44.86298891140457], [-92.77270967829497, 44.862985712513265], [-92.77271327425106, 44.86298251234836], [-92.77271686930882, 44.862979312183285], [-92.77272046436659, 44.86297611265476], [-92.77272406032269, 44.862972913126015], [-92.77272765448213, 44.86296971359713], [-92.7727312504382, 44.86296651279461], [-92.77273484549598, 44.862963313265375], [-92.77273844055375, 44.862960113735916], [-92.77274203650984, 44.86295691420633], [-92.7727456315676, 44.86295371467656], [-92.77274742909648, 44.86295211395651], [-92.77274922752369, 44.86295051450988], [-92.77275282347976, 44.862947314343025], [-92.77275641853754, 44.86294411481268], [-92.77276001269699, 44.862940914645456], [-92.77276360865307, 44.8629377151148], [-92.77276720371084, 44.862934514947234], [-92.77277079966692, 44.862931315416226], [-92.77277439472469, 44.86292811524825], [-92.77277798978245, 44.86292491571688], [-92.77278158573853, 44.86292171618534], [-92.77278517989798, 44.862918516653565], [-92.77278877585407, 44.86291531712166], [-92.77279237091183, 44.86291211758958], [-92.7727959659696, 44.8629089174206], [-92.77279956192568, 44.86290571725142], [-92.77280176100149, 44.86290376696917], [-92.77280396097562, 44.8629018166868], [-92.77280616005145, 44.862899865131], [-92.77280836092389, 44.86289791421182], [-92.7728105599997, 44.862895963292566], [-92.7728127581772, 44.86289401300999], [-92.77281495904965, 44.8628920620906], [-92.77281715812546, 44.86289011180789], [-92.77281935809958, 44.86288816025164], [-92.7728215571754, 44.8628862099688], [-92.77282375714954, 44.862884259049146], [-92.77282595622535, 44.86288230812949], [-92.77282815530118, 44.86288035720971], [-92.7728303552753, 44.8628784069266], [-92.77283145571153, 44.86287743146665], [-92.77283255614773, 44.86287645536995], [-92.77283475432526, 44.86287450508671], [-92.7728369542994, 44.862872554166664], [-92.77283915427351, 44.862870603246556], [-92.77284135334934, 44.862868652326384], [-92.77284355332347, 44.86286670204288], [-92.77284575239928, 44.8628647517593], [-92.77284795147509, 44.862862800202244], [-92.77285015234754, 44.86286084991853], [-92.77285235232166, 44.86285889899803], [-92.77285455139747, 44.862856947440726], [-92.7728567504733, 44.862854997156816], [-92.77285895044743, 44.86285304687285], [-92.77286114952324, 44.86285109531534], [-92.77286334859906, 44.86284914503124], [-92.77286581896608, 44.862847008823785], [-92.77286828933312, 44.86284487197956], [-92.77287075880184, 44.86284273513521], [-92.77287322916888, 44.862840598927555], [-92.77287570043421, 44.862838461446316], [-92.77287816990292, 44.86283632460177], [-92.77288063937165, 44.8628341877571], [-92.772883110637, 44.862832051549134], [-92.77288557920738, 44.862829914704314], [-92.77288805047273, 44.862827777222726], [-92.77289051994146, 44.862825641651206], [-92.77289299030849, 44.862823504169405], [-92.7728954597772, 44.86282136732431], [-92.77289793014423, 44.86281923047908], [-92.77289916532776, 44.86281816269317], [-92.77290042386747, 44.862817107641746], [-92.77290294004857, 44.86281499944895], [-92.772905457128, 44.862812889982656], [-92.77290797330912, 44.86281078178971], [-92.77291049038854, 44.86280867168652], [-92.77291300746796, 44.862806562856726], [-92.77291552544571, 44.862804454026815], [-92.77291804162681, 44.86280234583356], [-92.77292055870625, 44.862800236366795], [-92.77292307488736, 44.8627981275367], [-92.77292559196678, 44.86279601870647], [-92.77292810814788, 44.862793909876174], [-92.77293062522732, 44.8627918004091], [-92.77293314230674, 44.86278969157869], [-92.77293565848787, 44.862787582748155], [-92.7729384414686, 44.86278525552119], [-92.77294122265272, 44.862782928930805], [-92.77294400204022, 44.86278060234033], [-92.77294678502095, 44.86277827447635], [-92.77294956620509, 44.862775947248956], [-92.7729523473892, 44.862773620658196], [-92.772955127675, 44.86277129343066], [-92.77295790885913, 44.862768966839724], [-92.77296069004325, 44.86276664024869], [-92.77296347122736, 44.86276431302083], [-92.77296625151318, 44.862761986429646], [-92.7729690335956, 44.8627596592016], [-92.77297181477972, 44.862757331973455], [-92.77297459596384, 44.86275500601868], [-92.7729759865559, 44.86275384208621], [-92.77297735379177, 44.86275266414572], [-92.7729800882635, 44.862750309538136], [-92.77298282273522, 44.8627479555672], [-92.77298555720695, 44.862745599686015], [-92.77298829167866, 44.86274324444141], [-92.7729910261504, 44.86274088983345], [-92.77299376152044, 44.8627385345887], [-92.77299649509384, 44.862736179980544], [-92.77299922866726, 44.862733826009034], [-92.77300196403728, 44.86273147140068], [-92.7730046976107, 44.86272911679224], [-92.77300743298072, 44.86272676154701], [-92.77301016745245, 44.86272440630164], [-92.77301290192419, 44.862722051692906], [-92.77301563639591, 44.862719697084124], [-92.7730177339621, 44.86271781938222], [-92.77301983332491, 44.862715941043504], [-92.77302193178943, 44.86271406334147], [-92.77302403025392, 44.86271218627611], [-92.77302612961677, 44.86271030857396], [-92.77302822808126, 44.86270843087174], [-92.77303061131171, 44.86270629911612], [-92.77303242590858, 44.86270467483039], [-92.77303452437307, 44.86270279712799], [-92.7730359239483, 44.86270154468963], [-92.77303660217633, 44.86270090796446], [-92.77303863865708, 44.86269899587877], [-92.77304067693446, 44.86269708379306], [-92.77304271341521, 44.86269517298066], [-92.77304475079427, 44.862693259621345], [-92.77304584943387, 44.86269222876318], [-92.77304678727504, 44.862691348808866], [-92.77304882375579, 44.86268943672286], [-92.77305086113482, 44.86268752463683], [-92.77305289761559, 44.862685612550685], [-92.77305493409634, 44.86268370173796], [-92.77305561412099, 44.86268306373913], [-92.77305692925458, 44.8626817673663], [-92.77305890375156, 44.86267982217026], [-92.77306087735025, 44.86267787697415], [-92.77306285005062, 44.8626759324147], [-92.77306482454762, 44.862673987218464], [-92.77306679814629, 44.86267204202216], [-92.77306877264328, 44.86267009682578], [-92.77307074624196, 44.86266815162935], [-92.77307272073895, 44.86266620643284], [-92.77307469523595, 44.862664261873014], [-92.77307572560359, 44.862663172435575], [-92.77307675686953, 44.862662081724636], [-92.77307778813548, 44.86266099228716], [-92.77307879604523, 44.86265992768196], [-92.77307985066739, 44.8626588134121], [-92.77308088193331, 44.862657723337826], [-92.77308191230095, 44.86265663390026], [-92.77308289775281, 44.86265559285384], [-92.77308397483283, 44.862654453751595], [-92.77308466384066, 44.86265372788432], [-92.77308595022815, 44.86265223539934], [-92.77308684944175, 44.86265119180589], [-92.77308787980938, 44.86264999476154], [-92.77308884549831, 44.862648874761], [-92.77308981118725, 44.862647756033866], [-92.77309068973959, 44.862646737272684], [-92.7730917425651, 44.8626455147592], [-92.7730927064574, 44.862644396032], [-92.77309399464153, 44.86264290291004], [-92.77309459291949, 44.86264213692888], [-92.77309548943815, 44.862640990185675], [-92.77309638775343, 44.862639842169024], [-92.77309728517041, 44.86263869351561], [-92.77309806041649, 44.862637702133426], [-92.77309908000434, 44.862636398755626], [-92.77309997831962, 44.86263524946541], [-92.77310087663491, 44.862634101448606], [-92.77310177405187, 44.862632954068545], [-92.77310267146883, 44.862631806051695], [-92.77310336586656, 44.86263084141195], [-92.7731040611626, 44.86262987740888], [-92.77310475735693, 44.862628912769054], [-92.77310545175466, 44.86262794876595], [-92.77310614615236, 44.862626983489356], [-92.7731068423467, 44.86262601884948], [-92.77310753674442, 44.86262505484633], [-92.77310823293877, 44.86262409020648], [-92.7731089282348, 44.86262312492982], [-92.77310961544599, 44.86262217111422], [-92.77311031792856, 44.862621196923406], [-92.77311101322456, 44.8626202316467], [-92.77311170762229, 44.862619267643446], [-92.77311275146465, 44.86261782100186], [-92.7731137414081, 44.86261635462167], [-92.77311440256814, 44.86261537852055], [-92.77311506282986, 44.86261440178272], [-92.77311572398993, 44.86261342568156], [-92.77311638425167, 44.86261244830696], [-92.77311704541172, 44.86261147220577], [-92.77311770567344, 44.86261049483114], [-92.77311836683349, 44.86260951745644], [-92.77311902619691, 44.86260854199198], [-92.77311968645864, 44.86260756525399], [-92.7731203476187, 44.86260658787929], [-92.77312100788042, 44.862605611778], [-92.77312166904046, 44.86260463504001], [-92.77312232930221, 44.862603657665204], [-92.77312392111689, 44.862601193534665], [-92.77312551293157, 44.86259872876724], [-92.77312710474627, 44.862596263363], [-92.77312869656095, 44.862593799232094], [-92.77313028927394, 44.86259133510109], [-92.77313188108863, 44.86258887033327], [-92.77313347290331, 44.86258640620205], [-92.77313506471799, 44.86258394143403], [-92.77313665653269, 44.86258147602912], [-92.77313824744904, 44.86257901189762], [-92.77313983926372, 44.862576547129244], [-92.7731414310784, 44.86257408299749], [-92.7731430228931, 44.86257161822894], [-92.7731446156061, 44.862569152823546], [-92.77314541061511, 44.862567920757506], [-92.77314618945448, 44.862566683597684], [-92.77314774623486, 44.862564208004414], [-92.77314930301524, 44.86256173177436], [-92.77315085979563, 44.862559255544156], [-92.77315241567771, 44.86255677931389], [-92.77315397245809, 44.8625543037202], [-92.77315552923848, 44.86255182748972], [-92.77315708601887, 44.86254935189583], [-92.77315864190095, 44.86254687566514], [-92.77316019868132, 44.862544400707755], [-92.77316175636004, 44.86254192447681], [-92.77316331314042, 44.86253944824579], [-92.7731648699208, 44.86253697265136], [-92.77316642670118, 44.86253449642014], [-92.77316798258327, 44.86253202018876], [-92.77316968399242, 44.862529230050875], [-92.77317138719819, 44.86252644054955], [-92.77317308860734, 44.862523650411404], [-92.77317479091481, 44.86252086154655], [-92.77317649232396, 44.862518070771394], [-92.7731781937331, 44.862515280632834], [-92.77317989693888, 44.862512490494105], [-92.77318159834802, 44.86250970162871], [-92.77318330065549, 44.862506911489746], [-92.77318500206464, 44.862504121350604], [-92.77318670437211, 44.86250133184811], [-92.77318840578124, 44.8624985417087], [-92.77319010898702, 44.86249575093246], [-92.77319181039617, 44.86249296142957], [-92.77319266199906, 44.862491566359644], [-92.77319351270364, 44.86249017128974], [-92.77319521411279, 44.86248738178657], [-92.77319691731857, 44.86248459164649], [-92.7731986187277, 44.862481801506306], [-92.77320032103518, 44.86247901136595], [-92.77320202244432, 44.86247622249893], [-92.77320372385348, 44.86247343235835], [-92.77320542705927, 44.8624706415809], [-92.77320712936671, 44.862467851439995], [-92.77320883077586, 44.86246506257248], [-92.77321053218502, 44.86246227243131], [-92.77321223449248, 44.862459482290056], [-92.77321393590162, 44.86245669278535], [-92.77321563910739, 44.86245390264382], [-92.77321734051655, 44.862451112502114], [-92.773217948676, 44.86245005235014], [-92.77321855593712, 44.86244899156137], [-92.77321916499488, 44.86244793077263], [-92.77321977315434, 44.86244686998383], [-92.7732203822121, 44.86244580919504], [-92.77322098947322, 44.86244474904293], [-92.77322159763268, 44.86244368825406], [-92.77322220579212, 44.86244262746522], [-92.7732228148499, 44.86244156667632], [-92.77322342211102, 44.862440505250696], [-92.77322403027046, 44.86243944573523], [-92.77322463932823, 44.86243838494631], [-92.77322524748769, 44.86243732352063], [-92.77322600746241, 44.862435997852764], [-92.77322646290826, 44.86243520194265], [-92.77322707196602, 44.86243414115361], [-92.77322768012547, 44.86243308036459], [-92.77322828918324, 44.8624320195755], [-92.77322889644435, 44.86243095942314], [-92.77322950460382, 44.86242989863407], [-92.77323011276326, 44.862428837844924], [-92.77323072182104, 44.86242777705581], [-92.77323132998046, 44.86242671562994], [-92.7732319372416, 44.862425654840735], [-92.77323254629937, 44.86242459532499], [-92.77323315445881, 44.86242353389906], [-92.77323376171994, 44.86242247310985], [-92.77323436987939, 44.86242141232057], [-92.77323497893715, 44.862420352168016], [-92.77323568860623, 44.86241899084298], [-92.77323639737699, 44.862417630154674], [-92.77323710704606, 44.86241626946626], [-92.77323781761345, 44.862414908777886], [-92.77323852638422, 44.862413547452675], [-92.77323923605329, 44.86241218676423], [-92.77323994662068, 44.86241082543901], [-92.77324058801779, 44.86240959336957], [-92.77324136506051, 44.86240810278842], [-92.77324207472958, 44.86240674273658], [-92.77324278350035, 44.862405382047925], [-92.77324349406773, 44.86240402072254], [-92.7732442037368, 44.86240266003382], [-92.77324526824042, 44.86240061868238], [-92.77324611804669, 44.86239881419385], [-92.77324688790289, 44.862397177164844], [-92.77324753648652, 44.86239580183119], [-92.77324818327351, 44.86239442586082], [-92.77324883185716, 44.86239304861698], [-92.77324947954247, 44.8623916720098], [-92.77325012722778, 44.86239029603933], [-92.7732507758114, 44.86238891879539], [-92.77325142439506, 44.862387542824806], [-92.77325207118206, 44.86238616685423], [-92.77325271976571, 44.86238478961019], [-92.77325336834934, 44.862383413639556], [-92.77325401603464, 44.86238203703214], [-92.77325466371997, 44.86238066106144], [-92.77325605970192, 44.86237745385886], [-92.77325745478558, 44.86237424665616], [-92.7732588507675, 44.86237103945323], [-92.77326024674946, 44.862367832250165], [-92.7732616418331, 44.86236462504688], [-92.77326303781504, 44.86236141784346], [-92.77326443379701, 44.86235821127656], [-92.77326582888064, 44.862355003435994], [-92.7732672248626, 44.86235179623203], [-92.77326862084455, 44.86234858966459], [-92.77327001592819, 44.86234538182354], [-92.77327141191013, 44.86234217525575], [-92.77327280789207, 44.862338967414296], [-92.77327420297573, 44.86233576084618], [-92.77327496205213, 44.862334016844876], [-92.77327556931327, 44.862332546637056], [-92.77327690241314, 44.86232932606055], [-92.77327823461471, 44.862326106757244], [-92.7732795677146, 44.862322884906895], [-92.77328090081448, 44.86231966496654], [-92.77328223301605, 44.86231644375252], [-92.77328356611592, 44.862313223175114], [-92.77328489921581, 44.862310003234164], [-92.77328623141737, 44.86230678138291], [-92.77328756451725, 44.86230356080492], [-92.77328889761714, 44.86230034022674], [-92.7732902289204, 44.862297119648424], [-92.77329156291857, 44.86229389906989], [-92.77329289422183, 44.86229067912791], [-92.77329434410271, 44.862287177751185], [-92.77329477439572, 44.86228604882937], [-92.77329520648537, 44.86228491990752], [-92.77329552987888, 44.86228407369367], [-92.77329585327239, 44.86228322747981], [-92.77329628356541, 44.86228209792117], [-92.77329671385841, 44.86228096963594], [-92.77329703725192, 44.862280124058756], [-92.77329736064543, 44.8622792772081], [-92.7732977927351, 44.86227814828612], [-92.77329822302809, 44.86227701936412], [-92.77329865421943, 44.8622758904421], [-92.77329908541077, 44.86227476215675], [-92.77329951660211, 44.862273633234686], [-92.77329994689512, 44.862272504949345], [-92.77330037898479, 44.86227137602723], [-92.77330228880308, 44.86226604405069], [-92.77330409621344, 44.86226099605528], [-92.77330590452209, 44.86225594742272], [-92.77330771372908, 44.862250898789675], [-92.77330952203776, 44.862245850792974], [-92.77331133124473, 44.86224080215904], [-92.7733131395534, 44.862235752887976], [-92.77331494696374, 44.86223070552664], [-92.77331675617073, 44.862225656891376], [-92.77331856447941, 44.862220608255726], [-92.77332037278806, 44.862215560256324], [-92.77332218199506, 44.862210511619736], [-92.77332398940538, 44.86220546298275], [-92.77332579771407, 44.86220041498202], [-92.77332670141924, 44.86219789034477], [-92.77332760692106, 44.86219536634415], [-92.77332941522971, 44.862190317705796], [-92.7733312244367, 44.862185269067], [-92.77333303184703, 44.862180221064534], [-92.77333484015571, 44.86217517306159], [-92.7733366484644, 44.86217012442146], [-92.77333845767136, 44.86216507578093], [-92.77334026508171, 44.86216002777667], [-92.77334207339037, 44.86215497913525], [-92.77334388259736, 44.86214993049335], [-92.77334569090604, 44.862144882487755], [-92.773347500113, 44.862139833208275], [-92.77334930752338, 44.86213478520179], [-92.77335111583201, 44.86212973719485], [-92.7733529241407, 44.862124688550786], [-92.7733539113892, 44.862121754491824], [-92.77335489773937, 44.862118820432705], [-92.77335588408955, 44.86211588701018], [-92.77335687043974, 44.86211295231402], [-92.77335785768824, 44.86211001761771], [-92.77335884403843, 44.86210708292125], [-92.77335927073818, 44.862105814551654], [-92.7733598303886, 44.86210415013487], [-92.77336081673877, 44.86210121543811], [-92.77336180219065, 44.86209828201464], [-92.77336246065576, 44.86209632533775], [-92.77336275350653, 44.86209534222374], [-92.77336363205887, 44.862092390971505], [-92.7733645088146, 44.86208943971917], [-92.77336532897645, 44.86208668585351], [-92.77336626502097, 44.862083535940464], [-92.77336714357334, 44.86208058341419], [-92.77336802212568, 44.86207763343464], [-92.77336889977971, 44.86207468090806], [-92.77336977653543, 44.862071729654765], [-92.77337065508777, 44.86206877840133], [-92.77337094793856, 44.862067794013406], [-92.77337145997826, 44.86206581568655], [-92.77337222893615, 44.862062849787954], [-92.77337299879235, 44.86205988261576], [-92.77337376685192, 44.862056915443425], [-92.77337453580981, 44.86205394890763], [-92.77337530386937, 44.86205098237173], [-92.77337607372557, 44.862048015198916], [-92.77337684268345, 44.86204504802593], [-92.77337761164132, 44.86204208085282], [-92.7733783797009, 44.86203911495304], [-92.77337911003121, 44.86203592938033], [-92.77337983946323, 44.86203274444424], [-92.77338056889523, 44.86202955950793], [-92.77338129832727, 44.86202637393474], [-92.7733820286576, 44.86202318899807], [-92.77338275719129, 44.862020003424526], [-92.77338348752161, 44.86201681848751], [-92.77338421695363, 44.86201363355036], [-92.77338494638563, 44.86201044797629], [-92.77338567581765, 44.86200726303874], [-92.77338640435134, 44.862004078101016], [-92.77338713468166, 44.86200089252642], [-92.77338786501198, 44.86199770822508], [-92.77338859354568, 44.86199452265013], [-92.77338895915999, 44.861992929544186], [-92.77338928974002, 44.861991333254586], [-92.77338995000177, 44.8619881406752], [-92.77339061026349, 44.86198494745893], [-92.77339127142353, 44.86198175487919], [-92.77339193168528, 44.86197856229927], [-92.77339259284533, 44.86197536971916], [-92.77339325310706, 44.86197217713889], [-92.77339391516543, 44.861968983284996], [-92.77339457542715, 44.86196579070437], [-92.77339523568891, 44.8619625987603], [-92.77339589684895, 44.86195940554262], [-92.77339655711069, 44.86195621296146], [-92.77339721827073, 44.861953021016866], [-92.77339787853246, 44.86194982716186], [-92.7733985387942, 44.861946634580164]]}, "properties": {"OBJECTID": 17, "COLOR": 140, "LAYER": "RVRLIN", "LINETYPE": "Continuous", "LINEWEIGHT": 0, "SUBTYPE": 6, "Direction": null, "Distance": null, "Delta": null, "Radius": null, "Tangent": null, "ArcLength": null, "Side": null, "EDITOR_NAME": null, "EDIT_DATE": null, "created_user": null, "created_date": null, "last_edited_user": "TASIEBE", "last_edited_date": 1484147222000, "Shape_Length": 11078.382505054155}}, {"type": "Feature", "id": 19, "geometry": {"type": "LineString", "coordinates": [[-92.77881756735515, 44.90188108265176], [-92.77885096761574, 44.901755636973085], [-92.77885253607421, 44.90174974299003], [-92.77886856740878, 44.9016011600786], [-92.7789102986453, 44.90135101551186], [-92.77893518197868, 44.90092750893719], [-92.77893778260143, 44.900910783094126], [-92.77894576682766, 44.90085942964784], [-92.77896995217007, 44.900703881353444], [-92.77897787980243, 44.9006713897167], [-92.77898292204613, 44.90065334919248], [-92.77898840626094, 44.90063537420204], [-92.77899433065025, 44.90061746983591], [-92.7790006934174, 44.90059964182093], [-92.7790074936641, 44.90058189588387], [-92.77901472869539, 44.90056423647902], [-92.77902239671467, 44.90054666933314], [-92.77903049502694, 44.90052920080942], [-92.77903901914067, 44.90051183472583], [-92.7790438269241, 44.900502564370754], [-92.77904797085247, 44.90049457680918], [-92.77905734297585, 44.90047743342269], [-92.7790653388802, 44.90046353265348], [-92.77906713551076, 44.90046040838422], [-92.77907734486395, 44.90044350742066], [-92.77908796654388, 44.900426735622666], [-92.77909899875388, 44.90041009744444], [-92.77911043879902, 44.90039359924915], [-92.77912228128942, 44.90037724549118], [-92.779164756331, 44.90025430295511], [-92.77917121791283, 44.9002265458472], [-92.77917699587674, 44.900198712368685], [-92.77918209022273, 44.90017081142772], [-92.77918824188579, 44.90013037896459], [-92.77920839289423, 44.8999995099926], [-92.77921341896825, 44.899972528426986], [-92.77922363910125, 44.89991767314642], [-92.77922827620473, 44.89989572987415], [-92.7792334513991, 44.89987384767965], [-92.7792622513871, 44.899762633901474], [-92.77930828824879, 44.899652389018044], [-92.77930857570968, 44.89965030635461], [-92.77930882903456, 44.899648798921085], [-92.77930911919042, 44.89964729594178], [-92.77930944527886, 44.89964579550764], [-92.77930980819824, 44.899644300164034], [-92.77931020794853, 44.899642809274575], [-92.77931064452977, 44.89964132411199], [-92.77931111794193, 44.899639844039825], [-92.77931162728669, 44.89963837033081], [-92.77931217166575, 44.89963690298494], [-92.77931275287574, 44.89963544200221], [-92.77931337091667, 44.899633989291544], [-92.77931402309355, 44.89963254421664], [-92.77931471120307, 44.8996311074138], [-92.77931543434686, 44.89962968015566], [-92.77931619342328, 44.89962826116964], [-92.77931698573737, 44.8996268517283], [-92.77931781308574, 44.899625453104356], [-92.77938927676153, 44.89951102353139], [-92.77944771666235, 44.89942225011435], [-92.77947670170329, 44.89938057121154], [-92.77949744559983, 44.89935228744546], [-92.77951888030084, 44.89932426582928], [-92.7795410013147, 44.8992965127266], [-92.77956379876, 44.899269038955296], [-92.77958726904342, 44.89924185151523], [-92.77961140228352, 44.8992149599517], [-92.77963495431365, 44.899188716150825], [-92.77965785776013, 44.899162184720545], [-92.77968010633477, 44.89913537329632], [-92.77970169374935, 44.899108288877315], [-92.77972261191907, 44.899080941007924], [-92.77974285545399, 44.89905333796004], [-92.7797728717609, 44.89901009152513], [-92.77977492710626, 44.89900695635939], [-92.77977690339989, 44.89900379637683], [-92.77977880423504, 44.899000612850145], [-92.77978062512013, 44.8989974057793], [-92.77978236785177, 44.89899417707328], [-92.77978403063337, 44.898990926095706], [-92.77978561346488, 44.89898765666462], [-92.77978711544804, 44.89898436687094], [-92.77978853658283, 44.89898105926003], [-92.7797898750726, 44.89897773383189], [-92.7797911336123, 44.89897439376807], [-92.77979231040533, 44.89897103779596], [-92.7797934018584, 44.89896766782457], [-92.77979441336142, 44.89896428449015], [-92.7797956647146, 44.89895961768999], [-92.7798017247495, 44.89893417363224], [-92.77980716045529, 44.898908658931205], [-92.77981196644207, 44.89888307995003], [-92.77981458862438, 44.89886699556421], [-92.77981614450646, 44.89885744623349], [-92.77982155775435, 44.898815988362585], [-92.77982855293547, 44.89879643470973], [-92.77983518429889, 44.8987764655293], [-92.77984132248723, 44.89875641552847], [-92.77984696750048, 44.89873629361581], [-92.77985499574416, 44.89870384731905], [-92.77985929957269, 44.89868378774801], [-92.77986311022613, 44.89866367853646], [-92.77986642680617, 44.898643525411295], [-92.77986924841447, 44.89862333282669], [-92.77987279496321, 44.898590213867415], [-92.77987611962807, 44.89854563461211], [-92.77987835014493, 44.89850102159676], [-92.77987948292049, 44.89845638691165], [-92.77987952064973, 44.89841174519223], [-92.77987779408777, 44.89835064220022], [-92.77987669454986, 44.898331471460345], [-92.77987512519306, 44.898312317258686], [-92.77987308422074, 44.89829318532225], [-92.77987057522616, 44.898274081378034], [-92.77986759551433, 44.89825501051672], [-92.77986414957691, 44.898235981646984], [-92.77986023741384, 44.89821699731426], [-92.77985495711661, 44.898194405606475], [-92.77984566314669, 44.89815821673034], [-92.77983580323813, 44.89812210482777], [-92.7798286840895, 44.89809573135237], [-92.77982212818455, 44.89806928532281], [-92.77980374236563, 44.89798490738982], [-92.77979330304372, 44.89792889971848], [-92.77978375485057, 44.897877683602836], [-92.7797655486947, 44.89779467414936], [-92.77976435752863, 44.89778995698365], [-92.77976305137821, 44.89778525508967], [-92.77976162844679, 44.89778057101271], [-92.77976009232765, 44.89777590602552], [-92.77975687905389, 44.89776714748077], [-92.77974951915678, 44.8977470640385], [-92.77974606872777, 44.89773656001547], [-92.77974287791189, 44.89772601653764], [-92.7797417514245, 44.89772190770516], [-92.77974091958455, 44.89771852429744], [-92.77974016949129, 44.89771513070808], [-92.77973950383966, 44.897711728209835], [-92.77973892262968, 44.89770831934799], [-92.77973842406469, 44.89770490348625], [-92.77973800994134, 44.89770148062456], [-92.77973767846302, 44.89769805394464], [-92.77973758863148, 44.897696776177995], [-92.77973743322293, 44.8976946247192], [-92.77973727062788, 44.89769119167551], [-92.77973719337274, 44.89768775799528], [-92.77973720055927, 44.89768432240579], [-92.77973729128911, 44.89768088936149], [-92.77973746735891, 44.89767745695328], [-92.77973772697203, 44.89767402645391], [-92.7797380710268, 44.89767060104505], [-92.77973849952318, 44.897667179454025], [-92.7797390115629, 44.897663764226145], [-92.77973960714593, 44.89766035599781], [-92.77974028537395, 44.89765695540532], [-92.77974104894196, 44.89765356435772], [-92.77974189425665, 44.897650182218676], [-92.77974411309539, 44.89764222862308], [-92.7797460292019, 44.89763601095833], [-92.77974809892031, 44.897629818110154], [-92.77975031865738, 44.897623651351125], [-92.77975269020973, 44.897617512590394], [-92.77975521178074, 44.89761140564597], [-92.77975788247207, 44.89760533051781], [-92.77976070228374, 44.897599289114986], [-92.77976367121576, 44.89759328334651], [-92.77976678567485, 44.89758731575779], [-92.77977004655934, 44.897581387621436], [-92.77977345297089, 44.89757550084656], [-92.77977700311288, 44.89756965670585], [-92.77978069608702, 44.89756385901729], [-92.77978453099497, 44.897558106508264], [-92.77978708400701, 44.89755444373779], [-92.77978850693842, 44.89755240299678], [-92.77979219452266, 44.8975473695504], [-92.77979511674228, 44.89754357060263], [-92.77979813059005, 44.89753980856226], [-92.77980123786261, 44.89753608470201], [-92.77980443496672, 44.89753240029466], [-92.77980772280065, 44.897528755340076], [-92.77981109956782, 44.89752515238376], [-92.77981456347153, 44.897521591425594], [-92.77981811541018, 44.8975180743747], [-92.77982175358707, 44.89751460250369], [-92.779825474409, 44.89751117453997], [-92.77982927967253, 44.897507793665206], [-92.7798331684794, 44.89750446178845], [-92.77983713723633, 44.89750117763702], [-92.77984118684162, 44.89749794375622], [-92.77984531460034, 44.89749476014617], [-92.77984952051251, 44.897491628079464], [-92.77985380098484, 44.89748854946519], [-92.7798581596106, 44.89748552366703], [-92.77986258920326, 44.89748255259396], [-92.77986709155947, 44.897479636882345], [-92.77987166488258, 44.89747677780484], [-92.77987716167381, 44.89747334093009], [-92.77988257402339, 44.897469837239385], [-92.77988789833809, 44.897466266096416], [-92.77989313551619, 44.89746263004643], [-92.77989828196445, 44.8974589284531], [-92.77990333678456, 44.897455165134545], [-92.77990829728155, 44.897451338817994], [-92.77991316435377, 44.89744745204883], [-92.77991793440793, 44.89744350419065], [-92.77992260834235, 44.89743949906154], [-92.77992718166547, 44.89743543666151], [-92.77993165437725, 44.89743131762683], [-92.77993602557943, 44.897427143866516], [-92.77994029527197, 44.89742291601689], [-92.77994445896331, 44.897418636623364], [-92.77994851665346, 44.897414305685906], [-92.77995246834239, 44.897409925113486], [-92.77995631043686, 44.897405496815125], [-92.7799600447335, 44.897401020790845], [-92.77996483634722, 44.89739500227484], [-92.77998833088516, 44.89736403471557], [-92.78001106185512, 44.89733278142211], [-92.78003302296887, 44.89730125003002], [-92.78005420524327, 44.89726945199303], [-92.78007700718013, 44.89723351834471], [-92.78008916947074, 44.897213362809225], [-92.78010083499304, 44.89719306027134], [-92.78011200195031, 44.897172615821624], [-92.78011687710737, 44.897163206205164], [-92.78012266405445, 44.897152034550636], [-92.78013281950872, 44.89713132600347], [-92.78014697516097, 44.8971003112127], [-92.78016304332645, 44.897062314428204], [-92.78017817634573, 44.89702412353317], [-92.78019236793058, 44.89698575125427], [-92.78020561538608, 44.89694720840891], [-92.78021823132593, 44.89690747111495], [-92.78023271935484, 44.89686232738773], [-92.78024488973031, 44.89682762481762], [-92.78025791081035, 44.89679307813179], [-92.78027177720507, 44.89675869878487], [-92.78028648711785, 44.896724495685994], [-92.78028931321775, 44.896718321830065], [-92.78030113235192, 44.89669249242566], [-92.78031594018107, 44.89666199729572], [-92.78033149361191, 44.896631690509125], [-92.78034778815284, 44.896601581611456], [-92.78035998008787, 44.89657905354041], [-92.78037161686406, 44.89655637719081], [-92.78038269578646, 44.89653355956239], [-92.78039962902957, 44.896495855124954], [-92.78039998925401, 44.89649505459501], [-92.78040188919084, 44.896490453775], [-92.78040367683823, 44.89648583068234], [-92.78040535039962, 44.89648118531696], [-92.78040690987494, 44.89647652086071], [-92.7804083534676, 44.8964718373135], [-92.78040968387255, 44.89646713658441], [-92.7804108974965, 44.89646241930979], [-92.78041199523778, 44.89645768867142], [-92.78041297619806, 44.89645294530564], [-92.78041384127567, 44.89644818921241], [-92.7804145895723, 44.89644342420985], [-92.780415451955, 44.89643663051699], [-92.78041744172334, 44.896421122618186], [-92.78041905060601, 44.89641105552693], [-92.78042090652538, 44.89640100943356], [-92.78042300768485, 44.896390987519815], [-92.780425355881, 44.89638099360382], [-92.78042794931721, 44.89637103023102], [-92.78043078529856, 44.89636110058324], [-92.78043386562167, 44.89635120847854], [-92.78043702858979, 44.89634202654205], [-92.78043925461506, 44.896336129458625], [-92.78044162706574, 44.89633026164686], [-92.78044414324684, 44.896324423743124], [-92.78044680136176, 44.89631861829274], [-92.78044960141052, 44.89631284656855], [-92.78045254339307, 44.896307110479555], [-92.7804556255128, 44.89630141129849], [-92.78045884687141, 44.89629575157078], [-92.78046220657058, 44.89629013256913], [-92.78046570461028, 44.89628455620263], [-92.78046933919393, 44.89627902310761], [-92.78047310852487, 44.89627353773864], [-92.78047701170476, 44.89626809818659], [-92.78048104783535, 44.89626270890598], [-92.78048521511994, 44.896257370533185], [-92.78048951445692, 44.8962520843409], [-92.78049394225293, 44.896246852874604], [-92.78049849850805, 44.89624167613427], [-92.78050986578965, 44.89622937095385], [-92.7805175616567, 44.89622142925247], [-92.7805254497632, 44.896213583639536], [-92.78053353190582, 44.89620583666048], [-92.7805417999997, 44.896198192133504], [-92.78055025584146, 44.89619065133127], [-92.78055889583787, 44.8961832155266], [-92.78056771729396, 44.896175887901265], [-92.78057671661648, 44.896168672273475], [-92.78058589200879, 44.89616156927961], [-92.78059523987763, 44.89615458019245], [-92.7806047593247, 44.896147708193745], [-92.7806144449601, 44.896140955829026], [-92.78062429498719, 44.89613432437102], [-92.7806343058127, 44.896127816365144], [-92.78064627855882, 44.89612036846159], [-92.78065435171825, 44.89611556588691], [-92.78066253896378, 44.89611086321965], [-92.78067084209195, 44.89610626427796], [-92.78067179520446, 44.896105755193496], [-92.78067925661121, 44.89610176715283], [-92.78068778072495, 44.896097376298684], [-92.78069641083988, 44.89609309171567], [-92.78070514426108, 44.8960889153128], [-92.78071397919189, 44.896084846453775], [-92.7807229138357, 44.89608088895673], [-92.78073194280263, 44.896077042821695], [-92.78074106609265, 44.89607330932141], [-92.78075027831588, 44.89606968972859], [-92.78075957857402, 44.896066184043306], [-92.78076896417211, 44.89606279417458], [-92.78077843061857, 44.89605952266791], [-92.78078797611678, 44.89605636761426], [-92.78079759797178, 44.89605333283169], [-92.78080729259034, 44.89605041704761], [-92.78081705727747, 44.8960476215347], [-92.78082688933827, 44.89604494883845], [-92.78083678607776, 44.89604239768607], [-92.78084674390269, 44.89603996935037], [-92.78085675921977, 44.89603766510408], [-92.78086682933412, 44.896035485583525], [-92.78087695244905, 44.89603343206145], [-92.7808871231747, 44.89603150326519], [-92.7809057371657, 44.89602797403237], [-92.7809242631218, 44.896024215711], [-92.78094269385649, 44.89602022639195], [-92.78096102308155, 44.89601600989335], [-92.7809792463054, 44.896011566851435], [-92.78099735813817, 44.896006897266204], [-92.78101535318993, 44.896002004955754], [-92.78103322337589, 44.895996889283616], [-92.78105096689937, 44.89599155343157], [-92.78106857567556, 44.89598599803591], [-92.78108604611123, 44.8959802250056], [-92.78110337191809, 44.895974235613295], [-92.78112054770632, 44.89596803304077], [-92.78113756808602, 44.89596161792424], [-92.7811544294639, 44.895954992809145], [-92.78117112555178, 44.89594815960437], [-92.7811876491631, 44.89594111958268], [-92.7812040002979, 44.89593387656206], [-92.7812201690747, 44.89592643181517], [-92.78124006675824, 44.89591687181439], [-92.78129474361634, 44.89588947533666], [-92.78134873955143, 44.89586140494241], [-92.78140203749555, 44.89583267017604], [-92.78146276630369, 44.89579862943423], [-92.78148011097521, 44.89578852596158], [-92.78149720501675, 44.89577820739769], [-92.78151404303844, 44.895767679469735], [-92.78153061875206, 44.89575694345031], [-92.78154692946268, 44.895746005066506], [-92.78156296888207, 44.895734864318285], [-92.78158156221183, 44.89572144985415], [-92.7815900530879, 44.89571508561891], [-92.78159838675879, 44.89570861701996], [-92.78160655963123, 44.895702046602615], [-92.78161457080694, 44.89569537627603], [-92.78162241669264, 44.895688606040096], [-92.78163009459335, 44.89568173971299], [-92.78163784256269, 44.895674550113974], [-92.78164494015174, 44.895667727694], [-92.78165210152119, 44.895660585820266], [-92.78165908771916, 44.895653355491554], [-92.78166589425408, 44.89564603988958], [-92.78167252202424, 44.89563864219611], [-92.78167896563977, 44.895631162411135], [-92.78168522510066, 44.895623603716466], [-92.78169554225171, 44.895610438043555], [-92.78171145590696, 44.89558895194408], [-92.78172683865789, 44.89556727110985], [-92.78174168601291, 44.895545403813514], [-92.78175599527707, 44.895523354509265], [-92.78176976016218, 44.895501132106034], [-92.78179323403886, 44.895460570995716], [-92.78181006307739, 44.895402049139406], [-92.7818262147862, 44.895343430496226], [-92.78182803926452, 44.89533632740042], [-92.7818296885714, 44.89532920203101], [-92.78183240238187, 44.89531525101713], [-92.78185046390898, 44.895206075609806], [-92.78186732259189, 44.89510417812139], [-92.7819002934578, 44.89489294726778], [-92.78191169936696, 44.89481111779], [-92.78192115054205, 44.89472916410346], [-92.78192461175084, 44.89469243531275], [-92.78192740820631, 44.89465567722553], [-92.78193063315818, 44.89461248348384], [-92.78193452735493, 44.89456931771011], [-92.78193492890188, 44.894565668113124], [-92.78193542028033, 44.89456202487965], [-92.78193600149034, 44.8945583873733], [-92.78193667163353, 44.89455475941228], [-92.78193743250658, 44.89455113972389], [-92.78193876740309, 44.8945456134622], [-92.78194236605411, 44.894532469179204], [-92.78194552273403, 44.89452093937191], [-92.78195672023402, 44.89448430717697]]}, "properties": {"OBJECTID": 19, "COLOR": 0, "LAYER": "OLDSHLIN", "LINETYPE": "DASHED2", "LINEWEIGHT": 0, "SUBTYPE": 4, "Direction": null, "Distance": null, "Delta": null, "Radius": null, "Tangent": null, "ArcLength": null, "Side": null, "EDITOR_NAME": null, "EDIT_DATE": null, "created_user": null, "created_date": null, "last_edited_user": "TASIEBE", "last_edited_date": 1484146930000, "Shape_Length": 1276.2243407211142}}, {"type": "Feature", "id": 20, "geometry": {"type": "LineString", "coordinates": [[-92.78098852500398, 44.898246016602144], [-92.78103041164903, 44.89825037229393], [-92.78107891169122, 44.89825995863268], [-92.7811189415186, 44.8982742379156], [-92.7811566096751, 44.898295255944575], [-92.78119625771848, 44.898330606686564], [-92.7812142428888, 44.898357414031715], [-92.78122928787315, 44.89839214558611], [-92.78122871834127, 44.89842395127453], [-92.78120502258069, 44.89846628629018], [-92.78118663586348, 44.8985245753133], [-92.78118708142784, 44.89856162109325], [-92.7812202319568, 44.89861673792566], [-92.78126069836539, 44.8986691954938], [-92.78129611714041, 44.89872200744806], [-92.78131117020962, 44.89875634107832], [-92.78130414268914, 44.89877377577904], [-92.78130272514764, 44.89877822433446], [-92.78129643783896, 44.898797962527986], [-92.78129868722044, 44.89882860097105], [-92.78127235310787, 44.89889318160635], [-92.78125552496766, 44.89895824513906], [-92.78128736844785, 44.89899233428002], [-92.78129282840814, 44.89903095593123], [-92.78129300896953, 44.89908344684658], [-92.78129091769154, 44.89913790649445], [-92.7812791785074, 44.89916842130991], [-92.78124998865057, 44.89920514024224], [-92.78122836799832, 44.89925663961088], [-92.78117012123528, 44.89932252103986], [-92.78114465938687, 44.89940102569363], [-92.78110842404325, 44.89945597436967], [-92.78107094992286, 44.89951806757027], [-92.78105372472729, 44.8995425645291], [-92.78104160016589, 44.899563531825386], [-92.7810357287772, 44.8995789866987], [-92.78102120301905, 44.8995966699499], [-92.78101517262854, 44.899608877053275], [-92.78100262316404, 44.899634279451874], [-92.78097433341911, 44.89965191814394], [-92.78094101580355, 44.89966911268192], [-92.78086574237263, 44.89968593115201], [-92.78074677129302, 44.89970593055973], [-92.78058118932827, 44.899704433945026], [-92.78036356616249, 44.899703340754506], [-92.78017830480482, 44.89970078849187], [-92.78009450097197, 44.89969406581488], [-92.78001093339601, 44.89967422230047], [-92.7799643063412, 44.899653521024824], [-92.77995221322085, 44.89963597650809], [-92.77994042103612, 44.899618867862976], [-92.77993292908664, 44.89958738417564], [-92.77992007419493, 44.89956786196467], [-92.77989252286515, 44.89957532851121], [-92.77986473527848, 44.89959615389683], [-92.77982705454556, 44.899607024734976], [-92.77980416726878, 44.89960411422161], [-92.77980076804373, 44.89957537305341], [-92.77979051287645, 44.89954816094182], [-92.77978103295524, 44.899521352242836], [-92.77977706150338, 44.89949308254501], [-92.77979153515923, 44.89946617328204], [-92.77981121365384, 44.899429367977106], [-92.77983477736207, 44.89939458868896], [-92.77986115908534, 44.899358639824335], [-92.77988139273879, 44.89932223851379], [-92.77990782297107, 44.899283508247386], [-92.7799583523075, 44.899211194202735], [-92.77997596827022, 44.89916482736484], [-92.77998898216374, 44.89912557775354], [-92.78001742372395, 44.89906817446472], [-92.78006844533714, 44.89896842695901], [-92.78010256784322, 44.898906305802846], [-92.78012164446658, 44.89884086423411], [-92.78013283567839, 44.898808053381714], [-92.78013935654904, 44.89878893242776], [-92.7801478941375, 44.89874963992604], [-92.78015234439142, 44.8987198573003], [-92.78016058104426, 44.89869726388108], [-92.7802021658554, 44.89865588925355], [-92.78021503242519, 44.89862459021033], [-92.78021066661292, 44.898586517437295], [-92.7802101949974, 44.89858239593977], [-92.78019450592096, 44.8985524280558], [-92.78017585150577, 44.89853197772612], [-92.7801560337723, 44.89851390598679], [-92.78015372869528, 44.89848644520444], [-92.78016215579096, 44.898453118086465], [-92.78017438096366, 44.89842658631676], [-92.78020529019595, 44.89841891281381], [-92.78026539467497, 44.89840554033732], [-92.78030431957455, 44.89838759964233], [-92.78033601483273, 44.898367209069065], [-92.78034740816548, 44.898355777389206], [-92.78034583880867, 44.898349800970934], [-92.78033080550239, 44.898345688365076], [-92.78030510829537, 44.89834346566148], [-92.78027496712264, 44.89833961458714], [-92.78026612859858, 44.898333173009306], [-92.7802534057592, 44.89832510433231], [-92.78021192425433, 44.89832950074332], [-92.78015977525544, 44.89833618730895], [-92.78014049022293, 44.89832583356769], [-92.78013332885348, 44.8982633369179], [-92.78013129955926, 44.89822037178399], [-92.78014448592931, 44.89820259456863], [-92.78017254480721, 44.89816666277609], [-92.78018288711108, 44.89812022955352], [-92.78018790330363, 44.898090054620255], [-92.78021003509728, 44.898072759069315], [-92.78027317588196, 44.89804589177603], [-92.78029145210643, 44.89803848802794], [-92.78032502664017, 44.89802488765527], [-92.78037872074133, 44.898025770887365], [-92.78042789631662, 44.89802899710243], [-92.78047327920477, 44.89802543044851], [-92.78050519634682, 44.89802373143573], [-92.78052879329269, 44.89801837795442], [-92.7805340888613, 44.89800371235286], [-92.78052101837392, 44.8979837129894], [-92.78050784997016, 44.89796927773229], [-92.78051921096356, 44.8979598377021], [-92.78054828224279, 44.897960895927326], [-92.78064576831574, 44.897953425353165], [-92.78074854456739, 44.89796270502789], [-92.7808276142787, 44.897983700899026], [-92.78085717603807, 44.897988741306875], [-92.78088978667952, 44.89797988925336], [-92.78091683405441, 44.897969000290225], [-92.78094091698887, 44.89796762644296], [-92.780955841599, 44.89797770344305], [-92.78094649462845, 44.89799988734549], [-92.78094259773674, 44.89803007314375], [-92.78093655476984, 44.89805507025878], [-92.78091774045453, 44.89807478388352], [-92.78092961169101, 44.89809914973627], [-92.78092804502916, 44.89812418627387], [-92.7809109914118, 44.898139142012575], [-92.78089888751167, 44.89815891606016], [-92.78091964218798, 44.89818733722481], [-92.78095144704062, 44.89822341472446], [-92.78098852500398, 44.898246016602144]]}, "properties": {"OBJECTID": 20, "COLOR": 140, "LAYER": "WTRLIN", "LINETYPE": "Continuous", "LINEWEIGHT": 0, "SUBTYPE": 8, "Direction": null, "Distance": null, "Delta": null, "Radius": null, "Tangent": null, "ArcLength": null, "Side": null, "EDITOR_NAME": null, "EDIT_DATE": null, "created_user": null, "created_date": null, "last_edited_user": "TASIEBE", "last_edited_date": 1484145654000, "Shape_Length": 829.0689103676656}}]}